
===========================================================================
report_checks -unconstrained
===========================================================================
======================= min_ss_100C_1v60 Corner ===================================

Startpoint: rst_n (input port clocked by clk)
Endpoint: _6430_ (recovery check against rising-edge clock clk)
Path Group: asynchronous
Path Type: max

Fanout         Cap        Slew       Delay        Time   Description
---------------------------------------------------------------------------------------------
                                  0.000000    0.000000   clock clk (rise edge)
                                  0.000000    0.000000   clock network delay (propagated)
                                 20.000000   20.000000 ^ input external delay
     1    0.007350    0.063071    0.039243   20.039244 ^ rst_n (in)
                                                         rst_n (net)
                      0.063071    0.000000   20.039244 ^ input1/A (sky130_fd_sc_hd__clkdlybuf4s25_1)
     1    0.005024    0.105225    0.484024   20.523268 ^ input1/X (sky130_fd_sc_hd__clkdlybuf4s25_1)
                                                         net1 (net)
                      0.105225    0.000076   20.523344 ^ fanout848/A (sky130_fd_sc_hd__clkdlybuf4s25_1)
    12    0.141404    2.218331    2.006807   22.530151 ^ fanout848/X (sky130_fd_sc_hd__clkdlybuf4s25_1)
                                                         net848 (net)
                      2.218331    0.001052   22.531202 ^ fanout740/A (sky130_fd_sc_hd__clkdlybuf4s25_1)
     5    0.056681    0.901761    1.603766   24.134968 ^ fanout740/X (sky130_fd_sc_hd__clkdlybuf4s25_1)
                                                         net740 (net)
                      0.901761    0.001966   24.136934 ^ fanout713/A (sky130_fd_sc_hd__clkdlybuf4s25_1)
     7    0.050948    0.814034    1.272131   25.409065 ^ fanout713/X (sky130_fd_sc_hd__clkdlybuf4s25_1)
                                                         net713 (net)
                      0.814034    0.000135   25.409201 ^ fanout704/A (sky130_fd_sc_hd__clkdlybuf4s25_1)
     5    0.020988    0.348184    0.921037   26.330238 ^ fanout704/X (sky130_fd_sc_hd__clkdlybuf4s25_1)
                                                         net704 (net)
                      0.348184    0.000602   26.330841 ^ fanout703/A (sky130_fd_sc_hd__clkdlybuf4s25_1)
     8    0.041412    0.665833    1.003178   27.334019 ^ fanout703/X (sky130_fd_sc_hd__clkdlybuf4s25_1)
                                                         net703 (net)
                      0.665833    0.000446   27.334465 ^ fanout701/A (sky130_fd_sc_hd__clkdlybuf4s25_1)
     2    0.007955    0.149076    0.741629   28.076094 ^ fanout701/X (sky130_fd_sc_hd__clkdlybuf4s25_1)
                                                         net701 (net)
                      0.149076    0.000099   28.076193 ^ load_slew702/A (sky130_fd_sc_hd__clkbuf_4)
     9    0.041123    0.209486    0.386933   28.463125 ^ load_slew702/X (sky130_fd_sc_hd__clkbuf_4)
                                                         net702 (net)
                      0.209488    0.001172   28.464298 ^ fanout699/A (sky130_fd_sc_hd__clkdlybuf4s25_1)
     2    0.007648    0.144447    0.578977   29.043276 ^ fanout699/X (sky130_fd_sc_hd__clkdlybuf4s25_1)
                                                         net699 (net)
                      0.144447    0.000041   29.043316 ^ load_slew700/A (sky130_fd_sc_hd__buf_4)
     9    0.040042    0.189029    0.332445   29.375761 ^ load_slew700/X (sky130_fd_sc_hd__buf_4)
                                                         net700 (net)
                      0.189030    0.000847   29.376608 ^ _6430_/RESET_B (sky130_fd_sc_hd__dfrtp_2)
                                             29.376608   data arrival time

                                100.000000  100.000000   clock clk (rise edge)
                                  0.000000  100.000000   clock source latency
     1    0.037792    0.274361    0.190511  100.190506 ^ clk (in)
                                                         clk (net)
                      0.274370    0.000000  100.190506 ^ clkbuf_0_clk/A (sky130_fd_sc_hd__clkbuf_16)
     8    0.128336    0.216309    0.434845  100.625351 ^ clkbuf_0_clk/X (sky130_fd_sc_hd__clkbuf_16)
                                                         clknet_0_clk (net)
                      0.216787    0.007304  100.632660 ^ clkbuf_3_1_0_clk/A (sky130_fd_sc_hd__clkbuf_8)
     2    0.025212    0.096077    0.314976  100.947632 ^ clkbuf_3_1_0_clk/X (sky130_fd_sc_hd__clkbuf_8)
                                                         clknet_3_1_0_clk (net)
                      0.096084    0.000895  100.948532 ^ clkbuf_4_2__f_clk/A (sky130_fd_sc_hd__clkbuf_16)
     6    0.060957    0.121946    0.285041  101.233574 ^ clkbuf_4_2__f_clk/X (sky130_fd_sc_hd__clkbuf_16)
                                                         clknet_4_2__leaf_clk (net)
                      0.121959    0.001307  101.234879 ^ clkbuf_leaf_82_clk/A (sky130_fd_sc_hd__clkbuf_8)
    12    0.032911    0.112768    0.288289  101.523163 ^ clkbuf_leaf_82_clk/X (sky130_fd_sc_hd__clkbuf_8)
                                                         clknet_leaf_82_clk (net)
                      0.112768    0.000163  101.523331 ^ _6430_/CLK (sky130_fd_sc_hd__dfrtp_2)
                                 -0.250000  101.273331   clock uncertainty
                                  0.000000  101.273331   clock reconvergence pessimism
                                  0.408122  101.681450   library recovery time
                                            101.681450   data required time
---------------------------------------------------------------------------------------------
                                            101.681450   data required time
                                            -29.376608   data arrival time
---------------------------------------------------------------------------------------------
                                             72.304848   slack (MET)


Startpoint: _7074_ (rising edge-triggered flip-flop clocked by clk)
Endpoint: uo_out[5] (output port clocked by clk)
Path Group: clk
Path Type: max

Fanout         Cap        Slew       Delay        Time   Description
---------------------------------------------------------------------------------------------
                                  0.000000    0.000000   clock clk (rise edge)
                                  0.000000    0.000000   clock source latency
     1    0.037792    0.274361    0.190514    0.190514 ^ clk (in)
                                                         clk (net)
                      0.274370    0.000000    0.190514 ^ clkbuf_0_clk/A (sky130_fd_sc_hd__clkbuf_16)
     8    0.128336    0.216309    0.434842    0.625357 ^ clkbuf_0_clk/X (sky130_fd_sc_hd__clkbuf_16)
                                                         clknet_0_clk (net)
                      0.216879    0.008130    0.633487 ^ clkbuf_3_2_0_clk/A (sky130_fd_sc_hd__clkbuf_8)
     2    0.030127    0.108085    0.326365    0.959852 ^ clkbuf_3_2_0_clk/X (sky130_fd_sc_hd__clkbuf_8)
                                                         clknet_3_2_0_clk (net)
                      0.108085    0.000402    0.960254 ^ clkbuf_4_4__f_clk/A (sky130_fd_sc_hd__clkbuf_16)
     6    0.053817    0.112259    0.282790    1.243045 ^ clkbuf_4_4__f_clk/X (sky130_fd_sc_hd__clkbuf_16)
                                                         clknet_4_4__leaf_clk (net)
                      0.112284    0.001562    1.244607 ^ clkbuf_leaf_20_clk/A (sky130_fd_sc_hd__clkbuf_8)
    10    0.033248    0.113554    0.284378    1.528985 ^ clkbuf_leaf_20_clk/X (sky130_fd_sc_hd__clkbuf_8)
                                                         clknet_leaf_20_clk (net)
                      0.113554    0.000473    1.529458 ^ _7074_/CLK (sky130_fd_sc_hd__dfrtp_2)
     1    0.003689    0.075546    0.701850    2.231308 ^ _7074_/Q (sky130_fd_sc_hd__dfrtp_2)
                                                         output_index[0] (net)
                      0.075546    0.000050    2.231358 ^ fanout563/A (sky130_fd_sc_hd__clkdlybuf4s25_1)
     5    0.062102    0.985627    1.119396    3.350754 ^ fanout563/X (sky130_fd_sc_hd__clkdlybuf4s25_1)
                                                         net563 (net)
                      0.985627    0.000139    3.350892 ^ fanout558/A (sky130_fd_sc_hd__clkdlybuf4s25_1)
     7    0.036048    0.580772    1.127153    4.478045 ^ fanout558/X (sky130_fd_sc_hd__clkdlybuf4s25_1)
                                                         net558 (net)
                      0.580772    0.000423    4.478468 ^ _3107_/A (sky130_fd_sc_hd__and2_2)
     3    0.054768    0.454278    0.768802    5.247270 ^ _3107_/X (sky130_fd_sc_hd__and2_2)
                                                         _1061_ (net)
                      0.454278    0.000314    5.247585 ^ fanout416/A (sky130_fd_sc_hd__clkdlybuf4s25_1)
     6    0.042000    0.675121    1.046871    6.294456 ^ fanout416/X (sky130_fd_sc_hd__clkdlybuf4s25_1)
                                                         net416 (net)
                      0.675121    0.000096    6.294552 ^ fanout415/A (sky130_fd_sc_hd__clkdlybuf4s25_1)
    10    0.052278    0.834927    1.234969    7.529521 ^ fanout415/X (sky130_fd_sc_hd__clkdlybuf4s25_1)
                                                         net415 (net)
                      0.834927    0.001045    7.530567 ^ _3108_/B (sky130_fd_sc_hd__nor2_2)
     2    0.049353    0.310997    0.510386    8.040953 v _3108_/Y (sky130_fd_sc_hd__nor2_2)
                                                         _1062_ (net)
                      0.311001    0.001844    8.042797 v fanout309/A (sky130_fd_sc_hd__clkdlybuf4s25_1)
     5    0.024488    0.339940    0.775048    8.817844 v fanout309/X (sky130_fd_sc_hd__clkdlybuf4s25_1)
                                                         net309 (net)
                      0.339940    0.000289    8.818133 v load_slew310/A (sky130_fd_sc_hd__clkbuf_4)
     5    0.058385    0.216201    0.512446    9.330579 v load_slew310/X (sky130_fd_sc_hd__clkbuf_4)
                                                         net310 (net)
                      0.216207    0.001384    9.331963 v fanout308/A (sky130_fd_sc_hd__clkdlybuf4s25_1)
    10    0.050866    0.678795    0.991182   10.323145 v fanout308/X (sky130_fd_sc_hd__clkdlybuf4s25_1)
                                                         net308 (net)
                      0.678795    0.000747   10.323893 v _3189_/B1 (sky130_fd_sc_hd__a221o_2)
     1    0.003754    0.093375    0.836665   11.160557 v _3189_/X (sky130_fd_sc_hd__a221o_2)
                                                         _1138_ (net)
                      0.093375    0.000049   11.160606 v _3190_/B1 (sky130_fd_sc_hd__a21o_2)
     1    0.002457    0.055592    0.339723   11.500329 v _3190_/X (sky130_fd_sc_hd__a21o_2)
                                                         _1139_ (net)
                      0.055592    0.000028   11.500357 v _3194_/B (sky130_fd_sc_hd__and3_2)
     1    0.002919    0.074481    0.391198   11.891555 v _3194_/X (sky130_fd_sc_hd__and3_2)
                                                         _1143_ (net)
                      0.074481    0.000017   11.891572 v _3195_/B1 (sky130_fd_sc_hd__a31o_2)
     1    0.026293    0.159650    0.505270   12.396841 v _3195_/X (sky130_fd_sc_hd__a31o_2)
                                                         _1144_ (net)
                      0.159655    0.001157   12.397999 v _3196_/A1 (sky130_fd_sc_hd__mux2_1)
     1    0.045933    0.453896    1.063429   13.461428 v _3196_/X (sky130_fd_sc_hd__mux2_1)
                                                         net29 (net)
                      0.453919    0.003727   13.465155 v wire29/A (sky130_fd_sc_hd__buf_4)
     1    0.055021    0.145337    0.521108   13.986262 v wire29/X (sky130_fd_sc_hd__buf_4)
                                                         uo_out[5] (net)
                      0.145357    0.001714   13.987976 v uo_out[5] (out)
                                             13.987976   data arrival time

                                100.000000  100.000000   clock clk (rise edge)
                                  0.000000  100.000000   clock network delay (propagated)
                                 -0.250000   99.750000   clock uncertainty
                                  0.000000   99.750000   clock reconvergence pessimism
                                -20.000000   79.750000   output external delay
                                             79.750000   data required time
---------------------------------------------------------------------------------------------
                                             79.750000   data required time
                                            -13.987976   data arrival time
---------------------------------------------------------------------------------------------
                                             65.762016   slack (MET)




===========================================================================
report_checks --slack_max -0.01
============================================================================
======================= min_ss_100C_1v60 Corner ===================================

No paths found.


===========================================================================
 report_check_types -max_slew -max_cap -max_fanout -violators
============================================================================
======================= min_ss_100C_1v60 Corner ===================================

max slew

Pin                                        Limit        Slew       Slack
------------------------------------------------------------------------
ANTENNA_81/DIODE                        0.750000    2.218473   -1.468473 (VIOLATED)
fanout817/A                             0.750000    2.218473   -1.468474 (VIOLATED)
ANTENNA_80/DIODE                        0.750000    2.218465   -1.468465 (VIOLATED)
fanout803/A                             0.750000    2.218464   -1.468464 (VIOLATED)
ANTENNA_82/DIODE                        0.750000    2.218421   -1.468421 (VIOLATED)
fanout847/A                             0.750000    2.218421   -1.468421 (VIOLATED)
ANTENNA_79/DIODE                        0.750000    2.218360   -1.468360 (VIOLATED)
fanout790/A                             0.750000    2.218360   -1.468360 (VIOLATED)
fanout667/A                             0.750000    2.218331   -1.468331 (VIOLATED)
fanout682/A                             0.750000    2.218331   -1.468331 (VIOLATED)
fanout698/A                             0.750000    2.218331   -1.468331 (VIOLATED)
fanout740/A                             0.750000    2.218331   -1.468331 (VIOLATED)
fanout848/X                             0.750000    2.218331   -1.468331 (VIOLATED)
ANTENNA_62/DIODE                        0.750000    2.017820   -1.267820 (VIOLATED)
ANTENNA_64/DIODE                        0.750000    2.017821   -1.267821 (VIOLATED)
ANTENNA_63/DIODE                        0.750000    2.017819   -1.267819 (VIOLATED)
ANTENNA_65/DIODE                        0.750000    2.017820   -1.267820 (VIOLATED)
_3127_/C1                               0.750000    2.017820   -1.267820 (VIOLATED)
_3137_/C1                               0.750000    2.017820   -1.267820 (VIOLATED)
_3144_/C1                               0.750000    2.017821   -1.267821 (VIOLATED)
_3150_/C1                               0.750000    2.017820   -1.267820 (VIOLATED)
_3205_/B1                               0.750000    2.017766   -1.267766 (VIOLATED)
_3122_/C1                               0.750000    2.017716   -1.267716 (VIOLATED)
_3120_/C1                               0.750000    2.017714   -1.267714 (VIOLATED)
_3166_/C1                               0.750000    2.017715   -1.267715 (VIOLATED)
_3201_/C1                               0.750000    2.017716   -1.267716 (VIOLATED)
_3159_/B1                               0.750000    2.017707   -1.267707 (VIOLATED)
fanout313/X                             0.750000    2.017707   -1.267707 (VIOLATED)
_3142_/C1                               0.750000    1.921515   -1.171515 (VIOLATED)
_3134_/C1                               0.750000    1.921512   -1.171512 (VIOLATED)
_3130_/C1                               0.750000    1.921511   -1.171511 (VIOLATED)
_3213_/C1                               0.750000    1.921460   -1.171460 (VIOLATED)
_3208_/C1                               0.750000    1.921314   -1.171314 (VIOLATED)
_3199_/C1                               0.750000    1.921297   -1.171297 (VIOLATED)
_3117_/C1                               0.750000    1.921262   -1.171262 (VIOLATED)
_3121_/C1                               0.750000    1.921262   -1.171262 (VIOLATED)
_3163_/C1                               0.750000    1.921262   -1.171262 (VIOLATED)
_3156_/C1                               0.750000    1.921255   -1.171255 (VIOLATED)
fanout311/X                             0.750000    1.921255   -1.171255 (VIOLATED)
_3129_/A1                               0.750000    1.910558   -1.160558 (VIOLATED)
_3133_/A1                               0.750000    1.910557   -1.160557 (VIOLATED)
_3141_/A1                               0.750000    1.910552   -1.160552 (VIOLATED)
_3147_/A1                               0.750000    1.910533   -1.160533 (VIOLATED)
_3184_/A1                               0.750000    1.910464   -1.160464 (VIOLATED)
_3170_/A1                               0.750000    1.910419   -1.160419 (VIOLATED)
_3179_/A1                               0.750000    1.910342   -1.160342 (VIOLATED)
_3212_/A1                               0.750000    1.910225   -1.160225 (VIOLATED)
_3207_/A1                               0.750000    1.910026   -1.160026 (VIOLATED)
fanout554/A                             0.750000    1.909939   -1.159939 (VIOLATED)
fanout555/X                             0.750000    1.909939   -1.159939 (VIOLATED)
fanout120/A                             0.750000    1.843658   -1.093658 (VIOLATED)
fanout118/A                             0.750000    1.843656   -1.093656 (VIOLATED)
fanout117/A                             0.750000    1.843648   -1.093648 (VIOLATED)
ANTENNA_51/DIODE                        0.750000    1.843619   -1.093619 (VIOLATED)
fanout113/A                             0.750000    1.843616   -1.093616 (VIOLATED)
fanout109/A                             0.750000    1.843582   -1.093582 (VIOLATED)
fanout121/X                             0.750000    1.843582   -1.093582 (VIOLATED)
_3564_/A                                0.750000    1.795075   -1.045075 (VIOLATED)
_5596_/A1                               0.750000    1.795072   -1.045072 (VIOLATED)
_3552_/C1                               0.750000    1.795053   -1.045053 (VIOLATED)
_5587_/A1                               0.750000    1.795051   -1.045051 (VIOLATED)
_3603_/C1                               0.750000    1.795025   -1.045025 (VIOLATED)
_5577_/A                                0.750000    1.795017   -1.045017 (VIOLATED)
_5571_/A                                0.750000    1.794996   -1.044996 (VIOLATED)
_5584_/A1                               0.750000    1.794966   -1.044966 (VIOLATED)
_5589_/A1                               0.750000    1.794958   -1.044958 (VIOLATED)
fanout490/A                             0.750000    1.794947   -1.044947 (VIOLATED)
fanout493/X                             0.750000    1.794947   -1.044947 (VIOLATED)
fanout369/A                             0.750000    1.739542   -0.989542 (VIOLATED)
_5601_/A1                               0.750000    1.739530   -0.989530 (VIOLATED)
_3495_/B1                               0.750000    1.739524   -0.989524 (VIOLATED)
_3518_/A2                               0.750000    1.739506   -0.989506 (VIOLATED)
_4312_/A                                0.750000    1.739480   -0.989480 (VIOLATED)
_5593_/A2                               0.750000    1.739470   -0.989470 (VIOLATED)
_3595_/A2                               0.750000    1.739416   -0.989416 (VIOLATED)
_3551_/A2                               0.750000    1.739401   -0.989401 (VIOLATED)
_3567_/A2                               0.750000    1.739401   -0.989401 (VIOLATED)
_3602_/A2                               0.750000    1.739401   -0.989401 (VIOLATED)
fanout370/X                             0.750000    1.739401   -0.989401 (VIOLATED)
fanout452/A                             0.750000    1.725817   -0.975817 (VIOLATED)
_4540_/A1                               0.750000    1.725810   -0.975810 (VIOLATED)
_5514_/A                                0.750000    1.725800   -0.975800 (VIOLATED)
_4547_/A                                0.750000    1.725791   -0.975791 (VIOLATED)
_3506_/B1                               0.750000    1.725763   -0.975763 (VIOLATED)
_3512_/A                                0.750000    1.725751   -0.975751 (VIOLATED)
_3560_/A1                               0.750000    1.725696   -0.975696 (VIOLATED)
_3593_/A                                0.750000    1.725696   -0.975696 (VIOLATED)
_4495_/A1                               0.750000    1.725694   -0.975694 (VIOLATED)
_4503_/B2                               0.750000    1.725691   -0.975691 (VIOLATED)
fanout453/X                             0.750000    1.725691   -0.975691 (VIOLATED)
ANTENNA_76/DIODE                        0.750000    1.690350   -0.940350 (VIOLATED)
_5605_/A1                               0.750000    1.690350   -0.940350 (VIOLATED)
ANTENNA_77/DIODE                        0.750000    1.690339   -0.940339 (VIOLATED)
_5609_/A1                               0.750000    1.690339   -0.940339 (VIOLATED)
_5580_/A1                               0.750000    1.690277   -0.940277 (VIOLATED)
_5581_/A                                0.750000    1.690277   -0.940277 (VIOLATED)
fanout489/A                             0.750000    1.690277   -0.940277 (VIOLATED)
fanout493/A                             0.750000    1.690277   -0.940277 (VIOLATED)
fanout494/X                             0.750000    1.690277   -0.940277 (VIOLATED)
_3492_/A                                0.750000    1.596121   -0.846121 (VIOLATED)
_3495_/A1                               0.750000    1.596121   -0.846121 (VIOLATED)
_3497_/A                                0.750000    1.596121   -0.846121 (VIOLATED)
_4266_/A                                0.750000    1.596121   -0.846121 (VIOLATED)
_4345_/A                                0.750000    1.596121   -0.846121 (VIOLATED)
_4368_/A                                0.750000    1.596121   -0.846121 (VIOLATED)
_4411_/C1                               0.750000    1.596121   -0.846121 (VIOLATED)
_4419_/A                                0.750000    1.596121   -0.846121 (VIOLATED)
_4571_/A1                               0.750000    1.596121   -0.846121 (VIOLATED)
_5508_/A                                0.750000    1.596121   -0.846121 (VIOLATED)
fanout455/X                             0.750000    1.596121   -0.846121 (VIOLATED)
ANTENNA_60/DIODE                        0.750000    1.559384   -0.809384 (VIOLATED)
ANTENNA_61/DIODE                        0.750000    1.559384   -0.809384 (VIOLATED)
_3718_/A                                0.750000    1.559384   -0.809384 (VIOLATED)
_4058_/A1_N                             0.750000    1.559384   -0.809384 (VIOLATED)
_4609_/A1_N                             0.750000    1.559384   -0.809384 (VIOLATED)
_4716_/A1_N                             0.750000    1.559384   -0.809384 (VIOLATED)
_4724_/A1_N                             0.750000    1.559384   -0.809384 (VIOLATED)
_4731_/A1_N                             0.750000    1.559384   -0.809384 (VIOLATED)
_4738_/A                                0.750000    1.559384   -0.809384 (VIOLATED)
_4746_/A1_N                             0.750000    1.559384   -0.809384 (VIOLATED)
_4753_/A1_N                             0.750000    1.559384   -0.809384 (VIOLATED)
_4776_/A1_N                             0.750000    1.559384   -0.809384 (VIOLATED)
fanout169/X                             0.750000    1.559384   -0.809384 (VIOLATED)
_5561_/A2                               0.750000    1.558892   -0.808892 (VIOLATED)
_5560_/A2                               0.750000    1.558887   -0.808887 (VIOLATED)
fanout518/A                             0.750000    1.558869   -0.808869 (VIOLATED)
_5563_/A2                               0.750000    1.558825   -0.808825 (VIOLATED)
_5555_/A2                               0.750000    1.558821   -0.808821 (VIOLATED)
_5539_/A2                               0.750000    1.558819   -0.808819 (VIOLATED)
_5547_/A2                               0.750000    1.558817   -0.808817 (VIOLATED)
_5558_/A2                               0.750000    1.558810   -0.808810 (VIOLATED)
_5566_/A2                               0.750000    1.558807   -0.808807 (VIOLATED)
_5542_/A2                               0.750000    1.558792   -0.808792 (VIOLATED)
fanout519/X                             0.750000    1.558792   -0.808792 (VIOLATED)
_5607_/A2                               0.750000    1.545818   -0.795818 (VIOLATED)
_4445_/A1                               0.750000    1.545816   -0.795816 (VIOLATED)
_3518_/B1                               0.750000    1.545814   -0.795814 (VIOLATED)
_5602_/A2                               0.750000    1.545814   -0.795814 (VIOLATED)
_3551_/B1                               0.750000    1.545809   -0.795809 (VIOLATED)
_3567_/B1                               0.750000    1.545809   -0.795809 (VIOLATED)
_3594_/B1                               0.750000    1.545809   -0.795809 (VIOLATED)
_3602_/B1                               0.750000    1.545809   -0.795809 (VIOLATED)
_5604_/A1                               0.750000    1.545809   -0.795809 (VIOLATED)
_5605_/A2                               0.750000    1.545809   -0.795809 (VIOLATED)
fanout359/X                             0.750000    1.545809   -0.795809 (VIOLATED)
_3549_/B2                               0.750000    1.540200   -0.790200 (VIOLATED)
_3633_/B2                               0.750000    1.540200   -0.790200 (VIOLATED)
_3536_/A1                               0.750000    1.540199   -0.790199 (VIOLATED)
_3086_/A                                0.750000    1.540176   -0.790176 (VIOLATED)
_3484_/A1                               0.750000    1.540173   -0.790173 (VIOLATED)
_5502_/A_N                              0.750000    1.540168   -0.790168 (VIOLATED)
_5359_/A_N                              0.750000    1.540164   -0.790164 (VIOLATED)
_5506_/A                                0.750000    1.540162   -0.790162 (VIOLATED)
_3485_/A                                0.750000    1.540160   -0.790160 (VIOLATED)
_3095_/A1                               0.750000    1.540154   -0.790154 (VIOLATED)
fanout495/X                             0.750000    1.540154   -0.790154 (VIOLATED)
_3572_/S                                0.750000    1.521476   -0.771476 (VIOLATED)
_3599_/B1                               0.750000    1.521464   -0.771464 (VIOLATED)
_4495_/A2                               0.750000    1.521445   -0.771445 (VIOLATED)
_4850_/A2                               0.750000    1.521435   -0.771435 (VIOLATED)
fanout583/A                             0.750000    1.521391   -0.771391 (VIOLATED)
_3501_/A                                0.750000    1.521308   -0.771308 (VIOLATED)
_3505_/S                                0.750000    1.521296   -0.771296 (VIOLATED)
_4355_/A                                0.750000    1.521263   -0.771263 (VIOLATED)
_5510_/B1                               0.750000    1.521256   -0.771256 (VIOLATED)
fanout582/A                             0.750000    1.521256   -0.771256 (VIOLATED)
fanout584/X                             0.750000    1.521256   -0.771256 (VIOLATED)
ANTENNA_36/DIODE                        0.750000    1.458352   -0.708352 (VIOLATED)
fanout40/A                              0.750000    1.458352   -0.708352 (VIOLATED)
ANTENNA_38/DIODE                        0.750000    1.458348   -0.708348 (VIOLATED)
fanout44/A                              0.750000    1.458348   -0.708348 (VIOLATED)
ANTENNA_37/DIODE                        0.750000    1.458341   -0.708341 (VIOLATED)
fanout42/A                              0.750000    1.458341   -0.708341 (VIOLATED)
ANTENNA_39/DIODE                        0.750000    1.458328   -0.708328 (VIOLATED)
fanout45/A                              0.750000    1.458328   -0.708328 (VIOLATED)
fanout37/A                              0.750000    1.457962   -0.707962 (VIOLATED)
fanout47/X                              0.750000    1.457962   -0.707962 (VIOLATED)
fanout358/A                             0.750000    1.401257   -0.651257 (VIOLATED)
_5609_/A2                               0.750000    1.401254   -0.651254 (VIOLATED)
_5610_/A1                               0.750000    1.401245   -0.651245 (VIOLATED)
_5608_/A1                               0.750000    1.401175   -0.651175 (VIOLATED)
fanout359/A                             0.750000    1.401170   -0.651170 (VIOLATED)
fanout360/X                             0.750000    1.401170   -0.651170 (VIOLATED)
_5600_/A1                               0.750000    1.398066   -0.648066 (VIOLATED)
_5597_/A1                               0.750000    1.398065   -0.648065 (VIOLATED)
_5606_/A1                               0.750000    1.398064   -0.648064 (VIOLATED)
_5588_/A1                               0.750000    1.398056   -0.648056 (VIOLATED)
_5591_/A1                               0.750000    1.398053   -0.648053 (VIOLATED)
_3549_/A1                               0.750000    1.398027   -0.648027 (VIOLATED)
_3633_/A1                               0.750000    1.398021   -0.648021 (VIOLATED)
_3524_/C1                               0.750000    1.397995   -0.647995 (VIOLATED)
_3094_/A1                               0.750000    1.397958   -0.647958 (VIOLATED)
_5575_/A1                               0.750000    1.397958   -0.647958 (VIOLATED)
fanout489/X                             0.750000    1.397958   -0.647958 (VIOLATED)
_4871_/A1                               0.750000    1.339917   -0.589917 (VIOLATED)
fanout579/A                             0.750000    1.339907   -0.589907 (VIOLATED)
_3598_/S                                0.750000    1.339896   -0.589896 (VIOLATED)
_4370_/A1_N                             0.750000    1.339893   -0.589893 (VIOLATED)
_4378_/A                                0.750000    1.339893   -0.589893 (VIOLATED)
_4403_/A                                0.750000    1.339880   -0.589880 (VIOLATED)
_4395_/A1_N                             0.750000    1.339850   -0.589850 (VIOLATED)
_3516_/A1                               0.750000    1.339506   -0.589506 (VIOLATED)
_4360_/A                                0.750000    1.339506   -0.589506 (VIOLATED)
fanout580/X                             0.750000    1.339506   -0.589506 (VIOLATED)
_3150_/A2                               0.750000    1.328904   -0.578904 (VIOLATED)
_3144_/A2                               0.750000    1.328903   -0.578903 (VIOLATED)
_3147_/B2                               0.750000    1.328896   -0.578896 (VIOLATED)
fanout417/A                             0.750000    1.328503   -0.578503 (VIOLATED)
_3170_/B2                               0.750000    1.328465   -0.578465 (VIOLATED)
_3173_/A2                               0.750000    1.328463   -0.578463 (VIOLATED)
_3177_/A2                               0.750000    1.328455   -0.578455 (VIOLATED)
_3179_/B2                               0.750000    1.328455   -0.578455 (VIOLATED)
_3215_/A2                               0.750000    1.328455   -0.578455 (VIOLATED)
_3219_/B2                               0.750000    1.328455   -0.578455 (VIOLATED)
fanout418/X                             0.750000    1.328455   -0.578455 (VIOLATED)
_5557_/A2                               0.750000    1.327783   -0.577783 (VIOLATED)
_5565_/A2                               0.750000    1.327782   -0.577782 (VIOLATED)
fanout516/A                             0.750000    1.327769   -0.577769 (VIOLATED)
_5541_/A2                               0.750000    1.327763   -0.577763 (VIOLATED)
_3094_/B1                               0.750000    1.327398   -0.577398 (VIOLATED)
_5550_/A2                               0.750000    1.327398   -0.577398 (VIOLATED)
fanout517/X                             0.750000    1.327398   -0.577398 (VIOLATED)
_3088_/B                                0.750000    1.299510   -0.549510 (VIOLATED)
_3764_/A1                               0.750000    1.299510   -0.549510 (VIOLATED)
_3797_/A1                               0.750000    1.299510   -0.549510 (VIOLATED)
_3831_/A1                               0.750000    1.299510   -0.549510 (VIOLATED)
_3916_/A1                               0.750000    1.299510   -0.549510 (VIOLATED)
_3939_/A1                               0.750000    1.299510   -0.549510 (VIOLATED)
_4008_/B                                0.750000    1.299510   -0.549510 (VIOLATED)
_4028_/A1                               0.750000    1.299510   -0.549510 (VIOLATED)
_4046_/A1                               0.750000    1.299510   -0.549510 (VIOLATED)
_4052_/A1                               0.750000    1.299510   -0.549510 (VIOLATED)
fanout320/X                             0.750000    1.299510   -0.549510 (VIOLATED)
_3916_/A3                               0.750000    1.299211   -0.549211 (VIOLATED)
_3996_/A3                               0.750000    1.299211   -0.549211 (VIOLATED)
_4046_/A3                               0.750000    1.299211   -0.549211 (VIOLATED)
_4094_/A3                               0.750000    1.299211   -0.549211 (VIOLATED)
_4248_/A0                               0.750000    1.299211   -0.549211 (VIOLATED)
_4473_/A0                               0.750000    1.299211   -0.549211 (VIOLATED)
_4651_/A0                               0.750000    1.299211   -0.549211 (VIOLATED)
_4828_/A0                               0.750000    1.299211   -0.549211 (VIOLATED)
_5600_/A3                               0.750000    1.299211   -0.549211 (VIOLATED)
_5609_/A3                               0.750000    1.299211   -0.549211 (VIOLATED)
fanout15/X                              0.750000    1.299211   -0.549211 (VIOLATED)
_3095_/A2                               0.750000    1.269559   -0.519559 (VIOLATED)
_3484_/A2                               0.750000    1.269559   -0.519559 (VIOLATED)
_4058_/B2                               0.750000    1.269559   -0.519559 (VIOLATED)
_4064_/B1                               0.750000    1.269559   -0.519559 (VIOLATED)
_4070_/B1                               0.750000    1.269559   -0.519559 (VIOLATED)
_4076_/B1                               0.750000    1.269559   -0.519559 (VIOLATED)
_4082_/B1                               0.750000    1.269559   -0.519559 (VIOLATED)
_4094_/B1                               0.750000    1.269559   -0.519559 (VIOLATED)
_4100_/B1                               0.750000    1.269559   -0.519559 (VIOLATED)
_5515_/A1                               0.750000    1.269559   -0.519559 (VIOLATED)
fanout173/X                             0.750000    1.269559   -0.519559 (VIOLATED)
_3782_/A1_N                             0.750000    1.227043   -0.477043 (VIOLATED)
_3814_/A                                0.750000    1.227043   -0.477043 (VIOLATED)
_3908_/A                                0.750000    1.227043   -0.477043 (VIOLATED)
_4123_/A1_N                             0.750000    1.227043   -0.477043 (VIOLATED)
_4204_/A1_N                             0.750000    1.227043   -0.477043 (VIOLATED)
_4212_/A                                0.750000    1.227043   -0.477043 (VIOLATED)
_4242_/A                                0.750000    1.227043   -0.477043 (VIOLATED)
_4283_/A                                0.750000    1.227043   -0.477043 (VIOLATED)
_4295_/A1                               0.750000    1.227043   -0.477043 (VIOLATED)
_4329_/A1                               0.750000    1.227043   -0.477043 (VIOLATED)
fanout422/X                             0.750000    1.227043   -0.477043 (VIOLATED)
_3978_/A3                               0.750000    1.221642   -0.471642 (VIOLATED)
_4028_/A3                               0.750000    1.221640   -0.471640 (VIOLATED)
_3831_/A3                               0.750000    1.221637   -0.471637 (VIOLATED)
_5597_/A3                               0.750000    1.221636   -0.471636 (VIOLATED)
_5606_/A3                               0.750000    1.221636   -0.471636 (VIOLATED)
_4452_/A0                               0.750000    1.221630   -0.471630 (VIOLATED)
_4807_/A0                               0.750000    1.221630   -0.471630 (VIOLATED)
_4630_/A0                               0.750000    1.221626   -0.471626 (VIOLATED)
_4218_/A0                               0.750000    1.221621   -0.471621 (VIOLATED)
_4300_/B                                0.750000    1.221620   -0.471620 (VIOLATED)
fanout20/X                              0.750000    1.221620   -0.471620 (VIOLATED)
_3099_/B1                               0.750000    1.205086   -0.455086 (VIOLATED)
_4113_/A1                               0.750000    1.205086   -0.455086 (VIOLATED)
_4173_/A                                0.750000    1.205086   -0.455086 (VIOLATED)
_4194_/A1_N                             0.750000    1.205086   -0.455086 (VIOLATED)
_4224_/A1_N                             0.750000    1.205086   -0.455086 (VIOLATED)
_4251_/A                                0.750000    1.205086   -0.455086 (VIOLATED)
_4272_/A1_N                             0.750000    1.205086   -0.455086 (VIOLATED)
_4306_/A                                0.750000    1.205086   -0.455086 (VIOLATED)
_4338_/A                                0.750000    1.205086   -0.455086 (VIOLATED)
_4350_/A1_N                             0.750000    1.205086   -0.455086 (VIOLATED)
fanout420/X                             0.750000    1.205086   -0.455086 (VIOLATED)
_3511_/S                                0.750000    1.199525   -0.449525 (VIOLATED)
_3515_/S                                0.750000    1.199525   -0.449525 (VIOLATED)
_3557_/A                                0.750000    1.199525   -0.449525 (VIOLATED)
_3568_/B1                               0.750000    1.199525   -0.449525 (VIOLATED)
_3600_/A1                               0.750000    1.199525   -0.449525 (VIOLATED)
_4278_/A1                               0.750000    1.199525   -0.449525 (VIOLATED)
_4313_/A1                               0.750000    1.199525   -0.449525 (VIOLATED)
_4394_/C                                0.750000    1.199525   -0.449525 (VIOLATED)
_4694_/A                                0.750000    1.199525   -0.449525 (VIOLATED)
_4723_/B                                0.750000    1.199525   -0.449525 (VIOLATED)
fanout450/X                             0.750000    1.199525   -0.449525 (VIOLATED)
_3093_/B1                               0.750000    1.190652   -0.440652 (VIOLATED)
_3483_/A                                0.750000    1.190652   -0.440652 (VIOLATED)
_3742_/A2                               0.750000    1.190643   -0.440643 (VIOLATED)
_4225_/A2                               0.750000    1.190624   -0.440624 (VIOLATED)
_4252_/A2                               0.750000    1.190624   -0.440624 (VIOLATED)
_4273_/A2                               0.750000    1.190623   -0.440623 (VIOLATED)
_4195_/A2                               0.750000    1.190623   -0.440623 (VIOLATED)
_4339_/A2                               0.750000    1.190617   -0.440617 (VIOLATED)
_4307_/A2                               0.750000    1.190616   -0.440617 (VIOLATED)
_4351_/A2                               0.750000    1.190616   -0.440617 (VIOLATED)
fanout315/X                             0.750000    1.190616   -0.440617 (VIOLATED)
_5790_/B1                               0.750000    1.185764   -0.435764 (VIOLATED)
_5796_/B1                               0.750000    1.185764   -0.435764 (VIOLATED)
_5792_/B1                               0.750000    1.185763   -0.435763 (VIOLATED)
_5798_/B1                               0.750000    1.185763   -0.435763 (VIOLATED)
_5788_/B2                               0.750000    1.185760   -0.435760 (VIOLATED)
_5794_/B1                               0.750000    1.185760   -0.435760 (VIOLATED)
_5800_/B1                               0.750000    1.185760   -0.435760 (VIOLATED)
_5814_/C                                0.750000    1.185760   -0.435760 (VIOLATED)
_5841_/C                                0.750000    1.185760   -0.435760 (VIOLATED)
_6072_/B1                               0.750000    1.185760   -0.435760 (VIOLATED)
fanout99/X                              0.750000    1.185760   -0.435760 (VIOLATED)
_3717_/A                                0.750000    1.178586   -0.428585 (VIOLATED)
_4009_/A2                               0.750000    1.178586   -0.428585 (VIOLATED)
_4028_/A2                               0.750000    1.178586   -0.428585 (VIOLATED)
_4046_/A2                               0.750000    1.178586   -0.428585 (VIOLATED)
_4052_/A2                               0.750000    1.178586   -0.428585 (VIOLATED)
_4076_/A2                               0.750000    1.178586   -0.428585 (VIOLATED)
_4094_/A2                               0.750000    1.178586   -0.428585 (VIOLATED)
_4666_/A2                               0.750000    1.178586   -0.428585 (VIOLATED)
_4687_/A2                               0.750000    1.178586   -0.428585 (VIOLATED)
_4709_/A2                               0.750000    1.178586   -0.428585 (VIOLATED)
fanout170/X                             0.750000    1.178586   -0.428585 (VIOLATED)
ANTENNA_66/DIODE                        0.750000    1.171546   -0.421546 (VIOLATED)
_5502_/D                                0.750000    1.171546   -0.421546 (VIOLATED)
_5550_/B2                               0.750000    1.171546   -0.421546 (VIOLATED)
_5557_/B2                               0.750000    1.171546   -0.421546 (VIOLATED)
_5565_/B2                               0.750000    1.171546   -0.421546 (VIOLATED)
fanout324/A                             0.750000    1.171546   -0.421546 (VIOLATED)
fanout326/X                             0.750000    1.171546   -0.421546 (VIOLATED)
_3507_/A1                               0.750000    1.155032   -0.405032 (VIOLATED)
_4893_/A1                               0.750000    1.155021   -0.405021 (VIOLATED)
_4864_/A1                               0.750000    1.155012   -0.405012 (VIOLATED)
_4843_/A1                               0.750000    1.155005   -0.405005 (VIOLATED)
_4189_/A                                0.750000    1.155002   -0.405002 (VIOLATED)
_4428_/A                                0.750000    1.155000   -0.405000 (VIOLATED)
_3085_/A                                0.750000    1.154994   -0.404994 (VIOLATED)
_3086_/B                                0.750000    1.154994   -0.404994 (VIOLATED)
_3713_/A                                0.750000    1.154994   -0.404994 (VIOLATED)
_3714_/A                                0.750000    1.154994   -0.404994 (VIOLATED)
fanout576/X                             0.750000    1.154994   -0.404994 (VIOLATED)
_5536_/A2                               0.750000    1.149612   -0.399612 (VIOLATED)
_5537_/A2                               0.750000    1.149612   -0.399612 (VIOLATED)
_5540_/A2                               0.750000    1.149612   -0.399612 (VIOLATED)
_5544_/A2                               0.750000    1.149612   -0.399612 (VIOLATED)
_5545_/A2                               0.750000    1.149612   -0.399612 (VIOLATED)
_5548_/A2                               0.750000    1.149612   -0.399612 (VIOLATED)
_5552_/A2                               0.750000    1.149612   -0.399612 (VIOLATED)
_5553_/A2                               0.750000    1.149612   -0.399612 (VIOLATED)
_5556_/A2                               0.750000    1.149612   -0.399612 (VIOLATED)
_5564_/A2                               0.750000    1.149612   -0.399612 (VIOLATED)
fanout518/X                             0.750000    1.149612   -0.399612 (VIOLATED)
_4334_/B1                               0.750000    1.149155   -0.399155 (VIOLATED)
_4300_/C                                0.750000    1.149154   -0.399154 (VIOLATED)
_4411_/B1                               0.750000    1.149154   -0.399154 (VIOLATED)
_4344_/C                                0.750000    1.149148   -0.399148 (VIOLATED)
_4571_/A3                               0.750000    1.149126   -0.399126 (VIOLATED)
_4357_/C_N                              0.750000    1.149125   -0.399125 (VIOLATED)
_4419_/C                                0.750000    1.149121   -0.399121 (VIOLATED)
_4586_/C                                0.750000    1.148751   -0.398751 (VIOLATED)
fanout139/A                             0.750000    1.148751   -0.398751 (VIOLATED)
fanout140/X                             0.750000    1.148751   -0.398751 (VIOLATED)
_3970_/C1                               0.750000    1.131358   -0.381358 (VIOLATED)
_3784_/C1                               0.750000    1.131357   -0.381357 (VIOLATED)
_3817_/C1                               0.750000    1.131356   -0.381356 (VIOLATED)
_3911_/C1                               0.750000    1.131346   -0.381346 (VIOLATED)
_3877_/C1                               0.750000    1.131330   -0.381330 (VIOLATED)
_3988_/C1                               0.750000    1.131330   -0.381330 (VIOLATED)
_4038_/C1                               0.750000    1.131330   -0.381330 (VIOLATED)
_4074_/C1                               0.750000    1.131330   -0.381330 (VIOLATED)
_4086_/C1                               0.750000    1.131330   -0.381330 (VIOLATED)
_4092_/C1                               0.750000    1.131330   -0.381330 (VIOLATED)
fanout72/X                              0.750000    1.131330   -0.381330 (VIOLATED)
_3958_/A                                0.750000    1.126856   -0.376856 (VIOLATED)
_3088_/A                                0.750000    1.126855   -0.376855 (VIOLATED)
_3629_/A1                               0.750000    1.126848   -0.376848 (VIOLATED)
_4412_/A1                               0.750000    1.126849   -0.376849 (VIOLATED)
_3535_/A1                               0.750000    1.126848   -0.376848 (VIOLATED)
_4488_/A1                               0.750000    1.126845   -0.376845 (VIOLATED)
_4510_/A1                               0.750000    1.126845   -0.376845 (VIOLATED)
_4532_/A                                0.750000    1.126845   -0.376845 (VIOLATED)
_4608_/A                                0.750000    1.126845   -0.376845 (VIOLATED)
_4783_/A                                0.750000    1.126845   -0.376845 (VIOLATED)
fanout452/X                             0.750000    1.126845   -0.376845 (VIOLATED)
_4886_/A1                               0.750000    1.113047   -0.363047 (VIOLATED)
_3548_/S1                               0.750000    1.113042   -0.363042 (VIOLATED)
_4191_/A1_N                             0.750000    1.113042   -0.363043 (VIOLATED)
_3628_/C1                               0.750000    1.113042   -0.363042 (VIOLATED)
_3529_/B1                               0.750000    1.113041   -0.363041 (VIOLATED)
_4387_/A1_N                             0.750000    1.113038   -0.363038 (VIOLATED)
fanout576/A                             0.750000    1.113038   -0.363038 (VIOLATED)
fanout577/A                             0.750000    1.113038   -0.363038 (VIOLATED)
fanout578/X                             0.750000    1.113038   -0.363038 (VIOLATED)
_3984_/A3                               0.750000    1.106425   -0.356425 (VIOLATED)
_4082_/A3                               0.750000    1.106425   -0.356425 (VIOLATED)
_4034_/A3                               0.750000    1.106424   -0.356424 (VIOLATED)
_3857_/A3                               0.750000    1.106422   -0.356422 (VIOLATED)
_4229_/A0                               0.750000    1.106418   -0.356419 (VIOLATED)
_4312_/B                                0.750000    1.106418   -0.356419 (VIOLATED)
_4459_/A0                               0.750000    1.106418   -0.356419 (VIOLATED)
_4637_/A0                               0.750000    1.106418   -0.356419 (VIOLATED)
_4814_/A0                               0.750000    1.106418   -0.356419 (VIOLATED)
_5607_/A3                               0.750000    1.106418   -0.356419 (VIOLATED)
fanout18/X                              0.750000    1.106418   -0.356419 (VIOLATED)
_3561_/A1                               0.750000    1.104276   -0.354276 (VIOLATED)
_3573_/B1                               0.750000    1.104277   -0.354277 (VIOLATED)
_3604_/A1                               0.750000    1.104266   -0.354266 (VIOLATED)
_3516_/B1                               0.750000    1.104204   -0.354204 (VIOLATED)
_3508_/B2                               0.750000    1.104201   -0.354201 (VIOLATED)
_3486_/A                                0.750000    1.103905   -0.353905 (VIOLATED)
fanout496/X                             0.750000    1.103905   -0.353905 (VIOLATED)
_4694_/B                                0.750000    1.101991   -0.351991 (VIOLATED)
_4680_/A1                               0.750000    1.101990   -0.351990 (VIOLATED)
_4702_/A1                               0.750000    1.101990   -0.351990 (VIOLATED)
_4016_/A2                               0.750000    1.101987   -0.351987 (VIOLATED)
_4022_/A2                               0.750000    1.101987   -0.351987 (VIOLATED)
_4034_/A2                               0.750000    1.101987   -0.351987 (VIOLATED)
_4040_/A2                               0.750000    1.101987   -0.351987 (VIOLATED)
_4064_/A2                               0.750000    1.101987   -0.351987 (VIOLATED)
_4070_/A2                               0.750000    1.101987   -0.351987 (VIOLATED)
_4673_/A2                               0.750000    1.101987   -0.351987 (VIOLATED)
fanout171/X                             0.750000    1.101987   -0.351987 (VIOLATED)
_3621_/C1                               0.750000    1.098599   -0.348599 (VIOLATED)
_3627_/S                                0.750000    1.098599   -0.348599 (VIOLATED)
_3548_/S0                               0.750000    1.098599   -0.348599 (VIOLATED)
_3531_/C1                               0.750000    1.098592   -0.348592 (VIOLATED)
_3525_/C1                               0.750000    1.098591   -0.348591 (VIOLATED)
_4886_/A2                               0.750000    1.098591   -0.348591 (VIOLATED)
_4532_/B                                0.750000    1.098590   -0.348590 (VIOLATED)
_4190_/A                                0.750000    1.098588   -0.348588 (VIOLATED)
_3710_/A                                0.750000    1.098581   -0.348581 (VIOLATED)
fanout581/A                             0.750000    1.098581   -0.348581 (VIOLATED)
fanout582/X                             0.750000    1.098581   -0.348581 (VIOLATED)
wire152/A                               0.750000    1.094742   -0.344742 (VIOLATED)
_3731_/Y                                0.750000    1.094738   -0.344738 (VIOLATED)
_3739_/A                                0.750000    1.094738   -0.344738 (VIOLATED)
_3797_/A3                               0.750000    1.093869   -0.343869 (VIOLATED)
_3972_/A3                               0.750000    1.093869   -0.343869 (VIOLATED)
_4022_/A3                               0.750000    1.093869   -0.343869 (VIOLATED)
_4070_/A3                               0.750000    1.093869   -0.343869 (VIOLATED)
_4209_/A0                               0.750000    1.093869   -0.343869 (VIOLATED)
_4445_/A2                               0.750000    1.093869   -0.343869 (VIOLATED)
_4623_/A0                               0.750000    1.093869   -0.343869 (VIOLATED)
_4800_/A0                               0.750000    1.093869   -0.343869 (VIOLATED)
_5596_/A3                               0.750000    1.093869   -0.343869 (VIOLATED)
_5605_/A3                               0.750000    1.093869   -0.343869 (VIOLATED)
fanout17/X                              0.750000    1.093869   -0.343869 (VIOLATED)
_3555_/S                                0.750000    1.086625   -0.336625 (VIOLATED)
_3559_/A1                               0.750000    1.086623   -0.336623 (VIOLATED)
_3569_/A1                               0.750000    1.086620   -0.336620 (VIOLATED)
_4267_/B                                0.750000    1.086604   -0.336605 (VIOLATED)
_4665_/B                                0.750000    1.086601   -0.336601 (VIOLATED)
_3043_/A                                0.750000    1.086600   -0.336600 (VIOLATED)
_4502_/C1                               0.750000    1.086600   -0.336600 (VIOLATED)
_4517_/A2                               0.750000    1.086600   -0.336600 (VIOLATED)
_4524_/C1                               0.750000    1.086600   -0.336600 (VIOLATED)
_4871_/A2                               0.750000    1.086600   -0.336600 (VIOLATED)
fanout583/X                             0.750000    1.086600   -0.336600 (VIOLATED)
_3875_/A1_N                             0.750000    1.078138   -0.328139 (VIOLATED)
_4133_/A                                0.750000    1.078138   -0.328139 (VIOLATED)
_4154_/A1_N                             0.750000    1.078138   -0.328139 (VIOLATED)
_4163_/A                                0.750000    1.078138   -0.328139 (VIOLATED)
_4234_/A1_N                             0.750000    1.078138   -0.328139 (VIOLATED)
_4318_/A                                0.750000    1.078138   -0.328139 (VIOLATED)
fanout422/A                             0.750000    1.078138   -0.328139 (VIOLATED)
fanout423/X                             0.750000    1.078138   -0.328139 (VIOLATED)
fanout615/A                             0.750000    1.070490   -0.320490 (VIOLATED)
fanout616/A                             0.750000    1.070488   -0.320488 (VIOLATED)
fanout617/A                             0.750000    1.070488   -0.320488 (VIOLATED)
input6/X                                0.750000    1.070488   -0.320488 (VIOLATED)
ANTENNA_70/DIODE                        0.750000    1.065230   -0.315230 (VIOLATED)
ANTENNA_71/DIODE                        0.750000    1.065230   -0.315230 (VIOLATED)
_4933_/B1                               0.750000    1.065230   -0.315230 (VIOLATED)
_5107_/A                                0.750000    1.065230   -0.315230 (VIOLATED)
_5108_/B1                               0.750000    1.065230   -0.315230 (VIOLATED)
_5116_/B1                               0.750000    1.065230   -0.315230 (VIOLATED)
_5132_/B1                               0.750000    1.065230   -0.315230 (VIOLATED)
fanout438/A                             0.750000    1.065230   -0.315230 (VIOLATED)
fanout440/X                             0.750000    1.065230   -0.315230 (VIOLATED)
load_slew441/A                          0.750000    1.065230   -0.315230 (VIOLATED)
_3041_/A                                0.750000    1.042107   -0.292107 (VIOLATED)
_3510_/S1                               0.750000    1.042107   -0.292107 (VIOLATED)
_4277_/A                                0.750000    1.042107   -0.292107 (VIOLATED)
_4289_/D1                               0.750000    1.042107   -0.292107 (VIOLATED)
_4324_/D1                               0.750000    1.042107   -0.292107 (VIOLATED)
_4369_/A                                0.750000    1.042107   -0.292107 (VIOLATED)
_4394_/A                                0.750000    1.042107   -0.292107 (VIOLATED)
_4502_/D1                               0.750000    1.042107   -0.292107 (VIOLATED)
_4524_/D1                               0.750000    1.042107   -0.292107 (VIOLATED)
fanout588/A                             0.750000    1.042107   -0.292107 (VIOLATED)
fanout589/X                             0.750000    1.042107   -0.292107 (VIOLATED)
_3084_/A                                0.750000    1.035115   -0.285115 (VIOLATED)
_3528_/C1                               0.750000    1.035115   -0.285115 (VIOLATED)
_3533_/C1                               0.750000    1.035115   -0.285115 (VIOLATED)
_3628_/A1                               0.750000    1.035115   -0.285115 (VIOLATED)
_4268_/A1                               0.750000    1.035115   -0.285115 (VIOLATED)
_4335_/A1                               0.750000    1.035115   -0.285115 (VIOLATED)
_4428_/B                                0.750000    1.035115   -0.285115 (VIOLATED)
_4666_/A1                               0.750000    1.035115   -0.285115 (VIOLATED)
_4709_/A1                               0.750000    1.035115   -0.285115 (VIOLATED)
_4783_/B                                0.750000    1.035115   -0.285115 (VIOLATED)
fanout448/X                             0.750000    1.035115   -0.285115 (VIOLATED)
_5881_/S                                0.750000    1.031487   -0.281487 (VIOLATED)
ANTENNA_25/DIODE                        0.750000    1.031486   -0.281486 (VIOLATED)
_5882_/S                                0.750000    1.031455   -0.281455 (VIOLATED)
ANTENNA_26/DIODE                        0.750000    1.031452   -0.281452 (VIOLATED)
_5885_/S                                0.750000    1.031410   -0.281410 (VIOLATED)
ANTENNA_28/DIODE                        0.750000    1.031410   -0.281410 (VIOLATED)
_5884_/S                                0.750000    1.031380   -0.281380 (VIOLATED)
ANTENNA_27/DIODE                        0.750000    1.031372   -0.281372 (VIOLATED)
_5887_/S                                0.750000    1.030919   -0.280919 (VIOLATED)
ANTENNA_29/DIODE                        0.750000    1.030909   -0.280909 (VIOLATED)
_5886_/S                                0.750000    1.030794   -0.280794 (VIOLATED)
_5883_/S                                0.750000    1.030785   -0.280786 (VIOLATED)
_5880_/S                                0.750000    1.030781   -0.280781 (VIOLATED)
_5879_/X                                0.750000    1.030767   -0.280767 (VIOLATED)
_5603_/A2                               0.750000    1.021975   -0.271975 (VIOLATED)
_5594_/A2                               0.750000    1.021975   -0.271975 (VIOLATED)
_5570_/B1                               0.750000    1.021975   -0.271975 (VIOLATED)
_5585_/A2                               0.750000    1.021975   -0.271975 (VIOLATED)
_5569_/Y                                0.750000    1.021973   -0.271973 (VIOLATED)
_3148_/C1                               0.750000    1.020283   -0.270283 (VIOLATED)
_3171_/C1                               0.750000    1.020282   -0.270282 (VIOLATED)
_3180_/C1                               0.750000    1.020282   -0.270282 (VIOLATED)
_3185_/C1                               0.750000    1.020282   -0.270282 (VIOLATED)
_3193_/C1                               0.750000    1.020282   -0.270282 (VIOLATED)
_3220_/C1                               0.750000    1.020282   -0.270282 (VIOLATED)
fanout312/X                             0.750000    1.020282   -0.270282 (VIOLATED)
fanout473/A                             0.750000    1.019588   -0.269588 (VIOLATED)
fanout477/A                             0.750000    1.019588   -0.269588 (VIOLATED)
fanout478/A                             0.750000    1.019588   -0.269588 (VIOLATED)
fanout479/A                             0.750000    1.019588   -0.269588 (VIOLATED)
fanout487/A                             0.750000    1.019588   -0.269588 (VIOLATED)
fanout488/X                             0.750000    1.019588   -0.269588 (VIOLATED)
_4040_/A3                               0.750000    1.012528   -0.262528 (VIOLATED)
_4088_/A3                               0.750000    1.012527   -0.262527 (VIOLATED)
_3990_/A3                               0.750000    1.012526   -0.262526 (VIOLATED)
_3890_/A3                               0.750000    1.012521   -0.262521 (VIOLATED)
_4586_/B                                0.750000    1.012516   -0.262516 (VIOLATED)
_4159_/A1                               0.750000    1.012509   -0.262509 (VIOLATED)
_4239_/A0                               0.750000    1.012503   -0.262503 (VIOLATED)
_4466_/A0                               0.750000    1.012503   -0.262503 (VIOLATED)
_4644_/A0                               0.750000    1.012503   -0.262503 (VIOLATED)
_4821_/A0                               0.750000    1.012503   -0.262503 (VIOLATED)
fanout16/X                              0.750000    1.012503   -0.262503 (VIOLATED)
_3783_/A2                               0.750000    1.011629   -0.261629 (VIOLATED)
_3815_/A2                               0.750000    1.011629   -0.261629 (VIOLATED)
_3909_/A2                               0.750000    1.011629   -0.261629 (VIOLATED)
_4124_/A2                               0.750000    1.011629   -0.261629 (VIOLATED)
_4205_/A2                               0.750000    1.011629   -0.261629 (VIOLATED)
_4213_/A2                               0.750000    1.011629   -0.261629 (VIOLATED)
_4243_/A2                               0.750000    1.011629   -0.261629 (VIOLATED)
_4284_/A2                               0.750000    1.011629   -0.261629 (VIOLATED)
_4296_/A2                               0.750000    1.011629   -0.261629 (VIOLATED)
_4330_/A2                               0.750000    1.011629   -0.261629 (VIOLATED)
fanout318/X                             0.750000    1.011629   -0.261629 (VIOLATED)
_3459_/S                                0.750000    1.006610   -0.256610 (VIOLATED)
_3443_/S                                0.750000    1.006609   -0.256609 (VIOLATED)
_3395_/S                                0.750000    1.006606   -0.256606 (VIOLATED)
fanout188/A                             0.750000    1.006600   -0.256600 (VIOLATED)
fanout192/A                             0.750000    1.006595   -0.256595 (VIOLATED)
fanout194/X                             0.750000    1.006595   -0.256595 (VIOLATED)
_3506_/A1                               0.750000    1.003312   -0.253312 (VIOLATED)
_3712_/A                                0.750000    1.003312   -0.253312 (VIOLATED)
_3957_/A                                0.750000    1.003312   -0.253312 (VIOLATED)
_4301_/A1                               0.750000    1.003312   -0.253312 (VIOLATED)
_4360_/B                                0.750000    1.003312   -0.253312 (VIOLATED)
_4386_/C                                0.750000    1.003312   -0.253312 (VIOLATED)
_4420_/C                                0.750000    1.003312   -0.253312 (VIOLATED)
_4687_/A1                               0.750000    1.003312   -0.253312 (VIOLATED)
fanout448/A                             0.750000    1.003312   -0.253312 (VIOLATED)
fanout449/X                             0.750000    1.003312   -0.253312 (VIOLATED)
_4052_/A3                               0.750000    1.001274   -0.251274 (VIOLATED)
_4100_/A3                               0.750000    1.001273   -0.251273 (VIOLATED)
_4002_/A3                               0.750000    1.001273   -0.251273 (VIOLATED)
_3939_/A3                               0.750000    1.001272   -0.251272 (VIOLATED)
_4257_/A0                               0.750000    1.001257   -0.251257 (VIOLATED)
_4344_/B                                0.750000    1.001257   -0.251257 (VIOLATED)
_4345_/D_N                              0.750000    1.001257   -0.251257 (VIOLATED)
_4480_/A0                               0.750000    1.001257   -0.251257 (VIOLATED)
_4658_/A0                               0.750000    1.001257   -0.251257 (VIOLATED)
_4835_/A0                               0.750000    1.001257   -0.251257 (VIOLATED)
fanout24/X                              0.750000    1.001257   -0.251257 (VIOLATED)
_3595_/C1                               0.750000    0.999314   -0.249314 (VIOLATED)
_3559_/B1                               0.750000    0.999314   -0.249314 (VIOLATED)
_3573_/A1                               0.750000    0.999310   -0.249310 (VIOLATED)
_3574_/A1                               0.750000    0.999310   -0.249310 (VIOLATED)
_3042_/A                                0.750000    0.999301   -0.249301 (VIOLATED)
_4267_/A                                0.750000    0.999297   -0.249297 (VIOLATED)
_4487_/A                                0.750000    0.999297   -0.249297 (VIOLATED)
_4850_/A1                               0.750000    0.999297   -0.249297 (VIOLATED)
_4857_/A1                               0.750000    0.999297   -0.249297 (VIOLATED)
_4878_/A1                               0.750000    0.999297   -0.249297 (VIOLATED)
fanout579/X                             0.750000    0.999297   -0.249297 (VIOLATED)
ANTENNA_35/DIODE                        0.750000    0.999079   -0.249079 (VIOLATED)
fanout600/A                             0.750000    0.999080   -0.249080 (VIOLATED)
fanout599/A                             0.750000    0.999068   -0.249068 (VIOLATED)
ANTENNA_85/DIODE                        0.750000    0.999041   -0.249041 (VIOLATED)
fanout602/A                             0.750000    0.999041   -0.249041 (VIOLATED)
fanout601/A                             0.750000    0.999026   -0.249026 (VIOLATED)
ANTENNA_84/DIODE                        0.750000    0.999025   -0.249025 (VIOLATED)
input9/X                                0.750000    0.998703   -0.248703 (VIOLATED)
_3990_/A2                               0.750000    0.996252   -0.246252 (VIOLATED)
fanout153/A                             0.750000    0.996247   -0.246247 (VIOLATED)
_3984_/A2                               0.750000    0.996247   -0.246247 (VIOLATED)
_3717_/Y                                0.750000    0.996237   -0.246237 (VIOLATED)
fanout155/A                             0.750000    0.996237   -0.246237 (VIOLATED)
_3741_/A1                               0.750000    0.992319   -0.242319 (VIOLATED)
_3850_/A1_N                             0.750000    0.992319   -0.242319 (VIOLATED)
_3933_/A                                0.750000    0.992319   -0.242319 (VIOLATED)
_3953_/A1_N                             0.750000    0.992319   -0.242319 (VIOLATED)
_4144_/A1_N                             0.750000    0.992319   -0.242319 (VIOLATED)
_4184_/A1_N                             0.750000    0.992319   -0.242319 (VIOLATED)
_4260_/A1_N                             0.750000    0.992319   -0.242319 (VIOLATED)
fanout420/A                             0.750000    0.992319   -0.242319 (VIOLATED)
fanout421/X                             0.750000    0.992319   -0.242319 (VIOLATED)
_4344_/A                                0.750000    0.991488   -0.241488 (VIOLATED)
_4300_/A                                0.750000    0.991487   -0.241487 (VIOLATED)
_4334_/C1                               0.750000    0.991487   -0.241487 (VIOLATED)
_3083_/A                                0.750000    0.991485   -0.241485 (VIOLATED)
_3500_/S1                               0.750000    0.991485   -0.241485 (VIOLATED)
_3502_/S1                               0.750000    0.991485   -0.241485 (VIOLATED)
_3503_/S1                               0.750000    0.991485   -0.241485 (VIOLATED)
_3504_/S1                               0.750000    0.991485   -0.241485 (VIOLATED)
_4357_/A                                0.750000    0.991485   -0.241485 (VIOLATED)
_4386_/A                                0.750000    0.991485   -0.241485 (VIOLATED)
fanout585/X                             0.750000    0.991485   -0.241485 (VIOLATED)
_3203_/S                                0.750000    0.985636   -0.235637 (VIOLATED)
ANTENNA_78/DIODE                        0.750000    0.985633   -0.235633 (VIOLATED)
wire564/A                               0.750000    0.985633   -0.235633 (VIOLATED)
fanout556/A                             0.750000    0.985627   -0.235627 (VIOLATED)
fanout558/A                             0.750000    0.985627   -0.235627 (VIOLATED)
fanout563/X                             0.750000    0.985627   -0.235627 (VIOLATED)
_5652_/S                                0.750000    0.979509   -0.229510 (VIOLATED)
_5651_/S                                0.750000    0.979507   -0.229507 (VIOLATED)
_5655_/S                                0.750000    0.979503   -0.229503 (VIOLATED)
_5654_/S                                0.750000    0.979467   -0.229467 (VIOLATED)
_5657_/S                                0.750000    0.979440   -0.229440 (VIOLATED)
_5656_/S                                0.750000    0.979206   -0.229206 (VIOLATED)
_5653_/S                                0.750000    0.979018   -0.229018 (VIOLATED)
_5650_/S                                0.750000    0.979002   -0.229002 (VIOLATED)
_5649_/X                                0.750000    0.978819   -0.228820 (VIOLATED)
ANTENNA_8/DIODE                         0.750000    0.978313   -0.228313 (VIOLATED)
_3145_/A                                0.750000    0.978313   -0.228313 (VIOLATED)
_3138_/A1                               0.750000    0.978310   -0.228310 (VIOLATED)
ANTENNA_7/DIODE                         0.750000    0.978309   -0.228309 (VIOLATED)
ANTENNA_11/DIODE                        0.750000    0.978274   -0.228274 (VIOLATED)
_3195_/A1                               0.750000    0.978272   -0.228272 (VIOLATED)
_3181_/A1                               0.750000    0.978238   -0.228238 (VIOLATED)
ANTENNA_10/DIODE                        0.750000    0.978228   -0.228228 (VIOLATED)
ANTENNA_13/DIODE                        0.750000    0.978168   -0.228168 (VIOLATED)
_3224_/A1                               0.750000    0.978165   -0.228165 (VIOLATED)
ANTENNA_12/DIODE                        0.750000    0.978084   -0.228084 (VIOLATED)
_3202_/A                                0.750000    0.978085   -0.228085 (VIOLATED)
_3123_/A                                0.750000    0.978062   -0.228062 (VIOLATED)
ANTENNA_6/DIODE                         0.750000    0.978061   -0.228061 (VIOLATED)
ANTENNA_9/DIODE                         0.750000    0.978041   -0.228041 (VIOLATED)
_3167_/A1                               0.750000    0.978041   -0.228041 (VIOLATED)
_3111_/X                                0.750000    0.978029   -0.228029 (VIOLATED)
_5878_/A2                               0.750000    0.976143   -0.226143 (VIOLATED)
_5872_/A2                               0.750000    0.976142   -0.226142 (VIOLATED)
_5875_/A2                               0.750000    0.976136   -0.226136 (VIOLATED)
_5873_/A2                               0.750000    0.976131   -0.226131 (VIOLATED)
_5876_/A2                               0.750000    0.976128   -0.226128 (VIOLATED)
_5877_/A2                               0.750000    0.976073   -0.226073 (VIOLATED)
_5874_/A2                               0.750000    0.976070   -0.226070 (VIOLATED)
_5871_/A2                               0.750000    0.976066   -0.226066 (VIOLATED)
_5868_/Y                                0.750000    0.976058   -0.226058 (VIOLATED)
_5816_/S                                0.750000    0.969613   -0.219613 (VIOLATED)
_5817_/S                                0.750000    0.969611   -0.219611 (VIOLATED)
_5820_/S                                0.750000    0.969594   -0.219594 (VIOLATED)
_5819_/S                                0.750000    0.969561   -0.219561 (VIOLATED)
_5822_/S                                0.750000    0.969539   -0.219539 (VIOLATED)
_5821_/S                                0.750000    0.969484   -0.219484 (VIOLATED)
_5818_/S                                0.750000    0.969453   -0.219453 (VIOLATED)
_5814_/X                                0.750000    0.969445   -0.219445 (VIOLATED)
_5815_/S                                0.750000    0.969445   -0.219445 (VIOLATED)
_3712_/B                                0.750000    0.967483   -0.217483 (VIOLATED)
_5570_/B2                               0.750000    0.967483   -0.217483 (VIOLATED)
_5575_/A2                               0.750000    0.967483   -0.217483 (VIOLATED)
_5580_/A2                               0.750000    0.967483   -0.217483 (VIOLATED)
_5583_/B2                               0.750000    0.967483   -0.217483 (VIOLATED)
fanout361/A                             0.750000    0.967483   -0.217483 (VIOLATED)
fanout362/A                             0.750000    0.967483   -0.217483 (VIOLATED)
fanout363/X                             0.750000    0.967483   -0.217483 (VIOLATED)
_5688_/S                                0.750000    0.949673   -0.199673 (VIOLATED)
_5687_/S                                0.750000    0.949671   -0.199671 (VIOLATED)
_5691_/S                                0.750000    0.949665   -0.199665 (VIOLATED)
_5690_/S                                0.750000    0.949641   -0.199641 (VIOLATED)
_5693_/S                                0.750000    0.949628   -0.199628 (VIOLATED)
_5692_/S                                0.750000    0.949506   -0.199506 (VIOLATED)
_5352_/S                                0.750000    0.949237   -0.199237 (VIOLATED)
_5344_/S                                0.750000    0.949236   -0.199236 (VIOLATED)
_5346_/S                                0.750000    0.949235   -0.199235 (VIOLATED)
_5302_/S                                0.750000    0.949234   -0.199234 (VIOLATED)
fanout539/A                             0.750000    0.949234   -0.199234 (VIOLATED)
fanout541/A                             0.750000    0.949234   -0.199234 (VIOLATED)
fanout543/X                             0.750000    0.949234   -0.199234 (VIOLATED)
_5689_/S                                0.750000    0.949159   -0.199159 (VIOLATED)
_5685_/X                                0.750000    0.949154   -0.199154 (VIOLATED)
_5686_/S                                0.750000    0.949154   -0.199154 (VIOLATED)
_5738_/A0                               0.750000    0.948059   -0.198059 (VIOLATED)
_5701_/A1                               0.750000    0.948058   -0.198058 (VIOLATED)
_5665_/A0                               0.750000    0.948058   -0.198058 (VIOLATED)
_5626_/A1                               0.750000    0.948056   -0.198056 (VIOLATED)
_5781_/A1                               0.750000    0.948054   -0.198054 (VIOLATED)
_5931_/A0                               0.750000    0.948047   -0.198047 (VIOLATED)
fanout605/A                             0.750000    0.948047   -0.198047 (VIOLATED)
fanout606/X                             0.750000    0.948047   -0.198047 (VIOLATED)
_5807_/S                                0.750000    0.947624   -0.197624 (VIOLATED)
_5808_/S                                0.750000    0.947611   -0.197611 (VIOLATED)
ANTENNA_21/DIODE                        0.750000    0.947610   -0.197610 (VIOLATED)
_5811_/S                                0.750000    0.947593   -0.197593 (VIOLATED)
ANTENNA_23/DIODE                        0.750000    0.947588   -0.197588 (VIOLATED)
_5810_/S                                0.750000    0.947487   -0.197487 (VIOLATED)
ANTENNA_22/DIODE                        0.750000    0.947478   -0.197478 (VIOLATED)
_5813_/S                                0.750000    0.947284   -0.197284 (VIOLATED)
ANTENNA_24/DIODE                        0.750000    0.947275   -0.197275 (VIOLATED)
_5812_/S                                0.750000    0.947177   -0.197177 (VIOLATED)
_5809_/S                                0.750000    0.947170   -0.197171 (VIOLATED)
_5806_/S                                0.750000    0.947169   -0.197169 (VIOLATED)
_5805_/X                                0.750000    0.947166   -0.197166 (VIOLATED)
_5826_/S                                0.750000    0.946905   -0.196905 (VIOLATED)
_5825_/S                                0.750000    0.946903   -0.196903 (VIOLATED)
_5829_/S                                0.750000    0.946895   -0.196895 (VIOLATED)
_5828_/S                                0.750000    0.946883   -0.196883 (VIOLATED)
_5831_/S                                0.750000    0.946855   -0.196855 (VIOLATED)
_5830_/S                                0.750000    0.946827   -0.196827 (VIOLATED)
_5823_/X                                0.750000    0.946822   -0.196822 (VIOLATED)
_5824_/S                                0.750000    0.946822   -0.196822 (VIOLATED)
_5827_/S                                0.750000    0.946822   -0.196822 (VIOLATED)
_3126_/B2                               0.750000    0.943227   -0.193227 (VIOLATED)
_3135_/A1                               0.750000    0.943227   -0.193227 (VIOLATED)
_3222_/B                                0.750000    0.943212   -0.193212 (VIOLATED)
_3102_/B                                0.750000    0.943189   -0.193189 (VIOLATED)
_3103_/B                                0.750000    0.943189   -0.193189 (VIOLATED)
_3104_/A2                               0.750000    0.943189   -0.193189 (VIOLATED)
_3107_/B                                0.750000    0.943189   -0.193189 (VIOLATED)
_3165_/B                                0.750000    0.943189   -0.193189 (VIOLATED)
_6076_/B2                               0.750000    0.943189   -0.193189 (VIOLATED)
_7075_/Q                                0.750000    0.943189   -0.193189 (VIOLATED)
_3485_/Y                                0.750000    0.941283   -0.191283 (VIOLATED)
_3488_/C                                0.750000    0.941283   -0.191283 (VIOLATED)
_3741_/B1                               0.750000    0.941283   -0.191283 (VIOLATED)
_3743_/C                                0.750000    0.941283   -0.191283 (VIOLATED)
_4113_/B1                               0.750000    0.941283   -0.191283 (VIOLATED)
_4295_/B1                               0.750000    0.941283   -0.191283 (VIOLATED)
_4329_/B1                               0.750000    0.941283   -0.191283 (VIOLATED)
_4796_/A                                0.750000    0.941283   -0.191283 (VIOLATED)
_4088_/A2                               0.750000    0.940277   -0.190277 (VIOLATED)
fanout171/A                             0.750000    0.940276   -0.190276 (VIOLATED)
_4082_/A2                               0.750000    0.940275   -0.190275 (VIOLATED)
_4100_/A2                               0.750000    0.940272   -0.190272 (VIOLATED)
_4768_/A                                0.750000    0.940261   -0.190261 (VIOLATED)
fanout170/A                             0.750000    0.940261   -0.190261 (VIOLATED)
fanout172/X                             0.750000    0.940261   -0.190261 (VIOLATED)
_5367_/A2                               0.750000    0.937470   -0.187470 (VIOLATED)
_5391_/A2                               0.750000    0.937470   -0.187470 (VIOLATED)
_5399_/A2                               0.750000    0.937470   -0.187470 (VIOLATED)
_5423_/A2                               0.750000    0.937470   -0.187470 (VIOLATED)
_5431_/A2                               0.750000    0.937470   -0.187470 (VIOLATED)
_5455_/A2                               0.750000    0.937470   -0.187470 (VIOLATED)
_5463_/A2                               0.750000    0.937470   -0.187470 (VIOLATED)
_5487_/A2                               0.750000    0.937470   -0.187470 (VIOLATED)
fanout243/A                             0.750000    0.937470   -0.187470 (VIOLATED)
fanout244/X                             0.750000    0.937470   -0.187470 (VIOLATED)
_4016_/B1                               0.750000    0.935258   -0.185258 (VIOLATED)
_4040_/B1                               0.750000    0.935258   -0.185258 (VIOLATED)
_4022_/B1                               0.750000    0.935258   -0.185258 (VIOLATED)
_4034_/B1                               0.750000    0.935243   -0.185243 (VIOLATED)
_4046_/B1                               0.750000    0.935007   -0.185007 (VIOLATED)
_4009_/B1                               0.750000    0.935007   -0.185007 (VIOLATED)
_4028_/B1                               0.750000    0.935007   -0.185007 (VIOLATED)
_4008_/Y                                0.750000    0.935006   -0.185006 (VIOLATED)
_4052_/B1                               0.750000    0.935006   -0.185006 (VIOLATED)
fanout276/A                             0.750000    0.933056   -0.183056 (VIOLATED)
_4497_/A2                               0.750000    0.933056   -0.183056 (VIOLATED)
_4496_/A                                0.750000    0.933055   -0.183055 (VIOLATED)
_4460_/A                                0.750000    0.933038   -0.183038 (VIOLATED)
_4461_/A2                               0.750000    0.933038   -0.183038 (VIOLATED)
_4518_/A                                0.750000    0.933038   -0.183038 (VIOLATED)
_4519_/A2                               0.750000    0.933038   -0.183038 (VIOLATED)
fanout278/X                             0.750000    0.933038   -0.183038 (VIOLATED)
_5606_/A2                               0.750000    0.931141   -0.181141 (VIOLATED)
_3522_/B1                               0.750000    0.931140   -0.181140 (VIOLATED)
_3526_/B1                               0.750000    0.931140   -0.181140 (VIOLATED)
_3527_/B1                               0.750000    0.931140   -0.181140 (VIOLATED)
_3531_/B1                               0.750000    0.931140   -0.181140 (VIOLATED)
_3534_/B1                               0.750000    0.931140   -0.181140 (VIOLATED)
_3630_/B1                               0.750000    0.931140   -0.181140 (VIOLATED)
fanout357/A                             0.750000    0.931140   -0.181140 (VIOLATED)
fanout358/X                             0.750000    0.931140   -0.181140 (VIOLATED)
_5661_/A0                               0.750000    0.927541   -0.177541 (VIOLATED)
_5697_/A1                               0.750000    0.927541   -0.177541 (VIOLATED)
_5826_/A0                               0.750000    0.927539   -0.177539 (VIOLATED)
fanout623/A                             0.750000    0.927537   -0.177537 (VIOLATED)
_5734_/A0                               0.750000    0.927537   -0.177537 (VIOLATED)
fanout624/A                             0.750000    0.927533   -0.177533 (VIOLATED)
fanout626/X                             0.750000    0.927533   -0.177533 (VIOLATED)
_5887_/A0                               0.750000    0.923763   -0.173763 (VIOLATED)
_5923_/A1                               0.750000    0.923763   -0.173763 (VIOLATED)
_5648_/A0                               0.750000    0.923761   -0.173761 (VIOLATED)
_5757_/A0                               0.750000    0.923761   -0.173761 (VIOLATED)
_5813_/A0                               0.750000    0.923758   -0.173758 (VIOLATED)
_5914_/A0                               0.750000    0.923758   -0.173758 (VIOLATED)
_5638_/A0                               0.750000    0.923758   -0.173758 (VIOLATED)
_5748_/A0                               0.750000    0.923758   -0.173758 (VIOLATED)
_5782_/A1                               0.750000    0.923758   -0.173758 (VIOLATED)
_5840_/A0                               0.750000    0.923758   -0.173758 (VIOLATED)
fanout599/X                             0.750000    0.923758   -0.173758 (VIOLATED)
_5597_/A2                               0.750000    0.922654   -0.172655 (VIOLATED)
_5600_/A2                               0.750000    0.922654   -0.172654 (VIOLATED)
_3522_/A2                               0.750000    0.922651   -0.172651 (VIOLATED)
_3525_/B1                               0.750000    0.922651   -0.172651 (VIOLATED)
_3528_/A2                               0.750000    0.922651   -0.172651 (VIOLATED)
_3530_/A2                               0.750000    0.922651   -0.172651 (VIOLATED)
_3534_/A2                               0.750000    0.922651   -0.172651 (VIOLATED)
_3630_/A2                               0.750000    0.922651   -0.172651 (VIOLATED)
fanout368/A                             0.750000    0.922651   -0.172651 (VIOLATED)
fanout369/X                             0.750000    0.922651   -0.172651 (VIOLATED)
_5764_/S                                0.750000    0.921814   -0.171814 (VIOLATED)
_5760_/S                                0.750000    0.921806   -0.171806 (VIOLATED)
_5761_/S                                0.750000    0.921798   -0.171798 (VIOLATED)
_5763_/S                                0.750000    0.921551   -0.171551 (VIOLATED)
_5766_/S                                0.750000    0.921490   -0.171490 (VIOLATED)
_5765_/S                                0.750000    0.921361   -0.171361 (VIOLATED)
_5762_/S                                0.750000    0.921338   -0.171338 (VIOLATED)
_5759_/S                                0.750000    0.921332   -0.171332 (VIOLATED)
_5758_/X                                0.750000    0.921277   -0.171277 (VIOLATED)
_4540_/A2                               0.750000    0.919562   -0.169562 (VIOLATED)
_4893_/A2                               0.750000    0.919562   -0.169562 (VIOLATED)
_4345_/C                                0.750000    0.919561   -0.169561 (VIOLATED)
_4864_/A2                               0.750000    0.919555   -0.169555 (VIOLATED)
_4510_/A2                               0.750000    0.919553   -0.169553 (VIOLATED)
_4843_/A2                               0.750000    0.919546   -0.169546 (VIOLATED)
_4488_/A2                               0.750000    0.919544   -0.169544 (VIOLATED)
_4189_/B                                0.750000    0.919541   -0.169541 (VIOLATED)
_4608_/B                                0.750000    0.919540   -0.169540 (VIOLATED)
_3087_/A                                0.750000    0.919538   -0.169538 (VIOLATED)
fanout581/X                             0.750000    0.919538   -0.169538 (VIOLATED)
_5825_/A0                               0.750000    0.916448   -0.166448 (VIOLATED)
fanout629/A                             0.750000    0.916447   -0.166447 (VIOLATED)
_5621_/A1                               0.750000    0.916447   -0.166447 (VIOLATED)
_5660_/A0                               0.750000    0.916447   -0.166447 (VIOLATED)
_5696_/A1                               0.750000    0.916447   -0.166447 (VIOLATED)
fanout630/A                             0.750000    0.916447   -0.166447 (VIOLATED)
fanout631/X                             0.750000    0.916447   -0.166447 (VIOLATED)
_5890_/S                                0.750000    0.914539   -0.164539 (VIOLATED)
_5891_/S                                0.750000    0.914538   -0.164538 (VIOLATED)
_5894_/S                                0.750000    0.914530   -0.164530 (VIOLATED)
_5893_/S                                0.750000    0.914517   -0.164517 (VIOLATED)
_5896_/S                                0.750000    0.914325   -0.164325 (VIOLATED)
_5895_/S                                0.750000    0.914283   -0.164283 (VIOLATED)
_5659_/A0                               0.750000    0.914240   -0.164240 (VIOLATED)
_5668_/A1                               0.750000    0.914239   -0.164239 (VIOLATED)
_5775_/A1                               0.750000    0.914236   -0.164236 (VIOLATED)
fanout633/A                             0.750000    0.914234   -0.164234 (VIOLATED)
_5892_/S                                0.750000    0.914234   -0.164234 (VIOLATED)
_5806_/A0                               0.750000    0.914227   -0.164227 (VIOLATED)
_5842_/A1                               0.750000    0.914226   -0.164226 (VIOLATED)
_5784_/C                                0.750000    0.914222   -0.164223 (VIOLATED)
_5824_/A0                               0.750000    0.914222   -0.164223 (VIOLATED)
_5880_/A0                               0.750000    0.914222   -0.164223 (VIOLATED)
_5916_/A1                               0.750000    0.914222   -0.164223 (VIOLATED)
fanout634/X                             0.750000    0.914222   -0.164223 (VIOLATED)
_5889_/S                                0.750000    0.914215   -0.164215 (VIOLATED)
_5888_/X                                0.750000    0.914200   -0.164200 (VIOLATED)
_5789_/A_N                              0.750000    0.911509   -0.161509 (VIOLATED)
_5791_/A_N                              0.750000    0.911509   -0.161509 (VIOLATED)
_5795_/A_N                              0.750000    0.911509   -0.161509 (VIOLATED)
_5797_/A_N                              0.750000    0.911509   -0.161509 (VIOLATED)
_5801_/A_N                              0.750000    0.911509   -0.161509 (VIOLATED)
fanout568/A                             0.750000    0.911509   -0.161509 (VIOLATED)
fanout569/A                             0.750000    0.911509   -0.161509 (VIOLATED)
fanout570/X                             0.750000    0.911509   -0.161509 (VIOLATED)
_3199_/A1                               0.750000    0.910905   -0.160905 (VIOLATED)
_3204_/B1                               0.750000    0.910905   -0.160905 (VIOLATED)
_3208_/A1                               0.750000    0.910905   -0.160905 (VIOLATED)
_3213_/A1                               0.750000    0.910905   -0.160905 (VIOLATED)
fanout306/A                             0.750000    0.910905   -0.160905 (VIOLATED)
fanout307/X                             0.750000    0.910905   -0.160905 (VIOLATED)
_5375_/A2                               0.750000    0.907011   -0.157011 (VIOLATED)
_5383_/A2                               0.750000    0.907011   -0.157011 (VIOLATED)
_5407_/A2                               0.750000    0.907011   -0.157011 (VIOLATED)
_5415_/A2                               0.750000    0.907011   -0.157011 (VIOLATED)
_5439_/A2                               0.750000    0.907011   -0.157011 (VIOLATED)
_5443_/A2                               0.750000    0.907011   -0.157011 (VIOLATED)
_5447_/A2                               0.750000    0.907011   -0.157011 (VIOLATED)
_5471_/A2                               0.750000    0.907011   -0.157011 (VIOLATED)
_5479_/A2                               0.750000    0.907011   -0.157011 (VIOLATED)
fanout239/A                             0.750000    0.907011   -0.157011 (VIOLATED)
fanout240/X                             0.750000    0.907011   -0.157011 (VIOLATED)
_7085_/RESET_B                          0.750000    0.901761   -0.151761 (VIOLATED)
fanout713/A                             0.750000    0.901761   -0.151761 (VIOLATED)
fanout717/A                             0.750000    0.901761   -0.151761 (VIOLATED)
fanout724/A                             0.750000    0.901761   -0.151761 (VIOLATED)
fanout739/A                             0.750000    0.901761   -0.151761 (VIOLATED)
fanout740/X                             0.750000    0.901761   -0.151761 (VIOLATED)
_3085_/B                                0.750000    0.898117   -0.148118 (VIOLATED)
_3086_/C                                0.750000    0.898117   -0.148118 (VIOLATED)
_3958_/B                                0.750000    0.898117   -0.148118 (VIOLATED)
_3978_/A1                               0.750000    0.898117   -0.148118 (VIOLATED)
_3996_/A1                               0.750000    0.898117   -0.148118 (VIOLATED)
_4002_/A1                               0.750000    0.898117   -0.148118 (VIOLATED)
_4076_/A1                               0.750000    0.898117   -0.148118 (VIOLATED)
_4094_/A1                               0.750000    0.898117   -0.148118 (VIOLATED)
_4100_/A1                               0.750000    0.898117   -0.148118 (VIOLATED)
_5512_/A                                0.750000    0.898117   -0.148118 (VIOLATED)
fanout322/X                             0.750000    0.898117   -0.148118 (VIOLATED)
_3876_/A2                               0.750000    0.896351   -0.146351 (VIOLATED)
_4134_/A2                               0.750000    0.896351   -0.146351 (VIOLATED)
_4155_/A2                               0.750000    0.896351   -0.146351 (VIOLATED)
_4164_/A2                               0.750000    0.896351   -0.146351 (VIOLATED)
_4235_/A2                               0.750000    0.896351   -0.146351 (VIOLATED)
_4319_/A2                               0.750000    0.896351   -0.146351 (VIOLATED)
fanout318/A                             0.750000    0.896351   -0.146351 (VIOLATED)
fanout319/X                             0.750000    0.896351   -0.146351 (VIOLATED)
_3187_/C1                               0.750000    0.895537   -0.145537 (VIOLATED)
_3189_/C1                               0.750000    0.895537   -0.145537 (VIOLATED)
_3174_/B1                               0.750000    0.895523   -0.145523 (VIOLATED)
_3177_/C1                               0.750000    0.895518   -0.145518 (VIOLATED)
_3216_/B1                               0.750000    0.895518   -0.145518 (VIOLATED)
_3223_/C1                               0.750000    0.895518   -0.145518 (VIOLATED)
fanout314/X                             0.750000    0.895518   -0.145518 (VIOLATED)
fanout761/A                             0.750000    0.885176   -0.135176 (VIOLATED)
fanout758/A                             0.750000    0.885174   -0.135174 (VIOLATED)
fanout746/A                             0.750000    0.885157   -0.135157 (VIOLATED)
fanout752/A                             0.750000    0.885142   -0.135142 (VIOLATED)
fanout788/A                             0.750000    0.885125   -0.135125 (VIOLATED)
fanout790/X                             0.750000    0.885125   -0.135125 (VIOLATED)
_4524_/B1                               0.750000    0.882802   -0.132802 (VIOLATED)
_4502_/B1                               0.750000    0.882802   -0.132802 (VIOLATED)
_4324_/B1                               0.750000    0.882801   -0.132801 (VIOLATED)
_4402_/B1                               0.750000    0.882801   -0.132801 (VIOLATED)
_4377_/B1                               0.750000    0.882801   -0.132801 (VIOLATED)
_4289_/B1                               0.750000    0.882800   -0.132800 (VIOLATED)
_4277_/C                                0.750000    0.882800   -0.132800 (VIOLATED)
_4368_/C                                0.750000    0.882800   -0.132800 (VIOLATED)
_4562_/C                                0.750000    0.882800   -0.132800 (VIOLATED)
_4579_/A3                               0.750000    0.882800   -0.132800 (VIOLATED)
fanout139/X                             0.750000    0.882800   -0.132800 (VIOLATED)
_3108_/Y                                0.750000    0.880374   -0.130374 (VIOLATED)
fanout307/A                             0.750000    0.880374   -0.130374 (VIOLATED)
fanout309/A                             0.750000    0.880374   -0.130374 (VIOLATED)
_4383_/B2                               0.750000    0.878446   -0.128446 (VIOLATED)
_4743_/B2                               0.750000    0.878445   -0.128445 (VIOLATED)
_4136_/B2                               0.750000    0.878445   -0.128445 (VIOLATED)
_4567_/B2                               0.750000    0.878445   -0.128445 (VIOLATED)
_3784_/A2                               0.750000    0.878443   -0.128443 (VIOLATED)
_3817_/A2                               0.750000    0.878443   -0.128443 (VIOLATED)
_3970_/A2                               0.750000    0.878443   -0.128443 (VIOLATED)
_3976_/A2                               0.750000    0.878443   -0.128443 (VIOLATED)
_4125_/B2                               0.750000    0.878443   -0.128443 (VIOLATED)
_4374_/B2                               0.750000    0.878443   -0.128443 (VIOLATED)
fanout392/X                             0.750000    0.878443   -0.128443 (VIOLATED)
_4824_/C1                               0.750000    0.875778   -0.125778 (VIOLATED)
_4205_/B1                               0.750000    0.875777   -0.125777 (VIOLATED)
_4213_/B1                               0.750000    0.875777   -0.125777 (VIOLATED)
_4284_/B1                               0.750000    0.875777   -0.125777 (VIOLATED)
_4440_/C1                               0.750000    0.875777   -0.125777 (VIOLATED)
_4498_/C1                               0.750000    0.875777   -0.125777 (VIOLATED)
_4619_/C1                               0.750000    0.875777   -0.125777 (VIOLATED)
_4860_/A                                0.750000    0.875777   -0.125777 (VIOLATED)
_4881_/A                                0.750000    0.875777   -0.125777 (VIOLATED)
fanout405/A                             0.750000    0.875777   -0.125777 (VIOLATED)
fanout406/X                             0.750000    0.875777   -0.125777 (VIOLATED)
_4041_/B                                0.750000    0.875696   -0.125696 (VIOLATED)
_4042_/A2                               0.750000    0.875696   -0.125696 (VIOLATED)
_4645_/A                                0.750000    0.875696   -0.125696 (VIOLATED)
_4646_/A2                               0.750000    0.875696   -0.125696 (VIOLATED)
fanout261/A                             0.750000    0.875696   -0.125696 (VIOLATED)
fanout263/A                             0.750000    0.875696   -0.125696 (VIOLATED)
fanout265/X                             0.750000    0.875696   -0.125696 (VIOLATED)
_5563_/B2                               0.750000    0.875535   -0.125535 (VIOLATED)
_5555_/B2                               0.750000    0.875533   -0.125533 (VIOLATED)
_5566_/B2                               0.750000    0.875533   -0.125533 (VIOLATED)
_5539_/B2                               0.750000    0.875531   -0.125531 (VIOLATED)
_5558_/B2                               0.750000    0.875531   -0.125531 (VIOLATED)
_5547_/B2                               0.750000    0.875530   -0.125530 (VIOLATED)
_5542_/B2                               0.750000    0.875529   -0.125529 (VIOLATED)
fanout329/X                             0.750000    0.875529   -0.125529 (VIOLATED)
load_slew330/A                          0.750000    0.875529   -0.125529 (VIOLATED)
_4381_/C1                               0.750000    0.873504   -0.123504 (VIOLATED)
fanout483/A                             0.750000    0.873497   -0.123497 (VIOLATED)
_4037_/A1                               0.750000    0.873494   -0.123494 (VIOLATED)
_4084_/B1_N                             0.750000    0.873494   -0.123494 (VIOLATED)
_4085_/A1                               0.750000    0.873494   -0.123494 (VIOLATED)
fanout480/A                             0.750000    0.873494   -0.123494 (VIOLATED)
fanout486/A                             0.750000    0.873494   -0.123494 (VIOLATED)
fanout487/X                             0.750000    0.873494   -0.123494 (VIOLATED)
_3955_/C1                               0.750000    0.872339   -0.122339 (VIOLATED)
_4006_/C1                               0.750000    0.872339   -0.122339 (VIOLATED)
_4050_/C1                               0.750000    0.872339   -0.122339 (VIOLATED)
_4056_/C1                               0.750000    0.872339   -0.122339 (VIOLATED)
_4098_/C1                               0.750000    0.872339   -0.122339 (VIOLATED)
_4104_/C1                               0.750000    0.872339   -0.122339 (VIOLATED)
fanout70/A                              0.750000    0.872339   -0.122339 (VIOLATED)
fanout71/X                              0.750000    0.872339   -0.122339 (VIOLATED)
_5554_/A2                               0.750000    0.872216   -0.122216 (VIOLATED)
_5562_/A2                               0.750000    0.872216   -0.122216 (VIOLATED)
_5559_/A2                               0.750000    0.872214   -0.122214 (VIOLATED)
_5501_/B                                0.750000    0.872213   -0.122213 (VIOLATED)
_5535_/A2                               0.750000    0.872213   -0.122213 (VIOLATED)
_5538_/A2                               0.750000    0.872213   -0.122213 (VIOLATED)
_5543_/A2                               0.750000    0.872213   -0.122213 (VIOLATED)
_5546_/A2                               0.750000    0.872213   -0.122213 (VIOLATED)
_5549_/A2                               0.750000    0.872213   -0.122213 (VIOLATED)
_5551_/A2                               0.750000    0.872213   -0.122213 (VIOLATED)
fanout516/X                             0.750000    0.872213   -0.122213 (VIOLATED)
_5725_/S                                0.750000    0.871188   -0.121189 (VIOLATED)
_5724_/S                                0.750000    0.871187   -0.121187 (VIOLATED)
_5728_/S                                0.750000    0.871179   -0.121179 (VIOLATED)
_5727_/S                                0.750000    0.871158   -0.121158 (VIOLATED)
_5730_/S                                0.750000    0.871067   -0.121067 (VIOLATED)
_5729_/S                                0.750000    0.871042   -0.121042 (VIOLATED)
_5726_/S                                0.750000    0.871021   -0.121021 (VIOLATED)
_5723_/S                                0.750000    0.871013   -0.121013 (VIOLATED)
_5722_/X                                0.750000    0.870985   -0.120985 (VIOLATED)
_4176_/B2                               0.750000    0.866513   -0.116513 (VIOLATED)
_4365_/B2                               0.750000    0.866513   -0.116513 (VIOLATED)
_4146_/B2                               0.750000    0.866512   -0.116512 (VIOLATED)
_4552_/B2                               0.750000    0.866512   -0.116512 (VIOLATED)
_4391_/B2                               0.750000    0.866511   -0.116511 (VIOLATED)
_4728_/B2                               0.750000    0.866508   -0.116508 (VIOLATED)
_4750_/B2                               0.750000    0.866505   -0.116505 (VIOLATED)
fanout377/A                             0.750000    0.866502   -0.116502 (VIOLATED)
fanout378/X                             0.750000    0.866502   -0.116502 (VIOLATED)
fanout497/A                             0.750000    0.865325   -0.115325 (VIOLATED)
_4254_/A2                               0.750000    0.865324   -0.115325 (VIOLATED)
_4341_/A2                               0.750000    0.865324   -0.115325 (VIOLATED)
_4477_/A2                               0.750000    0.865324   -0.115325 (VIOLATED)
_4537_/A2                               0.750000    0.865324   -0.115325 (VIOLATED)
_4655_/A2                               0.750000    0.865324   -0.115325 (VIOLATED)
_4713_/A2                               0.750000    0.865324   -0.115325 (VIOLATED)
_4832_/A2                               0.750000    0.865324   -0.115325 (VIOLATED)
fanout498/A                             0.750000    0.865324   -0.115325 (VIOLATED)
fanout499/X                             0.750000    0.865324   -0.115325 (VIOLATED)
_3152_/A1                               0.750000    0.864554   -0.114554 (VIOLATED)
_3131_/C1                               0.750000    0.864552   -0.114552 (VIOLATED)
_3194_/A                                0.750000    0.864547   -0.114547 (VIOLATED)
_3175_/A                                0.750000    0.864528   -0.114528 (VIOLATED)
_3217_/A                                0.750000    0.864468   -0.114468 (VIOLATED)
_3209_/A1                               0.750000    0.864451   -0.114451 (VIOLATED)
_3124_/A1                               0.750000    0.864439   -0.114440 (VIOLATED)
_3160_/A                                0.750000    0.864438   -0.114438 (VIOLATED)
_3112_/Y                                0.750000    0.864435   -0.114435 (VIOLATED)
_3604_/Y                                0.750000    0.864331   -0.114331 (VIOLATED)
_3605_/B                                0.750000    0.864331   -0.114331 (VIOLATED)
_3141_/B2                               0.750000    0.864268   -0.114268 (VIOLATED)
_3127_/B1                               0.750000    0.864267   -0.114267 (VIOLATED)
_3129_/B2                               0.750000    0.864267   -0.114267 (VIOLATED)
_3133_/B2                               0.750000    0.864267   -0.114267 (VIOLATED)
_3136_/A                                0.750000    0.864267   -0.114267 (VIOLATED)
_3137_/A2                               0.750000    0.864267   -0.114267 (VIOLATED)
_3184_/B2                               0.750000    0.864267   -0.114267 (VIOLATED)
_3187_/A2                               0.750000    0.864267   -0.114267 (VIOLATED)
_3189_/A2                               0.750000    0.864267   -0.114267 (VIOLATED)
_3192_/B2                               0.750000    0.864267   -0.114267 (VIOLATED)
fanout417/X                             0.750000    0.864267   -0.114267 (VIOLATED)
_4792_/S                                0.750000    0.861517   -0.111517 (VIOLATED)
_4800_/S                                0.750000    0.861516   -0.111516 (VIOLATED)
_4821_/S                                0.750000    0.861516   -0.111516 (VIOLATED)
_4783_/X                                0.750000    0.861515   -0.111515 (VIOLATED)
_4784_/B                                0.750000    0.861515   -0.111515 (VIOLATED)
_4785_/A2                               0.750000    0.861515   -0.111515 (VIOLATED)
_4807_/S                                0.750000    0.861515   -0.111515 (VIOLATED)
_4814_/S                                0.750000    0.861515   -0.111515 (VIOLATED)
_4828_/S                                0.750000    0.861515   -0.111515 (VIOLATED)
_4835_/S                                0.750000    0.861515   -0.111515 (VIOLATED)
_5227_/A2                               0.750000    0.856612   -0.106612 (VIOLATED)
fanout115/A                             0.750000    0.856612   -0.106612 (VIOLATED)
_5251_/A2                               0.750000    0.856608   -0.106608 (VIOLATED)
_4997_/B1                               0.750000    0.856598   -0.106598 (VIOLATED)
_5161_/A2                               0.750000    0.856598   -0.106598 (VIOLATED)
_5239_/A2                               0.750000    0.856598   -0.106598 (VIOLATED)
_5263_/A2                               0.750000    0.856598   -0.106598 (VIOLATED)
fanout117/X                             0.750000    0.856598   -0.106598 (VIOLATED)
_5224_/A2                               0.750000    0.854471   -0.104471 (VIOLATED)
fanout101/A                             0.750000    0.854471   -0.104471 (VIOLATED)
_5248_/A2                               0.750000    0.854464   -0.104464 (VIOLATED)
_5004_/B1                               0.750000    0.854451   -0.104451 (VIOLATED)
_5163_/A2                               0.750000    0.854451   -0.104451 (VIOLATED)
_5179_/A2                               0.750000    0.854451   -0.104451 (VIOLATED)
_5242_/A2                               0.750000    0.854451   -0.104451 (VIOLATED)
fanout103/X                             0.750000    0.854451   -0.104451 (VIOLATED)
_3539_/B                                0.750000    0.854139   -0.104139 (VIOLATED)
_3632_/B                                0.750000    0.854138   -0.104138 (VIOLATED)
_3524_/A2                               0.750000    0.854136   -0.104136 (VIOLATED)
_4355_/B                                0.750000    0.854117   -0.104117 (VIOLATED)
_3499_/B                                0.750000    0.854114   -0.104114 (VIOLATED)
_4360_/C                                0.750000    0.854113   -0.104113 (VIOLATED)
_3494_/X                                0.750000    0.854109   -0.104109 (VIOLATED)
_3517_/B                                0.750000    0.854109   -0.104109 (VIOLATED)
_3552_/A2                               0.750000    0.854109   -0.104109 (VIOLATED)
_3603_/A2                               0.750000    0.854109   -0.104109 (VIOLATED)
_4723_/C                                0.750000    0.854109   -0.104109 (VIOLATED)
_4216_/B1                               0.750000    0.854054   -0.104054 (VIOLATED)
_4298_/B1                               0.750000    0.854054   -0.104054 (VIOLATED)
_4450_/B1                               0.750000    0.854054   -0.104054 (VIOLATED)
_4500_/B1                               0.750000    0.854054   -0.104054 (VIOLATED)
_4508_/B1                               0.750000    0.854054   -0.104054 (VIOLATED)
_4678_/B1                               0.750000    0.854054   -0.104054 (VIOLATED)
_4685_/B1                               0.750000    0.854054   -0.104054 (VIOLATED)
_4805_/B1                               0.750000    0.854054   -0.104054 (VIOLATED)
_4826_/B1                               0.750000    0.854054   -0.104054 (VIOLATED)
_4862_/B1                               0.750000    0.854054   -0.104054 (VIOLATED)
fanout39/X                              0.750000    0.854054   -0.104054 (VIOLATED)
_3153_/X                                0.750000    0.852877   -0.102877 (VIOLATED)
wire80/A                                0.750000    0.852877   -0.102877 (VIOLATED)
_4064_/A3                               0.750000    0.851862   -0.101862 (VIOLATED)
_3966_/A3                               0.750000    0.851862   -0.101862 (VIOLATED)
_4016_/A3                               0.750000    0.851861   -0.101861 (VIOLATED)
_3764_/A3                               0.750000    0.851858   -0.101858 (VIOLATED)
_4118_/A1                               0.750000    0.851854   -0.101854 (VIOLATED)
_4199_/A0                               0.750000    0.851848   -0.101849 (VIOLATED)
_4277_/B                                0.750000    0.851848   -0.101849 (VIOLATED)
_4437_/A0                               0.750000    0.851848   -0.101849 (VIOLATED)
_4616_/A0                               0.750000    0.851848   -0.101849 (VIOLATED)
_4792_/A0                               0.750000    0.851848   -0.101849 (VIOLATED)
fanout22/X                              0.750000    0.851848   -0.101849 (VIOLATED)
_4811_/A2                               0.750000    0.849654   -0.099654 (VIOLATED)
_4456_/A2                               0.750000    0.849654   -0.099654 (VIOLATED)
_4514_/A2                               0.750000    0.849653   -0.099653 (VIOLATED)
_4691_/A2                               0.750000    0.849652   -0.099652 (VIOLATED)
_4868_/A2                               0.750000    0.849652   -0.099652 (VIOLATED)
_4634_/A2                               0.750000    0.849651   -0.099651 (VIOLATED)
_4226_/A2                               0.750000    0.849651   -0.099651 (VIOLATED)
_4196_/A2                               0.750000    0.849650   -0.099650 (VIOLATED)
_4274_/A2                               0.750000    0.849650   -0.099650 (VIOLATED)
_4309_/A2                               0.750000    0.849650   -0.099650 (VIOLATED)
fanout497/X                             0.750000    0.849650   -0.099650 (VIOLATED)
_5899_/S                                0.750000    0.845725   -0.095725 (VIOLATED)
_5900_/S                                0.750000    0.845722   -0.095722 (VIOLATED)
_5903_/S                                0.750000    0.845720   -0.095720 (VIOLATED)
_5902_/S                                0.750000    0.845697   -0.095697 (VIOLATED)
_5905_/S                                0.750000    0.845663   -0.095663 (VIOLATED)
_5904_/S                                0.750000    0.845636   -0.095636 (VIOLATED)
_5901_/S                                0.750000    0.845635   -0.095635 (VIOLATED)
_5898_/S                                0.750000    0.845635   -0.095635 (VIOLATED)
_5897_/X                                0.750000    0.845630   -0.095630 (VIOLATED)
_5695_/A1                               0.750000    0.845228   -0.095228 (VIOLATED)
_5732_/A0                               0.750000    0.845227   -0.095227 (VIOLATED)
_5860_/A1                               0.750000    0.845221   -0.095221 (VIOLATED)
_5650_/A1                               0.750000    0.845217   -0.095217 (VIOLATED)
_5686_/A1                               0.750000    0.845217   -0.095217 (VIOLATED)
_5723_/A0                               0.750000    0.845217   -0.095217 (VIOLATED)
_5759_/A0                               0.750000    0.845217   -0.095217 (VIOLATED)
_5815_/A1                               0.750000    0.845217   -0.095217 (VIOLATED)
_5851_/A1                               0.750000    0.845217   -0.095217 (VIOLATED)
_5889_/A0                               0.750000    0.845217   -0.095217 (VIOLATED)
fanout635/X                             0.750000    0.845217   -0.095217 (VIOLATED)
_4215_/B2                               0.750000    0.844110   -0.094110 (VIOLATED)
_4627_/B2                               0.750000    0.844110   -0.094110 (VIOLATED)
_4825_/B2                               0.750000    0.844110   -0.094110 (VIOLATED)
_4861_/B2                               0.750000    0.844110   -0.094110 (VIOLATED)
_4286_/B2                               0.750000    0.844109   -0.094109 (VIOLATED)
_4297_/B2                               0.750000    0.844109   -0.094109 (VIOLATED)
_4449_/B2                               0.750000    0.844109   -0.094109 (VIOLATED)
_4507_/B2                               0.750000    0.844109   -0.094109 (VIOLATED)
_4684_/B2                               0.750000    0.844109   -0.094109 (VIOLATED)
_4804_/B2                               0.750000    0.844109   -0.094109 (VIOLATED)
fanout388/X                             0.750000    0.844109   -0.094109 (VIOLATED)
_4215_/A2                               0.750000    0.843401   -0.093401 (VIOLATED)
_4297_/A2                               0.750000    0.843401   -0.093401 (VIOLATED)
_4449_/A2                               0.750000    0.843401   -0.093401 (VIOLATED)
_4499_/A2                               0.750000    0.843401   -0.093401 (VIOLATED)
_4507_/A2                               0.750000    0.843401   -0.093401 (VIOLATED)
_4627_/A2                               0.750000    0.843401   -0.093401 (VIOLATED)
_4684_/A2                               0.750000    0.843401   -0.093401 (VIOLATED)
_4804_/A2                               0.750000    0.843401   -0.093401 (VIOLATED)
_4825_/A2                               0.750000    0.843401   -0.093401 (VIOLATED)
_4861_/A2                               0.750000    0.843401   -0.093401 (VIOLATED)
fanout508/X                             0.750000    0.843401   -0.093401 (VIOLATED)
_5470_/A2                               0.750000    0.841367   -0.091367 (VIOLATED)
_5467_/A2                               0.750000    0.841367   -0.091367 (VIOLATED)
_5406_/A2                               0.750000    0.841366   -0.091366 (VIOLATED)
_5403_/A2                               0.750000    0.841366   -0.091366 (VIOLATED)
_5435_/A2                               0.750000    0.841365   -0.091365 (VIOLATED)
_5438_/A2                               0.750000    0.841363   -0.091363 (VIOLATED)
_5371_/A2                               0.750000    0.841363   -0.091363 (VIOLATED)
_5379_/A2                               0.750000    0.841363   -0.091363 (VIOLATED)
_5382_/A2                               0.750000    0.841363   -0.091363 (VIOLATED)
_5411_/A2                               0.750000    0.841363   -0.091363 (VIOLATED)
fanout237/X                             0.750000    0.841363   -0.091363 (VIOLATED)
_3126_/C1                               0.750000    0.839988   -0.089988 (VIOLATED)
_3144_/B1                               0.750000    0.839988   -0.089988 (VIOLATED)
_3130_/A1                               0.750000    0.839987   -0.089987 (VIOLATED)
_3134_/A1                               0.750000    0.839987   -0.089987 (VIOLATED)
_3142_/A1                               0.750000    0.839987   -0.089987 (VIOLATED)
_3148_/A1                               0.750000    0.839987   -0.089987 (VIOLATED)
_3185_/A1                               0.750000    0.839987   -0.089987 (VIOLATED)
_3187_/B1                               0.750000    0.839987   -0.089987 (VIOLATED)
_3189_/B1                               0.750000    0.839987   -0.089987 (VIOLATED)
_3193_/A1                               0.750000    0.839987   -0.089987 (VIOLATED)
fanout308/X                             0.750000    0.839987   -0.089987 (VIOLATED)
_3082_/A                                0.750000    0.836679   -0.086679 (VIOLATED)
_3493_/A                                0.750000    0.836679   -0.086679 (VIOLATED)
_3494_/A                                0.750000    0.836679   -0.086679 (VIOLATED)
_3550_/A                                0.750000    0.836679   -0.086679 (VIOLATED)
_3553_/S1                               0.750000    0.836679   -0.086679 (VIOLATED)
_3554_/S1                               0.750000    0.836679   -0.086679 (VIOLATED)
_3592_/S1                               0.750000    0.836679   -0.086679 (VIOLATED)
_3596_/S1                               0.750000    0.836679   -0.086679 (VIOLATED)
_3597_/S1                               0.750000    0.836679   -0.086679 (VIOLATED)
_3601_/A                                0.750000    0.836679   -0.086679 (VIOLATED)
fanout587/X                             0.750000    0.836679   -0.086679 (VIOLATED)
_3103_/C                                0.750000    0.836093   -0.086093 (VIOLATED)
_3104_/B1                               0.750000    0.836093   -0.086093 (VIOLATED)
_3110_/A1                               0.750000    0.836093   -0.086093 (VIOLATED)
_3116_/A1                               0.750000    0.836093   -0.086093 (VIOLATED)
_3155_/A1                               0.750000    0.836093   -0.086093 (VIOLATED)
_3162_/A1                               0.750000    0.836093   -0.086093 (VIOLATED)
_3198_/A1                               0.750000    0.836093   -0.086093 (VIOLATED)
_6077_/A                                0.750000    0.836093   -0.086093 (VIOLATED)
_6080_/A1                               0.750000    0.836093   -0.086093 (VIOLATED)
_6081_/A                                0.750000    0.836093   -0.086093 (VIOLATED)
fanout554/X                             0.750000    0.836093   -0.086093 (VIOLATED)
_4056_/B1                               0.750000    0.835714   -0.085714 (VIOLATED)
_4098_/B1                               0.750000    0.835714   -0.085714 (VIOLATED)
_4104_/B1                               0.750000    0.835714   -0.085714 (VIOLATED)
_4187_/A2                               0.750000    0.835714   -0.085714 (VIOLATED)
_4426_/A2                               0.750000    0.835714   -0.085714 (VIOLATED)
_4606_/A2                               0.750000    0.835714   -0.085714 (VIOLATED)
_4781_/A2                               0.750000    0.835714   -0.085714 (VIOLATED)
fanout291/X                             0.750000    0.835714   -0.085714 (VIOLATED)
_3108_/B                                0.750000    0.834927   -0.084927 (VIOLATED)
_3110_/B2                               0.750000    0.834927   -0.084927 (VIOLATED)
_3116_/B2                               0.750000    0.834927   -0.084927 (VIOLATED)
_3119_/B1                               0.750000    0.834927   -0.084927 (VIOLATED)
_3122_/A2                               0.750000    0.834927   -0.084927 (VIOLATED)
_3162_/B2                               0.750000    0.834927   -0.084927 (VIOLATED)
_3201_/A2                               0.750000    0.834927   -0.084927 (VIOLATED)
_6077_/B                                0.750000    0.834927   -0.084927 (VIOLATED)
_6079_/B                                0.750000    0.834927   -0.084927 (VIOLATED)
_6081_/B                                0.750000    0.834927   -0.084927 (VIOLATED)
fanout415/X                             0.750000    0.834927   -0.084927 (VIOLATED)
_3433_/S                                0.750000    0.833898   -0.083898 (VIOLATED)
_3479_/S                                0.750000    0.833898   -0.083898 (VIOLATED)
_3481_/S                                0.750000    0.833898   -0.083898 (VIOLATED)
fanout182/A                             0.750000    0.833898   -0.083898 (VIOLATED)
fanout184/A                             0.750000    0.833898   -0.083898 (VIOLATED)
fanout187/X                             0.750000    0.833898   -0.083898 (VIOLATED)
_5430_/A2                               0.750000    0.831227   -0.081227 (VIOLATED)
_5366_/A2                               0.750000    0.831227   -0.081227 (VIOLATED)
_5398_/A2                               0.750000    0.831227   -0.081227 (VIOLATED)
_5360_/A2                               0.750000    0.831227   -0.081227 (VIOLATED)
_5363_/A2                               0.750000    0.831227   -0.081227 (VIOLATED)
_5392_/A2                               0.750000    0.831227   -0.081227 (VIOLATED)
_5395_/A2                               0.750000    0.831227   -0.081227 (VIOLATED)
_5424_/A2                               0.750000    0.831227   -0.081227 (VIOLATED)
_5427_/A2                               0.750000    0.831227   -0.081227 (VIOLATED)
_5456_/A2                               0.750000    0.831227   -0.081227 (VIOLATED)
fanout241/X                             0.750000    0.831227   -0.081227 (VIOLATED)
fanout499/A                             0.750000    0.829519   -0.079519 (VIOLATED)
fanout500/A                             0.750000    0.829515   -0.079515 (VIOLATED)
_4773_/A2                               0.750000    0.829514   -0.079514 (VIOLATED)
_4598_/A2                               0.750000    0.829514   -0.079514 (VIOLATED)
fanout502/A                             0.750000    0.829513   -0.079514 (VIOLATED)
fanout504/A                             0.750000    0.829513   -0.079514 (VIOLATED)
fanout505/X                             0.750000    0.829513   -0.079514 (VIOLATED)
_5862_/S                                0.750000    0.828804   -0.078804 (VIOLATED)
_5861_/S                                0.750000    0.828802   -0.078802 (VIOLATED)
_5865_/S                                0.750000    0.828789   -0.078789 (VIOLATED)
_5864_/S                                0.750000    0.828782   -0.078782 (VIOLATED)
_5867_/S                                0.750000    0.828759   -0.078759 (VIOLATED)
_5859_/X                                0.750000    0.828752   -0.078752 (VIOLATED)
_5860_/S                                0.750000    0.828752   -0.078752 (VIOLATED)
_5863_/S                                0.750000    0.828752   -0.078752 (VIOLATED)
_5866_/S                                0.750000    0.828752   -0.078752 (VIOLATED)
_5588_/A3                               0.750000    0.827225   -0.077225 (VIOLATED)
_4076_/A3                               0.750000    0.827222   -0.077222 (VIOLATED)
_4139_/A1                               0.750000    0.827222   -0.077222 (VIOLATED)
_4386_/D_N                              0.750000    0.827222   -0.077222 (VIOLATED)
_4571_/A2                               0.750000    0.827222   -0.077222 (VIOLATED)
_5575_/A3                               0.750000    0.827222   -0.077222 (VIOLATED)
fanout21/X                              0.750000    0.827222   -0.077222 (VIOLATED)
fanout285/A                             0.750000    0.822132   -0.072132 (VIOLATED)
fanout288/A                             0.750000    0.822132   -0.072132 (VIOLATED)
fanout291/A                             0.750000    0.822132   -0.072132 (VIOLATED)
fanout304/X                             0.750000    0.822132   -0.072132 (VIOLATED)
load_slew305/A                          0.750000    0.822132   -0.072132 (VIOLATED)
_3985_/B                                0.750000    0.821302   -0.071302 (VIOLATED)
_3986_/A2                               0.750000    0.821302   -0.071302 (VIOLATED)
_4371_/A                                0.750000    0.821302   -0.071302 (VIOLATED)
_4372_/A2                               0.750000    0.821302   -0.071302 (VIOLATED)
_4396_/A                                0.750000    0.821302   -0.071302 (VIOLATED)
_4397_/A2                               0.750000    0.821302   -0.071302 (VIOLATED)
fanout279/A                             0.750000    0.821302   -0.071302 (VIOLATED)
fanout281/X                             0.750000    0.821302   -0.071302 (VIOLATED)
_4217_/A2                               0.750000    0.820463   -0.070464 (VIOLATED)
_4299_/A2                               0.750000    0.820463   -0.070464 (VIOLATED)
_4451_/A2                               0.750000    0.820463   -0.070464 (VIOLATED)
_4501_/A2                               0.750000    0.820463   -0.070464 (VIOLATED)
_4509_/A2                               0.750000    0.820463   -0.070464 (VIOLATED)
_4679_/A2                               0.750000    0.820463   -0.070464 (VIOLATED)
_4686_/A2                               0.750000    0.820463   -0.070464 (VIOLATED)
_4806_/A2                               0.750000    0.820463   -0.070464 (VIOLATED)
_4827_/A2                               0.750000    0.820463   -0.070464 (VIOLATED)
_4863_/A2                               0.750000    0.820463   -0.070464 (VIOLATED)
fanout61/X                              0.750000    0.820463   -0.070464 (VIOLATED)
_3090_/A                                0.750000    0.819641   -0.069642 (VIOLATED)
_3091_/A                                0.750000    0.819641   -0.069642 (VIOLATED)
_3098_/B                                0.750000    0.819641   -0.069642 (VIOLATED)
_3721_/A                                0.750000    0.819641   -0.069642 (VIOLATED)
_3722_/A                                0.750000    0.819641   -0.069642 (VIOLATED)
_3728_/A_N                              0.750000    0.819641   -0.069642 (VIOLATED)
_3920_/A_N                              0.750000    0.819641   -0.069642 (VIOLATED)
_3924_/A_N                              0.750000    0.819641   -0.069642 (VIOLATED)
_3940_/A_N                              0.750000    0.819641   -0.069642 (VIOLATED)
fanout571/A                             0.750000    0.819641   -0.069642 (VIOLATED)
fanout572/X                             0.750000    0.819641   -0.069642 (VIOLATED)
_5362_/A2                               0.750000    0.816736   -0.066736 (VIOLATED)
_5365_/A2                               0.750000    0.816736   -0.066736 (VIOLATED)
_5393_/A2                               0.750000    0.816736   -0.066736 (VIOLATED)
_5397_/A2                               0.750000    0.816736   -0.066736 (VIOLATED)
_5425_/A2                               0.750000    0.816736   -0.066736 (VIOLATED)
_5426_/A2                               0.750000    0.816736   -0.066736 (VIOLATED)
_5429_/A2                               0.750000    0.816736   -0.066736 (VIOLATED)
_5458_/A2                               0.750000    0.816736   -0.066736 (VIOLATED)
_5460_/A2                               0.750000    0.816736   -0.066736 (VIOLATED)
_5461_/A2                               0.750000    0.816736   -0.066736 (VIOLATED)
fanout250/X                             0.750000    0.816736   -0.066736 (VIOLATED)
_3911_/B1                               0.750000    0.814244   -0.064244 (VIOLATED)
_3994_/B1                               0.750000    0.814244   -0.064244 (VIOLATED)
_4020_/B1                               0.750000    0.814244   -0.064244 (VIOLATED)
_4026_/B1                               0.750000    0.814244   -0.064244 (VIOLATED)
_4044_/B1                               0.750000    0.814244   -0.064244 (VIOLATED)
_4167_/A2                               0.750000    0.814244   -0.064244 (VIOLATED)
_4409_/A2                               0.750000    0.814244   -0.064244 (VIOLATED)
_4592_/A2                               0.750000    0.814244   -0.064244 (VIOLATED)
_4766_/A2                               0.750000    0.814244   -0.064244 (VIOLATED)
fanout300/A                             0.750000    0.814244   -0.064244 (VIOLATED)
fanout301/X                             0.750000    0.814244   -0.064244 (VIOLATED)
_5373_/A2                               0.750000    0.814103   -0.064103 (VIOLATED)
_5378_/A2                               0.750000    0.814103   -0.064103 (VIOLATED)
_5381_/A2                               0.750000    0.814103   -0.064103 (VIOLATED)
_5402_/A2                               0.750000    0.814103   -0.064103 (VIOLATED)
_5405_/A2                               0.750000    0.814103   -0.064103 (VIOLATED)
_5410_/A2                               0.750000    0.814103   -0.064103 (VIOLATED)
_5413_/A2                               0.750000    0.814103   -0.064103 (VIOLATED)
_5442_/A2                               0.750000    0.814103   -0.064103 (VIOLATED)
_5445_/A2                               0.750000    0.814103   -0.064103 (VIOLATED)
_5477_/A2                               0.750000    0.814103   -0.064103 (VIOLATED)
fanout245/X                             0.750000    0.814103   -0.064103 (VIOLATED)
_6551_/RESET_B                          0.750000    0.814035   -0.064035 (VIOLATED)
fanout709/A                             0.750000    0.814035   -0.064035 (VIOLATED)
_6487_/RESET_B                          0.750000    0.814035   -0.064035 (VIOLATED)
_6648_/RESET_B                          0.750000    0.814034   -0.064034 (VIOLATED)
fanout704/A                             0.750000    0.814034   -0.064034 (VIOLATED)
fanout708/A                             0.750000    0.814034   -0.064034 (VIOLATED)
fanout711/A                             0.750000    0.814034   -0.064034 (VIOLATED)
fanout713/X                             0.750000    0.814034   -0.064034 (VIOLATED)
_5369_/A2                               0.750000    0.813788   -0.063788 (VIOLATED)
_5370_/A2                               0.750000    0.813788   -0.063788 (VIOLATED)
_5377_/A2                               0.750000    0.813788   -0.063788 (VIOLATED)
_5401_/A2                               0.750000    0.813788   -0.063788 (VIOLATED)
_5409_/A2                               0.750000    0.813788   -0.063788 (VIOLATED)
_5433_/A2                               0.750000    0.813788   -0.063788 (VIOLATED)
_5441_/A2                               0.750000    0.813788   -0.063788 (VIOLATED)
_5465_/A2                               0.750000    0.813788   -0.063788 (VIOLATED)
fanout245/A                             0.750000    0.813788   -0.063788 (VIOLATED)
fanout246/A                             0.750000    0.813788   -0.063788 (VIOLATED)
fanout247/X                             0.750000    0.813788   -0.063788 (VIOLATED)
_3784_/B1                               0.750000    0.813305   -0.063305 (VIOLATED)
_3817_/B1                               0.750000    0.813305   -0.063305 (VIOLATED)
_3970_/B1                               0.750000    0.813305   -0.063305 (VIOLATED)
_3976_/B1                               0.750000    0.813305   -0.063305 (VIOLATED)
_4137_/A2                               0.750000    0.813305   -0.063305 (VIOLATED)
_4375_/A2                               0.750000    0.813305   -0.063305 (VIOLATED)
_4384_/A2                               0.750000    0.813305   -0.063305 (VIOLATED)
_4560_/A2                               0.750000    0.813305   -0.063305 (VIOLATED)
_4568_/A2                               0.750000    0.813305   -0.063305 (VIOLATED)
_4744_/A2                               0.750000    0.813305   -0.063305 (VIOLATED)
fanout300/X                             0.750000    0.813305   -0.063305 (VIOLATED)
_4197_/A2                               0.750000    0.812964   -0.062964 (VIOLATED)
_4255_/A2                               0.750000    0.812964   -0.062964 (VIOLATED)
fanout284/A                             0.750000    0.812964   -0.062965 (VIOLATED)
fanout282/A                             0.750000    0.812962   -0.062962 (VIOLATED)
_4656_/A2                               0.750000    0.812961   -0.062961 (VIOLATED)
_4342_/A2                               0.750000    0.812959   -0.062959 (VIOLATED)
_4478_/A2                               0.750000    0.812959   -0.062959 (VIOLATED)
_4538_/A2                               0.750000    0.812959   -0.062959 (VIOLATED)
_4714_/A2                               0.750000    0.812959   -0.062959 (VIOLATED)
_4833_/A2                               0.750000    0.812959   -0.062959 (VIOLATED)
fanout285/X                             0.750000    0.812959   -0.062959 (VIOLATED)
_3850_/A2_N                             0.750000    0.806956   -0.056956 (VIOLATED)
_4029_/A                                0.750000    0.806956   -0.056956 (VIOLATED)
_4077_/B                                0.750000    0.806956   -0.056956 (VIOLATED)
_3979_/A                                0.750000    0.806956   -0.056956 (VIOLATED)
_3849_/Y                                0.750000    0.806946   -0.056946 (VIOLATED)
fanout74/A                              0.750000    0.803855   -0.053855 (VIOLATED)
_4051_/A2                               0.750000    0.803854   -0.053854 (VIOLATED)
_3956_/A2                               0.750000    0.803853   -0.053853 (VIOLATED)
_4007_/A2                               0.750000    0.803853   -0.053853 (VIOLATED)
_4057_/A2                               0.750000    0.803853   -0.053853 (VIOLATED)
_4099_/A2                               0.750000    0.803853   -0.053853 (VIOLATED)
_4105_/A2                               0.750000    0.803853   -0.053853 (VIOLATED)
fanout75/X                              0.750000    0.803853   -0.053853 (VIOLATED)
_3206_/S                                0.750000    0.801160   -0.051160 (VIOLATED)
_3197_/S                                0.750000    0.801159   -0.051159 (VIOLATED)
load_slew557/A                          0.750000    0.801144   -0.051145 (VIOLATED)
_3102_/A                                0.750000    0.801139   -0.051139 (VIOLATED)
fanout556/X                             0.750000    0.801139   -0.051139 (VIOLATED)
_4466_/S                                0.750000    0.799959   -0.049959 (VIOLATED)
_4437_/S                                0.750000    0.799957   -0.049957 (VIOLATED)
_4445_/B1                               0.750000    0.799955   -0.049955 (VIOLATED)
_4459_/S                                0.750000    0.799950   -0.049950 (VIOLATED)
_4480_/S                                0.750000    0.799930   -0.049930 (VIOLATED)
_4428_/X                                0.750000    0.799924   -0.049924 (VIOLATED)
_4429_/B                                0.750000    0.799924   -0.049924 (VIOLATED)
_4430_/A2                               0.750000    0.799924   -0.049924 (VIOLATED)
_4452_/S                                0.750000    0.799924   -0.049924 (VIOLATED)
_4473_/S                                0.750000    0.799924   -0.049924 (VIOLATED)
_5364_/A2                               0.750000    0.798223   -0.048223 (VIOLATED)
_5388_/A2                               0.750000    0.798223   -0.048223 (VIOLATED)
_5396_/A2                               0.750000    0.798223   -0.048223 (VIOLATED)
_5420_/A2                               0.750000    0.798223   -0.048223 (VIOLATED)
_5428_/A2                               0.750000    0.798223   -0.048223 (VIOLATED)
_5452_/A2                               0.750000    0.798223   -0.048223 (VIOLATED)
_5484_/A2                               0.750000    0.798223   -0.048223 (VIOLATED)
fanout252/A                             0.750000    0.798223   -0.048223 (VIOLATED)
fanout253/X                             0.750000    0.798223   -0.048223 (VIOLATED)
_5779_/A1                               0.750000    0.797998   -0.047998 (VIOLATED)
_5902_/A0                               0.750000    0.797997   -0.047997 (VIOLATED)
_5663_/A0                               0.750000    0.797997   -0.047997 (VIOLATED)
_5624_/A1                               0.750000    0.797997   -0.047997 (VIOLATED)
_5864_/A1                               0.750000    0.797997   -0.047997 (VIOLATED)
_5828_/A0                               0.750000    0.797996   -0.047996 (VIOLATED)
_5654_/A1                               0.750000    0.797994   -0.047994 (VIOLATED)
_5690_/A1                               0.750000    0.797994   -0.047994 (VIOLATED)
_5699_/A1                               0.750000    0.797994   -0.047994 (VIOLATED)
_5727_/A0                               0.750000    0.797994   -0.047994 (VIOLATED)
fanout616/X                             0.750000    0.797994   -0.047994 (VIOLATED)
_4083_/B                                0.750000    0.791820   -0.041820 (VIOLATED)
_3985_/A                                0.750000    0.791819   -0.041819 (VIOLATED)
_3875_/A2_N                             0.750000    0.791818   -0.041818 (VIOLATED)
_4035_/A                                0.750000    0.791814   -0.041814 (VIOLATED)
_3874_/Y                                0.750000    0.791805   -0.041805 (VIOLATED)
_3941_/A2                               0.750000    0.789579   -0.039579 (VIOLATED)
fanout444/A                             0.750000    0.789579   -0.039579 (VIOLATED)
_3921_/A2                               0.750000    0.789578   -0.039578 (VIOLATED)
_3925_/A2                               0.750000    0.789578   -0.039578 (VIOLATED)
_3729_/A2                               0.750000    0.789577   -0.039577 (VIOLATED)
_3736_/A2                               0.750000    0.789577   -0.039577 (VIOLATED)
_3945_/A2                               0.750000    0.789577   -0.039577 (VIOLATED)
_3948_/A2                               0.750000    0.789577   -0.039577 (VIOLATED)
fanout445/X                             0.750000    0.789577   -0.039577 (VIOLATED)
_4719_/C1                               0.750000    0.787774   -0.037774 (VIOLATED)
_4351_/B1                               0.750000    0.787774   -0.037774 (VIOLATED)
fanout399/A                             0.750000    0.787774   -0.037774 (VIOLATED)
_4261_/B1                               0.750000    0.787773   -0.037773 (VIOLATED)
_4483_/C1                               0.750000    0.787773   -0.037773 (VIOLATED)
_4543_/C1                               0.750000    0.787773   -0.037773 (VIOLATED)
_4661_/C1                               0.750000    0.787773   -0.037773 (VIOLATED)
_4838_/C1                               0.750000    0.787773   -0.037773 (VIOLATED)
_4896_/C1                               0.750000    0.787773   -0.037773 (VIOLATED)
fanout400/X                             0.750000    0.787773   -0.037773 (VIOLATED)
_5449_/A2                               0.750000    0.785978   -0.035978 (VIOLATED)
_5394_/A2                               0.750000    0.785978   -0.035978 (VIOLATED)
_5418_/A2                               0.750000    0.785978   -0.035978 (VIOLATED)
_5450_/A2                               0.750000    0.785978   -0.035978 (VIOLATED)
_5453_/A2                               0.750000    0.785978   -0.035978 (VIOLATED)
fanout250/A                             0.750000    0.785978   -0.035978 (VIOLATED)
fanout251/A                             0.750000    0.785978   -0.035978 (VIOLATED)
fanout252/X                             0.750000    0.785978   -0.035978 (VIOLATED)
_5812_/A0                               0.750000    0.785548   -0.035548 (VIOLATED)
_5756_/A0                               0.750000    0.785545   -0.035546 (VIOLATED)
_5720_/A0                               0.750000    0.785545   -0.035545 (VIOLATED)
_5647_/A0                               0.750000    0.785542   -0.035542 (VIOLATED)
_5637_/A0                               0.750000    0.785541   -0.035541 (VIOLATED)
_5674_/A1                               0.750000    0.785541   -0.035541 (VIOLATED)
_5683_/A1                               0.750000    0.785541   -0.035541 (VIOLATED)
_5747_/A0                               0.750000    0.785541   -0.035541 (VIOLATED)
_5839_/A0                               0.750000    0.785541   -0.035541 (VIOLATED)
_5913_/A0                               0.750000    0.785541   -0.035541 (VIOLATED)
fanout603/X                             0.750000    0.785541   -0.035541 (VIOLATED)
_5588_/A2                               0.750000    0.784685   -0.034685 (VIOLATED)
_5591_/A2                               0.750000    0.784684   -0.034684 (VIOLATED)
_5585_/A1                               0.750000    0.784684   -0.034684 (VIOLATED)
_3523_/A2                               0.750000    0.784682   -0.034682 (VIOLATED)
_3525_/A2                               0.750000    0.784682   -0.034682 (VIOLATED)
_3527_/A2                               0.750000    0.784682   -0.034682 (VIOLATED)
_3531_/A2                               0.750000    0.784682   -0.034682 (VIOLATED)
_3533_/A2                               0.750000    0.784682   -0.034682 (VIOLATED)
fanout428/A                             0.750000    0.784682   -0.034682 (VIOLATED)
fanout429/X                             0.750000    0.784682   -0.034682 (VIOLATED)
_3806_/B1                               0.750000    0.783986   -0.033986 (VIOLATED)
_3799_/B1                               0.750000    0.783986   -0.033986 (VIOLATED)
_3836_/B1                               0.750000    0.783985   -0.033986 (VIOLATED)
_3802_/B1                               0.750000    0.783985   -0.033985 (VIOLATED)
_3778_/B1                               0.750000    0.783985   -0.033985 (VIOLATED)
_3769_/B1                               0.750000    0.783984   -0.033984 (VIOLATED)
_3766_/B1                               0.750000    0.783984   -0.033984 (VIOLATED)
_3809_/B1                               0.750000    0.783984   -0.033984 (VIOLATED)
_3896_/B1                               0.750000    0.783984   -0.033984 (VIOLATED)
_3928_/B1                               0.750000    0.783984   -0.033984 (VIOLATED)
fanout426/X                             0.750000    0.783984   -0.033984 (VIOLATED)
_4147_/A2                               0.750000    0.780510   -0.030510 (VIOLATED)
_4177_/A2                               0.750000    0.780510   -0.030510 (VIOLATED)
_4366_/A2                               0.750000    0.780510   -0.030510 (VIOLATED)
_4392_/A2                               0.750000    0.780510   -0.030510 (VIOLATED)
_4553_/A2                               0.750000    0.780510   -0.030510 (VIOLATED)
_4751_/A2                               0.750000    0.780510   -0.030510 (VIOLATED)
fanout287/A                             0.750000    0.780510   -0.030510 (VIOLATED)
fanout288/X                             0.750000    0.780510   -0.030510 (VIOLATED)
_3911_/A2                               0.750000    0.779261   -0.029261 (VIOLATED)
_3994_/A2                               0.750000    0.779261   -0.029261 (VIOLATED)
_4020_/A2                               0.750000    0.779261   -0.029261 (VIOLATED)
_4026_/A2                               0.750000    0.779261   -0.029261 (VIOLATED)
_4044_/A2                               0.750000    0.779261   -0.029261 (VIOLATED)
_4166_/B2                               0.750000    0.779261   -0.029261 (VIOLATED)
_4408_/B2                               0.750000    0.779261   -0.029261 (VIOLATED)
_4591_/B2                               0.750000    0.779261   -0.029261 (VIOLATED)
_4765_/B2                               0.750000    0.779261   -0.029261 (VIOLATED)
fanout392/A                             0.750000    0.779261   -0.029261 (VIOLATED)
fanout393/X                             0.750000    0.779261   -0.029261 (VIOLATED)
_4808_/B                                0.750000    0.778882   -0.028882 (VIOLATED)
_4453_/B                                0.750000    0.778882   -0.028882 (VIOLATED)
_4631_/B                                0.750000    0.778880   -0.028880 (VIOLATED)
_4224_/A2_N                             0.750000    0.778879   -0.028879 (VIOLATED)
_4223_/Y                                0.750000    0.778872   -0.028872 (VIOLATED)
_4023_/A                                0.750000    0.776787   -0.026787 (VIOLATED)
_4071_/B                                0.750000    0.776786   -0.026786 (VIOLATED)
_3973_/A                                0.750000    0.776785   -0.026785 (VIOLATED)
_3814_/B                                0.750000    0.776781   -0.026781 (VIOLATED)
_3813_/Y                                0.750000    0.776775   -0.026775 (VIOLATED)
_4595_/B                                0.750000    0.775552   -0.025552 (VIOLATED)
_4596_/A1                               0.750000    0.775552   -0.025552 (VIOLATED)
_4688_/A                                0.750000    0.775552   -0.025552 (VIOLATED)
_4689_/A2                               0.750000    0.775552   -0.025552 (VIOLATED)
_4717_/A                                0.750000    0.775552   -0.025552 (VIOLATED)
fanout254/A                             0.750000    0.775552   -0.025552 (VIOLATED)
fanout256/A                             0.750000    0.775552   -0.025552 (VIOLATED)
fanout258/X                             0.750000    0.775552   -0.025552 (VIOLATED)
_4379_/B1                               0.750000    0.774540   -0.024541 (VIOLATED)
_4135_/A1                               0.750000    0.774540   -0.024540 (VIOLATED)
_4165_/A1                               0.750000    0.774540   -0.024540 (VIOLATED)
_4372_/B1_N                             0.750000    0.774540   -0.024540 (VIOLATED)
_4373_/A1                               0.750000    0.774540   -0.024540 (VIOLATED)
_4587_/B1                               0.750000    0.774540   -0.024540 (VIOLATED)
_4589_/C1                               0.750000    0.774540   -0.024540 (VIOLATED)
_4755_/B1_N                             0.750000    0.774540   -0.024540 (VIOLATED)
_4756_/A1                               0.750000    0.774540   -0.024540 (VIOLATED)
fanout481/A                             0.750000    0.774540   -0.024540 (VIOLATED)
fanout483/X                             0.750000    0.774540   -0.024540 (VIOLATED)
_3491_/B                                0.750000    0.773749   -0.023749 (VIOLATED)
_3496_/A_N                              0.750000    0.773749   -0.023749 (VIOLATED)
_3556_/S1                               0.750000    0.773749   -0.023749 (VIOLATED)
_3558_/S1                               0.750000    0.773749   -0.023749 (VIOLATED)
_3563_/S1                               0.750000    0.773749   -0.023749 (VIOLATED)
_3565_/S1                               0.750000    0.773749   -0.023749 (VIOLATED)
_3566_/A                                0.750000    0.773749   -0.023749 (VIOLATED)
_3570_/S1                               0.750000    0.773749   -0.023749 (VIOLATED)
_3571_/S1                               0.750000    0.773749   -0.023749 (VIOLATED)
fanout587/A                             0.750000    0.773749   -0.023749 (VIOLATED)
fanout588/X                             0.750000    0.773749   -0.023749 (VIOLATED)
_5666_/A0                               0.750000    0.769138   -0.019138 (VIOLATED)
_5627_/A1                               0.750000    0.769137   -0.019137 (VIOLATED)
_5867_/A1                               0.750000    0.769136   -0.019136 (VIOLATED)
_5657_/A1                               0.750000    0.769134   -0.019134 (VIOLATED)
_5693_/A1                               0.750000    0.769134   -0.019134 (VIOLATED)
_5739_/A0                               0.750000    0.769134   -0.019134 (VIOLATED)
_5766_/A0                               0.750000    0.769134   -0.019134 (VIOLATED)
_5896_/A0                               0.750000    0.769134   -0.019134 (VIOLATED)
_5905_/A0                               0.750000    0.769134   -0.019134 (VIOLATED)
_5932_/A0                               0.750000    0.769134   -0.019134 (VIOLATED)
fanout601/X                             0.750000    0.769134   -0.019134 (VIOLATED)
_3513_/S0                               0.750000    0.768930   -0.018930 (VIOLATED)
_3514_/S0                               0.750000    0.768930   -0.018930 (VIOLATED)
_5505_/A                                0.750000    0.768930   -0.018930 (VIOLATED)
_5507_/A1                               0.750000    0.768930   -0.018930 (VIOLATED)
fanout590/A                             0.750000    0.768930   -0.018930 (VIOLATED)
fanout592/X                             0.750000    0.768930   -0.018930 (VIOLATED)
_3835_/A_N                              0.750000    0.767270   -0.017270 (VIOLATED)
fanout573/A                             0.750000    0.767270   -0.017270 (VIOLATED)
_3858_/A_N                              0.750000    0.767269   -0.017269 (VIOLATED)
_3866_/A_N                              0.750000    0.767269   -0.017269 (VIOLATED)
_3869_/A_N                              0.750000    0.767269   -0.017269 (VIOLATED)
_3891_/A_N                              0.750000    0.767269   -0.017269 (VIOLATED)
_3895_/A_N                              0.750000    0.767269   -0.017269 (VIOLATED)
_4010_/A                                0.750000    0.767269   -0.017269 (VIOLATED)
fanout574/X                             0.750000    0.767269   -0.017269 (VIOLATED)
_5623_/A1                               0.750000    0.766698   -0.016698 (VIOLATED)
_5662_/A0                               0.750000    0.766698   -0.016698 (VIOLATED)
_5698_/A1                               0.750000    0.766697   -0.016697 (VIOLATED)
_5735_/A0                               0.750000    0.766695   -0.016695 (VIOLATED)
_5778_/A1                               0.750000    0.766686   -0.016686 (VIOLATED)
_5928_/A0                               0.750000    0.766670   -0.016670 (VIOLATED)
fanout620/A                             0.750000    0.766670   -0.016670 (VIOLATED)
fanout621/X                             0.750000    0.766670   -0.016670 (VIOLATED)
_5361_/A2                               0.750000    0.765397   -0.015397 (VIOLATED)
_5386_/A2                               0.750000    0.765397   -0.015397 (VIOLATED)
_5457_/A2                               0.750000    0.765396   -0.015396 (VIOLATED)
_5385_/A2                               0.750000    0.765396   -0.015396 (VIOLATED)
_5389_/A2                               0.750000    0.765396   -0.015396 (VIOLATED)
_5417_/A2                               0.750000    0.765396   -0.015396 (VIOLATED)
_5421_/A2                               0.750000    0.765396   -0.015396 (VIOLATED)
_5481_/A2                               0.750000    0.765396   -0.015396 (VIOLATED)
_5482_/A2                               0.750000    0.765396   -0.015396 (VIOLATED)
_5485_/A2                               0.750000    0.765396   -0.015396 (VIOLATED)
fanout251/X                             0.750000    0.765396   -0.015396 (VIOLATED)
_3847_/A                                0.750000    0.764718   -0.014718 (VIOLATED)
_4302_/A                                0.750000    0.764716   -0.014716 (VIOLATED)
_3804_/A                                0.750000    0.764401   -0.014401 (VIOLATED)
_4129_/A                                0.750000    0.764396   -0.014396 (VIOLATED)
_3800_/X                                0.750000    0.764378   -0.014378 (VIOLATED)
fanout686/A                             0.750000    0.763462   -0.013462 (VIOLATED)
fanout688/A                             0.750000    0.763462   -0.013462 (VIOLATED)
fanout685/A                             0.750000    0.763461   -0.013461 (VIOLATED)
fanout683/A                             0.750000    0.763460   -0.013460 (VIOLATED)
fanout691/A                             0.750000    0.763455   -0.013455 (VIOLATED)
_7095_/RESET_B                          0.750000    0.763453   -0.013453 (VIOLATED)
fanout689/A                             0.750000    0.763453   -0.013453 (VIOLATED)
fanout697/A                             0.750000    0.763453   -0.013453 (VIOLATED)
fanout698/X                             0.750000    0.763453   -0.013453 (VIOLATED)
_5368_/A2                               0.750000    0.763024   -0.013024 (VIOLATED)
_5374_/A2                               0.750000    0.763024   -0.013024 (VIOLATED)
_5376_/A2                               0.750000    0.763024   -0.013024 (VIOLATED)
_5400_/A2                               0.750000    0.763024   -0.013024 (VIOLATED)
_5408_/A2                               0.750000    0.763024   -0.013024 (VIOLATED)
_5432_/A2                               0.750000    0.763024   -0.013024 (VIOLATED)
_5464_/A2                               0.750000    0.763024   -0.013024 (VIOLATED)
fanout237/A                             0.750000    0.763024   -0.013024 (VIOLATED)
fanout238/A                             0.750000    0.763024   -0.013024 (VIOLATED)
fanout239/X                             0.750000    0.763024   -0.013024 (VIOLATED)
_5133_/B2                               0.750000    0.762423   -0.012423 (VIOLATED)
_5220_/B1                               0.750000    0.762423   -0.012423 (VIOLATED)
_5289_/B1                               0.750000    0.762423   -0.012423 (VIOLATED)
_5292_/B1                               0.750000    0.762423   -0.012423 (VIOLATED)
fanout126/X                             0.750000    0.762423   -0.012423 (VIOLATED)
wire127/A                               0.750000    0.762423   -0.012423 (VIOLATED)
_3723_/B1                               0.750000    0.759152   -0.009152 (VIOLATED)
_3726_/B1                               0.750000    0.759152   -0.009152 (VIOLATED)
_3733_/B1                               0.750000    0.759152   -0.009152 (VIOLATED)
_3773_/B1                               0.750000    0.759152   -0.009152 (VIOLATED)
_3833_/B1                               0.750000    0.759152   -0.009152 (VIOLATED)
_3841_/B1                               0.750000    0.759152   -0.009152 (VIOLATED)
_3845_/B1                               0.750000    0.759152   -0.009152 (VIOLATED)
_3863_/B1                               0.750000    0.759152   -0.009152 (VIOLATED)
_3918_/B1                               0.750000    0.759152   -0.009152 (VIOLATED)
_3921_/B1                               0.750000    0.759152   -0.009152 (VIOLATED)
fanout424/X                             0.750000    0.759152   -0.009152 (VIOLATED)
_3953_/A2_N                             0.750000    0.756741   -0.006741 (VIOLATED)
_4003_/A                                0.750000    0.756741   -0.006741 (VIOLATED)
_4101_/B                                0.750000    0.756740   -0.006740 (VIOLATED)
_4053_/A                                0.750000    0.756737   -0.006737 (VIOLATED)
_3952_/Y                                0.750000    0.756729   -0.006729 (VIOLATED)
_4231_/A                                0.750000    0.753210   -0.003210 (VIOLATED)
_4151_/B                                0.750000    0.753210   -0.003210 (VIOLATED)
_4150_/Y                                0.750000    0.753206   -0.003206 (VIOLATED)
_3931_/B                                0.750000    0.752334   -0.002334 (VIOLATED)
_3930_/X                                0.750000    0.752314   -0.002314 (VIOLATED)
_4047_/A                                0.750000    0.752050   -0.002050 (VIOLATED)
_3933_/B                                0.750000    0.752049   -0.002049 (VIOLATED)
_4095_/B                                0.750000    0.752049   -0.002049 (VIOLATED)
_3997_/A                                0.750000    0.752048   -0.002048 (VIOLATED)
_3932_/Y                                0.750000    0.752042   -0.002042 (VIOLATED)
_4430_/C1                               0.750000    0.751768   -0.001768 (VIOLATED)
_4432_/C1                               0.750000    0.751768   -0.001768 (VIOLATED)
_4787_/C1                               0.750000    0.751767   -0.001767 (VIOLATED)
_4785_/C1                               0.750000    0.751766   -0.001766 (VIOLATED)
_4253_/A1                               0.750000    0.751764   -0.001764 (VIOLATED)
_4194_/B2                               0.750000    0.751763   -0.001763 (VIOLATED)
_4272_/B2                               0.750000    0.751763   -0.001763 (VIOLATED)
_4490_/B1_N                             0.750000    0.751763   -0.001763 (VIOLATED)
_4491_/A1                               0.750000    0.751763   -0.001763 (VIOLATED)
_4612_/A1                               0.750000    0.751763   -0.001763 (VIOLATED)
fanout461/X                             0.750000    0.751763   -0.001763 (VIOLATED)
_4225_/B1                               0.750000    0.751349   -0.001349 (VIOLATED)
_4307_/B1                               0.750000    0.751349   -0.001349 (VIOLATED)
_4339_/B1                               0.750000    0.751349   -0.001349 (VIOLATED)
_4455_/C1                               0.750000    0.751349   -0.001349 (VIOLATED)
_4476_/C1                               0.750000    0.751349   -0.001349 (VIOLATED)
_4513_/C1                               0.750000    0.751349   -0.001349 (VIOLATED)
_4633_/C1                               0.750000    0.751349   -0.001349 (VIOLATED)
_4654_/C1                               0.750000    0.751349   -0.001349 (VIOLATED)
_4810_/C1                               0.750000    0.751349   -0.001349 (VIOLATED)
_4831_/C1                               0.750000    0.751349   -0.001349 (VIOLATED)
fanout397/X                             0.750000    0.751349   -0.001349 (VIOLATED)

max fanout

Pin                                   Limit Fanout  Slack
---------------------------------------------------------
_3111_/X                                 10     16     -6 (VIOLATED)
fanout313/X                              10     14     -4 (VIOLATED)
_5879_/X                                 10     13     -3 (VIOLATED)
clkbuf_leaf_0_clk/X                      10     13     -3 (VIOLATED)
clkbuf_leaf_12_clk/X                     10     13     -3 (VIOLATED)
clkbuf_leaf_13_clk/X                     10     13     -3 (VIOLATED)
clkbuf_leaf_14_clk/X                     10     13     -3 (VIOLATED)
clkbuf_leaf_15_clk/X                     10     13     -3 (VIOLATED)
clkbuf_leaf_17_clk/X                     10     13     -3 (VIOLATED)
clkbuf_leaf_18_clk/X                     10     13     -3 (VIOLATED)
clkbuf_leaf_1_clk/X                      10     13     -3 (VIOLATED)
clkbuf_leaf_22_clk/X                     10     13     -3 (VIOLATED)
clkbuf_leaf_23_clk/X                     10     13     -3 (VIOLATED)
clkbuf_leaf_24_clk/X                     10     13     -3 (VIOLATED)
clkbuf_leaf_26_clk/X                     10     13     -3 (VIOLATED)
clkbuf_leaf_27_clk/X                     10     13     -3 (VIOLATED)
clkbuf_leaf_28_clk/X                     10     13     -3 (VIOLATED)
clkbuf_leaf_29_clk/X                     10     13     -3 (VIOLATED)
clkbuf_leaf_2_clk/X                      10     13     -3 (VIOLATED)
clkbuf_leaf_33_clk/X                     10     13     -3 (VIOLATED)
clkbuf_leaf_38_clk/X                     10     13     -3 (VIOLATED)
clkbuf_leaf_39_clk/X                     10     13     -3 (VIOLATED)
clkbuf_leaf_41_clk/X                     10     13     -3 (VIOLATED)
clkbuf_leaf_43_clk/X                     10     13     -3 (VIOLATED)
clkbuf_leaf_44_clk/X                     10     13     -3 (VIOLATED)
clkbuf_leaf_45_clk/X                     10     13     -3 (VIOLATED)
clkbuf_leaf_47_clk/X                     10     13     -3 (VIOLATED)
clkbuf_leaf_48_clk/X                     10     13     -3 (VIOLATED)
clkbuf_leaf_50_clk/X                     10     13     -3 (VIOLATED)
clkbuf_leaf_51_clk/X                     10     13     -3 (VIOLATED)
clkbuf_leaf_53_clk/X                     10     13     -3 (VIOLATED)
clkbuf_leaf_54_clk/X                     10     13     -3 (VIOLATED)
clkbuf_leaf_5_clk/X                      10     13     -3 (VIOLATED)
clkbuf_leaf_62_clk/X                     10     13     -3 (VIOLATED)
clkbuf_leaf_63_clk/X                     10     13     -3 (VIOLATED)
clkbuf_leaf_64_clk/X                     10     13     -3 (VIOLATED)
clkbuf_leaf_66_clk/X                     10     13     -3 (VIOLATED)
clkbuf_leaf_67_clk/X                     10     13     -3 (VIOLATED)
clkbuf_leaf_68_clk/X                     10     13     -3 (VIOLATED)
clkbuf_leaf_6_clk/X                      10     13     -3 (VIOLATED)
clkbuf_leaf_70_clk/X                     10     13     -3 (VIOLATED)
clkbuf_leaf_71_clk/X                     10     13     -3 (VIOLATED)
clkbuf_leaf_75_clk/X                     10     13     -3 (VIOLATED)
clkbuf_leaf_76_clk/X                     10     13     -3 (VIOLATED)
clkbuf_leaf_78_clk/X                     10     13     -3 (VIOLATED)
clkbuf_leaf_7_clk/X                      10     13     -3 (VIOLATED)
clkbuf_leaf_85_clk/X                     10     13     -3 (VIOLATED)
clkbuf_leaf_8_clk/X                      10     13     -3 (VIOLATED)
_5805_/X                                 10     12     -2 (VIOLATED)
clkbuf_leaf_11_clk/X                     10     12     -2 (VIOLATED)
clkbuf_leaf_16_clk/X                     10     12     -2 (VIOLATED)
clkbuf_leaf_19_clk/X                     10     12     -2 (VIOLATED)
clkbuf_leaf_21_clk/X                     10     12     -2 (VIOLATED)
clkbuf_leaf_25_clk/X                     10     12     -2 (VIOLATED)
clkbuf_leaf_34_clk/X                     10     12     -2 (VIOLATED)
clkbuf_leaf_35_clk/X                     10     12     -2 (VIOLATED)
clkbuf_leaf_36_clk/X                     10     12     -2 (VIOLATED)
clkbuf_leaf_37_clk/X                     10     12     -2 (VIOLATED)
clkbuf_leaf_3_clk/X                      10     12     -2 (VIOLATED)
clkbuf_leaf_40_clk/X                     10     12     -2 (VIOLATED)
clkbuf_leaf_42_clk/X                     10     12     -2 (VIOLATED)
clkbuf_leaf_46_clk/X                     10     12     -2 (VIOLATED)
clkbuf_leaf_49_clk/X                     10     12     -2 (VIOLATED)
clkbuf_leaf_4_clk/X                      10     12     -2 (VIOLATED)
clkbuf_leaf_52_clk/X                     10     12     -2 (VIOLATED)
clkbuf_leaf_55_clk/X                     10     12     -2 (VIOLATED)
clkbuf_leaf_57_clk/X                     10     12     -2 (VIOLATED)
clkbuf_leaf_58_clk/X                     10     12     -2 (VIOLATED)
clkbuf_leaf_59_clk/X                     10     12     -2 (VIOLATED)
clkbuf_leaf_60_clk/X                     10     12     -2 (VIOLATED)
clkbuf_leaf_61_clk/X                     10     12     -2 (VIOLATED)
clkbuf_leaf_65_clk/X                     10     12     -2 (VIOLATED)
clkbuf_leaf_69_clk/X                     10     12     -2 (VIOLATED)
clkbuf_leaf_72_clk/X                     10     12     -2 (VIOLATED)
clkbuf_leaf_73_clk/X                     10     12     -2 (VIOLATED)
clkbuf_leaf_77_clk/X                     10     12     -2 (VIOLATED)
clkbuf_leaf_79_clk/X                     10     12     -2 (VIOLATED)
clkbuf_leaf_82_clk/X                     10     12     -2 (VIOLATED)
clkbuf_leaf_83_clk/X                     10     12     -2 (VIOLATED)
clkbuf_leaf_84_clk/X                     10     12     -2 (VIOLATED)
clkbuf_leaf_9_clk/X                      10     12     -2 (VIOLATED)
fanout169/X                              10     12     -2 (VIOLATED)
fanout848/X                              10     12     -2 (VIOLATED)
max_cap162/X                             10     11        (VIOLATED)

max capacitance

Pin                                        Limit         Cap       Slack
------------------------------------------------------------------------
fanout848/X                             0.094309    0.141404   -0.047095 (VIOLATED)
fanout313/X                             0.094309    0.128484   -0.034175 (VIOLATED)
fanout311/X                             0.094309    0.122206   -0.027897 (VIOLATED)
fanout555/X                             0.094309    0.121458   -0.027149 (VIOLATED)
fanout121/X                             0.094309    0.117270   -0.022961 (VIOLATED)
fanout493/X                             0.094309    0.114079   -0.019770 (VIOLATED)
fanout370/X                             0.094309    0.110510   -0.016201 (VIOLATED)
fanout453/X                             0.094309    0.109628   -0.015319 (VIOLATED)
fanout494/X                             0.094309    0.107352   -0.013043 (VIOLATED)
fanout455/X                             0.094309    0.101088   -0.006779 (VIOLATED)
fanout169/X                             0.094309    0.098693   -0.004384 (VIOLATED)
fanout519/X                             0.094309    0.098670   -0.004361 (VIOLATED)
fanout359/X                             0.094309    0.097918   -0.003609 (VIOLATED)
fanout495/X                             0.094309    0.097690   -0.003381 (VIOLATED)
fanout584/X                             0.094309    0.096420   -0.002111 (VIOLATED)



===========================================================================
report_parasitic_annotation -report_unannotated
============================================================================
Found 80 unannotated drivers.
 ena
 uio_in[5]
 uio_in[6]
 uio_in[7]
 clkload0/X
 clkload1/X
 clkload10/X
 clkload11/X
 clkload12/X
 clkload13/X
 clkload14/X
 clkload15/X
 clkload16/X
 clkload17/Y
 clkload18/X
 clkload19/X
 clkload2/X
 clkload20/X
 clkload21/X
 clkload22/X
 clkload23/X
 clkload24/Y
 clkload25/X
 clkload26/X
 clkload27/X
 clkload28/X
 clkload29/X
 clkload3/X
 clkload30/X
 clkload31/X
 clkload32/X
 clkload33/X
 clkload34/X
 clkload35/X
 clkload36/X
 clkload37/X
 clkload38/X
 clkload39/X
 clkload4/X
 clkload40/Y
 clkload41/X
 clkload42/X
 clkload43/X
 clkload44/X
 clkload45/X
 clkload46/X
 clkload47/X
 clkload48/X
 clkload49/X
 clkload5/X
 clkload50/X
 clkload51/X
 clkload52/X
 clkload53/X
 clkload54/X
 clkload55/X
 clkload56/X
 clkload57/X
 clkload58/X
 clkload59/X
 clkload6/X
 clkload60/X
 clkload61/X
 clkload62/X
 clkload7/X
 clkload8/X
 clkload9/X
 tt_um_aes128_optimized/HI
 tt_um_aes128_optimized_849/HI
 tt_um_aes128_optimized_850/HI
 tt_um_aes128_optimized_851/HI
 tt_um_aes128_optimized_852/HI
 tt_um_aes128_optimized_853/HI
 tt_um_aes128_optimized_854/HI
 tt_um_aes128_optimized_855/HI
 tt_um_aes128_optimized_856/HI
 tt_um_aes128_optimized_857/HI
 tt_um_aes128_optimized_858/LO
 tt_um_aes128_optimized_859/LO
 tt_um_aes128_optimized_860/LO
Found 0 partially unannotated drivers.

===========================================================================
max slew violation count 1688
max fanout violation count 84
max cap violation count 15
============================================================================

===========================================================================
check_setup -verbose -unconstrained_endpoints -multiple_clock -no_clock -no_input_delay -loops -generated_clocks
===========================================================================
