
===========================================================================
report_checks -unconstrained
===========================================================================
======================= nom_ss_100C_1v60 Corner ===================================

Startpoint: rst_n (input port clocked by clk)
Endpoint: _18983_ (recovery check against rising-edge clock clk)
Path Group: asynchronous
Path Type: max

Fanout         Cap        Slew       Delay        Time   Description
---------------------------------------------------------------------------------------------
                                  0.000000    0.000000   clock clk (rise edge)
                                  0.000000    0.000000   clock network delay (propagated)
                                 20.000000   20.000000 ^ input external delay
     1    0.002865    0.032685    0.016142   20.016142 ^ rst_n (in)
                                                         rst_n (net)
                      0.032685    0.000000   20.016142 ^ input2/A (sky130_fd_sc_hd__clkdlybuf4s25_1)
     1    0.003560    0.084151    0.453841   20.469984 ^ input2/X (sky130_fd_sc_hd__clkdlybuf4s25_1)
                                                         net2 (net)
                      0.084151    0.000115   20.470098 ^ fanout2077/A (sky130_fd_sc_hd__clkdlybuf4s25_1)
     7    0.159697    2.504175    2.193566   22.663666 ^ fanout2077/X (sky130_fd_sc_hd__clkdlybuf4s25_1)
                                                         net2077 (net)
                      2.504175    0.002492   22.666157 ^ fanout2011/A (sky130_fd_sc_hd__clkdlybuf4s25_1)
     2    0.040309    0.647286    1.463533   24.129690 ^ fanout2011/X (sky130_fd_sc_hd__clkdlybuf4s25_1)
                                                         net2011 (net)
                      0.647286    0.000407   24.130098 ^ _09509_/B (sky130_fd_sc_hd__and2_2)
     1    0.008237    0.110129    0.503123   24.633221 ^ _09509_/X (sky130_fd_sc_hd__and2_2)
                                                         core_reset_n (net)
                      0.110129    0.000361   24.633581 ^ fanout1987/A (sky130_fd_sc_hd__clkdlybuf4s25_1)
     3    0.023237    0.383006    0.706939   25.340519 ^ fanout1987/X (sky130_fd_sc_hd__clkdlybuf4s25_1)
                                                         net1987 (net)
                      0.383006    0.000561   25.341082 ^ load_slew1990/A (sky130_fd_sc_hd__buf_2)
     3    0.061359    0.471740    0.616588   25.957668 ^ load_slew1990/X (sky130_fd_sc_hd__buf_2)
                                                         net1990 (net)
                      0.472126    0.008846   25.966515 ^ load_slew1989/A (sky130_fd_sc_hd__clkbuf_4)
     2    0.095313    0.446655    0.701988   26.668503 ^ load_slew1989/X (sky130_fd_sc_hd__clkbuf_4)
                                                         net1989 (net)
                      0.446760    0.006656   26.675159 ^ fanout1976/A (sky130_fd_sc_hd__clkdlybuf4s25_1)
     6    0.092743    1.466674    1.606431   28.281590 ^ fanout1976/X (sky130_fd_sc_hd__clkdlybuf4s25_1)
                                                         net1976 (net)
                      1.466692    0.007049   28.288637 ^ fanout1975/A (sky130_fd_sc_hd__clkdlybuf4s25_1)
     6    0.062364    0.991328    1.528738   29.817375 ^ fanout1975/X (sky130_fd_sc_hd__clkdlybuf4s25_1)
                                                         net1975 (net)
                      0.991328    0.000906   29.818281 ^ fanout1973/A (sky130_fd_sc_hd__clkdlybuf4s25_1)
     2    0.006562    0.128057    0.801805   30.620087 ^ fanout1973/X (sky130_fd_sc_hd__clkdlybuf4s25_1)
                                                         net1973 (net)
                      0.128057    0.000167   30.620255 ^ load_slew1974/A (sky130_fd_sc_hd__clkbuf_4)
     8    0.045500    0.228797    0.390532   31.010786 ^ load_slew1974/X (sky130_fd_sc_hd__clkbuf_4)
                                                         net1974 (net)
                      0.228812    0.002068   31.012854 ^ fanout1971/A (sky130_fd_sc_hd__clkdlybuf4s25_1)
     2    0.008562    0.158289    0.597375   31.610228 ^ fanout1971/X (sky130_fd_sc_hd__clkdlybuf4s25_1)
                                                         net1971 (net)
                      0.158289    0.000171   31.610399 ^ fanout1969/A (sky130_fd_sc_hd__clkdlybuf4s25_1)
     2    0.008388    0.155596    0.564274   32.174671 ^ fanout1969/X (sky130_fd_sc_hd__clkdlybuf4s25_1)
                                                         net1969 (net)
                      0.155596    0.000242   32.174915 ^ load_slew1970/A (sky130_fd_sc_hd__buf_4)
     9    0.041897    0.196853    0.342656   32.517570 ^ load_slew1970/X (sky130_fd_sc_hd__buf_4)
                                                         net1970 (net)
                      0.196873    0.002082   32.519653 ^ _18983_/RESET_B (sky130_fd_sc_hd__dfrtp_2)
                                             32.519653   data arrival time

                                100.000000  100.000000   clock clk (rise edge)
                                  0.000000  100.000000   clock source latency
     2    0.118032    0.847621    0.595861  100.595856 ^ clk (in)
                                                         clk (net)
                      0.847755    0.000000  100.595856 ^ clkbuf_0_clk/A (sky130_fd_sc_hd__clkbuf_16)
     8    0.128538    0.224784    0.638323  101.234184 ^ clkbuf_0_clk/X (sky130_fd_sc_hd__clkbuf_16)
                                                         clknet_0_clk (net)
                      0.225699    0.010346  101.244530 ^ clkbuf_3_5_0_clk/A (sky130_fd_sc_hd__clkbuf_8)
     8    0.105102    0.290036    0.467693  101.712219 ^ clkbuf_3_5_0_clk/X (sky130_fd_sc_hd__clkbuf_8)
                                                         clknet_3_5_0_clk (net)
                      0.290106    0.004349  101.716568 ^ clkbuf_leaf_29_clk/A (sky130_fd_sc_hd__clkbuf_8)
    14    0.050401    0.155715    0.395161  102.111732 ^ clkbuf_leaf_29_clk/X (sky130_fd_sc_hd__clkbuf_8)
                                                         clknet_leaf_29_clk (net)
                      0.155717    0.000853  102.112579 ^ _18983_/CLK (sky130_fd_sc_hd__dfrtp_2)
                                 -0.250000  101.862587   clock uncertainty
                                  0.000000  101.862587   clock reconvergence pessimism
                                  0.419295  102.281876   library recovery time
                                            102.281876   data required time
---------------------------------------------------------------------------------------------
                                            102.281876   data required time
                                            -32.519653   data arrival time
---------------------------------------------------------------------------------------------
                                             69.762222   slack (MET)


Startpoint: uio_in[1] (input port clocked by clk)
Endpoint: _19382_ (rising edge-triggered flip-flop clocked by clk)
Path Group: clk
Path Type: max

Fanout         Cap        Slew       Delay        Time   Description
---------------------------------------------------------------------------------------------
                                  0.000000    0.000000   clock clk (rise edge)
                                  0.000000    0.000000   clock network delay (propagated)
                                 20.000000   20.000000 ^ input external delay
     1    0.002895    0.032880    0.016296   20.016296 ^ uio_in[1] (in)
                                                         uio_in[1] (net)
                      0.032880    0.000000   20.016296 ^ input12/A (sky130_fd_sc_hd__buf_1)
     1    0.019913    0.381524    0.354641   20.370937 ^ input12/X (sky130_fd_sc_hd__buf_1)
                                                         net12 (net)
                      0.381537    0.001846   20.372784 ^ wire2078/A (sky130_fd_sc_hd__buf_2)
     2    0.063074    0.485896    0.627887   21.000669 ^ wire2078/X (sky130_fd_sc_hd__buf_2)
                                                         net2078 (net)
                      0.485918    0.003718   21.004389 ^ _18302_/C_N (sky130_fd_sc_hd__or3b_2)
     2    0.090071    0.538177    1.651983   22.656372 v _18302_/X (sky130_fd_sc_hd__or3b_2)
                                                         _01050_ (net)
                      0.538177    0.002077   22.658447 v fanout373/A (sky130_fd_sc_hd__clkdlybuf4s25_1)
    10    0.122205    1.600904    1.771012   24.429461 v fanout373/X (sky130_fd_sc_hd__clkdlybuf4s25_1)
                                                         net373 (net)
                      1.600904    0.003281   24.432741 v _18312_/B (sky130_fd_sc_hd__nor2_2)
     3    0.050937    1.004502    1.350879   25.783619 ^ _18312_/Y (sky130_fd_sc_hd__nor2_2)
                                                         _01052_ (net)
                      1.004502    0.001236   25.784857 ^ fanout253/A (sky130_fd_sc_hd__clkdlybuf4s25_1)
     5    0.055387    0.883327    1.344485   27.129341 ^ fanout253/X (sky130_fd_sc_hd__clkdlybuf4s25_1)
                                                         net253 (net)
                      0.883334    0.003922   27.133263 ^ fanout252/A (sky130_fd_sc_hd__clkdlybuf4s25_1)
     6    0.064261    1.022938    1.411602   28.544865 ^ fanout252/X (sky130_fd_sc_hd__clkdlybuf4s25_1)
                                                         net252 (net)
                      1.022967    0.006613   28.551479 ^ fanout249/A (sky130_fd_sc_hd__clkdlybuf4s25_1)
     7    0.054319    0.866479    1.337424   29.888903 ^ fanout249/X (sky130_fd_sc_hd__clkdlybuf4s25_1)
                                                         net249 (net)
                      0.866479    0.000547   29.889450 ^ fanout248/A (sky130_fd_sc_hd__clkdlybuf4s25_1)
    10    0.061466    0.978534    1.379494   31.268944 ^ fanout248/X (sky130_fd_sc_hd__clkdlybuf4s25_1)
                                                         net248 (net)
                      0.978540    0.004196   31.273140 ^ _18437_/B1 (sky130_fd_sc_hd__a22o_2)
     1    0.002865    0.086089    0.557197   31.830338 ^ _18437_/X (sky130_fd_sc_hd__a22o_2)
                                                         _00651_ (net)
                      0.086089    0.000085   31.830421 ^ hold2289/A (sky130_fd_sc_hd__dlygate4sd3_1)
     1    0.002661    0.090071    1.045407   32.875828 ^ hold2289/X (sky130_fd_sc_hd__dlygate4sd3_1)
                                                         net2289 (net)
                      0.090071    0.000078   32.875908 ^ _19382_/D (sky130_fd_sc_hd__dfrtp_2)
                                             32.875908   data arrival time

                                100.000000  100.000000   clock clk (rise edge)
                                  0.000000  100.000000   clock source latency
     2    0.118032    0.847621    0.595861  100.595856 ^ clk (in)
                                                         clk (net)
                      0.847755    0.000000  100.595856 ^ clkbuf_0_clk/A (sky130_fd_sc_hd__clkbuf_16)
     8    0.128538    0.224784    0.638323  101.234184 ^ clkbuf_0_clk/X (sky130_fd_sc_hd__clkbuf_16)
                                                         clknet_0_clk (net)
                      0.225699    0.010346  101.244530 ^ clkbuf_3_5_0_clk/A (sky130_fd_sc_hd__clkbuf_8)
     8    0.105102    0.290036    0.467693  101.712219 ^ clkbuf_3_5_0_clk/X (sky130_fd_sc_hd__clkbuf_8)
                                                         clknet_3_5_0_clk (net)
                      0.290072    0.003311  101.715530 ^ clkbuf_leaf_33_clk/A (sky130_fd_sc_hd__clkbuf_8)
    15    0.051584    0.158574    0.397264  102.112793 ^ clkbuf_leaf_33_clk/X (sky130_fd_sc_hd__clkbuf_8)
                                                         clknet_leaf_33_clk (net)
                      0.158601    0.002061  102.114853 ^ _19382_/CLK (sky130_fd_sc_hd__dfrtp_2)
                                 -0.250000  101.864861   clock uncertainty
                                  0.000000  101.864861   clock reconvergence pessimism
                                 -0.127809  101.737053   library setup time
                                            101.737053   data required time
---------------------------------------------------------------------------------------------
                                            101.737053   data required time
                                            -32.875908   data arrival time
---------------------------------------------------------------------------------------------
                                             68.861145   slack (MET)




===========================================================================
report_checks --slack_max -0.01
============================================================================
======================= nom_ss_100C_1v60 Corner ===================================

No paths found.


===========================================================================
 report_check_types -max_slew -max_cap -max_fanout -violators
============================================================================
======================= nom_ss_100C_1v60 Corner ===================================

max slew

Pin                                        Limit        Slew       Slack
------------------------------------------------------------------------
ANTENNA_294/DIODE                       0.750000    2.504504   -1.754504 (VIOLATED)
fanout2076/A                            0.750000    2.504504   -1.754504 (VIOLATED)
ANTENNA_227/DIODE                       0.750000    2.504419   -1.754419 (VIOLATED)
fanout2055/A                            0.750000    2.504419   -1.754419 (VIOLATED)
fanout2060/A                            0.750000    2.504416   -1.754415 (VIOLATED)
fanout2044/A                            0.750000    2.504244   -1.754244 (VIOLATED)
fanout2011/A                            0.750000    2.504175   -1.754175 (VIOLATED)
fanout2077/X                            0.750000    2.504175   -1.754175 (VIOLATED)
_17860_/A1                              0.750000    2.255014   -1.505015 (VIOLATED)
_17810_/A1                              0.750000    2.255010   -1.505010 (VIOLATED)
_17835_/A1                              0.750000    2.255012   -1.505012 (VIOLATED)
_17549_/A1                              0.750000    2.254982   -1.504982 (VIOLATED)
_17524_/A1                              0.750000    2.254980   -1.504980 (VIOLATED)
fanout900/A                             0.750000    2.254975   -1.504975 (VIOLATED)
_17964_/A1                              0.750000    2.254973   -1.504973 (VIOLATED)
_17731_/A1                              0.750000    2.254964   -1.504964 (VIOLATED)
_17785_/A1                              0.750000    2.254960   -1.504960 (VIOLATED)
fanout901/X                             0.750000    2.254957   -1.504957 (VIOLATED)
ANTENNA_209/DIODE                       0.750000    2.100267   -1.350267 (VIOLATED)
_12267_/A1                              0.750000    2.100267   -1.350267 (VIOLATED)
ANTENNA_208/DIODE                       0.750000    2.100261   -1.350261 (VIOLATED)
_11836_/A1                              0.750000    2.100261   -1.350261 (VIOLATED)
_09503_/A                               0.750000    2.100236   -1.350236 (VIOLATED)
_15783_/A1                              0.750000    2.100236   -1.350236 (VIOLATED)
_15845_/B                               0.750000    2.100236   -1.350236 (VIOLATED)
_15846_/A1                              0.750000    2.100236   -1.350236 (VIOLATED)
_15859_/B                               0.750000    2.100236   -1.350236 (VIOLATED)
_15860_/A1                              0.750000    2.100236   -1.350236 (VIOLATED)
_15869_/A1                              0.750000    2.100236   -1.350236 (VIOLATED)
_18136_/A                               0.750000    2.100236   -1.350236 (VIOLATED)
fanout235/X                             0.750000    2.100236   -1.350236 (VIOLATED)
fanout177/A                             0.750000    2.073391   -1.323391 (VIOLATED)
fanout170/A                             0.750000    2.073379   -1.323379 (VIOLATED)
fanout168/A                             0.750000    2.073350   -1.323350 (VIOLATED)
fanout166/A                             0.750000    2.073266   -1.323266 (VIOLATED)
fanout163/A                             0.750000    2.072756   -1.322756 (VIOLATED)
fanout155/A                             0.750000    2.072615   -1.322615 (VIOLATED)
fanout178/X                             0.750000    2.072612   -1.322612 (VIOLATED)
_18410_/B2                              0.750000    1.962999   -1.212999 (VIOLATED)
_18416_/B2                              0.750000    1.962983   -1.212983 (VIOLATED)
_18414_/B2                              0.750000    1.962982   -1.212982 (VIOLATED)
_18418_/B2                              0.750000    1.962982   -1.212982 (VIOLATED)
_18420_/B2                              0.750000    1.962979   -1.212979 (VIOLATED)
_18422_/B2                              0.750000    1.962943   -1.212943 (VIOLATED)
_18412_/B2                              0.750000    1.962926   -1.212926 (VIOLATED)
_18725_/C                               0.750000    1.962807   -1.212807 (VIOLATED)
_18312_/B                               0.750000    1.962769   -1.212769 (VIOLATED)
_18733_/A4                              0.750000    1.962762   -1.212762 (VIOLATED)
fanout373/X                             0.750000    1.962762   -1.212762 (VIOLATED)
fanout898/A                             0.750000    1.959440   -1.209440 (VIOLATED)
fanout892/A                             0.750000    1.959354   -1.209354 (VIOLATED)
ANTENNA_212/DIODE                       0.750000    1.959353   -1.209353 (VIOLATED)
fanout888/A                             0.750000    1.959006   -1.209006 (VIOLATED)
fanout884/A                             0.750000    1.958967   -1.208967 (VIOLATED)
fanout881/A                             0.750000    1.958923   -1.208923 (VIOLATED)
fanout882/A                             0.750000    1.958917   -1.208917 (VIOLATED)
fanout899/X                             0.750000    1.958906   -1.208906 (VIOLATED)
_17775_/A1                              0.750000    1.935341   -1.185341 (VIOLATED)
_17774_/X                               0.750000    1.933588   -1.183588 (VIOLATED)
_17601_/A1                              0.750000    1.919775   -1.169775 (VIOLATED)
_17600_/X                               0.750000    1.918965   -1.168965 (VIOLATED)
fanout1627/A                            0.750000    1.863231   -1.113231 (VIOLATED)
_10399_/C1                              0.750000    1.863193   -1.113194 (VIOLATED)
fanout1626/A                            0.750000    1.863194   -1.113194 (VIOLATED)
_11197_/B1                              0.750000    1.863178   -1.113178 (VIOLATED)
_17598_/A0                              0.750000    1.863101   -1.113101 (VIOLATED)
fanout1628/X                            0.750000    1.863101   -1.113101 (VIOLATED)
_16423_/B                               0.750000    1.773658   -1.023658 (VIOLATED)
_16422_/X                               0.750000    1.772522   -1.022522 (VIOLATED)
_17256_/B                               0.750000    1.770888   -1.020888 (VIOLATED)
_17742_/A1                              0.750000    1.770085   -1.020085 (VIOLATED)
_17741_/X                               0.750000    1.769441   -1.019441 (VIOLATED)
_17255_/X                               0.750000    1.769275   -1.019275 (VIOLATED)
_11702_/A1                              0.750000    1.740336   -0.990336 (VIOLATED)
_11746_/A1                              0.750000    1.740329   -0.990329 (VIOLATED)
fanout1059/A                            0.750000    1.740292   -0.990292 (VIOLATED)
_18142_/C1                              0.750000    1.740096   -0.990096 (VIOLATED)
_11413_/A                               0.750000    1.740029   -0.990030 (VIOLATED)
_17889_/A1                              0.750000    1.740026   -0.990026 (VIOLATED)
fanout1060/X                            0.750000    1.740022   -0.990022 (VIOLATED)
fanout235/A                             0.750000    1.732025   -0.982025 (VIOLATED)
_09502_/Y                               0.750000    1.731971   -0.981971 (VIOLATED)
ANTENNA_274/DIODE                       0.750000    1.637410   -0.887410 (VIOLATED)
_17509_/A1                              0.750000    1.637409   -0.887409 (VIOLATED)
ANTENNA_273/DIODE                       0.750000    1.637408   -0.887408 (VIOLATED)
_17508_/X                               0.750000    1.636932   -0.886933 (VIOLATED)
_17709_/A1                              0.750000    1.608103   -0.858103 (VIOLATED)
_17708_/X                               0.750000    1.607866   -0.857866 (VIOLATED)
fanout964/A                             0.750000    1.561411   -0.811411 (VIOLATED)
ANTENNA_218/DIODE                       0.750000    1.561409   -0.811410 (VIOLATED)
fanout963/A                             0.750000    1.561390   -0.811390 (VIOLATED)
ANTENNA_217/DIODE                       0.750000    1.561383   -0.811383 (VIOLATED)
ANTENNA_216/DIODE                       0.750000    1.561342   -0.811342 (VIOLATED)
fanout962/A                             0.750000    1.561342   -0.811342 (VIOLATED)
_12213_/A                               0.750000    1.560939   -0.810939 (VIOLATED)
_17918_/A1                              0.750000    1.560936   -0.810936 (VIOLATED)
fanout965/X                             0.750000    1.560936   -0.810936 (VIOLATED)
_17739_/A1                              0.750000    1.548250   -0.798250 (VIOLATED)
ANTENNA_164/DIODE                       0.750000    1.548249   -0.798249 (VIOLATED)
_17738_/X                               0.750000    1.548164   -0.798164 (VIOLATED)
ANTENNA_118/DIODE                       0.750000    1.542938   -0.792938 (VIOLATED)
ANTENNA_119/DIODE                       0.750000    1.542938   -0.792938 (VIOLATED)
ANTENNA_120/DIODE                       0.750000    1.542938   -0.792938 (VIOLATED)
ANTENNA_121/DIODE                       0.750000    1.542938   -0.792938 (VIOLATED)
ANTENNA_122/DIODE                       0.750000    1.542938   -0.792938 (VIOLATED)
ANTENNA_123/DIODE                       0.750000    1.542938   -0.792938 (VIOLATED)
ANTENNA_125/DIODE                       0.750000    1.542938   -0.792939 (VIOLATED)
_17613_/A1                              0.750000    1.542938   -0.792938 (VIOLATED)
ANTENNA_124/DIODE                       0.750000    1.542934   -0.792934 (VIOLATED)
_17612_/X                               0.750000    1.542848   -0.792848 (VIOLATED)
ANTENNA_148/DIODE                       0.750000    1.534116   -0.784116 (VIOLATED)
ANTENNA_150/DIODE                       0.750000    1.534116   -0.784116 (VIOLATED)
ANTENNA_152/DIODE                       0.750000    1.534116   -0.784116 (VIOLATED)
ANTENNA_154/DIODE                       0.750000    1.534116   -0.784116 (VIOLATED)
ANTENNA_156/DIODE                       0.750000    1.534116   -0.784116 (VIOLATED)
_17700_/A1                              0.750000    1.534113   -0.784113 (VIOLATED)
ANTENNA_149/DIODE                       0.750000    1.534106   -0.784106 (VIOLATED)
ANTENNA_151/DIODE                       0.750000    1.534103   -0.784103 (VIOLATED)
ANTENNA_153/DIODE                       0.750000    1.534103   -0.784103 (VIOLATED)
ANTENNA_155/DIODE                       0.750000    1.534103   -0.784103 (VIOLATED)
_17699_/X                               0.750000    1.533804   -0.783804 (VIOLATED)
_18311_/A2                              0.750000    1.506477   -0.756477 (VIOLATED)
_18308_/A2                              0.750000    1.506452   -0.756453 (VIOLATED)
_18305_/A2                              0.750000    1.506445   -0.756445 (VIOLATED)
_18303_/B                               0.750000    1.505939   -0.755939 (VIOLATED)
_18710_/A2                              0.750000    1.505939   -0.755939 (VIOLATED)
_18711_/A2                              0.750000    1.505939   -0.755939 (VIOLATED)
_18712_/A2                              0.750000    1.505939   -0.755939 (VIOLATED)
_18713_/A3                              0.750000    1.505939   -0.755939 (VIOLATED)
_18715_/A3                              0.750000    1.505939   -0.755939 (VIOLATED)
_18716_/D                               0.750000    1.505939   -0.755939 (VIOLATED)
fanout255/X                             0.750000    1.505939   -0.755939 (VIOLATED)
_12574_/A                               0.750000    1.505097   -0.755097 (VIOLATED)
_12539_/X                               0.750000    1.504326   -0.754326 (VIOLATED)
_11950_/B                               0.750000    1.501526   -0.751527 (VIOLATED)
_11949_/X                               0.750000    1.501130   -0.751130 (VIOLATED)
_14173_/A                               0.750000    1.501130   -0.751130 (VIOLATED)
_17973_/A2                              0.750000    1.501130   -0.751130 (VIOLATED)
_16195_/A_N                             0.750000    1.494448   -0.744448 (VIOLATED)
_16981_/A1                              0.750000    1.494442   -0.744442 (VIOLATED)
fanout1619/A                            0.750000    1.494442   -0.744442 (VIOLATED)
fanout1616/A                            0.750000    1.494434   -0.744434 (VIOLATED)
_17604_/A0                              0.750000    1.494390   -0.744390 (VIOLATED)
fanout1620/X                            0.750000    1.494390   -0.744390 (VIOLATED)
ANTENNA_126/DIODE                       0.750000    1.485764   -0.735764 (VIOLATED)
_17616_/A1                              0.750000    1.485764   -0.735764 (VIOLATED)
_17615_/X                               0.750000    1.485703   -0.735703 (VIOLATED)
ANTENNA_157/DIODE                       0.750000    1.468605   -0.718605 (VIOLATED)
ANTENNA_158/DIODE                       0.750000    1.468606   -0.718606 (VIOLATED)
ANTENNA_160/DIODE                       0.750000    1.468606   -0.718606 (VIOLATED)
_17706_/A1                              0.750000    1.468606   -0.718606 (VIOLATED)
ANTENNA_159/DIODE                       0.750000    1.468605   -0.718605 (VIOLATED)
_17705_/X                               0.750000    1.468421   -0.718421 (VIOLATED)
fanout1950/A                            0.750000    1.466693   -0.716693 (VIOLATED)
ANTENNA_225/DIODE                       0.750000    1.466691   -0.716691 (VIOLATED)
fanout1975/A                            0.750000    1.466692   -0.716692 (VIOLATED)
fanout1952/A                            0.750000    1.466690   -0.716690 (VIOLATED)
fanout1948/A                            0.750000    1.466678   -0.716678 (VIOLATED)
fanout1957/A                            0.750000    1.466674   -0.716675 (VIOLATED)
fanout1976/X                            0.750000    1.466674   -0.716675 (VIOLATED)
_17604_/A1                              0.750000    1.462737   -0.712737 (VIOLATED)
_17603_/X                               0.750000    1.461864   -0.711864 (VIOLATED)
_18306_/A1                              0.750000    1.437855   -0.687855 (VIOLATED)
_18161_/B1                              0.750000    1.437852   -0.687852 (VIOLATED)
_18160_/X                               0.750000    1.433678   -0.683678 (VIOLATED)
_11912_/B1                              0.750000    1.430315   -0.680315 (VIOLATED)
_12107_/C1                              0.750000    1.430291   -0.680291 (VIOLATED)
_12207_/C1                              0.750000    1.430277   -0.680278 (VIOLATED)
_12068_/C1                              0.750000    1.430261   -0.680261 (VIOLATED)
_12075_/C1                              0.750000    1.430221   -0.680221 (VIOLATED)
_12235_/C1                              0.750000    1.430221   -0.680221 (VIOLATED)
_12231_/A                               0.750000    1.430219   -0.680219 (VIOLATED)
_12116_/C1                              0.750000    1.430176   -0.680176 (VIOLATED)
_11998_/B1                              0.750000    1.430155   -0.680155 (VIOLATED)
_11782_/A                               0.750000    1.429735   -0.679735 (VIOLATED)
fanout775/X                             0.750000    1.429735   -0.679735 (VIOLATED)
_09406_/A                               0.750000    1.425362   -0.675362 (VIOLATED)
_11911_/A1                              0.750000    1.425356   -0.675356 (VIOLATED)
_11907_/B2                              0.750000    1.425351   -0.675351 (VIOLATED)
_11945_/C1                              0.750000    1.425347   -0.675347 (VIOLATED)
_12208_/B1                              0.750000    1.425301   -0.675301 (VIOLATED)
_12084_/B1                              0.750000    1.425261   -0.675261 (VIOLATED)
_12069_/C1                              0.750000    1.425260   -0.675260 (VIOLATED)
_12091_/B2                              0.750000    1.425260   -0.675260 (VIOLATED)
_17904_/A1                              0.750000    1.425243   -0.675243 (VIOLATED)
_12132_/A1                              0.750000    1.425241   -0.675241 (VIOLATED)
fanout1010/X                            0.750000    1.425241   -0.675241 (VIOLATED)
_11583_/A                               0.750000    1.419631   -0.669631 (VIOLATED)
_15825_/B                               0.750000    1.419415   -0.669415 (VIOLATED)
_12926_/A2                              0.750000    1.419413   -0.669413 (VIOLATED)
_12914_/C                               0.750000    1.419408   -0.669408 (VIOLATED)
_12946_/C                               0.750000    1.419408   -0.669408 (VIOLATED)
_13308_/B                               0.750000    1.419407   -0.669407 (VIOLATED)
_12943_/A2                              0.750000    1.419403   -0.669403 (VIOLATED)
_13456_/A2                              0.750000    1.419374   -0.669374 (VIOLATED)
_12942_/B                               0.750000    1.419348   -0.669348 (VIOLATED)
_13638_/B                               0.750000    1.419345   -0.669345 (VIOLATED)
_13641_/A2                              0.750000    1.419345   -0.669345 (VIOLATED)
_14081_/C                               0.750000    1.419345   -0.669345 (VIOLATED)
fanout478/X                             0.750000    1.419345   -0.669345 (VIOLATED)
_11536_/X                               0.750000    1.419234   -0.669234 (VIOLATED)
_15824_/X                               0.750000    1.419065   -0.669065 (VIOLATED)
_10852_/B                               0.750000    1.410939   -0.660939 (VIOLATED)
_13669_/A                               0.750000    1.409806   -0.659806 (VIOLATED)
_17944_/B                               0.750000    1.409782   -0.659782 (VIOLATED)
_10851_/Y                               0.750000    1.409765   -0.659765 (VIOLATED)
wire1378/A                              0.750000    1.403720   -0.653720 (VIOLATED)
_17732_/A1                              0.750000    1.403638   -0.653638 (VIOLATED)
fanout1377/X                            0.750000    1.403636   -0.653636 (VIOLATED)
_17521_/A1                              0.750000    1.392183   -0.642183 (VIOLATED)
_17520_/X                               0.750000    1.391803   -0.641803 (VIOLATED)
ANTENNA_292/DIODE                       0.750000    1.386968   -0.636968 (VIOLATED)
_17610_/S                               0.750000    1.386968   -0.636968 (VIOLATED)
ANTENNA_293/DIODE                       0.750000    1.386952   -0.636952 (VIOLATED)
_18142_/B1                              0.750000    1.386948   -0.636948 (VIOLATED)
wire609/A                               0.750000    1.386916   -0.636916 (VIOLATED)
_17901_/A2                              0.750000    1.386915   -0.636915 (VIOLATED)
fanout608/X                             0.750000    1.386915   -0.636915 (VIOLATED)
_15850_/B                               0.750000    1.385029   -0.635029 (VIOLATED)
_17481_/A1                              0.750000    1.384736   -0.634736 (VIOLATED)
_17480_/X                               0.750000    1.384607   -0.634607 (VIOLATED)
_15849_/X                               0.750000    1.384438   -0.634438 (VIOLATED)
_17932_/B2                              0.750000    1.383905   -0.633905 (VIOLATED)
_17982_/A2_N                            0.750000    1.383898   -0.633898 (VIOLATED)
_17963_/B                               0.750000    1.383887   -0.633887 (VIOLATED)
_17946_/B                               0.750000    1.383852   -0.633852 (VIOLATED)
_17996_/A2_N                            0.750000    1.383841   -0.633841 (VIOLATED)
_17735_/A3                              0.750000    1.383834   -0.633834 (VIOLATED)
_17749_/B1                              0.750000    1.383824   -0.633824 (VIOLATED)
_17756_/B1                              0.750000    1.383814   -0.633814 (VIOLATED)
_18136_/B                               0.750000    1.383808   -0.633808 (VIOLATED)
_17778_/A2                              0.750000    1.383805   -0.633805 (VIOLATED)
fanout278/X                             0.750000    1.383805   -0.633805 (VIOLATED)
_15759_/B                               0.750000    1.366538   -0.616538 (VIOLATED)
_15758_/X                               0.750000    1.366214   -0.616214 (VIOLATED)
_11865_/B                               0.750000    1.362428   -0.612428 (VIOLATED)
_11877_/B                               0.750000    1.362415   -0.612415 (VIOLATED)
_11868_/B                               0.750000    1.362412   -0.612412 (VIOLATED)
_11920_/A                               0.750000    1.362406   -0.612406 (VIOLATED)
_11867_/B                               0.750000    1.362402   -0.612402 (VIOLATED)
_11876_/B                               0.750000    1.362402   -0.612402 (VIOLATED)
_11978_/A1                              0.750000    1.362402   -0.612402 (VIOLATED)
_11981_/A2                              0.750000    1.362402   -0.612402 (VIOLATED)
_12070_/A2                              0.750000    1.362402   -0.612402 (VIOLATED)
_12082_/D                               0.750000    1.362402   -0.612402 (VIOLATED)
fanout497/X                             0.750000    1.362402   -0.612402 (VIOLATED)
_18130_/A                               0.750000    1.360551   -0.610551 (VIOLATED)
_18142_/A1                              0.750000    1.360547   -0.610547 (VIOLATED)
fanout858/A                             0.750000    1.360548   -0.610548 (VIOLATED)
ANTENNA_211/DIODE                       0.750000    1.360538   -0.610538 (VIOLATED)
fanout855/A                             0.750000    1.360538   -0.610538 (VIOLATED)
fanout857/A                             0.750000    1.360538   -0.610538 (VIOLATED)
fanout860/X                             0.750000    1.360538   -0.610538 (VIOLATED)
_12264_/C                               0.750000    1.346277   -0.596277 (VIOLATED)
_12265_/B1                              0.750000    1.346275   -0.596275 (VIOLATED)
_12263_/X                               0.750000    1.345396   -0.595396 (VIOLATED)
wire1647/A                              0.750000    1.344442   -0.594442 (VIOLATED)
ANTENNA_222/DIODE                       0.750000    1.344235   -0.594235 (VIOLATED)
ANTENNA_224/DIODE                       0.750000    1.344235   -0.594235 (VIOLATED)
ANTENNA_219/DIODE                       0.750000    1.344231   -0.594231 (VIOLATED)
ANTENNA_220/DIODE                       0.750000    1.344230   -0.594230 (VIOLATED)
ANTENNA_221/DIODE                       0.750000    1.344231   -0.594231 (VIOLATED)
ANTENNA_223/DIODE                       0.750000    1.344231   -0.594231 (VIOLATED)
_17589_/A0                              0.750000    1.344231   -0.594231 (VIOLATED)
fanout1646/X                            0.750000    1.344225   -0.594225 (VIOLATED)
_11854_/B                               0.750000    1.342206   -0.592206 (VIOLATED)
_12192_/A1                              0.750000    1.342199   -0.592200 (VIOLATED)
_12162_/B2                              0.750000    1.342193   -0.592193 (VIOLATED)
_11989_/A1                              0.750000    1.342185   -0.592185 (VIOLATED)
_12025_/A3                              0.750000    1.342168   -0.592168 (VIOLATED)
_11986_/A                               0.750000    1.342154   -0.592154 (VIOLATED)
_11915_/A2                              0.750000    1.341778   -0.591778 (VIOLATED)
_11972_/A1                              0.750000    1.341778   -0.591778 (VIOLATED)
_11990_/A1                              0.750000    1.341778   -0.591778 (VIOLATED)
_12114_/A                               0.750000    1.341778   -0.591778 (VIOLATED)
fanout501/X                             0.750000    1.341778   -0.591778 (VIOLATED)
ANTENNA_93/DIODE                        0.750000    1.340713   -0.590713 (VIOLATED)
ANTENNA_90/DIODE                        0.750000    1.340712   -0.590712 (VIOLATED)
ANTENNA_91/DIODE                        0.750000    1.340713   -0.590713 (VIOLATED)
ANTENNA_92/DIODE                        0.750000    1.340712   -0.590712 (VIOLATED)
_17512_/A1                              0.750000    1.340713   -0.590713 (VIOLATED)
_17511_/X                               0.750000    1.340649   -0.590649 (VIOLATED)
ANTENNA_129/DIODE                       0.750000    1.335440   -0.585440 (VIOLATED)
ANTENNA_131/DIODE                       0.750000    1.335440   -0.585440 (VIOLATED)
ANTENNA_134/DIODE                       0.750000    1.335440   -0.585440 (VIOLATED)
ANTENNA_136/DIODE                       0.750000    1.335440   -0.585440 (VIOLATED)
_17655_/A1                              0.750000    1.335439   -0.585440 (VIOLATED)
ANTENNA_130/DIODE                       0.750000    1.335436   -0.585436 (VIOLATED)
ANTENNA_132/DIODE                       0.750000    1.335433   -0.585433 (VIOLATED)
ANTENNA_133/DIODE                       0.750000    1.335433   -0.585433 (VIOLATED)
ANTENNA_135/DIODE                       0.750000    1.335432   -0.585432 (VIOLATED)
ANTENNA_137/DIODE                       0.750000    1.335432   -0.585432 (VIOLATED)
_17654_/X                               0.750000    1.335131   -0.585131 (VIOLATED)
_11830_/B1                              0.750000    1.334912   -0.584912 (VIOLATED)
_11831_/A                               0.750000    1.334912   -0.584912 (VIOLATED)
_12076_/A1                              0.750000    1.334911   -0.584911 (VIOLATED)
_12237_/B1                              0.750000    1.334911   -0.584911 (VIOLATED)
_12117_/B1                              0.750000    1.334907   -0.584907 (VIOLATED)
_12246_/B1                              0.750000    1.334883   -0.584883 (VIOLATED)
_12002_/A1                              0.750000    1.334875   -0.584875 (VIOLATED)
_11905_/B1                              0.750000    1.334867   -0.584867 (VIOLATED)
_11910_/C1                              0.750000    1.334867   -0.584867 (VIOLATED)
_11930_/B                               0.750000    1.334867   -0.584867 (VIOLATED)
fanout774/X                             0.750000    1.334867   -0.584867 (VIOLATED)
_12442_/A                               0.750000    1.333008   -0.583008 (VIOLATED)
_12384_/X                               0.750000    1.332943   -0.582943 (VIOLATED)
ANTENNA_275/DIODE                       0.750000    1.328104   -0.578104 (VIOLATED)
_17518_/A1                              0.750000    1.328103   -0.578103 (VIOLATED)
_17517_/X                               0.750000    1.327935   -0.577935 (VIOLATED)
_14851_/A1                              0.750000    1.321730   -0.571730 (VIOLATED)
_14630_/A_N                             0.750000    1.321729   -0.571729 (VIOLATED)
_14633_/A                               0.750000    1.321729   -0.571729 (VIOLATED)
_14634_/A                               0.750000    1.321727   -0.571727 (VIOLATED)
_15476_/C1                              0.750000    1.321722   -0.571722 (VIOLATED)
_14604_/A                               0.750000    1.321719   -0.571719 (VIOLATED)
_14610_/B                               0.750000    1.321719   -0.571719 (VIOLATED)
_14662_/B                               0.750000    1.321719   -0.571719 (VIOLATED)
_14668_/B                               0.750000    1.321719   -0.571719 (VIOLATED)
_14691_/A1                              0.750000    1.321719   -0.571719 (VIOLATED)
fanout1574/X                            0.750000    1.321719   -0.571719 (VIOLATED)
_11392_/A                               0.750000    1.320680   -0.570680 (VIOLATED)
_11285_/A1                              0.750000    1.320678   -0.570678 (VIOLATED)
_11145_/B2                              0.750000    1.320673   -0.570674 (VIOLATED)
_11302_/B2                              0.750000    1.320639   -0.570640 (VIOLATED)
_10989_/A3                              0.750000    1.320571   -0.570571 (VIOLATED)
_10433_/C                               0.750000    1.320563   -0.570563 (VIOLATED)
_10179_/A                               0.750000    1.320520   -0.570520 (VIOLATED)
_10657_/A1                              0.750000    1.320520   -0.570520 (VIOLATED)
_10649_/B                               0.750000    1.320506   -0.570506 (VIOLATED)
_10837_/C                               0.750000    1.320168   -0.570168 (VIOLATED)
fanout520/X                             0.750000    1.320168   -0.570168 (VIOLATED)
_17321_/B                               0.750000    1.318296   -0.568296 (VIOLATED)
_17320_/X                               0.750000    1.317912   -0.567912 (VIOLATED)
_17277_/C1                              0.750000    1.315850   -0.565850 (VIOLATED)
fanout1352/A                            0.750000    1.315822   -0.565822 (VIOLATED)
_16535_/B1                              0.750000    1.315806   -0.565806 (VIOLATED)
_16916_/C1                              0.750000    1.315804   -0.565804 (VIOLATED)
_17129_/B1                              0.750000    1.315792   -0.565792 (VIOLATED)
_16652_/A                               0.750000    1.315791   -0.565791 (VIOLATED)
_16934_/C1                              0.750000    1.315791   -0.565791 (VIOLATED)
_16659_/B1                              0.750000    1.315783   -0.565783 (VIOLATED)
_09481_/A                               0.750000    1.315776   -0.565776 (VIOLATED)
_17745_/A0                              0.750000    1.315438   -0.565438 (VIOLATED)
fanout1353/X                            0.750000    1.315438   -0.565438 (VIOLATED)
ANTENNA_210/DIODE                       0.750000    1.314262   -0.564262 (VIOLATED)
wire354/A                               0.750000    1.314262   -0.564262 (VIOLATED)
fanout350/A                             0.750000    1.313855   -0.563855 (VIOLATED)
fanout353/X                             0.750000    1.313855   -0.563855 (VIOLATED)
fanout646/A                             0.750000    1.311307   -0.561307 (VIOLATED)
_09498_/Y                               0.750000    1.311188   -0.561188 (VIOLATED)
fanout629/A                             0.750000    1.311188   -0.561188 (VIOLATED)
_18163_/B1                              0.750000    1.310484   -0.560484 (VIOLATED)
_18307_/A1                              0.750000    1.310474   -0.560474 (VIOLATED)
_10967_/C1                              0.750000    1.306563   -0.556563 (VIOLATED)
_11132_/A1                              0.750000    1.306561   -0.556561 (VIOLATED)
_10731_/A1                              0.750000    1.306560   -0.556560 (VIOLATED)
fanout1397/A                            0.750000    1.306553   -0.556553 (VIOLATED)
_09383_/A                               0.750000    1.306549   -0.556549 (VIOLATED)
_10969_/B2                              0.750000    1.306549   -0.556549 (VIOLATED)
_10959_/C1                              0.750000    1.306548   -0.556548 (VIOLATED)
_10970_/A1                              0.750000    1.306548   -0.556548 (VIOLATED)
_17718_/A0                              0.750000    1.306225   -0.556225 (VIOLATED)
fanout1398/X                            0.750000    1.306225   -0.556225 (VIOLATED)
_18162_/X                               0.750000    1.305818   -0.555818 (VIOLATED)
_12008_/A                               0.750000    1.298733   -0.548733 (VIOLATED)
_11957_/X                               0.750000    1.298446   -0.548446 (VIOLATED)
_10063_/B                               0.750000    1.295659   -0.545659 (VIOLATED)
_10716_/A2                              0.750000    1.295657   -0.545657 (VIOLATED)
_10051_/A2                              0.750000    1.295656   -0.545656 (VIOLATED)
_11253_/B2                              0.750000    1.295653   -0.545653 (VIOLATED)
_10083_/B                               0.750000    1.295649   -0.545649 (VIOLATED)
_11262_/A2                              0.750000    1.295649   -0.545649 (VIOLATED)
_11355_/A1                              0.750000    1.295646   -0.545646 (VIOLATED)
_10038_/B                               0.750000    1.295641   -0.545641 (VIOLATED)
_10070_/A2                              0.750000    1.295616   -0.545616 (VIOLATED)
_10069_/B                               0.750000    1.295613   -0.545613 (VIOLATED)
fanout528/X                             0.750000    1.295613   -0.545613 (VIOLATED)
ANTENNA_242/DIODE                       0.750000    1.293744   -0.543744 (VIOLATED)
ANTENNA_244/DIODE                       0.750000    1.293744   -0.543744 (VIOLATED)
ANTENNA_246/DIODE                       0.750000    1.293744   -0.543744 (VIOLATED)
ANTENNA_248/DIODE                       0.750000    1.293744   -0.543744 (VIOLATED)
_17494_/A1                              0.750000    1.293744   -0.543744 (VIOLATED)
ANTENNA_241/DIODE                       0.750000    1.293742   -0.543742 (VIOLATED)
ANTENNA_243/DIODE                       0.750000    1.293740   -0.543740 (VIOLATED)
ANTENNA_245/DIODE                       0.750000    1.293740   -0.543740 (VIOLATED)
ANTENNA_247/DIODE                       0.750000    1.293740   -0.543740 (VIOLATED)
ANTENNA_249/DIODE                       0.750000    1.293740   -0.543740 (VIOLATED)
_17896_/B                               0.750000    1.293686   -0.543686 (VIOLATED)
_11674_/B                               0.750000    1.293682   -0.543682 (VIOLATED)
_17493_/X                               0.750000    1.293640   -0.543640 (VIOLATED)
_11673_/Y                               0.750000    1.293562   -0.543562 (VIOLATED)
_18157_/B1                              0.750000    1.291908   -0.541908 (VIOLATED)
_18304_/A1                              0.750000    1.291905   -0.541905 (VIOLATED)
_16471_/B                               0.750000    1.291178   -0.541178 (VIOLATED)
_16700_/A1                              0.750000    1.291176   -0.541176 (VIOLATED)
_16979_/C                               0.750000    1.291157   -0.541157 (VIOLATED)
_16193_/A1                              0.750000    1.291156   -0.541156 (VIOLATED)
_16676_/A2                              0.750000    1.291125   -0.541125 (VIOLATED)
_16982_/A2                              0.750000    1.291079   -0.541079 (VIOLATED)
_17050_/B1                              0.750000    1.291035   -0.541035 (VIOLATED)
_16675_/B                               0.750000    1.291033   -0.541033 (VIOLATED)
_16120_/A                               0.750000    1.291032   -0.541032 (VIOLATED)
_17182_/A2                              0.750000    1.290690   -0.540690 (VIOLATED)
fanout395/X                             0.750000    1.290690   -0.540690 (VIOLATED)
_18156_/X                               0.750000    1.287386   -0.537386 (VIOLATED)
_11907_/C1                              0.750000    1.282202   -0.532202 (VIOLATED)
_11944_/C1                              0.750000    1.282199   -0.532199 (VIOLATED)
_11919_/B1                              0.750000    1.282197   -0.532197 (VIOLATED)
_11980_/A1                              0.750000    1.282187   -0.532187 (VIOLATED)
_12092_/B2                              0.750000    1.282187   -0.532187 (VIOLATED)
_12117_/A1                              0.750000    1.282187   -0.532187 (VIOLATED)
_12128_/C1                              0.750000    1.282187   -0.532187 (VIOLATED)
_12205_/B1                              0.750000    1.282187   -0.532187 (VIOLATED)
_12246_/A1                              0.750000    1.282187   -0.532187 (VIOLATED)
_17901_/A1                              0.750000    1.282187   -0.532187 (VIOLATED)
fanout776/X                             0.750000    1.282187   -0.532187 (VIOLATED)
_12138_/A                               0.750000    1.274682   -0.524682 (VIOLATED)
_12103_/X                               0.750000    1.274227   -0.524227 (VIOLATED)
_11713_/B                               0.750000    1.271426   -0.521426 (VIOLATED)
_11712_/X                               0.750000    1.271127   -0.521127 (VIOLATED)
_17631_/A1                              0.750000    1.269618   -0.519618 (VIOLATED)
_17630_/X                               0.750000    1.269500   -0.519500 (VIOLATED)
_17792_/A1                              0.750000    1.268856   -0.518856 (VIOLATED)
_17791_/X                               0.750000    1.267975   -0.517975 (VIOLATED)
fanout645/A                             0.750000    1.267768   -0.517768 (VIOLATED)
fanout639/A                             0.750000    1.267703   -0.517703 (VIOLATED)
fanout634/A                             0.750000    1.267629   -0.517629 (VIOLATED)
fanout636/A                             0.750000    1.267612   -0.517612 (VIOLATED)
fanout631/A                             0.750000    1.267538   -0.517538 (VIOLATED)
fanout633/A                             0.750000    1.267538   -0.517538 (VIOLATED)
fanout646/X                             0.750000    1.267538   -0.517538 (VIOLATED)
_17721_/A1                              0.750000    1.265684   -0.515684 (VIOLATED)
ANTENNA_162/DIODE                       0.750000    1.265683   -0.515683 (VIOLATED)
_17720_/X                               0.750000    1.265639   -0.515639 (VIOLATED)
_12872_/A                               0.750000    1.261129   -0.511129 (VIOLATED)
_13721_/A1                              0.750000    1.261125   -0.511126 (VIOLATED)
_12853_/A                               0.750000    1.261111   -0.511111 (VIOLATED)
_12848_/A                               0.750000    1.261109   -0.511109 (VIOLATED)
_13456_/A1                              0.750000    1.261102   -0.511102 (VIOLATED)
_13632_/A1                              0.750000    1.261079   -0.511079 (VIOLATED)
_13950_/A1                              0.750000    1.261079   -0.511079 (VIOLATED)
_12941_/A1                              0.750000    1.261047   -0.511047 (VIOLATED)
_12926_/A1                              0.750000    1.260658   -0.510658 (VIOLATED)
_12931_/A                               0.750000    1.260658   -0.510658 (VIOLATED)
fanout736/X                             0.750000    1.260658   -0.510658 (VIOLATED)
_12284_/B                               0.750000    1.260128   -0.510128 (VIOLATED)
_12324_/B                               0.750000    1.260126   -0.510126 (VIOLATED)
_12395_/B                               0.750000    1.260118   -0.510118 (VIOLATED)
_12344_/A2                              0.750000    1.260111   -0.510112 (VIOLATED)
_12386_/A2                              0.750000    1.260097   -0.510097 (VIOLATED)
_12675_/A4                              0.750000    1.260095   -0.510096 (VIOLATED)
_12356_/A                               0.750000    1.260091   -0.510091 (VIOLATED)
_12361_/A2                              0.750000    1.260091   -0.510091 (VIOLATED)
_12387_/A2                              0.750000    1.260091   -0.510091 (VIOLATED)
_12542_/A1                              0.750000    1.260091   -0.510091 (VIOLATED)
fanout491/X                             0.750000    1.260091   -0.510091 (VIOLATED)
_18425_/B2                              0.750000    1.258149   -0.508149 (VIOLATED)
_18304_/A2                              0.750000    1.258147   -0.508147 (VIOLATED)
_18307_/A2                              0.750000    1.258137   -0.508137 (VIOLATED)
_18428_/B2                              0.750000    1.257727   -0.507727 (VIOLATED)
_18426_/B2                              0.750000    1.257712   -0.507712 (VIOLATED)
_18429_/B2                              0.750000    1.257689   -0.507689 (VIOLATED)
_18427_/B2                              0.750000    1.257667   -0.507667 (VIOLATED)
_18306_/A2                              0.750000    1.257609   -0.507609 (VIOLATED)
_18309_/A2                              0.750000    1.257609   -0.507609 (VIOLATED)
_18310_/A2                              0.750000    1.257609   -0.507609 (VIOLATED)
fanout254/X                             0.750000    1.257609   -0.507609 (VIOLATED)
_10997_/A1                              0.750000    1.257442   -0.507442 (VIOLATED)
_10196_/B1                              0.750000    1.257440   -0.507440 (VIOLATED)
_10250_/A1                              0.750000    1.257440   -0.507440 (VIOLATED)
_10674_/S0                              0.750000    1.257436   -0.507436 (VIOLATED)
_10455_/B1                              0.750000    1.257431   -0.507431 (VIOLATED)
_10472_/A1                              0.750000    1.257430   -0.507430 (VIOLATED)
_10238_/B1                              0.750000    1.257426   -0.507426 (VIOLATED)
_10677_/C1                              0.750000    1.257416   -0.507416 (VIOLATED)
_10680_/S0                              0.750000    1.257416   -0.507416 (VIOLATED)
_10822_/A                               0.750000    1.257416   -0.507416 (VIOLATED)
fanout806/X                             0.750000    1.257416   -0.507416 (VIOLATED)
_13906_/A1                              0.750000    1.254104   -0.504104 (VIOLATED)
_13584_/A1                              0.750000    1.254104   -0.504104 (VIOLATED)
_13992_/B2                              0.750000    1.254104   -0.504104 (VIOLATED)
_13908_/B1                              0.750000    1.254099   -0.504099 (VIOLATED)
_13899_/B1                              0.750000    1.254094   -0.504094 (VIOLATED)
_13599_/A1                              0.750000    1.254072   -0.504072 (VIOLATED)
_13576_/C1                              0.750000    1.254041   -0.504041 (VIOLATED)
_13508_/B                               0.750000    1.254037   -0.504037 (VIOLATED)
_13373_/B1                              0.750000    1.253678   -0.503678 (VIOLATED)
_13747_/B                               0.750000    1.253663   -0.503663 (VIOLATED)
fanout328/X                             0.750000    1.253663   -0.503663 (VIOLATED)
_09804_/B                               0.750000    1.253418   -0.503418 (VIOLATED)
_10345_/A3                              0.750000    1.253418   -0.503418 (VIOLATED)
_10354_/B                               0.750000    1.253418   -0.503418 (VIOLATED)
_10573_/A                               0.750000    1.253418   -0.503418 (VIOLATED)
_10586_/B1                              0.750000    1.253418   -0.503418 (VIOLATED)
_10898_/A2                              0.750000    1.253418   -0.503418 (VIOLATED)
_11041_/B                               0.750000    1.253418   -0.503418 (VIOLATED)
_11313_/A                               0.750000    1.253418   -0.503418 (VIOLATED)
_11316_/B1                              0.750000    1.253418   -0.503418 (VIOLATED)
_11333_/A1                              0.750000    1.253418   -0.503418 (VIOLATED)
fanout546/X                             0.750000    1.253418   -0.503418 (VIOLATED)
_15113_/B                               0.750000    1.253327   -0.503327 (VIOLATED)
_14897_/A2                              0.750000    1.253325   -0.503325 (VIOLATED)
_14865_/A2                              0.750000    1.253323   -0.503323 (VIOLATED)
_14542_/B1                              0.750000    1.253322   -0.503322 (VIOLATED)
_15369_/B                               0.750000    1.253322   -0.503322 (VIOLATED)
_15108_/A                               0.750000    1.253317   -0.503318 (VIOLATED)
_14885_/B                               0.750000    1.253315   -0.503315 (VIOLATED)
_15454_/A2                              0.750000    1.253315   -0.503315 (VIOLATED)
_15442_/A3                              0.750000    1.253310   -0.503310 (VIOLATED)
_15443_/B1                              0.750000    1.253310   -0.503310 (VIOLATED)
fanout433/X                             0.750000    1.253310   -0.503310 (VIOLATED)
_09393_/A                               0.750000    1.252860   -0.502860 (VIOLATED)
_11001_/A1                              0.750000    1.252860   -0.502860 (VIOLATED)
_11143_/B1                              0.750000    1.252851   -0.502851 (VIOLATED)
_10455_/A1                              0.750000    1.252487   -0.502487 (VIOLATED)
_10452_/B1                              0.750000    1.252485   -0.502485 (VIOLATED)
_10477_/B1                              0.750000    1.252473   -0.502473 (VIOLATED)
_10678_/A1                              0.750000    1.252464   -0.502464 (VIOLATED)
_10847_/B1                              0.750000    1.252443   -0.502443 (VIOLATED)
_11147_/B1                              0.750000    1.252443   -0.502443 (VIOLATED)
_11155_/C1                              0.750000    1.252443   -0.502443 (VIOLATED)
fanout908/X                             0.750000    1.252443   -0.502443 (VIOLATED)
_11166_/B                               0.750000    1.252218   -0.502218 (VIOLATED)
_18723_/A                               0.750000    1.251317   -0.501317 (VIOLATED)
_18706_/B1                              0.750000    1.251312   -0.501312 (VIOLATED)
_18709_/A                               0.750000    1.251292   -0.501292 (VIOLATED)
_13918_/A                               0.750000    1.251291   -0.501291 (VIOLATED)
_18713_/B1                              0.750000    1.251288   -0.501288 (VIOLATED)
_17949_/B1                              0.750000    1.251273   -0.501273 (VIOLATED)
_11165_/X                               0.750000    1.251266   -0.501266 (VIOLATED)
fanout1866/A                            0.750000    1.251263   -0.501263 (VIOLATED)
_09512_/Y                               0.750000    1.250525   -0.500526 (VIOLATED)
_10842_/C1                              0.750000    1.249056   -0.499056 (VIOLATED)
_10826_/C1                              0.750000    1.249055   -0.499055 (VIOLATED)
_10841_/C1                              0.750000    1.249055   -0.499055 (VIOLATED)
_11161_/B1                              0.750000    1.249054   -0.499054 (VIOLATED)
_11387_/A                               0.750000    1.249053   -0.499053 (VIOLATED)
_11394_/C1                              0.750000    1.249041   -0.499041 (VIOLATED)
_11305_/C1                              0.750000    1.249037   -0.499037 (VIOLATED)
_10833_/B1                              0.750000    1.249036   -0.499036 (VIOLATED)
_12684_/A                               0.750000    1.248655   -0.498655 (VIOLATED)
_17937_/A1                              0.750000    1.248655   -0.498655 (VIOLATED)
fanout903/X                             0.750000    1.248655   -0.498655 (VIOLATED)
ANTENNA_7/DIODE                         0.750000    1.247602   -0.497602 (VIOLATED)
_17772_/A1                              0.750000    1.247602   -0.497602 (VIOLATED)
_17771_/X                               0.750000    1.247588   -0.497588 (VIOLATED)
_16650_/A2                              0.750000    1.246912   -0.496912 (VIOLATED)
_16656_/A3                              0.750000    1.246908   -0.496908 (VIOLATED)
_16926_/A3                              0.750000    1.246907   -0.496907 (VIOLATED)
_17228_/A2                              0.750000    1.246900   -0.496900 (VIOLATED)
_16274_/B                               0.750000    1.246891   -0.496891 (VIOLATED)
_16343_/A1                              0.750000    1.246891   -0.496891 (VIOLATED)
_16365_/B                               0.750000    1.246891   -0.496891 (VIOLATED)
_16539_/A                               0.750000    1.246891   -0.496891 (VIOLATED)
_16548_/A3                              0.750000    1.246891   -0.496891 (VIOLATED)
_16638_/A1                              0.750000    1.246891   -0.496891 (VIOLATED)
fanout385/X                             0.750000    1.246891   -0.496891 (VIOLATED)
_11037_/A1                              0.750000    1.245360   -0.495360 (VIOLATED)
fanout1633/A                            0.750000    1.245347   -0.495347 (VIOLATED)
fanout1632/A                            0.750000    1.245317   -0.495317 (VIOLATED)
fanout1634/A                            0.750000    1.245264   -0.495264 (VIOLATED)
_17592_/A0                              0.750000    1.244991   -0.494991 (VIOLATED)
fanout1635/X                            0.750000    1.244987   -0.494987 (VIOLATED)
_10438_/A1                              0.750000    1.238920   -0.488920 (VIOLATED)
_10227_/A1                              0.750000    1.238913   -0.488913 (VIOLATED)
_10171_/A                               0.750000    1.238910   -0.488910 (VIOLATED)
_10199_/C1                              0.750000    1.238910   -0.488910 (VIOLATED)
_10241_/A                               0.750000    1.238910   -0.488910 (VIOLATED)
_10432_/C1                              0.750000    1.238910   -0.488910 (VIOLATED)
_10649_/A                               0.750000    1.238910   -0.488910 (VIOLATED)
_10989_/A1                              0.750000    1.238910   -0.488910 (VIOLATED)
_11140_/A1                              0.750000    1.238910   -0.488910 (VIOLATED)
_12535_/A                               0.750000    1.238910   -0.488910 (VIOLATED)
fanout798/X                             0.750000    1.238910   -0.488910 (VIOLATED)
fanout2038/A                            0.750000    1.238587   -0.488587 (VIOLATED)
fanout2033/A                            0.750000    1.238582   -0.488582 (VIOLATED)
fanout2043/A                            0.750000    1.238552   -0.488552 (VIOLATED)
fanout2020/A                            0.750000    1.238545   -0.488545 (VIOLATED)
fanout2021/A                            0.750000    1.238545   -0.488545 (VIOLATED)
fanout2023/A                            0.750000    1.238545   -0.488545 (VIOLATED)
fanout2028/A                            0.750000    1.238545   -0.488545 (VIOLATED)
fanout2044/X                            0.750000    1.238545   -0.488545 (VIOLATED)
_14307_/A2                              0.750000    1.236916   -0.486916 (VIOLATED)
_14785_/A3                              0.750000    1.236916   -0.486916 (VIOLATED)
_14791_/B                               0.750000    1.236914   -0.486914 (VIOLATED)
_14776_/B                               0.750000    1.236913   -0.486913 (VIOLATED)
_14997_/C                               0.750000    1.236911   -0.486911 (VIOLATED)
_14998_/C                               0.750000    1.236911   -0.486911 (VIOLATED)
_15155_/A                               0.750000    1.236911   -0.486911 (VIOLATED)
_15166_/A2                              0.750000    1.236911   -0.486911 (VIOLATED)
_15274_/B                               0.750000    1.236911   -0.486911 (VIOLATED)
_15542_/A2                              0.750000    1.236911   -0.486911 (VIOLATED)
fanout452/X                             0.750000    1.236911   -0.486911 (VIOLATED)
_12281_/A_N                             0.750000    1.233195   -0.483195 (VIOLATED)
_12297_/A                               0.750000    1.233195   -0.483195 (VIOLATED)
_12273_/A                               0.750000    1.233194   -0.483194 (VIOLATED)
_12299_/A_N                             0.750000    1.233195   -0.483195 (VIOLATED)
_12300_/A_N                             0.750000    1.233194   -0.483194 (VIOLATED)
_12293_/A                               0.750000    1.233194   -0.483194 (VIOLATED)
_12282_/A                               0.750000    1.233193   -0.483193 (VIOLATED)
_12298_/A                               0.750000    1.233193   -0.483193 (VIOLATED)
_12318_/A                               0.750000    1.233193   -0.483193 (VIOLATED)
_12430_/C                               0.750000    1.233193   -0.483193 (VIOLATED)
fanout1008/X                            0.750000    1.233193   -0.483193 (VIOLATED)
_14090_/B1                              0.750000    1.231171   -0.481171 (VIOLATED)
_14104_/B1                              0.750000    1.231170   -0.481170 (VIOLATED)
_09428_/A                               0.750000    1.231167   -0.481167 (VIOLATED)
_13727_/S0                              0.750000    1.231166   -0.481166 (VIOLATED)
_13712_/A1                              0.750000    1.231153   -0.481154 (VIOLATED)
_13661_/C1                              0.750000    1.231151   -0.481151 (VIOLATED)
_13664_/A1                              0.750000    1.231151   -0.481151 (VIOLATED)
_13884_/C1                              0.750000    1.231151   -0.481151 (VIOLATED)
_13979_/B1                              0.750000    1.231151   -0.481151 (VIOLATED)
_13980_/A1                              0.750000    1.231151   -0.481151 (VIOLATED)
fanout1728/X                            0.750000    1.231151   -0.481151 (VIOLATED)
_13500_/A1                              0.750000    1.229610   -0.479610 (VIOLATED)
_13597_/B1                              0.750000    1.229609   -0.479609 (VIOLATED)
_13494_/A1_N                            0.750000    1.229604   -0.479604 (VIOLATED)
_13048_/B                               0.750000    1.229594   -0.479594 (VIOLATED)
_13521_/A2                              0.750000    1.229592   -0.479592 (VIOLATED)
_13997_/A1                              0.750000    1.229588   -0.479588 (VIOLATED)
_13371_/B1                              0.750000    1.229239   -0.479239 (VIOLATED)
_13346_/A2                              0.750000    1.229221   -0.479221 (VIOLATED)
_13742_/B                               0.750000    1.229215   -0.479215 (VIOLATED)
_13749_/A2                              0.750000    1.229215   -0.479215 (VIOLATED)
fanout467/X                             0.750000    1.229215   -0.479215 (VIOLATED)
_12703_/B                               0.750000    1.228923   -0.478923 (VIOLATED)
_12767_/A2                              0.750000    1.228917   -0.478917 (VIOLATED)
_12798_/A2                              0.750000    1.228916   -0.478916 (VIOLATED)
_12704_/B                               0.750000    1.228916   -0.478916 (VIOLATED)
_12794_/B                               0.750000    1.228916   -0.478916 (VIOLATED)
_12831_/A2                              0.750000    1.228916   -0.478916 (VIOLATED)
_13541_/A2                              0.750000    1.228916   -0.478916 (VIOLATED)
_13817_/A1                              0.750000    1.228916   -0.478916 (VIOLATED)
_13938_/A                               0.750000    1.228916   -0.478916 (VIOLATED)
_13942_/A2                              0.750000    1.228916   -0.478916 (VIOLATED)
fanout484/X                             0.750000    1.228916   -0.478916 (VIOLATED)
_15231_/A2                              0.750000    1.228809   -0.478809 (VIOLATED)
_15225_/A                               0.750000    1.228808   -0.478808 (VIOLATED)
_14621_/B                               0.750000    1.228802   -0.478802 (VIOLATED)
_14829_/A2                              0.750000    1.228800   -0.478800 (VIOLATED)
_15063_/B                               0.750000    1.228800   -0.478800 (VIOLATED)
_14838_/A1                              0.750000    1.228787   -0.478787 (VIOLATED)
_15343_/A1                              0.750000    1.228787   -0.478787 (VIOLATED)
_15469_/A1                              0.750000    1.228787   -0.478787 (VIOLATED)
_15671_/A1                              0.750000    1.228787   -0.478787 (VIOLATED)
_15673_/A1                              0.750000    1.228787   -0.478787 (VIOLATED)
fanout427/X                             0.750000    1.228787   -0.478787 (VIOLATED)
_11170_/B2                              0.750000    1.224554   -0.474554 (VIOLATED)
_11190_/A2                              0.750000    1.224551   -0.474551 (VIOLATED)
_09758_/A1                              0.750000    1.224548   -0.474548 (VIOLATED)
_09767_/A2                              0.750000    1.224539   -0.474539 (VIOLATED)
_09747_/A2                              0.750000    1.224531   -0.474531 (VIOLATED)
_09704_/A2                              0.750000    1.224512   -0.474512 (VIOLATED)
_10411_/A2                              0.750000    1.224503   -0.474503 (VIOLATED)
_09644_/A                               0.750000    1.224412   -0.474412 (VIOLATED)
_09652_/A2                              0.750000    1.224394   -0.474394 (VIOLATED)
_09657_/B                               0.750000    1.224078   -0.474078 (VIOLATED)
fanout555/X                             0.750000    1.224078   -0.474078 (VIOLATED)
_11766_/C1                              0.750000    1.220469   -0.470469 (VIOLATED)
_11524_/C1                              0.750000    1.220469   -0.470469 (VIOLATED)
_11559_/C1                              0.750000    1.220469   -0.470469 (VIOLATED)
_11628_/C1                              0.750000    1.220469   -0.470469 (VIOLATED)
_11647_/A1                              0.750000    1.220469   -0.470469 (VIOLATED)
_11668_/A1                              0.750000    1.220469   -0.470469 (VIOLATED)
_11695_/B1                              0.750000    1.220469   -0.470469 (VIOLATED)
_11745_/A1                              0.750000    1.220469   -0.470469 (VIOLATED)
_11757_/B1                              0.750000    1.220469   -0.470469 (VIOLATED)
_11764_/C1                              0.750000    1.220469   -0.470469 (VIOLATED)
fanout785/X                             0.750000    1.220469   -0.470469 (VIOLATED)
ANTENNA_107/DIODE                       0.750000    1.218791   -0.468791 (VIOLATED)
_17577_/A1                              0.750000    1.218792   -0.468792 (VIOLATED)
_17576_/X                               0.750000    1.218630   -0.468630 (VIOLATED)
_13258_/A1                              0.750000    1.218139   -0.468139 (VIOLATED)
_13257_/C1                              0.750000    1.218139   -0.468139 (VIOLATED)
_13558_/C1                              0.750000    1.218132   -0.468132 (VIOLATED)
_13551_/C1                              0.750000    1.218127   -0.468127 (VIOLATED)
_12829_/B1                              0.750000    1.218102   -0.468102 (VIOLATED)
_12837_/A1                              0.750000    1.218082   -0.468082 (VIOLATED)
_12809_/A                               0.750000    1.218060   -0.468060 (VIOLATED)
_13825_/A1                              0.750000    1.218040   -0.468040 (VIOLATED)
_13934_/C1                              0.750000    1.218002   -0.468002 (VIOLATED)
_09415_/A                               0.750000    1.217924   -0.467924 (VIOLATED)
fanout1443/X                            0.750000    1.217920   -0.467920 (VIOLATED)
fanout618/A                             0.750000    1.216861   -0.466862 (VIOLATED)
ANTENNA_37/DIODE                        0.750000    1.216859   -0.466859 (VIOLATED)
fanout606/A                             0.750000    1.216756   -0.466756 (VIOLATED)
fanout608/A                             0.750000    1.216374   -0.466374 (VIOLATED)
fanout602/A                             0.750000    1.216267   -0.466267 (VIOLATED)
_09499_/X                               0.750000    1.216251   -0.466251 (VIOLATED)
_17298_/A1                              0.750000    1.215782   -0.465782 (VIOLATED)
_17052_/A2                              0.750000    1.215780   -0.465780 (VIOLATED)
_17057_/A1                              0.750000    1.215778   -0.465778 (VIOLATED)
_16169_/A1                              0.750000    1.215768   -0.465768 (VIOLATED)
_16690_/A2                              0.750000    1.215768   -0.465768 (VIOLATED)
_16679_/B                               0.750000    1.215755   -0.465755 (VIOLATED)
_16112_/B                               0.750000    1.215752   -0.465752 (VIOLATED)
_16137_/A2                              0.750000    1.215752   -0.465752 (VIOLATED)
_16698_/A2_N                            0.750000    1.215752   -0.465752 (VIOLATED)
_16782_/A1                              0.750000    1.215752   -0.465752 (VIOLATED)
fanout398/X                             0.750000    1.215752   -0.465752 (VIOLATED)
_09728_/B1                              0.750000    1.211911   -0.461911 (VIOLATED)
_09671_/A1                              0.750000    1.211908   -0.461908 (VIOLATED)
_10512_/C1                              0.750000    1.211901   -0.461901 (VIOLATED)
_10504_/C1                              0.750000    1.211896   -0.461896 (VIOLATED)
_09695_/A                               0.750000    1.211880   -0.461880 (VIOLATED)
_09707_/B1                              0.750000    1.211874   -0.461874 (VIOLATED)
_09751_/A1                              0.750000    1.211874   -0.461874 (VIOLATED)
_09775_/A1                              0.750000    1.211874   -0.461874 (VIOLATED)
_10405_/A1                              0.750000    1.211874   -0.461874 (VIOLATED)
_10415_/A                               0.750000    1.211874   -0.461874 (VIOLATED)
fanout847/X                             0.750000    1.211874   -0.461874 (VIOLATED)
_16651_/A2                              0.750000    1.210932   -0.460933 (VIOLATED)
_16928_/C                               0.750000    1.210933   -0.460933 (VIOLATED)
_16663_/B1                              0.750000    1.210932   -0.460932 (VIOLATED)
_17116_/B1                              0.750000    1.210931   -0.460931 (VIOLATED)
_16520_/A1                              0.750000    1.210927   -0.460927 (VIOLATED)
_16294_/B                               0.750000    1.210925   -0.460925 (VIOLATED)
_16345_/A3                              0.750000    1.210925   -0.460925 (VIOLATED)
_16366_/A1                              0.750000    1.210925   -0.460925 (VIOLATED)
_17228_/B1                              0.750000    1.210925   -0.460925 (VIOLATED)
_17267_/A                               0.750000    1.210925   -0.460925 (VIOLATED)
fanout381/X                             0.750000    1.210925   -0.460925 (VIOLATED)
_09808_/B                               0.750000    1.210402   -0.460402 (VIOLATED)
_09792_/B                               0.750000    1.210399   -0.460399 (VIOLATED)
_09802_/B                               0.750000    1.210399   -0.460399 (VIOLATED)
_10787_/A1                              0.750000    1.210399   -0.460399 (VIOLATED)
_09803_/B                               0.750000    1.210397   -0.460397 (VIOLATED)
_09788_/B                               0.750000    1.210393   -0.460393 (VIOLATED)
_09780_/B                               0.750000    1.210385   -0.460385 (VIOLATED)
_09832_/C_N                             0.750000    1.210386   -0.460386 (VIOLATED)
_09785_/A2                              0.750000    1.210384   -0.460384 (VIOLATED)
fanout1202/A                            0.750000    1.210382   -0.460383 (VIOLATED)
fanout1203/X                            0.750000    1.210382   -0.460383 (VIOLATED)
_18165_/B2                              0.750000    1.209557   -0.459557 (VIOLATED)
_18159_/B2                              0.750000    1.209557   -0.459557 (VIOLATED)
_18171_/B2                              0.750000    1.209553   -0.459553 (VIOLATED)
_18155_/B                               0.750000    1.209545   -0.459545 (VIOLATED)
_18698_/A2                              0.750000    1.209545   -0.459545 (VIOLATED)
_18699_/A2                              0.750000    1.209545   -0.459545 (VIOLATED)
_18700_/A2                              0.750000    1.209545   -0.459545 (VIOLATED)
_18701_/A3                              0.750000    1.209545   -0.459545 (VIOLATED)
_18703_/A3                              0.750000    1.209545   -0.459545 (VIOLATED)
_18704_/D                               0.750000    1.209545   -0.459545 (VIOLATED)
fanout277/X                             0.750000    1.209545   -0.459545 (VIOLATED)
ANTENNA_278/DIODE                       0.750000    1.206671   -0.456671 (VIOLATED)
ANTENNA_279/DIODE                       0.750000    1.206671   -0.456672 (VIOLATED)
_17595_/A1                              0.750000    1.206668   -0.456668 (VIOLATED)
_17594_/X                               0.750000    1.205963   -0.455963 (VIOLATED)
_17769_/A1                              0.750000    1.205736   -0.455736 (VIOLATED)
_17768_/X                               0.750000    1.205670   -0.455670 (VIOLATED)
_12420_/A1                              0.750000    1.204902   -0.454902 (VIOLATED)
_12581_/A1                              0.750000    1.204898   -0.454898 (VIOLATED)
_12396_/C1                              0.750000    1.204897   -0.454897 (VIOLATED)
_12339_/B                               0.750000    1.204890   -0.454890 (VIOLATED)
_12557_/A1                              0.750000    1.204890   -0.454890 (VIOLATED)
_12499_/B1                              0.750000    1.204880   -0.454880 (VIOLATED)
_12328_/A1                              0.750000    1.204865   -0.454865 (VIOLATED)
_12364_/C                               0.750000    1.204863   -0.454863 (VIOLATED)
_12431_/B                               0.750000    1.204863   -0.454863 (VIOLATED)
_12515_/B                               0.750000    1.204863   -0.454863 (VIOLATED)
fanout493/X                             0.750000    1.204863   -0.454863 (VIOLATED)
_17736_/B1                              0.750000    1.201453   -0.451453 (VIOLATED)
ANTENNA_163/DIODE                       0.750000    1.201452   -0.451452 (VIOLATED)
_17735_/X                               0.750000    1.201124   -0.451124 (VIOLATED)
_14383_/A_N                             0.750000    1.193535   -0.443535 (VIOLATED)
_14384_/B                               0.750000    1.193534   -0.443534 (VIOLATED)
_14397_/A_N                             0.750000    1.193534   -0.443534 (VIOLATED)
_09449_/A                               0.750000    1.193531   -0.443531 (VIOLATED)
_14381_/B                               0.750000    1.193524   -0.443525 (VIOLATED)
_15559_/A                               0.750000    1.193512   -0.443512 (VIOLATED)
_15308_/A1                              0.750000    1.193494   -0.443494 (VIOLATED)
_14467_/A_N                             0.750000    1.193491   -0.443491 (VIOLATED)
fanout1350/A                            0.750000    1.193479   -0.443479 (VIOLATED)
_17748_/A0                              0.750000    1.193366   -0.443366 (VIOLATED)
fanout1351/X                            0.750000    1.193362   -0.443362 (VIOLATED)
_16219_/A2                              0.750000    1.192284   -0.442284 (VIOLATED)
_16247_/A1                              0.750000    1.192284   -0.442284 (VIOLATED)
_17026_/A2                              0.750000    1.192281   -0.442281 (VIOLATED)
_17023_/A2                              0.750000    1.192281   -0.442281 (VIOLATED)
_16609_/B                               0.750000    1.192279   -0.442279 (VIOLATED)
ANTENNA_289/DIODE                       0.750000    1.192275   -0.442275 (VIOLATED)
_16448_/A                               0.750000    1.192275   -0.442275 (VIOLATED)
_15946_/A2                              0.750000    1.192273   -0.442273 (VIOLATED)
_15961_/C                               0.750000    1.192273   -0.442273 (VIOLATED)
_15975_/B                               0.750000    1.192273   -0.442273 (VIOLATED)
_15978_/A                               0.750000    1.192273   -0.442273 (VIOLATED)
fanout419/X                             0.750000    1.192273   -0.442273 (VIOLATED)
_10597_/B2                              0.750000    1.192153   -0.442153 (VIOLATED)
_10884_/B1                              0.750000    1.192153   -0.442153 (VIOLATED)
_10560_/A1                              0.750000    1.192152   -0.442152 (VIOLATED)
_10374_/A                               0.750000    1.192150   -0.442150 (VIOLATED)
_11051_/B1                              0.750000    1.192137   -0.442138 (VIOLATED)
_10377_/A1                              0.750000    1.192134   -0.442134 (VIOLATED)
_09794_/B                               0.750000    1.192114   -0.442114 (VIOLATED)
_09818_/B2                              0.750000    1.192110   -0.442110 (VIOLATED)
_10780_/A                               0.750000    1.192108   -0.442108 (VIOLATED)
_10788_/A1                              0.750000    1.192108   -0.442108 (VIOLATED)
fanout544/X                             0.750000    1.192108   -0.442108 (VIOLATED)
_12890_/A                               0.750000    1.191006   -0.441006 (VIOLATED)
_13656_/A                               0.750000    1.191005   -0.441005 (VIOLATED)
_13723_/A                               0.750000    1.191002   -0.441002 (VIOLATED)
_12941_/B1                              0.750000    1.191001   -0.441001 (VIOLATED)
_13859_/A1                              0.750000    1.191000   -0.441000 (VIOLATED)
_13325_/A                               0.750000    1.190998   -0.440998 (VIOLATED)
_13471_/A1                              0.750000    1.190997   -0.440997 (VIOLATED)
_13702_/A1                              0.750000    1.190997   -0.440997 (VIOLATED)
_12867_/A1                              0.750000    1.190990   -0.440990 (VIOLATED)
fanout734/A                             0.750000    1.190975   -0.440975 (VIOLATED)
fanout735/X                             0.750000    1.190975   -0.440975 (VIOLATED)
_14746_/A2                              0.750000    1.185851   -0.435851 (VIOLATED)
_14908_/A2                              0.750000    1.185850   -0.435850 (VIOLATED)
_14443_/A1                              0.750000    1.185834   -0.435834 (VIOLATED)
_15041_/A2                              0.750000    1.185830   -0.435830 (VIOLATED)
_14429_/C1                              0.750000    1.185825   -0.435825 (VIOLATED)
_14442_/A1                              0.750000    1.185825   -0.435825 (VIOLATED)
_14479_/A                               0.750000    1.185825   -0.435825 (VIOLATED)
_14745_/A1                              0.750000    1.185825   -0.435825 (VIOLATED)
_14915_/C                               0.750000    1.185825   -0.435825 (VIOLATED)
_15255_/B                               0.750000    1.185825   -0.435825 (VIOLATED)
fanout444/X                             0.750000    1.185825   -0.435825 (VIOLATED)
_10832_/C1                              0.750000    1.185439   -0.435439 (VIOLATED)
_11408_/S0                              0.750000    1.185430   -0.435430 (VIOLATED)
fanout906/A                             0.750000    1.185421   -0.435421 (VIOLATED)
_12648_/A                               0.750000    1.184982   -0.434982 (VIOLATED)
_17935_/A1                              0.750000    1.184951   -0.434951 (VIOLATED)
fanout907/X                             0.750000    1.184951   -0.434951 (VIOLATED)
_09624_/A                               0.750000    1.181039   -0.431039 (VIOLATED)
_09676_/B                               0.750000    1.181039   -0.431039 (VIOLATED)
_09677_/B                               0.750000    1.181039   -0.431039 (VIOLATED)
_09720_/A2                              0.750000    1.181039   -0.431039 (VIOLATED)
_09722_/A1                              0.750000    1.181039   -0.431039 (VIOLATED)
_09768_/C_N                             0.750000    1.181039   -0.431039 (VIOLATED)
_10422_/A1                              0.750000    1.181039   -0.431039 (VIOLATED)
_11016_/A1                              0.750000    1.181039   -0.431039 (VIOLATED)
_11021_/A3                              0.750000    1.181039   -0.431039 (VIOLATED)
fanout1677/A                            0.750000    1.181039   -0.431039 (VIOLATED)
fanout1678/X                            0.750000    1.181039   -0.431039 (VIOLATED)
_17506_/A1                              0.750000    1.180324   -0.430324 (VIOLATED)
_17505_/X                               0.750000    1.179909   -0.429909 (VIOLATED)
_18285_/B2                              0.750000    1.177971   -0.427971 (VIOLATED)
_18157_/B2                              0.750000    1.177970   -0.427970 (VIOLATED)
_18163_/B2                              0.750000    1.177953   -0.427953 (VIOLATED)
_18286_/B2                              0.750000    1.177938   -0.427938 (VIOLATED)
_18161_/B2                              0.750000    1.177924   -0.427924 (VIOLATED)
_18291_/B2                              0.750000    1.177920   -0.427920 (VIOLATED)
_18169_/B2                              0.750000    1.177911   -0.427911 (VIOLATED)
_18167_/B2                              0.750000    1.177910   -0.427910 (VIOLATED)
_18290_/B2                              0.750000    1.177909   -0.427909 (VIOLATED)
_18292_/B2                              0.750000    1.177908   -0.427908 (VIOLATED)
fanout276/X                             0.750000    1.177908   -0.427908 (VIOLATED)
_10200_/B                               0.750000    1.176051   -0.426051 (VIOLATED)
_10156_/A                               0.750000    1.176049   -0.426049 (VIOLATED)
_10182_/B                               0.750000    1.176047   -0.426047 (VIOLATED)
_10160_/B                               0.750000    1.176045   -0.426045 (VIOLATED)
_10652_/B                               0.750000    1.176042   -0.426042 (VIOLATED)
_10191_/A1                              0.750000    1.176042   -0.426042 (VIOLATED)
_11385_/A2                              0.750000    1.176041   -0.426041 (VIOLATED)
_10184_/B                               0.750000    1.176040   -0.426040 (VIOLATED)
_12379_/A                               0.750000    1.176038   -0.426038 (VIOLATED)
_17922_/A1                              0.750000    1.176038   -0.426038 (VIOLATED)
fanout956/X                             0.750000    1.176038   -0.426038 (VIOLATED)
ANTENNA_109/DIODE                       0.750000    1.175896   -0.425896 (VIOLATED)
ANTENNA_111/DIODE                       0.750000    1.175896   -0.425896 (VIOLATED)
ANTENNA_113/DIODE                       0.750000    1.175896   -0.425896 (VIOLATED)
ANTENNA_115/DIODE                       0.750000    1.175896   -0.425896 (VIOLATED)
ANTENNA_117/DIODE                       0.750000    1.175896   -0.425896 (VIOLATED)
_17580_/A1                              0.750000    1.175896   -0.425896 (VIOLATED)
ANTENNA_108/DIODE                       0.750000    1.175894   -0.425895 (VIOLATED)
ANTENNA_110/DIODE                       0.750000    1.175893   -0.425893 (VIOLATED)
ANTENNA_112/DIODE                       0.750000    1.175893   -0.425893 (VIOLATED)
ANTENNA_114/DIODE                       0.750000    1.175893   -0.425893 (VIOLATED)
ANTENNA_116/DIODE                       0.750000    1.175893   -0.425893 (VIOLATED)
_17579_/X                               0.750000    1.175860   -0.425860 (VIOLATED)
_12598_/A                               0.750000    1.174843   -0.424843 (VIOLATED)
_12474_/A                               0.750000    1.174837   -0.424837 (VIOLATED)
_12470_/A                               0.750000    1.174832   -0.424833 (VIOLATED)
_12319_/B                               0.750000    1.174824   -0.424824 (VIOLATED)
_12546_/A2                              0.750000    1.174812   -0.424812 (VIOLATED)
_12337_/A                               0.750000    1.174791   -0.424791 (VIOLATED)
_12408_/A1                              0.750000    1.174782   -0.424782 (VIOLATED)
_12663_/A1                              0.750000    1.174439   -0.424439 (VIOLATED)
fanout772/A                             0.750000    1.174437   -0.424437 (VIOLATED)
fanout773/X                             0.750000    1.174437   -0.424437 (VIOLATED)
_11932_/A1                              0.750000    1.173337   -0.423337 (VIOLATED)
_11926_/A_N                             0.750000    1.173333   -0.423333 (VIOLATED)
_11886_/B                               0.750000    1.173331   -0.423331 (VIOLATED)
_11862_/B                               0.750000    1.173330   -0.423330 (VIOLATED)
_11874_/A1                              0.750000    1.173307   -0.423307 (VIOLATED)
_11858_/B                               0.750000    1.173295   -0.423295 (VIOLATED)
_11960_/A                               0.750000    1.173270   -0.423270 (VIOLATED)
_11927_/A2                              0.750000    1.173264   -0.423264 (VIOLATED)
_11896_/B                               0.750000    1.173261   -0.423261 (VIOLATED)
fanout1051/A                            0.750000    1.173261   -0.423261 (VIOLATED)
fanout1052/X                            0.750000    1.173261   -0.423261 (VIOLATED)
_16153_/B                               0.750000    1.172186   -0.422186 (VIOLATED)
_16155_/B                               0.750000    1.172184   -0.422184 (VIOLATED)
_16156_/B                               0.750000    1.172184   -0.422184 (VIOLATED)
_16180_/A3                              0.750000    1.172184   -0.422184 (VIOLATED)
_16199_/A2                              0.750000    1.172184   -0.422184 (VIOLATED)
_16501_/A1                              0.750000    1.172184   -0.422184 (VIOLATED)
_16778_/A2                              0.750000    1.172184   -0.422184 (VIOLATED)
_16785_/B                               0.750000    1.172184   -0.422184 (VIOLATED)
_16792_/A2                              0.750000    1.172184   -0.422184 (VIOLATED)
_16795_/A2                              0.750000    1.172184   -0.422184 (VIOLATED)
fanout400/X                             0.750000    1.172184   -0.422184 (VIOLATED)
_12408_/A2                              0.750000    1.171416   -0.421416 (VIOLATED)
_12552_/A1                              0.750000    1.171409   -0.421409 (VIOLATED)
_12554_/A2                              0.750000    1.171408   -0.421408 (VIOLATED)
_12670_/A1                              0.750000    1.171398   -0.421398 (VIOLATED)
_12351_/A2                              0.750000    1.171384   -0.421384 (VIOLATED)
_12543_/B2                              0.750000    1.171382   -0.421382 (VIOLATED)
_12527_/A3                              0.750000    1.171034   -0.421034 (VIOLATED)
_12449_/A                               0.750000    1.170976   -0.420976 (VIOLATED)
ANTENNA_290/DIODE                       0.750000    1.170974   -0.420974 (VIOLATED)
_12433_/A2                              0.750000    1.170951   -0.420951 (VIOLATED)
_12432_/A2                              0.750000    1.170948   -0.420948 (VIOLATED)
fanout490/X                             0.750000    1.170948   -0.420948 (VIOLATED)
_14511_/B                               0.750000    1.170323   -0.420323 (VIOLATED)
_14510_/B                               0.750000    1.170322   -0.420322 (VIOLATED)
_14496_/B                               0.750000    1.170318   -0.420319 (VIOLATED)
_14521_/B                               0.750000    1.170315   -0.420315 (VIOLATED)
_14499_/B                               0.750000    1.170314   -0.420314 (VIOLATED)
_14497_/A2                              0.750000    1.170308   -0.420308 (VIOLATED)
_14541_/A2                              0.750000    1.170308   -0.420308 (VIOLATED)
_14556_/B                               0.750000    1.170308   -0.420308 (VIOLATED)
_14572_/A2                              0.750000    1.170308   -0.420308 (VIOLATED)
_14576_/A2                              0.750000    1.170308   -0.420308 (VIOLATED)
fanout1807/X                            0.750000    1.170308   -0.420308 (VIOLATED)
_10782_/B1                              0.750000    1.169004   -0.419004 (VIOLATED)
_10810_/C1                              0.750000    1.169003   -0.419004 (VIOLATED)
_09836_/B1                              0.750000    1.168996   -0.418996 (VIOLATED)
_09874_/A1                              0.750000    1.168996   -0.418996 (VIOLATED)
_10591_/C1                              0.750000    1.168981   -0.418981 (VIOLATED)
_11053_/C1                              0.750000    1.168981   -0.418981 (VIOLATED)
_10801_/C1                              0.750000    1.168974   -0.418974 (VIOLATED)
_11342_/A1_N                            0.750000    1.168975   -0.418975 (VIOLATED)
_10384_/A1                              0.750000    1.168973   -0.418973 (VIOLATED)
_10888_/B1                              0.750000    1.168973   -0.418973 (VIOLATED)
fanout824/X                             0.750000    1.168973   -0.418973 (VIOLATED)
_14325_/C                               0.750000    1.168971   -0.418971 (VIOLATED)
_14327_/A                               0.750000    1.168971   -0.418971 (VIOLATED)
_14335_/B                               0.750000    1.168971   -0.418971 (VIOLATED)
_14337_/A1                              0.750000    1.168971   -0.418971 (VIOLATED)
_14774_/A3                              0.750000    1.168971   -0.418971 (VIOLATED)
_14778_/A3                              0.750000    1.168971   -0.418971 (VIOLATED)
_14954_/C                               0.750000    1.168971   -0.418971 (VIOLATED)
_15014_/A2                              0.750000    1.168971   -0.418971 (VIOLATED)
_15151_/A1                              0.750000    1.168971   -0.418971 (VIOLATED)
_15282_/A1                              0.750000    1.168971   -0.418971 (VIOLATED)
fanout454/X                             0.750000    1.168971   -0.418971 (VIOLATED)
_10717_/A                               0.750000    1.168349   -0.418349 (VIOLATED)
_11253_/A2                              0.750000    1.168349   -0.418349 (VIOLATED)
_11362_/B2                              0.750000    1.168347   -0.418347 (VIOLATED)
_10947_/B                               0.750000    1.168343   -0.418343 (VIOLATED)
_10330_/B                               0.750000    1.168337   -0.418336 (VIOLATED)
_10057_/B                               0.750000    1.168332   -0.418332 (VIOLATED)
_10071_/A2                              0.750000    1.168332   -0.418332 (VIOLATED)
_10321_/B                               0.750000    1.168332   -0.418332 (VIOLATED)
_10610_/A3                              0.750000    1.168332   -0.418332 (VIOLATED)
_11260_/B                               0.750000    1.168332   -0.418332 (VIOLATED)
fanout525/X                             0.750000    1.168332   -0.418332 (VIOLATED)
_10508_/B1                              0.750000    1.166209   -0.416209 (VIOLATED)
_09730_/S0                              0.750000    1.166206   -0.416206 (VIOLATED)
_10496_/A1                              0.750000    1.166201   -0.416201 (VIOLATED)
_10500_/C1                              0.750000    1.166200   -0.416200 (VIOLATED)
_11020_/C1                              0.750000    1.166193   -0.416193 (VIOLATED)
_11033_/C1                              0.750000    1.166187   -0.416187 (VIOLATED)
_10882_/A1                              0.750000    1.166177   -0.416177 (VIOLATED)
_09751_/B1                              0.750000    1.166172   -0.416172 (VIOLATED)
_10426_/B1                              0.750000    1.166169   -0.416169 (VIOLATED)
_11195_/A1                              0.750000    1.166169   -0.416169 (VIOLATED)
fanout846/X                             0.750000    1.166169   -0.416169 (VIOLATED)
_15170_/B1                              0.750000    1.166014   -0.416014 (VIOLATED)
_15292_/C1                              0.750000    1.166013   -0.416013 (VIOLATED)
_11399_/D                               0.750000    1.165926   -0.415926 (VIOLATED)
_11152_/A3                              0.750000    1.165925   -0.415925 (VIOLATED)
_10662_/B                               0.750000    1.165923   -0.415923 (VIOLATED)
_10469_/B                               0.750000    1.165918   -0.415918 (VIOLATED)
_10647_/A2                              0.750000    1.165916   -0.415916 (VIOLATED)
_10474_/A2                              0.750000    1.165908   -0.415909 (VIOLATED)
_10441_/A2                              0.750000    1.165900   -0.415900 (VIOLATED)
_10432_/A2                              0.750000    1.165899   -0.415899 (VIOLATED)
_10463_/A2                              0.750000    1.165899   -0.415899 (VIOLATED)
_10836_/B1                              0.750000    1.165899   -0.415899 (VIOLATED)
fanout513/X                             0.750000    1.165899   -0.415899 (VIOLATED)
_15417_/C1                              0.750000    1.165688   -0.415688 (VIOLATED)
_15428_/C1                              0.750000    1.165687   -0.415687 (VIOLATED)
_15536_/B1                              0.750000    1.165687   -0.415687 (VIOLATED)
_15407_/C1                              0.750000    1.165676   -0.415676 (VIOLATED)
_15157_/B1                              0.750000    1.165672   -0.415672 (VIOLATED)
_15172_/A1                              0.750000    1.165669   -0.415669 (VIOLATED)
_14372_/S0                              0.750000    1.165668   -0.415668 (VIOLATED)
_14782_/B1                              0.750000    1.165635   -0.415635 (VIOLATED)
fanout722/X                             0.750000    1.165635   -0.415635 (VIOLATED)
_14629_/A                               0.750000    1.164942   -0.414942 (VIOLATED)
_14655_/B                               0.750000    1.164942   -0.414942 (VIOLATED)
_15332_/A1                              0.750000    1.164941   -0.414941 (VIOLATED)
_14611_/B                               0.750000    1.164939   -0.414939 (VIOLATED)
_14613_/C                               0.750000    1.164939   -0.414939 (VIOLATED)
_14692_/A                               0.750000    1.164939   -0.414939 (VIOLATED)
_14846_/A                               0.750000    1.164939   -0.414939 (VIOLATED)
_14847_/A1                              0.750000    1.164939   -0.414939 (VIOLATED)
_15211_/B                               0.750000    1.164939   -0.414939 (VIOLATED)
_15473_/A3                              0.750000    1.164939   -0.414939 (VIOLATED)
fanout430/X                             0.750000    1.164939   -0.414939 (VIOLATED)
_16344_/C                               0.750000    1.164368   -0.414368 (VIOLATED)
_17246_/A                               0.750000    1.164363   -0.414363 (VIOLATED)
_16366_/B2                              0.750000    1.164358   -0.414358 (VIOLATED)
_16840_/B1                              0.750000    1.164355   -0.414355 (VIOLATED)
_16837_/A2                              0.750000    1.164353   -0.414354 (VIOLATED)
_16290_/B                               0.750000    1.164347   -0.414347 (VIOLATED)
_16335_/A1                              0.750000    1.164343   -0.414343 (VIOLATED)
_16651_/B2                              0.750000    1.164343   -0.414343 (VIOLATED)
_16662_/A1                              0.750000    1.164343   -0.414343 (VIOLATED)
_16935_/A2                              0.750000    1.164343   -0.414343 (VIOLATED)
fanout382/X                             0.750000    1.164343   -0.414343 (VIOLATED)
_16050_/A1                              0.750000    1.163753   -0.413753 (VIOLATED)
_16080_/B                               0.750000    1.163754   -0.413753 (VIOLATED)
_16051_/A2                              0.750000    1.163751   -0.413751 (VIOLATED)
_16078_/A                               0.750000    1.163751   -0.413751 (VIOLATED)
_16093_/B                               0.750000    1.163751   -0.413751 (VIOLATED)
_16408_/B                               0.750000    1.163751   -0.413751 (VIOLATED)
_16409_/B                               0.750000    1.163751   -0.413751 (VIOLATED)
_16553_/A2                              0.750000    1.163751   -0.413751 (VIOLATED)
_16730_/A1                              0.750000    1.163751   -0.413751 (VIOLATED)
_17097_/A1                              0.750000    1.163751   -0.413751 (VIOLATED)
fanout412/X                             0.750000    1.163751   -0.413751 (VIOLATED)
_11878_/A2                              0.750000    1.163624   -0.413624 (VIOLATED)
_11866_/B2                              0.750000    1.163623   -0.413623 (VIOLATED)
_11884_/A                               0.750000    1.163623   -0.413623 (VIOLATED)
_12014_/A1                              0.750000    1.163622   -0.413622 (VIOLATED)
_12016_/A                               0.750000    1.163619   -0.413619 (VIOLATED)
_11941_/B                               0.750000    1.163611   -0.413611 (VIOLATED)
_11942_/A1                              0.750000    1.163609   -0.413609 (VIOLATED)
_12027_/A                               0.750000    1.163602   -0.413602 (VIOLATED)
_11848_/A                               0.750000    1.163601   -0.413601 (VIOLATED)
fanout783/A                             0.750000    1.163564   -0.413564 (VIOLATED)
fanout784/X                             0.750000    1.163564   -0.413564 (VIOLATED)
_19068_/RESET_B                         0.750000    1.163171   -0.413171 (VIOLATED)
fanout1936/A                            0.750000    1.163157   -0.413157 (VIOLATED)
fanout1932/A                            0.750000    1.162770   -0.412770 (VIOLATED)
fanout1943/A                            0.750000    1.162737   -0.412737 (VIOLATED)
fanout1929/A                            0.750000    1.162703   -0.412703 (VIOLATED)
fanout1944/X                            0.750000    1.162703   -0.412703 (VIOLATED)
_15968_/B1                              0.750000    1.162175   -0.412175 (VIOLATED)
_16439_/A1                              0.750000    1.162174   -0.412174 (VIOLATED)
_15956_/A1                              0.750000    1.162173   -0.412173 (VIOLATED)
_16443_/A1                              0.750000    1.162173   -0.412173 (VIOLATED)
_16600_/A                               0.750000    1.162173   -0.412173 (VIOLATED)
_16603_/A1                              0.750000    1.162173   -0.412173 (VIOLATED)
_16625_/C1                              0.750000    1.162173   -0.412173 (VIOLATED)
_16753_/B2                              0.750000    1.162173   -0.412173 (VIOLATED)
_16909_/S0                              0.750000    1.162173   -0.412173 (VIOLATED)
_17159_/C1                              0.750000    1.162173   -0.412173 (VIOLATED)
fanout684/X                             0.750000    1.162173   -0.412173 (VIOLATED)
_12031_/A1                              0.750000    1.161619   -0.411619 (VIOLATED)
_12041_/A1                              0.750000    1.161618   -0.411618 (VIOLATED)
_12044_/B1                              0.750000    1.161617   -0.411617 (VIOLATED)
fanout1019/A                            0.750000    1.161305   -0.411305 (VIOLATED)
_11750_/A                               0.750000    1.161304   -0.411304 (VIOLATED)
fanout1017/A                            0.750000    1.161304   -0.411304 (VIOLATED)
fanout1018/A                            0.750000    1.161304   -0.411304 (VIOLATED)
fanout1020/X                            0.750000    1.161304   -0.411304 (VIOLATED)
fanout219/A                             0.750000    1.160233   -0.410234 (VIOLATED)
fanout215/A                             0.750000    1.160229   -0.410229 (VIOLATED)
_18261_/A2                              0.750000    1.160185   -0.410185 (VIOLATED)
fanout207/A                             0.750000    1.160185   -0.410185 (VIOLATED)
fanout212/A                             0.750000    1.160185   -0.410185 (VIOLATED)
fanout220/X                             0.750000    1.160185   -0.410185 (VIOLATED)
_10571_/A2                              0.750000    1.158391   -0.408391 (VIOLATED)
fanout1203/A                            0.750000    1.158378   -0.408378 (VIOLATED)
_09801_/A                               0.750000    1.158342   -0.408342 (VIOLATED)
fanout1201/A                            0.750000    1.158340   -0.408340 (VIOLATED)
_09826_/A_N                             0.750000    1.158336   -0.408336 (VIOLATED)
_09838_/A2                              0.750000    1.158332   -0.408332 (VIOLATED)
_18172_/A                               0.750000    1.158296   -0.408296 (VIOLATED)
_18698_/B1                              0.750000    1.158297   -0.408297 (VIOLATED)
_18155_/A                               0.750000    1.158296   -0.408296 (VIOLATED)
_18701_/B1                              0.750000    1.158296   -0.408296 (VIOLATED)
_18710_/B1                              0.750000    1.158293   -0.408293 (VIOLATED)
_18303_/A                               0.750000    1.158291   -0.408291 (VIOLATED)
_09513_/B                               0.750000    1.158290   -0.408290 (VIOLATED)
_18312_/A                               0.750000    1.158290   -0.408290 (VIOLATED)
_18718_/B1                              0.750000    1.158290   -0.408290 (VIOLATED)
_18721_/A                               0.750000    1.158290   -0.408290 (VIOLATED)
fanout1866/X                            0.750000    1.158290   -0.408290 (VIOLATED)
_17826_/A0                              0.750000    1.157959   -0.407959 (VIOLATED)
fanout1204/X                            0.750000    1.157959   -0.407959 (VIOLATED)
_09455_/A                               0.750000    1.157117   -0.407117 (VIOLATED)
_14689_/B1                              0.750000    1.157117   -0.407117 (VIOLATED)
_14690_/A1                              0.750000    1.157117   -0.407117 (VIOLATED)
_14840_/C1                              0.750000    1.157117   -0.407117 (VIOLATED)
_14853_/A1                              0.750000    1.157117   -0.407117 (VIOLATED)
_15097_/S0                              0.750000    1.157117   -0.407117 (VIOLATED)
_15098_/S0                              0.750000    1.157117   -0.407117 (VIOLATED)
_15362_/C1                              0.750000    1.157117   -0.407117 (VIOLATED)
_15596_/B1                              0.750000    1.157117   -0.407117 (VIOLATED)
_15666_/C1                              0.750000    1.157117   -0.407117 (VIOLATED)
fanout1539/X                            0.750000    1.157117   -0.407117 (VIOLATED)
_15105_/A                               0.750000    1.156848   -0.406848 (VIOLATED)
_15376_/B                               0.750000    1.156848   -0.406848 (VIOLATED)
_15180_/A_N                             0.750000    1.156844   -0.406844 (VIOLATED)
_15687_/B2                              0.750000    1.156837   -0.406837 (VIOLATED)
_15197_/B1                              0.750000    1.156831   -0.406831 (VIOLATED)
_15377_/A1                              0.750000    1.156829   -0.406829 (VIOLATED)
_14559_/B                               0.750000    1.156814   -0.406814 (VIOLATED)
_14896_/A3                              0.750000    1.156807   -0.406807 (VIOLATED)
_15439_/C1                              0.750000    1.156807   -0.406807 (VIOLATED)
_15694_/B1                              0.750000    1.156807   -0.406807 (VIOLATED)
fanout432/X                             0.750000    1.156807   -0.406807 (VIOLATED)
_17565_/A1                              0.750000    1.156412   -0.406412 (VIOLATED)
ANTENNA_277/DIODE                       0.750000    1.156410   -0.406410 (VIOLATED)
_15372_/C1                              0.750000    1.156282   -0.406282 (VIOLATED)
_15397_/A1                              0.750000    1.156282   -0.406282 (VIOLATED)
_15707_/S1                              0.750000    1.156282   -0.406282 (VIOLATED)
fanout1774/A                            0.750000    1.156281   -0.406281 (VIOLATED)
_14529_/A                               0.750000    1.156279   -0.406279 (VIOLATED)
_15126_/B1                              0.750000    1.156279   -0.406279 (VIOLATED)
_15136_/C1                              0.750000    1.156279   -0.406279 (VIOLATED)
_15205_/A1                              0.750000    1.156279   -0.406279 (VIOLATED)
_15389_/B1                              0.750000    1.156279   -0.406279 (VIOLATED)
_15463_/C1                              0.750000    1.156279   -0.406279 (VIOLATED)
fanout1775/X                            0.750000    1.156279   -0.406279 (VIOLATED)
_17564_/X                               0.750000    1.156045   -0.406045 (VIOLATED)
_14085_/B1                              0.750000    1.155464   -0.405464 (VIOLATED)
_14104_/A1                              0.750000    1.155463   -0.405463 (VIOLATED)
_14088_/B2                              0.750000    1.155457   -0.405457 (VIOLATED)
_13869_/A1                              0.750000    1.155456   -0.405456 (VIOLATED)
_13871_/A1                              0.750000    1.155448   -0.405448 (VIOLATED)
_12894_/B1                              0.750000    1.155439   -0.405439 (VIOLATED)
_12895_/A1                              0.750000    1.155438   -0.405438 (VIOLATED)
_13466_/B1                              0.750000    1.155437   -0.405437 (VIOLATED)
_12920_/C1                              0.750000    1.155403   -0.405403 (VIOLATED)
_13662_/A                               0.750000    1.155403   -0.405403 (VIOLATED)
fanout741/X                             0.750000    1.155403   -0.405403 (VIOLATED)
_16574_/B1                              0.750000    1.152097   -0.402097 (VIOLATED)
_16584_/A1                              0.750000    1.152096   -0.402096 (VIOLATED)
_16056_/B1                              0.750000    1.152096   -0.402096 (VIOLATED)
_16392_/B1                              0.750000    1.152095   -0.402095 (VIOLATED)
_16383_/C1                              0.750000    1.152093   -0.402093 (VIOLATED)
_16968_/A1                              0.750000    1.152090   -0.402090 (VIOLATED)
_16416_/C                               0.750000    1.152090   -0.402090 (VIOLATED)
_09480_/A                               0.750000    1.152088   -0.402088 (VIOLATED)
_16873_/A1                              0.750000    1.152088   -0.402088 (VIOLATED)
_17222_/S1                              0.750000    1.152088   -0.402088 (VIOLATED)
fanout1104/X                            0.750000    1.152088   -0.402088 (VIOLATED)
_15771_/B                               0.750000    1.151383   -0.401383 (VIOLATED)
_15770_/X                               0.750000    1.151222   -0.401222 (VIOLATED)
_16122_/A                               0.750000    1.149403   -0.399403 (VIOLATED)
_16503_/B                               0.750000    1.149393   -0.399393 (VIOLATED)
_17170_/B                               0.750000    1.149392   -0.399393 (VIOLATED)
_16201_/C                               0.750000    1.149376   -0.399376 (VIOLATED)
_16791_/A2                              0.750000    1.149370   -0.399370 (VIOLATED)
_16778_/B1                              0.750000    1.149337   -0.399337 (VIOLATED)
_16992_/A                               0.750000    1.149314   -0.399314 (VIOLATED)
_16178_/B                               0.750000    1.148999   -0.399000 (VIOLATED)
_16490_/A                               0.750000    1.148999   -0.399000 (VIOLATED)
_17042_/B2                              0.750000    1.148999   -0.399000 (VIOLATED)
fanout397/X                             0.750000    1.148999   -0.399000 (VIOLATED)
_15198_/C1                              0.750000    1.148009   -0.398009 (VIOLATED)
_14889_/C1                              0.750000    1.148008   -0.398008 (VIOLATED)
_15203_/A1                              0.750000    1.148007   -0.398007 (VIOLATED)
_15125_/B1                              0.750000    1.148003   -0.398003 (VIOLATED)
_15130_/B1                              0.750000    1.148003   -0.398003 (VIOLATED)
_15195_/A1                              0.750000    1.148001   -0.398001 (VIOLATED)
_15399_/S1                              0.750000    1.147997   -0.397997 (VIOLATED)
_15109_/B1                              0.750000    1.147973   -0.397973 (VIOLATED)
fanout695/A                             0.750000    1.147955   -0.397955 (VIOLATED)
fanout694/A                             0.750000    1.147954   -0.397954 (VIOLATED)
fanout696/X                             0.750000    1.147954   -0.397954 (VIOLATED)
ANTENNA_147/DIODE                       0.750000    1.144952   -0.394952 (VIOLATED)
_17697_/A1                              0.750000    1.144953   -0.394953 (VIOLATED)
_17696_/X                               0.750000    1.144387   -0.394387 (VIOLATED)
_09792_/A                               0.750000    1.143004   -0.393004 (VIOLATED)
_09810_/A1                              0.750000    1.143003   -0.393004 (VIOLATED)
_09831_/A1                              0.750000    1.143002   -0.393002 (VIOLATED)
_09847_/A                               0.750000    1.143001   -0.393001 (VIOLATED)
_09381_/A                               0.750000    1.143001   -0.393001 (VIOLATED)
_09867_/A                               0.750000    1.143001   -0.393001 (VIOLATED)
_09788_/A_N                             0.750000    1.143000   -0.393000 (VIOLATED)
_09821_/A1                              0.750000    1.142998   -0.392998 (VIOLATED)
_10890_/A1                              0.750000    1.142998   -0.392998 (VIOLATED)
fanout1192/A                            0.750000    1.142993   -0.392993 (VIOLATED)
fanout1193/X                            0.750000    1.142993   -0.392993 (VIOLATED)
_12072_/B1                              0.750000    1.140135   -0.390135 (VIOLATED)
_12118_/B                               0.750000    1.140133   -0.390133 (VIOLATED)
_11898_/A4                              0.750000    1.140119   -0.390119 (VIOLATED)
_12187_/C                               0.750000    1.139997   -0.389997 (VIOLATED)
_12085_/B                               0.750000    1.139973   -0.389973 (VIOLATED)
_11880_/Y                               0.750000    1.139966   -0.389967 (VIOLATED)
_12021_/B                               0.750000    1.139966   -0.389967 (VIOLATED)
_18697_/B1                              0.750000    1.138862   -0.388862 (VIOLATED)
_18679_/B1                              0.750000    1.138846   -0.388846 (VIOLATED)
fanout369/A                             0.750000    1.138802   -0.388802 (VIOLATED)
fanout368/A                             0.750000    1.138762   -0.388762 (VIOLATED)
_11833_/B1                              0.750000    1.138348   -0.388348 (VIOLATED)
_11834_/A                               0.750000    1.138346   -0.388346 (VIOLATED)
fanout366/A                             0.750000    1.138327   -0.388327 (VIOLATED)
fanout370/X                             0.750000    1.138327   -0.388327 (VIOLATED)
_17226_/C1                              0.750000    1.138037   -0.388037 (VIOLATED)
_17230_/B1                              0.750000    1.138036   -0.388036 (VIOLATED)
_16149_/A                               0.750000    1.138035   -0.388035 (VIOLATED)
_16187_/C1                              0.750000    1.138035   -0.388035 (VIOLATED)
_16204_/A1                              0.750000    1.138035   -0.388035 (VIOLATED)
_16510_/A1                              0.750000    1.138035   -0.388035 (VIOLATED)
_16703_/B1                              0.750000    1.138035   -0.388035 (VIOLATED)
_16809_/B1                              0.750000    1.138035   -0.388035 (VIOLATED)
_16810_/A1                              0.750000    1.138035   -0.388035 (VIOLATED)
_16996_/C1                              0.750000    1.138035   -0.388035 (VIOLATED)
fanout1580/A                            0.750000    1.138035   -0.388035 (VIOLATED)
fanout1581/A                            0.750000    1.138035   -0.388035 (VIOLATED)
fanout1582/X                            0.750000    1.138035   -0.388035 (VIOLATED)
_17112_/C1                              0.750000    1.138034   -0.388034 (VIOLATED)
_17122_/B1                              0.750000    1.138035   -0.388035 (VIOLATED)
_16841_/C1                              0.750000    1.138031   -0.388031 (VIOLATED)
_17243_/C1                              0.750000    1.138030   -0.388030 (VIOLATED)
_16313_/B                               0.750000    1.138029   -0.388029 (VIOLATED)
_16517_/C1                              0.750000    1.138026   -0.388026 (VIOLATED)
_17237_/C1                              0.750000    1.138024   -0.388024 (VIOLATED)
_16345_/C1                              0.750000    1.138001   -0.388001 (VIOLATED)
fanout665/X                             0.750000    1.138001   -0.388001 (VIOLATED)
_11792_/X                               0.750000    1.137993   -0.387993 (VIOLATED)
_11461_/A1_N                            0.750000    1.137030   -0.387030 (VIOLATED)
_11494_/A3                              0.750000    1.137030   -0.387030 (VIOLATED)
_11538_/B                               0.750000    1.137030   -0.387030 (VIOLATED)
_11539_/A2                              0.750000    1.137030   -0.387030 (VIOLATED)
_11562_/B                               0.750000    1.137030   -0.387030 (VIOLATED)
_11564_/A3                              0.750000    1.137030   -0.387030 (VIOLATED)
_11569_/C_N                             0.750000    1.137030   -0.387030 (VIOLATED)
_11605_/A1                              0.750000    1.137030   -0.387030 (VIOLATED)
_11657_/A1                              0.750000    1.137030   -0.387030 (VIOLATED)
_11754_/A3                              0.750000    1.137030   -0.387030 (VIOLATED)
fanout508/X                             0.750000    1.137030   -0.387030 (VIOLATED)
_11991_/A1                              0.750000    1.136602   -0.386602 (VIOLATED)
_12081_/B                               0.750000    1.136600   -0.386600 (VIOLATED)
_12082_/C                               0.750000    1.136598   -0.386599 (VIOLATED)
_12071_/A2                              0.750000    1.136595   -0.386595 (VIOLATED)
_10995_/B1                              0.750000    1.136565   -0.386565 (VIOLATED)
_10460_/A                               0.750000    1.136560   -0.386560 (VIOLATED)
_11000_/A1                              0.750000    1.136555   -0.386555 (VIOLATED)
fanout904/A                             0.750000    1.136555   -0.386555 (VIOLATED)
_10988_/A                               0.750000    1.136552   -0.386552 (VIOLATED)
_10473_/B1                              0.750000    1.136551   -0.386552 (VIOLATED)
_10477_/A1                              0.750000    1.136551   -0.386552 (VIOLATED)
_10676_/C1                              0.750000    1.136551   -0.386552 (VIOLATED)
_11157_/B1                              0.750000    1.136551   -0.386552 (VIOLATED)
_11160_/A1                              0.750000    1.136551   -0.386552 (VIOLATED)
fanout905/X                             0.750000    1.136551   -0.386552 (VIOLATED)
_12074_/A2                              0.750000    1.136268   -0.386268 (VIOLATED)
_12113_/A1                              0.750000    1.136260   -0.386260 (VIOLATED)
_12130_/A2                              0.750000    1.136252   -0.386252 (VIOLATED)
_11967_/A1                              0.750000    1.136245   -0.386245 (VIOLATED)
_11985_/A                               0.750000    1.136245   -0.386245 (VIOLATED)
_12047_/A2                              0.750000    1.136245   -0.386245 (VIOLATED)
fanout337/X                             0.750000    1.136245   -0.386245 (VIOLATED)
_10786_/A1                              0.750000    1.135751   -0.385751 (VIOLATED)
_09873_/A1                              0.750000    1.135747   -0.385747 (VIOLATED)
_10789_/C1                              0.750000    1.135746   -0.385746 (VIOLATED)
_09820_/C1                              0.750000    1.135737   -0.385737 (VIOLATED)
_09848_/B1                              0.750000    1.135733   -0.385733 (VIOLATED)
_09856_/A                               0.750000    1.135730   -0.385730 (VIOLATED)
_11067_/A1                              0.750000    1.135730   -0.385730 (VIOLATED)
_10578_/B1                              0.750000    1.135730   -0.385730 (VIOLATED)
_10579_/A1                              0.750000    1.135730   -0.385730 (VIOLATED)
_11341_/B1                              0.750000    1.135730   -0.385730 (VIOLATED)
fanout1158/X                            0.750000    1.135730   -0.385730 (VIOLATED)
_15432_/A1                              0.750000    1.135392   -0.385392 (VIOLATED)
_15532_/B1                              0.750000    1.135392   -0.385392 (VIOLATED)
_15540_/A                               0.750000    1.135390   -0.385390 (VIOLATED)
_15556_/C1                              0.750000    1.135389   -0.385390 (VIOLATED)
_14371_/A1                              0.750000    1.135386   -0.385386 (VIOLATED)
_14330_/B1                              0.750000    1.135386   -0.385386 (VIOLATED)
_14959_/B1                              0.750000    1.135369   -0.385369 (VIOLATED)
_14817_/A1                              0.750000    1.135342   -0.385342 (VIOLATED)
_14988_/A1                              0.750000    1.135342   -0.385342 (VIOLATED)
_14994_/C1                              0.750000    1.135342   -0.385342 (VIOLATED)
fanout724/X                             0.750000    1.135342   -0.385342 (VIOLATED)
_10001_/A1                              0.750000    1.134881   -0.384881 (VIOLATED)
_11078_/C1                              0.750000    1.134881   -0.384882 (VIOLATED)
_11079_/C1                              0.750000    1.134882   -0.384882 (VIOLATED)
_11076_/C1                              0.750000    1.134879   -0.384879 (VIOLATED)
_10929_/B1                              0.750000    1.134872   -0.384872 (VIOLATED)
_10550_/B1                              0.750000    1.134851   -0.384851 (VIOLATED)
_10011_/S1                              0.750000    1.134846   -0.384847 (VIOLATED)
_09985_/B1                              0.750000    1.134838   -0.384838 (VIOLATED)
_09940_/B1                              0.750000    1.134835   -0.384835 (VIOLATED)
_10779_/A1                              0.750000    1.134834   -0.384834 (VIOLATED)
fanout836/X                             0.750000    1.134834   -0.384834 (VIOLATED)
_14899_/A1                              0.750000    1.134595   -0.384595 (VIOLATED)
_14900_/A                               0.750000    1.134594   -0.384594 (VIOLATED)
_15447_/C1                              0.750000    1.134594   -0.384594 (VIOLATED)
_14596_/B1                              0.750000    1.134590   -0.384590 (VIOLATED)
_14598_/C1                              0.750000    1.134587   -0.384587 (VIOLATED)
_15463_/A1                              0.750000    1.134586   -0.384586 (VIOLATED)
_15200_/B1                              0.750000    1.134583   -0.384583 (VIOLATED)
_09461_/A                               0.750000    1.134579   -0.384579 (VIOLATED)
_14898_/A                               0.750000    1.134579   -0.384579 (VIOLATED)
_15629_/B1                              0.750000    1.134579   -0.384579 (VIOLATED)
fanout1777/X                            0.750000    1.134579   -0.384579 (VIOLATED)
_17503_/A1                              0.750000    1.131336   -0.381336 (VIOLATED)
ANTENNA_89/DIODE                        0.750000    1.131333   -0.381334 (VIOLATED)
_17502_/X                               0.750000    1.130734   -0.380734 (VIOLATED)
_16679_/A                               0.750000    1.130518   -0.380518 (VIOLATED)
_16491_/C1                              0.750000    1.130514   -0.380514 (VIOLATED)
_16487_/C1                              0.750000    1.130511   -0.380511 (VIOLATED)
_16204_/B1                              0.750000    1.130502   -0.380502 (VIOLATED)
_16794_/B1                              0.750000    1.130493   -0.380493 (VIOLATED)
_16997_/A                               0.750000    1.130470   -0.380470 (VIOLATED)
_16796_/C1                              0.750000    1.130461   -0.380461 (VIOLATED)
_16977_/A1                              0.750000    1.130134   -0.380134 (VIOLATED)
_17312_/C1                              0.750000    1.130103   -0.380103 (VIOLATED)
fanout655/A                             0.750000    1.130103   -0.380103 (VIOLATED)
fanout656/X                             0.750000    1.130103   -0.380103 (VIOLATED)
_14492_/B                               0.750000    1.128482   -0.378481 (VIOLATED)
_14496_/A                               0.750000    1.128482   -0.378481 (VIOLATED)
_14510_/A                               0.750000    1.128482   -0.378481 (VIOLATED)
_14511_/A                               0.750000    1.128482   -0.378481 (VIOLATED)
_14520_/B                               0.750000    1.128482   -0.378481 (VIOLATED)
_14549_/A1                              0.750000    1.128482   -0.378481 (VIOLATED)
_14865_/A1                              0.750000    1.128482   -0.378481 (VIOLATED)
_14896_/A2                              0.750000    1.128482   -0.378481 (VIOLATED)
_15439_/B1                              0.750000    1.128482   -0.378481 (VIOLATED)
_15694_/B2                              0.750000    1.128482   -0.378481 (VIOLATED)
fanout1811/X                            0.750000    1.128482   -0.378481 (VIOLATED)
_13633_/A2                              0.750000    1.127264   -0.377264 (VIOLATED)
_13297_/B                               0.750000    1.127263   -0.377263 (VIOLATED)
_13470_/B                               0.750000    1.127263   -0.377263 (VIOLATED)
_13471_/A3                              0.750000    1.127263   -0.377263 (VIOLATED)
_13482_/B1                              0.750000    1.127263   -0.377263 (VIOLATED)
_13647_/A2                              0.750000    1.127263   -0.377263 (VIOLATED)
_13708_/B                               0.750000    1.127263   -0.377263 (VIOLATED)
_13714_/A2                              0.750000    1.127263   -0.377263 (VIOLATED)
_14089_/A3                              0.750000    1.127263   -0.377263 (VIOLATED)
_14095_/A2                              0.750000    1.127263   -0.377263 (VIOLATED)
fanout475/X                             0.750000    1.127263   -0.377263 (VIOLATED)
_09742_/B                               0.750000    1.127033   -0.377033 (VIOLATED)
_10411_/A1                              0.750000    1.127031   -0.377031 (VIOLATED)
_09752_/A2                              0.750000    1.127024   -0.377024 (VIOLATED)
_10871_/A                               0.750000    1.127020   -0.377020 (VIOLATED)
_09632_/B                               0.750000    1.127008   -0.377008 (VIOLATED)
_09634_/A2                              0.750000    1.126995   -0.376995 (VIOLATED)
_10707_/A1                              0.750000    1.126982   -0.376982 (VIOLATED)
_09700_/A2                              0.750000    1.126981   -0.376981 (VIOLATED)
_09633_/B                               0.750000    1.126977   -0.376977 (VIOLATED)
_09714_/A3                              0.750000    1.126977   -0.376977 (VIOLATED)
fanout557/X                             0.750000    1.126977   -0.376977 (VIOLATED)
_14796_/B1                              0.750000    1.126691   -0.376691 (VIOLATED)
_14289_/B1                              0.750000    1.126691   -0.376691 (VIOLATED)
_15547_/B1                              0.750000    1.126691   -0.376691 (VIOLATED)
_14366_/A1                              0.750000    1.126691   -0.376691 (VIOLATED)
_14979_/B2                              0.750000    1.126690   -0.376690 (VIOLATED)
_15301_/S0                              0.750000    1.126688   -0.376688 (VIOLATED)
_14985_/B1                              0.750000    1.126685   -0.376685 (VIOLATED)
_09440_/A                               0.750000    1.126684   -0.376684 (VIOLATED)
_14995_/A1                              0.750000    1.126684   -0.376684 (VIOLATED)
_15010_/A1                              0.750000    1.126684   -0.376684 (VIOLATED)
fanout1252/X                            0.750000    1.126684   -0.376684 (VIOLATED)
_12824_/C1                              0.750000    1.125879   -0.375879 (VIOLATED)
_12832_/B1                              0.750000    1.125878   -0.375878 (VIOLATED)
_12817_/C1                              0.750000    1.125878   -0.375878 (VIOLATED)
_12827_/B1                              0.750000    1.125878   -0.375878 (VIOLATED)
_13551_/A1                              0.750000    1.125870   -0.375870 (VIOLATED)
_13558_/B2                              0.750000    1.125862   -0.375862 (VIOLATED)
_13947_/A1                              0.750000    1.125851   -0.375851 (VIOLATED)
_13933_/B1                              0.750000    1.125851   -0.375851 (VIOLATED)
_13246_/B1                              0.750000    1.125838   -0.375838 (VIOLATED)
_12755_/B1                              0.750000    1.125829   -0.375829 (VIOLATED)
fanout759/X                             0.750000    1.125829   -0.375829 (VIOLATED)
_10267_/C1                              0.750000    1.124034   -0.374034 (VIOLATED)
_10555_/C1                              0.750000    1.124034   -0.374034 (VIOLATED)
_09376_/A                               0.750000    1.124033   -0.374033 (VIOLATED)
_09936_/C1                              0.750000    1.124033   -0.374033 (VIOLATED)
_09957_/C1                              0.750000    1.124033   -0.374033 (VIOLATED)
_09966_/C1                              0.750000    1.124033   -0.374033 (VIOLATED)
_10277_/B1                              0.750000    1.124033   -0.374033 (VIOLATED)
_10287_/B1                              0.750000    1.124033   -0.374033 (VIOLATED)
_10775_/C1                              0.750000    1.124033   -0.374033 (VIOLATED)
_11248_/A1                              0.750000    1.124033   -0.374033 (VIOLATED)
fanout1679/X                            0.750000    1.124033   -0.374033 (VIOLATED)
_12412_/C1                              0.750000    1.120221   -0.370221 (VIOLATED)
_12436_/A1                              0.750000    1.120220   -0.370220 (VIOLATED)
_12400_/B1                              0.750000    1.120219   -0.370219 (VIOLATED)
_12465_/B1                              0.750000    1.120218   -0.370218 (VIOLATED)
_12374_/A1                              0.750000    1.120212   -0.370212 (VIOLATED)
_12424_/A1                              0.750000    1.120212   -0.370212 (VIOLATED)
_12509_/C1                              0.750000    1.120212   -0.370212 (VIOLATED)
_12525_/C1                              0.750000    1.120212   -0.370212 (VIOLATED)
_12568_/C1                              0.750000    1.120212   -0.370212 (VIOLATED)
_12680_/S0                              0.750000    1.120212   -0.370212 (VIOLATED)
fanout765/X                             0.750000    1.120212   -0.370212 (VIOLATED)
fanout1403/A                            0.750000    1.119757   -0.369757 (VIOLATED)
_10638_/S0                              0.750000    1.119749   -0.369749 (VIOLATED)
_10143_/A1                              0.750000    1.119739   -0.369739 (VIOLATED)
_10319_/A1                              0.750000    1.119724   -0.369724 (VIOLATED)
_11372_/C1                              0.750000    1.119712   -0.369712 (VIOLATED)
_10335_/A1                              0.750000    1.119697   -0.369698 (VIOLATED)
_10337_/A1                              0.750000    1.119694   -0.369694 (VIOLATED)
_10722_/A1                              0.750000    1.119694   -0.369694 (VIOLATED)
_10744_/S0                              0.750000    1.119694   -0.369694 (VIOLATED)
_10968_/B2                              0.750000    1.119694   -0.369694 (VIOLATED)
fanout1404/X                            0.750000    1.119694   -0.369694 (VIOLATED)
_09760_/B1                              0.750000    1.118206   -0.368206 (VIOLATED)
_10418_/C1                              0.750000    1.118202   -0.368202 (VIOLATED)
_10410_/B                               0.750000    1.118198   -0.368198 (VIOLATED)
_09759_/B                               0.750000    1.118192   -0.368192 (VIOLATED)
_09703_/A2                              0.750000    1.118186   -0.368186 (VIOLATED)
_09668_/A2                              0.750000    1.118175   -0.368175 (VIOLATED)
_10514_/B1                              0.750000    1.118175   -0.368175 (VIOLATED)
_10517_/B1                              0.750000    1.118175   -0.368175 (VIOLATED)
_10699_/B                               0.750000    1.118175   -0.368175 (VIOLATED)
_10858_/D                               0.750000    1.118175   -0.368175 (VIOLATED)
fanout548/X                             0.750000    1.118175   -0.368175 (VIOLATED)
ANTENNA_230/DIODE                       0.750000    1.117508   -0.367508 (VIOLATED)
_17745_/A1                              0.750000    1.117508   -0.367508 (VIOLATED)
ANTENNA_231/DIODE                       0.750000    1.117508   -0.367508 (VIOLATED)
_17744_/X                               0.750000    1.117442   -0.367442 (VIOLATED)
_09399_/A                               0.750000    1.116892   -0.366892 (VIOLATED)
_11525_/A1                              0.750000    1.116892   -0.366892 (VIOLATED)
_11626_/C1                              0.750000    1.116892   -0.366892 (VIOLATED)
_11646_/C1                              0.750000    1.116892   -0.366892 (VIOLATED)
_11665_/C1                              0.750000    1.116892   -0.366892 (VIOLATED)
_11758_/A1                              0.750000    1.116892   -0.366892 (VIOLATED)
_11761_/B1                              0.750000    1.116892   -0.366892 (VIOLATED)
_11811_/S0                              0.750000    1.116892   -0.366892 (VIOLATED)
fanout1061/A                            0.750000    1.116892   -0.366892 (VIOLATED)
fanout1062/A                            0.750000    1.116892   -0.366892 (VIOLATED)
fanout1063/X                            0.750000    1.116892   -0.366892 (VIOLATED)
_14805_/A1                              0.750000    1.115924   -0.365924 (VIOLATED)
ANTENNA_251/DIODE                       0.750000    1.115923   -0.365923 (VIOLATED)
ANTENNA_253/DIODE                       0.750000    1.115923   -0.365923 (VIOLATED)
_14987_/B2                              0.750000    1.115923   -0.365923 (VIOLATED)
_17497_/A1                              0.750000    1.115923   -0.365923 (VIOLATED)
ANTENNA_250/DIODE                       0.750000    1.115922   -0.365922 (VIOLATED)
ANTENNA_252/DIODE                       0.750000    1.115921   -0.365921 (VIOLATED)
ANTENNA_254/DIODE                       0.750000    1.115921   -0.365921 (VIOLATED)
_14328_/B                               0.750000    1.115921   -0.365921 (VIOLATED)
_14794_/B                               0.750000    1.115918   -0.365918 (VIOLATED)
_14972_/A                               0.750000    1.115908   -0.365908 (VIOLATED)
_14974_/B                               0.750000    1.115908   -0.365908 (VIOLATED)
_15411_/B                               0.750000    1.115905   -0.365905 (VIOLATED)
_14329_/C                               0.750000    1.115904   -0.365904 (VIOLATED)
_14945_/A1                              0.750000    1.115904   -0.365904 (VIOLATED)
_15426_/D                               0.750000    1.115904   -0.365904 (VIOLATED)
fanout457/X                             0.750000    1.115904   -0.365904 (VIOLATED)
_17496_/X                               0.750000    1.115881   -0.365881 (VIOLATED)
_11103_/A1                              0.750000    1.115837   -0.365837 (VIOLATED)
_11112_/A1                              0.750000    1.115835   -0.365835 (VIOLATED)
_11111_/A                               0.750000    1.115833   -0.365833 (VIOLATED)
_11369_/C1                              0.750000    1.115831   -0.365831 (VIOLATED)
_10736_/B1                              0.750000    1.115819   -0.365819 (VIOLATED)
_11126_/A1                              0.750000    1.115812   -0.365812 (VIOLATED)
_10620_/A1                              0.750000    1.115811   -0.365811 (VIOLATED)
_10721_/A1                              0.750000    1.115811   -0.365811 (VIOLATED)
fanout810/A                             0.750000    1.115811   -0.365811 (VIOLATED)
fanout811/A                             0.750000    1.115811   -0.365811 (VIOLATED)
fanout812/X                             0.750000    1.115811   -0.365811 (VIOLATED)
_12879_/A                               0.750000    1.115250   -0.365250 (VIOLATED)
_13476_/A                               0.750000    1.115250   -0.365250 (VIOLATED)
_13868_/A1_N                            0.750000    1.115247   -0.365247 (VIOLATED)
_12880_/B                               0.750000    1.115245   -0.365245 (VIOLATED)
_13707_/A3                              0.750000    1.115242   -0.365242 (VIOLATED)
_13722_/A1                              0.750000    1.115234   -0.365234 (VIOLATED)
_13641_/B1                              0.750000    1.115229   -0.365229 (VIOLATED)
_13467_/A1_N                            0.750000    1.115207   -0.365207 (VIOLATED)
_12867_/A2                              0.750000    1.115184   -0.365184 (VIOLATED)
_12946_/B                               0.750000    1.114849   -0.364849 (VIOLATED)
fanout479/X                             0.750000    1.114849   -0.364849 (VIOLATED)
_16029_/A2                              0.750000    1.113822   -0.363823 (VIOLATED)
_16561_/A1                              0.750000    1.113822   -0.363822 (VIOLATED)
_16030_/B                               0.750000    1.113822   -0.363822 (VIOLATED)
_16709_/A1                              0.750000    1.113822   -0.363822 (VIOLATED)
_16096_/A1                              0.750000    1.113821   -0.363821 (VIOLATED)
_16718_/B                               0.750000    1.113821   -0.363821 (VIOLATED)
_16411_/A1                              0.750000    1.113821   -0.363821 (VIOLATED)
_17217_/A1                              0.750000    1.113821   -0.363821 (VIOLATED)
_16404_/B                               0.750000    1.113820   -0.363820 (VIOLATED)
_16942_/A1                              0.750000    1.113820   -0.363820 (VIOLATED)
fanout411/X                             0.750000    1.113820   -0.363820 (VIOLATED)
_13443_/B1                              0.750000    1.112283   -0.362283 (VIOLATED)
_13839_/B1                              0.750000    1.112283   -0.362283 (VIOLATED)
_13697_/B1                              0.750000    1.112273   -0.362273 (VIOLATED)
_13698_/B1                              0.750000    1.112272   -0.362272 (VIOLATED)
_09427_/A                               0.750000    1.112262   -0.362263 (VIOLATED)
_13294_/A                               0.750000    1.112256   -0.362256 (VIOLATED)
_13295_/A1                              0.750000    1.112254   -0.362254 (VIOLATED)
_13154_/B1                              0.750000    1.112252   -0.362252 (VIOLATED)
_13158_/A1                              0.750000    1.112252   -0.362252 (VIOLATED)
_13627_/S0                              0.750000    1.112252   -0.362252 (VIOLATED)
fanout1488/X                            0.750000    1.112252   -0.362252 (VIOLATED)
_11022_/A2                              0.750000    1.112013   -0.362013 (VIOLATED)
_09760_/B2                              0.750000    1.112011   -0.362011 (VIOLATED)
_09704_/B1                              0.750000    1.112010   -0.362010 (VIOLATED)
_11027_/A2                              0.750000    1.112010   -0.362010 (VIOLATED)
_09759_/A                               0.750000    1.112003   -0.362003 (VIOLATED)
_10422_/B1                              0.750000    1.111999   -0.361999 (VIOLATED)
_10397_/A3                              0.750000    1.111997   -0.361997 (VIOLATED)
_09680_/A                               0.750000    1.111989   -0.361989 (VIOLATED)
_09688_/B                               0.750000    1.111989   -0.361989 (VIOLATED)
_10689_/A1                              0.750000    1.111989   -0.361989 (VIOLATED)
fanout551/X                             0.750000    1.111989   -0.361989 (VIOLATED)
_09655_/B1                              0.750000    1.111362   -0.361362 (VIOLATED)
_11039_/A1                              0.750000    1.111360   -0.361360 (VIOLATED)
_09683_/B1                              0.750000    1.111359   -0.361360 (VIOLATED)
_09364_/A                               0.750000    1.111357   -0.361357 (VIOLATED)
_09740_/C1                              0.750000    1.111357   -0.361357 (VIOLATED)
_09772_/C1                              0.750000    1.111357   -0.361357 (VIOLATED)
_10426_/A1                              0.750000    1.111357   -0.361357 (VIOLATED)
_10882_/B1                              0.750000    1.111357   -0.361357 (VIOLATED)
_10883_/B1                              0.750000    1.111357   -0.361357 (VIOLATED)
_11195_/B1                              0.750000    1.111357   -0.361357 (VIOLATED)
fanout1626/X                            0.750000    1.111357   -0.361357 (VIOLATED)
_10787_/A2                              0.750000    1.110627   -0.360627 (VIOLATED)
_09861_/A2                              0.750000    1.110622   -0.360622 (VIOLATED)
_11218_/B1                              0.750000    1.110622   -0.360622 (VIOLATED)
_10900_/B1                              0.750000    1.110612   -0.360612 (VIOLATED)
_11322_/A0                              0.750000    1.110603   -0.360603 (VIOLATED)
_10369_/B                               0.750000    1.110578   -0.360578 (VIOLATED)
fanout537/A                             0.750000    1.110565   -0.360565 (VIOLATED)
fanout538/X                             0.750000    1.110565   -0.360565 (VIOLATED)
_15221_/A1                              0.750000    1.109896   -0.359896 (VIOLATED)
_15220_/B1                              0.750000    1.109895   -0.359895 (VIOLATED)
_15479_/A1                              0.750000    1.109895   -0.359895 (VIOLATED)
_15487_/B1                              0.750000    1.109895   -0.359895 (VIOLATED)
_14677_/C1                              0.750000    1.109886   -0.359886 (VIOLATED)
_09453_/A                               0.750000    1.109886   -0.359886 (VIOLATED)
_14714_/B1                              0.750000    1.109886   -0.359886 (VIOLATED)
_15230_/C1                              0.750000    1.109886   -0.359886 (VIOLATED)
_15363_/A1                              0.750000    1.109886   -0.359886 (VIOLATED)
_15614_/B1                              0.750000    1.109886   -0.359886 (VIOLATED)
fanout1533/X                            0.750000    1.109886   -0.359886 (VIOLATED)
_12040_/B2                              0.750000    1.108587   -0.358587 (VIOLATED)
_12029_/C1                              0.750000    1.108585   -0.358585 (VIOLATED)
_12030_/A1                              0.750000    1.108581   -0.358581 (VIOLATED)
_11917_/B                               0.750000    1.108577   -0.358577 (VIOLATED)
_11923_/D                               0.750000    1.108564   -0.358564 (VIOLATED)
_12106_/B2                              0.750000    1.108553   -0.358553 (VIOLATED)
_11898_/A3                              0.750000    1.108549   -0.358549 (VIOLATED)
_12035_/C                               0.750000    1.108533   -0.358533 (VIOLATED)
_11983_/A2                              0.750000    1.108531   -0.358531 (VIOLATED)
_12065_/A2                              0.750000    1.108531   -0.358531 (VIOLATED)
fanout498/X                             0.750000    1.108531   -0.358531 (VIOLATED)
_11821_/C                               0.750000    1.108101   -0.358101 (VIOLATED)
_11822_/A2                              0.750000    1.108099   -0.358099 (VIOLATED)
_17248_/B2                              0.750000    1.107944   -0.357944 (VIOLATED)
_16631_/C                               0.750000    1.107943   -0.357943 (VIOLATED)
_16299_/B                               0.750000    1.107941   -0.357941 (VIOLATED)
_16922_/B                               0.750000    1.107936   -0.357936 (VIOLATED)
_17228_/A1                              0.750000    1.107935   -0.357935 (VIOLATED)
_16267_/C                               0.750000    1.107932   -0.357932 (VIOLATED)
_16841_/A1                              0.750000    1.107930   -0.357930 (VIOLATED)
_11820_/X                               0.750000    1.107929   -0.357929 (VIOLATED)
_16824_/C                               0.750000    1.107924   -0.357924 (VIOLATED)
_16340_/A2                              0.750000    1.107922   -0.357922 (VIOLATED)
_16355_/B                               0.750000    1.107922   -0.357922 (VIOLATED)
fanout387/X                             0.750000    1.107922   -0.357922 (VIOLATED)
_13297_/A                               0.750000    1.103064   -0.353064 (VIOLATED)
_12888_/B                               0.750000    1.103062   -0.353062 (VIOLATED)
_12887_/A1                              0.750000    1.103061   -0.353061 (VIOLATED)
fanout1769/A                            0.750000    1.103058   -0.353058 (VIOLATED)
_12922_/A                               0.750000    1.103042   -0.353042 (VIOLATED)
_13467_/B2                              0.750000    1.103041   -0.353041 (VIOLATED)
_12933_/A                               0.750000    1.103039   -0.353039 (VIOLATED)
_13478_/A1                              0.750000    1.103030   -0.353030 (VIOLATED)
_13860_/A2                              0.750000    1.103000   -0.353000 (VIOLATED)
_12886_/A                               0.750000    1.102994   -0.352994 (VIOLATED)
fanout1770/X                            0.750000    1.102994   -0.352994 (VIOLATED)
_15658_/A                               0.750000    1.102648   -0.352648 (VIOLATED)
_14651_/B                               0.750000    1.102646   -0.352646 (VIOLATED)
_15473_/A2                              0.750000    1.102638   -0.352638 (VIOLATED)
fanout697/A                             0.750000    1.102636   -0.352636 (VIOLATED)
_14706_/A                               0.750000    1.102629   -0.352629 (VIOLATED)
_14612_/A                               0.750000    1.102626   -0.352626 (VIOLATED)
_14683_/B1                              0.750000    1.102626   -0.352626 (VIOLATED)
_14836_/A2                              0.750000    1.102626   -0.352626 (VIOLATED)
_15214_/B                               0.750000    1.102626   -0.352626 (VIOLATED)
_15233_/A                               0.750000    1.102626   -0.352626 (VIOLATED)
fanout698/X                             0.750000    1.102626   -0.352626 (VIOLATED)
_09735_/B                               0.750000    1.100505   -0.350505 (VIOLATED)
_09760_/A2                              0.750000    1.100503   -0.350503 (VIOLATED)
_10402_/C                               0.750000    1.100494   -0.350494 (VIOLATED)
_11192_/A3                              0.750000    1.100490   -0.350490 (VIOLATED)
_10409_/B                               0.750000    1.100476   -0.350476 (VIOLATED)
_10867_/B                               0.750000    1.100464   -0.350464 (VIOLATED)
_09752_/B1                              0.750000    1.100454   -0.350454 (VIOLATED)
_10490_/A2                              0.750000    1.100144   -0.350144 (VIOLATED)
_10492_/A2_N                            0.750000    1.100144   -0.350144 (VIOLATED)
_10514_/A2                              0.750000    1.100144   -0.350144 (VIOLATED)
fanout549/X                             0.750000    1.100144   -0.350144 (VIOLATED)
_09419_/A                               0.750000    1.099885   -0.349885 (VIOLATED)
_12717_/A                               0.750000    1.099884   -0.349884 (VIOLATED)
_13792_/B2                              0.750000    1.099884   -0.349884 (VIOLATED)
_12716_/A                               0.750000    1.099878   -0.349878 (VIOLATED)
_13218_/B2                              0.750000    1.099870   -0.349870 (VIOLATED)
_12787_/C                               0.750000    1.099867   -0.349867 (VIOLATED)
_12706_/A_N                             0.750000    1.099863   -0.349863 (VIOLATED)
_12690_/A                               0.750000    1.099862   -0.349862 (VIOLATED)
_12704_/A                               0.750000    1.099860   -0.349860 (VIOLATED)
_13541_/A1                              0.750000    1.099860   -0.349860 (VIOLATED)
fanout1471/X                            0.750000    1.099860   -0.349860 (VIOLATED)
_15799_/B                               0.750000    1.098800   -0.348800 (VIOLATED)
_15798_/Y                               0.750000    1.098769   -0.348769 (VIOLATED)
_10408_/A1                              0.750000    1.096890   -0.346890 (VIOLATED)
_09721_/B                               0.750000    1.096884   -0.346884 (VIOLATED)
_10691_/A2                              0.750000    1.096870   -0.346870 (VIOLATED)
_09764_/B2                              0.750000    1.096858   -0.346858 (VIOLATED)
_09692_/B                               0.750000    1.096856   -0.346856 (VIOLATED)
_09753_/A1                              0.750000    1.096851   -0.346851 (VIOLATED)
_11027_/B2                              0.750000    1.096851   -0.346851 (VIOLATED)
_10412_/A1                              0.750000    1.096840   -0.346840 (VIOLATED)
_09908_/B                               0.750000    1.096526   -0.346526 (VIOLATED)
_10021_/C                               0.750000    1.096526   -0.346526 (VIOLATED)
_10527_/B2                              0.750000    1.096522   -0.346522 (VIOLATED)
_10263_/B                               0.750000    1.096516   -0.346516 (VIOLATED)
_10539_/A                               0.750000    1.096504   -0.346504 (VIOLATED)
_11093_/A1                              0.750000    1.096502   -0.346502 (VIOLATED)
_09915_/B                               0.750000    1.096492   -0.346492 (VIOLATED)
_10006_/A1                              0.750000    1.096490   -0.346490 (VIOLATED)
_09907_/B                               0.750000    1.096488   -0.346488 (VIOLATED)
_09644_/B                               0.750000    1.096479   -0.346479 (VIOLATED)
_09653_/B                               0.750000    1.096479   -0.346479 (VIOLATED)
fanout553/X                             0.750000    1.096479   -0.346479 (VIOLATED)
_09988_/B                               0.750000    1.096469   -0.346469 (VIOLATED)
fanout535/X                             0.750000    1.096469   -0.346469 (VIOLATED)
_15820_/B                               0.750000    1.095749   -0.345749 (VIOLATED)
_15819_/X                               0.750000    1.095304   -0.345304 (VIOLATED)
_16413_/A2                              0.750000    1.094441   -0.344441 (VIOLATED)
_16060_/A1                              0.750000    1.094440   -0.344440 (VIOLATED)
_17217_/B2                              0.750000    1.094439   -0.344439 (VIOLATED)
_16865_/A2                              0.750000    1.094433   -0.344433 (VIOLATED)
_16377_/A                               0.750000    1.094432   -0.344432 (VIOLATED)
_16555_/A                               0.750000    1.094432   -0.344432 (VIOLATED)
_16560_/A2                              0.750000    1.094432   -0.344432 (VIOLATED)
_16576_/A3                              0.750000    1.094432   -0.344432 (VIOLATED)
_16577_/A1                              0.750000    1.094432   -0.344432 (VIOLATED)
_17212_/A1                              0.750000    1.094432   -0.344432 (VIOLATED)
fanout407/X                             0.750000    1.094432   -0.344432 (VIOLATED)
_11679_/A1                              0.750000    1.093718   -0.343718 (VIOLATED)
_11560_/B                               0.750000    1.093717   -0.343717 (VIOLATED)
_11652_/A2                              0.750000    1.093717   -0.343717 (VIOLATED)
_11428_/A3                              0.750000    1.093715   -0.343715 (VIOLATED)
_11504_/B                               0.750000    1.093715   -0.343715 (VIOLATED)
_11505_/A2                              0.750000    1.093715   -0.343715 (VIOLATED)
_11567_/A2                              0.750000    1.093715   -0.343715 (VIOLATED)
_11719_/A2                              0.750000    1.093715   -0.343715 (VIOLATED)
_11760_/C                               0.750000    1.093715   -0.343715 (VIOLATED)
_11774_/A2                              0.750000    1.093715   -0.343715 (VIOLATED)
fanout511/X                             0.750000    1.093715   -0.343715 (VIOLATED)
_18311_/A1                              0.750000    1.092815   -0.342815 (VIOLATED)
_18171_/B1                              0.750000    1.092811   -0.342811 (VIOLATED)
_11077_/C1                              0.750000    1.092687   -0.342687 (VIOLATED)
_11096_/C1                              0.750000    1.092683   -0.342683 (VIOLATED)
fanout1680/A                            0.750000    1.092675   -0.342675 (VIOLATED)
_10298_/A1                              0.750000    1.092667   -0.342667 (VIOLATED)
_10278_/B1                              0.750000    1.092667   -0.342667 (VIOLATED)
_09371_/A                               0.750000    1.092665   -0.342665 (VIOLATED)
_09975_/B1                              0.750000    1.092665   -0.342665 (VIOLATED)
_10778_/C1                              0.750000    1.092665   -0.342665 (VIOLATED)
_11250_/S                               0.750000    1.092665   -0.342665 (VIOLATED)
fanout1681/X                            0.750000    1.092665   -0.342665 (VIOLATED)
_14394_/B                               0.750000    1.091696   -0.341696 (VIOLATED)
_14405_/B                               0.750000    1.091695   -0.341695 (VIOLATED)
_14385_/B                               0.750000    1.091695   -0.341695 (VIOLATED)
_14415_/C_N                             0.750000    1.091695   -0.341695 (VIOLATED)
_14406_/A                               0.750000    1.091694   -0.341694 (VIOLATED)
_14398_/B2                              0.750000    1.091689   -0.341689 (VIOLATED)
_14417_/B                               0.750000    1.091687   -0.341687 (VIOLATED)
_14465_/A_N                             0.750000    1.091687   -0.341687 (VIOLATED)
_14741_/A                               0.750000    1.091687   -0.341687 (VIOLATED)
fanout1349/A                            0.750000    1.091687   -0.341687 (VIOLATED)
fanout1350/X                            0.750000    1.091687   -0.341687 (VIOLATED)
_16163_/C1                              0.750000    1.091428   -0.341428 (VIOLATED)
_17179_/A1                              0.750000    1.091425   -0.341425 (VIOLATED)
_17194_/C1                              0.750000    1.091423   -0.341423 (VIOLATED)
_17072_/S1                              0.750000    1.091416   -0.341416 (VIOLATED)
_16508_/B1                              0.750000    1.091395   -0.341395 (VIOLATED)
_17000_/B1                              0.750000    1.091382   -0.341382 (VIOLATED)
_16177_/B1                              0.750000    1.091355   -0.341355 (VIOLATED)
_16705_/C1                              0.750000    1.091347   -0.341347 (VIOLATED)
_16203_/A1                              0.750000    1.091345   -0.341345 (VIOLATED)
fanout1583/A                            0.750000    1.091052   -0.341052 (VIOLATED)
fanout1584/X                            0.750000    1.091052   -0.341052 (VIOLATED)
_10848_/A1                              0.750000    1.090080   -0.340080 (VIOLATED)
_11146_/C1                              0.750000    1.090078   -0.340078 (VIOLATED)
_10680_/S1                              0.750000    1.090069   -0.340069 (VIOLATED)
_10251_/S0                              0.750000    1.090067   -0.340067 (VIOLATED)
_10453_/A1                              0.750000    1.090067   -0.340067 (VIOLATED)
_10454_/C1                              0.750000    1.090067   -0.340067 (VIOLATED)
_10472_/C1                              0.750000    1.090067   -0.340067 (VIOLATED)
_10675_/A                               0.750000    1.090067   -0.340067 (VIOLATED)
_10998_/B1                              0.750000    1.090067   -0.340067 (VIOLATED)
_11144_/A1                              0.750000    1.090067   -0.340067 (VIOLATED)
fanout805/X                             0.750000    1.090067   -0.340067 (VIOLATED)
_16354_/A                               0.750000    1.089952   -0.339952 (VIOLATED)
_16667_/S1                              0.750000    1.089952   -0.339952 (VIOLATED)
_16843_/A1                              0.750000    1.089949   -0.339949 (VIOLATED)
_16338_/C1                              0.750000    1.089946   -0.339946 (VIOLATED)
_16655_/B2                              0.750000    1.089946   -0.339946 (VIOLATED)
_16662_/B1                              0.750000    1.089946   -0.339946 (VIOLATED)
_16913_/B1                              0.750000    1.089946   -0.339946 (VIOLATED)
_16935_/B1                              0.750000    1.089946   -0.339946 (VIOLATED)
_17130_/A1                              0.750000    1.089946   -0.339946 (VIOLATED)
_17251_/A1                              0.750000    1.089946   -0.339946 (VIOLATED)
fanout667/X                             0.750000    1.089946   -0.339946 (VIOLATED)
fanout1657/A                            0.750000    1.089352   -0.339352 (VIOLATED)
fanout1653/A                            0.750000    1.089345   -0.339345 (VIOLATED)
fanout1651/A                            0.750000    1.089310   -0.339310 (VIOLATED)
_17586_/A0                              0.750000    1.089187   -0.339187 (VIOLATED)
_18897_/Q                               0.750000    1.089187   -0.339187 (VIOLATED)
_18170_/X                               0.750000    1.088788   -0.338788 (VIOLATED)
_14605_/A2                              0.750000    1.088144   -0.338144 (VIOLATED)
_14616_/A_N                             0.750000    1.088143   -0.338144 (VIOLATED)
_15466_/A                               0.750000    1.088144   -0.338144 (VIOLATED)
_15073_/A1                              0.750000    1.088142   -0.338142 (VIOLATED)
_14630_/B                               0.750000    1.088140   -0.338140 (VIOLATED)
_14634_/B                               0.750000    1.088138   -0.338139 (VIOLATED)
_14643_/B                               0.750000    1.088138   -0.338138 (VIOLATED)
_14644_/A_N                             0.750000    1.088135   -0.338135 (VIOLATED)
_14622_/B                               0.750000    1.088132   -0.338132 (VIOLATED)
_14633_/B                               0.750000    1.088132   -0.338132 (VIOLATED)
fanout1569/X                            0.750000    1.088132   -0.338132 (VIOLATED)
_16540_/A1                              0.750000    1.086972   -0.336972 (VIOLATED)
_16348_/B                               0.750000    1.086971   -0.336971 (VIOLATED)
_16519_/D                               0.750000    1.086956   -0.336956 (VIOLATED)
_16836_/C                               0.750000    1.086955   -0.336955 (VIOLATED)
_16321_/B                               0.750000    1.086951   -0.336951 (VIOLATED)
_16654_/A1                              0.750000    1.086951   -0.336951 (VIOLATED)
_16931_/A2                              0.750000    1.086951   -0.336951 (VIOLATED)
_17109_/B1                              0.750000    1.086951   -0.336951 (VIOLATED)
_17114_/A2_N                            0.750000    1.086951   -0.336951 (VIOLATED)
_17128_/A2                              0.750000    1.086951   -0.336951 (VIOLATED)
fanout380/X                             0.750000    1.086951   -0.336951 (VIOLATED)
_15182_/C1                              0.750000    1.086862   -0.336862 (VIOLATED)
_15187_/C1                              0.750000    1.086861   -0.336861 (VIOLATED)
_15114_/C1                              0.750000    1.086860   -0.336860 (VIOLATED)
_15116_/A                               0.750000    1.086860   -0.336860 (VIOLATED)
_15136_/A1                              0.750000    1.086860   -0.336860 (VIOLATED)
_15384_/B1                              0.750000    1.086860   -0.336860 (VIOLATED)
_15391_/B2                              0.750000    1.086860   -0.336860 (VIOLATED)
_15687_/C1                              0.750000    1.086860   -0.336860 (VIOLATED)
_15688_/A1                              0.750000    1.086860   -0.336860 (VIOLATED)
fanout691/A                             0.750000    1.086860   -0.336860 (VIOLATED)
fanout692/X                             0.750000    1.086860   -0.336860 (VIOLATED)
_12523_/A1                              0.750000    1.086859   -0.336859 (VIOLATED)
_12388_/B                               0.750000    1.086856   -0.336856 (VIOLATED)
_12428_/A                               0.750000    1.086855   -0.336855 (VIOLATED)
_12363_/A                               0.750000    1.086852   -0.336852 (VIOLATED)
_12563_/A2                              0.750000    1.086846   -0.336846 (VIOLATED)
_12403_/A3                              0.750000    1.086840   -0.336840 (VIOLATED)
_12513_/A1                              0.750000    1.086836   -0.336836 (VIOLATED)
_12482_/A1                              0.750000    1.086825   -0.336825 (VIOLATED)
_12301_/A3                              0.750000    1.086820   -0.336820 (VIOLATED)
_12480_/A1                              0.750000    1.086821   -0.336821 (VIOLATED)
fanout489/X                             0.750000    1.086820   -0.336820 (VIOLATED)
_11561_/A1                              0.750000    1.080381   -0.330381 (VIOLATED)
_11480_/A2                              0.750000    1.080378   -0.330378 (VIOLATED)
_11446_/A                               0.750000    1.080375   -0.330375 (VIOLATED)
_11656_/A2                              0.750000    1.080360   -0.330360 (VIOLATED)
_11445_/B                               0.750000    1.080351   -0.330351 (VIOLATED)
_11720_/A1                              0.750000    1.080346   -0.330346 (VIOLATED)
_11357_/D1                              0.750000    1.080343   -0.330343 (VIOLATED)
_10728_/B                               0.750000    1.080342   -0.330342 (VIOLATED)
_10077_/C1                              0.750000    1.080342   -0.330342 (VIOLATED)
_10106_/B1                              0.750000    1.080342   -0.330342 (VIOLATED)
_10141_/A1                              0.750000    1.080342   -0.330342 (VIOLATED)
_10627_/A                               0.750000    1.080342   -0.330342 (VIOLATED)
_10631_/C1                              0.750000    1.080342   -0.330342 (VIOLATED)
_10635_/A1                              0.750000    1.080342   -0.330342 (VIOLATED)
_10724_/A1                              0.750000    1.080342   -0.330342 (VIOLATED)
_11269_/C1                              0.750000    1.080342   -0.330342 (VIOLATED)
fanout811/X                             0.750000    1.080342   -0.330342 (VIOLATED)
_11497_/C                               0.750000    1.080341   -0.330341 (VIOLATED)
_11502_/A2                              0.750000    1.080341   -0.330341 (VIOLATED)
_11505_/A3                              0.750000    1.080341   -0.330341 (VIOLATED)
_11760_/D                               0.750000    1.080341   -0.330341 (VIOLATED)
fanout510/X                             0.750000    1.080341   -0.330341 (VIOLATED)
_16662_/A2                              0.750000    1.079231   -0.329231 (VIOLATED)
_16927_/A3                              0.750000    1.079229   -0.329229 (VIOLATED)
_16651_/B1                              0.750000    1.078924   -0.328924 (VIOLATED)
_16661_/A3                              0.750000    1.078923   -0.328923 (VIOLATED)
_17114_/B1                              0.750000    1.078920   -0.328920 (VIOLATED)
_16532_/C                               0.750000    1.078918   -0.328918 (VIOLATED)
_16326_/B                               0.750000    1.078911   -0.328911 (VIOLATED)
_16530_/C                               0.750000    1.078879   -0.328879 (VIOLATED)
_16356_/B                               0.750000    1.078876   -0.328876 (VIOLATED)
_16632_/B2                              0.750000    1.078876   -0.328876 (VIOLATED)
fanout377/X                             0.750000    1.078876   -0.328876 (VIOLATED)
_17065_/B1                              0.750000    1.077063   -0.327063 (VIOLATED)
_17058_/A2                              0.750000    1.077060   -0.327060 (VIOLATED)
_16173_/C                               0.750000    1.077058   -0.327058 (VIOLATED)
_16198_/A1                              0.750000    1.077056   -0.327056 (VIOLATED)
_16500_/B                               0.750000    1.077052   -0.327052 (VIOLATED)
_16133_/A1                              0.750000    1.077051   -0.327051 (VIOLATED)
_16482_/A1                              0.750000    1.077051   -0.327051 (VIOLATED)
_16489_/B                               0.750000    1.077051   -0.327051 (VIOLATED)
_16498_/A2                              0.750000    1.077051   -0.327051 (VIOLATED)
_16505_/B                               0.750000    1.077051   -0.327051 (VIOLATED)
fanout396/X                             0.750000    1.077051   -0.327051 (VIOLATED)
_15740_/B                               0.750000    1.076355   -0.326355 (VIOLATED)
_15739_/Y                               0.750000    1.076292   -0.326292 (VIOLATED)
_14131_/A2                              0.750000    1.074181   -0.324181 (VIOLATED)
_14130_/Y                               0.750000    1.074026   -0.324026 (VIOLATED)
_14461_/A                               0.750000    1.073212   -0.323212 (VIOLATED)
_14739_/A1                              0.750000    1.073212   -0.323212 (VIOLATED)
_14466_/A                               0.750000    1.073210   -0.323210 (VIOLATED)
_14722_/A2                              0.750000    1.073209   -0.323209 (VIOLATED)
_14718_/A                               0.750000    1.073204   -0.323204 (VIOLATED)
_14390_/A2                              0.750000    1.073202   -0.323202 (VIOLATED)
_14749_/A                               0.750000    1.073197   -0.323197 (VIOLATED)
_14933_/C1                              0.750000    1.073196   -0.323196 (VIOLATED)
_15254_/A                               0.750000    1.073191   -0.323191 (VIOLATED)
fanout710/A                             0.750000    1.073189   -0.323189 (VIOLATED)
fanout711/X                             0.750000    1.073189   -0.323189 (VIOLATED)
_13183_/B                               0.750000    1.072593   -0.322593 (VIOLATED)
_13184_/B                               0.750000    1.072593   -0.322593 (VIOLATED)
_13424_/A3                              0.750000    1.072588   -0.322588 (VIOLATED)
_13206_/C                               0.750000    1.072578   -0.322578 (VIOLATED)
_13281_/C                               0.750000    1.072576   -0.322576 (VIOLATED)
_13288_/A1_N                            0.750000    1.072562   -0.322562 (VIOLATED)
_13095_/B                               0.750000    1.072545   -0.322545 (VIOLATED)
_13103_/A1                              0.750000    1.072540   -0.322540 (VIOLATED)
_13131_/B1                              0.750000    1.072534   -0.322534 (VIOLATED)
_13203_/C                               0.750000    1.072534   -0.322534 (VIOLATED)
fanout460/X                             0.750000    1.072534   -0.322534 (VIOLATED)
_15266_/B1                              0.750000    1.072238   -0.322238 (VIOLATED)
_15252_/S0                              0.750000    1.072237   -0.322237 (VIOLATED)
_14937_/A1                              0.750000    1.072236   -0.322236 (VIOLATED)
_14761_/B1                              0.750000    1.072233   -0.322233 (VIOLATED)
_14764_/A1                              0.750000    1.072233   -0.322233 (VIOLATED)
_14905_/B1                              0.750000    1.072233   -0.322233 (VIOLATED)
_14910_/A1                              0.750000    1.072233   -0.322233 (VIOLATED)
_14913_/B1                              0.750000    1.072233   -0.322233 (VIOLATED)
_14914_/A1                              0.750000    1.072233   -0.322233 (VIOLATED)
_15588_/S0                              0.750000    1.072233   -0.322233 (VIOLATED)
fanout1301/X                            0.750000    1.072233   -0.322233 (VIOLATED)
ANTENNA_29/DIODE                        0.750000    1.071962   -0.321962 (VIOLATED)
ANTENNA_32/DIODE                        0.750000    1.071962   -0.321962 (VIOLATED)
ANTENNA_25/DIODE                        0.750000    1.071962   -0.321962 (VIOLATED)
ANTENNA_27/DIODE                        0.750000    1.071962   -0.321962 (VIOLATED)
_17845_/A1                              0.750000    1.071962   -0.321962 (VIOLATED)
ANTENNA_24/DIODE                        0.750000    1.071960   -0.321960 (VIOLATED)
ANTENNA_26/DIODE                        0.750000    1.071960   -0.321960 (VIOLATED)
ANTENNA_28/DIODE                        0.750000    1.071959   -0.321960 (VIOLATED)
ANTENNA_30/DIODE                        0.750000    1.071959   -0.321959 (VIOLATED)
ANTENNA_31/DIODE                        0.750000    1.071958   -0.321958 (VIOLATED)
_09686_/A                               0.750000    1.071428   -0.321428 (VIOLATED)
_09761_/A1                              0.750000    1.071428   -0.321428 (VIOLATED)
_09643_/B                               0.750000    1.071423   -0.321423 (VIOLATED)
_09639_/B                               0.750000    1.071419   -0.321419 (VIOLATED)
_09702_/B                               0.750000    1.071418   -0.321418 (VIOLATED)
_10421_/A1                              0.750000    1.071417   -0.321417 (VIOLATED)
_09623_/A                               0.750000    1.071416   -0.321416 (VIOLATED)
_09630_/A_N                             0.750000    1.071416   -0.321416 (VIOLATED)
_09631_/A_N                             0.750000    1.071416   -0.321416 (VIOLATED)
_09703_/A1                              0.750000    1.071416   -0.321416 (VIOLATED)
fanout1674/X                            0.750000    1.071416   -0.321416 (VIOLATED)
_17844_/X                               0.750000    1.071319   -0.321319 (VIOLATED)
_14799_/B                               0.750000    1.067292   -0.317292 (VIOLATED)
_14810_/A2                              0.750000    1.067292   -0.317292 (VIOLATED)
_14270_/B                               0.750000    1.067291   -0.317291 (VIOLATED)
_14299_/A2                              0.750000    1.067291   -0.317291 (VIOLATED)
_14803_/A2                              0.750000    1.067291   -0.317291 (VIOLATED)
_14955_/B1                              0.750000    1.067291   -0.317291 (VIOLATED)
_14966_/A                               0.750000    1.067291   -0.317291 (VIOLATED)
_14973_/A2                              0.750000    1.067291   -0.317291 (VIOLATED)
_15149_/A1                              0.750000    1.067291   -0.317291 (VIOLATED)
_15412_/A2                              0.750000    1.067291   -0.317291 (VIOLATED)
fanout458/X                             0.750000    1.067291   -0.317291 (VIOLATED)
_16768_/A2                              0.750000    1.066284   -0.316284 (VIOLATED)
_15917_/A1                              0.750000    1.066277   -0.316277 (VIOLATED)
_16606_/A1                              0.750000    1.066263   -0.316263 (VIOLATED)
_16882_/B                               0.750000    1.066238   -0.316238 (VIOLATED)
_16459_/C                               0.750000    1.066233   -0.316233 (VIOLATED)
_16207_/B                               0.750000    1.066230   -0.316230 (VIOLATED)
_16246_/B                               0.750000    1.066227   -0.316227 (VIOLATED)
_16592_/A1                              0.750000    1.066227   -0.316227 (VIOLATED)
_16593_/C                               0.750000    1.066227   -0.316227 (VIOLATED)
_16623_/A1                              0.750000    1.066227   -0.316227 (VIOLATED)
fanout418/X                             0.750000    1.066227   -0.316227 (VIOLATED)
ANTENNA_256/DIODE                       0.750000    1.065013   -0.315013 (VIOLATED)
ANTENNA_258/DIODE                       0.750000    1.065013   -0.315013 (VIOLATED)
_17500_/A1                              0.750000    1.065012   -0.315012 (VIOLATED)
ANTENNA_255/DIODE                       0.750000    1.065011   -0.315011 (VIOLATED)
ANTENNA_257/DIODE                       0.750000    1.065010   -0.315010 (VIOLATED)
ANTENNA_259/DIODE                       0.750000    1.065010   -0.315010 (VIOLATED)
_17499_/X                               0.750000    1.064990   -0.314990 (VIOLATED)
_14821_/B                               0.750000    1.064829   -0.314829 (VIOLATED)
_14820_/X                               0.750000    1.064728   -0.314728 (VIOLATED)
_16748_/B                               0.750000    1.063782   -0.313782 (VIOLATED)
_16747_/X                               0.750000    1.063612   -0.313612 (VIOLATED)
_10600_/B1                              0.750000    1.061609   -0.311609 (VIOLATED)
_10601_/B1                              0.750000    1.061609   -0.311609 (VIOLATED)
_10366_/A1                              0.750000    1.061604   -0.311604 (VIOLATED)
_09378_/A                               0.750000    1.061598   -0.311598 (VIOLATED)
_11340_/A1                              0.750000    1.061590   -0.311590 (VIOLATED)
_11341_/A1                              0.750000    1.061588   -0.311588 (VIOLATED)
_11321_/C1                              0.750000    1.061565   -0.311565 (VIOLATED)
_18338_/B1                              0.750000    1.061564   -0.311564 (VIOLATED)
_18346_/B1                              0.750000    1.061564   -0.311564 (VIOLATED)
_18404_/B1                              0.750000    1.061557   -0.311557 (VIOLATED)
fanout240/A                             0.750000    1.061557   -0.311557 (VIOLATED)
_18377_/B1                              0.750000    1.061555   -0.311555 (VIOLATED)
fanout242/A                             0.750000    1.061555   -0.311555 (VIOLATED)
fanout243/X                             0.750000    1.061555   -0.311555 (VIOLATED)
_11046_/C1                              0.750000    1.061262   -0.311262 (VIOLATED)
_11053_/A1                              0.750000    1.061258   -0.311258 (VIOLATED)
_09837_/B1                              0.750000    1.061246   -0.311246 (VIOLATED)
fanout1161/X                            0.750000    1.061246   -0.311246 (VIOLATED)
_12643_/B1                              0.750000    1.059681   -0.309681 (VIOLATED)
_12644_/A1_N                            0.750000    1.059681   -0.309681 (VIOLATED)
_12566_/A                               0.750000    1.059675   -0.309675 (VIOLATED)
_12375_/A1                              0.750000    1.059675   -0.309675 (VIOLATED)
_12401_/B1                              0.750000    1.059675   -0.309675 (VIOLATED)
_12468_/B1                              0.750000    1.059675   -0.309675 (VIOLATED)
_12569_/A1                              0.750000    1.059675   -0.309675 (VIOLATED)
_12680_/S1                              0.750000    1.059675   -0.309675 (VIOLATED)
fanout959/A                             0.750000    1.059675   -0.309675 (VIOLATED)
fanout960/X                             0.750000    1.059675   -0.309675 (VIOLATED)
_14546_/B1                              0.750000    1.058441   -0.308441 (VIOLATED)
_14899_/B1                              0.750000    1.058439   -0.308439 (VIOLATED)
_14901_/B1                              0.750000    1.058438   -0.308438 (VIOLATED)
_14591_/B1                              0.750000    1.058437   -0.308437 (VIOLATED)
_15381_/C1                              0.750000    1.058437   -0.308437 (VIOLATED)
_15374_/B1                              0.750000    1.058436   -0.308436 (VIOLATED)
_09460_/A                               0.750000    1.058435   -0.308435 (VIOLATED)
_14555_/S                               0.750000    1.058435   -0.308435 (VIOLATED)
_14563_/A1                              0.750000    1.058435   -0.308435 (VIOLATED)
_14586_/B1                              0.750000    1.058435   -0.308435 (VIOLATED)
fanout1774/X                            0.750000    1.058435   -0.308435 (VIOLATED)
_10489_/C1                              0.750000    1.057642   -0.307642 (VIOLATED)
_10504_/A1                              0.750000    1.057642   -0.307642 (VIOLATED)
_10512_/A1                              0.750000    1.057642   -0.307642 (VIOLATED)
_10518_/C1                              0.750000    1.057642   -0.307642 (VIOLATED)
_10695_/C1                              0.750000    1.057642   -0.307642 (VIOLATED)
_10706_/C1                              0.750000    1.057642   -0.307642 (VIOLATED)
_10712_/C1                              0.750000    1.057642   -0.307642 (VIOLATED)
_10869_/A                               0.750000    1.057642   -0.307642 (VIOLATED)
_10870_/A1                              0.750000    1.057642   -0.307642 (VIOLATED)
_11038_/A1                              0.750000    1.057642   -0.307642 (VIOLATED)
fanout1629/X                            0.750000    1.057642   -0.307642 (VIOLATED)
_14447_/A                               0.750000    1.057550   -0.307550 (VIOLATED)
_14454_/A                               0.750000    1.057550   -0.307550 (VIOLATED)
_15577_/A1                              0.750000    1.057541   -0.307541 (VIOLATED)
fanout1342/A                            0.750000    1.057537   -0.307537 (VIOLATED)
_14432_/A1                              0.750000    1.057515   -0.307515 (VIOLATED)
_14448_/A                               0.750000    1.057511   -0.307511 (VIOLATED)
_14415_/A                               0.750000    1.057505   -0.307505 (VIOLATED)
_14930_/A1                              0.750000    1.057500   -0.307500 (VIOLATED)
_14933_/A1                              0.750000    1.057500   -0.307500 (VIOLATED)
_15317_/A1                              0.750000    1.057500   -0.307500 (VIOLATED)
fanout1343/X                            0.750000    1.057500   -0.307500 (VIOLATED)
_17231_/C1                              0.750000    1.054551   -0.304551 (VIOLATED)
_16543_/C1                              0.750000    1.054550   -0.304550 (VIOLATED)
_17121_/C1                              0.750000    1.054550   -0.304550 (VIOLATED)
_17244_/C1                              0.750000    1.054550   -0.304550 (VIOLATED)
_16535_/A1                              0.750000    1.054550   -0.304550 (VIOLATED)
_17123_/C1                              0.750000    1.054550   -0.304550 (VIOLATED)
_09482_/A                               0.750000    1.054549   -0.304549 (VIOLATED)
_16666_/S                               0.750000    1.054549   -0.304549 (VIOLATED)
_17129_/A1                              0.750000    1.054549   -0.304549 (VIOLATED)
_17742_/A0                              0.750000    1.054549   -0.304549 (VIOLATED)
fanout1354/X                            0.750000    1.054549   -0.304549 (VIOLATED)
_14427_/B1                              0.750000    1.054495   -0.304495 (VIOLATED)
_14481_/C1                              0.750000    1.054485   -0.304485 (VIOLATED)
_14470_/A1                              0.750000    1.054481   -0.304481 (VIOLATED)
_14462_/C1                              0.750000    1.054479   -0.304479 (VIOLATED)
_14451_/A1                              0.750000    1.054472   -0.304472 (VIOLATED)
_15023_/B1                              0.750000    1.054454   -0.304454 (VIOLATED)
_15584_/D1                              0.750000    1.054441   -0.304441 (VIOLATED)
_15582_/S                               0.750000    1.054439   -0.304439 (VIOLATED)
_14763_/C1                              0.750000    1.054414   -0.304414 (VIOLATED)
_14759_/C1                              0.750000    1.054412   -0.304412 (VIOLATED)
fanout1296/X                            0.750000    1.054412   -0.304412 (VIOLATED)
_09808_/A                               0.750000    1.053116   -0.303116 (VIOLATED)
_09803_/A                               0.750000    1.053110   -0.303110 (VIOLATED)
_09802_/A                               0.750000    1.053109   -0.303109 (VIOLATED)
_09781_/A                               0.750000    1.053106   -0.303106 (VIOLATED)
_11062_/A1                              0.750000    1.053100   -0.303101 (VIOLATED)
_09831_/A2                              0.750000    1.053098   -0.303098 (VIOLATED)
_10784_/A1                              0.750000    1.053096   -0.303096 (VIOLATED)
_10575_/A                               0.750000    1.053095   -0.303095 (VIOLATED)
_10571_/A1                              0.750000    1.053094   -0.303094 (VIOLATED)
fanout1197/A                            0.750000    1.053094   -0.303094 (VIOLATED)
fanout1198/X                            0.750000    1.053094   -0.303094 (VIOLATED)
_12574_/B                               0.750000    1.051207   -0.301207 (VIOLATED)
_17931_/A2                              0.750000    1.051195   -0.301195 (VIOLATED)
_12573_/Y                               0.750000    1.051104   -0.301104 (VIOLATED)
_14029_/B1                              0.750000    1.050287   -0.300287 (VIOLATED)
_13694_/A1                              0.750000    1.050281   -0.300281 (VIOLATED)
_13444_/A2                              0.750000    1.050279   -0.300279 (VIOLATED)
_14591_/A2                              0.750000    1.050278   -0.300278 (VIOLATED)
_14513_/B                               0.750000    1.050277   -0.300277 (VIOLATED)
_14574_/A2                              0.750000    1.050278   -0.300278 (VIOLATED)
_15373_/A_N                             0.750000    1.050277   -0.300277 (VIOLATED)
_15379_/C                               0.750000    1.050277   -0.300277 (VIOLATED)
_14581_/C                               0.750000    1.050275   -0.300275 (VIOLATED)
_13122_/B                               0.750000    1.050275   -0.300275 (VIOLATED)
_14580_/B                               0.750000    1.050272   -0.300272 (VIOLATED)
_14872_/A2                              0.750000    1.050268   -0.300268 (VIOLATED)
_14539_/B                               0.750000    1.050267   -0.300267 (VIOLATED)
_14542_/A2                              0.750000    1.050267   -0.300267 (VIOLATED)
fanout436/X                             0.750000    1.050267   -0.300267 (VIOLATED)
_13433_/A                               0.750000    1.050260   -0.300260 (VIOLATED)
_13123_/A2                              0.750000    1.050243   -0.300243 (VIOLATED)
_13119_/A1                              0.750000    1.050210   -0.300210 (VIOLATED)
_14019_/A1                              0.750000    1.050201   -0.300201 (VIOLATED)
_13144_/A3                              0.750000    1.049872   -0.299872 (VIOLATED)
_13843_/A3                              0.750000    1.049872   -0.299872 (VIOLATED)
fanout464/X                             0.750000    1.049872   -0.299872 (VIOLATED)
_10732_/B1                              0.750000    1.048362   -0.298362 (VIOLATED)
_10316_/C                               0.750000    1.048360   -0.298360 (VIOLATED)
_10323_/A                               0.750000    1.048357   -0.298357 (VIOLATED)
_10955_/A2                              0.750000    1.048357   -0.298357 (VIOLATED)
_10314_/A0                              0.750000    1.048355   -0.298355 (VIOLATED)
_10123_/B                               0.750000    1.048348   -0.298348 (VIOLATED)
_10121_/A                               0.750000    1.048344   -0.298344 (VIOLATED)
_10603_/B2                              0.750000    1.048344   -0.298344 (VIOLATED)
_11256_/A2                              0.750000    1.048344   -0.298344 (VIOLATED)
_11361_/A1                              0.750000    1.048344   -0.298344 (VIOLATED)
fanout526/X                             0.750000    1.048344   -0.298344 (VIOLATED)
_16973_/B1                              0.750000    1.047902   -0.297902 (VIOLATED)
_16497_/A                               0.750000    1.047900   -0.297900 (VIOLATED)
_16173_/A                               0.750000    1.047897   -0.297897 (VIOLATED)
_16479_/A                               0.750000    1.047897   -0.297897 (VIOLATED)
_16500_/A                               0.750000    1.047897   -0.297897 (VIOLATED)
_16504_/A1                              0.750000    1.047898   -0.297898 (VIOLATED)
_16688_/A                               0.750000    1.047897   -0.297897 (VIOLATED)
_16799_/A                               0.750000    1.047897   -0.297897 (VIOLATED)
_16986_/A1                              0.750000    1.047897   -0.297897 (VIOLATED)
_17044_/A1                              0.750000    1.047897   -0.297897 (VIOLATED)
fanout649/X                             0.750000    1.047897   -0.297897 (VIOLATED)
_17138_/B                               0.750000    1.047731   -0.297731 (VIOLATED)
ANTENNA_10/DIODE                        0.750000    1.047478   -0.297478 (VIOLATED)
ANTENNA_11/DIODE                        0.750000    1.047478   -0.297478 (VIOLATED)
ANTENNA_12/DIODE                        0.750000    1.047478   -0.297478 (VIOLATED)
ANTENNA_13/DIODE                        0.750000    1.047478   -0.297478 (VIOLATED)
ANTENNA_14/DIODE                        0.750000    1.047478   -0.297478 (VIOLATED)
_17795_/A1                              0.750000    1.047478   -0.297478 (VIOLATED)
_17794_/X                               0.750000    1.047470   -0.297471 (VIOLATED)
_13070_/A_N                             0.750000    1.047362   -0.297362 (VIOLATED)
_13081_/B                               0.750000    1.047362   -0.297362 (VIOLATED)
_13091_/A                               0.750000    1.047362   -0.297362 (VIOLATED)
_13111_/B                               0.750000    1.047362   -0.297362 (VIOLATED)
_13116_/C_N                             0.750000    1.047362   -0.297362 (VIOLATED)
_13145_/A1                              0.750000    1.047362   -0.297362 (VIOLATED)
_13163_/A1                              0.750000    1.047362   -0.297362 (VIOLATED)
_13178_/A2                              0.750000    1.047362   -0.297362 (VIOLATED)
_13193_/C                               0.750000    1.047362   -0.297362 (VIOLATED)
fanout1519/A                            0.750000    1.047362   -0.297362 (VIOLATED)
fanout1520/X                            0.750000    1.047362   -0.297362 (VIOLATED)
_18270_/B2                              0.750000    1.046198   -0.296198 (VIOLATED)
_18274_/B2                              0.750000    1.046130   -0.296130 (VIOLATED)
_18278_/B2                              0.750000    1.046114   -0.296114 (VIOLATED)
_18282_/B2                              0.750000    1.046113   -0.296113 (VIOLATED)
_18276_/B2                              0.750000    1.046097   -0.296097 (VIOLATED)
_18272_/B2                              0.750000    1.046089   -0.296089 (VIOLATED)
_18284_/B2                              0.750000    1.046026   -0.296027 (VIOLATED)
_18280_/B2                              0.750000    1.046009   -0.296009 (VIOLATED)
_11455_/A                               0.750000    1.045900   -0.295900 (VIOLATED)
_11565_/A1                              0.750000    1.045898   -0.295898 (VIOLATED)
_09390_/A                               0.750000    1.045897   -0.295897 (VIOLATED)
_11458_/A                               0.750000    1.045897   -0.295897 (VIOLATED)
_11462_/A                               0.750000    1.045897   -0.295897 (VIOLATED)
_11466_/A                               0.750000    1.045897   -0.295897 (VIOLATED)
_11590_/C                               0.750000    1.045897   -0.295897 (VIOLATED)
_11690_/A1                              0.750000    1.045897   -0.295897 (VIOLATED)
fanout1101/A                            0.750000    1.045897   -0.295897 (VIOLATED)
fanout1102/X                            0.750000    1.045897   -0.295897 (VIOLATED)
_17137_/X                               0.750000    1.045699   -0.295699 (VIOLATED)
fanout862/A                             0.750000    1.045336   -0.295336 (VIOLATED)
_18609_/A1_N                            0.750000    1.045332   -0.295332 (VIOLATED)
_18621_/A1_N                            0.750000    1.045325   -0.295325 (VIOLATED)
_18545_/A1_N                            0.750000    1.045316   -0.295316 (VIOLATED)
_18589_/A1_N                            0.750000    1.045310   -0.295310 (VIOLATED)
_18605_/A1_N                            0.750000    1.045304   -0.295304 (VIOLATED)
_18561_/A1_N                            0.750000    1.045304   -0.295304 (VIOLATED)
_18577_/A1_N                            0.750000    1.045302   -0.295302 (VIOLATED)
_18625_/A1_N                            0.750000    1.045302   -0.295302 (VIOLATED)
_18172_/B                               0.750000    1.045299   -0.295299 (VIOLATED)
_16172_/B                               0.750000    1.045297   -0.295297 (VIOLATED)
_16134_/B                               0.750000    1.045296   -0.295296 (VIOLATED)
_16116_/B                               0.750000    1.045293   -0.295293 (VIOLATED)
fanout861/A                             0.750000    1.045291   -0.295291 (VIOLATED)
fanout863/X                             0.750000    1.045291   -0.295291 (VIOLATED)
_16110_/B                               0.750000    1.045290   -0.295290 (VIOLATED)
_17601_/A0                              0.750000    1.045288   -0.295288 (VIOLATED)
fanout1624/A                            0.750000    1.045288   -0.295288 (VIOLATED)
fanout1625/X                            0.750000    1.045288   -0.295288 (VIOLATED)
_18154_/X                               0.750000    1.045281   -0.295281 (VIOLATED)
ANTENNA_18/DIODE                        0.750000    1.044821   -0.294821 (VIOLATED)
ANTENNA_19/DIODE                        0.750000    1.044821   -0.294821 (VIOLATED)
ANTENNA_20/DIODE                        0.750000    1.044821   -0.294821 (VIOLATED)
ANTENNA_21/DIODE                        0.750000    1.044821   -0.294821 (VIOLATED)
ANTENNA_22/DIODE                        0.750000    1.044821   -0.294821 (VIOLATED)
_17832_/A1                              0.750000    1.044821   -0.294821 (VIOLATED)
ANTENNA_17/DIODE                        0.750000    1.044819   -0.294819 (VIOLATED)
ANTENNA_23/DIODE                        0.750000    1.044818   -0.294818 (VIOLATED)
_17831_/X                               0.750000    1.044790   -0.294790 (VIOLATED)
_15675_/A1                              0.750000    1.043157   -0.293157 (VIOLATED)
_14672_/B1                              0.750000    1.043155   -0.293155 (VIOLATED)
_15471_/A1                              0.750000    1.043154   -0.293154 (VIOLATED)
_15478_/B1                              0.750000    1.043148   -0.293148 (VIOLATED)
_15486_/A                               0.750000    1.043147   -0.293147 (VIOLATED)
_14710_/A                               0.750000    1.043131   -0.293131 (VIOLATED)
_15348_/B2                              0.750000    1.043129   -0.293129 (VIOLATED)
_14676_/A                               0.750000    1.043116   -0.293116 (VIOLATED)
_14839_/B2                              0.750000    1.043106   -0.293106 (VIOLATED)
_14841_/A1                              0.750000    1.043104   -0.293104 (VIOLATED)
fanout703/X                             0.750000    1.043104   -0.293104 (VIOLATED)
_11037_/C1                              0.750000    1.041584   -0.291584 (VIOLATED)
fanout1629/A                            0.750000    1.041581   -0.291581 (VIOLATED)
_09365_/A                               0.750000    1.041579   -0.291579 (VIOLATED)
_09775_/B1                              0.750000    1.041579   -0.291579 (VIOLATED)
_10405_/B1                              0.750000    1.041579   -0.291579 (VIOLATED)
_10876_/C1                              0.750000    1.041579   -0.291579 (VIOLATED)
_11194_/A                               0.750000    1.041579   -0.291579 (VIOLATED)
_11196_/A                               0.750000    1.041579   -0.291579 (VIOLATED)
_11197_/A1                              0.750000    1.041579   -0.291579 (VIOLATED)
fanout1630/X                            0.750000    1.041579   -0.291579 (VIOLATED)
_09400_/A                               0.750000    1.040760   -0.290760 (VIOLATED)
_11493_/C1                              0.750000    1.040760   -0.290760 (VIOLATED)
_11507_/A1                              0.750000    1.040760   -0.290760 (VIOLATED)
_11513_/C1                              0.750000    1.040760   -0.290760 (VIOLATED)
_11578_/A1                              0.750000    1.040760   -0.290760 (VIOLATED)
_11625_/C1                              0.750000    1.040760   -0.290760 (VIOLATED)
_11627_/B1                              0.750000    1.040760   -0.290760 (VIOLATED)
_11669_/S1                              0.750000    1.040760   -0.290760 (VIOLATED)
_11778_/A1                              0.750000    1.040760   -0.290760 (VIOLATED)
_11812_/A                               0.750000    1.040760   -0.290760 (VIOLATED)
fanout1059/X                            0.750000    1.040760   -0.290760 (VIOLATED)
_10976_/A3                              0.750000    1.040616   -0.290616 (VIOLATED)
_11149_/A2                              0.750000    1.040578   -0.290578 (VIOLATED)
_10819_/A3                              0.750000    1.040575   -0.290575 (VIOLATED)
_11398_/A2                              0.750000    1.040570   -0.290570 (VIOLATED)
_10234_/Y                               0.750000    1.040566   -0.290566 (VIOLATED)
_10643_/A2                              0.750000    1.040566   -0.290566 (VIOLATED)
_10111_/B                               0.750000    1.040527   -0.290527 (VIOLATED)
_10104_/A2                              0.750000    1.040525   -0.290525 (VIOLATED)
_10057_/A                               0.750000    1.040523   -0.290523 (VIOLATED)
_09389_/A                               0.750000    1.040518   -0.290518 (VIOLATED)
_10044_/B                               0.750000    1.040518   -0.290518 (VIOLATED)
_10080_/B                               0.750000    1.040518   -0.290518 (VIOLATED)
_10091_/C_N                             0.750000    1.040518   -0.290518 (VIOLATED)
_10093_/A_N                             0.750000    1.040518   -0.290518 (VIOLATED)
_10110_/A2                              0.750000    1.040518   -0.290518 (VIOLATED)
fanout1433/A                            0.750000    1.040518   -0.290518 (VIOLATED)
fanout1434/X                            0.750000    1.040518   -0.290518 (VIOLATED)
_11751_/A                               0.750000    1.040455   -0.290455 (VIOLATED)
_11718_/X                               0.750000    1.040243   -0.290243 (VIOLATED)
_16133_/Y                               0.750000    1.038877   -0.288877 (VIOLATED)
_16137_/B1                              0.750000    1.038877   -0.288877 (VIOLATED)
_16163_/A2                              0.750000    1.038877   -0.288877 (VIOLATED)
_16989_/C1                              0.750000    1.038877   -0.288877 (VIOLATED)
_17056_/B1                              0.750000    1.038877   -0.288877 (VIOLATED)
_12973_/B                               0.750000    1.037381   -0.287381 (VIOLATED)
_13033_/A2                              0.750000    1.037381   -0.287381 (VIOLATED)
_13042_/C                               0.750000    1.037380   -0.287380 (VIOLATED)
_13022_/B                               0.750000    1.037379   -0.287379 (VIOLATED)
_13522_/A3                              0.750000    1.037377   -0.287377 (VIOLATED)
_13732_/C1                              0.750000    1.037365   -0.287365 (VIOLATED)
_13350_/A3                              0.750000    1.037362   -0.287362 (VIOLATED)
_13743_/A3                              0.750000    1.037362   -0.287362 (VIOLATED)
_13750_/A2                              0.750000    1.037362   -0.287362 (VIOLATED)
_13753_/B2                              0.750000    1.037362   -0.287362 (VIOLATED)
fanout469/X                             0.750000    1.037362   -0.287362 (VIOLATED)
_15718_/B                               0.750000    1.036901   -0.286901 (VIOLATED)
_15717_/X                               0.750000    1.036839   -0.286839 (VIOLATED)
_13527_/B1                              0.750000    1.034466   -0.284466 (VIOLATED)
_13005_/A                               0.750000    1.034454   -0.284454 (VIOLATED)
_13510_/B2                              0.750000    1.034445   -0.284445 (VIOLATED)
_13520_/B1                              0.750000    1.034436   -0.284436 (VIOLATED)
_13600_/B1                              0.750000    1.034424   -0.284424 (VIOLATED)
_13601_/A1_N                            0.750000    1.034420   -0.284420 (VIOLATED)
_09434_/A                               0.750000    1.034413   -0.284413 (VIOLATED)
_13914_/A1                              0.750000    1.034413   -0.284413 (VIOLATED)
_13994_/B1                              0.750000    1.034413   -0.284413 (VIOLATED)
_17823_/A0                              0.750000    1.034413   -0.284413 (VIOLATED)
fanout1205/X                            0.750000    1.034413   -0.284413 (VIOLATED)
_16827_/B1                              0.750000    1.033901   -0.283901 (VIOLATED)
_16828_/A1                              0.750000    1.033899   -0.283899 (VIOLATED)
_17249_/B1                              0.750000    1.033895   -0.283895 (VIOLATED)
_17287_/A1                              0.750000    1.033893   -0.283893 (VIOLATED)
_17286_/B1                              0.750000    1.033890   -0.283890 (VIOLATED)
_16368_/B1                              0.750000    1.033880   -0.283880 (VIOLATED)
_16369_/A1_N                            0.750000    1.033876   -0.283876 (VIOLATED)
_16521_/B1                              0.750000    1.033874   -0.283874 (VIOLATED)
_16842_/C1                              0.750000    1.033874   -0.283874 (VIOLATED)
fanout1355/X                            0.750000    1.033874   -0.283874 (VIOLATED)
_12794_/A                               0.750000    1.032549   -0.282549 (VIOLATED)
fanout1472/A                            0.750000    1.032549   -0.282549 (VIOLATED)
fanout1471/A                            0.750000    1.032549   -0.282549 (VIOLATED)
_12747_/A                               0.750000    1.032548   -0.282548 (VIOLATED)
_12746_/A                               0.750000    1.032548   -0.282548 (VIOLATED)
_12758_/A1                              0.750000    1.032548   -0.282548 (VIOLATED)
_12801_/A1                              0.750000    1.032548   -0.282548 (VIOLATED)
_13820_/A2                              0.750000    1.032548   -0.282548 (VIOLATED)
fanout1473/X                            0.750000    1.032548   -0.282548 (VIOLATED)
_17004_/A                               0.750000    1.031186   -0.281186 (VIOLATED)
_17459_/B                               0.750000    1.031178   -0.281178 (VIOLATED)
_17134_/B                               0.750000    1.031169   -0.281169 (VIOLATED)
_17002_/A                               0.750000    1.031161   -0.281161 (VIOLATED)
_17456_/A0                              0.750000    1.031155   -0.281155 (VIOLATED)
_16968_/X                               0.750000    1.031015   -0.281015 (VIOLATED)
_15989_/A1                              0.750000    1.030894   -0.280894 (VIOLATED)
_15957_/S                               0.750000    1.030891   -0.280891 (VIOLATED)
_17029_/A                               0.750000    1.030886   -0.280886 (VIOLATED)
_16444_/A1                              0.750000    1.030882   -0.280882 (VIOLATED)
_16453_/B1                              0.750000    1.030866   -0.280866 (VIOLATED)
_16458_/B1                              0.750000    1.030855   -0.280855 (VIOLATED)
_16892_/B1                              0.750000    1.030840   -0.280840 (VIOLATED)
_16212_/B1                              0.750000    1.030837   -0.280837 (VIOLATED)
_16226_/B1                              0.750000    1.030837   -0.280837 (VIOLATED)
_16761_/A                               0.750000    1.030837   -0.280837 (VIOLATED)
fanout683/X                             0.750000    1.030837   -0.280837 (VIOLATED)
_09942_/B                               0.750000    1.030289   -0.280289 (VIOLATED)
_09947_/B                               0.750000    1.030289   -0.280289 (VIOLATED)
_09954_/B1                              0.750000    1.030289   -0.280289 (VIOLATED)
_09996_/A1                              0.750000    1.030289   -0.280289 (VIOLATED)
_10020_/B1                              0.750000    1.030289   -0.280289 (VIOLATED)
_10289_/B                               0.750000    1.030289   -0.280289 (VIOLATED)
_10771_/B                               0.750000    1.030289   -0.280289 (VIOLATED)
_10772_/A2                              0.750000    1.030289   -0.280289 (VIOLATED)
_11224_/B1                              0.750000    1.030289   -0.280289 (VIOLATED)
_11230_/B1                              0.750000    1.030289   -0.280289 (VIOLATED)
fanout532/X                             0.750000    1.030289   -0.280289 (VIOLATED)
_09414_/A                               0.750000    1.029758   -0.279758 (VIOLATED)
_12606_/A1                              0.750000    1.029757   -0.279757 (VIOLATED)
_12372_/B1                              0.750000    1.029755   -0.279755 (VIOLATED)
_12414_/A1                              0.750000    1.029755   -0.279755 (VIOLATED)
_12436_/C1                              0.750000    1.029755   -0.279755 (VIOLATED)
_12486_/A1                              0.750000    1.029755   -0.279755 (VIOLATED)
_12505_/B1                              0.750000    1.029755   -0.279755 (VIOLATED)
_12512_/C1                              0.750000    1.029755   -0.279755 (VIOLATED)
_12521_/A                               0.750000    1.029755   -0.279755 (VIOLATED)
_12529_/A1                              0.750000    1.029755   -0.279755 (VIOLATED)
fanout959/X                             0.750000    1.029755   -0.279755 (VIOLATED)
_16299_/A                               0.750000    1.028971   -0.278971 (VIOLATED)
_16285_/A                               0.750000    1.028970   -0.278970 (VIOLATED)
_16283_/A                               0.750000    1.028970   -0.278970 (VIOLATED)
_16261_/A                               0.750000    1.028967   -0.278967 (VIOLATED)
_16340_/A1                              0.750000    1.028967   -0.278967 (VIOLATED)
_16531_/A                               0.750000    1.028967   -0.278967 (VIOLATED)
_16640_/A1                              0.750000    1.028967   -0.278967 (VIOLATED)
_16825_/A                               0.750000    1.028967   -0.278967 (VIOLATED)
_17101_/A1                              0.750000    1.028967   -0.278967 (VIOLATED)
_17225_/A                               0.750000    1.028967   -0.278967 (VIOLATED)
fanout660/X                             0.750000    1.028967   -0.278967 (VIOLATED)
ANTENNA_239/DIODE                       0.750000    1.028188   -0.278188 (VIOLATED)
ANTENNA_233/DIODE                       0.750000    1.028188   -0.278188 (VIOLATED)
ANTENNA_235/DIODE                       0.750000    1.028188   -0.278188 (VIOLATED)
ANTENNA_237/DIODE                       0.750000    1.028188   -0.278188 (VIOLATED)
_17851_/A1                              0.750000    1.028188   -0.278188 (VIOLATED)
ANTENNA_232/DIODE                       0.750000    1.028187   -0.278187 (VIOLATED)
ANTENNA_234/DIODE                       0.750000    1.028186   -0.278186 (VIOLATED)
ANTENNA_236/DIODE                       0.750000    1.028186   -0.278186 (VIOLATED)
ANTENNA_238/DIODE                       0.750000    1.028186   -0.278186 (VIOLATED)
_17850_/X                               0.750000    1.028180   -0.278180 (VIOLATED)
_17310_/C1                              0.750000    1.028128   -0.278128 (VIOLATED)
_16795_/C1                              0.750000    1.028126   -0.278126 (VIOLATED)
_16802_/B1                              0.750000    1.028126   -0.278126 (VIOLATED)
_17000_/A1                              0.750000    1.028126   -0.278126 (VIOLATED)
_17065_/C1                              0.750000    1.028126   -0.278126 (VIOLATED)
_17067_/B1                              0.750000    1.028126   -0.278126 (VIOLATED)
fanout1588/A                            0.750000    1.028123   -0.278123 (VIOLATED)
fanout1587/A                            0.750000    1.028122   -0.278122 (VIOLATED)
fanout1589/X                            0.750000    1.028122   -0.278122 (VIOLATED)
_11846_/B                               0.750000    1.027103   -0.277103 (VIOLATED)
_12217_/A1                              0.750000    1.027102   -0.277102 (VIOLATED)
_11924_/A1                              0.750000    1.027102   -0.277102 (VIOLATED)
_11977_/A                               0.750000    1.027091   -0.277091 (VIOLATED)
_12074_/A1                              0.750000    1.027089   -0.277089 (VIOLATED)
_12219_/A1                              0.750000    1.027089   -0.277089 (VIOLATED)
fanout782/A                             0.750000    1.027089   -0.277089 (VIOLATED)
fanout783/X                             0.750000    1.027089   -0.277089 (VIOLATED)
_18481_/B1                              0.750000    1.026896   -0.276896 (VIOLATED)
_18497_/B1                              0.750000    1.026894   -0.276894 (VIOLATED)
_18681_/B1                              0.750000    1.026892   -0.276892 (VIOLATED)
_18687_/B1                              0.750000    1.026880   -0.276880 (VIOLATED)
fanout365/A                             0.750000    1.026879   -0.276879 (VIOLATED)
fanout363/A                             0.750000    1.026872   -0.276872 (VIOLATED)
fanout364/A                             0.750000    1.026872   -0.276872 (VIOLATED)
fanout366/X                             0.750000    1.026872   -0.276872 (VIOLATED)
_12716_/B                               0.750000    1.025615   -0.275615 (VIOLATED)
_12717_/B                               0.750000    1.025615   -0.275615 (VIOLATED)
_12688_/B                               0.750000    1.025614   -0.275614 (VIOLATED)
_12697_/A_N                             0.750000    1.025614   -0.275614 (VIOLATED)
_12699_/A_N                             0.750000    1.025614   -0.275614 (VIOLATED)
_12702_/B                               0.750000    1.025614   -0.275614 (VIOLATED)
_12706_/B                               0.750000    1.025614   -0.275614 (VIOLATED)
_12741_/B                               0.750000    1.025614   -0.275614 (VIOLATED)
_12757_/A_N                             0.750000    1.025614   -0.275614 (VIOLATED)
_12787_/B                               0.750000    1.025614   -0.275614 (VIOLATED)
fanout1477/X                            0.750000    1.025614   -0.275614 (VIOLATED)
_10950_/C1                              0.750000    1.023863   -0.273863 (VIOLATED)
_10310_/A1                              0.750000    1.023862   -0.273862 (VIOLATED)
_10964_/B1                              0.750000    1.023862   -0.273862 (VIOLATED)
_10331_/C1                              0.750000    1.023862   -0.273862 (VIOLATED)
_11275_/S0                              0.750000    1.023862   -0.273862 (VIOLATED)
_11266_/B2                              0.750000    1.023860   -0.273860 (VIOLATED)
_10721_/B1                              0.750000    1.023859   -0.273859 (VIOLATED)
_11261_/C1                              0.750000    1.023859   -0.273859 (VIOLATED)
_10320_/A1                              0.750000    1.023857   -0.273857 (VIOLATED)
_11355_/B1                              0.750000    1.023857   -0.273857 (VIOLATED)
fanout813/X                             0.750000    1.023857   -0.273857 (VIOLATED)
fanout1760/A                            0.750000    1.023803   -0.273803 (VIOLATED)
_12909_/A1                              0.750000    1.023800   -0.273800 (VIOLATED)
_13641_/A1                              0.750000    1.023797   -0.273797 (VIOLATED)
_13709_/A1                              0.750000    1.023793   -0.273793 (VIOLATED)
_12884_/A                               0.750000    1.023782   -0.273782 (VIOLATED)
_12875_/A_N                             0.750000    1.023772   -0.273772 (VIOLATED)
_12908_/A1                              0.750000    1.023772   -0.273772 (VIOLATED)
_13725_/A1                              0.750000    1.023772   -0.273772 (VIOLATED)
_12867_/B2                              0.750000    1.023771   -0.273771 (VIOLATED)
_12943_/A1                              0.750000    1.023771   -0.273771 (VIOLATED)
fanout1761/X                            0.750000    1.023771   -0.273771 (VIOLATED)
_13703_/C1                              0.750000    1.023672   -0.273672 (VIOLATED)
_13461_/S                               0.750000    1.023672   -0.273672 (VIOLATED)
_13474_/D1                              0.750000    1.023669   -0.273669 (VIOLATED)
_13487_/A1                              0.750000    1.023668   -0.273668 (VIOLATED)
_14086_/A                               0.750000    1.023666   -0.273666 (VIOLATED)
_13488_/B2                              0.750000    1.023662   -0.273662 (VIOLATED)
fanout1730/A                            0.750000    1.023659   -0.273660 (VIOLATED)
_13877_/C1                              0.750000    1.023659   -0.273659 (VIOLATED)
_13957_/C1                              0.750000    1.023651   -0.273651 (VIOLATED)
_13975_/A1                              0.750000    1.023645   -0.273645 (VIOLATED)
fanout1731/X                            0.750000    1.023645   -0.273645 (VIOLATED)
_15585_/A1                              0.750000    1.023342   -0.273342 (VIOLATED)
_15044_/S1                              0.750000    1.023337   -0.273337 (VIOLATED)
_14485_/C1                              0.750000    1.023334   -0.273334 (VIOLATED)
_14441_/C1                              0.750000    1.023329   -0.273329 (VIOLATED)
_15522_/B1                              0.750000    1.023318   -0.273318 (VIOLATED)
_15261_/B1                              0.750000    1.023315   -0.273315 (VIOLATED)
_14428_/A1                              0.750000    1.023310   -0.273310 (VIOLATED)
_15264_/A                               0.750000    1.023298   -0.273298 (VIOLATED)
_14757_/B1                              0.750000    1.023297   -0.273297 (VIOLATED)
_15046_/A1                              0.750000    1.023297   -0.273297 (VIOLATED)
fanout713/X                             0.750000    1.023297   -0.273297 (VIOLATED)
_18433_/B1                              0.750000    1.023026   -0.273026 (VIOLATED)
_18440_/B1                              0.750000    1.023023   -0.273023 (VIOLATED)
_18436_/B1                              0.750000    1.023015   -0.273015 (VIOLATED)
_18434_/B1                              0.750000    1.022996   -0.272996 (VIOLATED)
_13448_/A1                              0.750000    1.022968   -0.272968 (VIOLATED)
fanout249/A                             0.750000    1.022967   -0.272967 (VIOLATED)
_13438_/C1                              0.750000    1.022966   -0.272966 (VIOLATED)
_13835_/A1                              0.750000    1.022966   -0.272966 (VIOLATED)
_13171_/S0                              0.750000    1.022965   -0.272965 (VIOLATED)
_13200_/A1                              0.750000    1.022965   -0.272965 (VIOLATED)
_13685_/A1                              0.750000    1.022964   -0.272964 (VIOLATED)
_13678_/D1                              0.750000    1.022964   -0.272964 (VIOLATED)
_13679_/C1                              0.750000    1.022963   -0.272963 (VIOLATED)
_13279_/S1                              0.750000    1.022943   -0.272944 (VIOLATED)
fanout250/A                             0.750000    1.022938   -0.272938 (VIOLATED)
fanout252/X                             0.750000    1.022938   -0.272938 (VIOLATED)
fanout742/A                             0.750000    1.022931   -0.272931 (VIOLATED)
fanout743/X                             0.750000    1.022931   -0.272931 (VIOLATED)
_17622_/A1                              0.750000    1.022231   -0.272231 (VIOLATED)
ANTENNA_127/DIODE                       0.750000    1.022230   -0.272230 (VIOLATED)
_17621_/X                               0.750000    1.022143   -0.272143 (VIOLATED)
_15413_/B1                              0.750000    1.021644   -0.271643 (VIOLATED)
_09441_/A                               0.750000    1.021642   -0.271642 (VIOLATED)
_14802_/B1                              0.750000    1.021642   -0.271642 (VIOLATED)
_14807_/C1                              0.750000    1.021642   -0.271642 (VIOLATED)
_14996_/B1                              0.750000    1.021642   -0.271642 (VIOLATED)
_15286_/B1                              0.750000    1.021642   -0.271642 (VIOLATED)
_15287_/A1                              0.750000    1.021642   -0.271642 (VIOLATED)
_15300_/B1                              0.750000    1.021642   -0.271642 (VIOLATED)
_17792_/A0                              0.750000    1.021642   -0.271642 (VIOLATED)
fanout1254/A                            0.750000    1.021642   -0.271642 (VIOLATED)
fanout1255/X                            0.750000    1.021642   -0.271642 (VIOLATED)
_12477_/C1                              0.750000    1.021526   -0.271526 (VIOLATED)
_12600_/C1                              0.750000    1.021525   -0.271525 (VIOLATED)
_12590_/B1                              0.750000    1.021516   -0.271516 (VIOLATED)
_12589_/A                               0.750000    1.021514   -0.271514 (VIOLATED)
_12369_/B1                              0.750000    1.021508   -0.271508 (VIOLATED)
_12437_/A1                              0.750000    1.021505   -0.271505 (VIOLATED)
_12484_/A                               0.750000    1.021500   -0.271500 (VIOLATED)
_12481_/D1                              0.750000    1.021499   -0.271499 (VIOLATED)
_12564_/A1                              0.750000    1.021499   -0.271499 (VIOLATED)
_12636_/A                               0.750000    1.021499   -0.271499 (VIOLATED)
fanout963/X                             0.750000    1.021499   -0.271499 (VIOLATED)
_10581_/A2                              0.750000    1.021222   -0.271222 (VIOLATED)
_11051_/A2                              0.750000    1.021221   -0.271221 (VIOLATED)
_10563_/A1                              0.750000    1.021212   -0.271213 (VIOLATED)
_11063_/A1                              0.750000    1.021209   -0.271209 (VIOLATED)
_10570_/A                               0.750000    1.021206   -0.271206 (VIOLATED)
_11335_/A2                              0.750000    1.021197   -0.271198 (VIOLATED)
_10905_/B2                              0.750000    1.021186   -0.271186 (VIOLATED)
_10378_/B                               0.750000    1.021184   -0.271184 (VIOLATED)
_10785_/A1                              0.750000    1.021184   -0.271184 (VIOLATED)
_10796_/A1                              0.750000    1.021184   -0.271184 (VIOLATED)
fanout545/X                             0.750000    1.021184   -0.271184 (VIOLATED)
_16109_/B                               0.750000    1.021010   -0.271010 (VIOLATED)
_16104_/B                               0.750000    1.021010   -0.271010 (VIOLATED)
_16105_/B                               0.750000    1.021010   -0.271010 (VIOLATED)
_16108_/B                               0.750000    1.021010   -0.271010 (VIOLATED)
_16114_/C_N                             0.750000    1.021010   -0.271010 (VIOLATED)
_16125_/A_N                             0.750000    1.021010   -0.271010 (VIOLATED)
_16131_/A2                              0.750000    1.021010   -0.271010 (VIOLATED)
_16144_/B                               0.750000    1.021010   -0.271010 (VIOLATED)
_16166_/A1                              0.750000    1.021010   -0.271010 (VIOLATED)
_16179_/C                               0.750000    1.021010   -0.271010 (VIOLATED)
fanout1616/X                            0.750000    1.021010   -0.271010 (VIOLATED)
_09404_/A                               0.750000    1.018709   -0.268709 (VIOLATED)
_11929_/C1                              0.750000    1.018709   -0.268709 (VIOLATED)
_11975_/C1                              0.750000    1.018709   -0.268709 (VIOLATED)
_11997_/A                               0.750000    1.018709   -0.268709 (VIOLATED)
_12036_/B1                              0.750000    1.018709   -0.268709 (VIOLATED)
_12076_/B1                              0.750000    1.018709   -0.268709 (VIOLATED)
_12108_/C1                              0.750000    1.018709   -0.268709 (VIOLATED)
_12121_/C1                              0.750000    1.018709   -0.268709 (VIOLATED)
_12233_/B1                              0.750000    1.018709   -0.268709 (VIOLATED)
_12236_/C1                              0.750000    1.018709   -0.268709 (VIOLATED)
fanout1017/X                            0.750000    1.018709   -0.268709 (VIOLATED)
fanout1391/A                            0.750000    1.017183   -0.267183 (VIOLATED)
_17725_/A1                              0.750000    1.015931   -0.265931 (VIOLATED)
_18943_/Q                               0.750000    1.015931   -0.265931 (VIOLATED)
_12925_/A                               0.750000    1.014266   -0.264266 (VIOLATED)
_12845_/B                               0.750000    1.014265   -0.264265 (VIOLATED)
_12850_/B                               0.750000    1.014265   -0.264265 (VIOLATED)
_12924_/A                               0.750000    1.014265   -0.264265 (VIOLATED)
_12856_/A                               0.750000    1.014264   -0.264264 (VIOLATED)
_12862_/B                               0.750000    1.014262   -0.264262 (VIOLATED)
_12847_/A_N                             0.750000    1.014260   -0.264260 (VIOLATED)
_12870_/A                               0.750000    1.014260   -0.264260 (VIOLATED)
_12871_/A                               0.750000    1.014260   -0.264260 (VIOLATED)
_12878_/A2                              0.750000    1.014260   -0.264260 (VIOLATED)
fanout1769/X                            0.750000    1.014260   -0.264260 (VIOLATED)
_15883_/B                               0.750000    1.011727   -0.261727 (VIOLATED)
_15882_/X                               0.750000    1.011449   -0.261449 (VIOLATED)
_15765_/B                               0.750000    1.010315   -0.260315 (VIOLATED)
_15764_/X                               0.750000    1.010290   -0.260290 (VIOLATED)
_11783_/A                               0.750000    1.010078   -0.260078 (VIOLATED)
_11716_/A                               0.750000    1.010074   -0.260074 (VIOLATED)
ANTENNA_46/DIODE                        0.750000    1.010050   -0.260050 (VIOLATED)
_11135_/A0                              0.750000    1.010050   -0.260050 (VIOLATED)
ANTENNA_47/DIODE                        0.750000    1.009947   -0.259947 (VIOLATED)
_11199_/A                               0.750000    1.009915   -0.259915 (VIOLATED)
_11039_/X                               0.750000    1.007933   -0.257933 (VIOLATED)
_12077_/A2                              0.750000    1.006790   -0.256790 (VIOLATED)
_12066_/A2                              0.750000    1.006789   -0.256789 (VIOLATED)
_12192_/A3                              0.750000    1.006782   -0.256782 (VIOLATED)
_11900_/B                               0.750000    1.006774   -0.256774 (VIOLATED)
_11863_/Y                               0.750000    1.006772   -0.256772 (VIOLATED)
_11872_/B                               0.750000    1.006772   -0.256772 (VIOLATED)
_18477_/A1_N                            0.750000    1.006385   -0.256385 (VIOLATED)
_18519_/A1_N                            0.750000    1.006380   -0.256380 (VIOLATED)
_18485_/A1_N                            0.750000    1.006379   -0.256379 (VIOLATED)
_18567_/A1_N                            0.750000    1.006377   -0.256377 (VIOLATED)
_18569_/A1_N                            0.750000    1.006370   -0.256370 (VIOLATED)
_18461_/A1_N                            0.750000    1.006366   -0.256366 (VIOLATED)
_18493_/A1_N                            0.750000    1.006364   -0.256364 (VIOLATED)
_18467_/A1_N                            0.750000    1.006361   -0.256361 (VIOLATED)
_18647_/A1_N                            0.750000    1.006320   -0.256320 (VIOLATED)
fanout864/A                             0.750000    1.006320   -0.256320 (VIOLATED)
fanout865/X                             0.750000    1.006320   -0.256320 (VIOLATED)
_10138_/A                               0.750000    1.005545   -0.255545 (VIOLATED)
_10105_/B1                              0.750000    1.005544   -0.255544 (VIOLATED)
_10729_/A1                              0.750000    1.005544   -0.255544 (VIOLATED)
_11108_/B1                              0.750000    1.005541   -0.255541 (VIOLATED)
_10071_/B1                              0.750000    1.005541   -0.255541 (VIOLATED)
_10133_/A                               0.750000    1.005537   -0.255537 (VIOLATED)
_10135_/C1                              0.750000    1.005537   -0.255537 (VIOLATED)
_10306_/A1                              0.750000    1.005537   -0.255537 (VIOLATED)
_10308_/B1                              0.750000    1.005537   -0.255537 (VIOLATED)
_10732_/C1                              0.750000    1.005537   -0.255537 (VIOLATED)
fanout808/X                             0.750000    1.005537   -0.255537 (VIOLATED)
_16312_/A1                              0.750000    1.004785   -0.254785 (VIOLATED)
_16628_/A                               0.750000    1.004785   -0.254785 (VIOLATED)
_16640_/B1                              0.750000    1.004785   -0.254785 (VIOLATED)
_16918_/B1                              0.750000    1.004785   -0.254785 (VIOLATED)
_17240_/A                               0.750000    1.004785   -0.254785 (VIOLATED)
_17273_/A1                              0.750000    1.004785   -0.254785 (VIOLATED)
fanout657/A                             0.750000    1.004785   -0.254785 (VIOLATED)
fanout658/A                             0.750000    1.004785   -0.254785 (VIOLATED)
fanout659/X                             0.750000    1.004785   -0.254785 (VIOLATED)
_14602_/B                               0.750000    1.004740   -0.254740 (VIOLATED)
_14606_/A2                              0.750000    1.004740   -0.254740 (VIOLATED)
_14624_/A2                              0.750000    1.004740   -0.254740 (VIOLATED)
_14625_/A2                              0.750000    1.004740   -0.254740 (VIOLATED)
_14631_/B                               0.750000    1.004740   -0.254740 (VIOLATED)
_14632_/A_N                             0.750000    1.004740   -0.254740 (VIOLATED)
_14638_/B                               0.750000    1.004740   -0.254740 (VIOLATED)
_14639_/A2                              0.750000    1.004740   -0.254740 (VIOLATED)
_14642_/B                               0.750000    1.004740   -0.254740 (VIOLATED)
_14702_/A_N                             0.750000    1.004740   -0.254740 (VIOLATED)
fanout1572/X                            0.750000    1.004740   -0.254740 (VIOLATED)
_18312_/Y                               0.750000    1.004502   -0.254502 (VIOLATED)
fanout239/A                             0.750000    1.004502   -0.254502 (VIOLATED)
fanout243/A                             0.750000    1.004502   -0.254502 (VIOLATED)
fanout253/A                             0.750000    1.004502   -0.254502 (VIOLATED)
_12301_/A2                              0.750000    1.003599   -0.253599 (VIOLATED)
_12623_/A1                              0.750000    1.003597   -0.253597 (VIOLATED)
_12620_/A                               0.750000    1.003595   -0.253595 (VIOLATED)
_12550_/B                               0.750000    1.003581   -0.253581 (VIOLATED)
_16160_/A2                              0.750000    1.003399   -0.253399 (VIOLATED)
_16154_/A                               0.750000    1.003399   -0.253399 (VIOLATED)
_16690_/A1                              0.750000    1.003394   -0.253395 (VIOLATED)
_16670_/A                               0.750000    1.003392   -0.253392 (VIOLATED)
_16137_/A1                              0.750000    1.003392   -0.253392 (VIOLATED)
_16201_/B                               0.750000    1.003392   -0.253392 (VIOLATED)
_16481_/A3                              0.750000    1.003392   -0.253392 (VIOLATED)
_16698_/A1_N                            0.750000    1.003392   -0.253392 (VIOLATED)
_16792_/B1                              0.750000    1.003392   -0.253392 (VIOLATED)
_17296_/A1                              0.750000    1.003392   -0.253392 (VIOLATED)
fanout399/X                             0.750000    1.003392   -0.253392 (VIOLATED)
_12278_/Y                               0.750000    1.003308   -0.253308 (VIOLATED)
_12327_/B                               0.750000    1.003308   -0.253308 (VIOLATED)
_12453_/A                               0.750000    1.003308   -0.253308 (VIOLATED)
_12515_/C                               0.750000    1.003308   -0.253308 (VIOLATED)
_13108_/B                               0.750000    1.002863   -0.252863 (VIOLATED)
_13279_/A0                              0.750000    1.002863   -0.252863 (VIOLATED)
_13113_/A                               0.750000    1.002860   -0.252860 (VIOLATED)
_13125_/B                               0.750000    1.002854   -0.252854 (VIOLATED)
_13269_/A                               0.750000    1.002848   -0.252848 (VIOLATED)
_13118_/C                               0.750000    1.002847   -0.252847 (VIOLATED)
_13174_/B                               0.750000    1.002832   -0.252832 (VIOLATED)
_13071_/B                               0.750000    1.002820   -0.252820 (VIOLATED)
_13260_/C                               0.750000    1.002814   -0.252814 (VIOLATED)
_13134_/A1_N                            0.750000    1.002813   -0.252813 (VIOLATED)
fanout466/X                             0.750000    1.002813   -0.252813 (VIOLATED)
_14558_/B                               0.750000    1.002526   -0.252526 (VIOLATED)
_14557_/B                               0.750000    1.002525   -0.252525 (VIOLATED)
_14549_/A2                              0.750000    1.002523   -0.252523 (VIOLATED)
_14498_/B                               0.750000    1.002520   -0.252520 (VIOLATED)
_14524_/B                               0.750000    1.002519   -0.252519 (VIOLATED)
_14566_/B                               0.750000    1.002514   -0.252514 (VIOLATED)
_14523_/B                               0.750000    1.002510   -0.252510 (VIOLATED)
_14552_/B                               0.750000    1.002510   -0.252510 (VIOLATED)
fanout1807/A                            0.750000    1.002510   -0.252510 (VIOLATED)
fanout1808/X                            0.750000    1.002510   -0.252510 (VIOLATED)
_12924_/B                               0.750000    1.002111   -0.252111 (VIOLATED)
_12925_/B                               0.750000    1.002111   -0.252111 (VIOLATED)
_13296_/A2                              0.750000    1.002112   -0.252112 (VIOLATED)
_12949_/B                               0.750000    1.002110   -0.252110 (VIOLATED)
_12843_/A_N                             0.750000    1.002107   -0.252107 (VIOLATED)
_12883_/B                               0.750000    1.002104   -0.252104 (VIOLATED)
_12870_/B                               0.750000    1.002096   -0.252096 (VIOLATED)
_12847_/B                               0.750000    1.002096   -0.252096 (VIOLATED)
_12871_/B                               0.750000    1.002096   -0.252096 (VIOLATED)
_12887_/A2                              0.750000    1.002096   -0.252096 (VIOLATED)
fanout1764/X                            0.750000    1.002096   -0.252096 (VIOLATED)
_11871_/A                               0.750000    1.001099   -0.251099 (VIOLATED)
_11870_/B                               0.750000    1.001098   -0.251098 (VIOLATED)
_11874_/A2                              0.750000    1.001098   -0.251098 (VIOLATED)
_11862_/A_N                             0.750000    1.001095   -0.251095 (VIOLATED)
_11868_/A                               0.750000    1.001095   -0.251095 (VIOLATED)
_11869_/B                               0.750000    1.001095   -0.251095 (VIOLATED)
_11877_/A                               0.750000    1.001095   -0.251095 (VIOLATED)
_11897_/A                               0.750000    1.001095   -0.251095 (VIOLATED)
_11901_/A                               0.750000    1.001095   -0.251095 (VIOLATED)
_11932_/A2                              0.750000    1.001095   -0.251095 (VIOLATED)
fanout1047/X                            0.750000    1.001095   -0.251095 (VIOLATED)
_18041_/A1                              0.750000    0.999823   -0.249823 (VIOLATED)
_17911_/A1                              0.750000    0.999821   -0.249821 (VIOLATED)
_18025_/A1                              0.750000    0.999820   -0.249820 (VIOLATED)
_18105_/A1                              0.750000    0.999814   -0.249814 (VIOLATED)
_18089_/A1                              0.750000    0.999810   -0.249810 (VIOLATED)
_13565_/A1                              0.750000    0.999806   -0.249807 (VIOLATED)
_18087_/A1                              0.750000    0.999807   -0.249807 (VIOLATED)
_18097_/A1                              0.750000    0.999807   -0.249807 (VIOLATED)
_18103_/A1                              0.750000    0.999807   -0.249807 (VIOLATED)
fanout894/A                             0.750000    0.999807   -0.249807 (VIOLATED)
fanout895/X                             0.750000    0.999807   -0.249807 (VIOLATED)
_13554_/A1                              0.750000    0.999805   -0.249805 (VIOLATED)
_12796_/A                               0.750000    0.999801   -0.249801 (VIOLATED)
_12764_/A                               0.750000    0.999796   -0.249796 (VIOLATED)
_13397_/A                               0.750000    0.999793   -0.249794 (VIOLATED)
_13931_/A                               0.750000    0.999793   -0.249793 (VIOLATED)
_13922_/A1                              0.750000    0.999792   -0.249792 (VIOLATED)
_13821_/A1                              0.750000    0.999792   -0.249792 (VIOLATED)
_12803_/A                               0.750000    0.999791   -0.249791 (VIOLATED)
fanout756/A                             0.750000    0.999791   -0.249791 (VIOLATED)
fanout757/X                             0.750000    0.999791   -0.249791 (VIOLATED)
_09436_/A                               0.750000    0.998545   -0.248546 (VIOLATED)
_13996_/B1                              0.750000    0.998546   -0.248546 (VIOLATED)
_14002_/C1                              0.750000    0.998545   -0.248546 (VIOLATED)
_13054_/B1                              0.750000    0.998545   -0.248545 (VIOLATED)
_13357_/B1                              0.750000    0.998545   -0.248545 (VIOLATED)
_13359_/A                               0.750000    0.998545   -0.248545 (VIOLATED)
_13527_/A1                              0.750000    0.998545   -0.248545 (VIOLATED)
_13734_/A1                              0.750000    0.998545   -0.248545 (VIOLATED)
_14075_/B2                              0.750000    0.998545   -0.248545 (VIOLATED)
_17817_/A0                              0.750000    0.998545   -0.248545 (VIOLATED)
fanout1210/X                            0.750000    0.998545   -0.248545 (VIOLATED)
_09391_/A                               0.750000    0.998170   -0.248170 (VIOLATED)
_10997_/C1                              0.750000    0.998170   -0.248170 (VIOLATED)
_10845_/B1                              0.750000    0.998169   -0.248169 (VIOLATED)
_10251_/S1                              0.750000    0.998168   -0.248168 (VIOLATED)
_10998_/A1                              0.750000    0.998168   -0.248168 (VIOLATED)
_10471_/C1                              0.750000    0.998167   -0.248167 (VIOLATED)
_10678_/B1                              0.750000    0.998163   -0.248163 (VIOLATED)
_11000_/C1                              0.750000    0.998163   -0.248163 (VIOLATED)
_11162_/B2                              0.750000    0.998163   -0.248163 (VIOLATED)
_11391_/B1                              0.750000    0.998163   -0.248163 (VIOLATED)
fanout902/X                             0.750000    0.998163   -0.248163 (VIOLATED)
_11496_/B                               0.750000    0.996992   -0.246992 (VIOLATED)
_11611_/C                               0.750000    0.996991   -0.246991 (VIOLATED)
_11606_/B                               0.750000    0.996990   -0.246990 (VIOLATED)
_11551_/B                               0.750000    0.996989   -0.246989 (VIOLATED)
_11494_/B2                              0.750000    0.996985   -0.246985 (VIOLATED)
_11644_/B2                              0.750000    0.996982   -0.246982 (VIOLATED)
_11548_/A1                              0.750000    0.996967   -0.246967 (VIOLATED)
_11553_/A2                              0.750000    0.996967   -0.246967 (VIOLATED)
_11598_/A2                              0.750000    0.996967   -0.246967 (VIOLATED)
_11728_/B1                              0.750000    0.996967   -0.246967 (VIOLATED)
fanout505/X                             0.750000    0.996967   -0.246967 (VIOLATED)
_16800_/C1                              0.750000    0.995322   -0.245322 (VIOLATED)
_16806_/A1                              0.750000    0.995320   -0.245321 (VIOLATED)
_16974_/A                               0.750000    0.995318   -0.245318 (VIOLATED)
_16159_/A                               0.750000    0.995316   -0.245316 (VIOLATED)
_17301_/C1                              0.750000    0.995316   -0.245316 (VIOLATED)
_17180_/C1                              0.750000    0.995315   -0.245315 (VIOLATED)
_17060_/B1                              0.750000    0.995314   -0.245314 (VIOLATED)
_16477_/B1                              0.750000    0.995313   -0.245313 (VIOLATED)
_17048_/B1                              0.750000    0.995313   -0.245313 (VIOLATED)
_17063_/C1                              0.750000    0.995313   -0.245313 (VIOLATED)
fanout653/X                             0.750000    0.995313   -0.245313 (VIOLATED)
_16698_/B1                              0.750000    0.993874   -0.243874 (VIOLATED)
_16780_/A1                              0.750000    0.993873   -0.243873 (VIOLATED)
_16473_/A2                              0.750000    0.993872   -0.243872 (VIOLATED)
_16142_/A2                              0.750000    0.993871   -0.243871 (VIOLATED)
_16147_/A1                              0.750000    0.993870   -0.243870 (VIOLATED)
_16682_/A3                              0.750000    0.993870   -0.243870 (VIOLATED)
_16468_/A1                              0.750000    0.993864   -0.243864 (VIOLATED)
_16691_/A3                              0.750000    0.993858   -0.243858 (VIOLATED)
_16488_/B                               0.750000    0.993848   -0.243848 (VIOLATED)
_16689_/A1                              0.750000    0.993848   -0.243848 (VIOLATED)
fanout394/X                             0.750000    0.993848   -0.243848 (VIOLATED)
_16307_/A                               0.750000    0.993776   -0.243776 (VIOLATED)
_16257_/B                               0.750000    0.993774   -0.243774 (VIOLATED)
_16643_/A1                              0.750000    0.993774   -0.243774 (VIOLATED)
_16256_/A_N                             0.750000    0.993774   -0.243774 (VIOLATED)
_16264_/B                               0.750000    0.993774   -0.243774 (VIOLATED)
_16274_/A                               0.750000    0.993774   -0.243774 (VIOLATED)
_16277_/B                               0.750000    0.993774   -0.243774 (VIOLATED)
_16283_/B                               0.750000    0.993774   -0.243774 (VIOLATED)
_16284_/A                               0.750000    0.993774   -0.243774 (VIOLATED)
fanout1394/A                            0.750000    0.993774   -0.243774 (VIOLATED)
fanout1395/X                            0.750000    0.993774   -0.243774 (VIOLATED)
_11674_/A                               0.750000    0.993339   -0.243339 (VIOLATED)
_18585_/B1                              0.750000    0.993150   -0.243150 (VIOLATED)
_18603_/B1                              0.750000    0.993150   -0.243150 (VIOLATED)
_18523_/B1                              0.750000    0.993150   -0.243150 (VIOLATED)
_18507_/B1                              0.750000    0.993134   -0.243134 (VIOLATED)
_18571_/B1                              0.750000    0.993133   -0.243133 (VIOLATED)
_18733_/B1                              0.750000    0.993128   -0.243128 (VIOLATED)
_18555_/B1                              0.750000    0.993128   -0.243128 (VIOLATED)
_18593_/B1                              0.750000    0.993127   -0.243127 (VIOLATED)
_18619_/B1                              0.750000    0.993127   -0.243127 (VIOLATED)
_18641_/B1                              0.750000    0.993127   -0.243127 (VIOLATED)
fanout362/X                             0.750000    0.993127   -0.243127 (VIOLATED)
_11639_/X                               0.750000    0.992884   -0.242884 (VIOLATED)
_11465_/A                               0.750000    0.992790   -0.242790 (VIOLATED)
_11516_/A                               0.750000    0.992790   -0.242790 (VIOLATED)
_11594_/A1                              0.750000    0.992790   -0.242790 (VIOLATED)
_11515_/A                               0.750000    0.992788   -0.242788 (VIOLATED)
_11563_/B                               0.750000    0.992787   -0.242787 (VIOLATED)
_11430_/B                               0.750000    0.992785   -0.242785 (VIOLATED)
_11433_/A                               0.750000    0.992785   -0.242785 (VIOLATED)
_11485_/A                               0.750000    0.992785   -0.242785 (VIOLATED)
_11501_/A2                              0.750000    0.992785   -0.242785 (VIOLATED)
_11540_/S0                              0.750000    0.992785   -0.242785 (VIOLATED)
fanout794/X                             0.750000    0.992785   -0.242785 (VIOLATED)
fanout1958/A                            0.750000    0.991344   -0.241344 (VIOLATED)
fanout1960/A                            0.750000    0.991339   -0.241339 (VIOLATED)
fanout1967/A                            0.750000    0.991329   -0.241330 (VIOLATED)
_19102_/RESET_B                         0.750000    0.991328   -0.241328 (VIOLATED)
fanout1966/A                            0.750000    0.991328   -0.241328 (VIOLATED)
fanout1973/A                            0.750000    0.991328   -0.241328 (VIOLATED)
fanout1975/X                            0.750000    0.991328   -0.241328 (VIOLATED)
_18628_/B                               0.750000    0.990723   -0.240723 (VIOLATED)
_18642_/B                               0.750000    0.990718   -0.240718 (VIOLATED)
_18626_/B                               0.750000    0.990717   -0.240717 (VIOLATED)
fanout1867/A                            0.750000    0.990716   -0.240716 (VIOLATED)
_18624_/B                               0.750000    0.990706   -0.240706 (VIOLATED)
fanout1869/A                            0.750000    0.990668   -0.240668 (VIOLATED)
fanout1870/X                            0.750000    0.990668   -0.240668 (VIOLATED)
_11154_/A1                              0.750000    0.990546   -0.240546 (VIOLATED)
_11137_/B2                              0.750000    0.990544   -0.240544 (VIOLATED)
_10660_/A2                              0.750000    0.990541   -0.240541 (VIOLATED)
_10664_/A2                              0.750000    0.990539   -0.240539 (VIOLATED)
_10440_/A                               0.750000    0.990534   -0.240534 (VIOLATED)
_10445_/B                               0.750000    0.990528   -0.240528 (VIOLATED)
_10236_/B                               0.750000    0.990526   -0.240526 (VIOLATED)
_10443_/A1                              0.750000    0.990526   -0.240526 (VIOLATED)
_10672_/C1                              0.750000    0.990526   -0.240526 (VIOLATED)
_10992_/A                               0.750000    0.990526   -0.240526 (VIOLATED)
fanout514/X                             0.750000    0.990526   -0.240526 (VIOLATED)
_16376_/B1                              0.750000    0.989931   -0.239931 (VIOLATED)
_16724_/A                               0.750000    0.989930   -0.239930 (VIOLATED)
_16950_/C1                              0.750000    0.989929   -0.239929 (VIOLATED)
_17094_/C1                              0.750000    0.989927   -0.239927 (VIOLATED)
_16574_/A1                              0.750000    0.989921   -0.239921 (VIOLATED)
_16571_/C1                              0.750000    0.989919   -0.239920 (VIOLATED)
_16738_/A                               0.750000    0.989916   -0.239916 (VIOLATED)
_16857_/S1                              0.750000    0.989916   -0.239916 (VIOLATED)
_16943_/C1                              0.750000    0.989916   -0.239916 (VIOLATED)
_17223_/S                               0.750000    0.989916   -0.239916 (VIOLATED)
fanout676/X                             0.750000    0.989916   -0.239916 (VIOLATED)
_16286_/B                               0.750000    0.989459   -0.239459 (VIOLATED)
_16260_/A                               0.750000    0.989458   -0.239458 (VIOLATED)
_16280_/B                               0.750000    0.989457   -0.239457 (VIOLATED)
_16303_/A_N                             0.750000    0.989457   -0.239457 (VIOLATED)
_16259_/A                               0.750000    0.989451   -0.239451 (VIOLATED)
_16269_/B                               0.750000    0.989451   -0.239451 (VIOLATED)
_16273_/A                               0.750000    0.989451   -0.239451 (VIOLATED)
_16282_/A_N                             0.750000    0.989451   -0.239451 (VIOLATED)
_16308_/A                               0.750000    0.989451   -0.239451 (VIOLATED)
_16637_/B1                              0.750000    0.989451   -0.239451 (VIOLATED)
fanout1394/X                            0.750000    0.989451   -0.239451 (VIOLATED)
_18306_/B1                              0.750000    0.988660   -0.238660 (VIOLATED)
_18315_/A2                              0.750000    0.988660   -0.238660 (VIOLATED)
_18323_/A2                              0.750000    0.988660   -0.238660 (VIOLATED)
_18347_/A2                              0.750000    0.988660   -0.238660 (VIOLATED)
_18371_/A2                              0.750000    0.988660   -0.238660 (VIOLATED)
_18438_/A2                              0.750000    0.988660   -0.238660 (VIOLATED)
_18439_/A2                              0.750000    0.988660   -0.238660 (VIOLATED)
fanout192/A                             0.750000    0.988660   -0.238660 (VIOLATED)
fanout194/X                             0.750000    0.988660   -0.238660 (VIOLATED)
_09385_/A                               0.750000    0.987754   -0.237754 (VIOLATED)
_10142_/B1                              0.750000    0.987753   -0.237753 (VIOLATED)
_10311_/A1                              0.750000    0.987753   -0.237753 (VIOLATED)
_10322_/C1                              0.750000    0.987753   -0.237753 (VIOLATED)
_10324_/A1                              0.750000    0.987753   -0.237753 (VIOLATED)
_10328_/A1                              0.750000    0.987753   -0.237753 (VIOLATED)
_10329_/A1                              0.750000    0.987753   -0.237753 (VIOLATED)
_11118_/C1                              0.750000    0.987753   -0.237753 (VIOLATED)
_11130_/A1                              0.750000    0.987753   -0.237753 (VIOLATED)
_11350_/C1                              0.750000    0.987753   -0.237753 (VIOLATED)
fanout1402/X                            0.750000    0.987753   -0.237753 (VIOLATED)
_16339_/A1                              0.750000    0.987440   -0.237440 (VIOLATED)
_16368_/A1                              0.750000    0.987440   -0.237440 (VIOLATED)
_16550_/B1                              0.750000    0.987440   -0.237440 (VIOLATED)
_16828_/C1                              0.750000    0.987440   -0.237440 (VIOLATED)
_16921_/C1                              0.750000    0.987440   -0.237440 (VIOLATED)
_16937_/B1                              0.750000    0.987440   -0.237440 (VIOLATED)
_17238_/B1                              0.750000    0.987440   -0.237440 (VIOLATED)
_17262_/B1                              0.750000    0.987440   -0.237440 (VIOLATED)
_17268_/B1                              0.750000    0.987440   -0.237440 (VIOLATED)
_17270_/C1                              0.750000    0.987440   -0.237440 (VIOLATED)
fanout1352/X                            0.750000    0.987440   -0.237440 (VIOLATED)
_14342_/B                               0.750000    0.987411   -0.237411 (VIOLATED)
_14296_/A                               0.750000    0.987410   -0.237410 (VIOLATED)
fanout1288/A                            0.750000    0.987410   -0.237410 (VIOLATED)
_14766_/A_N                             0.750000    0.987409   -0.237409 (VIOLATED)
fanout1289/A                            0.750000    0.987408   -0.237408 (VIOLATED)
_14320_/B                               0.750000    0.987408   -0.237408 (VIOLATED)
_14318_/A                               0.750000    0.987404   -0.237404 (VIOLATED)
_14952_/A1                              0.750000    0.987403   -0.237403 (VIOLATED)
_14275_/A                               0.750000    0.987402   -0.237402 (VIOLATED)
_14340_/A1                              0.750000    0.987402   -0.237402 (VIOLATED)
fanout1290/X                            0.750000    0.987402   -0.237402 (VIOLATED)
_16248_/A                               0.750000    0.987309   -0.237309 (VIOLATED)
_16753_/C1                              0.750000    0.987309   -0.237309 (VIOLATED)
_16626_/C1                              0.750000    0.987307   -0.237307 (VIOLATED)
_16627_/A1                              0.750000    0.987307   -0.237307 (VIOLATED)
fanout1823/A                            0.750000    0.987305   -0.237306 (VIOLATED)
_17164_/C1                              0.750000    0.987304   -0.237304 (VIOLATED)
_17019_/A                               0.750000    0.987302   -0.237302 (VIOLATED)
_09469_/A                               0.750000    0.987302   -0.237302 (VIOLATED)
_17494_/A0                              0.750000    0.987293   -0.237293 (VIOLATED)
fanout1824/X                            0.750000    0.987293   -0.237293 (VIOLATED)
_14084_/A                               0.750000    0.986105   -0.236105 (VIOLATED)
_14102_/B1                              0.750000    0.986105   -0.236105 (VIOLATED)
_14096_/B1                              0.750000    0.986104   -0.236104 (VIOLATED)
_14103_/A1                              0.750000    0.986103   -0.236103 (VIOLATED)
_14090_/A1                              0.750000    0.986102   -0.236102 (VIOLATED)
_13878_/C1                              0.750000    0.986093   -0.236093 (VIOLATED)
_09430_/A                               0.750000    0.986089   -0.236089 (VIOLATED)
_13299_/A1                              0.750000    0.986068   -0.236068 (VIOLATED)
_13489_/S1                              0.750000    0.986065   -0.236065 (VIOLATED)
_13712_/B1                              0.750000    0.986065   -0.236065 (VIOLATED)
fanout1734/X                            0.750000    0.986065   -0.236065 (VIOLATED)
_17571_/A1                              0.750000    0.985808   -0.235808 (VIOLATED)
_17570_/X                               0.750000    0.985375   -0.235375 (VIOLATED)
_09841_/A                               0.750000    0.985021   -0.235021 (VIOLATED)
_09853_/A                               0.750000    0.985021   -0.235021 (VIOLATED)
_09778_/B                               0.750000    0.985019   -0.235019 (VIOLATED)
_09840_/A1                              0.750000    0.985017   -0.235017 (VIOLATED)
_09868_/A_N                             0.750000    0.985015   -0.235015 (VIOLATED)
_10371_/A1                              0.750000    0.985015   -0.235015 (VIOLATED)
_09779_/C_N                             0.750000    0.985014   -0.235014 (VIOLATED)
_09869_/A1                              0.750000    0.985011   -0.235011 (VIOLATED)
_09865_/A                               0.750000    0.985005   -0.235005 (VIOLATED)
_10568_/A1                              0.750000    0.985005   -0.235005 (VIOLATED)
fanout1189/X                            0.750000    0.985005   -0.235005 (VIOLATED)
_12578_/A0                              0.750000    0.984844   -0.234844 (VIOLATED)
_11099_/B                               0.750000    0.984843   -0.234843 (VIOLATED)
_12141_/A                               0.750000    0.984814   -0.234814 (VIOLATED)
_11199_/B                               0.750000    0.984769   -0.234769 (VIOLATED)
fanout1445/A                            0.750000    0.984205   -0.234205 (VIOLATED)
fanout1446/A                            0.750000    0.984204   -0.234204 (VIOLATED)
_09416_/A                               0.750000    0.984202   -0.234202 (VIOLATED)
_12752_/B1                              0.750000    0.984202   -0.234202 (VIOLATED)
_12766_/A1                              0.750000    0.984202   -0.234202 (VIOLATED)
_12772_/A1                              0.750000    0.984202   -0.234202 (VIOLATED)
_12791_/A1                              0.750000    0.984202   -0.234202 (VIOLATED)
_13567_/B1                              0.750000    0.984202   -0.234202 (VIOLATED)
_13779_/A                               0.750000    0.984202   -0.234202 (VIOLATED)
_13794_/C1                              0.750000    0.984202   -0.234202 (VIOLATED)
fanout1447/X                            0.750000    0.984202   -0.234202 (VIOLATED)
_11098_/X                               0.750000    0.984136   -0.234136 (VIOLATED)
_16578_/C1                              0.750000    0.983971   -0.233971 (VIOLATED)
_16383_/B2                              0.750000    0.983970   -0.233970 (VIOLATED)
_16389_/B1                              0.750000    0.983970   -0.233970 (VIOLATED)
_16575_/A                               0.750000    0.983970   -0.233970 (VIOLATED)
_16580_/C1                              0.750000    0.983970   -0.233970 (VIOLATED)
_16583_/A1                              0.750000    0.983970   -0.233970 (VIOLATED)
_16709_/C1                              0.750000    0.983970   -0.233970 (VIOLATED)
_16714_/C1                              0.750000    0.983970   -0.233970 (VIOLATED)
_16871_/B1                              0.750000    0.983970   -0.233970 (VIOLATED)
_17099_/A1                              0.750000    0.983970   -0.233970 (VIOLATED)
fanout1107/X                            0.750000    0.983970   -0.233970 (VIOLATED)
_18343_/B1                              0.750000    0.983959   -0.233959 (VIOLATED)
_18335_/B1                              0.750000    0.983957   -0.233957 (VIOLATED)
_18327_/B1                              0.750000    0.983952   -0.233952 (VIOLATED)
_18355_/B1                              0.750000    0.983945   -0.233945 (VIOLATED)
_18363_/B1                              0.750000    0.983940   -0.233940 (VIOLATED)
_18339_/B1                              0.750000    0.983936   -0.233936 (VIOLATED)
_18331_/B1                              0.750000    0.983923   -0.233923 (VIOLATED)
_18319_/B1                              0.750000    0.983910   -0.233910 (VIOLATED)
_18318_/B1                              0.750000    0.983905   -0.233905 (VIOLATED)
_18336_/B1                              0.750000    0.983905   -0.233905 (VIOLATED)
fanout245/X                             0.750000    0.983905   -0.233905 (VIOLATED)
_13535_/B                               0.750000    0.983297   -0.233297 (VIOLATED)
_13534_/X                               0.750000    0.983265   -0.233265 (VIOLATED)
_09471_/A                               0.750000    0.983132   -0.233133 (VIOLATED)
_15885_/A                               0.750000    0.983132   -0.233133 (VIOLATED)
_15887_/B                               0.750000    0.983132   -0.233133 (VIOLATED)
_15900_/C                               0.750000    0.983132   -0.233133 (VIOLATED)
_15905_/A                               0.750000    0.983132   -0.233133 (VIOLATED)
_15918_/A1                              0.750000    0.983132   -0.233133 (VIOLATED)
_15932_/A                               0.750000    0.983132   -0.233133 (VIOLATED)
_15960_/A1                              0.750000    0.983132   -0.233133 (VIOLATED)
_16215_/A                               0.750000    0.983132   -0.233133 (VIOLATED)
_16219_/A1                              0.750000    0.983132   -0.233133 (VIOLATED)
fanout1849/X                            0.750000    0.983132   -0.233133 (VIOLATED)
_09820_/B2                              0.750000    0.982826   -0.232826 (VIOLATED)
_11211_/C1                              0.750000    0.982825   -0.232825 (VIOLATED)
_10811_/A1                              0.750000    0.982819   -0.232819 (VIOLATED)
_10908_/B1                              0.750000    0.982819   -0.232819 (VIOLATED)
_10896_/A1                              0.750000    0.982818   -0.232818 (VIOLATED)
_10901_/C1                              0.750000    0.982816   -0.232816 (VIOLATED)
_11334_/C1                              0.750000    0.982810   -0.232810 (VIOLATED)
_11324_/C1                              0.750000    0.982809   -0.232809 (VIOLATED)
_11339_/A1                              0.750000    0.982809   -0.232809 (VIOLATED)
fanout822/A                             0.750000    0.982809   -0.232809 (VIOLATED)
fanout823/X                             0.750000    0.982809   -0.232809 (VIOLATED)
fanout319/A                             0.750000    0.982447   -0.232447 (VIOLATED)
fanout325/A                             0.750000    0.982444   -0.232444 (VIOLATED)
fanout309/A                             0.750000    0.982441   -0.232441 (VIOLATED)
fanout312/A                             0.750000    0.982431   -0.232431 (VIOLATED)
fanout305/A                             0.750000    0.982423   -0.232424 (VIOLATED)
fanout310/A                             0.750000    0.982423   -0.232424 (VIOLATED)
fanout326/X                             0.750000    0.982423   -0.232424 (VIOLATED)
_18309_/B1                              0.750000    0.982359   -0.232359 (VIOLATED)
_18339_/A2                              0.750000    0.982355   -0.232355 (VIOLATED)
_18331_/A2                              0.750000    0.982353   -0.232353 (VIOLATED)
_18343_/A2                              0.750000    0.982351   -0.232351 (VIOLATED)
_18363_/A2                              0.750000    0.982351   -0.232351 (VIOLATED)
_18335_/A2                              0.750000    0.982350   -0.232350 (VIOLATED)
_18355_/A2                              0.750000    0.982348   -0.232348 (VIOLATED)
_18327_/A2                              0.750000    0.982347   -0.232347 (VIOLATED)
_18310_/B1                              0.750000    0.982335   -0.232335 (VIOLATED)
_18318_/A2                              0.750000    0.982335   -0.232335 (VIOLATED)
fanout188/X                             0.750000    0.982335   -0.232335 (VIOLATED)
_11241_/S1                              0.750000    0.982259   -0.232259 (VIOLATED)
_11247_/B2                              0.750000    0.982259   -0.232259 (VIOLATED)
_11088_/C1                              0.750000    0.982258   -0.232258 (VIOLATED)
_10531_/A                               0.750000    0.982257   -0.232257 (VIOLATED)
fanout834/A                             0.750000    0.982254   -0.232254 (VIOLATED)
_10001_/B1                              0.750000    0.982247   -0.232247 (VIOLATED)
_10266_/C1                              0.750000    0.982247   -0.232247 (VIOLATED)
_10549_/A                               0.750000    0.982247   -0.232247 (VIOLATED)
_10925_/C1                              0.750000    0.982247   -0.232247 (VIOLATED)
_10926_/C1                              0.750000    0.982247   -0.232247 (VIOLATED)
fanout835/X                             0.750000    0.982247   -0.232247 (VIOLATED)
_18308_/A1                              0.750000    0.982214   -0.232214 (VIOLATED)
_18165_/B1                              0.750000    0.982203   -0.232203 (VIOLATED)
_18164_/X                               0.750000    0.981501   -0.231501 (VIOLATED)
_15344_/A1                              0.750000    0.980445   -0.230445 (VIOLATED)
_15343_/B1                              0.750000    0.980444   -0.230444 (VIOLATED)
_14640_/A                               0.750000    0.980443   -0.230443 (VIOLATED)
_14657_/B                               0.750000    0.980443   -0.230443 (VIOLATED)
_14664_/A1                              0.750000    0.980443   -0.230443 (VIOLATED)
_14695_/C1                              0.750000    0.980443   -0.230443 (VIOLATED)
_14697_/B                               0.750000    0.980443   -0.230443 (VIOLATED)
_14842_/A                               0.750000    0.980443   -0.230443 (VIOLATED)
_15051_/A                               0.750000    0.980443   -0.230443 (VIOLATED)
_15485_/A1                              0.750000    0.980443   -0.230443 (VIOLATED)
fanout697/X                             0.750000    0.980443   -0.230443 (VIOLATED)
_13654_/A1                              0.750000    0.979751   -0.229751 (VIOLATED)
_13639_/A2                              0.750000    0.979749   -0.229749 (VIOLATED)
_13644_/D                               0.750000    0.979745   -0.229745 (VIOLATED)
_13876_/B                               0.750000    0.979715   -0.229715 (VIOLATED)
_13638_/Y                               0.750000    0.979403   -0.229403 (VIOLATED)
_14097_/A2                              0.750000    0.979403   -0.229403 (VIOLATED)
_10043_/B                               0.750000    0.979179   -0.229179 (VIOLATED)
_10134_/B                               0.750000    0.979179   -0.229179 (VIOLATED)
_10325_/A1                              0.750000    0.979179   -0.229179 (VIOLATED)
_10327_/A1                              0.750000    0.979179   -0.229179 (VIOLATED)
_10334_/B                               0.750000    0.979179   -0.229179 (VIOLATED)
_11109_/A1                              0.750000    0.979179   -0.229179 (VIOLATED)
_11256_/B2                              0.750000    0.979179   -0.229179 (VIOLATED)
_11345_/A                               0.750000    0.979179   -0.229179 (VIOLATED)
_11346_/A                               0.750000    0.979179   -0.229179 (VIOLATED)
_11348_/A                               0.750000    0.979179   -0.229179 (VIOLATED)
fanout527/X                             0.750000    0.979179   -0.229179 (VIOLATED)
_14217_/B1                              0.750000    0.979061   -0.229061 (VIOLATED)
_14218_/A1                              0.750000    0.979061   -0.229061 (VIOLATED)
_14153_/A1                              0.750000    0.979055   -0.229055 (VIOLATED)
_15781_/A1                              0.750000    0.979047   -0.229047 (VIOLATED)
fanout348/A                             0.750000    0.979047   -0.229047 (VIOLATED)
fanout350/X                             0.750000    0.979047   -0.229047 (VIOLATED)
_18352_/B1                              0.750000    0.979023   -0.229023 (VIOLATED)
_18317_/B1                              0.750000    0.979020   -0.229020 (VIOLATED)
_18326_/B1                              0.750000    0.979019   -0.229019 (VIOLATED)
_18334_/B1                              0.750000    0.979016   -0.229016 (VIOLATED)
_18342_/B1                              0.750000    0.979014   -0.229014 (VIOLATED)
_18351_/B1                              0.750000    0.979009   -0.229009 (VIOLATED)
_18330_/B1                              0.750000    0.979009   -0.229009 (VIOLATED)
_18359_/B1                              0.750000    0.979009   -0.229009 (VIOLATED)
_18314_/B1                              0.750000    0.979000   -0.229000 (VIOLATED)
_18322_/B1                              0.750000    0.979000   -0.229000 (VIOLATED)
fanout244/X                             0.750000    0.979000   -0.229000 (VIOLATED)
_18379_/B1                              0.750000    0.978543   -0.228543 (VIOLATED)
_18435_/B1                              0.750000    0.978541   -0.228541 (VIOLATED)
_18387_/B1                              0.750000    0.978540   -0.228540 (VIOLATED)
_18395_/B1                              0.750000    0.978540   -0.228541 (VIOLATED)
_18437_/B1                              0.750000    0.978540   -0.228540 (VIOLATED)
_18438_/B1                              0.750000    0.978540   -0.228540 (VIOLATED)
_18403_/B1                              0.750000    0.978539   -0.228539 (VIOLATED)
_18418_/A2                              0.750000    0.978536   -0.228536 (VIOLATED)
_18414_/A2                              0.750000    0.978534   -0.228534 (VIOLATED)
_18420_/A2                              0.750000    0.978534   -0.228534 (VIOLATED)
fanout248/X                             0.750000    0.978534   -0.228534 (VIOLATED)
_12050_/B1                              0.750000    0.977868   -0.227868 (VIOLATED)
_12152_/B1                              0.750000    0.977868   -0.227868 (VIOLATED)
_12051_/A1                              0.750000    0.977866   -0.227866 (VIOLATED)
_11946_/A1                              0.750000    0.977865   -0.227865 (VIOLATED)
_12087_/B1                              0.750000    0.977858   -0.227859 (VIOLATED)
_12171_/C1                              0.750000    0.977857   -0.227857 (VIOLATED)
_12204_/C1                              0.750000    0.977850   -0.227850 (VIOLATED)
_11971_/C1                              0.750000    0.977848   -0.227848 (VIOLATED)
_12000_/A1                              0.750000    0.977848   -0.227848 (VIOLATED)
_12242_/B1                              0.750000    0.977848   -0.227848 (VIOLATED)
fanout1014/X                            0.750000    0.977848   -0.227848 (VIOLATED)
_18276_/A1                              0.750000    0.977681   -0.227681 (VIOLATED)
_17273_/B1                              0.750000    0.977607   -0.227607 (VIOLATED)
_16545_/B1                              0.750000    0.977605   -0.227605 (VIOLATED)
_16838_/A1                              0.750000    0.977605   -0.227605 (VIOLATED)
_16922_/A                               0.750000    0.977605   -0.227605 (VIOLATED)
_16929_/A                               0.750000    0.977605   -0.227605 (VIOLATED)
_16933_/C1                              0.750000    0.977605   -0.227605 (VIOLATED)
_17117_/C1                              0.750000    0.977605   -0.227605 (VIOLATED)
_17237_/A1                              0.750000    0.977605   -0.227605 (VIOLATED)
_17248_/C1                              0.750000    0.977605   -0.227605 (VIOLATED)
fanout663/A                             0.750000    0.977605   -0.227605 (VIOLATED)
fanout664/X                             0.750000    0.977605   -0.227605 (VIOLATED)
_13360_/B                               0.750000    0.977275   -0.227275 (VIOLATED)
_13364_/B                               0.750000    0.977275   -0.227275 (VIOLATED)
_13366_/B                               0.750000    0.977274   -0.227274 (VIOLATED)
_13752_/A1                              0.750000    0.977273   -0.227273 (VIOLATED)
_13523_/B1                              0.750000    0.977271   -0.227271 (VIOLATED)
_13044_/C                               0.750000    0.977264   -0.227264 (VIOLATED)
_12993_/A2                              0.750000    0.977263   -0.227263 (VIOLATED)
_13038_/C                               0.750000    0.977263   -0.227263 (VIOLATED)
_13374_/A                               0.750000    0.977263   -0.227263 (VIOLATED)
_13587_/B                               0.750000    0.977263   -0.227263 (VIOLATED)
fanout468/X                             0.750000    0.977263   -0.227263 (VIOLATED)
_15673_/C1                              0.750000    0.977118   -0.227118 (VIOLATED)
_15341_/B2                              0.750000    0.977117   -0.227117 (VIOLATED)
_15611_/A1                              0.750000    0.977116   -0.227116 (VIOLATED)
_15217_/A1                              0.750000    0.977115   -0.227115 (VIOLATED)
_14682_/C1                              0.750000    0.977115   -0.227115 (VIOLATED)
_14844_/B1                              0.750000    0.977114   -0.227115 (VIOLATED)
_15474_/A1                              0.750000    0.977114   -0.227114 (VIOLATED)
_15480_/B1                              0.750000    0.977114   -0.227114 (VIOLATED)
_15606_/C1                              0.750000    0.977114   -0.227114 (VIOLATED)
fanout699/A                             0.750000    0.977114   -0.227114 (VIOLATED)
fanout700/X                             0.750000    0.977114   -0.227114 (VIOLATED)
_18074_/B2                              0.750000    0.976764   -0.226764 (VIOLATED)
_17784_/B                               0.750000    0.976764   -0.226764 (VIOLATED)
_18264_/A1                              0.750000    0.976749   -0.226749 (VIOLATED)
_19229_/Q                               0.750000    0.976749   -0.226749 (VIOLATED)
ANTENNA_81/DIODE                        0.750000    0.976724   -0.226724 (VIOLATED)
_17482_/A1                              0.750000    0.976724   -0.226724 (VIOLATED)
ANTENNA_79/DIODE                        0.750000    0.976723   -0.226724 (VIOLATED)
ANTENNA_78/DIODE                        0.750000    0.976721   -0.226721 (VIOLATED)
ANTENNA_80/DIODE                        0.750000    0.976719   -0.226719 (VIOLATED)
ANTENNA_82/DIODE                        0.750000    0.976718   -0.226718 (VIOLATED)
_10095_/A                               0.750000    0.976250   -0.226250 (VIOLATED)
_10073_/A                               0.750000    0.976250   -0.226250 (VIOLATED)
_10314_/S0                              0.750000    0.976250   -0.226250 (VIOLATED)
_10321_/A                               0.750000    0.976250   -0.226250 (VIOLATED)
_10334_/A                               0.750000    0.976250   -0.226250 (VIOLATED)
_10610_/A1                              0.750000    0.976250   -0.226250 (VIOLATED)
_10630_/A                               0.750000    0.976250   -0.226250 (VIOLATED)
_10718_/A                               0.750000    0.976250   -0.226250 (VIOLATED)
_10961_/A1                              0.750000    0.976250   -0.226250 (VIOLATED)
_11259_/A1                              0.750000    0.976250   -0.226250 (VIOLATED)
fanout807/X                             0.750000    0.976250   -0.226250 (VIOLATED)
_17481_/X                               0.750000    0.976110   -0.226110 (VIOLATED)
_15420_/A1                              0.750000    0.975604   -0.225604 (VIOLATED)
_15169_/A1                              0.750000    0.975603   -0.225603 (VIOLATED)
_15003_/B2                              0.750000    0.975602   -0.225602 (VIOLATED)
_15291_/A1                              0.750000    0.975602   -0.225602 (VIOLATED)
_14279_/A                               0.750000    0.975602   -0.225602 (VIOLATED)
_15554_/B2                              0.750000    0.975601   -0.225601 (VIOLATED)
_15539_/A1                              0.750000    0.975598   -0.225598 (VIOLATED)
_14999_/A                               0.750000    0.975596   -0.225596 (VIOLATED)
_15154_/S                               0.750000    0.975596   -0.225596 (VIOLATED)
_15289_/A1                              0.750000    0.975596   -0.225596 (VIOLATED)
fanout721/X                             0.750000    0.975596   -0.225596 (VIOLATED)
_10132_/C1                              0.750000    0.975546   -0.225546 (VIOLATED)
_10140_/B1                              0.750000    0.975546   -0.225546 (VIOLATED)
_11375_/A1                              0.750000    0.975545   -0.225545 (VIOLATED)
_10339_/C1                              0.750000    0.975544   -0.225544 (VIOLATED)
_10078_/C1                              0.750000    0.975544   -0.225544 (VIOLATED)
_10087_/C1                              0.750000    0.975544   -0.225544 (VIOLATED)
_10098_/A                               0.750000    0.975544   -0.225544 (VIOLATED)
_10099_/A1                              0.750000    0.975544   -0.225544 (VIOLATED)
_10102_/A                               0.750000    0.975544   -0.225544 (VIOLATED)
_10125_/A1                              0.750000    0.975544   -0.225544 (VIOLATED)
fanout1397/X                            0.750000    0.975544   -0.225544 (VIOLATED)
_12729_/A                               0.750000    0.975393   -0.225393 (VIOLATED)
_13229_/B1                              0.750000    0.975392   -0.225392 (VIOLATED)
_13548_/A1                              0.750000    0.975392   -0.225392 (VIOLATED)
_13241_/A1                              0.750000    0.975392   -0.225392 (VIOLATED)
_13242_/B1                              0.750000    0.975392   -0.225392 (VIOLATED)
_12693_/B1                              0.750000    0.975391   -0.225391 (VIOLATED)
_12719_/B                               0.750000    0.975391   -0.225391 (VIOLATED)
_12739_/A                               0.750000    0.975391   -0.225391 (VIOLATED)
_12748_/A1                              0.750000    0.975391   -0.225391 (VIOLATED)
_13251_/A1                              0.750000    0.975391   -0.225391 (VIOLATED)
fanout1468/X                            0.750000    0.975391   -0.225391 (VIOLATED)
_15543_/B1                              0.750000    0.974693   -0.224693 (VIOLATED)
_15419_/C1                              0.750000    0.974691   -0.224691 (VIOLATED)
_15293_/A1                              0.750000    0.974691   -0.224691 (VIOLATED)
_15171_/A1                              0.750000    0.974688   -0.224689 (VIOLATED)
_15410_/C1                              0.750000    0.974687   -0.224687 (VIOLATED)
_15431_/A1                              0.750000    0.974686   -0.224687 (VIOLATED)
_15557_/A1                              0.750000    0.974682   -0.224682 (VIOLATED)
_14773_/C1                              0.750000    0.974671   -0.224672 (VIOLATED)
_14812_/A                               0.750000    0.974669   -0.224669 (VIOLATED)
_14959_/A1                              0.750000    0.974669   -0.224669 (VIOLATED)
fanout1253/X                            0.750000    0.974669   -0.224669 (VIOLATED)
ANTENNA_102/DIODE                       0.750000    0.974143   -0.224143 (VIOLATED)
_17574_/A1                              0.750000    0.974143   -0.224143 (VIOLATED)
ANTENNA_101/DIODE                       0.750000    0.974142   -0.224142 (VIOLATED)
ANTENNA_103/DIODE                       0.750000    0.974142   -0.224142 (VIOLATED)
ANTENNA_104/DIODE                       0.750000    0.974142   -0.224142 (VIOLATED)
ANTENNA_105/DIODE                       0.750000    0.974142   -0.224142 (VIOLATED)
ANTENNA_106/DIODE                       0.750000    0.974142   -0.224142 (VIOLATED)
_17573_/X                               0.750000    0.974059   -0.224059 (VIOLATED)
fanout1092/A                            0.750000    0.973784   -0.223784 (VIOLATED)
fanout1090/A                            0.750000    0.973778   -0.223778 (VIOLATED)
_11502_/A1                              0.750000    0.973774   -0.223774 (VIOLATED)
_11537_/A1                              0.750000    0.973774   -0.223774 (VIOLATED)
_11769_/A1                              0.750000    0.973774   -0.223774 (VIOLATED)
fanout1087/A                            0.750000    0.973774   -0.223774 (VIOLATED)
fanout1088/A                            0.750000    0.973774   -0.223774 (VIOLATED)
fanout1093/X                            0.750000    0.973774   -0.223774 (VIOLATED)
_12990_/A_N                             0.750000    0.973241   -0.223241 (VIOLATED)
_13008_/A                               0.750000    0.973238   -0.223238 (VIOLATED)
_12955_/A_N                             0.750000    0.973232   -0.223232 (VIOLATED)
_13001_/A                               0.750000    0.973232   -0.223232 (VIOLATED)
_13015_/B                               0.750000    0.973231   -0.223231 (VIOLATED)
_13014_/B                               0.750000    0.973230   -0.223230 (VIOLATED)
_13491_/B                               0.750000    0.973227   -0.223227 (VIOLATED)
_13896_/A1                              0.750000    0.973222   -0.223222 (VIOLATED)
_12960_/B                               0.750000    0.973219   -0.223219 (VIOLATED)
_12962_/B                               0.750000    0.973216   -0.223216 (VIOLATED)
fanout1243/X                            0.750000    0.973216   -0.223216 (VIOLATED)
_17568_/A1                              0.750000    0.973134   -0.223134 (VIOLATED)
_11966_/C1                              0.750000    0.972764   -0.222764 (VIOLATED)
_12169_/A1                              0.750000    0.972764   -0.222764 (VIOLATED)
_12157_/S1                              0.750000    0.972760   -0.222760 (VIOLATED)
_12225_/B1                              0.750000    0.972760   -0.222760 (VIOLATED)
_12047_/A1                              0.750000    0.972759   -0.222759 (VIOLATED)
_12043_/C1                              0.750000    0.972757   -0.222757 (VIOLATED)
_12162_/C1                              0.750000    0.972751   -0.222751 (VIOLATED)
_12165_/B                               0.750000    0.972745   -0.222745 (VIOLATED)
_11910_/B2                              0.750000    0.972733   -0.222733 (VIOLATED)
_11866_/C1                              0.750000    0.972729   -0.222729 (VIOLATED)
fanout780/X                             0.750000    0.972729   -0.222729 (VIOLATED)
_17567_/X                               0.750000    0.972709   -0.222709 (VIOLATED)
_17300_/B1                              0.750000    0.972627   -0.222627 (VIOLATED)
_17297_/Y                               0.750000    0.972611   -0.222611 (VIOLATED)
_12747_/B                               0.750000    0.972255   -0.222255 (VIOLATED)
_12762_/B                               0.750000    0.972255   -0.222255 (VIOLATED)
_12701_/A_N                             0.750000    0.972253   -0.222253 (VIOLATED)
fanout1482/A                            0.750000    0.972251   -0.222251 (VIOLATED)
_13549_/B                               0.750000    0.972250   -0.222250 (VIOLATED)
_12746_/B                               0.750000    0.972250   -0.222250 (VIOLATED)
_13800_/B2                              0.750000    0.972250   -0.222250 (VIOLATED)
_13820_/A3                              0.750000    0.972250   -0.222250 (VIOLATED)
fanout1483/X                            0.750000    0.972250   -0.222250 (VIOLATED)
_12433_/C1                              0.750000    0.972159   -0.222159 (VIOLATED)
_12477_/A1                              0.750000    0.972155   -0.222155 (VIOLATED)
_12546_/B1                              0.750000    0.972153   -0.222153 (VIOLATED)
_12459_/B1                              0.750000    0.972152   -0.222152 (VIOLATED)
_12423_/B1                              0.750000    0.972152   -0.222152 (VIOLATED)
_12466_/A1                              0.750000    0.972148   -0.222148 (VIOLATED)
_12597_/A                               0.750000    0.972141   -0.222141 (VIOLATED)
_12628_/C1                              0.750000    0.972141   -0.222141 (VIOLATED)
_12632_/B1                              0.750000    0.972141   -0.222141 (VIOLATED)
fanout769/A                             0.750000    0.972141   -0.222141 (VIOLATED)
fanout770/X                             0.750000    0.972141   -0.222141 (VIOLATED)
_16261_/B                               0.750000    0.969766   -0.219766 (VIOLATED)
_17113_/A1                              0.750000    0.969766   -0.219766 (VIOLATED)
_16825_/C                               0.750000    0.969765   -0.219765 (VIOLATED)
_16640_/A2                              0.750000    0.969757   -0.219757 (VIOLATED)
_16301_/A2                              0.750000    0.969746   -0.219746 (VIOLATED)
_16342_/A2                              0.750000    0.969746   -0.219746 (VIOLATED)
_16344_/A                               0.750000    0.969746   -0.219746 (VIOLATED)
_16349_/A1                              0.750000    0.969746   -0.219746 (VIOLATED)
_16541_/B                               0.750000    0.969746   -0.219746 (VIOLATED)
_16821_/A2                              0.750000    0.969746   -0.219746 (VIOLATED)
fanout386/X                             0.750000    0.969746   -0.219746 (VIOLATED)
_15045_/C1                              0.750000    0.967011   -0.217011 (VIOLATED)
_14487_/S                               0.750000    0.967010   -0.217010 (VIOLATED)
_15522_/A1                              0.750000    0.967008   -0.217008 (VIOLATED)
_15516_/A1                              0.750000    0.967004   -0.217004 (VIOLATED)
_09452_/A                               0.750000    0.967000   -0.217001 (VIOLATED)
_14753_/B1                              0.750000    0.966993   -0.216993 (VIOLATED)
_14750_/A                               0.750000    0.966990   -0.216990 (VIOLATED)
_14761_/A1                              0.750000    0.966979   -0.216979 (VIOLATED)
_14723_/B1                              0.750000    0.966977   -0.216977 (VIOLATED)
_14758_/C1                              0.750000    0.966977   -0.216977 (VIOLATED)
fanout1294/X                            0.750000    0.966977   -0.216977 (VIOLATED)
_13931_/D_N                             0.750000    0.966790   -0.216790 (VIOLATED)
_12777_/B                               0.750000    0.966789   -0.216789 (VIOLATED)
_13225_/A1                              0.750000    0.966788   -0.216788 (VIOLATED)
_12734_/B                               0.750000    0.966788   -0.216788 (VIOLATED)
_12720_/A1                              0.750000    0.966785   -0.216785 (VIOLATED)
_12733_/B                               0.750000    0.966785   -0.216785 (VIOLATED)
_12770_/C                               0.750000    0.966785   -0.216785 (VIOLATED)
_13229_/A1                              0.750000    0.966785   -0.216785 (VIOLATED)
_13538_/A1                              0.750000    0.966785   -0.216785 (VIOLATED)
_13564_/A1                              0.750000    0.966785   -0.216785 (VIOLATED)
fanout482/X                             0.750000    0.966785   -0.216785 (VIOLATED)
_18167_/B1                              0.750000    0.966566   -0.216566 (VIOLATED)
_18309_/A1                              0.750000    0.966565   -0.216565 (VIOLATED)
ANTENNA_262/DIODE                       0.750000    0.966326   -0.216326 (VIOLATED)
ANTENNA_260/DIODE                       0.750000    0.966326   -0.216326 (VIOLATED)
_17610_/A1                              0.750000    0.966325   -0.216326 (VIOLATED)
ANTENNA_261/DIODE                       0.750000    0.966324   -0.216324 (VIOLATED)
ANTENNA_263/DIODE                       0.750000    0.966324   -0.216324 (VIOLATED)
_17609_/X                               0.750000    0.966210   -0.216210 (VIOLATED)
_18166_/X                               0.750000    0.966154   -0.216154 (VIOLATED)
_16935_/A1                              0.750000    0.965974   -0.215974 (VIOLATED)
_16275_/A                               0.750000    0.965973   -0.215973 (VIOLATED)
_16316_/A1                              0.750000    0.965972   -0.215972 (VIOLATED)
_16630_/A                               0.750000    0.965963   -0.215963 (VIOLATED)
_16267_/A                               0.750000    0.965960   -0.215960 (VIOLATED)
_16262_/B                               0.750000    0.965951   -0.215951 (VIOLATED)
_16297_/A                               0.750000    0.965945   -0.215945 (VIOLATED)
_16355_/A                               0.750000    0.965942   -0.215942 (VIOLATED)
fanout1379/A                            0.750000    0.965941   -0.215941 (VIOLATED)
fanout1380/X                            0.750000    0.965941   -0.215941 (VIOLATED)
_10454_/A1                              0.750000    0.965706   -0.215706 (VIOLATED)
_10450_/B1                              0.750000    0.965706   -0.215706 (VIOLATED)
_10218_/B1                              0.750000    0.965705   -0.215705 (VIOLATED)
_10674_/S1                              0.750000    0.965703   -0.215703 (VIOLATED)
fanout800/A                             0.750000    0.965700   -0.215700 (VIOLATED)
_10239_/A1                              0.750000    0.965699   -0.215699 (VIOLATED)
_10837_/A                               0.750000    0.965699   -0.215699 (VIOLATED)
_10844_/A1                              0.750000    0.965699   -0.215699 (VIOLATED)
_10976_/S0                              0.750000    0.965699   -0.215699 (VIOLATED)
_10995_/A1                              0.750000    0.965699   -0.215699 (VIOLATED)
fanout801/X                             0.750000    0.965699   -0.215699 (VIOLATED)
_10556_/A1                              0.750000    0.964850   -0.214850 (VIOLATED)
_10027_/A1                              0.750000    0.964848   -0.214848 (VIOLATED)
_10026_/C1                              0.750000    0.964846   -0.214846 (VIOLATED)
_09940_/A1                              0.750000    0.964844   -0.214844 (VIOLATED)
_09948_/B1                              0.750000    0.964844   -0.214844 (VIOLATED)
_09974_/B                               0.750000    0.964844   -0.214844 (VIOLATED)
_10296_/B1                              0.750000    0.964844   -0.214844 (VIOLATED)
_10776_/B1                              0.750000    0.964844   -0.214844 (VIOLATED)
_10778_/A1                              0.750000    0.964844   -0.214844 (VIOLATED)
_11228_/C1                              0.750000    0.964844   -0.214844 (VIOLATED)
fanout825/X                             0.750000    0.964844   -0.214844 (VIOLATED)
_16396_/A2                              0.750000    0.964347   -0.214347 (VIOLATED)
_16075_/A2                              0.750000    0.964346   -0.214346 (VIOLATED)
_17081_/A2                              0.750000    0.964344   -0.214344 (VIOLATED)
_16853_/A2                              0.750000    0.964343   -0.214343 (VIOLATED)
_16563_/C                               0.750000    0.964340   -0.214340 (VIOLATED)
_16710_/B1                              0.750000    0.964334   -0.214334 (VIOLATED)
_16072_/B                               0.750000    0.964330   -0.214330 (VIOLATED)
_16074_/A2                              0.750000    0.964330   -0.214330 (VIOLATED)
_16378_/A1                              0.750000    0.964330   -0.214330 (VIOLATED)
_16374_/A3                              0.750000    0.964326   -0.214326 (VIOLATED)
fanout402/X                             0.750000    0.964326   -0.214326 (VIOLATED)
_18293_/B1                              0.750000    0.963524   -0.213524 (VIOLATED)
_18300_/B1                              0.750000    0.963516   -0.213516 (VIOLATED)
_18296_/B1                              0.750000    0.963512   -0.213512 (VIOLATED)
_18294_/B1                              0.750000    0.963503   -0.213503 (VIOLATED)
fanout272/A                             0.750000    0.963490   -0.213490 (VIOLATED)
fanout271/A                             0.750000    0.963468   -0.213468 (VIOLATED)
fanout273/A                             0.750000    0.963464   -0.213464 (VIOLATED)
fanout275/X                             0.750000    0.963464   -0.213464 (VIOLATED)
_17210_/A1                              0.750000    0.963212   -0.213212 (VIOLATED)
_16573_/A1                              0.750000    0.963211   -0.213211 (VIOLATED)
_16583_/B1                              0.750000    0.963210   -0.213210 (VIOLATED)
_16741_/S                               0.750000    0.963210   -0.213210 (VIOLATED)
_16871_/A1                              0.750000    0.963210   -0.213210 (VIOLATED)
_16962_/B1                              0.750000    0.963210   -0.213210 (VIOLATED)
_16966_/C1                              0.750000    0.963210   -0.213210 (VIOLATED)
_17094_/A1                              0.750000    0.963210   -0.213210 (VIOLATED)
_17095_/B1                              0.750000    0.963210   -0.213210 (VIOLATED)
fanout1111/A                            0.750000    0.963210   -0.213210 (VIOLATED)
fanout1112/X                            0.750000    0.963210   -0.213210 (VIOLATED)
_12649_/A                               0.750000    0.962192   -0.212192 (VIOLATED)
_12616_/X                               0.750000    0.962131   -0.212131 (VIOLATED)
_14973_/A1                              0.750000    0.962066   -0.212066 (VIOLATED)
_14270_/A                               0.750000    0.962064   -0.212064 (VIOLATED)
_14317_/A2                              0.750000    0.962062   -0.212062 (VIOLATED)
_14268_/A_N                             0.750000    0.962059   -0.212059 (VIOLATED)
_14312_/B                               0.750000    0.962059   -0.212059 (VIOLATED)
_14283_/B                               0.750000    0.962059   -0.212059 (VIOLATED)
_14343_/C                               0.750000    0.962055   -0.212055 (VIOLATED)
_14297_/B                               0.750000    0.962053   -0.212053 (VIOLATED)
_14328_/A                               0.750000    0.962053   -0.212053 (VIOLATED)
fanout1286/A                            0.750000    0.962049   -0.212049 (VIOLATED)
fanout1287/X                            0.750000    0.962049   -0.212049 (VIOLATED)
_16504_/C1                              0.750000    0.960830   -0.210830 (VIOLATED)
_16978_/B1                              0.750000    0.960829   -0.210829 (VIOLATED)
_16806_/C1                              0.750000    0.960823   -0.210823 (VIOLATED)
_17059_/A                               0.750000    0.960819   -0.210819 (VIOLATED)
_17043_/B2                              0.750000    0.960817   -0.210817 (VIOLATED)
_17305_/A                               0.750000    0.960807   -0.210807 (VIOLATED)
_17175_/C1                              0.750000    0.960807   -0.210807 (VIOLATED)
_17064_/B1                              0.750000    0.960790   -0.210791 (VIOLATED)
_17051_/A                               0.750000    0.960788   -0.210789 (VIOLATED)
_17178_/A1                              0.750000    0.960788   -0.210789 (VIOLATED)
fanout655/X                             0.750000    0.960788   -0.210789 (VIOLATED)
_10471_/A1                              0.750000    0.960481   -0.210481 (VIOLATED)
_10197_/A1                              0.750000    0.960480   -0.210480 (VIOLATED)
_10208_/C1                              0.750000    0.960480   -0.210480 (VIOLATED)
_10242_/B1                              0.750000    0.960480   -0.210480 (VIOLATED)
_10248_/B2                              0.750000    0.960480   -0.210480 (VIOLATED)
_10249_/A1                              0.750000    0.960480   -0.210480 (VIOLATED)
_10980_/C1                              0.750000    0.960480   -0.210480 (VIOLATED)
_10983_/B1                              0.750000    0.960480   -0.210480 (VIOLATED)
_10993_/C1                              0.750000    0.960480   -0.210480 (VIOLATED)
_11144_/C1                              0.750000    0.960480   -0.210480 (VIOLATED)
fanout904/X                             0.750000    0.960480   -0.210480 (VIOLATED)
fanout679/A                             0.750000    0.960480   -0.210480 (VIOLATED)
_17033_/A1                              0.750000    0.960478   -0.210478 (VIOLATED)
_15916_/A1                              0.750000    0.960475   -0.210475 (VIOLATED)
_15955_/B2                              0.750000    0.960473   -0.210474 (VIOLATED)
_15938_/A                               0.750000    0.960472   -0.210472 (VIOLATED)
_15969_/B1                              0.750000    0.960469   -0.210469 (VIOLATED)
_16767_/A1                              0.750000    0.960468   -0.210468 (VIOLATED)
_16768_/C1                              0.750000    0.960468   -0.210468 (VIOLATED)
_16771_/A1                              0.750000    0.960468   -0.210468 (VIOLATED)
_16774_/S                               0.750000    0.960468   -0.210468 (VIOLATED)
fanout680/X                             0.750000    0.960468   -0.210468 (VIOLATED)
_17208_/B1                              0.750000    0.960380   -0.210380 (VIOLATED)
_16570_/B1                              0.750000    0.960375   -0.210375 (VIOLATED)
_17207_/C1                              0.750000    0.960375   -0.210375 (VIOLATED)
_16571_/A1                              0.750000    0.960373   -0.210373 (VIOLATED)
_17088_/C1                              0.750000    0.960366   -0.210366 (VIOLATED)
_16018_/C1                              0.750000    0.960363   -0.210363 (VIOLATED)
_16025_/C1                              0.750000    0.960363   -0.210363 (VIOLATED)
_16042_/C1                              0.750000    0.960363   -0.210363 (VIOLATED)
_16056_/A1                              0.750000    0.960363   -0.210363 (VIOLATED)
_17087_/A1                              0.750000    0.960363   -0.210363 (VIOLATED)
fanout1111/X                            0.750000    0.960363   -0.210363 (VIOLATED)
_14116_/B                               0.750000    0.960094   -0.210094 (VIOLATED)
_14115_/X                               0.750000    0.959966   -0.209966 (VIOLATED)
_18689_/A1_N                            0.750000    0.959703   -0.209703 (VIOLATED)
_18667_/A1_N                            0.750000    0.959703   -0.209703 (VIOLATED)
_18697_/A1_N                            0.750000    0.959699   -0.209699 (VIOLATED)
fanout873/A                             0.750000    0.959674   -0.209674 (VIOLATED)
fanout874/A                             0.750000    0.959674   -0.209674 (VIOLATED)
fanout875/A                             0.750000    0.959674   -0.209674 (VIOLATED)
fanout876/X                             0.750000    0.959674   -0.209674 (VIOLATED)
_13993_/A1                              0.750000    0.958515   -0.208515 (VIOLATED)
_13055_/B1                              0.750000    0.958515   -0.208515 (VIOLATED)
_13506_/A                               0.750000    0.958512   -0.208512 (VIOLATED)
_13513_/C1                              0.750000    0.958511   -0.208511 (VIOLATED)
_13593_/C1                              0.750000    0.958510   -0.208510 (VIOLATED)
_13518_/A1                              0.750000    0.958505   -0.208505 (VIOLATED)
_13495_/C1                              0.750000    0.958498   -0.208498 (VIOLATED)
_13381_/A1                              0.750000    0.958483   -0.208483 (VIOLATED)
_13505_/A                               0.750000    0.958483   -0.208483 (VIOLATED)
_13528_/A1                              0.750000    0.958479   -0.208479 (VIOLATED)
fanout1209/X                            0.750000    0.958479   -0.208479 (VIOLATED)
_16775_/S1                              0.750000    0.958219   -0.208219 (VIOLATED)
_16217_/C1                              0.750000    0.958218   -0.208218 (VIOLATED)
_17163_/B1                              0.750000    0.958216   -0.208216 (VIOLATED)
_17035_/B1                              0.750000    0.958215   -0.208215 (VIOLATED)
_15974_/B1                              0.750000    0.958208   -0.208208 (VIOLATED)
_16883_/B1                              0.750000    0.958202   -0.208202 (VIOLATED)
_17161_/C1                              0.750000    0.958201   -0.208201 (VIOLATED)
fanout1822/A                            0.750000    0.958199   -0.208199 (VIOLATED)
fanout1823/X                            0.750000    0.958199   -0.208199 (VIOLATED)
_11846_/A                               0.750000    0.957398   -0.207398 (VIOLATED)
_11852_/B                               0.750000    0.957398   -0.207398 (VIOLATED)
_11853_/B                               0.750000    0.957398   -0.207398 (VIOLATED)
_11858_/A_N                             0.750000    0.957398   -0.207398 (VIOLATED)
_11869_/A                               0.750000    0.957398   -0.207398 (VIOLATED)
_11870_/A                               0.750000    0.957398   -0.207398 (VIOLATED)
_11881_/A                               0.750000    0.957398   -0.207398 (VIOLATED)
_11886_/A                               0.750000    0.957398   -0.207398 (VIOLATED)
fanout1055/A                            0.750000    0.957398   -0.207398 (VIOLATED)
fanout1056/X                            0.750000    0.957398   -0.207398 (VIOLATED)
_13669_/B                               0.750000    0.957113   -0.207113 (VIOLATED)
_13668_/X                               0.750000    0.956925   -0.206925 (VIOLATED)
_11283_/A                               0.750000    0.956748   -0.206748 (VIOLATED)
_11293_/A1                              0.750000    0.956748   -0.206748 (VIOLATED)
_10644_/A1                              0.750000    0.956746   -0.206746 (VIOLATED)
_10437_/A                               0.750000    0.956743   -0.206743 (VIOLATED)
_10195_/B1                              0.750000    0.956742   -0.206742 (VIOLATED)
_10835_/C1                              0.750000    0.956742   -0.206742 (VIOLATED)
_11136_/C1                              0.750000    0.956742   -0.206742 (VIOLATED)
_11384_/A1                              0.750000    0.956742   -0.206742 (VIOLATED)
fanout802/A                             0.750000    0.956742   -0.206742 (VIOLATED)
fanout803/A                             0.750000    0.956742   -0.206742 (VIOLATED)
fanout804/X                             0.750000    0.956742   -0.206742 (VIOLATED)
_11945_/A1                              0.750000    0.956638   -0.206638 (VIOLATED)
_11912_/A1                              0.750000    0.956637   -0.206637 (VIOLATED)
_12204_/A1                              0.750000    0.956635   -0.206635 (VIOLATED)
_12171_/A1                              0.750000    0.956634   -0.206634 (VIOLATED)
_11970_/B1                              0.750000    0.956634   -0.206634 (VIOLATED)
_11971_/A1                              0.750000    0.956634   -0.206634 (VIOLATED)
_12000_/C1                              0.750000    0.956634   -0.206634 (VIOLATED)
_12047_/B1                              0.750000    0.956634   -0.206634 (VIOLATED)
_12157_/S0                              0.750000    0.956634   -0.206634 (VIOLATED)
_12169_/C1                              0.750000    0.956634   -0.206634 (VIOLATED)
fanout1019/X                            0.750000    0.956634   -0.206634 (VIOLATED)
_13471_/B1                              0.750000    0.956590   -0.206590 (VIOLATED)
_12900_/B                               0.750000    0.956589   -0.206589 (VIOLATED)
_13958_/A3                              0.750000    0.956587   -0.206587 (VIOLATED)
_13645_/A1                              0.750000    0.956586   -0.206586 (VIOLATED)
_12899_/B                               0.750000    0.956585   -0.206585 (VIOLATED)
_13403_/A                               0.750000    0.956582   -0.206583 (VIOLATED)
_12770_/A                               0.750000    0.956582   -0.206582 (VIOLATED)
_12718_/A                               0.750000    0.956582   -0.206582 (VIOLATED)
_13813_/A1                              0.750000    0.956582   -0.206582 (VIOLATED)
_13410_/A1                              0.750000    0.956581   -0.206581 (VIOLATED)
_12727_/A                               0.750000    0.956581   -0.206581 (VIOLATED)
_12800_/A                               0.750000    0.956581   -0.206581 (VIOLATED)
_12816_/A                               0.750000    0.956581   -0.206581 (VIOLATED)
_13249_/B1                              0.750000    0.956581   -0.206581 (VIOLATED)
_13559_/B1                              0.750000    0.956581   -0.206581 (VIOLATED)
fanout758/X                             0.750000    0.956581   -0.206581 (VIOLATED)
_13306_/A2                              0.750000    0.956562   -0.206562 (VIOLATED)
_13648_/A2                              0.750000    0.956547   -0.206547 (VIOLATED)
_12901_/C                               0.750000    0.956542   -0.206542 (VIOLATED)
_12938_/A3                              0.750000    0.956542   -0.206542 (VIOLATED)
_12945_/C                               0.750000    0.956542   -0.206542 (VIOLATED)
fanout477/X                             0.750000    0.956542   -0.206542 (VIOLATED)
_17975_/A2                              0.750000    0.953891   -0.203891 (VIOLATED)
_17991_/A2                              0.750000    0.953890   -0.203890 (VIOLATED)
_17981_/A2                              0.750000    0.953888   -0.203888 (VIOLATED)
_17948_/A2                              0.750000    0.953887   -0.203887 (VIOLATED)
_18006_/A2                              0.750000    0.953887   -0.203887 (VIOLATED)
_18013_/A2                              0.750000    0.953884   -0.203884 (VIOLATED)
_17763_/A2                              0.750000    0.953877   -0.203877 (VIOLATED)
_18045_/A2                              0.750000    0.953877   -0.203877 (VIOLATED)
_18060_/A2                              0.750000    0.953877   -0.203877 (VIOLATED)
_18076_/A2                              0.750000    0.953877   -0.203877 (VIOLATED)
fanout620/X                             0.750000    0.953877   -0.203877 (VIOLATED)
_13115_/B                               0.750000    0.953748   -0.203748 (VIOLATED)
_13836_/A                               0.750000    0.953748   -0.203748 (VIOLATED)
_14025_/A1                              0.750000    0.953747   -0.203747 (VIOLATED)
_13068_/B                               0.750000    0.953746   -0.203746 (VIOLATED)
fanout1529/A                            0.750000    0.953746   -0.203746 (VIOLATED)
_13172_/A1                              0.750000    0.953742   -0.203742 (VIOLATED)
_13060_/A_N                             0.750000    0.953735   -0.203735 (VIOLATED)
_13074_/A                               0.750000    0.953735   -0.203735 (VIOLATED)
_13082_/A                               0.750000    0.953735   -0.203735 (VIOLATED)
_13139_/A                               0.750000    0.953735   -0.203735 (VIOLATED)
fanout1530/X                            0.750000    0.953735   -0.203735 (VIOLATED)
_13907_/A1                              0.750000    0.953237   -0.203237 (VIOLATED)
_13913_/A1                              0.750000    0.953236   -0.203236 (VIOLATED)
_13897_/C1                              0.750000    0.953235   -0.203235 (VIOLATED)
_13590_/C1                              0.750000    0.953229   -0.203229 (VIOLATED)
_13595_/B1                              0.750000    0.953223   -0.203223 (VIOLATED)
_13499_/A1                              0.750000    0.953207   -0.203207 (VIOLATED)
_13889_/B2                              0.750000    0.953197   -0.203197 (VIOLATED)
fanout731/A                             0.750000    0.953197   -0.203197 (VIOLATED)
fanout732/X                             0.750000    0.953197   -0.203197 (VIOLATED)
_18156_/A                               0.750000    0.952929   -0.202929 (VIOLATED)
_09467_/A                               0.750000    0.952914   -0.202914 (VIOLATED)
_16233_/B                               0.750000    0.952914   -0.202914 (VIOLATED)
_16253_/A1                              0.750000    0.952914   -0.202914 (VIOLATED)
_16465_/B2                              0.750000    0.952914   -0.202914 (VIOLATED)
_16612_/B1                              0.750000    0.952914   -0.202914 (VIOLATED)
_16619_/A1_N                            0.750000    0.952914   -0.202914 (VIOLATED)
_16624_/B1                              0.750000    0.952914   -0.202914 (VIOLATED)
_16625_/A1                              0.750000    0.952914   -0.202914 (VIOLATED)
_16765_/B1                              0.750000    0.952914   -0.202914 (VIOLATED)
_16776_/A1                              0.750000    0.952914   -0.202914 (VIOLATED)
fanout1816/X                            0.750000    0.952914   -0.202914 (VIOLATED)
_11837_/A                               0.750000    0.952644   -0.202644 (VIOLATED)
_12268_/A                               0.750000    0.952641   -0.202641 (VIOLATED)
_10258_/A                               0.750000    0.952640   -0.202640 (VIOLATED)
_10147_/A0                              0.750000    0.952639   -0.202639 (VIOLATED)
_16509_/B1                              0.750000    0.952633   -0.202633 (VIOLATED)
_16678_/B1                              0.750000    0.952633   -0.202633 (VIOLATED)
_16687_/B1                              0.750000    0.952633   -0.202633 (VIOLATED)
_16699_/C1                              0.750000    0.952633   -0.202633 (VIOLATED)
_16807_/C1                              0.750000    0.952633   -0.202633 (VIOLATED)
_16977_/C1                              0.750000    0.952633   -0.202633 (VIOLATED)
_16984_/B1                              0.750000    0.952633   -0.202633 (VIOLATED)
_16995_/B1                              0.750000    0.952633   -0.202633 (VIOLATED)
_16998_/C1                              0.750000    0.952633   -0.202633 (VIOLATED)
_16999_/C1                              0.750000    0.952633   -0.202633 (VIOLATED)
fanout1580/X                            0.750000    0.952633   -0.202633 (VIOLATED)
input3/X                                0.750000    0.952560   -0.202561 (VIOLATED)
_09730_/X                               0.750000    0.952371   -0.202371 (VIOLATED)
_10747_/A                               0.750000    0.952346   -0.202346 (VIOLATED)
_12446_/A0                              0.750000    0.952338   -0.202338 (VIOLATED)
_12011_/B                               0.750000    0.952333   -0.202333 (VIOLATED)
_10602_/A                               0.750000    0.952328   -0.202328 (VIOLATED)
_10556_/X                               0.750000    0.952284   -0.202284 (VIOLATED)
_13583_/A2                              0.750000    0.952137   -0.202137 (VIOLATED)
_12967_/B                               0.750000    0.952137   -0.202137 (VIOLATED)
_13511_/B                               0.750000    0.952137   -0.202137 (VIOLATED)
_12968_/B                               0.750000    0.952133   -0.202133 (VIOLATED)
_13581_/A1                              0.750000    0.952125   -0.202126 (VIOLATED)
_12993_/A1                              0.750000    0.952125   -0.202125 (VIOLATED)
_13574_/A2                              0.750000    0.952123   -0.202123 (VIOLATED)
_13017_/B2                              0.750000    0.952117   -0.202117 (VIOLATED)
_13363_/A1                              0.750000    0.952113   -0.202113 (VIOLATED)
_13365_/A1                              0.750000    0.952113   -0.202113 (VIOLATED)
fanout471/X                             0.750000    0.952113   -0.202113 (VIOLATED)
_12596_/B2                              0.750000    0.951783   -0.201783 (VIOLATED)
_12434_/A                               0.750000    0.951782   -0.201782 (VIOLATED)
_12627_/A1                              0.750000    0.951779   -0.201779 (VIOLATED)
_12626_/A1                              0.750000    0.951778   -0.201778 (VIOLATED)
_12483_/A1                              0.750000    0.951773   -0.201773 (VIOLATED)
_12398_/A                               0.750000    0.951770   -0.201770 (VIOLATED)
_12308_/B                               0.750000    0.951769   -0.201769 (VIOLATED)
_12349_/A2                              0.750000    0.951769   -0.201769 (VIOLATED)
_12426_/A2                              0.750000    0.951769   -0.201769 (VIOLATED)
_12661_/A2                              0.750000    0.951769   -0.201769 (VIOLATED)
fanout492/X                             0.750000    0.951769   -0.201769 (VIOLATED)
_09379_/A                               0.750000    0.950896   -0.200896 (VIOLATED)
_10352_/S                               0.750000    0.950896   -0.200896 (VIOLATED)
_11337_/C1                              0.750000    0.950894   -0.200894 (VIOLATED)
fanout1163/A                            0.750000    0.950891   -0.200891 (VIOLATED)
_10377_/C1                              0.750000    0.950891   -0.200891 (VIOLATED)
_10382_/A1                              0.750000    0.950891   -0.200891 (VIOLATED)
_10596_/C1                              0.750000    0.950891   -0.200891 (VIOLATED)
_11045_/B1                              0.750000    0.950891   -0.200891 (VIOLATED)
_11046_/A1                              0.750000    0.950891   -0.200891 (VIOLATED)
_11315_/C1                              0.750000    0.950891   -0.200891 (VIOLATED)
fanout1164/X                            0.750000    0.950891   -0.200891 (VIOLATED)
_18199_/B1                              0.750000    0.950703   -0.200703 (VIOLATED)
_18207_/B1                              0.750000    0.950702   -0.200702 (VIOLATED)
_18215_/B1                              0.750000    0.950700   -0.200700 (VIOLATED)
_18223_/B1                              0.750000    0.950700   -0.200700 (VIOLATED)
_18239_/B1                              0.750000    0.950698   -0.200698 (VIOLATED)
_18231_/B1                              0.750000    0.950698   -0.200698 (VIOLATED)
_18183_/B1                              0.750000    0.950696   -0.200696 (VIOLATED)
_18175_/B1                              0.750000    0.950690   -0.200690 (VIOLATED)
_18278_/A2                              0.750000    0.950689   -0.200689 (VIOLATED)
_18282_/A2                              0.750000    0.950689   -0.200689 (VIOLATED)
fanout271/X                             0.750000    0.950689   -0.200689 (VIOLATED)
fanout955/A                             0.750000    0.950456   -0.200456 (VIOLATED)
_10230_/A_N                             0.750000    0.950455   -0.200455 (VIOLATED)
_10169_/B                               0.750000    0.950452   -0.200452 (VIOLATED)
_10201_/B                               0.750000    0.950448   -0.200448 (VIOLATED)
fanout957/A                             0.750000    0.950442   -0.200442 (VIOLATED)
fanout958/X                             0.750000    0.950442   -0.200442 (VIOLATED)
_16895_/A1                              0.750000    0.950200   -0.200200 (VIOLATED)
_15928_/A1                              0.750000    0.950199   -0.200199 (VIOLATED)
_16884_/A1                              0.750000    0.950199   -0.200199 (VIOLATED)
_15921_/A_N                             0.750000    0.950199   -0.200199 (VIOLATED)
_15987_/A                               0.750000    0.950197   -0.200197 (VIOLATED)
_15897_/A                               0.750000    0.950193   -0.200193 (VIOLATED)
_15945_/A                               0.750000    0.950193   -0.200193 (VIOLATED)
_15959_/A1                              0.750000    0.950193   -0.200193 (VIOLATED)
_17023_/A1                              0.750000    0.950193   -0.200193 (VIOLATED)
fanout1852/A                            0.750000    0.950193   -0.200193 (VIOLATED)
fanout1853/X                            0.750000    0.950193   -0.200193 (VIOLATED)
_16543_/A1                              0.750000    0.948820   -0.198820 (VIOLATED)
_16529_/A                               0.750000    0.948818   -0.198818 (VIOLATED)
_16534_/C1                              0.750000    0.948818   -0.198818 (VIOLATED)
_16331_/B1                              0.750000    0.948815   -0.198815 (VIOLATED)
_16337_/B1                              0.750000    0.948808   -0.198809 (VIOLATED)
_17102_/B1                              0.750000    0.948807   -0.198807 (VIOLATED)
_16936_/C1                              0.750000    0.948798   -0.198798 (VIOLATED)
_16668_/S                               0.750000    0.948786   -0.198786 (VIOLATED)
_16917_/A                               0.750000    0.948783   -0.198783 (VIOLATED)
_17739_/A0                              0.750000    0.948780   -0.198780 (VIOLATED)
fanout1356/X                            0.750000    0.948780   -0.198780 (VIOLATED)
_09559_/B                               0.750000    0.946710   -0.196710 (VIOLATED)
_09617_/A2                              0.750000    0.946708   -0.196708 (VIOLATED)
_09579_/B                               0.750000    0.946707   -0.196707 (VIOLATED)
_09607_/A2                              0.750000    0.946707   -0.196707 (VIOLATED)
_09547_/A2                              0.750000    0.946706   -0.196706 (VIOLATED)
_09590_/B                               0.750000    0.946706   -0.196706 (VIOLATED)
_09552_/A2                              0.750000    0.946705   -0.196705 (VIOLATED)
_09570_/B                               0.750000    0.946705   -0.196705 (VIOLATED)
_18732_/A1                              0.750000    0.946704   -0.196704 (VIOLATED)
_09524_/Y                               0.750000    0.946703   -0.196703 (VIOLATED)
_16144_/A                               0.750000    0.946639   -0.196639 (VIOLATED)
_16104_/A                               0.750000    0.946639   -0.196639 (VIOLATED)
_16143_/A_N                             0.750000    0.946639   -0.196639 (VIOLATED)
_16105_/A                               0.750000    0.946638   -0.196638 (VIOLATED)
_16114_/B                               0.750000    0.946638   -0.196638 (VIOLATED)
_16125_/B                               0.750000    0.946638   -0.196638 (VIOLATED)
_16131_/A1                              0.750000    0.946638   -0.196638 (VIOLATED)
_16174_/A2                              0.750000    0.946638   -0.196638 (VIOLATED)
_16179_/B                               0.750000    0.946638   -0.196638 (VIOLATED)
_16700_/B1                              0.750000    0.946638   -0.196638 (VIOLATED)
fanout1621/X                            0.750000    0.946638   -0.196638 (VIOLATED)
_16041_/B1                              0.750000    0.946061   -0.196062 (VIOLATED)
_16411_/A2                              0.750000    0.946061   -0.196062 (VIOLATED)
_16554_/A2                              0.750000    0.946061   -0.196062 (VIOLATED)
_16558_/A1                              0.750000    0.946061   -0.196062 (VIOLATED)
_16729_/B1                              0.750000    0.946061   -0.196062 (VIOLATED)
_16944_/A1                              0.750000    0.946061   -0.196062 (VIOLATED)
_16947_/B1                              0.750000    0.946061   -0.196062 (VIOLATED)
_16955_/A1                              0.750000    0.946061   -0.196062 (VIOLATED)
_17216_/A                               0.750000    0.946061   -0.196062 (VIOLATED)
_17217_/A2                              0.750000    0.946061   -0.196062 (VIOLATED)
fanout406/X                             0.750000    0.946061   -0.196062 (VIOLATED)
_14275_/B                               0.750000    0.945422   -0.195422 (VIOLATED)
_14348_/B                               0.750000    0.945421   -0.195421 (VIOLATED)
fanout1284/A                            0.750000    0.945421   -0.195421 (VIOLATED)
_14332_/B                               0.750000    0.945417   -0.195417 (VIOLATED)
_14320_/C_N                             0.750000    0.945416   -0.195416 (VIOLATED)
fanout1283/A                            0.750000    0.945414   -0.195414 (VIOLATED)
_14799_/A                               0.750000    0.945410   -0.195410 (VIOLATED)
_14342_/C                               0.750000    0.945409   -0.195409 (VIOLATED)
_14771_/C                               0.750000    0.945409   -0.195409 (VIOLATED)
_14815_/A1                              0.750000    0.945409   -0.195409 (VIOLATED)
fanout1285/X                            0.750000    0.945409   -0.195409 (VIOLATED)
_18368_/A2                              0.750000    0.944188   -0.194188 (VIOLATED)
_18376_/A2                              0.750000    0.944188   -0.194188 (VIOLATED)
_18384_/A2                              0.750000    0.944186   -0.194186 (VIOLATED)
_18400_/A2                              0.750000    0.944184   -0.194184 (VIOLATED)
_18392_/A2                              0.750000    0.944184   -0.194184 (VIOLATED)
_18337_/A2                              0.750000    0.944177   -0.194177 (VIOLATED)
_18345_/A2                              0.750000    0.944177   -0.194177 (VIOLATED)
_18353_/A2                              0.750000    0.944177   -0.194177 (VIOLATED)
_18361_/A2                              0.750000    0.944177   -0.194177 (VIOLATED)
_18369_/A2                              0.750000    0.944177   -0.194177 (VIOLATED)
fanout185/X                             0.750000    0.944177   -0.194177 (VIOLATED)
_18046_/A2                              0.750000    0.944129   -0.194129 (VIOLATED)
_18079_/A2                              0.750000    0.944129   -0.194129 (VIOLATED)
_18010_/A2                              0.750000    0.944128   -0.194128 (VIOLATED)
_17732_/A2                              0.750000    0.944128   -0.194128 (VIOLATED)
_18042_/A2                              0.750000    0.944127   -0.194127 (VIOLATED)
_17978_/A2                              0.750000    0.944123   -0.194123 (VIOLATED)
_17994_/A2                              0.750000    0.944117   -0.194117 (VIOLATED)
_17725_/A2                              0.750000    0.944116   -0.194116 (VIOLATED)
_18058_/A2                              0.750000    0.944116   -0.194116 (VIOLATED)
fanout622/A                             0.750000    0.944116   -0.194116 (VIOLATED)
fanout623/X                             0.750000    0.944116   -0.194116 (VIOLATED)
_17947_/A1                              0.750000    0.943515   -0.193515 (VIOLATED)
_17734_/A1                              0.750000    0.943512   -0.193512 (VIOLATED)
_17762_/A1                              0.750000    0.943511   -0.193511 (VIOLATED)
_17751_/A1                              0.750000    0.943508   -0.193508 (VIOLATED)
_09498_/B                               0.750000    0.943505   -0.193505 (VIOLATED)
_09499_/B                               0.750000    0.943505   -0.193505 (VIOLATED)
_17475_/B                               0.750000    0.943505   -0.193505 (VIOLATED)
_17476_/B                               0.750000    0.943505   -0.193505 (VIOLATED)
_17724_/A1                              0.750000    0.943505   -0.193505 (VIOLATED)
_17758_/A1                              0.750000    0.943505   -0.193505 (VIOLATED)
fanout900/X                             0.750000    0.943505   -0.193505 (VIOLATED)
_17065_/A1                              0.750000    0.943357   -0.193357 (VIOLATED)
fanout1613/A                            0.750000    0.943355   -0.193355 (VIOLATED)
fanout1614/A                            0.750000    0.943346   -0.193346 (VIOLATED)
fanout1612/A                            0.750000    0.943333   -0.193333 (VIOLATED)
_16109_/A_N                             0.750000    0.943332   -0.193332 (VIOLATED)
_16116_/A_N                             0.750000    0.943332   -0.193332 (VIOLATED)
_16134_/A                               0.750000    0.943332   -0.193332 (VIOLATED)
fanout1615/X                            0.750000    0.943332   -0.193332 (VIOLATED)
_10337_/A2                              0.750000    0.942874   -0.192874 (VIOLATED)
_11253_/B1                              0.750000    0.942873   -0.192873 (VIOLATED)
_10301_/B                               0.750000    0.942872   -0.192872 (VIOLATED)
_10112_/A                               0.750000    0.942869   -0.192869 (VIOLATED)
_10113_/B                               0.750000    0.942868   -0.192868 (VIOLATED)
_10315_/B                               0.750000    0.942866   -0.192866 (VIOLATED)
_10116_/B                               0.750000    0.942861   -0.192861 (VIOLATED)
_10300_/B                               0.750000    0.942861   -0.192861 (VIOLATED)
_10606_/B                               0.750000    0.942861   -0.192861 (VIOLATED)
_10626_/B                               0.750000    0.942861   -0.192861 (VIOLATED)
fanout521/X                             0.750000    0.942861   -0.192861 (VIOLATED)
_17212_/B1                              0.750000    0.942817   -0.192817 (VIOLATED)
_16853_/A1                              0.750000    0.942814   -0.192814 (VIOLATED)
_16852_/B1                              0.750000    0.942813   -0.192813 (VIOLATED)
_16717_/B1                              0.750000    0.942810   -0.192810 (VIOLATED)
_16063_/Y                               0.750000    0.942808   -0.192808 (VIOLATED)
_16384_/B1                              0.750000    0.942808   -0.192808 (VIOLATED)
_17198_/B1                              0.750000    0.942808   -0.192808 (VIOLATED)
_17200_/B1                              0.750000    0.942808   -0.192808 (VIOLATED)
_15148_/A1                              0.750000    0.942723   -0.192723 (VIOLATED)
_14948_/C1                              0.750000    0.942721   -0.192721 (VIOLATED)
_14976_/C1                              0.750000    0.942721   -0.192721 (VIOLATED)
_15160_/B2                              0.750000    0.942721   -0.192721 (VIOLATED)
_14280_/B                               0.750000    0.942720   -0.192720 (VIOLATED)
_15278_/B1                              0.750000    0.942719   -0.192719 (VIOLATED)
_14301_/B1                              0.750000    0.942715   -0.192715 (VIOLATED)
_14803_/C1                              0.750000    0.942714   -0.192714 (VIOLATED)
_14807_/A1                              0.750000    0.942714   -0.192714 (VIOLATED)
_14990_/C1                              0.750000    0.942714   -0.192714 (VIOLATED)
fanout718/X                             0.750000    0.942714   -0.192714 (VIOLATED)
_13594_/A                               0.750000    0.942634   -0.192634 (VIOLATED)
_13992_/C1                              0.750000    0.942634   -0.192634 (VIOLATED)
_13900_/A1                              0.750000    0.942633   -0.192633 (VIOLATED)
_13994_/A1                              0.750000    0.942633   -0.192633 (VIOLATED)
_13906_/C1                              0.750000    0.942631   -0.192631 (VIOLATED)
_09435_/A                               0.750000    0.942628   -0.192628 (VIOLATED)
_13040_/C1                              0.750000    0.942623   -0.192623 (VIOLATED)
_13530_/A1                              0.750000    0.942617   -0.192617 (VIOLATED)
_13004_/C1                              0.750000    0.942616   -0.192616 (VIOLATED)
_13011_/B1                              0.750000    0.942616   -0.192616 (VIOLATED)
fanout1206/X                            0.750000    0.942616   -0.192616 (VIOLATED)
_10313_/A1                              0.750000    0.942237   -0.192237 (VIOLATED)
_10040_/B                               0.750000    0.942232   -0.192232 (VIOLATED)
_11351_/A1                              0.750000    0.942230   -0.192230 (VIOLATED)
_10034_/A_N                             0.750000    0.942226   -0.192226 (VIOLATED)
_10031_/B                               0.750000    0.942225   -0.192225 (VIOLATED)
_10609_/C1                              0.750000    0.942219   -0.192219 (VIOLATED)
fanout1434/A                            0.750000    0.942217   -0.192217 (VIOLATED)
_10085_/C                               0.750000    0.942215   -0.192215 (VIOLATED)
_10094_/A_N                             0.750000    0.942215   -0.192215 (VIOLATED)
_10619_/A                               0.750000    0.942215   -0.192215 (VIOLATED)
fanout1435/X                            0.750000    0.942215   -0.192215 (VIOLATED)
_10540_/A2                              0.750000    0.940881   -0.190881 (VIOLATED)
_10279_/C                               0.750000    0.940880   -0.190880 (VIOLATED)
_10286_/C                               0.750000    0.940881   -0.190881 (VIOLATED)
_11236_/B2                              0.750000    0.940880   -0.190880 (VIOLATED)
_09960_/Y                               0.750000    0.940873   -0.190873 (VIOLATED)
_09963_/A2_N                            0.750000    0.940873   -0.190873 (VIOLATED)
_17362_/A                               0.750000    0.939703   -0.189703 (VIOLATED)
_17166_/A                               0.750000    0.939667   -0.189667 (VIOLATED)
_17460_/A                               0.750000    0.939600   -0.189600 (VIOLATED)
_17137_/A2                              0.750000    0.939533   -0.189533 (VIOLATED)
_15091_/A1                              0.750000    0.939530   -0.189530 (VIOLATED)
_15092_/A1                              0.750000    0.939529   -0.189529 (VIOLATED)
_15076_/C1                              0.750000    0.939527   -0.189527 (VIOLATED)
_15080_/A                               0.750000    0.939527   -0.189527 (VIOLATED)
_15090_/A                               0.750000    0.939522   -0.189522 (VIOLATED)
_09454_/A                               0.750000    0.939520   -0.189520 (VIOLATED)
_15607_/C1                              0.750000    0.939517   -0.189518 (VIOLATED)
_15230_/A1                              0.750000    0.939515   -0.189515 (VIOLATED)
_15238_/C1                              0.750000    0.939503   -0.189503 (VIOLATED)
_17643_/A0                              0.750000    0.939498   -0.189498 (VIOLATED)
fanout1536/X                            0.750000    0.939498   -0.189498 (VIOLATED)
_17356_/B                               0.750000    0.939289   -0.189289 (VIOLATED)
_14918_/A1                              0.750000    0.939165   -0.189165 (VIOLATED)
_09448_/A                               0.750000    0.939165   -0.189165 (VIOLATED)
_15323_/B1                              0.750000    0.939164   -0.189164 (VIOLATED)
_14470_/B1                              0.750000    0.939163   -0.189163 (VIOLATED)
_15514_/C1                              0.750000    0.939162   -0.189162 (VIOLATED)
_15503_/C1                              0.750000    0.939160   -0.189160 (VIOLATED)
_14928_/C1                              0.750000    0.939157   -0.189157 (VIOLATED)
_15322_/A1                              0.750000    0.939157   -0.189157 (VIOLATED)
_15328_/A                               0.750000    0.939157   -0.189157 (VIOLATED)
_15506_/A                               0.750000    0.939157   -0.189157 (VIOLATED)
fanout1300/X                            0.750000    0.939157   -0.189157 (VIOLATED)
_13657_/A3                              0.750000    0.938699   -0.188699 (VIOLATED)
_13720_/B                               0.750000    0.938698   -0.188698 (VIOLATED)
_13465_/A                               0.750000    0.938685   -0.188685 (VIOLATED)
_13001_/B                               0.750000    0.938528   -0.188528 (VIOLATED)
_13335_/B                               0.750000    0.938528   -0.188528 (VIOLATED)
_13375_/B2                              0.750000    0.938528   -0.188528 (VIOLATED)
_13377_/B                               0.750000    0.938528   -0.188528 (VIOLATED)
_13491_/C                               0.750000    0.938528   -0.188528 (VIOLATED)
_13501_/A1                              0.750000    0.938528   -0.188528 (VIOLATED)
_13513_/A2                              0.750000    0.938528   -0.188528 (VIOLATED)
_13522_/A2                              0.750000    0.938528   -0.188528 (VIOLATED)
_13525_/A2                              0.750000    0.938528   -0.188528 (VIOLATED)
_13576_/B2                              0.750000    0.938528   -0.188528 (VIOLATED)
fanout473/X                             0.750000    0.938528   -0.188528 (VIOLATED)
_12871_/X                               0.750000    0.938359   -0.188360 (VIOLATED)
fanout478/A                             0.750000    0.938359   -0.188360 (VIOLATED)
_16169_/A2                              0.750000    0.938114   -0.188114 (VIOLATED)
_17292_/A                               0.750000    0.938114   -0.188114 (VIOLATED)
_16151_/C_N                             0.750000    0.938112   -0.188112 (VIOLATED)
_16804_/A1                              0.750000    0.938111   -0.188111 (VIOLATED)
_17058_/A1                              0.750000    0.938109   -0.188109 (VIOLATED)
_17190_/B2                              0.750000    0.937940   -0.187940 (VIOLATED)
_16150_/A                               0.750000    0.937940   -0.187940 (VIOLATED)
_17289_/A1                              0.750000    0.937939   -0.187939 (VIOLATED)
_17041_/X                               0.750000    0.937918   -0.187918 (VIOLATED)
_16111_/Y                               0.750000    0.937867   -0.187867 (VIOLATED)
_18338_/A2                              0.750000    0.937833   -0.187833 (VIOLATED)
_18346_/A2                              0.750000    0.937833   -0.187833 (VIOLATED)
fanout183/A                             0.750000    0.937819   -0.187819 (VIOLATED)
_18404_/A2                              0.750000    0.937813   -0.187813 (VIOLATED)
_18377_/A2                              0.750000    0.937787   -0.187787 (VIOLATED)
fanout185/A                             0.750000    0.937787   -0.187787 (VIOLATED)
fanout186/X                             0.750000    0.937787   -0.187787 (VIOLATED)
_10045_/A_N                             0.750000    0.936670   -0.186670 (VIOLATED)
_10036_/B                               0.750000    0.936668   -0.186668 (VIOLATED)
_10336_/A2                              0.750000    0.936668   -0.186668 (VIOLATED)
_10065_/B                               0.750000    0.936667   -0.186667 (VIOLATED)
_10092_/B                               0.750000    0.936667   -0.186667 (VIOLATED)
_10120_/A2                              0.750000    0.936666   -0.186666 (VIOLATED)
_10109_/B                               0.750000    0.936666   -0.186666 (VIOLATED)
_10030_/A_N                             0.750000    0.936665   -0.186665 (VIOLATED)
_10058_/A_N                             0.750000    0.936663   -0.186663 (VIOLATED)
_17697_/A0                              0.750000    0.936662   -0.186662 (VIOLATED)
fanout1437/X                            0.750000    0.936662   -0.186662 (VIOLATED)
fanout705/A                             0.750000    0.935939   -0.185939 (VIOLATED)
_15611_/C1                              0.750000    0.935938   -0.185938 (VIOLATED)
_15678_/B1                              0.750000    0.935937   -0.185937 (VIOLATED)
_15362_/A1                              0.750000    0.935934   -0.185934 (VIOLATED)
_15356_/A1                              0.750000    0.935933   -0.185933 (VIOLATED)
_14859_/S0                              0.750000    0.935930   -0.185930 (VIOLATED)
_15229_/C1                              0.750000    0.935930   -0.185930 (VIOLATED)
_15236_/B                               0.750000    0.935930   -0.185930 (VIOLATED)
_15595_/A                               0.750000    0.935930   -0.185930 (VIOLATED)
_15605_/B1                              0.750000    0.935930   -0.185930 (VIOLATED)
fanout706/X                             0.750000    0.935930   -0.185930 (VIOLATED)
_09462_/A                               0.750000    0.935269   -0.185269 (VIOLATED)
_14595_/B1                              0.750000    0.935269   -0.185269 (VIOLATED)
_14596_/A1                              0.750000    0.935269   -0.185269 (VIOLATED)
_14597_/C1                              0.750000    0.935269   -0.185269 (VIOLATED)
_15447_/B2                              0.750000    0.935269   -0.185269 (VIOLATED)
_15457_/C1                              0.750000    0.935269   -0.185269 (VIOLATED)
_15462_/C1                              0.750000    0.935269   -0.185269 (VIOLATED)
_15706_/B1                              0.750000    0.935269   -0.185269 (VIOLATED)
_17518_/A0                              0.750000    0.935269   -0.185269 (VIOLATED)
fanout1779/A                            0.750000    0.935269   -0.185269 (VIOLATED)
fanout1780/X                            0.750000    0.935269   -0.185269 (VIOLATED)
_11987_/A2                              0.750000    0.934245   -0.184245 (VIOLATED)
_11995_/A                               0.750000    0.934244   -0.184244 (VIOLATED)
_12155_/B1                              0.750000    0.934242   -0.184242 (VIOLATED)
_11962_/A                               0.750000    0.934237   -0.184237 (VIOLATED)
_11988_/A3                              0.750000    0.934229   -0.184229 (VIOLATED)
_12028_/A2                              0.750000    0.934225   -0.184225 (VIOLATED)
_11992_/A                               0.750000    0.934217   -0.184217 (VIOLATED)
_11909_/A                               0.750000    0.934216   -0.184216 (VIOLATED)
_11903_/B                               0.750000    0.934207   -0.184207 (VIOLATED)
_11984_/B                               0.750000    0.934207   -0.184207 (VIOLATED)
fanout499/X                             0.750000    0.934207   -0.184207 (VIOLATED)
_12601_/A                               0.750000    0.933306   -0.183306 (VIOLATED)
_12435_/C1                              0.750000    0.933305   -0.183305 (VIOLATED)
_12478_/C1                              0.750000    0.933305   -0.183305 (VIOLATED)
_12485_/B1                              0.750000    0.933305   -0.183305 (VIOLATED)
_12588_/S0                              0.750000    0.933305   -0.183305 (VIOLATED)
_12605_/A1                              0.750000    0.933305   -0.183305 (VIOLATED)
_12630_/C1                              0.750000    0.933305   -0.183305 (VIOLATED)
_12643_/A1                              0.750000    0.933305   -0.183305 (VIOLATED)
fanout967/X                             0.750000    0.933305   -0.183305 (VIOLATED)
_15995_/B                               0.750000    0.933218   -0.183218 (VIOLATED)
_09477_/A                               0.750000    0.933216   -0.183216 (VIOLATED)
_16019_/B                               0.750000    0.933214   -0.183214 (VIOLATED)
_16069_/A                               0.750000    0.933214   -0.183214 (VIOLATED)
_16087_/A2                              0.750000    0.933209   -0.183209 (VIOLATED)
_16370_/A                               0.750000    0.933209   -0.183209 (VIOLATED)
_16002_/B                               0.750000    0.933204   -0.183204 (VIOLATED)
_16035_/A_N                             0.750000    0.933202   -0.183202 (VIOLATED)
_16711_/C                               0.750000    0.933202   -0.183202 (VIOLATED)
_17076_/A                               0.750000    0.933202   -0.183202 (VIOLATED)
fanout1154/X                            0.750000    0.933202   -0.183202 (VIOLATED)
_18368_/B1                              0.750000    0.932746   -0.182746 (VIOLATED)
_18376_/B1                              0.750000    0.932745   -0.182745 (VIOLATED)
_18384_/B1                              0.750000    0.932744   -0.182744 (VIOLATED)
_18392_/B1                              0.750000    0.932738   -0.182738 (VIOLATED)
_18400_/B1                              0.750000    0.932736   -0.182736 (VIOLATED)
_18337_/B1                              0.750000    0.932724   -0.182724 (VIOLATED)
_18345_/B1                              0.750000    0.932723   -0.182723 (VIOLATED)
_18353_/B1                              0.750000    0.932723   -0.182723 (VIOLATED)
_18361_/B1                              0.750000    0.932723   -0.182723 (VIOLATED)
_18369_/B1                              0.750000    0.932723   -0.182723 (VIOLATED)
fanout242/X                             0.750000    0.932723   -0.182723 (VIOLATED)
_11414_/A                               0.750000    0.932345   -0.182345 (VIOLATED)
_11380_/X                               0.750000    0.932207   -0.182207 (VIOLATED)
_17754_/A1                              0.750000    0.932104   -0.182104 (VIOLATED)
_17753_/X                               0.750000    0.932055   -0.182055 (VIOLATED)
_09483_/A                               0.750000    0.931658   -0.181658 (VIOLATED)
_16353_/B1                              0.750000    0.931656   -0.181656 (VIOLATED)
_16823_/C1                              0.750000    0.931655   -0.181655 (VIOLATED)
_17125_/B1                              0.750000    0.931655   -0.181655 (VIOLATED)
_16542_/D1                              0.750000    0.931652   -0.181652 (VIOLATED)
_16548_/C1                              0.750000    0.931650   -0.181650 (VIOLATED)
_16818_/S1                              0.750000    0.931648   -0.181648 (VIOLATED)
_16547_/C1                              0.750000    0.931647   -0.181647 (VIOLATED)
_16827_/A1                              0.750000    0.931647   -0.181647 (VIOLATED)
_16832_/B1                              0.750000    0.931647   -0.181647 (VIOLATED)
fanout1357/X                            0.750000    0.931647   -0.181647 (VIOLATED)
_15196_/C1                              0.750000    0.930789   -0.180789 (VIOLATED)
_14877_/A1                              0.750000    0.930787   -0.180787 (VIOLATED)
_14878_/C1                              0.750000    0.930785   -0.180785 (VIOLATED)
_14863_/B1                              0.750000    0.930784   -0.180784 (VIOLATED)
_15121_/C1                              0.750000    0.930784   -0.180784 (VIOLATED)
_14876_/A                               0.750000    0.930783   -0.180783 (VIOLATED)
_14598_/A1                              0.750000    0.930780   -0.180780 (VIOLATED)
_15440_/A1                              0.750000    0.930780   -0.180780 (VIOLATED)
_15444_/B1                              0.750000    0.930780   -0.180780 (VIOLATED)
_15461_/A                               0.750000    0.930780   -0.180780 (VIOLATED)
fanout694/X                             0.750000    0.930780   -0.180780 (VIOLATED)
_16585_/B                               0.750000    0.930718   -0.180718 (VIOLATED)
_16744_/A                               0.750000    0.930717   -0.180717 (VIOLATED)
_17434_/B2                              0.750000    0.930708   -0.180708 (VIOLATED)
_16587_/B                               0.750000    0.930688   -0.180688 (VIOLATED)
_16584_/X                               0.750000    0.930642   -0.180642 (VIOLATED)
_11292_/B1                              0.750000    0.929434   -0.179434 (VIOLATED)
_11293_/C1                              0.750000    0.929434   -0.179434 (VIOLATED)
_11287_/B1                              0.750000    0.929432   -0.179432 (VIOLATED)
_11304_/S0                              0.750000    0.929433   -0.179433 (VIOLATED)
_09392_/A                               0.750000    0.929431   -0.179432 (VIOLATED)
_10847_/A1                              0.750000    0.929428   -0.179428 (VIOLATED)
_10984_/C1                              0.750000    0.929428   -0.179428 (VIOLATED)
_11289_/C1                              0.750000    0.929428   -0.179428 (VIOLATED)
_11395_/A                               0.750000    0.929428   -0.179428 (VIOLATED)
_11396_/A1                              0.750000    0.929428   -0.179428 (VIOLATED)
fanout906/X                             0.750000    0.929428   -0.179428 (VIOLATED)
fanout1159/A                            0.750000    0.928701   -0.178701 (VIOLATED)
fanout1158/A                            0.750000    0.928692   -0.178692 (VIOLATED)
_10600_/A1                              0.750000    0.928685   -0.178685 (VIOLATED)
_10366_/C1                              0.750000    0.928682   -0.178682 (VIOLATED)
_09377_/A                               0.750000    0.928681   -0.178681 (VIOLATED)
_17848_/A0                              0.750000    0.928378   -0.178378 (VIOLATED)
fanout1160/X                            0.750000    0.928378   -0.178378 (VIOLATED)
_09422_/A                               0.750000    0.927595   -0.177595 (VIOLATED)
_13080_/B1                              0.750000    0.927595   -0.177595 (VIOLATED)
_13105_/B1                              0.750000    0.927595   -0.177595 (VIOLATED)
_13150_/C1                              0.750000    0.927595   -0.177595 (VIOLATED)
_13153_/C1                              0.750000    0.927595   -0.177595 (VIOLATED)
_13156_/B1                              0.750000    0.927595   -0.177595 (VIOLATED)
_13264_/C1                              0.750000    0.927595   -0.177595 (VIOLATED)
_13275_/A1                              0.750000    0.927595   -0.177595 (VIOLATED)
_13627_/S1                              0.750000    0.927595   -0.177595 (VIOLATED)
_14039_/S1                              0.750000    0.927595   -0.177595 (VIOLATED)
fanout1491/X                            0.750000    0.927595   -0.177595 (VIOLATED)
_09413_/A                               0.750000    0.927118   -0.177118 (VIOLATED)
_12367_/B1                              0.750000    0.927118   -0.177118 (VIOLATED)
_12368_/A1                              0.750000    0.927118   -0.177118 (VIOLATED)
_12374_/C1                              0.750000    0.927118   -0.177118 (VIOLATED)
_12529_/B1                              0.750000    0.927118   -0.177118 (VIOLATED)
_12555_/A                               0.750000    0.927118   -0.177118 (VIOLATED)
_12561_/B1                              0.750000    0.927118   -0.177118 (VIOLATED)
_12565_/A1                              0.750000    0.927118   -0.177118 (VIOLATED)
_12567_/B2                              0.750000    0.927118   -0.177118 (VIOLATED)
_12568_/A1                              0.750000    0.927118   -0.177118 (VIOLATED)
fanout961/X                             0.750000    0.927118   -0.177118 (VIOLATED)
_18505_/A1_N                            0.750000    0.926741   -0.176741 (VIOLATED)
_18469_/A1_N                            0.750000    0.926741   -0.176741 (VIOLATED)
_18503_/A1_N                            0.750000    0.926740   -0.176740 (VIOLATED)
_18501_/A1_N                            0.750000    0.926735   -0.176735 (VIOLATED)
_18471_/A1_N                            0.750000    0.926734   -0.176734 (VIOLATED)
_18495_/A1_N                            0.750000    0.926729   -0.176729 (VIOLATED)
_18479_/A1_N                            0.750000    0.926727   -0.176727 (VIOLATED)
_18487_/A1_N                            0.750000    0.926727   -0.176727 (VIOLATED)
_18535_/A1_N                            0.750000    0.926727   -0.176727 (VIOLATED)
_18543_/A1_N                            0.750000    0.926727   -0.176727 (VIOLATED)
fanout869/X                             0.750000    0.926727   -0.176727 (VIOLATED)
_13448_/B1                              0.750000    0.925604   -0.175604 (VIOLATED)
_13450_/B2                              0.750000    0.925603   -0.175603 (VIOLATED)
_13120_/B1                              0.750000    0.925602   -0.175602 (VIOLATED)
_13680_/B1                              0.750000    0.925600   -0.175600 (VIOLATED)
_13293_/C1                              0.750000    0.925600   -0.175600 (VIOLATED)
_13291_/A                               0.750000    0.925600   -0.175600 (VIOLATED)
_13212_/S1                              0.750000    0.925596   -0.175596 (VIOLATED)
_13429_/C1                              0.750000    0.925594   -0.175594 (VIOLATED)
_13443_/A1                              0.750000    0.925594   -0.175594 (VIOLATED)
_13446_/B1                              0.750000    0.925594   -0.175594 (VIOLATED)
fanout1489/X                            0.750000    0.925594   -0.175594 (VIOLATED)
_12263_/S                               0.750000    0.925565   -0.175565 (VIOLATED)
_12654_/A1                              0.750000    0.925565   -0.175565 (VIOLATED)
fanout572/A                             0.750000    0.925564   -0.175564 (VIOLATED)
_11380_/S                               0.750000    0.925562   -0.175562 (VIOLATED)
_18144_/A2                              0.750000    0.925557   -0.175557 (VIOLATED)
_18145_/A3                              0.750000    0.925557   -0.175557 (VIOLATED)
_18147_/A2                              0.750000    0.925557   -0.175557 (VIOLATED)
_18149_/A2                              0.750000    0.925557   -0.175557 (VIOLATED)
_18150_/A3                              0.750000    0.925557   -0.175557 (VIOLATED)
_18151_/A3                              0.750000    0.925557   -0.175557 (VIOLATED)
fanout574/X                             0.750000    0.925557   -0.175557 (VIOLATED)
_11530_/A                               0.750000    0.924862   -0.174862 (VIOLATED)
_11418_/X                               0.750000    0.924821   -0.174821 (VIOLATED)
ANTENNA_176/DIODE                       0.750000    0.924655   -0.174655 (VIOLATED)
wire234/A                               0.750000    0.924655   -0.174655 (VIOLATED)
_14062_/A1                              0.750000    0.924646   -0.174647 (VIOLATED)
_14067_/B1                              0.750000    0.924646   -0.174646 (VIOLATED)
_13893_/B1                              0.750000    0.924641   -0.174641 (VIOLATED)
_13761_/B1                              0.750000    0.924640   -0.174640 (VIOLATED)
_13357_/A1                              0.750000    0.924639   -0.174639 (VIOLATED)
_13348_/A1                              0.750000    0.924638   -0.174638 (VIOLATED)
_13373_/C1                              0.750000    0.924632   -0.174632 (VIOLATED)
_13046_/C1                              0.750000    0.924629   -0.174629 (VIOLATED)
_13052_/B1                              0.750000    0.924629   -0.174629 (VIOLATED)
_14006_/B2                              0.750000    0.924629   -0.174629 (VIOLATED)
fanout1208/X                            0.750000    0.924629   -0.174629 (VIOLATED)
_09508_/Y                               0.750000    0.924619   -0.174619 (VIOLATED)
_16113_/B                               0.750000    0.923839   -0.173839 (VIOLATED)
_16119_/A                               0.750000    0.923839   -0.173839 (VIOLATED)
_16124_/A                               0.750000    0.923839   -0.173839 (VIOLATED)
_16152_/A1                              0.750000    0.923838   -0.173838 (VIOLATED)
_16153_/A                               0.750000    0.923837   -0.173837 (VIOLATED)
_16128_/B                               0.750000    0.923834   -0.173834 (VIOLATED)
_16115_/A_N                             0.750000    0.923834   -0.173834 (VIOLATED)
_16129_/B                               0.750000    0.923834   -0.173834 (VIOLATED)
_16155_/A                               0.750000    0.923834   -0.173834 (VIOLATED)
_17044_/A2                              0.750000    0.923834   -0.173834 (VIOLATED)
fanout1613/X                            0.750000    0.923834   -0.173834 (VIOLATED)
_15719_/S                               0.750000    0.923574   -0.173574 (VIOLATED)
_16424_/S                               0.750000    0.923574   -0.173574 (VIOLATED)
_15766_/S                               0.750000    0.923574   -0.173574 (VIOLATED)
_15826_/S                               0.750000    0.923572   -0.173572 (VIOLATED)
_15772_/S                               0.750000    0.923571   -0.173571 (VIOLATED)
_17322_/S                               0.750000    0.923570   -0.173570 (VIOLATED)
_14220_/S                               0.750000    0.923565   -0.173565 (VIOLATED)
_15713_/S                               0.750000    0.923565   -0.173565 (VIOLATED)
fanout162/X                             0.750000    0.923565   -0.173565 (VIOLATED)
_16708_/C1                              0.750000    0.923372   -0.173372 (VIOLATED)
_16714_/A1                              0.750000    0.923371   -0.173371 (VIOLATED)
_16560_/C1                              0.750000    0.923369   -0.173369 (VIOLATED)
_16856_/A1                              0.750000    0.923368   -0.173368 (VIOLATED)
_16388_/C1                              0.750000    0.923366   -0.173366 (VIOLATED)
_16954_/B1                              0.750000    0.923366   -0.173366 (VIOLATED)
_17080_/C1                              0.750000    0.923366   -0.173366 (VIOLATED)
_17204_/A                               0.750000    0.923366   -0.173366 (VIOLATED)
_17206_/C1                              0.750000    0.923366   -0.173366 (VIOLATED)
fanout669/A                             0.750000    0.923366   -0.173366 (VIOLATED)
fanout670/X                             0.750000    0.923366   -0.173366 (VIOLATED)
_12973_/A                               0.750000    0.923257   -0.173257 (VIOLATED)
_13491_/D                               0.750000    0.923256   -0.173256 (VIOLATED)
_13991_/A2                              0.750000    0.923256   -0.173256 (VIOLATED)
_13981_/A1                              0.750000    0.923255   -0.173255 (VIOLATED)
_13003_/A2                              0.750000    0.923242   -0.173242 (VIOLATED)
_13022_/A                               0.750000    0.923239   -0.173239 (VIOLATED)
_13983_/A1                              0.750000    0.923233   -0.173233 (VIOLATED)
_12986_/B                               0.750000    0.923220   -0.173220 (VIOLATED)
_13339_/C                               0.750000    0.923209   -0.173209 (VIOLATED)
_13350_/A2                              0.750000    0.923209   -0.173209 (VIOLATED)
fanout470/X                             0.750000    0.923209   -0.173209 (VIOLATED)
_15921_/B                               0.750000    0.923148   -0.173148 (VIOLATED)
_15886_/B                               0.750000    0.923147   -0.173147 (VIOLATED)
_17014_/B2                              0.750000    0.923147   -0.173147 (VIOLATED)
_17153_/A1                              0.750000    0.923147   -0.173147 (VIOLATED)
_16754_/A1                              0.750000    0.923146   -0.173147 (VIOLATED)
_15924_/A1                              0.750000    0.923146   -0.173146 (VIOLATED)
fanout1864/A                            0.750000    0.923146   -0.173146 (VIOLATED)
_09472_/A                               0.750000    0.923145   -0.173146 (VIOLATED)
_15897_/B                               0.750000    0.923145   -0.173146 (VIOLATED)
fanout1865/X                            0.750000    0.923145   -0.173146 (VIOLATED)
_12368_/C1                              0.750000    0.922858   -0.172858 (VIOLATED)
_09412_/A                               0.750000    0.922858   -0.172858 (VIOLATED)
_12317_/B1                              0.750000    0.922858   -0.172858 (VIOLATED)
_12359_/B1                              0.750000    0.922855   -0.172855 (VIOLATED)
_12366_/C1                              0.750000    0.922855   -0.172855 (VIOLATED)
_12401_/A1                              0.750000    0.922855   -0.172855 (VIOLATED)
_12462_/C1                              0.750000    0.922855   -0.172855 (VIOLATED)
_12463_/B1                              0.750000    0.922855   -0.172855 (VIOLATED)
_12565_/C1                              0.750000    0.922855   -0.172855 (VIOLATED)
fanout966/A                             0.750000    0.922855   -0.172855 (VIOLATED)
fanout968/X                             0.750000    0.922855   -0.172855 (VIOLATED)
_14762_/A                               0.750000    0.922546   -0.172546 (VIOLATED)
_15579_/A1                              0.750000    0.922546   -0.172546 (VIOLATED)
_14760_/D1                              0.750000    0.922546   -0.172546 (VIOLATED)
_15578_/B1                              0.750000    0.922545   -0.172545 (VIOLATED)
_14756_/C1                              0.750000    0.922544   -0.172544 (VIOLATED)
_15586_/B                               0.750000    0.922539   -0.172539 (VIOLATED)
_15260_/B1                              0.750000    0.922537   -0.172537 (VIOLATED)
_09447_/A                               0.750000    0.922537   -0.172537 (VIOLATED)
_14938_/B1                              0.750000    0.922537   -0.172537 (VIOLATED)
_15252_/S1                              0.750000    0.922537   -0.172537 (VIOLATED)
fanout1298/X                            0.750000    0.922537   -0.172537 (VIOLATED)
_15899_/A                               0.750000    0.920644   -0.170644 (VIOLATED)
_17027_/A1                              0.750000    0.920640   -0.170640 (VIOLATED)
_17155_/A1                              0.750000    0.920640   -0.170640 (VIOLATED)
_16609_/A                               0.750000    0.920634   -0.170634 (VIOLATED)
_16604_/B1                              0.750000    0.920627   -0.170627 (VIOLATED)
_16207_/A                               0.750000    0.920624   -0.170624 (VIOLATED)
_16213_/A                               0.750000    0.920621   -0.170621 (VIOLATED)
_16209_/B1                              0.750000    0.920619   -0.170619 (VIOLATED)
_15948_/A                               0.750000    0.920616   -0.170616 (VIOLATED)
_16239_/A1                              0.750000    0.920616   -0.170616 (VIOLATED)
fanout681/X                             0.750000    0.920616   -0.170616 (VIOLATED)
_16525_/A2                              0.750000    0.920402   -0.170402 (VIOLATED)
fanout383/A                             0.750000    0.920399   -0.170399 (VIOLATED)
_16320_/C                               0.750000    0.920393   -0.170393 (VIOLATED)
_16634_/A3                              0.750000    0.920391   -0.170391 (VIOLATED)
_16345_/A2                              0.750000    0.920386   -0.170386 (VIOLATED)
_16348_/A                               0.750000    0.920386   -0.170386 (VIOLATED)
_16526_/A2                              0.750000    0.920386   -0.170386 (VIOLATED)
_16539_/B                               0.750000    0.920386   -0.170386 (VIOLATED)
_16815_/A2                              0.750000    0.920386   -0.170386 (VIOLATED)
fanout384/X                             0.750000    0.920386   -0.170386 (VIOLATED)
_16925_/A                               0.750000    0.920378   -0.170378 (VIOLATED)
_17264_/A                               0.750000    0.920378   -0.170378 (VIOLATED)
_17271_/B1                              0.750000    0.920378   -0.170378 (VIOLATED)
_17234_/B1                              0.750000    0.920377   -0.170377 (VIOLATED)
_16366_/C1                              0.750000    0.920377   -0.170377 (VIOLATED)
_16296_/B1                              0.750000    0.920375   -0.170375 (VIOLATED)
_16362_/C1                              0.750000    0.920375   -0.170375 (VIOLATED)
_16520_/D1                              0.750000    0.920375   -0.170375 (VIOLATED)
_16842_/A1                              0.750000    0.920375   -0.170375 (VIOLATED)
_17244_/A1                              0.750000    0.920375   -0.170375 (VIOLATED)
fanout1358/X                            0.750000    0.920375   -0.170375 (VIOLATED)
_18012_/B2                              0.750000    0.920099   -0.170099 (VIOLATED)
_17687_/S                               0.750000    0.920097   -0.170098 (VIOLATED)
_17760_/C                               0.750000    0.920097   -0.170098 (VIOLATED)
_17788_/S                               0.750000    0.920097   -0.170098 (VIOLATED)
_18006_/B1                              0.750000    0.920097   -0.170098 (VIOLATED)
_18023_/B1                              0.750000    0.920097   -0.170098 (VIOLATED)
_18044_/B2                              0.750000    0.920097   -0.170098 (VIOLATED)
_18060_/B1                              0.750000    0.920097   -0.170098 (VIOLATED)
_18076_/B1                              0.750000    0.920097   -0.170098 (VIOLATED)
fanout279/A                             0.750000    0.920097   -0.170098 (VIOLATED)
fanout281/X                             0.750000    0.920097   -0.170098 (VIOLATED)
_14507_/A                               0.750000    0.919712   -0.169713 (VIOLATED)
_14508_/A                               0.750000    0.919712   -0.169712 (VIOLATED)
_15102_/A                               0.750000    0.919711   -0.169711 (VIOLATED)
_14888_/B                               0.750000    0.919707   -0.169707 (VIOLATED)
_15456_/A1                              0.750000    0.919706   -0.169706 (VIOLATED)
_14491_/Y                               0.750000    0.919703   -0.169704 (VIOLATED)
_14550_/A2                              0.750000    0.919703   -0.169704 (VIOLATED)
_09855_/A2                              0.750000    0.919425   -0.169425 (VIOLATED)
_10359_/A0                              0.750000    0.919422   -0.169422 (VIOLATED)
_11316_/A2                              0.750000    0.919421   -0.169421 (VIOLATED)
_10562_/B                               0.750000    0.919417   -0.169417 (VIOLATED)
_11331_/B                               0.750000    0.919414   -0.169414 (VIOLATED)
_10344_/A2                              0.750000    0.919414   -0.169414 (VIOLATED)
_11327_/A2                              0.750000    0.919412   -0.169412 (VIOLATED)
_09860_/A2                              0.750000    0.919411   -0.169411 (VIOLATED)
_10597_/A2                              0.750000    0.919411   -0.169411 (VIOLATED)
_11056_/A3                              0.750000    0.919411   -0.169411 (VIOLATED)
fanout537/X                             0.750000    0.919411   -0.169411 (VIOLATED)
_09475_/A                               0.750000    0.918743   -0.168743 (VIOLATED)
_16068_/C1                              0.750000    0.918743   -0.168743 (VIOLATED)
_16084_/B1                              0.750000    0.918743   -0.168743 (VIOLATED)
_16091_/C1                              0.750000    0.918743   -0.168743 (VIOLATED)
_16418_/A1                              0.750000    0.918743   -0.168743 (VIOLATED)
_16857_/S0                              0.750000    0.918743   -0.168743 (VIOLATED)
_16859_/A                               0.750000    0.918743   -0.168743 (VIOLATED)
_16951_/B1                              0.750000    0.918743   -0.168743 (VIOLATED)
_16952_/A1                              0.750000    0.918743   -0.168743 (VIOLATED)
_16960_/C1                              0.750000    0.918743   -0.168743 (VIOLATED)
fanout1110/X                            0.750000    0.918743   -0.168743 (VIOLATED)
_15675_/C1                              0.750000    0.918587   -0.168587 (VIOLATED)
_14674_/C1                              0.750000    0.918586   -0.168586 (VIOLATED)
_15602_/D1                              0.750000    0.918585   -0.168585 (VIOLATED)
_15599_/B1                              0.750000    0.918582   -0.168582 (VIOLATED)
_15086_/C1                              0.750000    0.918581   -0.168581 (VIOLATED)
_15061_/A                               0.750000    0.918580   -0.168580 (VIOLATED)
_15213_/D                               0.750000    0.918580   -0.168580 (VIOLATED)
_15215_/C1                              0.750000    0.918580   -0.168580 (VIOLATED)
_15347_/B2                              0.750000    0.918580   -0.168580 (VIOLATED)
_15479_/B1                              0.750000    0.918580   -0.168580 (VIOLATED)
fanout705/X                             0.750000    0.918580   -0.168580 (VIOLATED)
_16661_/B2                              0.750000    0.918142   -0.168142 (VIOLATED)
_16928_/B                               0.750000    0.918142   -0.168142 (VIOLATED)
_17109_/A2                              0.750000    0.918140   -0.168140 (VIOLATED)
_17116_/A3                              0.750000    0.918140   -0.168141 (VIOLATED)
_16653_/A1                              0.750000    0.918136   -0.168136 (VIOLATED)
_16319_/B                               0.750000    0.918135   -0.168135 (VIOLATED)
_17102_/A2                              0.750000    0.918134   -0.168134 (VIOLATED)
_16287_/B                               0.750000    0.918134   -0.168134 (VIOLATED)
_16915_/B2                              0.750000    0.918131   -0.168131 (VIOLATED)
_16305_/A                               0.750000    0.918130   -0.168130 (VIOLATED)
fanout383/X                             0.750000    0.918130   -0.168130 (VIOLATED)
_16263_/B                               0.750000    0.918112   -0.168112 (VIOLATED)
_16286_/A                               0.750000    0.918110   -0.168110 (VIOLATED)
_16342_/A1                              0.750000    0.918110   -0.168110 (VIOLATED)
_16271_/A_N                             0.750000    0.918108   -0.168108 (VIOLATED)
_16280_/A_N                             0.750000    0.918107   -0.168107 (VIOLATED)
_16282_/B                               0.750000    0.918107   -0.168107 (VIOLATED)
_16314_/A                               0.750000    0.918107   -0.168107 (VIOLATED)
_16317_/A1                              0.750000    0.918107   -0.168107 (VIOLATED)
_16328_/A1                              0.750000    0.918107   -0.168107 (VIOLATED)
_16329_/A1                              0.750000    0.918107   -0.168107 (VIOLATED)
fanout1381/X                            0.750000    0.918107   -0.168107 (VIOLATED)
_16146_/C                               0.750000    0.918092   -0.168092 (VIOLATED)
_16183_/C                               0.750000    0.918090   -0.168090 (VIOLATED)
_16184_/C                               0.750000    0.918089   -0.168089 (VIOLATED)
_16684_/A3                              0.750000    0.918087   -0.168087 (VIOLATED)
_16697_/B2                              0.750000    0.918082   -0.168082 (VIOLATED)
_16799_/C                               0.750000    0.918069   -0.168069 (VIOLATED)
_16986_/A2                              0.750000    0.918064   -0.168064 (VIOLATED)
_16150_/B                               0.750000    0.918056   -0.168056 (VIOLATED)
_16692_/A                               0.750000    0.918056   -0.168056 (VIOLATED)
_16693_/A                               0.750000    0.918056   -0.168056 (VIOLATED)
fanout392/X                             0.750000    0.918056   -0.168056 (VIOLATED)
_12232_/C1                              0.750000    0.917493   -0.167493 (VIOLATED)
_12073_/C1                              0.750000    0.917492   -0.167492 (VIOLATED)
_11996_/S1                              0.750000    0.917491   -0.167491 (VIOLATED)
_12083_/D                               0.750000    0.917491   -0.167491 (VIOLATED)
_12084_/A1                              0.750000    0.917485   -0.167485 (VIOLATED)
_12069_/A1                              0.750000    0.917483   -0.167483 (VIOLATED)
_12090_/A1                              0.750000    0.917481   -0.167481 (VIOLATED)
_11980_/B1                              0.750000    0.917479   -0.167479 (VIOLATED)
_12108_/A1                              0.750000    0.917479   -0.167479 (VIOLATED)
_12236_/A1                              0.750000    0.917479   -0.167479 (VIOLATED)
fanout1012/X                            0.750000    0.917479   -0.167479 (VIOLATED)
_09807_/A                               0.750000    0.916489   -0.166489 (VIOLATED)
_09868_/B                               0.750000    0.916489   -0.166489 (VIOLATED)
_09784_/A                               0.750000    0.916488   -0.166488 (VIOLATED)
_09778_/A_N                             0.750000    0.916488   -0.166488 (VIOLATED)
_09853_/B                               0.750000    0.916487   -0.166487 (VIOLATED)
_09779_/A                               0.750000    0.916487   -0.166487 (VIOLATED)
_09841_/C_N                             0.750000    0.916487   -0.166487 (VIOLATED)
_09849_/B                               0.750000    0.916487   -0.166487 (VIOLATED)
_09850_/B                               0.750000    0.916487   -0.166487 (VIOLATED)
_10341_/A_N                             0.750000    0.916487   -0.166487 (VIOLATED)
fanout1195/X                            0.750000    0.916487   -0.166487 (VIOLATED)
_11449_/A                               0.750000    0.915723   -0.165723 (VIOLATED)
_11454_/A                               0.750000    0.915722   -0.165722 (VIOLATED)
_11429_/B                               0.750000    0.915722   -0.165722 (VIOLATED)
_11460_/A1                              0.750000    0.915722   -0.165722 (VIOLATED)
_11439_/B                               0.750000    0.915722   -0.165722 (VIOLATED)
_11803_/A1                              0.750000    0.915721   -0.165721 (VIOLATED)
_11517_/A                               0.750000    0.915721   -0.165721 (VIOLATED)
_11420_/A_N                             0.750000    0.915719   -0.165719 (VIOLATED)
_11423_/A                               0.750000    0.915719   -0.165719 (VIOLATED)
_11591_/C                               0.750000    0.915719   -0.165719 (VIOLATED)
fanout1101/X                            0.750000    0.915719   -0.165719 (VIOLATED)
_11422_/A_N                             0.750000    0.915501   -0.165501 (VIOLATED)
_11423_/B                               0.750000    0.915501   -0.165501 (VIOLATED)
_11432_/B                               0.750000    0.915501   -0.165501 (VIOLATED)
_11439_/A_N                             0.750000    0.915501   -0.165501 (VIOLATED)
_11456_/A_N                             0.750000    0.915501   -0.165501 (VIOLATED)
_11460_/A2                              0.750000    0.915501   -0.165501 (VIOLATED)
_11475_/A                               0.750000    0.915501   -0.165501 (VIOLATED)
_11541_/A1                              0.750000    0.915501   -0.165501 (VIOLATED)
_11546_/A                               0.750000    0.915501   -0.165501 (VIOLATED)
_11591_/B                               0.750000    0.915501   -0.165501 (VIOLATED)
fanout1096/X                            0.750000    0.915501   -0.165501 (VIOLATED)
_16147_/B2                              0.750000    0.914437   -0.164437 (VIOLATED)
_16166_/A2                              0.750000    0.914436   -0.164436 (VIOLATED)
_16777_/C                               0.750000    0.914434   -0.164434 (VIOLATED)
_16185_/A0                              0.750000    0.914434   -0.164434 (VIOLATED)
_16795_/B2                              0.750000    0.914430   -0.164430 (VIOLATED)
_17052_/B1                              0.750000    0.914418   -0.164418 (VIOLATED)
_16688_/C                               0.750000    0.914418   -0.164418 (VIOLATED)
_16693_/B                               0.750000    0.914418   -0.164418 (VIOLATED)
_16973_/A2                              0.750000    0.914418   -0.164418 (VIOLATED)
_17045_/D                               0.750000    0.914418   -0.164418 (VIOLATED)
fanout390/X                             0.750000    0.914418   -0.164418 (VIOLATED)
_16063_/A                               0.750000    0.913856   -0.163856 (VIOLATED)
_16048_/A1                              0.750000    0.913855   -0.163855 (VIOLATED)
_16081_/A                               0.750000    0.913848   -0.163848 (VIOLATED)
_16010_/A                               0.750000    0.913841   -0.163841 (VIOLATED)
_16065_/A                               0.750000    0.913841   -0.163841 (VIOLATED)
_16396_/A1                              0.750000    0.913841   -0.163841 (VIOLATED)
fanout1146/A                            0.750000    0.913841   -0.163841 (VIOLATED)
fanout1151/A                            0.750000    0.913841   -0.163841 (VIOLATED)
fanout1152/X                            0.750000    0.913841   -0.163841 (VIOLATED)
_12178_/A                               0.750000    0.913690   -0.163690 (VIOLATED)
_12979_/A2                              0.750000    0.913671   -0.163671 (VIOLATED)
_13034_/B                               0.750000    0.913671   -0.163671 (VIOLATED)
_13050_/B                               0.750000    0.913671   -0.163671 (VIOLATED)
_13342_/B                               0.750000    0.913671   -0.163671 (VIOLATED)
_13362_/C                               0.750000    0.913671   -0.163671 (VIOLATED)
_13372_/A1                              0.750000    0.913671   -0.163671 (VIOLATED)
_13493_/A2                              0.750000    0.913671   -0.163671 (VIOLATED)
_13523_/C1                              0.750000    0.913671   -0.163671 (VIOLATED)
_13741_/A3                              0.750000    0.913671   -0.163671 (VIOLATED)
fanout1241/A                            0.750000    0.913671   -0.163671 (VIOLATED)
fanout1242/X                            0.750000    0.913671   -0.163671 (VIOLATED)
_12143_/X                               0.750000    0.913651   -0.163651 (VIOLATED)
_16346_/A1                              0.750000    0.913247   -0.163247 (VIOLATED)
_16349_/C1                              0.750000    0.913247   -0.163247 (VIOLATED)
_16540_/B1                              0.750000    0.913247   -0.163247 (VIOLATED)
_16541_/A                               0.750000    0.913247   -0.163247 (VIOLATED)
_16544_/B1                              0.750000    0.913247   -0.163247 (VIOLATED)
_16639_/A1                              0.750000    0.913247   -0.163247 (VIOLATED)
_16644_/C1                              0.750000    0.913247   -0.163247 (VIOLATED)
_16818_/S0                              0.750000    0.913247   -0.163247 (VIOLATED)
_16919_/B1                              0.750000    0.913247   -0.163247 (VIOLATED)
_17105_/C1                              0.750000    0.913247   -0.163247 (VIOLATED)
fanout663/X                             0.750000    0.913247   -0.163247 (VIOLATED)
_15490_/A2                              0.750000    0.912923   -0.162923 (VIOLATED)
_14608_/B                               0.750000    0.912919   -0.162919 (VIOLATED)
_14852_/A1                              0.750000    0.912919   -0.162919 (VIOLATED)
_14619_/B                               0.750000    0.912918   -0.162918 (VIOLATED)
_14639_/A1                              0.750000    0.912913   -0.162913 (VIOLATED)
fanout1578/A                            0.750000    0.912908   -0.162908 (VIOLATED)
_14614_/B                               0.750000    0.912908   -0.162908 (VIOLATED)
_17625_/A0                              0.750000    0.912863   -0.162863 (VIOLATED)
fanout1579/X                            0.750000    0.912863   -0.162863 (VIOLATED)
_09966_/A1                              0.750000    0.912783   -0.162783 (VIOLATED)
_09949_/A1                              0.750000    0.912783   -0.162783 (VIOLATED)
_09970_/D1                              0.750000    0.912783   -0.162783 (VIOLATED)
_11086_/B1                              0.750000    0.912782   -0.162782 (VIOLATED)
_09916_/C1                              0.750000    0.912781   -0.162781 (VIOLATED)
_10761_/A                               0.750000    0.912781   -0.162781 (VIOLATED)
_11231_/C1                              0.750000    0.912781   -0.162781 (VIOLATED)
_11244_/A1                              0.750000    0.912781   -0.162781 (VIOLATED)
fanout826/A                             0.750000    0.912781   -0.162781 (VIOLATED)
fanout827/X                             0.750000    0.912781   -0.162781 (VIOLATED)
_10391_/A                               0.750000    0.912639   -0.162639 (VIOLATED)
_10519_/B1                              0.750000    0.912639   -0.162639 (VIOLATED)
_10520_/A1                              0.750000    0.912639   -0.162639 (VIOLATED)
_10695_/A1                              0.750000    0.912639   -0.162639 (VIOLATED)
_10697_/C1                              0.750000    0.912639   -0.162639 (VIOLATED)
_10709_/B1                              0.750000    0.912639   -0.162639 (VIOLATED)
_10712_/A1                              0.750000    0.912639   -0.162639 (VIOLATED)
_11011_/B1                              0.750000    0.912639   -0.162639 (VIOLATED)
_11014_/A1                              0.750000    0.912639   -0.162639 (VIOLATED)
_11189_/C1                              0.750000    0.912639   -0.162639 (VIOLATED)
fanout1633/X                            0.750000    0.912639   -0.162639 (VIOLATED)
_17646_/A1                              0.750000    0.912501   -0.162501 (VIOLATED)
_17645_/X                               0.750000    0.912406   -0.162406 (VIOLATED)
_17166_/B                               0.750000    0.911907   -0.161907 (VIOLATED)
_17131_/A                               0.750000    0.911906   -0.161906 (VIOLATED)
_17462_/A0                              0.750000    0.911880   -0.161881 (VIOLATED)
_11843_/B                               0.750000    0.911017   -0.161017 (VIOLATED)
_11916_/B                               0.750000    0.911017   -0.161017 (VIOLATED)
_11931_/A2                              0.750000    0.911017   -0.161017 (VIOLATED)
_12022_/B2                              0.750000    0.911017   -0.161017 (VIOLATED)
_12144_/A1                              0.750000    0.911017   -0.161017 (VIOLATED)
_12162_/A1                              0.750000    0.911017   -0.161017 (VIOLATED)
_12199_/A1                              0.750000    0.911017   -0.161017 (VIOLATED)
fanout1049/A                            0.750000    0.911017   -0.161017 (VIOLATED)
fanout1050/X                            0.750000    0.911017   -0.161017 (VIOLATED)
_16215_/C                               0.750000    0.910478   -0.160478 (VIOLATED)
_15932_/B                               0.750000    0.910476   -0.160476 (VIOLATED)
_15893_/A_N                             0.750000    0.910470   -0.160470 (VIOLATED)
_15960_/A2                              0.750000    0.910464   -0.160464 (VIOLATED)
_15911_/B                               0.750000    0.910459   -0.160459 (VIOLATED)
_15937_/C                               0.750000    0.910459   -0.160459 (VIOLATED)
_16222_/A2                              0.750000    0.910459   -0.160459 (VIOLATED)
_17482_/A0                              0.750000    0.910459   -0.160459 (VIOLATED)
fanout1854/A                            0.750000    0.910459   -0.160459 (VIOLATED)
fanout1855/X                            0.750000    0.910459   -0.160459 (VIOLATED)
_17100_/X                               0.750000    0.910345   -0.160345 (VIOLATED)
_18203_/A2                              0.750000    0.909846   -0.159846 (VIOLATED)
_18211_/A2                              0.750000    0.909846   -0.159846 (VIOLATED)
_18190_/A2                              0.750000    0.909844   -0.159844 (VIOLATED)
_18195_/A2                              0.750000    0.909843   -0.159843 (VIOLATED)
_18194_/A2                              0.750000    0.909842   -0.159842 (VIOLATED)
_18182_/A2                              0.750000    0.909842   -0.159842 (VIOLATED)
_18186_/A2                              0.750000    0.909841   -0.159842 (VIOLATED)
_18159_/A2                              0.750000    0.909841   -0.159841 (VIOLATED)
_18165_/A2                              0.750000    0.909841   -0.159841 (VIOLATED)
_18174_/A2                              0.750000    0.909841   -0.159841 (VIOLATED)
fanout209/X                             0.750000    0.909841   -0.159841 (VIOLATED)
_12321_/B1                              0.750000    0.909382   -0.159382 (VIOLATED)
_12355_/A                               0.750000    0.909382   -0.159382 (VIOLATED)
_12429_/A                               0.750000    0.909382   -0.159382 (VIOLATED)
_12463_/A1                              0.750000    0.909382   -0.159382 (VIOLATED)
_12525_/A1                              0.750000    0.909382   -0.159382 (VIOLATED)
_12544_/A                               0.750000    0.909382   -0.159382 (VIOLATED)
_12560_/A                               0.750000    0.909382   -0.159382 (VIOLATED)
_12579_/C1                              0.750000    0.909382   -0.159382 (VIOLATED)
_12641_/C1                              0.750000    0.909382   -0.159382 (VIOLATED)
_12661_/C1                              0.750000    0.909382   -0.159382 (VIOLATED)
fanout767/X                             0.750000    0.909382   -0.159382 (VIOLATED)
_14534_/B                               0.750000    0.906826   -0.156826 (VIOLATED)
_14505_/B                               0.750000    0.906826   -0.156826 (VIOLATED)
_14530_/B                               0.750000    0.906824   -0.156824 (VIOLATED)
_15187_/B2                              0.750000    0.906822   -0.156822 (VIOLATED)
fanout1814/A                            0.750000    0.906820   -0.156820 (VIOLATED)
_14509_/A_N                             0.750000    0.906819   -0.156819 (VIOLATED)
_09466_/A                               0.750000    0.906811   -0.156811 (VIOLATED)
_15638_/B2                              0.750000    0.906811   -0.156811 (VIOLATED)
_17503_/A0                              0.750000    0.906811   -0.156811 (VIOLATED)
fanout1815/X                            0.750000    0.906811   -0.156811 (VIOLATED)
_14203_/A                               0.750000    0.906684   -0.156684 (VIOLATED)
_13915_/B                               0.750000    0.906681   -0.156681 (VIOLATED)
_14208_/B                               0.750000    0.906664   -0.156664 (VIOLATED)
_14153_/A2                              0.750000    0.906649   -0.156649 (VIOLATED)
_14156_/B                               0.750000    0.906646   -0.156646 (VIOLATED)
_12648_/Y                               0.750000    0.906566   -0.156566 (VIOLATED)
_12649_/B                               0.750000    0.906566   -0.156566 (VIOLATED)
_17934_/B                               0.750000    0.906566   -0.156566 (VIOLATED)
_13914_/X                               0.750000    0.906489   -0.156489 (VIOLATED)
ANTENNA_76/DIODE                        0.750000    0.906210   -0.156210 (VIOLATED)
_17479_/A1                              0.750000    0.906210   -0.156210 (VIOLATED)
ANTENNA_75/DIODE                        0.750000    0.906208   -0.156208 (VIOLATED)
ANTENNA_77/DIODE                        0.750000    0.906206   -0.156206 (VIOLATED)
_17478_/X                               0.750000    0.905953   -0.155953 (VIOLATED)
_14515_/B                               0.750000    0.904480   -0.154480 (VIOLATED)
_14531_/A                               0.750000    0.904480   -0.154480 (VIOLATED)
_14505_/A                               0.750000    0.904477   -0.154477 (VIOLATED)
_14512_/A                               0.750000    0.904477   -0.154477 (VIOLATED)
_14536_/A                               0.750000    0.904475   -0.154475 (VIOLATED)
_14530_/A                               0.750000    0.904471   -0.154471 (VIOLATED)
_14535_/A                               0.750000    0.904464   -0.154464 (VIOLATED)
_14527_/B                               0.750000    0.904455   -0.154455 (VIOLATED)
_14573_/A                               0.750000    0.904453   -0.154453 (VIOLATED)
_17509_/A0                              0.750000    0.904453   -0.154453 (VIOLATED)
fanout1805/X                            0.750000    0.904453   -0.154453 (VIOLATED)
_19018_/RESET_B                         0.750000    0.903594   -0.153594 (VIOLATED)
_19060_/RESET_B                         0.750000    0.903593   -0.153593 (VIOLATED)
_19076_/RESET_B                         0.750000    0.903593   -0.153593 (VIOLATED)
fanout1921/A                            0.750000    0.903582   -0.153582 (VIOLATED)
_18835_/RESET_B                         0.750000    0.903569   -0.153569 (VIOLATED)
_19066_/RESET_B                         0.750000    0.903559   -0.153560 (VIOLATED)
fanout1919/A                            0.750000    0.903559   -0.153560 (VIOLATED)
fanout1923/X                            0.750000    0.903559   -0.153560 (VIOLATED)
_16501_/B1                              0.750000    0.903402   -0.153402 (VIOLATED)
_16506_/A                               0.750000    0.903402   -0.153402 (VIOLATED)
_16696_/B1                              0.750000    0.903402   -0.153402 (VIOLATED)
_16699_/A1                              0.750000    0.903402   -0.153402 (VIOLATED)
_16976_/C1                              0.750000    0.903402   -0.153402 (VIOLATED)
_16984_/A1                              0.750000    0.903402   -0.153402 (VIOLATED)
_17070_/B1                              0.750000    0.903402   -0.153402 (VIOLATED)
_17177_/B1                              0.750000    0.903402   -0.153402 (VIOLATED)
_17193_/B1                              0.750000    0.903402   -0.153402 (VIOLATED)
_17295_/C1                              0.750000    0.903402   -0.153402 (VIOLATED)
fanout1587/X                            0.750000    0.903402   -0.153402 (VIOLATED)
_17485_/A1                              0.750000    0.902663   -0.152663 (VIOLATED)
ANTENNA_83/DIODE                        0.750000    0.902661   -0.152662 (VIOLATED)
_17484_/X                               0.750000    0.902377   -0.152377 (VIOLATED)
_18169_/B1                              0.750000    0.901727   -0.151727 (VIOLATED)
_18310_/A1                              0.750000    0.901721   -0.151721 (VIOLATED)
_17229_/D                               0.750000    0.901022   -0.151022 (VIOLATED)
_17265_/A2                              0.750000    0.901020   -0.151020 (VIOLATED)
max_cap376/A                            0.750000    0.901017   -0.151017 (VIOLATED)
_16933_/B1                              0.750000    0.901013   -0.151013 (VIOLATED)
_16329_/Y                               0.750000    0.900731   -0.150731 (VIOLATED)
_16526_/B2                              0.750000    0.900731   -0.150731 (VIOLATED)
_17104_/C1                              0.750000    0.900731   -0.150731 (VIOLATED)
_18168_/X                               0.750000    0.900690   -0.150690 (VIOLATED)
ANTENNA_143/DIODE                       0.750000    0.899101   -0.149101 (VIOLATED)
_17670_/A1                              0.750000    0.899101   -0.149101 (VIOLATED)
ANTENNA_142/DIODE                       0.750000    0.899100   -0.149100 (VIOLATED)
ANTENNA_144/DIODE                       0.750000    0.899100   -0.149100 (VIOLATED)
_17669_/X                               0.750000    0.899036   -0.149036 (VIOLATED)
_14816_/C1                              0.750000    0.897759   -0.147759 (VIOLATED)
_14949_/D1                              0.750000    0.897759   -0.147759 (VIOLATED)
_14952_/C1                              0.750000    0.897759   -0.147759 (VIOLATED)
_14977_/C1                              0.750000    0.897759   -0.147759 (VIOLATED)
_14978_/A1                              0.750000    0.897759   -0.147759 (VIOLATED)
_15006_/B1                              0.750000    0.897759   -0.147759 (VIOLATED)
_15175_/B1                              0.750000    0.897759   -0.147759 (VIOLATED)
_15432_/B1                              0.750000    0.897759   -0.147759 (VIOLATED)
_15557_/B1                              0.750000    0.897759   -0.147759 (VIOLATED)
_15558_/B1                              0.750000    0.897759   -0.147759 (VIOLATED)
fanout1248/X                            0.750000    0.897759   -0.147759 (VIOLATED)
_16288_/B                               0.750000    0.897437   -0.147437 (VIOLATED)
_16301_/C1                              0.750000    0.897437   -0.147437 (VIOLATED)
_16340_/B1                              0.750000    0.897437   -0.147437 (VIOLATED)
_16351_/A                               0.750000    0.897437   -0.147437 (VIOLATED)
_16530_/A                               0.750000    0.897437   -0.147437 (VIOLATED)
_16631_/B                               0.750000    0.897437   -0.147437 (VIOLATED)
_16646_/C1                              0.750000    0.897437   -0.147437 (VIOLATED)
_16919_/A1                              0.750000    0.897437   -0.147437 (VIOLATED)
_16920_/A1                              0.750000    0.897437   -0.147437 (VIOLATED)
_17248_/A1                              0.750000    0.897437   -0.147437 (VIOLATED)
fanout658/X                             0.750000    0.897437   -0.147437 (VIOLATED)
_10930_/A1                              0.750000    0.897410   -0.147410 (VIOLATED)
_09992_/A1                              0.750000    0.897410   -0.147410 (VIOLATED)
_10551_/A                               0.750000    0.897406   -0.147406 (VIOLATED)
_10555_/A1                              0.750000    0.897406   -0.147406 (VIOLATED)
_09997_/C1                              0.750000    0.897405   -0.147405 (VIOLATED)
_10019_/C1                              0.750000    0.897405   -0.147405 (VIOLATED)
_10025_/A1                              0.750000    0.897405   -0.147405 (VIOLATED)
_10553_/B1                              0.750000    0.897405   -0.147405 (VIOLATED)
_10940_/B1                              0.750000    0.897405   -0.147405 (VIOLATED)
_10943_/A1                              0.750000    0.897405   -0.147405 (VIOLATED)
fanout1680/X                            0.750000    0.897405   -0.147405 (VIOLATED)
_09564_/B1                              0.750000    0.896958   -0.146958 (VIOLATED)
_09616_/B1                              0.750000    0.896945   -0.146945 (VIOLATED)
_09543_/A2                              0.750000    0.896934   -0.146934 (VIOLATED)
_09530_/Y                               0.750000    0.896899   -0.146899 (VIOLATED)
max_cap229/A                            0.750000    0.896899   -0.146899 (VIOLATED)
_11209_/B1                              0.750000    0.896606   -0.146606 (VIOLATED)
_11210_/C1                              0.750000    0.896604   -0.146604 (VIOLATED)
_10368_/B1                              0.750000    0.896602   -0.146602 (VIOLATED)
_10903_/B1                              0.750000    0.896602   -0.146602 (VIOLATED)
_09848_/A1                              0.750000    0.896600   -0.146601 (VIOLATED)
_09834_/A                               0.750000    0.896594   -0.146594 (VIOLATED)
_10906_/A                               0.750000    0.896587   -0.146587 (VIOLATED)
_10803_/B1                              0.750000    0.896587   -0.146587 (VIOLATED)
_10794_/B1                              0.750000    0.896576   -0.146576 (VIOLATED)
fanout819/A                             0.750000    0.896573   -0.146573 (VIOLATED)
fanout820/X                             0.750000    0.896573   -0.146573 (VIOLATED)
ANTENNA_1/DIODE                         0.750000    0.896406   -0.146406 (VIOLATED)
ANTENNA_3/DIODE                         0.750000    0.896406   -0.146406 (VIOLATED)
_17748_/A1                              0.750000    0.896406   -0.146406 (VIOLATED)
ANTENNA_2/DIODE                         0.750000    0.896406   -0.146406 (VIOLATED)
ANTENNA_4/DIODE                         0.750000    0.896405   -0.146406 (VIOLATED)
_17747_/X                               0.750000    0.896401   -0.146401 (VIOLATED)
fanout867/A                             0.750000    0.896106   -0.146106 (VIOLATED)
_18575_/A1_N                            0.750000    0.896103   -0.146103 (VIOLATED)
_18599_/A1_N                            0.750000    0.896101   -0.146101 (VIOLATED)
fanout865/A                             0.750000    0.896101   -0.146101 (VIOLATED)
fanout866/A                             0.750000    0.896101   -0.146101 (VIOLATED)
fanout868/X                             0.750000    0.896101   -0.146101 (VIOLATED)
_17393_/A                               0.750000    0.895835   -0.145835 (VIOLATED)
_17443_/B                               0.750000    0.895832   -0.145832 (VIOLATED)
_16910_/B                               0.750000    0.895827   -0.145827 (VIOLATED)
_16879_/A0                              0.750000    0.895808   -0.145808 (VIOLATED)
_10513_/B1                              0.750000    0.895641   -0.145641 (VIOLATED)
_09755_/A                               0.750000    0.895640   -0.145640 (VIOLATED)
_10506_/A                               0.750000    0.895639   -0.145639 (VIOLATED)
_09762_/A1                              0.750000    0.895639   -0.145639 (VIOLATED)
_09733_/A1                              0.750000    0.895638   -0.145638 (VIOLATED)
_09764_/A1_N                            0.750000    0.895637   -0.145637 (VIOLATED)
_09732_/A                               0.750000    0.895636   -0.145636 (VIOLATED)
_09736_/A1                              0.750000    0.895636   -0.145636 (VIOLATED)
_09756_/A                               0.750000    0.895636   -0.145636 (VIOLATED)
_10423_/A1                              0.750000    0.895636   -0.145636 (VIOLATED)
fanout842/X                             0.750000    0.895636   -0.145636 (VIOLATED)
_14514_/B                               0.750000    0.895616   -0.145616 (VIOLATED)
_14871_/A_N                             0.750000    0.895616   -0.145616 (VIOLATED)
_15450_/A1                              0.750000    0.895616   -0.145616 (VIOLATED)
_14540_/A                               0.750000    0.895615   -0.145615 (VIOLATED)
_15178_/B2                              0.750000    0.895609   -0.145609 (VIOLATED)
_14574_/A1                              0.750000    0.895608   -0.145608 (VIOLATED)
_14504_/A                               0.750000    0.895599   -0.145599 (VIOLATED)
_14892_/B                               0.750000    0.895576   -0.145577 (VIOLATED)
_14554_/B                               0.750000    0.895567   -0.145567 (VIOLATED)
_16776_/Y                               0.750000    0.895559   -0.145559 (VIOLATED)
fanout1805/A                            0.750000    0.895552   -0.145552 (VIOLATED)
fanout1806/X                            0.750000    0.895552   -0.145552 (VIOLATED)
_17362_/B                               0.750000    0.893783   -0.143783 (VIOLATED)
_17132_/A                               0.750000    0.893772   -0.143772 (VIOLATED)
_17133_/A                               0.750000    0.893762   -0.143762 (VIOLATED)
_17359_/A0                              0.750000    0.893754   -0.143754 (VIOLATED)
_14948_/A1                              0.750000    0.893699   -0.143699 (VIOLATED)
_14277_/A1                              0.750000    0.893699   -0.143699 (VIOLATED)
_14334_/A                               0.750000    0.893699   -0.143699 (VIOLATED)
_14776_/A                               0.750000    0.893699   -0.143699 (VIOLATED)
_14781_/A1                              0.750000    0.893699   -0.143699 (VIOLATED)
_14785_/A1                              0.750000    0.893699   -0.143699 (VIOLATED)
_14794_/A                               0.750000    0.893699   -0.143699 (VIOLATED)
_14806_/A1                              0.750000    0.893699   -0.143699 (VIOLATED)
_14973_/B1                              0.750000    0.893699   -0.143699 (VIOLATED)
_14992_/A1                              0.750000    0.893699   -0.143699 (VIOLATED)
fanout720/X                             0.750000    0.893699   -0.143699 (VIOLATED)
_17408_/B                               0.750000    0.893682   -0.143682 (VIOLATED)
_12328_/B1                              0.750000    0.893022   -0.143022 (VIOLATED)
_12288_/B                               0.750000    0.893021   -0.143021 (VIOLATED)
_12341_/C                               0.750000    0.893021   -0.143021 (VIOLATED)
_12357_/A                               0.750000    0.893020   -0.143020 (VIOLATED)
_09410_/A                               0.750000    0.893017   -0.143017 (VIOLATED)
_12313_/A                               0.750000    0.893017   -0.143017 (VIOLATED)
_12335_/B                               0.750000    0.893017   -0.143017 (VIOLATED)
_12364_/A                               0.750000    0.893017   -0.143017 (VIOLATED)
_12452_/B1                              0.750000    0.893017   -0.143017 (VIOLATED)
_17912_/A1                              0.750000    0.893017   -0.143017 (VIOLATED)
fanout979/X                             0.750000    0.893017   -0.143017 (VIOLATED)
_14023_/C1                              0.750000    0.892985   -0.142985 (VIOLATED)
_13275_/C1                              0.750000    0.892985   -0.142985 (VIOLATED)
_14021_/C1                              0.750000    0.892985   -0.142985 (VIOLATED)
_09423_/A                               0.750000    0.892984   -0.142984 (VIOLATED)
_13106_/B1                              0.750000    0.892984   -0.142984 (VIOLATED)
_13154_/A1                              0.750000    0.892984   -0.142984 (VIOLATED)
_13157_/C1                              0.750000    0.892984   -0.142984 (VIOLATED)
_13267_/B1                              0.750000    0.892984   -0.142984 (VIOLATED)
_13620_/B2                              0.750000    0.892984   -0.142984 (VIOLATED)
_14035_/C1                              0.750000    0.892984   -0.142984 (VIOLATED)
fanout1496/X                            0.750000    0.892984   -0.142984 (VIOLATED)
_17072_/X                               0.750000    0.892259   -0.142259 (VIOLATED)
_12693_/A1                              0.750000    0.892049   -0.142049 (VIOLATED)
_12689_/A                               0.750000    0.892048   -0.142048 (VIOLATED)
_12692_/A                               0.750000    0.892048   -0.142048 (VIOLATED)
_12703_/A                               0.750000    0.892048   -0.142048 (VIOLATED)
_12714_/A_N                             0.750000    0.892048   -0.142048 (VIOLATED)
_12715_/A                               0.750000    0.892048   -0.142048 (VIOLATED)
_12724_/B                               0.750000    0.892048   -0.142048 (VIOLATED)
_12784_/A1                              0.750000    0.892048   -0.142048 (VIOLATED)
_12805_/A                               0.750000    0.892048   -0.142048 (VIOLATED)
_13786_/A1                              0.750000    0.892048   -0.142048 (VIOLATED)
fanout1474/X                            0.750000    0.892048   -0.142048 (VIOLATED)
_14451_/B1                              0.750000    0.891998   -0.141998 (VIOLATED)
_14452_/B1                              0.750000    0.891998   -0.141998 (VIOLATED)
_14486_/A1                              0.750000    0.891998   -0.141998 (VIOLATED)
_14917_/A1                              0.750000    0.891998   -0.141998 (VIOLATED)
_14936_/B1                              0.750000    0.891998   -0.141998 (VIOLATED)
_15039_/B1                              0.750000    0.891998   -0.141998 (VIOLATED)
_15045_/B2                              0.750000    0.891998   -0.141998 (VIOLATED)
_15509_/C1                              0.750000    0.891998   -0.141998 (VIOLATED)
_15515_/A1                              0.750000    0.891998   -0.141998 (VIOLATED)
_15520_/C1                              0.750000    0.891998   -0.141998 (VIOLATED)
fanout712/X                             0.750000    0.891998   -0.141998 (VIOLATED)
_12822_/A                               0.750000    0.890680   -0.140680 (VIOLATED)
_12786_/A                               0.750000    0.890679   -0.140679 (VIOLATED)
_12767_/C1                              0.750000    0.890678   -0.140678 (VIOLATED)
_12777_/A                               0.750000    0.890678   -0.140678 (VIOLATED)
_13392_/B2                              0.750000    0.890678   -0.140678 (VIOLATED)
_13393_/A1                              0.750000    0.890678   -0.140678 (VIOLATED)
_13396_/B                               0.750000    0.890678   -0.140678 (VIOLATED)
_13399_/A1                              0.750000    0.890678   -0.140678 (VIOLATED)
_13406_/B2                              0.750000    0.890678   -0.140678 (VIOLATED)
_13924_/A1                              0.750000    0.890678   -0.140678 (VIOLATED)
fanout1466/X                            0.750000    0.890678   -0.140678 (VIOLATED)
_12277_/B                               0.750000    0.890573   -0.140573 (VIOLATED)
_12309_/A                               0.750000    0.890573   -0.140573 (VIOLATED)
_12580_/A1                              0.750000    0.890570   -0.140571 (VIOLATED)
_12354_/A                               0.750000    0.890568   -0.140568 (VIOLATED)
_12272_/A                               0.750000    0.890568   -0.140568 (VIOLATED)
_12348_/A1                              0.750000    0.890568   -0.140568 (VIOLATED)
_12362_/A1                              0.750000    0.890568   -0.140568 (VIOLATED)
fanout1006/A                            0.750000    0.890568   -0.140568 (VIOLATED)
fanout1007/X                            0.750000    0.890568   -0.140568 (VIOLATED)
_18113_/A1                              0.750000    0.890431   -0.140431 (VIOLATED)
_18099_/A1                              0.750000    0.890426   -0.140426 (VIOLATED)
_18115_/A1                              0.750000    0.890402   -0.140402 (VIOLATED)
_17524_/B1                              0.750000    0.890384   -0.140384 (VIOLATED)
_17905_/A1                              0.750000    0.890373   -0.140373 (VIOLATED)
fanout890/A                             0.750000    0.890371   -0.140371 (VIOLATED)
fanout892/X                             0.750000    0.890371   -0.140371 (VIOLATED)
_12789_/B1                              0.750000    0.890192   -0.140192 (VIOLATED)
_13941_/B1                              0.750000    0.890191   -0.140191 (VIOLATED)
_12838_/A1                              0.750000    0.890189   -0.140189 (VIOLATED)
_13815_/A                               0.750000    0.890189   -0.140189 (VIOLATED)
_13391_/B1                              0.750000    0.890188   -0.140188 (VIOLATED)
_13809_/C1                              0.750000    0.890188   -0.140188 (VIOLATED)
_13823_/B1                              0.750000    0.890188   -0.140188 (VIOLATED)
_13925_/A1                              0.750000    0.890188   -0.140188 (VIOLATED)
_13929_/C1                              0.750000    0.890188   -0.140188 (VIOLATED)
_13936_/C1                              0.750000    0.890188   -0.140188 (VIOLATED)
fanout1445/X                            0.750000    0.890188   -0.140188 (VIOLATED)
fanout1004/A                            0.750000    0.890141   -0.140141 (VIOLATED)
_12330_/A                               0.750000    0.890138   -0.140138 (VIOLATED)
_12275_/B                               0.750000    0.890135   -0.140135 (VIOLATED)
_12272_/B                               0.750000    0.890134   -0.140134 (VIOLATED)
_12320_/A_N                             0.750000    0.890134   -0.140134 (VIOLATED)
_12362_/A2                              0.750000    0.890134   -0.140134 (VIOLATED)
_12403_/A1                              0.750000    0.890134   -0.140134 (VIOLATED)
fanout1002/A                            0.750000    0.890134   -0.140134 (VIOLATED)
fanout1005/X                            0.750000    0.890134   -0.140134 (VIOLATED)
_18305_/B1                              0.750000    0.889910   -0.139910 (VIOLATED)
_18308_/B1                              0.750000    0.889910   -0.139910 (VIOLATED)
_18314_/A2                              0.750000    0.889910   -0.139910 (VIOLATED)
_18317_/A2                              0.750000    0.889910   -0.139910 (VIOLATED)
_18322_/A2                              0.750000    0.889910   -0.139910 (VIOLATED)
_18330_/A2                              0.750000    0.889910   -0.139910 (VIOLATED)
_18334_/A2                              0.750000    0.889910   -0.139910 (VIOLATED)
_18342_/A2                              0.750000    0.889910   -0.139910 (VIOLATED)
_18351_/A2                              0.750000    0.889910   -0.139910 (VIOLATED)
_18359_/A2                              0.750000    0.889910   -0.139910 (VIOLATED)
fanout187/X                             0.750000    0.889910   -0.139910 (VIOLATED)
_13183_/A                               0.750000    0.889768   -0.139768 (VIOLATED)
_13184_/A                               0.750000    0.889767   -0.139767 (VIOLATED)
_13827_/A1_N                            0.750000    0.889764   -0.139764 (VIOLATED)
fanout1530/A                            0.750000    0.889742   -0.139742 (VIOLATED)
_13085_/B                               0.750000    0.889733   -0.139733 (VIOLATED)
fanout1531/A                            0.750000    0.889719   -0.139719 (VIOLATED)
_13076_/A_N                             0.750000    0.889716   -0.139716 (VIOLATED)
_09647_/B                               0.750000    0.889669   -0.139669 (VIOLATED)
_10492_/A1_N                            0.750000    0.889668   -0.139668 (VIOLATED)
_09710_/B2                              0.750000    0.889668   -0.139668 (VIOLATED)
_10699_/A                               0.750000    0.889668   -0.139668 (VIOLATED)
_17365_/A0                              0.750000    0.889665   -0.139665 (VIOLATED)
_10708_/B2                              0.750000    0.889665   -0.139665 (VIOLATED)
_17253_/B                               0.750000    0.889664   -0.139664 (VIOLATED)
_17368_/B                               0.750000    0.889659   -0.139659 (VIOLATED)
_17419_/B                               0.750000    0.889655   -0.139655 (VIOLATED)
_09643_/X                               0.750000    0.889655   -0.139655 (VIOLATED)
_09741_/A                               0.750000    0.889655   -0.139655 (VIOLATED)
_10409_/A                               0.750000    0.889655   -0.139655 (VIOLATED)
_17195_/X                               0.750000    0.889521   -0.139521 (VIOLATED)
_17649_/A0                              0.750000    0.889414   -0.139414 (VIOLATED)
fanout1532/X                            0.750000    0.889414   -0.139414 (VIOLATED)
_11434_/B                               0.750000    0.889315   -0.139315 (VIOLATED)
_11435_/B                               0.750000    0.889315   -0.139315 (VIOLATED)
_11436_/C_N                             0.750000    0.889315   -0.139315 (VIOLATED)
_11437_/C_N                             0.750000    0.889315   -0.139315 (VIOLATED)
_11443_/B                               0.750000    0.889315   -0.139315 (VIOLATED)
_11479_/A1                              0.750000    0.889315   -0.139315 (VIOLATED)
_11489_/A                               0.750000    0.889315   -0.139315 (VIOLATED)
_11539_/A1                              0.750000    0.889315   -0.139315 (VIOLATED)
_11563_/C_N                             0.750000    0.889315   -0.139315 (VIOLATED)
fanout1095/X                            0.750000    0.889315   -0.139315 (VIOLATED)
_13504_/C1                              0.750000    0.889056   -0.139056 (VIOLATED)
_13999_/A1                              0.750000    0.889056   -0.139056 (VIOLATED)
_13983_/B1                              0.750000    0.889055   -0.139055 (VIOLATED)
_13370_/A                               0.750000    0.889055   -0.139055 (VIOLATED)
_13348_/B1                              0.750000    0.889054   -0.139054 (VIOLATED)
_13365_/B1                              0.750000    0.889054   -0.139054 (VIOLATED)
_13367_/A                               0.750000    0.889054   -0.139054 (VIOLATED)
_13733_/A                               0.750000    0.889054   -0.139054 (VIOLATED)
_13737_/C                               0.750000    0.889054   -0.139054 (VIOLATED)
_13756_/B1                              0.750000    0.889054   -0.139054 (VIOLATED)
fanout731/X                             0.750000    0.889054   -0.139054 (VIOLATED)
_11458_/B                               0.750000    0.889014   -0.139014 (VIOLATED)
_11464_/A                               0.750000    0.889014   -0.139014 (VIOLATED)
_11521_/A1                              0.750000    0.889014   -0.139014 (VIOLATED)
_11549_/A                               0.750000    0.889014   -0.139014 (VIOLATED)
_11560_/A                               0.750000    0.889014   -0.139014 (VIOLATED)
_11620_/B1                              0.750000    0.889014   -0.139014 (VIOLATED)
_11682_/A1                              0.750000    0.889014   -0.139014 (VIOLATED)
_11719_/A1                              0.750000    0.889014   -0.139014 (VIOLATED)
_11734_/B                               0.750000    0.889014   -0.139014 (VIOLATED)
_11737_/A                               0.750000    0.889014   -0.139014 (VIOLATED)
fanout795/X                             0.750000    0.889014   -0.139014 (VIOLATED)
wire133/A                               0.750000    0.888924   -0.138924 (VIOLATED)
_14077_/Y                               0.750000    0.888581   -0.138581 (VIOLATED)
_10851_/B                               0.750000    0.888506   -0.138506 (VIOLATED)
_15272_/A                               0.750000    0.888424   -0.138424 (VIOLATED)
_18011_/A2                              0.750000    0.888419   -0.138419 (VIOLATED)
_10850_/X                               0.750000    0.888415   -0.138415 (VIOLATED)
_11472_/C1                              0.750000    0.888329   -0.138329 (VIOLATED)
_11730_/S0                              0.750000    0.888329   -0.138329 (VIOLATED)
_11694_/C1                              0.750000    0.888328   -0.138328 (VIOLATED)
_11775_/B1                              0.750000    0.888327   -0.138328 (VIOLATED)
_11693_/C1                              0.750000    0.888326   -0.138326 (VIOLATED)
_11776_/A1                              0.750000    0.888327   -0.138327 (VIOLATED)
_11815_/C1                              0.750000    0.888326   -0.138326 (VIOLATED)
_11557_/B2                              0.750000    0.888325   -0.138325 (VIOLATED)
_11627_/A1                              0.750000    0.888322   -0.138322 (VIOLATED)
_11691_/C1                              0.750000    0.888322   -0.138322 (VIOLATED)
fanout1065/X                            0.750000    0.888322   -0.138322 (VIOLATED)
_09408_/A                               0.750000    0.887755   -0.137755 (VIOLATED)
_12276_/B                               0.750000    0.887755   -0.137755 (VIOLATED)
_12278_/A                               0.750000    0.887755   -0.137755 (VIOLATED)
_12279_/B                               0.750000    0.887755   -0.137755 (VIOLATED)
_12280_/A_N                             0.750000    0.887755   -0.137755 (VIOLATED)
_12283_/A                               0.750000    0.887755   -0.137755 (VIOLATED)
_12296_/A                               0.750000    0.887755   -0.137755 (VIOLATED)
_12305_/A                               0.750000    0.887755   -0.137755 (VIOLATED)
_12331_/C                               0.750000    0.887755   -0.137755 (VIOLATED)
_17906_/A1                              0.750000    0.887755   -0.137755 (VIOLATED)
fanout1006/X                            0.750000    0.887755   -0.137755 (VIOLATED)
_09779_/B                               0.750000    0.887125   -0.137125 (VIOLATED)
_09784_/B                               0.750000    0.887125   -0.137125 (VIOLATED)
_09797_/A_N                             0.750000    0.887125   -0.137125 (VIOLATED)
_09807_/B                               0.750000    0.887125   -0.137125 (VIOLATED)
_09840_/A2                              0.750000    0.887125   -0.137125 (VIOLATED)
_09841_/B                               0.750000    0.887125   -0.137125 (VIOLATED)
_09860_/A1                              0.750000    0.887125   -0.137125 (VIOLATED)
_09868_/C                               0.750000    0.887125   -0.137125 (VIOLATED)
_11056_/A1                              0.750000    0.887125   -0.137125 (VIOLATED)
_11064_/B2                              0.750000    0.887125   -0.137125 (VIOLATED)
fanout1200/X                            0.750000    0.887125   -0.137125 (VIOLATED)
_13701_/C1                              0.750000    0.887005   -0.137005 (VIOLATED)
_13331_/S0                              0.750000    0.887003   -0.137003 (VIOLATED)
_13977_/C1                              0.750000    0.887003   -0.137003 (VIOLATED)
_13663_/C1                              0.750000    0.887002   -0.137002 (VIOLATED)
_13661_/B2                              0.750000    0.886999   -0.136999 (VIOLATED)
_13659_/A                               0.750000    0.886994   -0.136994 (VIOLATED)
_11505_/A1                              0.750000    0.886990   -0.136990 (VIOLATED)
_11510_/B                               0.750000    0.886990   -0.136990 (VIOLATED)
_11511_/A1                              0.750000    0.886990   -0.136990 (VIOLATED)
_11540_/S1                              0.750000    0.886990   -0.136990 (VIOLATED)
_11554_/C1                              0.750000    0.886990   -0.136990 (VIOLATED)
_11605_/C1                              0.750000    0.886990   -0.136990 (VIOLATED)
_11644_/C1                              0.750000    0.886990   -0.136990 (VIOLATED)
_11735_/B1                              0.750000    0.886990   -0.136990 (VIOLATED)
_11760_/B                               0.750000    0.886990   -0.136990 (VIOLATED)
_11763_/C1                              0.750000    0.886990   -0.136990 (VIOLATED)
fanout788/X                             0.750000    0.886990   -0.136990 (VIOLATED)
_17546_/A0                              0.750000    0.886979   -0.136979 (VIOLATED)
fanout1732/A                            0.750000    0.886979   -0.136979 (VIOLATED)
fanout1733/X                            0.750000    0.886979   -0.136979 (VIOLATED)
_14398_/B1                              0.750000    0.886895   -0.136895 (VIOLATED)
_14920_/D                               0.750000    0.886895   -0.136895 (VIOLATED)
_14718_/C                               0.750000    0.886894   -0.136894 (VIOLATED)
_14424_/A                               0.750000    0.886894   -0.136894 (VIOLATED)
_14430_/C                               0.750000    0.886894   -0.136894 (VIOLATED)
_14464_/B                               0.750000    0.886894   -0.136894 (VIOLATED)
_14477_/A                               0.750000    0.886894   -0.136894 (VIOLATED)
_14747_/B                               0.750000    0.886894   -0.136894 (VIOLATED)
_14926_/C                               0.750000    0.886894   -0.136894 (VIOLATED)
_15507_/A3                              0.750000    0.886894   -0.136894 (VIOLATED)
fanout445/X                             0.750000    0.886894   -0.136894 (VIOLATED)
_09806_/B1                              0.750000    0.886849   -0.136849 (VIOLATED)
_09829_/C1                              0.750000    0.886849   -0.136849 (VIOLATED)
_09835_/C1                              0.750000    0.886849   -0.136849 (VIOLATED)
_09857_/C1                              0.750000    0.886849   -0.136849 (VIOLATED)
_09873_/B1                              0.750000    0.886849   -0.136849 (VIOLATED)
_10793_/B1                              0.750000    0.886849   -0.136849 (VIOLATED)
_10892_/C1                              0.750000    0.886849   -0.136849 (VIOLATED)
_10904_/A1                              0.750000    0.886849   -0.136849 (VIOLATED)
_11049_/C1                              0.750000    0.886849   -0.136849 (VIOLATED)
_11318_/B1                              0.750000    0.886849   -0.136849 (VIOLATED)
fanout1165/X                            0.750000    0.886849   -0.136849 (VIOLATED)
_11122_/A1                              0.750000    0.886822   -0.136822 (VIOLATED)
_11105_/A1                              0.750000    0.886821   -0.136821 (VIOLATED)
_11120_/B2                              0.750000    0.886821   -0.136821 (VIOLATED)
_11258_/B1                              0.750000    0.886821   -0.136821 (VIOLATED)
fanout807/A                             0.750000    0.886821   -0.136821 (VIOLATED)
fanout808/A                             0.750000    0.886821   -0.136821 (VIOLATED)
fanout809/X                             0.750000    0.886821   -0.136821 (VIOLATED)
_12591_/B1                              0.750000    0.886051   -0.136051 (VIOLATED)
_12596_/C1                              0.750000    0.886050   -0.136050 (VIOLATED)
_12629_/A1                              0.750000    0.885772   -0.135772 (VIOLATED)
_12583_/A                               0.750000    0.885767   -0.135767 (VIOLATED)
fanout770/A                             0.750000    0.885749   -0.135749 (VIOLATED)
fanout768/A                             0.750000    0.885743   -0.135743 (VIOLATED)
fanout767/A                             0.750000    0.885738   -0.135738 (VIOLATED)
fanout771/X                             0.750000    0.885738   -0.135738 (VIOLATED)
_13417_/S0                              0.750000    0.885599   -0.135599 (VIOLATED)
_13237_/A                               0.750000    0.885597   -0.135597 (VIOLATED)
_13247_/A1                              0.750000    0.885597   -0.135597 (VIOLATED)
_13544_/C1                              0.750000    0.885595   -0.135595 (VIOLATED)
_13793_/A                               0.750000    0.885592   -0.135592 (VIOLATED)
_13251_/B1                              0.750000    0.885592   -0.135592 (VIOLATED)
_09417_/A                               0.750000    0.885585   -0.135585 (VIOLATED)
_12792_/B1                              0.750000    0.885585   -0.135585 (VIOLATED)
_13539_/B1                              0.750000    0.885585   -0.135585 (VIOLATED)
_13563_/A                               0.750000    0.885585   -0.135585 (VIOLATED)
fanout1450/X                            0.750000    0.885585   -0.135585 (VIOLATED)
_11262_/A1                              0.750000    0.885373   -0.135373 (VIOLATED)
_10041_/A                               0.750000    0.885373   -0.135373 (VIOLATED)
_10059_/B                               0.750000    0.885372   -0.135372 (VIOLATED)
_10053_/A_N                             0.750000    0.885371   -0.135371 (VIOLATED)
_10738_/D_N                             0.750000    0.885370   -0.135370 (VIOLATED)
_10954_/A1                              0.750000    0.885370   -0.135370 (VIOLATED)
_10036_/A                               0.750000    0.885366   -0.135366 (VIOLATED)
_10035_/B                               0.750000    0.885363   -0.135364 (VIOLATED)
_10065_/A                               0.750000    0.885360   -0.135360 (VIOLATED)
_10052_/A_N                             0.750000    0.885358   -0.135358 (VIOLATED)
fanout1427/X                            0.750000    0.885358   -0.135358 (VIOLATED)
_18561_/B1                              0.750000    0.884849   -0.134849 (VIOLATED)
_18609_/B1                              0.750000    0.884849   -0.134849 (VIOLATED)
_18577_/B1                              0.750000    0.884847   -0.134847 (VIOLATED)
_18545_/B1                              0.750000    0.884846   -0.134846 (VIOLATED)
_18625_/B1                              0.750000    0.884843   -0.134843 (VIOLATED)
fanout357/A                             0.750000    0.884838   -0.134838 (VIOLATED)
fanout358/X                             0.750000    0.884838   -0.134838 (VIOLATED)
_09562_/B1                              0.750000    0.884751   -0.134751 (VIOLATED)
_09610_/A2                              0.750000    0.884740   -0.134741 (VIOLATED)
_09569_/B1                              0.750000    0.884739   -0.134739 (VIOLATED)
_09537_/Y                               0.750000    0.884667   -0.134668 (VIOLATED)
max_cap226/A                            0.750000    0.884667   -0.134668 (VIOLATED)
wire103/A                               0.750000    0.884367   -0.134367 (VIOLATED)
ANTENNA_269/DIODE                       0.750000    0.884365   -0.134365 (VIOLATED)
_11223_/X                               0.750000    0.884333   -0.134333 (VIOLATED)
_12840_/A                               0.750000    0.884318   -0.134319 (VIOLATED)
_12928_/B1                              0.750000    0.884318   -0.134318 (VIOLATED)
_13882_/A1                              0.750000    0.884318   -0.134318 (VIOLATED)
_12947_/A1                              0.750000    0.884317   -0.134317 (VIOLATED)
_12950_/A                               0.750000    0.884317   -0.134317 (VIOLATED)
_12906_/A                               0.750000    0.884313   -0.134313 (VIOLATED)
_13483_/A                               0.750000    0.884310   -0.134310 (VIOLATED)
_14098_/C1                              0.750000    0.884310   -0.134310 (VIOLATED)
fanout739/A                             0.750000    0.884310   -0.134310 (VIOLATED)
fanout740/X                             0.750000    0.884310   -0.134310 (VIOLATED)
_09366_/A                               0.750000    0.884219   -0.134219 (VIOLATED)
_09771_/C1                              0.750000    0.884219   -0.134219 (VIOLATED)
_09773_/C1                              0.750000    0.884219   -0.134219 (VIOLATED)
_10400_/A                               0.750000    0.884219   -0.134219 (VIOLATED)
_10419_/A                               0.750000    0.884219   -0.134219 (VIOLATED)
_11025_/B1                              0.750000    0.884219   -0.134219 (VIOLATED)
_11171_/C1                              0.750000    0.884219   -0.134219 (VIOLATED)
_11177_/B1                              0.750000    0.884219   -0.134219 (VIOLATED)
_11182_/B1                              0.750000    0.884219   -0.134219 (VIOLATED)
_11193_/A                               0.750000    0.884219   -0.134219 (VIOLATED)
fanout1634/X                            0.750000    0.884219   -0.134219 (VIOLATED)
_18172_/Y                               0.750000    0.883860   -0.133860 (VIOLATED)
fanout264/A                             0.750000    0.883860   -0.133860 (VIOLATED)
fanout269/A                             0.750000    0.883860   -0.133860 (VIOLATED)
fanout275/A                             0.750000    0.883860   -0.133860 (VIOLATED)
_12612_/A                               0.750000    0.883427   -0.133427 (VIOLATED)
fanout252/A                             0.750000    0.883334   -0.133334 (VIOLATED)
_18408_/B1                              0.750000    0.883330   -0.133330 (VIOLATED)
_18393_/B1                              0.750000    0.883327   -0.133328 (VIOLATED)
_18401_/B1                              0.750000    0.883327   -0.133328 (VIOLATED)
fanout246/A                             0.750000    0.883327   -0.133328 (VIOLATED)
fanout253/X                             0.750000    0.883327   -0.133328 (VIOLATED)
_12578_/X                               0.750000    0.883287   -0.133287 (VIOLATED)
_12474_/C                               0.750000    0.883153   -0.133153 (VIOLATED)
_12422_/A1                              0.750000    0.883152   -0.133152 (VIOLATED)
_12545_/C                               0.750000    0.883145   -0.133145 (VIOLATED)
_12661_/B2                              0.750000    0.883142   -0.133142 (VIOLATED)
_12524_/C                               0.750000    0.883138   -0.133138 (VIOLATED)
_13087_/A                               0.750000    0.883009   -0.133009 (VIOLATED)
_13192_/A                               0.750000    0.883007   -0.133007 (VIOLATED)
_13093_/A                               0.750000    0.883005   -0.133005 (VIOLATED)
_13115_/A                               0.750000    0.882997   -0.132997 (VIOLATED)
_13268_/A                               0.750000    0.882987   -0.132987 (VIOLATED)
_14029_/A1                              0.750000    0.882986   -0.132986 (VIOLATED)
_13085_/A_N                             0.750000    0.882981   -0.132981 (VIOLATED)
_13094_/A                               0.750000    0.882981   -0.132981 (VIOLATED)
_13135_/A1                              0.750000    0.882981   -0.132981 (VIOLATED)
_13164_/A_N                             0.750000    0.882981   -0.132981 (VIOLATED)
fanout1526/X                            0.750000    0.882981   -0.132981 (VIOLATED)
_12353_/Y                               0.750000    0.882878   -0.132878 (VIOLATED)
_17469_/A1                              0.750000    0.882669   -0.132669 (VIOLATED)
_17468_/Y                               0.750000    0.882661   -0.132661 (VIOLATED)
_17870_/B1                              0.750000    0.882661   -0.132661 (VIOLATED)
_09488_/A                               0.750000    0.882587   -0.132587 (VIOLATED)
_17055_/A1                              0.750000    0.882587   -0.132587 (VIOLATED)
_17060_/A1                              0.750000    0.882587   -0.132587 (VIOLATED)
_17062_/B1                              0.750000    0.882587   -0.132587 (VIOLATED)
_17063_/A1                              0.750000    0.882587   -0.132587 (VIOLATED)
_17176_/A1                              0.750000    0.882587   -0.132587 (VIOLATED)
_17185_/C1                              0.750000    0.882587   -0.132587 (VIOLATED)
_17194_/A1                              0.750000    0.882587   -0.132587 (VIOLATED)
_17300_/A1                              0.750000    0.882587   -0.132587 (VIOLATED)
_17315_/A1                              0.750000    0.882587   -0.132587 (VIOLATED)
fanout1588/X                            0.750000    0.882587   -0.132587 (VIOLATED)
_10227_/B1                              0.750000    0.881865   -0.131865 (VIOLATED)
_10431_/C1                              0.750000    0.881865   -0.131865 (VIOLATED)
_10434_/A                               0.750000    0.881865   -0.131865 (VIOLATED)
_10457_/C1                              0.750000    0.881865   -0.131865 (VIOLATED)
_10982_/C1                              0.750000    0.881865   -0.131865 (VIOLATED)
_10987_/C1                              0.750000    0.881865   -0.131865 (VIOLATED)
_10989_/C1                              0.750000    0.881865   -0.131865 (VIOLATED)
_10990_/C1                              0.750000    0.881865   -0.131865 (VIOLATED)
_11139_/C1                              0.750000    0.881865   -0.131865 (VIOLATED)
_11390_/A                               0.750000    0.881865   -0.131865 (VIOLATED)
fanout800/X                             0.750000    0.881865   -0.131865 (VIOLATED)
_09468_/A                               0.750000    0.881708   -0.131708 (VIOLATED)
_16253_/B1                              0.750000    0.881708   -0.131708 (VIOLATED)
_16254_/A1                              0.750000    0.881708   -0.131708 (VIOLATED)
_16601_/A                               0.750000    0.881708   -0.131708 (VIOLATED)
_16612_/A1                              0.750000    0.881708   -0.131708 (VIOLATED)
_16613_/A1                              0.750000    0.881708   -0.131708 (VIOLATED)
_16760_/B1                              0.750000    0.881708   -0.131708 (VIOLATED)
_17145_/C1                              0.750000    0.881708   -0.131708 (VIOLATED)
_17160_/A1                              0.750000    0.881708   -0.131708 (VIOLATED)
_17164_/A1                              0.750000    0.881708   -0.131708 (VIOLATED)
fanout1818/X                            0.750000    0.881708   -0.131708 (VIOLATED)
_14492_/A                               0.750000    0.881322   -0.131322 (VIOLATED)
_14499_/A_N                             0.750000    0.881322   -0.131322 (VIOLATED)
_14500_/A                               0.750000    0.881322   -0.131322 (VIOLATED)
_14539_/A                               0.750000    0.881322   -0.131322 (VIOLATED)
_14542_/A1                              0.750000    0.881322   -0.131322 (VIOLATED)
_14549_/B1_N                            0.750000    0.881322   -0.131322 (VIOLATED)
_14557_/A                               0.750000    0.881322   -0.131322 (VIOLATED)
_14558_/A                               0.750000    0.881322   -0.131322 (VIOLATED)
_14881_/A1                              0.750000    0.881322   -0.131322 (VIOLATED)
_15379_/B                               0.750000    0.881322   -0.131322 (VIOLATED)
fanout1802/X                            0.750000    0.881322   -0.131322 (VIOLATED)
_16012_/B1                              0.750000    0.880957   -0.130957 (VIOLATED)
_16020_/A1                              0.750000    0.880957   -0.130957 (VIOLATED)
_16024_/A1                              0.750000    0.880957   -0.130957 (VIOLATED)
_16029_/B1                              0.750000    0.880957   -0.130957 (VIOLATED)
_16038_/A                               0.750000    0.880957   -0.130957 (VIOLATED)
_16045_/A                               0.750000    0.880957   -0.130957 (VIOLATED)
_16557_/C1                              0.750000    0.880957   -0.130957 (VIOLATED)
_16718_/A                               0.750000    0.880957   -0.130957 (VIOLATED)
_16727_/A1                              0.750000    0.880957   -0.130957 (VIOLATED)
_16861_/A1                              0.750000    0.880957   -0.130957 (VIOLATED)
fanout673/X                             0.750000    0.880957   -0.130957 (VIOLATED)
_17829_/A1                              0.750000    0.879844   -0.129844 (VIOLATED)
_17828_/X                               0.750000    0.879745   -0.129745 (VIOLATED)
_12168_/B2                              0.750000    0.879712   -0.129712 (VIOLATED)
_09401_/A                               0.750000    0.879710   -0.129710 (VIOLATED)
_11958_/A                               0.750000    0.879706   -0.129706 (VIOLATED)
_12164_/A                               0.750000    0.879703   -0.129703 (VIOLATED)
_11959_/A                               0.750000    0.879685   -0.129685 (VIOLATED)
_17890_/A1                              0.750000    0.879682   -0.129682 (VIOLATED)
fanout1057/A                            0.750000    0.879682   -0.129682 (VIOLATED)
fanout1058/X                            0.750000    0.879682   -0.129682 (VIOLATED)
_10414_/C1                              0.750000    0.879563   -0.129563 (VIOLATED)
_09740_/A1                              0.750000    0.879563   -0.129563 (VIOLATED)
_09772_/A1                              0.750000    0.879563   -0.129563 (VIOLATED)
_10399_/A1                              0.750000    0.879563   -0.129563 (VIOLATED)
_10403_/A                               0.750000    0.879563   -0.129563 (VIOLATED)
_10404_/A1                              0.750000    0.879563   -0.129563 (VIOLATED)
_10878_/C1                              0.750000    0.879563   -0.129563 (VIOLATED)
_11174_/A                               0.750000    0.879563   -0.129563 (VIOLATED)
_11179_/C1                              0.750000    0.879563   -0.129563 (VIOLATED)
_11185_/B1                              0.750000    0.879563   -0.129563 (VIOLATED)
fanout844/X                             0.750000    0.879563   -0.129563 (VIOLATED)
_14974_/C                               0.750000    0.879349   -0.129349 (VIOLATED)
_14772_/D                               0.750000    0.879349   -0.129349 (VIOLATED)
_15159_/C                               0.750000    0.879349   -0.129349 (VIOLATED)
_14771_/Y                               0.750000    0.879348   -0.129348 (VIOLATED)
_14947_/A3                              0.750000    0.879348   -0.129348 (VIOLATED)
_14957_/A2                              0.750000    0.879348   -0.129348 (VIOLATED)
_15000_/A2                              0.750000    0.879348   -0.129348 (VIOLATED)
_18386_/B1                              0.750000    0.879085   -0.129085 (VIOLATED)
_18394_/B1                              0.750000    0.879083   -0.129083 (VIOLATED)
_18402_/B1                              0.750000    0.879081   -0.129082 (VIOLATED)
_18364_/B1                              0.750000    0.879074   -0.129074 (VIOLATED)
_18372_/B1                              0.750000    0.879071   -0.129071 (VIOLATED)
_18380_/B1                              0.750000    0.879069   -0.129069 (VIOLATED)
_18388_/B1                              0.750000    0.879069   -0.129069 (VIOLATED)
_18396_/B1                              0.750000    0.879069   -0.129069 (VIOLATED)
fanout237/A                             0.750000    0.879069   -0.129069 (VIOLATED)
fanout239/X                             0.750000    0.879069   -0.129069 (VIOLATED)
_11564_/A1                              0.750000    0.878351   -0.128351 (VIOLATED)
_11488_/A                               0.750000    0.878351   -0.128351 (VIOLATED)
_11431_/B                               0.750000    0.878351   -0.128351 (VIOLATED)
_11466_/B                               0.750000    0.878351   -0.128351 (VIOLATED)
_11474_/A                               0.750000    0.878351   -0.128351 (VIOLATED)
_11478_/A1                              0.750000    0.878351   -0.128351 (VIOLATED)
_11538_/A                               0.750000    0.878351   -0.128351 (VIOLATED)
_11590_/B                               0.750000    0.878351   -0.128351 (VIOLATED)
_11652_/A1                              0.750000    0.878351   -0.128351 (VIOLATED)
fanout1096/A                            0.750000    0.878351   -0.128351 (VIOLATED)
fanout1097/X                            0.750000    0.878351   -0.128351 (VIOLATED)
_13159_/B1                              0.750000    0.878331   -0.128331 (VIOLATED)
_13166_/A                               0.750000    0.878331   -0.128331 (VIOLATED)
_13167_/A1                              0.750000    0.878331   -0.128331 (VIOLATED)
_13168_/A1                              0.750000    0.878331   -0.128331 (VIOLATED)
_13170_/A                               0.750000    0.878331   -0.128331 (VIOLATED)
_13188_/A                               0.750000    0.878331   -0.128331 (VIOLATED)
_13207_/B2                              0.750000    0.878331   -0.128331 (VIOLATED)
_13440_/A1                              0.750000    0.878331   -0.128331 (VIOLATED)
_13442_/A1                              0.750000    0.878331   -0.128331 (VIOLATED)
_13684_/A2                              0.750000    0.878331   -0.128331 (VIOLATED)
fanout747/X                             0.750000    0.878331   -0.128331 (VIOLATED)
_13628_/A                               0.750000    0.877745   -0.127745 (VIOLATED)
_14237_/B                               0.750000    0.877731   -0.127731 (VIOLATED)
_14144_/A                               0.750000    0.877720   -0.127720 (VIOLATED)
_14140_/A2                              0.750000    0.877708   -0.127708 (VIOLATED)
_18252_/B1                              0.750000    0.877478   -0.127478 (VIOLATED)
_18244_/B1                              0.750000    0.877478   -0.127478 (VIOLATED)
_18197_/B1                              0.750000    0.877477   -0.127477 (VIOLATED)
_18205_/B1                              0.750000    0.877477   -0.127477 (VIOLATED)
_18213_/B1                              0.750000    0.877477   -0.127477 (VIOLATED)
_18221_/B1                              0.750000    0.877477   -0.127477 (VIOLATED)
_18228_/B1                              0.750000    0.877477   -0.127477 (VIOLATED)
_18229_/B1                              0.750000    0.877477   -0.127477 (VIOLATED)
_18236_/B1                              0.750000    0.877477   -0.127477 (VIOLATED)
_18268_/B1                              0.750000    0.877477   -0.127477 (VIOLATED)
fanout262/X                             0.750000    0.877477   -0.127477 (VIOLATED)
_12837_/B1                              0.750000    0.877007   -0.127007 (VIOLATED)
_13807_/A                               0.750000    0.877007   -0.127007 (VIOLATED)
_12750_/B1                              0.750000    0.877007   -0.127007 (VIOLATED)
_12765_/A                               0.750000    0.877007   -0.127007 (VIOLATED)
_12769_/A                               0.750000    0.877007   -0.127007 (VIOLATED)
_13227_/A1                              0.750000    0.877007   -0.127007 (VIOLATED)
_13232_/A                               0.750000    0.877007   -0.127007 (VIOLATED)
_13236_/C1                              0.750000    0.877007   -0.127007 (VIOLATED)
_13398_/C1                              0.750000    0.877007   -0.127007 (VIOLATED)
_13940_/A1                              0.750000    0.877007   -0.127007 (VIOLATED)
fanout761/X                             0.750000    0.877007   -0.127007 (VIOLATED)
_13601_/X                               0.750000    0.876461   -0.126461 (VIOLATED)
_11787_/B                               0.750000    0.876282   -0.126282 (VIOLATED)
_11786_/X                               0.750000    0.876233   -0.126233 (VIOLATED)
_14446_/A                               0.750000    0.876050   -0.126050 (VIOLATED)
_14478_/A1                              0.750000    0.876049   -0.126049 (VIOLATED)
fanout1341/A                            0.750000    0.876045   -0.126045 (VIOLATED)
_14409_/A                               0.750000    0.876044   -0.126044 (VIOLATED)
_14382_/B                               0.750000    0.876043   -0.126043 (VIOLATED)
_14393_/A_N                             0.750000    0.876043   -0.126043 (VIOLATED)
_14404_/A                               0.750000    0.876043   -0.126043 (VIOLATED)
_14408_/A                               0.750000    0.876043   -0.126043 (VIOLATED)
_14413_/C_N                             0.750000    0.876043   -0.126043 (VIOLATED)
_14418_/A                               0.750000    0.876043   -0.126043 (VIOLATED)
fanout1342/X                            0.750000    0.876043   -0.126043 (VIOLATED)
_15429_/B1                              0.750000    0.875971   -0.125971 (VIOLATED)
_14370_/C1                              0.750000    0.875971   -0.125971 (VIOLATED)
_15430_/A1                              0.750000    0.875970   -0.125970 (VIOLATED)
_15536_/A1                              0.750000    0.875964   -0.125964 (VIOLATED)
_15555_/C1                              0.750000    0.875963   -0.125963 (VIOLATED)
_09701_/C1                              0.750000    0.875962   -0.125962 (VIOLATED)
_09733_/C1                              0.750000    0.875962   -0.125962 (VIOLATED)
_09739_/A1                              0.750000    0.875962   -0.125962 (VIOLATED)
_09743_/C1                              0.750000    0.875962   -0.125962 (VIOLATED)
_09771_/A1                              0.750000    0.875962   -0.125962 (VIOLATED)
_10398_/A1                              0.750000    0.875962   -0.125962 (VIOLATED)
_10418_/B1                              0.750000    0.875962   -0.125962 (VIOLATED)
_11171_/A1                              0.750000    0.875962   -0.125962 (VIOLATED)
_11172_/C1                              0.750000    0.875962   -0.125962 (VIOLATED)
_11185_/A1                              0.750000    0.875962   -0.125962 (VIOLATED)
fanout837/X                             0.750000    0.875962   -0.125962 (VIOLATED)
_14364_/B1                              0.750000    0.875951   -0.125951 (VIOLATED)
_15543_/A1                              0.750000    0.875948   -0.125948 (VIOLATED)
_15171_/C1                              0.750000    0.875940   -0.125940 (VIOLATED)
_15006_/A1                              0.750000    0.875937   -0.125937 (VIOLATED)
_15431_/C1                              0.750000    0.875937   -0.125937 (VIOLATED)
fanout1250/X                            0.750000    0.875937   -0.125937 (VIOLATED)
_12065_/A1                              0.750000    0.875577   -0.125577 (VIOLATED)
_11982_/A1_N                            0.750000    0.875576   -0.125576 (VIOLATED)
_12072_/A1                              0.750000    0.875576   -0.125576 (VIOLATED)
_12071_/A1                              0.750000    0.875576   -0.125576 (VIOLATED)
_11895_/A1                              0.750000    0.875575   -0.125575 (VIOLATED)
_11673_/A                               0.750000    0.875575   -0.125575 (VIOLATED)
_11935_/A                               0.750000    0.875575   -0.125575 (VIOLATED)
_11973_/A                               0.750000    0.875575   -0.125575 (VIOLATED)
_12035_/A                               0.750000    0.875575   -0.125575 (VIOLATED)
_12118_/A                               0.750000    0.875575   -0.125575 (VIOLATED)
fanout782/X                             0.750000    0.875575   -0.125575 (VIOLATED)
_16682_/C1                              0.750000    0.874782   -0.124782 (VIOLATED)
_16678_/A1                              0.750000    0.874781   -0.124781 (VIOLATED)
_16671_/C1                              0.750000    0.874779   -0.124779 (VIOLATED)
_16499_/A                               0.750000    0.874775   -0.124775 (VIOLATED)
_16205_/A1                              0.750000    0.874774   -0.124774 (VIOLATED)
_16485_/C1                              0.750000    0.874774   -0.124774 (VIOLATED)
_16493_/A                               0.750000    0.874774   -0.124774 (VIOLATED)
_16495_/A1                              0.750000    0.874774   -0.124774 (VIOLATED)
_16781_/A                               0.750000    0.874774   -0.124774 (VIOLATED)
_16784_/B1                              0.750000    0.874774   -0.124774 (VIOLATED)
fanout1585/X                            0.750000    0.874774   -0.124774 (VIOLATED)
_14575_/A1                              0.750000    0.874625   -0.124625 (VIOLATED)
_15379_/A                               0.750000    0.874624   -0.124624 (VIOLATED)
_14579_/A1                              0.750000    0.874624   -0.124624 (VIOLATED)
_14882_/S0                              0.750000    0.874623   -0.124623 (VIOLATED)
_14517_/A                               0.750000    0.874622   -0.124622 (VIOLATED)
_14569_/A1                              0.750000    0.874622   -0.124622 (VIOLATED)
_14860_/A1                              0.750000    0.874622   -0.124622 (VIOLATED)
_14861_/A                               0.750000    0.874622   -0.124622 (VIOLATED)
_14878_/B2                              0.750000    0.874622   -0.124622 (VIOLATED)
_14884_/A1                              0.750000    0.874622   -0.124622 (VIOLATED)
fanout685/X                             0.750000    0.874622   -0.124622 (VIOLATED)
_17171_/B1                              0.750000    0.874257   -0.124257 (VIOLATED)
fanout652/A                             0.750000    0.874256   -0.124256 (VIOLATED)
_16999_/A1                              0.750000    0.874251   -0.124251 (VIOLATED)
_16998_/A1                              0.750000    0.874250   -0.124250 (VIOLATED)
_17190_/C1                              0.750000    0.874242   -0.124242 (VIOLATED)
_17298_/C1                              0.750000    0.874233   -0.124233 (VIOLATED)
_17312_/B2                              0.750000    0.874232   -0.124232 (VIOLATED)
fanout653/A                             0.750000    0.874232   -0.124232 (VIOLATED)
fanout654/X                             0.750000    0.874232   -0.124232 (VIOLATED)
_14666_/B                               0.750000    0.873210   -0.123210 (VIOLATED)
_15609_/B1                              0.750000    0.873210   -0.123210 (VIOLATED)
_14603_/B                               0.750000    0.873209   -0.123209 (VIOLATED)
_14611_/A                               0.750000    0.873209   -0.123209 (VIOLATED)
_14613_/A                               0.750000    0.873209   -0.123209 (VIOLATED)
_14623_/B                               0.750000    0.873209   -0.123209 (VIOLATED)
_14647_/A2                              0.750000    0.873209   -0.123209 (VIOLATED)
_14691_/A2                              0.750000    0.873209   -0.123209 (VIOLATED)
_15473_/A1                              0.750000    0.873209   -0.123209 (VIOLATED)
fanout1570/A                            0.750000    0.873209   -0.123209 (VIOLATED)
fanout1571/X                            0.750000    0.873209   -0.123209 (VIOLATED)
_15593_/C1                              0.750000    0.872432   -0.122433 (VIOLATED)
_15360_/B1                              0.750000    0.872431   -0.122431 (VIOLATED)
_15652_/C1                              0.750000    0.872431   -0.122431 (VIOLATED)
_15335_/B1                              0.750000    0.872431   -0.122431 (VIOLATED)
_15665_/A1                              0.750000    0.872427   -0.122427 (VIOLATED)
_14681_/B1                              0.750000    0.872427   -0.122427 (VIOLATED)
_14686_/B1                              0.750000    0.872427   -0.122427 (VIOLATED)
_14834_/B1                              0.750000    0.872427   -0.122427 (VIOLATED)
_15352_/A1                              0.750000    0.872427   -0.122427 (VIOLATED)
fanout701/A                             0.750000    0.872427   -0.122427 (VIOLATED)
fanout702/X                             0.750000    0.872427   -0.122427 (VIOLATED)
_17056_/C1                              0.750000    0.872345   -0.122345 (VIOLATED)
_16502_/B1                              0.750000    0.872345   -0.122345 (VIOLATED)
_16801_/C1                              0.750000    0.872345   -0.122345 (VIOLATED)
_16986_/C1                              0.750000    0.872344   -0.122344 (VIOLATED)
_16508_/A1                              0.750000    0.872343   -0.122343 (VIOLATED)
_16689_/C1                              0.750000    0.872341   -0.122341 (VIOLATED)
_16467_/B1                              0.750000    0.872341   -0.122341 (VIOLATED)
_16690_/C1                              0.750000    0.872341   -0.122341 (VIOLATED)
_16804_/C1                              0.750000    0.872341   -0.122341 (VIOLATED)
_16983_/B1                              0.750000    0.872341   -0.122341 (VIOLATED)
fanout1594/X                            0.750000    0.872341   -0.122341 (VIOLATED)
_15220_/A1                              0.750000    0.871793   -0.121793 (VIOLATED)
_15494_/A1                              0.750000    0.871792   -0.121792 (VIOLATED)
_14677_/A1                              0.750000    0.871791   -0.121791 (VIOLATED)
_15613_/C1                              0.750000    0.871791   -0.121791 (VIOLATED)
_15341_/C1                              0.750000    0.871789   -0.121789 (VIOLATED)
_14714_/A1                              0.750000    0.871789   -0.121789 (VIOLATED)
_15334_/A                               0.750000    0.871789   -0.121789 (VIOLATED)
_15338_/A1                              0.750000    0.871789   -0.121789 (VIOLATED)
_15361_/C1                              0.750000    0.871789   -0.121789 (VIOLATED)
_15669_/C1                              0.750000    0.871789   -0.121789 (VIOLATED)
fanout1534/X                            0.750000    0.871789   -0.121789 (VIOLATED)
_11640_/C                               0.750000    0.871550   -0.121550 (VIOLATED)
_11550_/B                               0.750000    0.871550   -0.121550 (VIOLATED)
_11769_/B1                              0.750000    0.871548   -0.121548 (VIOLATED)
_11756_/A1                              0.750000    0.871546   -0.121546 (VIOLATED)
_11650_/A1                              0.750000    0.871544   -0.121544 (VIOLATED)
_11480_/B1                              0.750000    0.871543   -0.121543 (VIOLATED)
_11483_/A1                              0.750000    0.871543   -0.121543 (VIOLATED)
_11597_/B                               0.750000    0.871543   -0.121543 (VIOLATED)
_11723_/A1                              0.750000    0.871543   -0.121543 (VIOLATED)
_11727_/S                               0.750000    0.871543   -0.121543 (VIOLATED)
fanout509/X                             0.750000    0.871543   -0.121543 (VIOLATED)
_09935_/C1                              0.750000    0.870791   -0.120791 (VIOLATED)
_10025_/B1                              0.750000    0.870791   -0.120791 (VIOLATED)
_10026_/A1                              0.750000    0.870791   -0.120791 (VIOLATED)
_10282_/B1                              0.750000    0.870791   -0.120791 (VIOLATED)
_10287_/A1                              0.750000    0.870791   -0.120791 (VIOLATED)
_10535_/C1                              0.750000    0.870791   -0.120791 (VIOLATED)
_10553_/A1                              0.750000    0.870791   -0.120791 (VIOLATED)
_10554_/A1                              0.750000    0.870791   -0.120791 (VIOLATED)
_10765_/B1                              0.750000    0.870791   -0.120791 (VIOLATED)
_11244_/B1                              0.750000    0.870791   -0.120791 (VIOLATED)
fanout1682/X                            0.750000    0.870791   -0.120791 (VIOLATED)
_13029_/A3                              0.750000    0.870496   -0.120496 (VIOLATED)
_13910_/A2                              0.750000    0.870494   -0.120494 (VIOLATED)
_13896_/A2                              0.750000    0.870494   -0.120494 (VIOLATED)
_13894_/C                               0.750000    0.870493   -0.120493 (VIOLATED)
_13998_/B1                              0.750000    0.870480   -0.120480 (VIOLATED)
_13988_/A2                              0.750000    0.870462   -0.120462 (VIOLATED)
_14057_/A2                              0.750000    0.870457   -0.120457 (VIOLATED)
_13378_/A2                              0.750000    0.870456   -0.120456 (VIOLATED)
_13026_/Y                               0.750000    0.870455   -0.120455 (VIOLATED)
_11742_/B1                              0.750000    0.870274   -0.120274 (VIOLATED)
_11740_/C1                              0.750000    0.870274   -0.120274 (VIOLATED)
_11438_/B1                              0.750000    0.870274   -0.120274 (VIOLATED)
_11559_/A1                              0.750000    0.870273   -0.120273 (VIOLATED)
_11811_/S1                              0.750000    0.870270   -0.120270 (VIOLATED)
_11491_/B1                              0.750000    0.870268   -0.120268 (VIOLATED)
_11595_/B1                              0.750000    0.870268   -0.120268 (VIOLATED)
_11608_/B1                              0.750000    0.870268   -0.120268 (VIOLATED)
_11619_/C1                              0.750000    0.870268   -0.120268 (VIOLATED)
_11625_/A1                              0.750000    0.870268   -0.120268 (VIOLATED)
fanout1064/X                            0.750000    0.870268   -0.120268 (VIOLATED)
_16049_/B                               0.750000    0.869633   -0.119633 (VIOLATED)
_15994_/B                               0.750000    0.869632   -0.119632 (VIOLATED)
_16413_/A1                              0.750000    0.869631   -0.119631 (VIOLATED)
_16073_/A2                              0.750000    0.869630   -0.119630 (VIOLATED)
_16040_/A2                              0.750000    0.869620   -0.119620 (VIOLATED)
_15997_/A_N                             0.750000    0.869619   -0.119619 (VIOLATED)
_16037_/A2                              0.750000    0.869619   -0.119619 (VIOLATED)
_16043_/B                               0.750000    0.869619   -0.119619 (VIOLATED)
_16058_/B                               0.750000    0.869619   -0.119619 (VIOLATED)
_16059_/C_N                             0.750000    0.869619   -0.119619 (VIOLATED)
fanout1153/X                            0.750000    0.869619   -0.119619 (VIOLATED)
_17958_/A2                              0.750000    0.869505   -0.119505 (VIOLATED)
_17950_/A2                              0.750000    0.869503   -0.119503 (VIOLATED)
_17965_/A2                              0.750000    0.869502   -0.119503 (VIOLATED)
_17967_/A2                              0.750000    0.869502   -0.119502 (VIOLATED)
_18029_/A2                              0.750000    0.869501   -0.119501 (VIOLATED)
_17999_/A2                              0.750000    0.869501   -0.119501 (VIOLATED)
_18014_/A2                              0.750000    0.869500   -0.119500 (VIOLATED)
_18023_/A2                              0.750000    0.869497   -0.119497 (VIOLATED)
_18030_/A2                              0.750000    0.869497   -0.119497 (VIOLATED)
_18063_/A2                              0.750000    0.869497   -0.119497 (VIOLATED)
fanout622/X                             0.750000    0.869497   -0.119497 (VIOLATED)
_18252_/A2                              0.750000    0.869445   -0.119445 (VIOLATED)
_18244_/A2                              0.750000    0.869444   -0.119444 (VIOLATED)
_18236_/A2                              0.750000    0.869443   -0.119443 (VIOLATED)
_18268_/A2                              0.750000    0.869442   -0.119442 (VIOLATED)
_18228_/A2                              0.750000    0.869442   -0.119442 (VIOLATED)
_18197_/A2                              0.750000    0.869440   -0.119440 (VIOLATED)
_18205_/A2                              0.750000    0.869440   -0.119440 (VIOLATED)
_18213_/A2                              0.750000    0.869440   -0.119440 (VIOLATED)
_18221_/A2                              0.750000    0.869440   -0.119440 (VIOLATED)
_18229_/A2                              0.750000    0.869440   -0.119440 (VIOLATED)
fanout205/X                             0.750000    0.869440   -0.119440 (VIOLATED)
_18056_/A                               0.750000    0.869253   -0.119253 (VIOLATED)
load_slew859/A                          0.750000    0.869235   -0.119235 (VIOLATED)
_17874_/A                               0.750000    0.869231   -0.119231 (VIOLATED)
_18116_/A                               0.750000    0.869226   -0.119226 (VIOLATED)
_18084_/A                               0.750000    0.869225   -0.119225 (VIOLATED)
_18100_/A                               0.750000    0.869225   -0.119225 (VIOLATED)
fanout858/X                             0.750000    0.869225   -0.119225 (VIOLATED)
_13516_/A1                              0.750000    0.869149   -0.119149 (VIOLATED)
_13015_/A_N                             0.750000    0.869148   -0.119148 (VIOLATED)
_12955_/B                               0.750000    0.869147   -0.119147 (VIOLATED)
_13007_/C                               0.750000    0.869146   -0.119146 (VIOLATED)
_12962_/A_N                             0.750000    0.869144   -0.119144 (VIOLATED)
_12965_/B                               0.750000    0.869144   -0.119144 (VIOLATED)
_12995_/B1                              0.750000    0.869144   -0.119144 (VIOLATED)
_12997_/B                               0.750000    0.869144   -0.119144 (VIOLATED)
_13033_/A1                              0.750000    0.869144   -0.119144 (VIOLATED)
_13374_/C_N                             0.750000    0.869144   -0.119144 (VIOLATED)
fanout1238/X                            0.750000    0.869144   -0.119144 (VIOLATED)
_18293_/A2                              0.750000    0.868995   -0.118995 (VIOLATED)
fanout217/A                             0.750000    0.868989   -0.118989 (VIOLATED)
_18163_/A2                              0.750000    0.868988   -0.118988 (VIOLATED)
_18184_/A2                              0.750000    0.868988   -0.118988 (VIOLATED)
_18192_/A2                              0.750000    0.868988   -0.118988 (VIOLATED)
_18286_/A2                              0.750000    0.868988   -0.118988 (VIOLATED)
_18292_/A2                              0.750000    0.868988   -0.118988 (VIOLATED)
fanout219/X                             0.750000    0.868988   -0.118988 (VIOLATED)
_12579_/A1                              0.750000    0.868826   -0.118826 (VIOLATED)
_12391_/A                               0.750000    0.868826   -0.118826 (VIOLATED)
_12390_/A1                              0.750000    0.868825   -0.118825 (VIOLATED)
_12549_/A2                              0.750000    0.868825   -0.118825 (VIOLATED)
_12524_/A                               0.750000    0.868818   -0.118818 (VIOLATED)
fanout979/A                             0.750000    0.868813   -0.118813 (VIOLATED)
fanout982/A                             0.750000    0.868813   -0.118813 (VIOLATED)
fanout983/X                             0.750000    0.868813   -0.118813 (VIOLATED)
_11955_/A                               0.750000    0.868733   -0.118733 (VIOLATED)
_10521_/A                               0.750000    0.868728   -0.118728 (VIOLATED)
_10387_/A                               0.750000    0.868725   -0.118725 (VIOLATED)
_12384_/A0                              0.750000    0.868722   -0.118722 (VIOLATED)
_10388_/A                               0.750000    0.868714   -0.118714 (VIOLATED)
_10298_/X                               0.750000    0.868547   -0.118547 (VIOLATED)
_13210_/A1                              0.750000    0.868529   -0.118529 (VIOLATED)
_13292_/A1                              0.750000    0.868529   -0.118529 (VIOLATED)
_13426_/A2                              0.750000    0.868529   -0.118529 (VIOLATED)
_13428_/B1                              0.750000    0.868529   -0.118529 (VIOLATED)
_13432_/C1                              0.750000    0.868529   -0.118529 (VIOLATED)
_13439_/B1                              0.750000    0.868529   -0.118529 (VIOLATED)
_13441_/C1                              0.750000    0.868529   -0.118529 (VIOLATED)
_13622_/A1                              0.750000    0.868529   -0.118529 (VIOLATED)
_13673_/B1                              0.750000    0.868529   -0.118529 (VIOLATED)
fanout1498/A                            0.750000    0.868529   -0.118529 (VIOLATED)
fanout1499/X                            0.750000    0.868529   -0.118529 (VIOLATED)
_18201_/B1                              0.750000    0.868474   -0.118474 (VIOLATED)
_18235_/B1                              0.750000    0.868473   -0.118473 (VIOLATED)
_18227_/B1                              0.750000    0.868473   -0.118473 (VIOLATED)
_18198_/B1                              0.750000    0.868472   -0.118472 (VIOLATED)
_18193_/B1                              0.750000    0.868472   -0.118472 (VIOLATED)
_18206_/B1                              0.750000    0.868472   -0.118472 (VIOLATED)
_18243_/B1                              0.750000    0.868472   -0.118472 (VIOLATED)
_18251_/B1                              0.750000    0.868472   -0.118472 (VIOLATED)
_18259_/B1                              0.750000    0.868472   -0.118472 (VIOLATED)
_18267_/B1                              0.750000    0.868472   -0.118472 (VIOLATED)
fanout261/X                             0.750000    0.868472   -0.118472 (VIOLATED)
_17229_/C                               0.750000    0.868021   -0.118021 (VIOLATED)
_17267_/B                               0.750000    0.868020   -0.118020 (VIOLATED)
_16922_/D                               0.750000    0.868019   -0.118019 (VIOLATED)
_16515_/A2                              0.750000    0.868017   -0.118017 (VIOLATED)
_17260_/A1                              0.750000    0.868016   -0.118016 (VIOLATED)
_16660_/C                               0.750000    0.868014   -0.118014 (VIOLATED)
_16814_/A2                              0.750000    0.868008   -0.118008 (VIOLATED)
_16545_/A2                              0.750000    0.868008   -0.118008 (VIOLATED)
_16544_/A2                              0.750000    0.868006   -0.118006 (VIOLATED)
_16637_/A1                              0.750000    0.868006   -0.118006 (VIOLATED)
fanout378/X                             0.750000    0.868006   -0.118006 (VIOLATED)
_17984_/A                               0.750000    0.867681   -0.117681 (VIOLATED)
_17940_/A                               0.750000    0.867677   -0.117677 (VIOLATED)
_17961_/A                               0.750000    0.867677   -0.117677 (VIOLATED)
_18048_/A                               0.750000    0.867673   -0.117673 (VIOLATED)
_17936_/A                               0.750000    0.867670   -0.117670 (VIOLATED)
fanout848/X                             0.750000    0.867670   -0.117670 (VIOLATED)
load_slew849/A                          0.750000    0.867670   -0.117670 (VIOLATED)
_16496_/A1                              0.750000    0.866954   -0.116954 (VIOLATED)
_16996_/A1                              0.750000    0.866954   -0.116954 (VIOLATED)
_17069_/A                               0.750000    0.866954   -0.116954 (VIOLATED)
fanout1593/A                            0.750000    0.866954   -0.116954 (VIOLATED)
fanout1595/A                            0.750000    0.866954   -0.116954 (VIOLATED)
fanout1597/A                            0.750000    0.866954   -0.116954 (VIOLATED)
fanout1599/X                            0.750000    0.866954   -0.116954 (VIOLATED)
_18386_/A2                              0.750000    0.866802   -0.116802 (VIOLATED)
_18394_/A2                              0.750000    0.866802   -0.116802 (VIOLATED)
_18402_/A2                              0.750000    0.866802   -0.116802 (VIOLATED)
_18364_/A2                              0.750000    0.866790   -0.116790 (VIOLATED)
_18372_/A2                              0.750000    0.866787   -0.116787 (VIOLATED)
_18380_/A2                              0.750000    0.866787   -0.116787 (VIOLATED)
_18388_/A2                              0.750000    0.866787   -0.116787 (VIOLATED)
_18396_/A2                              0.750000    0.866787   -0.116787 (VIOLATED)
fanout180/A                             0.750000    0.866787   -0.116787 (VIOLATED)
fanout182/X                             0.750000    0.866787   -0.116787 (VIOLATED)
_18347_/B1                              0.750000    0.866486   -0.116486 (VIOLATED)
_18371_/B1                              0.750000    0.866486   -0.116486 (VIOLATED)
_18323_/B1                              0.750000    0.866482   -0.116482 (VIOLATED)
_18315_/B1                              0.750000    0.866480   -0.116480 (VIOLATED)
_18422_/A2                              0.750000    0.866479   -0.116479 (VIOLATED)
_18439_/B1                              0.750000    0.866479   -0.116479 (VIOLATED)
fanout248/A                             0.750000    0.866479   -0.116479 (VIOLATED)
fanout249/X                             0.750000    0.866479   -0.116479 (VIOLATED)
_10135_/A2                              0.750000    0.866059   -0.116059 (VIOLATED)
_10116_/A                               0.750000    0.866058   -0.116058 (VIOLATED)
_10955_/A3                              0.750000    0.866058   -0.116058 (VIOLATED)
_11128_/D                               0.750000    0.866056   -0.116056 (VIOLATED)
_10318_/A2                              0.750000    0.866047   -0.116047 (VIOLATED)
_10082_/A3                              0.750000    0.866033   -0.116033 (VIOLATED)
_10718_/B                               0.750000    0.866016   -0.116016 (VIOLATED)
_10121_/B                               0.750000    0.866015   -0.116015 (VIOLATED)
wire144/A                               0.750000    0.865981   -0.115981 (VIOLATED)
_10812_/Y                               0.750000    0.865955   -0.115955 (VIOLATED)
_13532_/A                               0.750000    0.865825   -0.115825 (VIOLATED)
_14135_/A                               0.750000    0.865816   -0.115816 (VIOLATED)
_14231_/B                               0.750000    0.865785   -0.115785 (VIOLATED)
_10065_/Y                               0.750000    0.865779   -0.115779 (VIOLATED)
_14182_/A                               0.750000    0.865718   -0.115718 (VIOLATED)
_12986_/A                               0.750000    0.865484   -0.115484 (VIOLATED)
_14000_/A                               0.750000    0.865484   -0.115484 (VIOLATED)
_13352_/A1                              0.750000    0.865483   -0.115483 (VIOLATED)
_13524_/A1                              0.750000    0.865482   -0.115482 (VIOLATED)
_13051_/A1                              0.750000    0.865482   -0.115482 (VIOLATED)
_13732_/D1                              0.750000    0.865481   -0.115481 (VIOLATED)
_12999_/B1                              0.750000    0.865481   -0.115481 (VIOLATED)
_13344_/B1                              0.750000    0.865481   -0.115481 (VIOLATED)
_14048_/A1                              0.750000    0.865478   -0.115478 (VIOLATED)
fanout727/A                             0.750000    0.865478   -0.115478 (VIOLATED)
fanout728/X                             0.750000    0.865478   -0.115478 (VIOLATED)
_15931_/A                               0.750000    0.865385   -0.115385 (VIOLATED)
_15915_/B1_N                            0.750000    0.865383   -0.115383 (VIOLATED)
_15898_/A                               0.750000    0.865383   -0.115383 (VIOLATED)
_15891_/A                               0.750000    0.865380   -0.115380 (VIOLATED)
_16223_/A1                              0.750000    0.865373   -0.115373 (VIOLATED)
_15914_/B                               0.750000    0.865365   -0.115365 (VIOLATED)
_16434_/A1                              0.750000    0.865362   -0.115362 (VIOLATED)
_15886_/A                               0.750000    0.865359   -0.115359 (VIOLATED)
_15894_/A                               0.750000    0.865359   -0.115359 (VIOLATED)
_16429_/A1                              0.750000    0.865359   -0.115359 (VIOLATED)
fanout1850/X                            0.750000    0.865359   -0.115359 (VIOLATED)
_14126_/B                               0.750000    0.864913   -0.114913 (VIOLATED)
ANTENNA_94/DIODE                        0.750000    0.864797   -0.114797 (VIOLATED)
_17515_/A1                              0.750000    0.864797   -0.114797 (VIOLATED)
_17514_/X                               0.750000    0.864521   -0.114521 (VIOLATED)
_13530_/X                               0.750000    0.864467   -0.114467 (VIOLATED)
fanout1749/A                            0.750000    0.863644   -0.113644 (VIOLATED)
fanout1750/A                            0.750000    0.863643   -0.113643 (VIOLATED)
fanout1751/A                            0.750000    0.863640   -0.113640 (VIOLATED)
fanout1753/A                            0.750000    0.863636   -0.113637 (VIOLATED)
fanout1757/A                            0.750000    0.863610   -0.113610 (VIOLATED)
fanout1758/X                            0.750000    0.863610   -0.113610 (VIOLATED)
_17038_/C1                              0.750000    0.863560   -0.113560 (VIOLATED)
_16443_/C1                              0.750000    0.863557   -0.113557 (VIOLATED)
_16447_/A                               0.750000    0.863557   -0.113557 (VIOLATED)
_17021_/C1                              0.750000    0.863557   -0.113557 (VIOLATED)
_17022_/A1                              0.750000    0.863557   -0.113557 (VIOLATED)
_17030_/A1                              0.750000    0.863557   -0.113557 (VIOLATED)
_17033_/C1                              0.750000    0.863557   -0.113557 (VIOLATED)
_17039_/C1                              0.750000    0.863557   -0.113557 (VIOLATED)
_17160_/C1                              0.750000    0.863557   -0.113557 (VIOLATED)
fanout1821/A                            0.750000    0.863557   -0.113557 (VIOLATED)
fanout1822/X                            0.750000    0.863557   -0.113557 (VIOLATED)
_11085_/A1                              0.750000    0.863197   -0.113197 (VIOLATED)
_09995_/B                               0.750000    0.863196   -0.113196 (VIOLATED)
max_cap533/A                            0.750000    0.863194   -0.113194 (VIOLATED)
_09907_/C                               0.750000    0.863191   -0.113191 (VIOLATED)
_10923_/A2                              0.750000    0.863188   -0.113188 (VIOLATED)
_09905_/Y                               0.750000    0.862944   -0.112944 (VIOLATED)
_09988_/C                               0.750000    0.862944   -0.112944 (VIOLATED)
_14537_/B1                              0.750000    0.862579   -0.112580 (VIOLATED)
_14895_/B1                              0.750000    0.862577   -0.112577 (VIOLATED)
_15186_/D1                              0.750000    0.862577   -0.112577 (VIOLATED)
_15181_/A1                              0.750000    0.862576   -0.112576 (VIOLATED)
_15435_/B1                              0.750000    0.862573   -0.112573 (VIOLATED)
_15392_/A                               0.750000    0.862570   -0.112570 (VIOLATED)
_15634_/C1                              0.750000    0.862569   -0.112569 (VIOLATED)
_15625_/B2                              0.750000    0.862569   -0.112569 (VIOLATED)
_15638_/C1                              0.750000    0.862567   -0.112567 (VIOLATED)
_17515_/A0                              0.750000    0.862567   -0.112567 (VIOLATED)
fanout1790/X                            0.750000    0.862567   -0.112567 (VIOLATED)
_18065_/A1                              0.750000    0.862265   -0.112265 (VIOLATED)
fanout880/A                             0.750000    0.862263   -0.112263 (VIOLATED)
_18489_/A1_N                            0.750000    0.862260   -0.112260 (VIOLATED)
_18681_/A1_N                            0.750000    0.862258   -0.112258 (VIOLATED)
_18044_/A1                              0.750000    0.862256   -0.112256 (VIOLATED)
_18061_/A1                              0.750000    0.862256   -0.112256 (VIOLATED)
_18077_/A1                              0.750000    0.862256   -0.112256 (VIOLATED)
fanout879/A                             0.750000    0.862256   -0.112256 (VIOLATED)
fanout881/X                             0.750000    0.862256   -0.112256 (VIOLATED)
_18497_/A1_N                            0.750000    0.862255   -0.112255 (VIOLATED)
_18481_/A1_N                            0.750000    0.862253   -0.112253 (VIOLATED)
_18457_/A1_N                            0.750000    0.862250   -0.112250 (VIOLATED)
_18473_/A1_N                            0.750000    0.862242   -0.112242 (VIOLATED)
_18635_/A1_N                            0.750000    0.862241   -0.112241 (VIOLATED)
fanout871/A                             0.750000    0.862241   -0.112241 (VIOLATED)
fanout872/X                             0.750000    0.862241   -0.112241 (VIOLATED)
_09777_/B                               0.750000    0.861712   -0.111712 (VIOLATED)
_09809_/A                               0.750000    0.861712   -0.111712 (VIOLATED)
_09812_/A                               0.750000    0.861712   -0.111712 (VIOLATED)
_09814_/A_N                             0.750000    0.861712   -0.111712 (VIOLATED)
_09826_/C                               0.750000    0.861712   -0.111712 (VIOLATED)
_09838_/B1_N                            0.750000    0.861712   -0.111712 (VIOLATED)
_10581_/B2                              0.750000    0.861712   -0.111712 (VIOLATED)
_11040_/A1                              0.750000    0.861712   -0.111712 (VIOLATED)
_11050_/A1                              0.750000    0.861712   -0.111712 (VIOLATED)
fanout1189/A                            0.750000    0.861712   -0.111712 (VIOLATED)
fanout1190/X                            0.750000    0.861712   -0.111712 (VIOLATED)
_09950_/B                               0.750000    0.861604   -0.111604 (VIOLATED)
_10773_/B2                              0.750000    0.861604   -0.111604 (VIOLATED)
_09989_/A                               0.750000    0.861603   -0.111603 (VIOLATED)
_11229_/B1                              0.750000    0.861601   -0.111601 (VIOLATED)
_10757_/A1                              0.750000    0.861596   -0.111597 (VIOLATED)
_09913_/A                               0.750000    0.861596   -0.111596 (VIOLATED)
_09993_/A1                              0.750000    0.861592   -0.111592 (VIOLATED)
_10007_/B                               0.750000    0.861592   -0.111592 (VIOLATED)
_10274_/A1                              0.750000    0.861592   -0.111592 (VIOLATED)
_10288_/S                               0.750000    0.861592   -0.111592 (VIOLATED)
fanout833/X                             0.750000    0.861592   -0.111592 (VIOLATED)
_09487_/A                               0.750000    0.861153   -0.111154 (VIOLATED)
_16148_/C1                              0.750000    0.861153   -0.111154 (VIOLATED)
_16187_/A1                              0.750000    0.861153   -0.111154 (VIOLATED)
_16194_/B1                              0.750000    0.861153   -0.111154 (VIOLATED)
_16484_/A                               0.750000    0.861153   -0.111154 (VIOLATED)
_16485_/A1                              0.750000    0.861153   -0.111154 (VIOLATED)
_16486_/A                               0.750000    0.861153   -0.111154 (VIOLATED)
_16496_/C1                              0.750000    0.861153   -0.111154 (VIOLATED)
_16810_/B1                              0.750000    0.861153   -0.111154 (VIOLATED)
_17619_/A0                              0.750000    0.861153   -0.111154 (VIOLATED)
fanout1583/X                            0.750000    0.861153   -0.111154 (VIOLATED)
_15499_/B1                              0.750000    0.860334   -0.110334 (VIOLATED)
_15521_/C1                              0.750000    0.860334   -0.110334 (VIOLATED)
fanout1300/A                            0.750000    0.860328   -0.110328 (VIOLATED)
_14925_/C1                              0.750000    0.860321   -0.110321 (VIOLATED)
_15046_/B1                              0.750000    0.860320   -0.110320 (VIOLATED)
_15048_/A1                              0.750000    0.860320   -0.110320 (VIOLATED)
_17766_/A0                              0.750000    0.860320   -0.110320 (VIOLATED)
fanout1301/A                            0.750000    0.860320   -0.110320 (VIOLATED)
fanout1302/X                            0.750000    0.860320   -0.110320 (VIOLATED)
_18633_/B1                              0.750000    0.860141   -0.110141 (VIOLATED)
_18685_/B1                              0.750000    0.860137   -0.110138 (VIOLATED)
_18617_/B1                              0.750000    0.860136   -0.110136 (VIOLATED)
_18575_/B1                              0.750000    0.860124   -0.110124 (VIOLATED)
fanout360/A                             0.750000    0.860100   -0.110100 (VIOLATED)
_18647_/B1                              0.750000    0.860077   -0.110077 (VIOLATED)
fanout359/A                             0.750000    0.860077   -0.110077 (VIOLATED)
fanout361/X                             0.750000    0.860077   -0.110077 (VIOLATED)
_12522_/A2                              0.750000    0.859926   -0.109926 (VIOLATED)
_12283_/X                               0.750000    0.859925   -0.109925 (VIOLATED)
_12499_/A2                              0.750000    0.859925   -0.109925 (VIOLATED)
fanout491/A                             0.750000    0.859925   -0.109925 (VIOLATED)
_11424_/A2                              0.750000    0.858864   -0.108864 (VIOLATED)
_11421_/A_N                             0.750000    0.858863   -0.108863 (VIOLATED)
_11440_/A_N                             0.750000    0.858863   -0.108863 (VIOLATED)
_11442_/B                               0.750000    0.858863   -0.108863 (VIOLATED)
_11463_/B                               0.750000    0.858863   -0.108863 (VIOLATED)
_11486_/B                               0.750000    0.858863   -0.108863 (VIOLATED)
_11504_/A                               0.750000    0.858863   -0.108863 (VIOLATED)
_11509_/B                               0.750000    0.858863   -0.108863 (VIOLATED)
_11514_/B                               0.750000    0.858863   -0.108863 (VIOLATED)
_11518_/A2                              0.750000    0.858863   -0.108863 (VIOLATED)
fanout1094/X                            0.750000    0.858863   -0.108863 (VIOLATED)
_18418_/A1                              0.750000    0.858682   -0.108682 (VIOLATED)
ANTENNA_173/DIODE                       0.750000    0.858682   -0.108682 (VIOLATED)
_11772_/C1                              0.750000    0.858664   -0.108664 (VIOLATED)
_11557_/C1                              0.750000    0.858663   -0.108663 (VIOLATED)
_11651_/C1                              0.750000    0.858662   -0.108663 (VIOLATED)
_11659_/B1                              0.750000    0.858662   -0.108662 (VIOLATED)
_11663_/B2                              0.750000    0.858662   -0.108662 (VIOLATED)
_11692_/C1                              0.750000    0.858662   -0.108662 (VIOLATED)
_11699_/B1                              0.750000    0.858662   -0.108662 (VIOLATED)
_11701_/A1                              0.750000    0.858662   -0.108662 (VIOLATED)
_11725_/C1                              0.750000    0.858662   -0.108662 (VIOLATED)
_11741_/A                               0.750000    0.858662   -0.108662 (VIOLATED)
fanout1061/X                            0.750000    0.858662   -0.108662 (VIOLATED)
_17787_/A                               0.750000    0.858541   -0.108541 (VIOLATED)
_18405_/A1                              0.750000    0.858541   -0.108541 (VIOLATED)
_19358_/Q                               0.750000    0.858541   -0.108541 (VIOLATED)
_16553_/C1                              0.750000    0.858264   -0.108264 (VIOLATED)
_16582_/B1                              0.750000    0.858264   -0.108264 (VIOLATED)
_16580_/A1                              0.750000    0.858263   -0.108263 (VIOLATED)
_16051_/B1                              0.750000    0.858262   -0.108263 (VIOLATED)
_16731_/A1                              0.750000    0.858260   -0.108260 (VIOLATED)
_16391_/A                               0.750000    0.858260   -0.108260 (VIOLATED)
_16041_/C1                              0.750000    0.858260   -0.108260 (VIOLATED)
_16385_/A                               0.750000    0.858260   -0.108260 (VIOLATED)
_16720_/A1                              0.750000    0.858260   -0.108260 (VIOLATED)
_16727_/C1                              0.750000    0.858260   -0.108260 (VIOLATED)
fanout669/X                             0.750000    0.858260   -0.108260 (VIOLATED)
_12849_/A                               0.750000    0.857933   -0.107933 (VIOLATED)
_12852_/A_N                             0.750000    0.857931   -0.107931 (VIOLATED)
_12857_/C_N                             0.750000    0.857931   -0.107931 (VIOLATED)
_12889_/A_N                             0.750000    0.857931   -0.107931 (VIOLATED)
_12844_/A                               0.750000    0.857927   -0.107927 (VIOLATED)
_12898_/A                               0.750000    0.857927   -0.107927 (VIOLATED)
_12932_/C                               0.750000    0.857927   -0.107927 (VIOLATED)
_12934_/A                               0.750000    0.857927   -0.107927 (VIOLATED)
fanout1762/A                            0.750000    0.857927   -0.107927 (VIOLATED)
fanout1763/X                            0.750000    0.857927   -0.107927 (VIOLATED)
_18002_/B1                              0.750000    0.857782   -0.107782 (VIOLATED)
_18066_/B1                              0.750000    0.857781   -0.107781 (VIOLATED)
_18083_/B1                              0.750000    0.857779   -0.107779 (VIOLATED)
_17648_/S                               0.750000    0.857773   -0.107773 (VIOLATED)
_17672_/S                               0.750000    0.857773   -0.107773 (VIOLATED)
_17922_/B1                              0.750000    0.857768   -0.107768 (VIOLATED)
_17624_/S                               0.750000    0.857767   -0.107767 (VIOLATED)
_17989_/B1                              0.750000    0.857761   -0.107761 (VIOLATED)
fanout295/A                             0.750000    0.857750   -0.107750 (VIOLATED)
fanout296/X                             0.750000    0.857750   -0.107750 (VIOLATED)
_10308_/A1                              0.750000    0.857685   -0.107685 (VIOLATED)
_10613_/C_N                             0.750000    0.857685   -0.107685 (VIOLATED)
_17700_/A0                              0.750000    0.857685   -0.107685 (VIOLATED)
fanout1432/A                            0.750000    0.857685   -0.107685 (VIOLATED)
fanout1435/A                            0.750000    0.857685   -0.107685 (VIOLATED)
fanout1436/X                            0.750000    0.857685   -0.107685 (VIOLATED)
_10382_/A2                              0.750000    0.857569   -0.107569 (VIOLATED)
_10595_/A2                              0.750000    0.857569   -0.107569 (VIOLATED)
_11060_/A2                              0.750000    0.857564   -0.107564 (VIOLATED)
_11064_/B1                              0.750000    0.857564   -0.107564 (VIOLATED)
_10597_/B1                              0.750000    0.857563   -0.107563 (VIOLATED)
_10884_/A1_N                            0.750000    0.857563   -0.107563 (VIOLATED)
_11333_/A2                              0.750000    0.857562   -0.107562 (VIOLATED)
_10358_/Y                               0.750000    0.857560   -0.107560 (VIOLATED)
_13086_/B                               0.750000    0.856954   -0.106954 (VIOLATED)
_13061_/B                               0.750000    0.856954   -0.106954 (VIOLATED)
_13107_/B                               0.750000    0.856954   -0.106954 (VIOLATED)
_13097_/B                               0.750000    0.856953   -0.106953 (VIOLATED)
_13083_/B                               0.750000    0.856953   -0.106953 (VIOLATED)
_13063_/A2                              0.750000    0.856953   -0.106953 (VIOLATED)
_13073_/A                               0.750000    0.856952   -0.106952 (VIOLATED)
_13081_/A                               0.750000    0.856952   -0.106952 (VIOLATED)
_13084_/B                               0.750000    0.856952   -0.106952 (VIOLATED)
_13108_/A                               0.750000    0.856952   -0.106952 (VIOLATED)
fanout1528/X                            0.750000    0.856952   -0.106952 (VIOLATED)
_18118_/A2                              0.750000    0.856134   -0.106134 (VIOLATED)
_17854_/A2                              0.750000    0.856134   -0.106134 (VIOLATED)
_18144_/B2                              0.750000    0.856134   -0.106134 (VIOLATED)
_18090_/A2                              0.750000    0.856132   -0.106132 (VIOLATED)
_18145_/B1                              0.750000    0.856129   -0.106129 (VIOLATED)
_17906_/A2                              0.750000    0.856123   -0.106123 (VIOLATED)
_17875_/A2                              0.750000    0.856122   -0.106122 (VIOLATED)
_18085_/A2                              0.750000    0.856122   -0.106122 (VIOLATED)
_18101_/A2                              0.750000    0.856122   -0.106122 (VIOLATED)
_18117_/A2                              0.750000    0.856122   -0.106122 (VIOLATED)
fanout644/X                             0.750000    0.856122   -0.106122 (VIOLATED)
_14310_/A2                              0.750000    0.855971   -0.105971 (VIOLATED)
_14300_/A_N                             0.750000    0.855971   -0.105971 (VIOLATED)
_14272_/A_N                             0.750000    0.855971   -0.105971 (VIOLATED)
_09445_/A                               0.750000    0.855970   -0.105970 (VIOLATED)
_14298_/A2                              0.750000    0.855970   -0.105970 (VIOLATED)
_14313_/B                               0.750000    0.855970   -0.105970 (VIOLATED)
_14778_/B2                              0.750000    0.855970   -0.105970 (VIOLATED)
_14780_/A2                              0.750000    0.855970   -0.105970 (VIOLATED)
_14789_/A2                              0.750000    0.855970   -0.105970 (VIOLATED)
_14803_/A1                              0.750000    0.855970   -0.105970 (VIOLATED)
fanout1286/X                            0.750000    0.855970   -0.105970 (VIOLATED)
_12319_/Y                               0.750000    0.855887   -0.105887 (VIOLATED)
_12347_/C                               0.750000    0.855887   -0.105887 (VIOLATED)
_12435_/A2                              0.750000    0.855887   -0.105887 (VIOLATED)
_12472_/A1                              0.750000    0.855887   -0.105887 (VIOLATED)
_12552_/A2                              0.750000    0.855887   -0.105887 (VIOLATED)
_12594_/B                               0.750000    0.855887   -0.105887 (VIOLATED)
_09847_/B                               0.750000    0.855870   -0.105870 (VIOLATED)
_10791_/A2                              0.750000    0.855869   -0.105869 (VIOLATED)
_09864_/A                               0.750000    0.855868   -0.105868 (VIOLATED)
_10583_/B                               0.750000    0.855868   -0.105868 (VIOLATED)
_10594_/A1                              0.750000    0.855868   -0.105868 (VIOLATED)
_10803_/A2                              0.750000    0.855868   -0.105868 (VIOLATED)
_10890_/B1                              0.750000    0.855868   -0.105868 (VIOLATED)
_11040_/B2                              0.750000    0.855868   -0.105868 (VIOLATED)
fanout1178/A                            0.750000    0.855868   -0.105868 (VIOLATED)
fanout1180/A                            0.750000    0.855868   -0.105868 (VIOLATED)
fanout1182/X                            0.750000    0.855868   -0.105868 (VIOLATED)
_14869_/B1                              0.750000    0.854658   -0.104658 (VIOLATED)
_14879_/C1                              0.750000    0.854658   -0.104658 (VIOLATED)
_14883_/A                               0.750000    0.854658   -0.104658 (VIOLATED)
_14887_/C1                              0.750000    0.854658   -0.104658 (VIOLATED)
_15194_/B1                              0.750000    0.854658   -0.104658 (VIOLATED)
_15197_/C1                              0.750000    0.854658   -0.104658 (VIOLATED)
_15438_/B1                              0.750000    0.854658   -0.104658 (VIOLATED)
_15453_/C1                              0.750000    0.854658   -0.104658 (VIOLATED)
_15622_/C1                              0.750000    0.854658   -0.104658 (VIOLATED)
_15685_/C1                              0.750000    0.854658   -0.104658 (VIOLATED)
fanout1779/X                            0.750000    0.854658   -0.104658 (VIOLATED)
_18299_/B1                              0.750000    0.854586   -0.104586 (VIOLATED)
_18297_/B1                              0.750000    0.854585   -0.104585 (VIOLATED)
_18298_/B1                              0.750000    0.854584   -0.104584 (VIOLATED)
_18295_/B1                              0.750000    0.854581   -0.104581 (VIOLATED)
_18255_/B1                              0.750000    0.854565   -0.104565 (VIOLATED)
_18263_/B1                              0.750000    0.854562   -0.104562 (VIOLATED)
_18247_/B1                              0.750000    0.854557   -0.104557 (VIOLATED)
_18274_/A2                              0.750000    0.854556   -0.104556 (VIOLATED)
fanout272/X                             0.750000    0.854556   -0.104556 (VIOLATED)
_18199_/A2                              0.750000    0.854318   -0.104319 (VIOLATED)
_18207_/A2                              0.750000    0.854318   -0.104318 (VIOLATED)
_18223_/A2                              0.750000    0.854317   -0.104317 (VIOLATED)
_18161_/A2                              0.750000    0.854316   -0.104316 (VIOLATED)
_18175_/A2                              0.750000    0.854316   -0.104316 (VIOLATED)
_18183_/A2                              0.750000    0.854316   -0.104316 (VIOLATED)
_18215_/A2                              0.750000    0.854316   -0.104316 (VIOLATED)
_18231_/A2                              0.750000    0.854316   -0.104316 (VIOLATED)
_18239_/A2                              0.750000    0.854316   -0.104316 (VIOLATED)
_18289_/A2                              0.750000    0.854316   -0.104316 (VIOLATED)
fanout214/X                             0.750000    0.854316   -0.104316 (VIOLATED)
_10682_/B                               0.750000    0.853740   -0.103740 (VIOLATED)
_10681_/X                               0.750000    0.853217   -0.103217 (VIOLATED)
_14675_/C1                              0.750000    0.852986   -0.102986 (VIOLATED)
_15603_/C1                              0.750000    0.852984   -0.102984 (VIOLATED)
_15674_/C1                              0.750000    0.852982   -0.102982 (VIOLATED)
_14673_/B1                              0.750000    0.852980   -0.102980 (VIOLATED)
_15470_/C1                              0.750000    0.852979   -0.102979 (VIOLATED)
_14838_/B1                              0.750000    0.852970   -0.102970 (VIOLATED)
_14711_/B1                              0.750000    0.852966   -0.102966 (VIOLATED)
_14712_/C1                              0.750000    0.852966   -0.102966 (VIOLATED)
_14849_/C1                              0.750000    0.852966   -0.102966 (VIOLATED)
_15474_/C1                              0.750000    0.852966   -0.102966 (VIOLATED)
fanout1537/X                            0.750000    0.852966   -0.102966 (VIOLATED)
fanout1669/A                            0.750000    0.852162   -0.102162 (VIOLATED)
_09724_/A1                              0.750000    0.852162   -0.102162 (VIOLATED)
_09667_/A_N                             0.750000    0.852158   -0.102158 (VIOLATED)
_09622_/B                               0.750000    0.852155   -0.102155 (VIOLATED)
_09659_/B                               0.750000    0.852155   -0.102155 (VIOLATED)
_09626_/A_N                             0.750000    0.852154   -0.102154 (VIOLATED)
_09369_/A                               0.750000    0.852153   -0.102153 (VIOLATED)
_09688_/A                               0.750000    0.852151   -0.102151 (VIOLATED)
_09770_/A1                              0.750000    0.852151   -0.102151 (VIOLATED)
_11008_/B2                              0.750000    0.852151   -0.102151 (VIOLATED)
fanout1671/X                            0.750000    0.852151   -0.102151 (VIOLATED)
_18433_/A2                              0.750000    0.851708   -0.101708 (VIOLATED)
_18425_/A2                              0.750000    0.851708   -0.101708 (VIOLATED)
fanout195/A                             0.750000    0.851700   -0.101701 (VIOLATED)
_18307_/B1                              0.750000    0.851688   -0.101688 (VIOLATED)
_18316_/A2                              0.750000    0.851684   -0.101684 (VIOLATED)
_18661_/B1                              0.750000    0.851680   -0.101680 (VIOLATED)
_18677_/B1                              0.750000    0.851680   -0.101680 (VIOLATED)
_18447_/B1                              0.750000    0.851679   -0.101679 (VIOLATED)
_18659_/B1                              0.750000    0.851679   -0.101679 (VIOLATED)
_18451_/B1                              0.750000    0.851679   -0.101679 (VIOLATED)
_18324_/A2                              0.750000    0.851677   -0.101677 (VIOLATED)
_18332_/A2                              0.750000    0.851677   -0.101677 (VIOLATED)
fanout196/X                             0.750000    0.851677   -0.101677 (VIOLATED)
_18455_/B1                              0.750000    0.851677   -0.101677 (VIOLATED)
_18453_/B1                              0.750000    0.851670   -0.101670 (VIOLATED)
_18655_/B1                              0.750000    0.851668   -0.101668 (VIOLATED)
_18695_/B1                              0.750000    0.851667   -0.101667 (VIOLATED)
fanout367/A                             0.750000    0.851667   -0.101667 (VIOLATED)
fanout368/X                             0.750000    0.851667   -0.101667 (VIOLATED)
_11857_/A_N                             0.750000    0.851563   -0.101563 (VIOLATED)
_11863_/A                               0.750000    0.851563   -0.101563 (VIOLATED)
_11880_/A                               0.750000    0.851563   -0.101563 (VIOLATED)
_11882_/A                               0.750000    0.851563   -0.101563 (VIOLATED)
_11883_/C                               0.750000    0.851563   -0.101563 (VIOLATED)
_11885_/A                               0.750000    0.851563   -0.101563 (VIOLATED)
_11888_/A1                              0.750000    0.851563   -0.101563 (VIOLATED)
_11904_/A_N                             0.750000    0.851563   -0.101563 (VIOLATED)
_11916_/A                               0.750000    0.851563   -0.101563 (VIOLATED)
_11964_/A1                              0.750000    0.851563   -0.101563 (VIOLATED)
fanout1057/X                            0.750000    0.851563   -0.101563 (VIOLATED)
_14835_/A                               0.750000    0.851562   -0.101562 (VIOLATED)
_14687_/A1                              0.750000    0.851558   -0.101558 (VIOLATED)
_14703_/B                               0.750000    0.851558   -0.101558 (VIOLATED)
_14669_/B                               0.750000    0.851557   -0.101557 (VIOLATED)
_14661_/B                               0.750000    0.851555   -0.101555 (VIOLATED)
_14638_/A                               0.750000    0.851553   -0.101553 (VIOLATED)
_15089_/B                               0.750000    0.851552   -0.101552 (VIOLATED)
_15088_/B                               0.750000    0.851552   -0.101552 (VIOLATED)
_14631_/A_N                             0.750000    0.851548   -0.101548 (VIOLATED)
_14702_/B                               0.750000    0.851548   -0.101548 (VIOLATED)
fanout1578/X                            0.750000    0.851548   -0.101548 (VIOLATED)
_18283_/B                               0.750000    0.851432   -0.101432 (VIOLATED)
_18409_/B                               0.750000    0.851432   -0.101432 (VIOLATED)
_18423_/B                               0.750000    0.851432   -0.101432 (VIOLATED)
_18650_/B                               0.750000    0.851432   -0.101432 (VIOLATED)
_18672_/B                               0.750000    0.851432   -0.101432 (VIOLATED)
_18682_/B                               0.750000    0.851432   -0.101432 (VIOLATED)
fanout1896/A                            0.750000    0.851432   -0.101432 (VIOLATED)
fanout1898/X                            0.750000    0.851432   -0.101432 (VIOLATED)
_11241_/S0                              0.750000    0.851319   -0.101320 (VIOLATED)
_09896_/B1                              0.750000    0.851319   -0.101319 (VIOLATED)
_09938_/A1                              0.750000    0.851319   -0.101319 (VIOLATED)
_10757_/C1                              0.750000    0.851318   -0.101318 (VIOLATED)
_10272_/A1                              0.750000    0.851318   -0.101318 (VIOLATED)
_10022_/C1                              0.750000    0.851315   -0.101315 (VIOLATED)
_10279_/A                               0.750000    0.851315   -0.101315 (VIOLATED)
_10285_/B                               0.750000    0.851315   -0.101315 (VIOLATED)
_10524_/C1                              0.750000    0.851315   -0.101315 (VIOLATED)
_10529_/C1                              0.750000    0.851315   -0.101315 (VIOLATED)
fanout826/X                             0.750000    0.851315   -0.101315 (VIOLATED)
_16297_/B                               0.750000    0.851088   -0.101088 (VIOLATED)
_16255_/A_N                             0.750000    0.851087   -0.101087 (VIOLATED)
_16265_/B                               0.750000    0.851087   -0.101087 (VIOLATED)
_16281_/B                               0.750000    0.851087   -0.101087 (VIOLATED)
_16326_/A                               0.750000    0.851087   -0.101087 (VIOLATED)
_16327_/A_N                             0.750000    0.851087   -0.101087 (VIOLATED)
_16334_/A2                              0.750000    0.851087   -0.101087 (VIOLATED)
_16532_/A                               0.750000    0.851087   -0.101087 (VIOLATED)
_16661_/A1                              0.750000    0.851087   -0.101087 (VIOLATED)
_17114_/A1_N                            0.750000    0.851087   -0.101087 (VIOLATED)
fanout1392/X                            0.750000    0.851087   -0.101087 (VIOLATED)
_10935_/A                               0.750000    0.850566   -0.100566 (VIOLATED)
_10533_/B1                              0.750000    0.850566   -0.100566 (VIOLATED)
_09935_/A1                              0.750000    0.850564   -0.100564 (VIOLATED)
_10767_/A1                              0.750000    0.850564   -0.100564 (VIOLATED)
_09984_/C1                              0.750000    0.850563   -0.100563 (VIOLATED)
_09993_/B1                              0.750000    0.850563   -0.100563 (VIOLATED)
_10013_/A                               0.750000    0.850563   -0.100563 (VIOLATED)
_10019_/A1                              0.750000    0.850563   -0.100563 (VIOLATED)
_11088_/B2                              0.750000    0.850563   -0.100563 (VIOLATED)
fanout1689/A                            0.750000    0.850563   -0.100563 (VIOLATED)
fanout1690/X                            0.750000    0.850563   -0.100563 (VIOLATED)
_09372_/A                               0.750000    0.849949   -0.099949 (VIOLATED)
_09937_/C1                              0.750000    0.849949   -0.099949 (VIOLATED)
_10268_/A1                              0.750000    0.849949   -0.099949 (VIOLATED)
_10542_/C1                              0.750000    0.849949   -0.099949 (VIOLATED)
_10543_/C1                              0.750000    0.849949   -0.099949 (VIOLATED)
_10546_/C                               0.750000    0.849949   -0.099949 (VIOLATED)
_10942_/C1                              0.750000    0.849949   -0.099949 (VIOLATED)
_11092_/B1                              0.750000    0.849949   -0.099949 (VIOLATED)
_11095_/B1                              0.750000    0.849949   -0.099949 (VIOLATED)
_11235_/C1                              0.750000    0.849949   -0.099949 (VIOLATED)
fanout1684/X                            0.750000    0.849949   -0.099949 (VIOLATED)
_12839_/B                               0.750000    0.849667   -0.099667 (VIOLATED)
_12873_/A                               0.750000    0.849667   -0.099667 (VIOLATED)
_12874_/A                               0.750000    0.849667   -0.099667 (VIOLATED)
_12913_/A                               0.750000    0.849667   -0.099667 (VIOLATED)
_13298_/A1                              0.750000    0.849667   -0.099667 (VIOLATED)
_13475_/B1                              0.750000    0.849667   -0.099667 (VIOLATED)
_13707_/A1                              0.750000    0.849667   -0.099667 (VIOLATED)
_13714_/B1                              0.750000    0.849667   -0.099667 (VIOLATED)
_13715_/A1                              0.750000    0.849667   -0.099667 (VIOLATED)
_14100_/A1                              0.750000    0.849667   -0.099667 (VIOLATED)
fanout733/X                             0.750000    0.849667   -0.099667 (VIOLATED)
_09513_/A                               0.750000    0.849541   -0.099541 (VIOLATED)
_18725_/A                               0.750000    0.849535   -0.099535 (VIOLATED)
_18733_/A2                              0.750000    0.849515   -0.099515 (VIOLATED)
_11476_/A                               0.750000    0.849389   -0.099389 (VIOLATED)
_11545_/A                               0.750000    0.849389   -0.099389 (VIOLATED)
fanout1094/A                            0.750000    0.849389   -0.099389 (VIOLATED)
fanout1095/A                            0.750000    0.849389   -0.099389 (VIOLATED)
fanout1097/A                            0.750000    0.849389   -0.099389 (VIOLATED)
fanout1098/X                            0.750000    0.849389   -0.099389 (VIOLATED)
_09510_/Y                               0.750000    0.849288   -0.099288 (VIOLATED)
_18553_/A1_N                            0.750000    0.849283   -0.099283 (VIOLATED)
_18603_/A1_N                            0.750000    0.849283   -0.099283 (VIOLATED)
_18585_/A1_N                            0.750000    0.849282   -0.099282 (VIOLATED)
_18523_/A1_N                            0.750000    0.849281   -0.099281 (VIOLATED)
_18507_/A1_N                            0.750000    0.849259   -0.099259 (VIOLATED)
_18571_/A1_N                            0.750000    0.849257   -0.099257 (VIOLATED)
_18555_/A1_N                            0.750000    0.849254   -0.099254 (VIOLATED)
_18593_/A1_N                            0.750000    0.849254   -0.099254 (VIOLATED)
_18619_/A1_N                            0.750000    0.849254   -0.099254 (VIOLATED)
_18641_/A1_N                            0.750000    0.849254   -0.099254 (VIOLATED)
fanout866/X                             0.750000    0.849254   -0.099254 (VIOLATED)
_15057_/B                               0.750000    0.849154   -0.099154 (VIOLATED)
_15212_/A1                              0.750000    0.849151   -0.099151 (VIOLATED)
_15056_/A                               0.750000    0.849150   -0.099150 (VIOLATED)
_15216_/A3                              0.750000    0.849144   -0.099144 (VIOLATED)
_14682_/A1                              0.750000    0.849127   -0.099127 (VIOLATED)
_15591_/C                               0.750000    0.849103   -0.099103 (VIOLATED)
_15593_/A2                              0.750000    0.849102   -0.099102 (VIOLATED)
fanout428/A                             0.750000    0.849102   -0.099102 (VIOLATED)
fanout429/X                             0.750000    0.849102   -0.099102 (VIOLATED)
fanout1053/A                            0.750000    0.848939   -0.098939 (VIOLATED)
_11961_/A1                              0.750000    0.848936   -0.098936 (VIOLATED)
_11963_/A                               0.750000    0.848931   -0.098931 (VIOLATED)
_11931_/A1                              0.750000    0.848931   -0.098931 (VIOLATED)
_11890_/A                               0.750000    0.848928   -0.098928 (VIOLATED)
_12025_/A1                              0.750000    0.848928   -0.098928 (VIOLATED)
_12202_/A1                              0.750000    0.848928   -0.098928 (VIOLATED)
fanout1054/X                            0.750000    0.848928   -0.098928 (VIOLATED)
_09474_/A                               0.750000    0.848753   -0.098753 (VIOLATED)
_16098_/B1                              0.750000    0.848753   -0.098753 (VIOLATED)
_16099_/A1                              0.750000    0.848753   -0.098753 (VIOLATED)
_16412_/C1                              0.750000    0.848753   -0.098753 (VIOLATED)
_16415_/C1                              0.750000    0.848753   -0.098753 (VIOLATED)
_16863_/A                               0.750000    0.848753   -0.098753 (VIOLATED)
_16945_/C1                              0.750000    0.848753   -0.098753 (VIOLATED)
_16948_/C1                              0.750000    0.848753   -0.098753 (VIOLATED)
_16961_/A                               0.750000    0.848753   -0.098753 (VIOLATED)
_16967_/A1                              0.750000    0.848753   -0.098753 (VIOLATED)
fanout1106/X                            0.750000    0.848753   -0.098753 (VIOLATED)
_11234_/B1                              0.750000    0.848730   -0.098730 (VIOLATED)
_09923_/C                               0.750000    0.848729   -0.098729 (VIOLATED)
_09991_/C1                              0.750000    0.848729   -0.098729 (VIOLATED)
_09998_/B1                              0.750000    0.848729   -0.098729 (VIOLATED)
_10000_/C1                              0.750000    0.848729   -0.098729 (VIOLATED)
_10522_/B1                              0.750000    0.848729   -0.098729 (VIOLATED)
_10548_/C1                              0.750000    0.848729   -0.098729 (VIOLATED)
_10915_/B1                              0.750000    0.848729   -0.098729 (VIOLATED)
_10919_/C1                              0.750000    0.848729   -0.098729 (VIOLATED)
_11071_/A                               0.750000    0.848729   -0.098729 (VIOLATED)
fanout830/X                             0.750000    0.848729   -0.098729 (VIOLATED)
_13368_/C1                              0.750000    0.848128   -0.098128 (VIOLATED)
_13352_/C1                              0.750000    0.848128   -0.098128 (VIOLATED)
_13889_/C1                              0.750000    0.848127   -0.098127 (VIOLATED)
_13355_/B1                              0.750000    0.848125   -0.098125 (VIOLATED)
_13347_/A1                              0.750000    0.848125   -0.098125 (VIOLATED)
_13052_/A1                              0.750000    0.848123   -0.098123 (VIOLATED)
_13524_/C1                              0.750000    0.848123   -0.098123 (VIOLATED)
_13735_/A1                              0.750000    0.848123   -0.098123 (VIOLATED)
_13752_/C1                              0.750000    0.848123   -0.098123 (VIOLATED)
_17814_/A0                              0.750000    0.848123   -0.098123 (VIOLATED)
fanout1219/X                            0.750000    0.848123   -0.098123 (VIOLATED)
_14613_/B                               0.750000    0.848083   -0.098083 (VIOLATED)
_15070_/A3                              0.750000    0.848083   -0.098083 (VIOLATED)
_15087_/A1                              0.750000    0.848081   -0.098081 (VIOLATED)
_14606_/B1_N                            0.750000    0.848078   -0.098078 (VIOLATED)
_14685_/C1                              0.750000    0.848078   -0.098078 (VIOLATED)
_14679_/B1                              0.750000    0.848078   -0.098078 (VIOLATED)
_14829_/A1                              0.750000    0.848077   -0.098077 (VIOLATED)
_09459_/A                               0.750000    0.848077   -0.098077 (VIOLATED)
_14624_/B1                              0.750000    0.848077   -0.098077 (VIOLATED)
_15075_/A1                              0.750000    0.848077   -0.098077 (VIOLATED)
fanout1555/X                            0.750000    0.848077   -0.098077 (VIOLATED)
clkbuf_0_clk/A                          0.750000    0.847755   -0.097755 (VIOLATED)
ANTENNA_169/DIODE                       0.750000    0.847753   -0.097753 (VIOLATED)
clk                                     0.750000    0.847621   -0.097621 (VIOLATED)
_16934_/A1                              0.750000    0.847608   -0.097608 (VIOLATED)
_16367_/A3                              0.750000    0.847603   -0.097603 (VIOLATED)
_16829_/A2                              0.750000    0.847598   -0.097598 (VIOLATED)
_16548_/B1                              0.750000    0.847596   -0.097596 (VIOLATED)
_16364_/Y                               0.750000    0.847594   -0.097594 (VIOLATED)
_12841_/B                               0.750000    0.847493   -0.097493 (VIOLATED)
_12844_/B                               0.750000    0.847493   -0.097493 (VIOLATED)
_12846_/A_N                             0.750000    0.847493   -0.097493 (VIOLATED)
_12849_/B                               0.750000    0.847493   -0.097493 (VIOLATED)
_12855_/A_N                             0.750000    0.847493   -0.097493 (VIOLATED)
_12857_/A                               0.750000    0.847493   -0.097493 (VIOLATED)
_12861_/B                               0.750000    0.847493   -0.097493 (VIOLATED)
_12863_/A                               0.750000    0.847493   -0.097493 (VIOLATED)
_12877_/A_N                             0.750000    0.847493   -0.097493 (VIOLATED)
_12889_/B                               0.750000    0.847493   -0.097493 (VIOLATED)
fanout1771/X                            0.750000    0.847493   -0.097493 (VIOLATED)
_09700_/A1                              0.750000    0.847493   -0.097493 (VIOLATED)
_09628_/A                               0.750000    0.847491   -0.097491 (VIOLATED)
_09659_/A                               0.750000    0.847490   -0.097490 (VIOLATED)
_09626_/B                               0.750000    0.847488   -0.097488 (VIOLATED)
fanout1662/A                            0.750000    0.847485   -0.097485 (VIOLATED)
_09640_/A1                              0.750000    0.847485   -0.097485 (VIOLATED)
_10864_/A                               0.750000    0.847485   -0.097485 (VIOLATED)
_11008_/A1                              0.750000    0.847485   -0.097485 (VIOLATED)
_11010_/A1                              0.750000    0.847485   -0.097485 (VIOLATED)
_11015_/A1                              0.750000    0.847485   -0.097485 (VIOLATED)
fanout1663/X                            0.750000    0.847485   -0.097485 (VIOLATED)
_12074_/A3                              0.750000    0.847432   -0.097432 (VIOLATED)
_12067_/A1                              0.750000    0.847432   -0.097432 (VIOLATED)
_11906_/A1                              0.750000    0.847430   -0.097430 (VIOLATED)
_12217_/A3                              0.750000    0.847426   -0.097426 (VIOLATED)
_11854_/Y                               0.750000    0.847426   -0.097426 (VIOLATED)
_11866_/A2                              0.750000    0.847426   -0.097426 (VIOLATED)
_13451_/A1                              0.750000    0.847344   -0.097344 (VIOLATED)
_13287_/A1                              0.750000    0.847341   -0.097342 (VIOLATED)
_13207_/C1                              0.750000    0.847339   -0.097339 (VIOLATED)
_13289_/C1                              0.750000    0.847338   -0.097338 (VIOLATED)
_13677_/C1                              0.750000    0.847336   -0.097336 (VIOLATED)
_13293_/A1                              0.750000    0.847333   -0.097333 (VIOLATED)
_13436_/A1                              0.750000    0.847332   -0.097332 (VIOLATED)
_13696_/C1                              0.750000    0.847328   -0.097328 (VIOLATED)
_13186_/A1                              0.750000    0.847327   -0.097327 (VIOLATED)
_13691_/A1                              0.750000    0.847326   -0.097326 (VIOLATED)
fanout750/X                             0.750000    0.847326   -0.097326 (VIOLATED)
_12875_/B                               0.750000    0.847295   -0.097295 (VIOLATED)
_12904_/B                               0.750000    0.847295   -0.097295 (VIOLATED)
_13313_/C1                              0.750000    0.847295   -0.097295 (VIOLATED)
_12864_/A                               0.750000    0.847295   -0.097295 (VIOLATED)
_12923_/B2                              0.750000    0.847295   -0.097295 (VIOLATED)
_12863_/B                               0.750000    0.847294   -0.097294 (VIOLATED)
_12866_/A                               0.750000    0.847294   -0.097294 (VIOLATED)
_12901_/B                               0.750000    0.847294   -0.097294 (VIOLATED)
_13699_/A1                              0.750000    0.847294   -0.097294 (VIOLATED)
_13875_/B                               0.750000    0.847294   -0.097294 (VIOLATED)
fanout1754/X                            0.750000    0.847294   -0.097294 (VIOLATED)
_13467_/B1                              0.750000    0.846814   -0.096814 (VIOLATED)
_13468_/A                               0.750000    0.846813   -0.096813 (VIOLATED)
_13477_/B1                              0.750000    0.846811   -0.096812 (VIOLATED)
_13715_/B1                              0.750000    0.846811   -0.096812 (VIOLATED)
_13716_/B2                              0.750000    0.846811   -0.096812 (VIOLATED)
_13722_/C1                              0.750000    0.846811   -0.096812 (VIOLATED)
_13954_/B1                              0.750000    0.846811   -0.096812 (VIOLATED)
_14083_/A1                              0.750000    0.846811   -0.096812 (VIOLATED)
_14089_/C1                              0.750000    0.846811   -0.096812 (VIOLATED)
_14097_/A1                              0.750000    0.846811   -0.096812 (VIOLATED)
fanout737/X                             0.750000    0.846811   -0.096812 (VIOLATED)
_09386_/A                               0.750000    0.846731   -0.096731 (VIOLATED)
_10714_/B1                              0.750000    0.846731   -0.096731 (VIOLATED)
_10719_/D                               0.750000    0.846731   -0.096731 (VIOLATED)
_10735_/A1                              0.750000    0.846731   -0.096731 (VIOLATED)
_10741_/B1                              0.750000    0.846731   -0.096731 (VIOLATED)
_11253_/C1                              0.750000    0.846731   -0.096731 (VIOLATED)
_11267_/C1                              0.750000    0.846731   -0.096731 (VIOLATED)
_11274_/A1                              0.750000    0.846731   -0.096731 (VIOLATED)
_17709_/A0                              0.750000    0.846731   -0.096731 (VIOLATED)
fanout1406/A                            0.750000    0.846731   -0.096731 (VIOLATED)
fanout1407/X                            0.750000    0.846731   -0.096731 (VIOLATED)
_09655_/A1                              0.750000    0.846565   -0.096565 (VIOLATED)
_09668_/B1                              0.750000    0.846565   -0.096565 (VIOLATED)
_09715_/A1                              0.750000    0.846565   -0.096565 (VIOLATED)
_09718_/B1                              0.750000    0.846565   -0.096565 (VIOLATED)
_09727_/A1                              0.750000    0.846565   -0.096565 (VIOLATED)
_10493_/B1                              0.750000    0.846565   -0.096565 (VIOLATED)
_10500_/A1                              0.750000    0.846565   -0.096565 (VIOLATED)
_10503_/C1                              0.750000    0.846565   -0.096565 (VIOLATED)
_11035_/B1                              0.750000    0.846565   -0.096565 (VIOLATED)
_11036_/A1                              0.750000    0.846565   -0.096565 (VIOLATED)
fanout839/X                             0.750000    0.846565   -0.096565 (VIOLATED)
_13331_/S1                              0.750000    0.846472   -0.096472 (VIOLATED)
_12921_/A1                              0.750000    0.846464   -0.096464 (VIOLATED)
_12953_/A1                              0.750000    0.846455   -0.096455 (VIOLATED)
_12951_/B1                              0.750000    0.846439   -0.096439 (VIOLATED)
_17550_/A1                              0.750000    0.846403   -0.096403 (VIOLATED)
fanout1729/X                            0.750000    0.846403   -0.096403 (VIOLATED)
_18447_/A1_N                            0.750000    0.846355   -0.096355 (VIOLATED)
_18607_/A1_N                            0.750000    0.846351   -0.096351 (VIOLATED)
_18671_/A1_N                            0.750000    0.846349   -0.096349 (VIOLATED)
_18445_/A1_N                            0.750000    0.846345   -0.096345 (VIOLATED)
_18691_/A1_N                            0.750000    0.846344   -0.096344 (VIOLATED)
_18463_/A1_N                            0.750000    0.846342   -0.096342 (VIOLATED)
_18527_/A1_N                            0.750000    0.846342   -0.096342 (VIOLATED)
_18639_/A1_N                            0.750000    0.846342   -0.096342 (VIOLATED)
_18693_/A1_N                            0.750000    0.846342   -0.096342 (VIOLATED)
_18695_/A1_N                            0.750000    0.846342   -0.096342 (VIOLATED)
fanout873/X                             0.750000    0.846342   -0.096342 (VIOLATED)
fanout1359/A                            0.750000    0.845780   -0.095780 (VIOLATED)
fanout1358/A                            0.750000    0.845770   -0.095771 (VIOLATED)
_17124_/A1                              0.750000    0.845762   -0.095762 (VIOLATED)
_17123_/A1                              0.750000    0.845762   -0.095762 (VIOLATED)
_17128_/C1                              0.750000    0.845757   -0.095757 (VIOLATED)
fanout1356/A                            0.750000    0.845754   -0.095754 (VIOLATED)
fanout1360/X                            0.750000    0.845754   -0.095754 (VIOLATED)
_17718_/A1                              0.750000    0.845604   -0.095604 (VIOLATED)
ANTENNA_161/DIODE                       0.750000    0.845603   -0.095603 (VIOLATED)
_17717_/X                               0.750000    0.845420   -0.095420 (VIOLATED)
_15572_/B                               0.750000    0.844571   -0.094571 (VIOLATED)
_15584_/A1                              0.750000    0.844570   -0.094570 (VIOLATED)
_15504_/C1                              0.750000    0.844570   -0.094570 (VIOLATED)
_15019_/A                               0.750000    0.844570   -0.094570 (VIOLATED)
_15581_/S                               0.750000    0.844569   -0.094569 (VIOLATED)
_14480_/B1                              0.750000    0.844569   -0.094569 (VIOLATED)
_14458_/C1                              0.750000    0.844569   -0.094569 (VIOLATED)
_14928_/A1                              0.750000    0.844565   -0.094565 (VIOLATED)
_14755_/B1                              0.750000    0.844564   -0.094564 (VIOLATED)
_15018_/B1                              0.750000    0.844564   -0.094564 (VIOLATED)
fanout707/X                             0.750000    0.844564   -0.094564 (VIOLATED)
_15998_/A_N                             0.750000    0.843462   -0.093462 (VIOLATED)
_15999_/B                               0.750000    0.843462   -0.093462 (VIOLATED)
_15503_/A1                              0.750000    0.843461   -0.093461 (VIOLATED)
_15991_/A                               0.750000    0.843461   -0.093461 (VIOLATED)
_16022_/A1                              0.750000    0.843461   -0.093461 (VIOLATED)
_16026_/B                               0.750000    0.843461   -0.093461 (VIOLATED)
_16081_/B                               0.750000    0.843461   -0.093461 (VIOLATED)
_16394_/A1                              0.750000    0.843461   -0.093461 (VIOLATED)
_16399_/B                               0.750000    0.843461   -0.093461 (VIOLATED)
_16568_/A1                              0.750000    0.843461   -0.093461 (VIOLATED)
_16576_/A1                              0.750000    0.843461   -0.093461 (VIOLATED)
fanout1155/X                            0.750000    0.843461   -0.093461 (VIOLATED)
_15500_/A1                              0.750000    0.843460   -0.093460 (VIOLATED)
fanout707/A                             0.750000    0.843454   -0.093454 (VIOLATED)
_15038_/A1_N                            0.750000    0.843446   -0.093446 (VIOLATED)
_15242_/A                               0.750000    0.843446   -0.093446 (VIOLATED)
_15247_/B2                              0.750000    0.843446   -0.093446 (VIOLATED)
_15573_/A                               0.750000    0.843446   -0.093446 (VIOLATED)
fanout708/A                             0.750000    0.843446   -0.093446 (VIOLATED)
fanout709/X                             0.750000    0.843446   -0.093446 (VIOLATED)
_18521_/B1                              0.750000    0.842122   -0.092122 (VIOLATED)
_18513_/B1                              0.750000    0.842122   -0.092122 (VIOLATED)
_18501_/B1                              0.750000    0.842120   -0.092120 (VIOLATED)
_18537_/B1                              0.750000    0.842120   -0.092120 (VIOLATED)
_18469_/B1                              0.750000    0.842119   -0.092119 (VIOLATED)
_18505_/B1                              0.750000    0.842119   -0.092119 (VIOLATED)
_18487_/B1                              0.750000    0.842119   -0.092119 (VIOLATED)
_18503_/B1                              0.750000    0.842119   -0.092119 (VIOLATED)
_18535_/B1                              0.750000    0.842119   -0.092119 (VIOLATED)
_18543_/B1                              0.750000    0.842119   -0.092119 (VIOLATED)
fanout364/X                             0.750000    0.842119   -0.092119 (VIOLATED)
_18193_/A2                              0.750000    0.841985   -0.091985 (VIOLATED)
_18198_/A2                              0.750000    0.841985   -0.091985 (VIOLATED)
_18201_/A2                              0.750000    0.841985   -0.091985 (VIOLATED)
_18206_/A2                              0.750000    0.841985   -0.091985 (VIOLATED)
_18227_/A2                              0.750000    0.841985   -0.091985 (VIOLATED)
_18235_/A2                              0.750000    0.841985   -0.091985 (VIOLATED)
_18243_/A2                              0.750000    0.841985   -0.091985 (VIOLATED)
_18251_/A2                              0.750000    0.841985   -0.091985 (VIOLATED)
_18259_/A2                              0.750000    0.841985   -0.091985 (VIOLATED)
_18267_/A2                              0.750000    0.841985   -0.091985 (VIOLATED)
fanout204/X                             0.750000    0.841985   -0.091985 (VIOLATED)
_18723_/C                               0.750000    0.841813   -0.091813 (VIOLATED)
_18724_/A2                              0.750000    0.841810   -0.091810 (VIOLATED)
_12442_/B                               0.750000    0.841733   -0.091733 (VIOLATED)
_17925_/A2                              0.750000    0.841698   -0.091698 (VIOLATED)
_10147_/S                               0.750000    0.841690   -0.091690 (VIOLATED)
_11418_/S                               0.750000    0.841689   -0.091689 (VIOLATED)
_12441_/Y                               0.750000    0.841688   -0.091688 (VIOLATED)
_17405_/S                               0.750000    0.841687   -0.091687 (VIOLATED)
_17390_/S                               0.750000    0.841685   -0.091685 (VIOLATED)
_17385_/S                               0.750000    0.841681   -0.091681 (VIOLATED)
_17378_/S                               0.750000    0.841680   -0.091680 (VIOLATED)
_17427_/S                               0.750000    0.841680   -0.091680 (VIOLATED)
fanout581/A                             0.750000    0.841680   -0.091680 (VIOLATED)
fanout583/X                             0.750000    0.841680   -0.091680 (VIOLATED)
_12806_/C1                              0.750000    0.841595   -0.091596 (VIOLATED)
_12808_/A1                              0.750000    0.841595   -0.091596 (VIOLATED)
_12823_/C1                              0.750000    0.841595   -0.091596 (VIOLATED)
_12830_/B1                              0.750000    0.841595   -0.091596 (VIOLATED)
_13245_/A                               0.750000    0.841595   -0.091596 (VIOLATED)
_13802_/C1                              0.750000    0.841595   -0.091596 (VIOLATED)
_13804_/A1                              0.750000    0.841595   -0.091596 (VIOLATED)
_13806_/A1                              0.750000    0.841595   -0.091596 (VIOLATED)
_13817_/B1                              0.750000    0.841595   -0.091596 (VIOLATED)
_13936_/B2                              0.750000    0.841595   -0.091596 (VIOLATED)
fanout752/X                             0.750000    0.841595   -0.091596 (VIOLATED)
_14657_/A                               0.750000    0.841465   -0.091465 (VIOLATED)
_14672_/A1                              0.750000    0.841465   -0.091465 (VIOLATED)
_15058_/A                               0.750000    0.841465   -0.091465 (VIOLATED)
_15059_/C1                              0.750000    0.841465   -0.091465 (VIOLATED)
_15344_/B1                              0.750000    0.841465   -0.091465 (VIOLATED)
_15467_/A1                              0.750000    0.841465   -0.091465 (VIOLATED)
_15476_/B1                              0.750000    0.841465   -0.091465 (VIOLATED)
_15598_/B1                              0.750000    0.841465   -0.091465 (VIOLATED)
_15600_/C1                              0.750000    0.841465   -0.091465 (VIOLATED)
_15672_/A1                              0.750000    0.841465   -0.091465 (VIOLATED)
fanout699/X                             0.750000    0.841465   -0.091465 (VIOLATED)
_09681_/A                               0.750000    0.841439   -0.091439 (VIOLATED)
_09701_/A1                              0.750000    0.841439   -0.091439 (VIOLATED)
_09705_/A_N                             0.750000    0.841439   -0.091439 (VIOLATED)
_09731_/B1                              0.750000    0.841439   -0.091439 (VIOLATED)
_09734_/A1                              0.750000    0.841439   -0.091439 (VIOLATED)
_09738_/C                               0.750000    0.841439   -0.091439 (VIOLATED)
_09747_/B1                              0.750000    0.841439   -0.091439 (VIOLATED)
_11026_/A                               0.750000    0.841439   -0.091439 (VIOLATED)
_11027_/A1                              0.750000    0.841439   -0.091439 (VIOLATED)
fanout1648/A                            0.750000    0.841439   -0.091439 (VIOLATED)
fanout1650/X                            0.750000    0.841439   -0.091439 (VIOLATED)
_18216_/A2                              0.750000    0.841345   -0.091345 (VIOLATED)
_18260_/A2                              0.750000    0.841341   -0.091341 (VIOLATED)
_18725_/B                               0.750000    0.841327   -0.091328 (VIOLATED)
_18237_/A2                              0.750000    0.841327   -0.091327 (VIOLATED)
_18245_/A2                              0.750000    0.841327   -0.091327 (VIOLATED)
_18733_/A3                              0.750000    0.841327   -0.091327 (VIOLATED)
fanout205/A                             0.750000    0.841327   -0.091327 (VIOLATED)
fanout206/X                             0.750000    0.841327   -0.091327 (VIOLATED)
_13308_/A                               0.750000    0.841225   -0.091225 (VIOLATED)
_13318_/B2                              0.750000    0.841223   -0.091223 (VIOLATED)
_13699_/C1                              0.750000    0.841222   -0.091222 (VIOLATED)
_13855_/B1                              0.750000    0.841220   -0.091220 (VIOLATED)
_12868_/A1                              0.750000    0.841219   -0.091219 (VIOLATED)
_13862_/C1                              0.750000    0.841217   -0.091217 (VIOLATED)
_13326_/C1                              0.750000    0.841217   -0.091217 (VIOLATED)
_13660_/S0                              0.750000    0.841217   -0.091217 (VIOLATED)
_13860_/A1                              0.750000    0.841217   -0.091217 (VIOLATED)
_13971_/A                               0.750000    0.841217   -0.091217 (VIOLATED)
fanout739/X                             0.750000    0.841217   -0.091217 (VIOLATED)
_18722_/Y                               0.750000    0.841004   -0.091004 (VIOLATED)
_14308_/B2                              0.750000    0.840817   -0.090817 (VIOLATED)
_14285_/D                               0.750000    0.840815   -0.090815 (VIOLATED)
_14322_/A2                              0.750000    0.840815   -0.090815 (VIOLATED)
_14954_/B                               0.750000    0.840812   -0.090812 (VIOLATED)
_14957_/A1                              0.750000    0.840812   -0.090812 (VIOLATED)
_15000_/A1                              0.750000    0.840812   -0.090812 (VIOLATED)
_15406_/C                               0.750000    0.840812   -0.090812 (VIOLATED)
_15409_/C1                              0.750000    0.840812   -0.090812 (VIOLATED)
_15416_/A2                              0.750000    0.840812   -0.090812 (VIOLATED)
_15545_/A1                              0.750000    0.840812   -0.090812 (VIOLATED)
fanout455/X                             0.750000    0.840812   -0.090812 (VIOLATED)
_13208_/A                               0.750000    0.840257   -0.090257 (VIOLATED)
_13677_/A1                              0.750000    0.840257   -0.090257 (VIOLATED)
_13682_/C1                              0.750000    0.840256   -0.090256 (VIOLATED)
_13621_/B                               0.750000    0.840254   -0.090254 (VIOLATED)
_13674_/A                               0.750000    0.840252   -0.090252 (VIOLATED)
_13418_/B1                              0.750000    0.840252   -0.090252 (VIOLATED)
_13436_/C1                              0.750000    0.840252   -0.090252 (VIOLATED)
_13444_/C1                              0.750000    0.840252   -0.090252 (VIOLATED)
_13603_/A1                              0.750000    0.840252   -0.090252 (VIOLATED)
_13690_/C1                              0.750000    0.840252   -0.090252 (VIOLATED)
fanout742/X                             0.750000    0.840252   -0.090252 (VIOLATED)
_15178_/A1                              0.750000    0.839858   -0.089858 (VIOLATED)
_15129_/B1                              0.750000    0.839857   -0.089857 (VIOLATED)
_15130_/A1                              0.750000    0.839856   -0.089856 (VIOLATED)
_15191_/C                               0.750000    0.839848   -0.089848 (VIOLATED)
fanout1800/A                            0.750000    0.839837   -0.089837 (VIOLATED)
fanout1797/A                            0.750000    0.839833   -0.089833 (VIOLATED)
fanout1799/A                            0.750000    0.839833   -0.089833 (VIOLATED)
fanout1801/X                            0.750000    0.839833   -0.089833 (VIOLATED)
_14388_/A                               0.750000    0.838575   -0.088575 (VIOLATED)
_14402_/A2                              0.750000    0.838574   -0.088574 (VIOLATED)
_14423_/A2                              0.750000    0.838573   -0.088573 (VIOLATED)
_14721_/A                               0.750000    0.838569   -0.088569 (VIOLATED)
_14389_/C_N                             0.750000    0.838568   -0.088568 (VIOLATED)
fanout1330/A                            0.750000    0.838567   -0.088567 (VIOLATED)
_14463_/A                               0.750000    0.838566   -0.088566 (VIOLATED)
fanout1332/A                            0.750000    0.838563   -0.088563 (VIOLATED)
fanout1333/A                            0.750000    0.838563   -0.088563 (VIOLATED)
fanout1335/X                            0.750000    0.838563   -0.088563 (VIOLATED)
_18007_/A1                              0.750000    0.838169   -0.088169 (VIOLATED)
_17947_/B1                              0.750000    0.838168   -0.088168 (VIOLATED)
_17980_/A1                              0.750000    0.838168   -0.088168 (VIOLATED)
_17996_/B1                              0.750000    0.838167   -0.088167 (VIOLATED)
_18012_/A1                              0.750000    0.838166   -0.088166 (VIOLATED)
_17724_/B1                              0.750000    0.838165   -0.088165 (VIOLATED)
_17734_/B1                              0.750000    0.838165   -0.088165 (VIOLATED)
_17751_/B1                              0.750000    0.838165   -0.088165 (VIOLATED)
_17762_/B1                              0.750000    0.838165   -0.088165 (VIOLATED)
_18039_/A1                              0.750000    0.838165   -0.088165 (VIOLATED)
fanout879/X                             0.750000    0.838165   -0.088165 (VIOLATED)
_11576_/S1                              0.750000    0.838149   -0.088149 (VIOLATED)
_11555_/B1                              0.750000    0.838148   -0.088148 (VIOLATED)
_11624_/C1                              0.750000    0.838146   -0.088146 (VIOLATED)
_11696_/C1                              0.750000    0.838145   -0.088145 (VIOLATED)
_11692_/A1                              0.750000    0.838145   -0.088145 (VIOLATED)
_11699_/A1                              0.750000    0.838145   -0.088145 (VIOLATED)
_11700_/A1                              0.750000    0.838145   -0.088145 (VIOLATED)
_11739_/A                               0.750000    0.838145   -0.088145 (VIOLATED)
_11744_/C1                              0.750000    0.838145   -0.088145 (VIOLATED)
_11820_/A1                              0.750000    0.838145   -0.088145 (VIOLATED)
fanout786/X                             0.750000    0.838145   -0.088145 (VIOLATED)
_15101_/B1                              0.750000    0.838037   -0.088038 (VIOLATED)
_14893_/B1                              0.750000    0.838037   -0.088037 (VIOLATED)
_14495_/A                               0.750000    0.838037   -0.088037 (VIOLATED)
_14533_/B1                              0.750000    0.838037   -0.088037 (VIOLATED)
_14561_/A                               0.750000    0.838037   -0.088037 (VIOLATED)
_14571_/A                               0.750000    0.838037   -0.088037 (VIOLATED)
_15122_/B1                              0.750000    0.838037   -0.088037 (VIOLATED)
_15123_/A1                              0.750000    0.838037   -0.088037 (VIOLATED)
_15127_/A1                              0.750000    0.838037   -0.088037 (VIOLATED)
_15180_/C                               0.750000    0.838037   -0.088037 (VIOLATED)
fanout687/X                             0.750000    0.838037   -0.088037 (VIOLATED)
_16766_/A1                              0.750000    0.837379   -0.087379 (VIOLATED)
_17011_/A0                              0.750000    0.837379   -0.087379 (VIOLATED)
_17146_/A1                              0.750000    0.837379   -0.087379 (VIOLATED)
fanout1842/A                            0.750000    0.837379   -0.087379 (VIOLATED)
fanout1844/A                            0.750000    0.837379   -0.087379 (VIOLATED)
fanout1845/A                            0.750000    0.837379   -0.087379 (VIOLATED)
fanout1847/X                            0.750000    0.837379   -0.087379 (VIOLATED)
_16231_/A                               0.750000    0.837150   -0.087150 (VIOLATED)
_15921_/C                               0.750000    0.837149   -0.087149 (VIOLATED)
_15924_/A2                              0.750000    0.837148   -0.087148 (VIOLATED)
_15897_/C_N                             0.750000    0.837148   -0.087148 (VIOLATED)
_15899_/B                               0.750000    0.837148   -0.087148 (VIOLATED)
_15959_/A2                              0.750000    0.837148   -0.087148 (VIOLATED)
_15977_/A                               0.750000    0.837148   -0.087148 (VIOLATED)
_16240_/A1                              0.750000    0.837148   -0.087148 (VIOLATED)
fanout1858/A                            0.750000    0.837148   -0.087148 (VIOLATED)
fanout1859/X                            0.750000    0.837148   -0.087148 (VIOLATED)
_16920_/B1                              0.750000    0.837125   -0.087125 (VIOLATED)
_16279_/B1                              0.750000    0.837125   -0.087125 (VIOLATED)
_16831_/A                               0.750000    0.837125   -0.087125 (VIOLATED)
_16834_/C1                              0.750000    0.837125   -0.087125 (VIOLATED)
_16932_/C1                              0.750000    0.837125   -0.087125 (VIOLATED)
_17236_/C1                              0.750000    0.837125   -0.087125 (VIOLATED)
_17278_/B1                              0.750000    0.837125   -0.087125 (VIOLATED)
_17283_/B1                              0.750000    0.837125   -0.087125 (VIOLATED)
fanout1365/A                            0.750000    0.837125   -0.087125 (VIOLATED)
fanout1367/X                            0.750000    0.837125   -0.087125 (VIOLATED)
_17556_/A1                              0.750000    0.836468   -0.086468 (VIOLATED)
ANTENNA_96/DIODE                        0.750000    0.836468   -0.086468 (VIOLATED)
ANTENNA_98/DIODE                        0.750000    0.836468   -0.086468 (VIOLATED)
ANTENNA_97/DIODE                        0.750000    0.836467   -0.086467 (VIOLATED)
ANTENNA_99/DIODE                        0.750000    0.836467   -0.086467 (VIOLATED)
_17555_/X                               0.750000    0.836361   -0.086361 (VIOLATED)
_14871_/C                               0.750000    0.836151   -0.086151 (VIOLATED)
_14514_/A_N                             0.750000    0.836150   -0.086150 (VIOLATED)
_14540_/B                               0.750000    0.836150   -0.086150 (VIOLATED)
_15104_/A                               0.750000    0.836150   -0.086150 (VIOLATED)
_14501_/B                               0.750000    0.836147   -0.086147 (VIOLATED)
_14509_/B                               0.750000    0.836141   -0.086141 (VIOLATED)
_14553_/B                               0.750000    0.836141   -0.086141 (VIOLATED)
_14554_/D_N                             0.750000    0.836141   -0.086141 (VIOLATED)
_14888_/A                               0.750000    0.836141   -0.086141 (VIOLATED)
_15641_/A1                              0.750000    0.836141   -0.086141 (VIOLATED)
fanout1809/X                            0.750000    0.836141   -0.086141 (VIOLATED)
_18486_/B                               0.750000    0.835885   -0.085885 (VIOLATED)
_18502_/B                               0.750000    0.835883   -0.085883 (VIOLATED)
_18468_/B                               0.750000    0.835880   -0.085880 (VIOLATED)
_18600_/B                               0.750000    0.835877   -0.085877 (VIOLATED)
fanout1879/A                            0.750000    0.835877   -0.085877 (VIOLATED)
fanout1881/X                            0.750000    0.835877   -0.085877 (VIOLATED)
load_slew1882/A                         0.750000    0.835877   -0.085877 (VIOLATED)
_17884_/B2                              0.750000    0.835321   -0.085321 (VIOLATED)
ANTENNA_73/DIODE                        0.750000    0.835320   -0.085320 (VIOLATED)
_17900_/B2                              0.750000    0.835224   -0.085224 (VIOLATED)
ANTENNA_74/DIODE                        0.750000    0.835199   -0.085199 (VIOLATED)
fanout278/A                             0.750000    0.834832   -0.084832 (VIOLATED)
_17476_/Y                               0.750000    0.834814   -0.084814 (VIOLATED)
_10707_/B2                              0.750000    0.834516   -0.084516 (VIOLATED)
_09672_/A                               0.750000    0.834515   -0.084515 (VIOLATED)
_11012_/A1                              0.750000    0.834512   -0.084513 (VIOLATED)
_09652_/B1                              0.750000    0.834512   -0.084512 (VIOLATED)
_09654_/A                               0.750000    0.834512   -0.084512 (VIOLATED)
_09669_/A                               0.750000    0.834512   -0.084512 (VIOLATED)
_10505_/A1                              0.750000    0.834512   -0.084512 (VIOLATED)
_11030_/A                               0.750000    0.834512   -0.084512 (VIOLATED)
_11032_/C1                              0.750000    0.834512   -0.084512 (VIOLATED)
fanout843/X                             0.750000    0.834512   -0.084512 (VIOLATED)
_09839_/B1                              0.750000    0.834349   -0.084349 (VIOLATED)
_09855_/C1                              0.750000    0.834349   -0.084349 (VIOLATED)
_10569_/B1                              0.750000    0.834349   -0.084349 (VIOLATED)
_10588_/B1                              0.750000    0.834349   -0.084349 (VIOLATED)
_10590_/A                               0.750000    0.834349   -0.084349 (VIOLATED)
_11045_/A1                              0.750000    0.834349   -0.084349 (VIOLATED)
_11060_/C1                              0.750000    0.834349   -0.084349 (VIOLATED)
_11063_/B1                              0.750000    0.834349   -0.084349 (VIOLATED)
_11065_/A                               0.750000    0.834349   -0.084349 (VIOLATED)
fanout1167/A                            0.750000    0.834349   -0.084349 (VIOLATED)
fanout1168/X                            0.750000    0.834349   -0.084349 (VIOLATED)
_13178_/B1                              0.750000    0.834312   -0.084312 (VIOLATED)
_13424_/A1                              0.750000    0.834312   -0.084312 (VIOLATED)
_13075_/B1_N                            0.750000    0.834311   -0.084311 (VIOLATED)
_13439_/A1                              0.750000    0.834309   -0.084309 (VIOLATED)
_13441_/A1                              0.750000    0.834306   -0.084306 (VIOLATED)
_13079_/A                               0.750000    0.834303   -0.084303 (VIOLATED)
_13283_/C1                              0.750000    0.834302   -0.084302 (VIOLATED)
_13423_/A                               0.750000    0.834302   -0.084302 (VIOLATED)
_13189_/A                               0.750000    0.834300   -0.084300 (VIOLATED)
_13444_/A1                              0.750000    0.834300   -0.084300 (VIOLATED)
fanout1510/X                            0.750000    0.834300   -0.084300 (VIOLATED)
_13244_/B                               0.750000    0.834236   -0.084236 (VIOLATED)
_13249_/A2                              0.750000    0.834232   -0.084232 (VIOLATED)
_12774_/A                               0.750000    0.834228   -0.084228 (VIOLATED)
_12759_/A1                              0.750000    0.834226   -0.084226 (VIOLATED)
_13812_/A2                              0.750000    0.834209   -0.084209 (VIOLATED)
_13248_/B                               0.750000    0.834205   -0.084205 (VIOLATED)
_12748_/A3                              0.750000    0.834200   -0.084200 (VIOLATED)
_12775_/A                               0.750000    0.834174   -0.084174 (VIOLATED)
_13922_/A3                              0.750000    0.834159   -0.084159 (VIOLATED)
_13821_/A3                              0.750000    0.834156   -0.084156 (VIOLATED)
_12746_/Y                               0.750000    0.834154   -0.084154 (VIOLATED)
_17633_/S                               0.750000    0.834089   -0.084089 (VIOLATED)
_17681_/S                               0.750000    0.834089   -0.084089 (VIOLATED)
_17722_/C                               0.750000    0.834089   -0.084089 (VIOLATED)
_17776_/B1                              0.750000    0.834089   -0.084089 (VIOLATED)
_18038_/B1                              0.750000    0.834089   -0.084089 (VIOLATED)
_18054_/B1                              0.750000    0.834089   -0.084089 (VIOLATED)
_18058_/B1                              0.750000    0.834089   -0.084089 (VIOLATED)
_18070_/B1                              0.750000    0.834089   -0.084089 (VIOLATED)
_18138_/A                               0.750000    0.834089   -0.084089 (VIOLATED)
_18140_/B1                              0.750000    0.834089   -0.084089 (VIOLATED)
fanout286/X                             0.750000    0.834089   -0.084089 (VIOLATED)
_17173_/B2                              0.750000    0.833953   -0.083953 (VIOLATED)
_12372_/A1                              0.750000    0.833764   -0.083764 (VIOLATED)
_12413_/A1                              0.750000    0.833764   -0.083764 (VIOLATED)
_12419_/C1                              0.750000    0.833764   -0.083764 (VIOLATED)
_12504_/B1                              0.750000    0.833764   -0.083764 (VIOLATED)
_12512_/A1                              0.750000    0.833764   -0.083764 (VIOLATED)
_12519_/A                               0.750000    0.833764   -0.083764 (VIOLATED)
_12520_/A1                              0.750000    0.833764   -0.083764 (VIOLATED)
_12528_/B1                              0.750000    0.833764   -0.083764 (VIOLATED)
_12564_/C1                              0.750000    0.833764   -0.083764 (VIOLATED)
_12567_/C1                              0.750000    0.833764   -0.083764 (VIOLATED)
fanout966/X                             0.750000    0.833764   -0.083764 (VIOLATED)
_17678_/A1                              0.750000    0.833739   -0.083739 (VIOLATED)
_17677_/X                               0.750000    0.833722   -0.083722 (VIOLATED)
_17192_/A1                              0.750000    0.833677   -0.083678 (VIOLATED)
_16160_/A1                              0.750000    0.833676   -0.083676 (VIOLATED)
_16105_/X                               0.750000    0.833673   -0.083673 (VIOLATED)
fanout400/A                             0.750000    0.833673   -0.083673 (VIOLATED)
_17867_/B2                              0.750000    0.833229   -0.083229 (VIOLATED)
_17870_/B2                              0.750000    0.833228   -0.083228 (VIOLATED)
_17877_/A1                              0.750000    0.833226   -0.083226 (VIOLATED)
_17857_/B2                              0.750000    0.833226   -0.083226 (VIOLATED)
_17864_/B2                              0.750000    0.833225   -0.083225 (VIOLATED)
_18121_/A1                              0.750000    0.833222   -0.083222 (VIOLATED)
_17854_/B2                              0.750000    0.833217   -0.083217 (VIOLATED)
_18119_/A1                              0.750000    0.833217   -0.083217 (VIOLATED)
_18125_/A1                              0.750000    0.833217   -0.083217 (VIOLATED)
_18145_/A1                              0.750000    0.833217   -0.083217 (VIOLATED)
fanout893/X                             0.750000    0.833217   -0.083217 (VIOLATED)
_10380_/C1                              0.750000    0.832681   -0.082681 (VIOLATED)
_10786_/B1                              0.750000    0.832681   -0.082681 (VIOLATED)
_10802_/C1                              0.750000    0.832681   -0.082681 (VIOLATED)
_10887_/C1                              0.750000    0.832681   -0.082681 (VIOLATED)
_10909_/A1                              0.750000    0.832681   -0.082681 (VIOLATED)
_11204_/C1                              0.750000    0.832681   -0.082681 (VIOLATED)
_11205_/A1                              0.750000    0.832681   -0.082681 (VIOLATED)
_11208_/C1                              0.750000    0.832681   -0.082681 (VIOLATED)
_11222_/S1                              0.750000    0.832681   -0.082681 (VIOLATED)
fanout1165/A                            0.750000    0.832681   -0.082681 (VIOLATED)
fanout1166/X                            0.750000    0.832681   -0.082681 (VIOLATED)
_17649_/A1                              0.750000    0.832318   -0.082318 (VIOLATED)
ANTENNA_128/DIODE                       0.750000    0.832316   -0.082316 (VIOLATED)
fanout1685/A                            0.750000    0.832155   -0.082155 (VIOLATED)
_10295_/C1                              0.750000    0.832154   -0.082154 (VIOLATED)
_10272_/C1                              0.750000    0.832154   -0.082154 (VIOLATED)
_10759_/A                               0.750000    0.832153   -0.082153 (VIOLATED)
_10775_/B2                              0.750000    0.832151   -0.082151 (VIOLATED)
_10774_/A                               0.750000    0.832150   -0.082150 (VIOLATED)
_09958_/B1                              0.750000    0.832148   -0.082148 (VIOLATED)
_09975_/A1                              0.750000    0.832148   -0.082148 (VIOLATED)
_11228_/A1                              0.750000    0.832148   -0.082148 (VIOLATED)
fanout1686/X                            0.750000    0.832148   -0.082148 (VIOLATED)
_17648_/X                               0.750000    0.832045   -0.082045 (VIOLATED)
_09995_/A                               0.750000    0.831972   -0.081972 (VIOLATED)
_11243_/A2                              0.750000    0.831972   -0.081972 (VIOLATED)
_09915_/A                               0.750000    0.831967   -0.081967 (VIOLATED)
_10536_/B                               0.750000    0.831962   -0.081962 (VIOLATED)
_11238_/A1                              0.750000    0.831959   -0.081959 (VIOLATED)
_11234_/A3                              0.750000    0.831956   -0.081956 (VIOLATED)
_10756_/A                               0.750000    0.831953   -0.081953 (VIOLATED)
_09892_/Y                               0.750000    0.831951   -0.081951 (VIOLATED)
_14491_/B                               0.750000    0.831855   -0.081855 (VIOLATED)
_15443_/B2                              0.750000    0.831855   -0.081855 (VIOLATED)
_14490_/B                               0.750000    0.831854   -0.081854 (VIOLATED)
_14493_/A_N                             0.750000    0.831853   -0.081853 (VIOLATED)
_14576_/A1                              0.750000    0.831852   -0.081852 (VIOLATED)
_14488_/A_N                             0.750000    0.831851   -0.081851 (VIOLATED)
_14489_/B                               0.750000    0.831851   -0.081851 (VIOLATED)
_14497_/A1                              0.750000    0.831851   -0.081851 (VIOLATED)
_14500_/B                               0.750000    0.831851   -0.081851 (VIOLATED)
fanout1811/A                            0.750000    0.831851   -0.081851 (VIOLATED)
fanout1812/X                            0.750000    0.831851   -0.081851 (VIOLATED)
_18637_/B1                              0.750000    0.831770   -0.081770 (VIOLATED)
_18645_/B1                              0.750000    0.831768   -0.081768 (VIOLATED)
fanout356/A                             0.750000    0.831765   -0.081765 (VIOLATED)
_18643_/B1                              0.750000    0.831762   -0.081762 (VIOLATED)
fanout355/A                             0.750000    0.831762   -0.081762 (VIOLATED)
fanout357/X                             0.750000    0.831762   -0.081762 (VIOLATED)
_19401_/RESET_B                         0.750000    0.831048   -0.081048 (VIOLATED)
_19177_/RESET_B                         0.750000    0.831045   -0.081045 (VIOLATED)
_19301_/RESET_B                         0.750000    0.831044   -0.081045 (VIOLATED)
_19397_/RESET_B                         0.750000    0.831041   -0.081041 (VIOLATED)
_19165_/RESET_B                         0.750000    0.831041   -0.081041 (VIOLATED)
_19394_/RESET_B                         0.750000    0.831036   -0.081036 (VIOLATED)
fanout2041/A                            0.750000    0.831016   -0.081016 (VIOLATED)
fanout2043/X                            0.750000    0.831016   -0.081016 (VIOLATED)
_17478_/S                               0.750000    0.830967   -0.080967 (VIOLATED)
_17825_/S                               0.750000    0.830967   -0.080967 (VIOLATED)
_17850_/S                               0.750000    0.830967   -0.080967 (VIOLATED)
_17875_/B1                              0.750000    0.830967   -0.080967 (VIOLATED)
_17906_/B1                              0.750000    0.830967   -0.080967 (VIOLATED)
_18085_/B1                              0.750000    0.830967   -0.080967 (VIOLATED)
_18117_/B1                              0.750000    0.830967   -0.080967 (VIOLATED)
_18131_/B1                              0.750000    0.830967   -0.080967 (VIOLATED)
fanout322/A                             0.750000    0.830967   -0.080967 (VIOLATED)
fanout324/X                             0.750000    0.830967   -0.080967 (VIOLATED)
_10152_/B                               0.750000    0.830587   -0.080587 (VIOLATED)
_10190_/A                               0.750000    0.830586   -0.080586 (VIOLATED)
_10188_/A                               0.750000    0.830585   -0.080585 (VIOLATED)
_10151_/B                               0.750000    0.830584   -0.080584 (VIOLATED)
_10157_/A                               0.750000    0.830584   -0.080584 (VIOLATED)
_10175_/A                               0.750000    0.830584   -0.080584 (VIOLATED)
_10187_/A_N                             0.750000    0.830584   -0.080584 (VIOLATED)
_10214_/C_N                             0.750000    0.830584   -0.080584 (VIOLATED)
_10221_/B                               0.750000    0.830584   -0.080584 (VIOLATED)
_10432_/A1                              0.750000    0.830584   -0.080584 (VIOLATED)
fanout953/X                             0.750000    0.830584   -0.080584 (VIOLATED)
fanout1035/A                            0.750000    0.830204   -0.080204 (VIOLATED)
fanout1034/A                            0.750000    0.830203   -0.080203 (VIOLATED)
fanout1037/A                            0.750000    0.830201   -0.080201 (VIOLATED)
fanout1038/A                            0.750000    0.830201   -0.080201 (VIOLATED)
fanout1041/A                            0.750000    0.830201   -0.080201 (VIOLATED)
fanout1043/A                            0.750000    0.830201   -0.080201 (VIOLATED)
fanout1044/X                            0.750000    0.830201   -0.080201 (VIOLATED)
_14454_/Y                               0.750000    0.829807   -0.079807 (VIOLATED)
_14455_/C                               0.750000    0.829807   -0.079807 (VIOLATED)
_14903_/C                               0.750000    0.829807   -0.079807 (VIOLATED)
_14909_/C                               0.750000    0.829807   -0.079807 (VIOLATED)
_15019_/C                               0.750000    0.829807   -0.079807 (VIOLATED)
_14394_/A_N                             0.750000    0.829738   -0.079738 (VIOLATED)
_14385_/A                               0.750000    0.829738   -0.079738 (VIOLATED)
_14383_/B                               0.750000    0.829737   -0.079737 (VIOLATED)
_14405_/A                               0.750000    0.829737   -0.079737 (VIOLATED)
_14439_/A1                              0.750000    0.829737   -0.079737 (VIOLATED)
_14373_/A_N                             0.750000    0.829736   -0.079736 (VIOLATED)
_14397_/C                               0.750000    0.829736   -0.079736 (VIOLATED)
_14417_/A                               0.750000    0.829736   -0.079736 (VIOLATED)
_14433_/A1                              0.750000    0.829736   -0.079736 (VIOLATED)
_14459_/A_N                             0.750000    0.829736   -0.079736 (VIOLATED)
fanout1344/X                            0.750000    0.829736   -0.079736 (VIOLATED)
_18278_/A1                              0.750000    0.828485   -0.078485 (VIOLATED)
ANTENNA_172/DIODE                       0.750000    0.828484   -0.078484 (VIOLATED)
_16273_/B                               0.750000    0.828417   -0.078417 (VIOLATED)
_16291_/A                               0.750000    0.828417   -0.078417 (VIOLATED)
_16292_/B                               0.750000    0.828417   -0.078417 (VIOLATED)
_16293_/B                               0.750000    0.828417   -0.078417 (VIOLATED)
_16356_/A                               0.750000    0.828417   -0.078417 (VIOLATED)
_16657_/A2                              0.750000    0.828417   -0.078417 (VIOLATED)
_16819_/B1                              0.750000    0.828417   -0.078417 (VIOLATED)
_16821_/C1                              0.750000    0.828417   -0.078417 (VIOLATED)
_17274_/A1                              0.750000    0.828417   -0.078417 (VIOLATED)
fanout1375/A                            0.750000    0.828417   -0.078417 (VIOLATED)
fanout1376/X                            0.750000    0.828417   -0.078417 (VIOLATED)
_17787_/B                               0.750000    0.828417   -0.078417 (VIOLATED)
_18076_/B2                              0.750000    0.828417   -0.078417 (VIOLATED)
_18265_/A1                              0.750000    0.828417   -0.078417 (VIOLATED)
_19230_/Q                               0.750000    0.828417   -0.078417 (VIOLATED)
_18272_/A1                              0.750000    0.827428   -0.077428 (VIOLATED)
_17776_/A2                              0.750000    0.827373   -0.077373 (VIOLATED)
_17777_/A2                              0.750000    0.827373   -0.077373 (VIOLATED)
_18070_/B2                              0.750000    0.827373   -0.077373 (VIOLATED)
_18262_/A1                              0.750000    0.827373   -0.077373 (VIOLATED)
_19227_/Q                               0.750000    0.827373   -0.077373 (VIOLATED)
_11864_/A                               0.750000    0.827233   -0.077233 (VIOLATED)
_11925_/A                               0.750000    0.827233   -0.077233 (VIOLATED)
_11844_/A                               0.750000    0.827233   -0.077233 (VIOLATED)
_11851_/B                               0.750000    0.827232   -0.077233 (VIOLATED)
_11859_/A                               0.750000    0.827232   -0.077232 (VIOLATED)
_11845_/B                               0.750000    0.827232   -0.077232 (VIOLATED)
_11896_/A_N                             0.750000    0.827232   -0.077232 (VIOLATED)
_11913_/A1                              0.750000    0.827232   -0.077232 (VIOLATED)
_11927_/A1                              0.750000    0.827232   -0.077232 (VIOLATED)
_12023_/C                               0.750000    0.827232   -0.077232 (VIOLATED)
fanout1055/X                            0.750000    0.827232   -0.077232 (VIOLATED)
_10948_/B1                              0.750000    0.826683   -0.076683 (VIOLATED)
_10958_/B1                              0.750000    0.826683   -0.076683 (VIOLATED)
_10959_/A1                              0.750000    0.826683   -0.076683 (VIOLATED)
_10963_/B1                              0.750000    0.826683   -0.076683 (VIOLATED)
_11271_/A1                              0.750000    0.826683   -0.076683 (VIOLATED)
_11363_/B1                              0.750000    0.826683   -0.076683 (VIOLATED)
fanout1402/A                            0.750000    0.826683   -0.076683 (VIOLATED)
fanout1404/A                            0.750000    0.826683   -0.076683 (VIOLATED)
fanout1405/X                            0.750000    0.826683   -0.076683 (VIOLATED)
_15712_/B                               0.750000    0.826192   -0.076192 (VIOLATED)
_11080_/A                               0.750000    0.826009   -0.076009 (VIOLATED)
_10927_/C1                              0.750000    0.826009   -0.076009 (VIOLATED)
_11081_/A1                              0.750000    0.826008   -0.076009 (VIOLATED)
_09992_/B1                              0.750000    0.826008   -0.076008 (VIOLATED)
fanout1684/A                            0.750000    0.826006   -0.076006 (VIOLATED)
fanout1683/A                            0.750000    0.826004   -0.076004 (VIOLATED)
fanout1682/A                            0.750000    0.826002   -0.076002 (VIOLATED)
fanout1685/X                            0.750000    0.826002   -0.076002 (VIOLATED)
_15711_/X                               0.750000    0.825974   -0.075974 (VIOLATED)
_12380_/A                               0.750000    0.825741   -0.075741 (VIOLATED)
_12270_/X                               0.750000    0.825664   -0.075664 (VIOLATED)
_10051_/B1                              0.750000    0.825459   -0.075459 (VIOLATED)
_10099_/C1                              0.750000    0.825459   -0.075459 (VIOLATED)
_10122_/C1                              0.750000    0.825459   -0.075459 (VIOLATED)
_10314_/S1                              0.750000    0.825459   -0.075459 (VIOLATED)
_10336_/A1                              0.750000    0.825459   -0.075459 (VIOLATED)
_10734_/C1                              0.750000    0.825459   -0.075459 (VIOLATED)
_10956_/S0                              0.750000    0.825459   -0.075459 (VIOLATED)
_11254_/A1                              0.750000    0.825459   -0.075459 (VIOLATED)
_11256_/C1                              0.750000    0.825459   -0.075459 (VIOLATED)
_11362_/C1                              0.750000    0.825459   -0.075459 (VIOLATED)
fanout810/X                             0.750000    0.825459   -0.075459 (VIOLATED)
fanout1705/A                            0.750000    0.825349   -0.075349 (VIOLATED)
ANTENNA_184/DIODE                       0.750000    0.825348   -0.075348 (VIOLATED)
fanout1711/A                            0.750000    0.825240   -0.075241 (VIOLATED)
_17559_/A0                              0.750000    0.825182   -0.075182 (VIOLATED)
_18888_/Q                               0.750000    0.825182   -0.075182 (VIOLATED)
_10885_/B2                              0.750000    0.825050   -0.075050 (VIOLATED)
_10347_/B2                              0.750000    0.825050   -0.075050 (VIOLATED)
_10364_/A                               0.750000    0.825050   -0.075050 (VIOLATED)
_11333_/C1                              0.750000    0.825049   -0.075049 (VIOLATED)
_11338_/B2                              0.750000    0.825049   -0.075049 (VIOLATED)
_10354_/A                               0.750000    0.825048   -0.075048 (VIOLATED)
_10360_/A                               0.750000    0.825048   -0.075048 (VIOLATED)
_10381_/A                               0.750000    0.825048   -0.075048 (VIOLATED)
_10383_/A1                              0.750000    0.825048   -0.075048 (VIOLATED)
_10799_/B1                              0.750000    0.825048   -0.075048 (VIOLATED)
fanout1169/X                            0.750000    0.825048   -0.075048 (VIOLATED)
_09625_/A                               0.750000    0.824870   -0.074870 (VIOLATED)
_09629_/B                               0.750000    0.824870   -0.074870 (VIOLATED)
_09635_/B                               0.750000    0.824870   -0.074870 (VIOLATED)
_09636_/B                               0.750000    0.824870   -0.074870 (VIOLATED)
_09645_/A_N                             0.750000    0.824870   -0.074870 (VIOLATED)
_09646_/B                               0.750000    0.824870   -0.074870 (VIOLATED)
_09650_/B                               0.750000    0.824870   -0.074870 (VIOLATED)
_09651_/B                               0.750000    0.824870   -0.074870 (VIOLATED)
_09663_/A1                              0.750000    0.824870   -0.074870 (VIOLATED)
_09719_/B                               0.750000    0.824870   -0.074870 (VIOLATED)
fanout1675/X                            0.750000    0.824870   -0.074870 (VIOLATED)
_15099_/A                               0.750000    0.824768   -0.074768 (VIOLATED)
_15849_/A0                              0.750000    0.824768   -0.074768 (VIOLATED)
max_cap125/A                            0.750000    0.824766   -0.074766 (VIOLATED)
_15049_/Y                               0.750000    0.824760   -0.074760 (VIOLATED)
_12353_/A                               0.750000    0.824302   -0.074302 (VIOLATED)
_12308_/A                               0.750000    0.824301   -0.074301 (VIOLATED)
_12274_/B                               0.750000    0.824301   -0.074301 (VIOLATED)
_12278_/B                               0.750000    0.824301   -0.074301 (VIOLATED)
_12305_/B                               0.750000    0.824301   -0.074301 (VIOLATED)
_12335_/A                               0.750000    0.824301   -0.074301 (VIOLATED)
_12388_/A                               0.750000    0.824301   -0.074301 (VIOLATED)
fanout1000/A                            0.750000    0.824301   -0.074301 (VIOLATED)
fanout1001/X                            0.750000    0.824301   -0.074301 (VIOLATED)
_18106_/A                               0.750000    0.823259   -0.073259 (VIOLATED)
_17896_/A                               0.750000    0.823257   -0.073257 (VIOLATED)
_17888_/A                               0.750000    0.823251   -0.073251 (VIOLATED)
_17944_/A                               0.750000    0.823251   -0.073251 (VIOLATED)
_17970_/A                               0.750000    0.823251   -0.073251 (VIOLATED)
fanout857/X                             0.750000    0.823251   -0.073251 (VIOLATED)
_14478_/A2                              0.750000    0.823164   -0.073164 (VIOLATED)
_14472_/A                               0.750000    0.823163   -0.073163 (VIOLATED)
_14392_/B                               0.750000    0.823162   -0.073162 (VIOLATED)
_15021_/C                               0.750000    0.823161   -0.073161 (VIOLATED)
_14416_/C_N                             0.750000    0.823157   -0.073157 (VIOLATED)
_14376_/B                               0.750000    0.823157   -0.073157 (VIOLATED)
_14411_/A1                              0.750000    0.823151   -0.073151 (VIOLATED)
_14434_/B                               0.750000    0.823147   -0.073147 (VIOLATED)
_14447_/B                               0.750000    0.823144   -0.073144 (VIOLATED)
_14375_/A_N                             0.750000    0.823140   -0.073140 (VIOLATED)
fanout1346/X                            0.750000    0.823140   -0.073140 (VIOLATED)
wire117/A                               0.750000    0.823113   -0.073113 (VIOLATED)
_15990_/X                               0.750000    0.823106   -0.073106 (VIOLATED)
_15357_/C1                              0.750000    0.822753   -0.072753 (VIOLATED)
_15358_/B1                              0.750000    0.822753   -0.072753 (VIOLATED)
_15663_/A1                              0.750000    0.822751   -0.072751 (VIOLATED)
_15655_/A                               0.750000    0.822750   -0.072750 (VIOLATED)
_15668_/B1                              0.750000    0.822750   -0.072750 (VIOLATED)
_15590_/A                               0.750000    0.822740   -0.072741 (VIOLATED)
_15224_/C1                              0.750000    0.822739   -0.072739 (VIOLATED)
_15591_/A                               0.750000    0.822739   -0.072739 (VIOLATED)
_14858_/A1                              0.750000    0.822739   -0.072739 (VIOLATED)
_15228_/C1                              0.750000    0.822739   -0.072739 (VIOLATED)
fanout1549/X                            0.750000    0.822739   -0.072739 (VIOLATED)
_09780_/A                               0.750000    0.822697   -0.072697 (VIOLATED)
_09785_/A1                              0.750000    0.822697   -0.072697 (VIOLATED)
_09793_/A                               0.750000    0.822697   -0.072697 (VIOLATED)
_09796_/B                               0.750000    0.822697   -0.072697 (VIOLATED)
_09811_/B                               0.750000    0.822697   -0.072697 (VIOLATED)
_09815_/B                               0.750000    0.822697   -0.072697 (VIOLATED)
_09816_/A_N                             0.750000    0.822697   -0.072697 (VIOLATED)
_09830_/B                               0.750000    0.822697   -0.072697 (VIOLATED)
_09832_/B                               0.750000    0.822697   -0.072697 (VIOLATED)
_10342_/A_N                             0.750000    0.822697   -0.072697 (VIOLATED)
fanout1197/X                            0.750000    0.822697   -0.072697 (VIOLATED)
_15354_/A                               0.750000    0.822335   -0.072335 (VIOLATED)
_14853_/C1                              0.750000    0.822334   -0.072334 (VIOLATED)
_15229_/A1                              0.750000    0.822334   -0.072334 (VIOLATED)
_15491_/C1                              0.750000    0.822334   -0.072334 (VIOLATED)
_15490_/A1                              0.750000    0.822333   -0.072333 (VIOLATED)
_14826_/C1                              0.750000    0.822332   -0.072332 (VIOLATED)
_15054_/B                               0.750000    0.822332   -0.072332 (VIOLATED)
_15078_/A                               0.750000    0.822332   -0.072332 (VIOLATED)
_15235_/S                               0.750000    0.822332   -0.072332 (VIOLATED)
_15238_/A1                              0.750000    0.822332   -0.072332 (VIOLATED)
fanout701/X                             0.750000    0.822332   -0.072332 (VIOLATED)
_14296_/Y                               0.750000    0.821926   -0.071926 (VIOLATED)
_14311_/A                               0.750000    0.821926   -0.071926 (VIOLATED)
_14314_/A1                              0.750000    0.821926   -0.071926 (VIOLATED)
_14326_/A2                              0.750000    0.821926   -0.071926 (VIOLATED)
_14774_/B1                              0.750000    0.821926   -0.071926 (VIOLATED)
_15158_/B1                              0.750000    0.821926   -0.071926 (VIOLATED)
_15294_/B2                              0.750000    0.821926   -0.071926 (VIOLATED)
_15416_/A3                              0.750000    0.821926   -0.071926 (VIOLATED)
_15422_/B1                              0.750000    0.821926   -0.071926 (VIOLATED)
_14502_/B                               0.750000    0.821803   -0.071803 (VIOLATED)
_14560_/B                               0.750000    0.821803   -0.071803 (VIOLATED)
_14504_/B                               0.750000    0.821802   -0.071802 (VIOLATED)
_14531_/B                               0.750000    0.821802   -0.071802 (VIOLATED)
_14565_/A                               0.750000    0.821802   -0.071802 (VIOLATED)
_14567_/A1                              0.750000    0.821802   -0.071802 (VIOLATED)
_14871_/B                               0.750000    0.821802   -0.071802 (VIOLATED)
_15114_/A1                              0.750000    0.821802   -0.071802 (VIOLATED)
_15129_/A1                              0.750000    0.821802   -0.071802 (VIOLATED)
_15702_/A1                              0.750000    0.821802   -0.071802 (VIOLATED)
fanout1814/X                            0.750000    0.821802   -0.071802 (VIOLATED)
_12735_/A                               0.750000    0.821763   -0.071763 (VIOLATED)
_12714_/B                               0.750000    0.821762   -0.071762 (VIOLATED)
_12805_/B                               0.750000    0.821762   -0.071762 (VIOLATED)
_12724_/A_N                             0.750000    0.821762   -0.071762 (VIOLATED)
_12689_/B                               0.750000    0.821760   -0.071760 (VIOLATED)
_12692_/B                               0.750000    0.821760   -0.071760 (VIOLATED)
_12696_/B                               0.750000    0.821760   -0.071760 (VIOLATED)
_12707_/B                               0.750000    0.821760   -0.071760 (VIOLATED)
_12708_/B                               0.750000    0.821760   -0.071760 (VIOLATED)
_12709_/B                               0.750000    0.821760   -0.071760 (VIOLATED)
fanout1485/X                            0.750000    0.821760   -0.071760 (VIOLATED)
_16257_/A_N                             0.750000    0.821624   -0.071624 (VIOLATED)
_16262_/A_N                             0.750000    0.821624   -0.071624 (VIOLATED)
_16284_/B                               0.750000    0.821624   -0.071624 (VIOLATED)
_16304_/A2                              0.750000    0.821624   -0.071624 (VIOLATED)
_16308_/B                               0.750000    0.821624   -0.071624 (VIOLATED)
_16309_/B                               0.750000    0.821624   -0.071624 (VIOLATED)
_16648_/A                               0.750000    0.821624   -0.071624 (VIOLATED)
fanout1389/A                            0.750000    0.821624   -0.071624 (VIOLATED)
fanout1390/X                            0.750000    0.821624   -0.071624 (VIOLATED)
_17150_/D1                              0.750000    0.821520   -0.071520 (VIOLATED)
_15988_/C1                              0.750000    0.821518   -0.071518 (VIOLATED)
_16463_/C1                              0.750000    0.821518   -0.071518 (VIOLATED)
_16464_/A1                              0.750000    0.821518   -0.071518 (VIOLATED)
_17030_/B1                              0.750000    0.821518   -0.071518 (VIOLATED)
_17040_/A1                              0.750000    0.821518   -0.071518 (VIOLATED)
fanout1819/A                            0.750000    0.821518   -0.071518 (VIOLATED)
fanout1820/X                            0.750000    0.821518   -0.071518 (VIOLATED)
_16304_/B1_N                            0.750000    0.821498   -0.071498 (VIOLATED)
_16320_/B                               0.750000    0.821498   -0.071498 (VIOLATED)
_16323_/A                               0.750000    0.821498   -0.071498 (VIOLATED)
_16357_/A1                              0.750000    0.821498   -0.071498 (VIOLATED)
_16359_/A                               0.750000    0.821498   -0.071498 (VIOLATED)
_16514_/A1                              0.750000    0.821498   -0.071498 (VIOLATED)
_16825_/B                               0.750000    0.821498   -0.071498 (VIOLATED)
_16830_/A                               0.750000    0.821498   -0.071498 (VIOLATED)
_16839_/A1                              0.750000    0.821498   -0.071498 (VIOLATED)
_17284_/A1                              0.750000    0.821498   -0.071498 (VIOLATED)
fanout1373/X                            0.750000    0.821498   -0.071498 (VIOLATED)
_12982_/B                               0.750000    0.821107   -0.071107 (VIOLATED)
_12998_/A1                              0.750000    0.821106   -0.071106 (VIOLATED)
_13013_/B                               0.750000    0.821105   -0.071105 (VIOLATED)
_12972_/B                               0.750000    0.821104   -0.071104 (VIOLATED)
_13050_/C_N                             0.750000    0.821100   -0.071100 (VIOLATED)
_13035_/A                               0.750000    0.821100   -0.071100 (VIOLATED)
_12959_/A_N                             0.750000    0.821096   -0.071096 (VIOLATED)
_12991_/A_N                             0.750000    0.821090   -0.071090 (VIOLATED)
_13493_/A1                              0.750000    0.821090   -0.071090 (VIOLATED)
_17801_/A0                              0.750000    0.821090   -0.071090 (VIOLATED)
fanout1246/X                            0.750000    0.821090   -0.071090 (VIOLATED)
ANTENNA_86/DIODE                        0.750000    0.820094   -0.070094 (VIOLATED)
ANTENNA_88/DIODE                        0.750000    0.820094   -0.070094 (VIOLATED)
_17488_/A1                              0.750000    0.820094   -0.070094 (VIOLATED)
ANTENNA_84/DIODE                        0.750000    0.820093   -0.070093 (VIOLATED)
ANTENNA_85/DIODE                        0.750000    0.820093   -0.070093 (VIOLATED)
ANTENNA_87/DIODE                        0.750000    0.820093   -0.070093 (VIOLATED)
_11715_/A                               0.750000    0.819971   -0.069971 (VIOLATED)
_11100_/A                               0.750000    0.819958   -0.069958 (VIOLATED)
_17487_/X                               0.750000    0.819950   -0.069950 (VIOLATED)
_10975_/A0                              0.750000    0.819876   -0.069876 (VIOLATED)
_14334_/B                               0.750000    0.818847   -0.068847 (VIOLATED)
_14274_/B                               0.750000    0.818846   -0.068846 (VIOLATED)
_14294_/A1                              0.750000    0.818844   -0.068844 (VIOLATED)
fanout1281/A                            0.750000    0.818842   -0.068842 (VIOLATED)
_14343_/A                               0.750000    0.818838   -0.068838 (VIOLATED)
_14771_/A                               0.750000    0.818838   -0.068838 (VIOLATED)
_17782_/A0                              0.750000    0.818838   -0.068838 (VIOLATED)
fanout1280/A                            0.750000    0.818838   -0.068838 (VIOLATED)
fanout1282/X                            0.750000    0.818838   -0.068838 (VIOLATED)
_10883_/X                               0.750000    0.818534   -0.068534 (VIOLATED)
_15117_/B1                              0.750000    0.817877   -0.067877 (VIOLATED)
_14593_/A1                              0.750000    0.817877   -0.067877 (VIOLATED)
_14586_/A1                              0.750000    0.817876   -0.067876 (VIOLATED)
_15107_/C1                              0.750000    0.817876   -0.067876 (VIOLATED)
_15371_/B1                              0.750000    0.817876   -0.067876 (VIOLATED)
_15372_/A1                              0.750000    0.817876   -0.067876 (VIOLATED)
_15445_/A                               0.750000    0.817876   -0.067876 (VIOLATED)
_15456_/C1                              0.750000    0.817876   -0.067876 (VIOLATED)
_15459_/B1                              0.750000    0.817876   -0.067876 (VIOLATED)
_15462_/B2                              0.750000    0.817876   -0.067876 (VIOLATED)
fanout1786/X                            0.750000    0.817876   -0.067876 (VIOLATED)
_09432_/A                               0.750000    0.817774   -0.067774 (VIOLATED)
_12842_/B                               0.750000    0.817774   -0.067774 (VIOLATED)
_12851_/A_N                             0.750000    0.817774   -0.067774 (VIOLATED)
_12855_/B                               0.750000    0.817774   -0.067774 (VIOLATED)
_12876_/A_N                             0.750000    0.817774   -0.067774 (VIOLATED)
_12882_/A                               0.750000    0.817774   -0.067774 (VIOLATED)
_12885_/A                               0.750000    0.817774   -0.067774 (VIOLATED)
_12897_/A                               0.750000    0.817774   -0.067774 (VIOLATED)
_12948_/A1                              0.750000    0.817774   -0.067774 (VIOLATED)
_13484_/A1                              0.750000    0.817774   -0.067774 (VIOLATED)
fanout1762/X                            0.750000    0.817774   -0.067774 (VIOLATED)
_12694_/B                               0.750000    0.817642   -0.067642 (VIOLATED)
_13552_/A                               0.750000    0.817640   -0.067640 (VIOLATED)
_12693_/Y                               0.750000    0.817638   -0.067638 (VIOLATED)
_13222_/A1                              0.750000    0.817638   -0.067638 (VIOLATED)
_13233_/B2                              0.750000    0.817638   -0.067638 (VIOLATED)
_13944_/A1                              0.750000    0.817638   -0.067638 (VIOLATED)
_17771_/S                               0.750000    0.817399   -0.067399 (VIOLATED)
_17794_/S                               0.750000    0.817398   -0.067398 (VIOLATED)
_17962_/B1                              0.750000    0.817397   -0.067397 (VIOLATED)
_17928_/B1                              0.750000    0.817395   -0.067395 (VIOLATED)
_17747_/S                               0.750000    0.817394   -0.067394 (VIOLATED)
_17705_/S                               0.750000    0.817392   -0.067392 (VIOLATED)
_18080_/B1                              0.750000    0.817390   -0.067390 (VIOLATED)
_17783_/B                               0.750000    0.817390   -0.067390 (VIOLATED)
_18026_/B1                              0.750000    0.817390   -0.067390 (VIOLATED)
_18074_/B1                              0.750000    0.817390   -0.067390 (VIOLATED)
fanout295/X                             0.750000    0.817390   -0.067390 (VIOLATED)
_13016_/B                               0.750000    0.817355   -0.067355 (VIOLATED)
_12990_/B                               0.750000    0.817354   -0.067354 (VIOLATED)
_13493_/B1                              0.750000    0.817352   -0.067352 (VIOLATED)
_12975_/A                               0.750000    0.817351   -0.067352 (VIOLATED)
_12991_/B                               0.750000    0.817351   -0.067352 (VIOLATED)
_13006_/B                               0.750000    0.817351   -0.067352 (VIOLATED)
_13034_/C_N                             0.750000    0.817351   -0.067352 (VIOLATED)
_13050_/A                               0.750000    0.817351   -0.067352 (VIOLATED)
_13732_/A1                              0.750000    0.817351   -0.067352 (VIOLATED)
fanout1236/A                            0.750000    0.817351   -0.067352 (VIOLATED)
fanout1237/X                            0.750000    0.817351   -0.067352 (VIOLATED)
wire120/A                               0.750000    0.817111   -0.067111 (VIOLATED)
_15433_/Y                               0.750000    0.817093   -0.067093 (VIOLATED)
_10290_/A_N                             0.750000    0.816194   -0.066194 (VIOLATED)
_09933_/A                               0.750000    0.816193   -0.066193 (VIOLATED)
_09962_/A1                              0.750000    0.816189   -0.066189 (VIOLATED)
_09894_/A1                              0.750000    0.816187   -0.066187 (VIOLATED)
_09921_/A                               0.750000    0.816186   -0.066186 (VIOLATED)
_09924_/A_N                             0.750000    0.816186   -0.066186 (VIOLATED)
_09928_/A                               0.750000    0.816186   -0.066186 (VIOLATED)
fanout1718/A                            0.750000    0.816186   -0.066186 (VIOLATED)
fanout1719/X                            0.750000    0.816186   -0.066186 (VIOLATED)
_12200_/C1                              0.750000    0.815992   -0.065992 (VIOLATED)
_12115_/B1                              0.750000    0.815991   -0.065991 (VIOLATED)
_12106_/C1                              0.750000    0.815991   -0.065991 (VIOLATED)
_12119_/B1                              0.750000    0.815991   -0.065991 (VIOLATED)
_12130_/C1                              0.750000    0.815991   -0.065991 (VIOLATED)
_12170_/A1                              0.750000    0.815991   -0.065991 (VIOLATED)
_12238_/A1                              0.750000    0.815991   -0.065991 (VIOLATED)
_12243_/A                               0.750000    0.815991   -0.065991 (VIOLATED)
_12244_/C1                              0.750000    0.815991   -0.065991 (VIOLATED)
fanout779/X                             0.750000    0.815991   -0.065991 (VIOLATED)
_16132_/A2                              0.750000    0.815989   -0.065989 (VIOLATED)
_16167_/A                               0.750000    0.815989   -0.065989 (VIOLATED)
_16489_/A                               0.750000    0.815989   -0.065989 (VIOLATED)
_17311_/A1                              0.750000    0.815989   -0.065989 (VIOLATED)
fanout1617/A                            0.750000    0.815989   -0.065989 (VIOLATED)
fanout1618/A                            0.750000    0.815989   -0.065989 (VIOLATED)
fanout1619/X                            0.750000    0.815989   -0.065989 (VIOLATED)
_18445_/B1                              0.750000    0.815955   -0.065955 (VIOLATED)
_18463_/B1                              0.750000    0.815955   -0.065955 (VIOLATED)
_18527_/B1                              0.750000    0.815955   -0.065955 (VIOLATED)
_18607_/B1                              0.750000    0.815955   -0.065955 (VIOLATED)
_18639_/B1                              0.750000    0.815955   -0.065955 (VIOLATED)
_18653_/B1                              0.750000    0.815955   -0.065955 (VIOLATED)
_18669_/B1                              0.750000    0.815955   -0.065955 (VIOLATED)
_18671_/B1                              0.750000    0.815955   -0.065955 (VIOLATED)
_18691_/B1                              0.750000    0.815955   -0.065955 (VIOLATED)
_18693_/B1                              0.750000    0.815955   -0.065955 (VIOLATED)
fanout367/X                             0.750000    0.815955   -0.065955 (VIOLATED)
_13819_/B1                              0.750000    0.815883   -0.065883 (VIOLATED)
_12807_/B1                              0.750000    0.815883   -0.065883 (VIOLATED)
_12808_/C1                              0.750000    0.815883   -0.065883 (VIOLATED)
_12818_/A1                              0.750000    0.815883   -0.065883 (VIOLATED)
_12835_/B1                              0.750000    0.815883   -0.065883 (VIOLATED)
_13804_/C1                              0.750000    0.815883   -0.065883 (VIOLATED)
_13806_/C1                              0.750000    0.815883   -0.065883 (VIOLATED)
_13808_/C1                              0.750000    0.815883   -0.065883 (VIOLATED)
_13809_/A1                              0.750000    0.815883   -0.065883 (VIOLATED)
_13823_/A1                              0.750000    0.815883   -0.065883 (VIOLATED)
fanout1448/X                            0.750000    0.815883   -0.065883 (VIOLATED)
_14119_/A                               0.750000    0.815841   -0.065841 (VIOLATED)
_13056_/B                               0.750000    0.815810   -0.065810 (VIOLATED)
_14169_/B                               0.750000    0.815779   -0.065779 (VIOLATED)
_14115_/A0                              0.750000    0.815761   -0.065761 (VIOLATED)
_13060_/B                               0.750000    0.815390   -0.065390 (VIOLATED)
_13064_/A_N                             0.750000    0.815390   -0.065390 (VIOLATED)
_13069_/A_N                             0.750000    0.815390   -0.065390 (VIOLATED)
_13074_/B                               0.750000    0.815390   -0.065390 (VIOLATED)
_13082_/B                               0.750000    0.815390   -0.065390 (VIOLATED)
_13093_/B                               0.750000    0.815390   -0.065390 (VIOLATED)
_13094_/B                               0.750000    0.815390   -0.065390 (VIOLATED)
_13115_/C_N                             0.750000    0.815390   -0.065390 (VIOLATED)
_13131_/A1                              0.750000    0.815390   -0.065390 (VIOLATED)
_13135_/A2                              0.750000    0.815390   -0.065390 (VIOLATED)
fanout1521/X                            0.750000    0.815390   -0.065390 (VIOLATED)
_16606_/B1                              0.750000    0.815196   -0.065196 (VIOLATED)
_15926_/B1                              0.750000    0.815195   -0.065195 (VIOLATED)
_16232_/A1                              0.750000    0.815194   -0.065194 (VIOLATED)
_16243_/B1                              0.750000    0.815194   -0.065194 (VIOLATED)
_17037_/A1_N                            0.750000    0.815194   -0.065194 (VIOLATED)
_16885_/A                               0.750000    0.815191   -0.065191 (VIOLATED)
_16891_/B1                              0.750000    0.815189   -0.065189 (VIOLATED)
_16892_/A1                              0.750000    0.815189   -0.065189 (VIOLATED)
_16894_/B2                              0.750000    0.815189   -0.065189 (VIOLATED)
fanout1828/A                            0.750000    0.815189   -0.065189 (VIOLATED)
fanout1830/X                            0.750000    0.815189   -0.065189 (VIOLATED)
_16675_/A                               0.750000    0.814368   -0.064369 (VIOLATED)
_17050_/C1                              0.750000    0.814367   -0.064367 (VIOLATED)
_17168_/B1                              0.750000    0.814367   -0.064367 (VIOLATED)
_17173_/C1                              0.750000    0.814367   -0.064367 (VIOLATED)
_17066_/A1                              0.750000    0.814363   -0.064363 (VIOLATED)
_17053_/A                               0.750000    0.814362   -0.064362 (VIOLATED)
_17054_/C1                              0.750000    0.814359   -0.064359 (VIOLATED)
_17057_/C1                              0.750000    0.814356   -0.064356 (VIOLATED)
_17061_/A1                              0.750000    0.814356   -0.064356 (VIOLATED)
_17299_/A                               0.750000    0.814356   -0.064356 (VIOLATED)
fanout1596/X                            0.750000    0.814356   -0.064356 (VIOLATED)
_17023_/C1                              0.750000    0.814344   -0.064344 (VIOLATED)
_16431_/A1                              0.750000    0.814344   -0.064344 (VIOLATED)
_15983_/A                               0.750000    0.814344   -0.064344 (VIOLATED)
fanout681/A                             0.750000    0.814339   -0.064339 (VIOLATED)
_16893_/B2                              0.750000    0.814339   -0.064339 (VIOLATED)
_15961_/A                               0.750000    0.814338   -0.064338 (VIOLATED)
_16214_/A1                              0.750000    0.814338   -0.064338 (VIOLATED)
_16768_/A1                              0.750000    0.814338   -0.064338 (VIOLATED)
_16904_/A1                              0.750000    0.814338   -0.064338 (VIOLATED)
fanout682/X                             0.750000    0.814338   -0.064338 (VIOLATED)
_13055_/X                               0.750000    0.814313   -0.064313 (VIOLATED)
ANTENNA_15/DIODE                        0.750000    0.813733   -0.063733 (VIOLATED)
_17798_/A1                              0.750000    0.813733   -0.063733 (VIOLATED)
_17797_/X                               0.750000    0.813728   -0.063728 (VIOLATED)
_16511_/B                               0.750000    0.812950   -0.062950 (VIOLATED)
_17427_/A0                              0.750000    0.812944   -0.062944 (VIOLATED)
_16419_/B                               0.750000    0.812919   -0.062919 (VIOLATED)
_17376_/A                               0.750000    0.812826   -0.062826 (VIOLATED)
_17082_/B1                              0.750000    0.812574   -0.062574 (VIOLATED)
_16960_/B2                              0.750000    0.812574   -0.062574 (VIOLATED)
_16414_/A                               0.750000    0.812573   -0.062573 (VIOLATED)
_16947_/D1                              0.750000    0.812573   -0.062573 (VIOLATED)
_16091_/A1                              0.750000    0.812571   -0.062571 (VIOLATED)
_16055_/B                               0.750000    0.812570   -0.062570 (VIOLATED)
_16402_/B1                              0.750000    0.812570   -0.062570 (VIOLATED)
_16966_/A1                              0.750000    0.812570   -0.062570 (VIOLATED)
_17084_/B1                              0.750000    0.812570   -0.062570 (VIOLATED)
_17093_/A1                              0.750000    0.812570   -0.062570 (VIOLATED)
fanout668/X                             0.750000    0.812570   -0.062570 (VIOLATED)
_12967_/Y                               0.750000    0.812287   -0.062287 (VIOLATED)
_12980_/A2                              0.750000    0.812287   -0.062287 (VIOLATED)
_13043_/A                               0.750000    0.812287   -0.062287 (VIOLATED)
_13521_/C1                              0.750000    0.812287   -0.062287 (VIOLATED)
_13576_/A2                              0.750000    0.812287   -0.062287 (VIOLATED)
_13989_/A2                              0.750000    0.812287   -0.062287 (VIOLATED)
fanout1228/A                            0.750000    0.812207   -0.062207 (VIOLATED)
_13013_/A                               0.750000    0.812207   -0.062207 (VIOLATED)
_09438_/A                               0.750000    0.812206   -0.062206 (VIOLATED)
_12959_/B                               0.750000    0.812203   -0.062203 (VIOLATED)
_12979_/B1_N                            0.750000    0.812202   -0.062202 (VIOLATED)
_12992_/A                               0.750000    0.812202   -0.062202 (VIOLATED)
_13044_/A                               0.750000    0.812202   -0.062202 (VIOLATED)
_13523_/A1                              0.750000    0.812202   -0.062202 (VIOLATED)
_13526_/A1                              0.750000    0.812202   -0.062202 (VIOLATED)
fanout1230/A                            0.750000    0.812202   -0.062202 (VIOLATED)
fanout1231/X                            0.750000    0.812202   -0.062202 (VIOLATED)
_12715_/B                               0.750000    0.811735   -0.061735 (VIOLATED)
_12735_/B                               0.750000    0.811734   -0.061734 (VIOLATED)
_12805_/C                               0.750000    0.811734   -0.061735 (VIOLATED)
_12733_/A                               0.750000    0.811732   -0.061732 (VIOLATED)
_13249_/A1                              0.750000    0.811728   -0.061728 (VIOLATED)
_12691_/C                               0.750000    0.811728   -0.061728 (VIOLATED)
_12696_/A_N                             0.750000    0.811728   -0.061728 (VIOLATED)
_12707_/C_N                             0.750000    0.811728   -0.061728 (VIOLATED)
_12708_/C_N                             0.750000    0.811728   -0.061728 (VIOLATED)
_12756_/A_N                             0.750000    0.811728   -0.061728 (VIOLATED)
fanout1479/X                            0.750000    0.811728   -0.061728 (VIOLATED)
_13866_/C1                              0.750000    0.811679   -0.061679 (VIOLATED)
_14089_/A1                              0.750000    0.811678   -0.061678 (VIOLATED)
_14103_/C1                              0.750000    0.811678   -0.061678 (VIOLATED)
_14083_/C1                              0.750000    0.811678   -0.061678 (VIOLATED)
_14082_/B1                              0.750000    0.811677   -0.061677 (VIOLATED)
_13709_/C1                              0.750000    0.811676   -0.061676 (VIOLATED)
_13711_/A1                              0.750000    0.811676   -0.061676 (VIOLATED)
_13727_/S1                              0.750000    0.811676   -0.061676 (VIOLATED)
_13870_/B1                              0.750000    0.811676   -0.061676 (VIOLATED)
_13874_/B1                              0.750000    0.811676   -0.061676 (VIOLATED)
fanout1730/X                            0.750000    0.811676   -0.061676 (VIOLATED)
_16418_/X                               0.750000    0.811632   -0.061632 (VIOLATED)
fanout685/A                             0.750000    0.811574   -0.061574 (VIOLATED)
fanout686/A                             0.750000    0.811572   -0.061572 (VIOLATED)
_15198_/A1                              0.750000    0.811571   -0.061571 (VIOLATED)
_15376_/A                               0.750000    0.811571   -0.061571 (VIOLATED)
_15637_/A1                              0.750000    0.811571   -0.061571 (VIOLATED)
_15638_/A1                              0.750000    0.811571   -0.061571 (VIOLATED)
fanout687/A                             0.750000    0.811571   -0.061571 (VIOLATED)
fanout688/X                             0.750000    0.811571   -0.061571 (VIOLATED)
_15954_/S                               0.750000    0.811311   -0.061311 (VIOLATED)
_16438_/C1                              0.750000    0.811309   -0.061309 (VIOLATED)
_17148_/C1                              0.750000    0.811307   -0.061307 (VIOLATED)
_15980_/B1                              0.750000    0.811305   -0.061305 (VIOLATED)
_15974_/A1                              0.750000    0.811302   -0.061302 (VIOLATED)
_15955_/C1                              0.750000    0.811302   -0.061302 (VIOLATED)
_16441_/C1                              0.750000    0.811302   -0.061302 (VIOLATED)
_16756_/C1                              0.750000    0.811302   -0.061302 (VIOLATED)
_17022_/C1                              0.750000    0.811302   -0.061302 (VIOLATED)
_17154_/C1                              0.750000    0.811302   -0.061302 (VIOLATED)
fanout1819/X                            0.750000    0.811302   -0.061302 (VIOLATED)
_18241_/B1                              0.750000    0.811205   -0.061205 (VIOLATED)
_18233_/B1                              0.750000    0.811204   -0.061204 (VIOLATED)
_18225_/B1                              0.750000    0.811203   -0.061203 (VIOLATED)
_18217_/B1                              0.750000    0.811199   -0.061199 (VIOLATED)
_18222_/B1                              0.750000    0.811198   -0.061198 (VIOLATED)
_18230_/B1                              0.750000    0.811191   -0.061191 (VIOLATED)
_18209_/B1                              0.750000    0.811186   -0.061186 (VIOLATED)
_18214_/B1                              0.750000    0.811183   -0.061183 (VIOLATED)
_18238_/B1                              0.750000    0.811179   -0.061179 (VIOLATED)
_18246_/B1                              0.750000    0.811179   -0.061179 (VIOLATED)
fanout256/X                             0.750000    0.811179   -0.061179 (VIOLATED)
_10379_/A                               0.750000    0.810920   -0.060920 (VIOLATED)
_10343_/A                               0.750000    0.810920   -0.060920 (VIOLATED)
_10344_/C1                              0.750000    0.810917   -0.060917 (VIOLATED)
_11326_/A                               0.750000    0.810917   -0.060917 (VIOLATED)
_10356_/A                               0.750000    0.810916   -0.060916 (VIOLATED)
_10798_/B                               0.750000    0.810915   -0.060915 (VIOLATED)
_09869_/C1                              0.750000    0.810914   -0.060914 (VIOLATED)
_10572_/A                               0.750000    0.810914   -0.060914 (VIOLATED)
_10894_/A                               0.750000    0.810914   -0.060914 (VIOLATED)
_11051_/A1                              0.750000    0.810914   -0.060914 (VIOLATED)
fanout816/X                             0.750000    0.810914   -0.060914 (VIOLATED)
_09810_/B1                              0.750000    0.810560   -0.060560 (VIOLATED)
_11213_/C1                              0.750000    0.810560   -0.060560 (VIOLATED)
_11214_/C1                              0.750000    0.810560   -0.060560 (VIOLATED)
_10789_/A1                              0.750000    0.810559   -0.060559 (VIOLATED)
_09833_/A                               0.750000    0.810556   -0.060556 (VIOLATED)
_10350_/B1                              0.750000    0.810555   -0.060555 (VIOLATED)
_10807_/C1                              0.750000    0.810555   -0.060555 (VIOLATED)
_10809_/B1                              0.750000    0.810555   -0.060555 (VIOLATED)
_10895_/B                               0.750000    0.810555   -0.060555 (VIOLATED)
_10908_/A1                              0.750000    0.810555   -0.060555 (VIOLATED)
fanout819/X                             0.750000    0.810555   -0.060555 (VIOLATED)
_15943_/B                               0.750000    0.810085   -0.060085 (VIOLATED)
_15964_/C                               0.750000    0.810085   -0.060085 (VIOLATED)
_15965_/C                               0.750000    0.810085   -0.060085 (VIOLATED)
_15966_/A1                              0.750000    0.810085   -0.060085 (VIOLATED)
_15975_/A                               0.750000    0.810085   -0.060085 (VIOLATED)
_15979_/A0                              0.750000    0.810085   -0.060085 (VIOLATED)
_16429_/B1                              0.750000    0.810085   -0.060085 (VIOLATED)
_16764_/A1                              0.750000    0.810085   -0.060085 (VIOLATED)
_16772_/A1                              0.750000    0.810085   -0.060085 (VIOLATED)
_16773_/A1_N                            0.750000    0.810085   -0.060085 (VIOLATED)
fanout1844/X                            0.750000    0.810085   -0.060085 (VIOLATED)
_12964_/B1                              0.750000    0.809535   -0.059535 (VIOLATED)
_12976_/A                               0.750000    0.809535   -0.059535 (VIOLATED)
_12977_/A                               0.750000    0.809535   -0.059535 (VIOLATED)
_13047_/A1                              0.750000    0.809535   -0.059535 (VIOLATED)
_13341_/A                               0.750000    0.809535   -0.059535 (VIOLATED)
_13342_/A                               0.750000    0.809535   -0.059535 (VIOLATED)
_13350_/A1                              0.750000    0.809535   -0.059535 (VIOLATED)
_13741_/A1                              0.750000    0.809535   -0.059535 (VIOLATED)
_13890_/B1                              0.750000    0.809535   -0.059535 (VIOLATED)
_14050_/B1                              0.750000    0.809535   -0.059535 (VIOLATED)
fanout727/X                             0.750000    0.809535   -0.059535 (VIOLATED)
_18443_/A1_N                            0.750000    0.808986   -0.058986 (VIOLATED)
_18491_/A1_N                            0.750000    0.808982   -0.058982 (VIOLATED)
_18657_/A1_N                            0.750000    0.808973   -0.058973 (VIOLATED)
_18449_/A1_N                            0.750000    0.808972   -0.058972 (VIOLATED)
_18673_/A1_N                            0.750000    0.808969   -0.058969 (VIOLATED)
_18651_/A1_N                            0.750000    0.808968   -0.058968 (VIOLATED)
_18683_/A1_N                            0.750000    0.808968   -0.058968 (VIOLATED)
_18653_/A1_N                            0.750000    0.808964   -0.058964 (VIOLATED)
_18665_/A1_N                            0.750000    0.808964   -0.058964 (VIOLATED)
_18669_/A1_N                            0.750000    0.808964   -0.058964 (VIOLATED)
fanout875/X                             0.750000    0.808964   -0.058964 (VIOLATED)
_18930_/RESET_B                         0.750000    0.807832   -0.057832 (VIOLATED)
_18802_/RESET_B                         0.750000    0.807831   -0.057831 (VIOLATED)
fanout1904/A                            0.750000    0.807831   -0.057831 (VIOLATED)
fanout1910/A                            0.750000    0.807831   -0.057831 (VIOLATED)
fanout1915/A                            0.750000    0.807831   -0.057831 (VIOLATED)
fanout1916/X                            0.750000    0.807831   -0.057831 (VIOLATED)
_12788_/A                               0.750000    0.807719   -0.057719 (VIOLATED)
_12705_/B                               0.750000    0.807717   -0.057717 (VIOLATED)
_12700_/B                               0.750000    0.807711   -0.057711 (VIOLATED)
_12687_/B                               0.750000    0.807710   -0.057710 (VIOLATED)
_12698_/A_N                             0.750000    0.807710   -0.057710 (VIOLATED)
_13248_/A                               0.750000    0.807705   -0.057705 (VIOLATED)
_14740_/A                               0.750000    0.807696   -0.057696 (VIOLATED)
_15316_/B1                              0.750000    0.807695   -0.057695 (VIOLATED)
fanout1479/A                            0.750000    0.807695   -0.057695 (VIOLATED)
fanout1480/A                            0.750000    0.807695   -0.057695 (VIOLATED)
fanout1481/X                            0.750000    0.807695   -0.057695 (VIOLATED)
_15312_/A1                              0.750000    0.807695   -0.057695 (VIOLATED)
_14931_/B1                              0.750000    0.807693   -0.057693 (VIOLATED)
_14935_/B1                              0.750000    0.807687   -0.057687 (VIOLATED)
_14757_/A1                              0.750000    0.807685   -0.057685 (VIOLATED)
_15026_/A1                              0.750000    0.807684   -0.057684 (VIOLATED)
_14743_/A                               0.750000    0.807682   -0.057682 (VIOLATED)
_14903_/A                               0.750000    0.807682   -0.057682 (VIOLATED)
_14925_/A1                              0.750000    0.807682   -0.057682 (VIOLATED)
fanout708/X                             0.750000    0.807682   -0.057682 (VIOLATED)
_15185_/B1                              0.750000    0.807087   -0.057087 (VIOLATED)
_14895_/A1                              0.750000    0.807086   -0.057086 (VIOLATED)
_15132_/C1                              0.750000    0.807086   -0.057086 (VIOLATED)
_15181_/C1                              0.750000    0.807086   -0.057086 (VIOLATED)
_15202_/A1                              0.750000    0.807082   -0.057082 (VIOLATED)
_15127_/B1                              0.750000    0.807081   -0.057081 (VIOLATED)
_14897_/A1                              0.750000    0.807080   -0.057080 (VIOLATED)
_15115_/C1                              0.750000    0.807075   -0.057075 (VIOLATED)
_15691_/C1                              0.750000    0.807075   -0.057075 (VIOLATED)
_15704_/C1                              0.750000    0.807075   -0.057075 (VIOLATED)
fanout1781/X                            0.750000    0.807075   -0.057075 (VIOLATED)
_15972_/A                               0.750000    0.807006   -0.057006 (VIOLATED)
_15988_/A1                              0.750000    0.807006   -0.057006 (VIOLATED)
_16445_/B1                              0.750000    0.807006   -0.057006 (VIOLATED)
_16446_/C1                              0.750000    0.807006   -0.057006 (VIOLATED)
_17022_/A2                              0.750000    0.807006   -0.057006 (VIOLATED)
_17039_/A1                              0.750000    0.807006   -0.057006 (VIOLATED)
_17144_/C1                              0.750000    0.807006   -0.057006 (VIOLATED)
_17158_/C1                              0.750000    0.807006   -0.057006 (VIOLATED)
_17159_/A1                              0.750000    0.807006   -0.057006 (VIOLATED)
fanout1830/A                            0.750000    0.807006   -0.057006 (VIOLATED)
fanout1831/X                            0.750000    0.807006   -0.057006 (VIOLATED)
_11860_/B                               0.750000    0.806688   -0.056688 (VIOLATED)
_11880_/B                               0.750000    0.806688   -0.056688 (VIOLATED)
_11882_/C                               0.750000    0.806688   -0.056688 (VIOLATED)
_11883_/B                               0.750000    0.806688   -0.056688 (VIOLATED)
_11900_/A                               0.750000    0.806687   -0.056687 (VIOLATED)
_11842_/B                               0.750000    0.806686   -0.056686 (VIOLATED)
_11872_/A                               0.750000    0.806686   -0.056686 (VIOLATED)
_11878_/A1                              0.750000    0.806686   -0.056686 (VIOLATED)
_11888_/A2                              0.750000    0.806686   -0.056686 (VIOLATED)
_11963_/B                               0.750000    0.806686   -0.056686 (VIOLATED)
fanout1049/X                            0.750000    0.806686   -0.056686 (VIOLATED)
_17839_/A1                              0.750000    0.806447   -0.056447 (VIOLATED)
_17838_/X                               0.750000    0.806272   -0.056272 (VIOLATED)
_13096_/B                               0.750000    0.806119   -0.056119 (VIOLATED)
_14021_/A1                              0.750000    0.806119   -0.056119 (VIOLATED)
_13624_/C1                              0.750000    0.806118   -0.056118 (VIOLATED)
_14023_/A1                              0.750000    0.806117   -0.056117 (VIOLATED)
_14012_/A2                              0.750000    0.806116   -0.056116 (VIOLATED)
_13176_/C1                              0.750000    0.806114   -0.056114 (VIOLATED)
_14027_/A1                              0.750000    0.806108   -0.056108 (VIOLATED)
_13274_/A1                              0.750000    0.806107   -0.056107 (VIOLATED)
_13852_/A1                              0.750000    0.806107   -0.056107 (VIOLATED)
_14029_/C1                              0.750000    0.806107   -0.056107 (VIOLATED)
fanout745/X                             0.750000    0.806107   -0.056107 (VIOLATED)
_11842_/A_N                             0.750000    0.806085   -0.056085 (VIOLATED)
_11854_/A                               0.750000    0.806086   -0.056086 (VIOLATED)
_11863_/B                               0.750000    0.806081   -0.056082 (VIOLATED)
_11885_/B                               0.750000    0.806080   -0.056080 (VIOLATED)
_11882_/B                               0.750000    0.806079   -0.056079 (VIOLATED)
_11857_/B                               0.750000    0.806078   -0.056078 (VIOLATED)
_11860_/A                               0.750000    0.806078   -0.056078 (VIOLATED)
_11883_/A_N                             0.750000    0.806078   -0.056078 (VIOLATED)
_11916_/C_N                             0.750000    0.806078   -0.056078 (VIOLATED)
_11941_/A                               0.750000    0.806078   -0.056078 (VIOLATED)
fanout1053/X                            0.750000    0.806078   -0.056078 (VIOLATED)
_17977_/A2                              0.750000    0.806064   -0.056065 (VIOLATED)
_17960_/A2                              0.750000    0.806064   -0.056064 (VIOLATED)
_18009_/A2                              0.750000    0.806063   -0.056063 (VIOLATED)
_17910_/A2                              0.750000    0.806063   -0.056063 (VIOLATED)
_17894_/A2                              0.750000    0.806058   -0.056058 (VIOLATED)
_17884_/C1                              0.750000    0.806058   -0.056058 (VIOLATED)
_18072_/A2                              0.750000    0.806058   -0.056058 (VIOLATED)
_18109_/A2                              0.750000    0.806058   -0.056058 (VIOLATED)
_18110_/A2                              0.750000    0.806058   -0.056058 (VIOLATED)
_18112_/A2                              0.750000    0.806058   -0.056058 (VIOLATED)
fanout637/X                             0.750000    0.806058   -0.056058 (VIOLATED)
_09375_/A                               0.750000    0.805277   -0.055277 (VIOLATED)
_10926_/A1                              0.750000    0.805277   -0.055277 (VIOLATED)
_09932_/B1                              0.750000    0.805276   -0.055276 (VIOLATED)
_09934_/A                               0.750000    0.805276   -0.055276 (VIOLATED)
_09972_/A                               0.750000    0.805276   -0.055276 (VIOLATED)
_09988_/A                               0.750000    0.805276   -0.055276 (VIOLATED)
_10545_/C1                              0.750000    0.805276   -0.055276 (VIOLATED)
_10923_/C1                              0.750000    0.805276   -0.055276 (VIOLATED)
_10924_/B1                              0.750000    0.805276   -0.055276 (VIOLATED)
_10928_/B2                              0.750000    0.805276   -0.055276 (VIOLATED)
fanout1692/X                            0.750000    0.805276   -0.055276 (VIOLATED)
_16824_/B                               0.750000    0.804578   -0.054578 (VIOLATED)
_16350_/A                               0.750000    0.804578   -0.054578 (VIOLATED)
_16278_/A                               0.750000    0.804577   -0.054577 (VIOLATED)
_16300_/A                               0.750000    0.804577   -0.054577 (VIOLATED)
_16336_/A1                              0.750000    0.804577   -0.054577 (VIOLATED)
_16522_/A                               0.750000    0.804577   -0.054577 (VIOLATED)
_16527_/A                               0.750000    0.804577   -0.054577 (VIOLATED)
_17108_/A1                              0.750000    0.804577   -0.054577 (VIOLATED)
_17116_/A2                              0.750000    0.804577   -0.054577 (VIOLATED)
_17225_/B                               0.750000    0.804577   -0.054577 (VIOLATED)
fanout657/X                             0.750000    0.804577   -0.054577 (VIOLATED)
_18319_/A2                              0.750000    0.803712   -0.053712 (VIOLATED)
fanout188/A                             0.750000    0.803711   -0.053711 (VIOLATED)
_18344_/A2                              0.750000    0.803707   -0.053707 (VIOLATED)
_18336_/A2                              0.750000    0.803706   -0.053706 (VIOLATED)
_18352_/A2                              0.750000    0.803702   -0.053702 (VIOLATED)
_18326_/A2                              0.750000    0.803701   -0.053701 (VIOLATED)
_18360_/A2                              0.750000    0.803701   -0.053701 (VIOLATED)
fanout187/A                             0.750000    0.803701   -0.053701 (VIOLATED)
fanout189/X                             0.750000    0.803701   -0.053701 (VIOLATED)
_16479_/Y                               0.750000    0.803614   -0.053614 (VIOLATED)
_16482_/A2                              0.750000    0.803614   -0.053614 (VIOLATED)
_16686_/A2                              0.750000    0.803614   -0.053614 (VIOLATED)
_16690_/B1                              0.750000    0.803614   -0.053614 (VIOLATED)
_16700_/A3                              0.750000    0.803614   -0.053614 (VIOLATED)
_17052_/B2                              0.750000    0.803614   -0.053614 (VIOLATED)
_17065_/B2                              0.750000    0.803614   -0.053614 (VIOLATED)
_09686_/C_N                             0.750000    0.803268   -0.053268 (VIOLATED)
_10866_/A                               0.750000    0.803268   -0.053268 (VIOLATED)
_09713_/A_N                             0.750000    0.803267   -0.053267 (VIOLATED)
_10860_/A1                              0.750000    0.803266   -0.053267 (VIOLATED)
_09742_/A                               0.750000    0.803265   -0.053265 (VIOLATED)
_09620_/A                               0.750000    0.803263   -0.053263 (VIOLATED)
_09697_/A                               0.750000    0.803261   -0.053261 (VIOLATED)
_11026_/B                               0.750000    0.803261   -0.053261 (VIOLATED)
fanout1658/A                            0.750000    0.803261   -0.053261 (VIOLATED)
fanout1660/X                            0.750000    0.803261   -0.053261 (VIOLATED)
_12720_/A2                              0.750000    0.802966   -0.052966 (VIOLATED)
_13409_/C                               0.750000    0.802964   -0.052964 (VIOLATED)
_12781_/A                               0.750000    0.802961   -0.052961 (VIOLATED)
_13937_/A2                              0.750000    0.802960   -0.052960 (VIOLATED)
_13944_/A2                              0.750000    0.802956   -0.052956 (VIOLATED)
_13229_/A2                              0.750000    0.802955   -0.052955 (VIOLATED)
_12810_/B                               0.750000    0.802953   -0.052953 (VIOLATED)
_12716_/X                               0.750000    0.802951   -0.052951 (VIOLATED)
_12796_/B                               0.750000    0.802951   -0.052951 (VIOLATED)
_12811_/A3                              0.750000    0.802951   -0.052951 (VIOLATED)
_13084_/A_N                             0.750000    0.802713   -0.052713 (VIOLATED)
_13097_/A                               0.750000    0.802712   -0.052712 (VIOLATED)
_13083_/A_N                             0.750000    0.802712   -0.052712 (VIOLATED)
_13107_/C                               0.750000    0.802712   -0.052712 (VIOLATED)
_13086_/A                               0.750000    0.802711   -0.052711 (VIOLATED)
_13061_/A                               0.750000    0.802710   -0.052710 (VIOLATED)
_13058_/A_N                             0.750000    0.802710   -0.052710 (VIOLATED)
_13063_/A1                              0.750000    0.802705   -0.052705 (VIOLATED)
_13059_/A_N                             0.750000    0.802701   -0.052701 (VIOLATED)
_13062_/A                               0.750000    0.802701   -0.052701 (VIOLATED)
fanout1523/X                            0.750000    0.802701   -0.052701 (VIOLATED)
_11270_/C1                              0.750000    0.802563   -0.052563 (VIOLATED)
_11129_/B1                              0.750000    0.802561   -0.052562 (VIOLATED)
_11105_/D1                              0.750000    0.802561   -0.052561 (VIOLATED)
_11115_/C1                              0.750000    0.802561   -0.052561 (VIOLATED)
_11119_/A1                              0.750000    0.802561   -0.052561 (VIOLATED)
_11122_/B1                              0.750000    0.802561   -0.052561 (VIOLATED)
_11359_/B1                              0.750000    0.802561   -0.052561 (VIOLATED)
_11374_/A1                              0.750000    0.802561   -0.052561 (VIOLATED)
fanout814/X                             0.750000    0.802561   -0.052561 (VIOLATED)
_16865_/B1                              0.750000    0.801468   -0.051468 (VIOLATED)
_16577_/C1                              0.750000    0.801462   -0.051462 (VIOLATED)
_17207_/A1                              0.750000    0.801457   -0.051458 (VIOLATED)
fanout668/A                             0.750000    0.801443   -0.051443 (VIOLATED)
fanout670/A                             0.750000    0.801442   -0.051442 (VIOLATED)
fanout671/X                             0.750000    0.801442   -0.051442 (VIOLATED)
_17925_/A1                              0.750000    0.801400   -0.051400 (VIOLATED)
_17949_/A1                              0.750000    0.801400   -0.051400 (VIOLATED)
_17964_/B1                              0.750000    0.801400   -0.051400 (VIOLATED)
_17966_/A1                              0.750000    0.801400   -0.051400 (VIOLATED)
_17982_/B1                              0.750000    0.801400   -0.051400 (VIOLATED)
_17998_/A1                              0.750000    0.801400   -0.051400 (VIOLATED)
_18015_/A1                              0.750000    0.801400   -0.051400 (VIOLATED)
_18028_/A1                              0.750000    0.801400   -0.051400 (VIOLATED)
_18031_/A1                              0.750000    0.801400   -0.051400 (VIOLATED)
_18047_/A1                              0.750000    0.801400   -0.051400 (VIOLATED)
fanout880/X                             0.750000    0.801400   -0.051400 (VIOLATED)
_10931_/B                               0.750000    0.801359   -0.051359 (VIOLATED)
_10005_/B2                              0.750000    0.801358   -0.051358 (VIOLATED)
_10932_/B1                              0.750000    0.801358   -0.051358 (VIOLATED)
_10265_/A                               0.750000    0.801356   -0.051356 (VIOLATED)
_11234_/A1                              0.750000    0.801356   -0.051356 (VIOLATED)
_10009_/B                               0.750000    0.801356   -0.051356 (VIOLATED)
_10264_/A1                              0.750000    0.801355   -0.051356 (VIOLATED)
_09917_/A                               0.750000    0.801353   -0.051353 (VIOLATED)
_09919_/A                               0.750000    0.801353   -0.051353 (VIOLATED)
_09980_/B                               0.750000    0.801353   -0.051353 (VIOLATED)
fanout832/X                             0.750000    0.801353   -0.051353 (VIOLATED)
_18442_/A                               0.750000    0.800573   -0.050573 (VIOLATED)
_18517_/A1_N                            0.750000    0.800573   -0.050573 (VIOLATED)
_18547_/A1_N                            0.750000    0.800573   -0.050573 (VIOLATED)
_18557_/A1_N                            0.750000    0.800573   -0.050573 (VIOLATED)
_18563_/A1_N                            0.750000    0.800573   -0.050573 (VIOLATED)
_18573_/A1_N                            0.750000    0.800573   -0.050573 (VIOLATED)
_18579_/A1_N                            0.750000    0.800573   -0.050573 (VIOLATED)
_18611_/A1_N                            0.750000    0.800573   -0.050573 (VIOLATED)
_18629_/A1_N                            0.750000    0.800573   -0.050573 (VIOLATED)
_18643_/A1_N                            0.750000    0.800573   -0.050573 (VIOLATED)
fanout861/X                             0.750000    0.800573   -0.050573 (VIOLATED)
_17331_/A                               0.750000    0.800404   -0.050404 (VIOLATED)
_16745_/A                               0.750000    0.800397   -0.050397 (VIOLATED)
_16589_/A0                              0.750000    0.800358   -0.050358 (VIOLATED)
_17430_/A                               0.750000    0.800330   -0.050330 (VIOLATED)
_17143_/B1                              0.750000    0.800259   -0.050259 (VIOLATED)
_16243_/A2                              0.750000    0.800259   -0.050259 (VIOLATED)
_15973_/A                               0.750000    0.800258   -0.050258 (VIOLATED)
_17011_/A1                              0.750000    0.800258   -0.050258 (VIOLATED)
_16229_/A                               0.750000    0.800257   -0.050257 (VIOLATED)
_16772_/B2                              0.750000    0.800257   -0.050257 (VIOLATED)
_17146_/B1                              0.750000    0.800257   -0.050257 (VIOLATED)
_15971_/Y                               0.750000    0.800255   -0.050255 (VIOLATED)
_17383_/A                               0.750000    0.800194   -0.050194 (VIOLATED)
fanout2067/A                            0.750000    0.799953   -0.049953 (VIOLATED)
fanout2061/A                            0.750000    0.799953   -0.049953 (VIOLATED)
_19410_/RESET_B                         0.750000    0.799952   -0.049952 (VIOLATED)
fanout2063/A                            0.750000    0.799952   -0.049952 (VIOLATED)
fanout2068/A                            0.750000    0.799952   -0.049952 (VIOLATED)
fanout2074/A                            0.750000    0.799952   -0.049952 (VIOLATED)
fanout2076/X                            0.750000    0.799952   -0.049952 (VIOLATED)
_16465_/X                               0.750000    0.799455   -0.049455 (VIOLATED)
_12685_/A                               0.750000    0.798884   -0.048884 (VIOLATED)
_17491_/A1                              0.750000    0.798777   -0.048777 (VIOLATED)
ANTENNA_240/DIODE                       0.750000    0.798777   -0.048777 (VIOLATED)
_17490_/X                               0.750000    0.798749   -0.048749 (VIOLATED)
_12654_/X                               0.750000    0.798675   -0.048675 (VIOLATED)
_13163_/B1                              0.750000    0.798664   -0.048664 (VIOLATED)
_13085_/Y                               0.750000    0.798664   -0.048664 (VIOLATED)
_13089_/A2                              0.750000    0.798664   -0.048664 (VIOLATED)
_13140_/B                               0.750000    0.798664   -0.048664 (VIOLATED)
_13141_/A2                              0.750000    0.798664   -0.048664 (VIOLATED)
_13431_/A2                              0.750000    0.798664   -0.048664 (VIOLATED)
_13611_/B                               0.750000    0.798664   -0.048664 (VIOLATED)
_13623_/C                               0.750000    0.798664   -0.048664 (VIOLATED)
_14028_/A2                              0.750000    0.798664   -0.048664 (VIOLATED)
_11425_/A                               0.750000    0.798652   -0.048652 (VIOLATED)
_11441_/A                               0.750000    0.798652   -0.048652 (VIOLATED)
_11478_/B1                              0.750000    0.798652   -0.048652 (VIOLATED)
_11479_/B1                              0.750000    0.798652   -0.048652 (VIOLATED)
_11522_/A1                              0.750000    0.798652   -0.048652 (VIOLATED)
_11592_/A1                              0.750000    0.798652   -0.048652 (VIOLATED)
_11602_/A1                              0.750000    0.798652   -0.048652 (VIOLATED)
_11607_/A                               0.750000    0.798652   -0.048652 (VIOLATED)
_11660_/A1                              0.750000    0.798652   -0.048652 (VIOLATED)
_11667_/A1                              0.750000    0.798652   -0.048652 (VIOLATED)
fanout1079/X                            0.750000    0.798652   -0.048652 (VIOLATED)
_10154_/A_N                             0.750000    0.798626   -0.048626 (VIOLATED)
_11152_/A2                              0.750000    0.798623   -0.048623 (VIOLATED)
_11399_/C                               0.750000    0.798621   -0.048621 (VIOLATED)
_11404_/A1                              0.750000    0.798619   -0.048619 (VIOLATED)
_10186_/A_N                             0.750000    0.798612   -0.048612 (VIOLATED)
_11297_/B2                              0.750000    0.798608   -0.048608 (VIOLATED)
_10644_/A2                              0.750000    0.798595   -0.048595 (VIOLATED)
fanout956/A                             0.750000    0.798595   -0.048595 (VIOLATED)
fanout957/X                             0.750000    0.798595   -0.048595 (VIOLATED)
_17241_/A                               0.750000    0.798476   -0.048476 (VIOLATED)
_16268_/A                               0.750000    0.798476   -0.048476 (VIOLATED)
_16536_/A                               0.750000    0.798474   -0.048474 (VIOLATED)
_16523_/A1                              0.750000    0.798471   -0.048471 (VIOLATED)
_09486_/A                               0.750000    0.798471   -0.048471 (VIOLATED)
_16311_/A                               0.750000    0.798471   -0.048471 (VIOLATED)
_16332_/A_N                             0.750000    0.798471   -0.048471 (VIOLATED)
_16333_/A_N                             0.750000    0.798471   -0.048471 (VIOLATED)
_16531_/B                               0.750000    0.798471   -0.048471 (VIOLATED)
_16532_/B                               0.750000    0.798471   -0.048471 (VIOLATED)
fanout1371/X                            0.750000    0.798471   -0.048471 (VIOLATED)
_12732_/A1                              0.750000    0.798410   -0.048410 (VIOLATED)
_13944_/B2                              0.750000    0.798410   -0.048410 (VIOLATED)
_12731_/A1                              0.750000    0.798410   -0.048410 (VIOLATED)
_13250_/A                               0.750000    0.798410   -0.048410 (VIOLATED)
_13252_/A                               0.750000    0.798408   -0.048408 (VIOLATED)
_13782_/A1                              0.750000    0.798407   -0.048407 (VIOLATED)
_12756_/B                               0.750000    0.798406   -0.048406 (VIOLATED)
_12710_/A                               0.750000    0.798406   -0.048406 (VIOLATED)
_12713_/A                               0.750000    0.798406   -0.048406 (VIOLATED)
_12722_/A                               0.750000    0.798406   -0.048406 (VIOLATED)
fanout1469/X                            0.750000    0.798406   -0.048406 (VIOLATED)
_10726_/B1                              0.750000    0.798362   -0.048362 (VIOLATED)
_10723_/B1                              0.750000    0.798362   -0.048362 (VIOLATED)
_10309_/A1                              0.750000    0.798361   -0.048361 (VIOLATED)
_11121_/A1                              0.750000    0.798360   -0.048360 (VIOLATED)
_10077_/A1                              0.750000    0.798360   -0.048360 (VIOLATED)
_10076_/A                               0.750000    0.798359   -0.048359 (VIOLATED)
_10046_/B                               0.750000    0.798359   -0.048359 (VIOLATED)
_10139_/A                               0.750000    0.798359   -0.048359 (VIOLATED)
_10326_/A                               0.750000    0.798359   -0.048359 (VIOLATED)
fanout1424/A                            0.750000    0.798359   -0.048359 (VIOLATED)
fanout1425/X                            0.750000    0.798359   -0.048359 (VIOLATED)
_11476_/Y                               0.750000    0.798051   -0.048051 (VIOLATED)
_11477_/B                               0.750000    0.798051   -0.048051 (VIOLATED)
_11624_/A2                              0.750000    0.798051   -0.048051 (VIOLATED)
_11643_/A_N                             0.750000    0.798051   -0.048051 (VIOLATED)
_11654_/A2                              0.750000    0.798051   -0.048051 (VIOLATED)
_12956_/B                               0.750000    0.798032   -0.048032 (VIOLATED)
_12957_/B                               0.750000    0.798032   -0.048032 (VIOLATED)
_12958_/B                               0.750000    0.798032   -0.048032 (VIOLATED)
_12966_/B                               0.750000    0.798032   -0.048032 (VIOLATED)
_12969_/A_N                             0.750000    0.798032   -0.048032 (VIOLATED)
_12976_/B                               0.750000    0.798032   -0.048032 (VIOLATED)
_12989_/B                               0.750000    0.798032   -0.048032 (VIOLATED)
_13002_/C_N                             0.750000    0.798032   -0.048032 (VIOLATED)
_13026_/A2                              0.750000    0.798032   -0.048032 (VIOLATED)
_13341_/B                               0.750000    0.798032   -0.048032 (VIOLATED)
fanout1240/X                            0.750000    0.798032   -0.048032 (VIOLATED)
_15889_/B                               0.750000    0.797733   -0.047733 (VIOLATED)
_15890_/B                               0.750000    0.797733   -0.047733 (VIOLATED)
_15898_/C_N                             0.750000    0.797733   -0.047733 (VIOLATED)
_15912_/B                               0.750000    0.797733   -0.047733 (VIOLATED)
_15915_/A2                              0.750000    0.797733   -0.047733 (VIOLATED)
_15923_/B                               0.750000    0.797733   -0.047733 (VIOLATED)
_15931_/B                               0.750000    0.797733   -0.047733 (VIOLATED)
_15950_/B                               0.750000    0.797733   -0.047733 (VIOLATED)
_15964_/B                               0.750000    0.797733   -0.047733 (VIOLATED)
_15965_/B                               0.750000    0.797733   -0.047733 (VIOLATED)
fanout1856/X                            0.750000    0.797733   -0.047733 (VIOLATED)
_09451_/A                               0.750000    0.797700   -0.047700 (VIOLATED)
_14726_/B1                              0.750000    0.797700   -0.047700 (VIOLATED)
_14731_/A1                              0.750000    0.797700   -0.047700 (VIOLATED)
_14739_/D1                              0.750000    0.797700   -0.047700 (VIOLATED)
_14760_/A1                              0.750000    0.797700   -0.047700 (VIOLATED)
_14907_/A                               0.750000    0.797700   -0.047700 (VIOLATED)
_14909_/A                               0.750000    0.797700   -0.047700 (VIOLATED)
_14919_/A1                              0.750000    0.797700   -0.047700 (VIOLATED)
_14924_/A                               0.750000    0.797700   -0.047700 (VIOLATED)
_14932_/C1                              0.750000    0.797700   -0.047700 (VIOLATED)
fanout1313/X                            0.750000    0.797700   -0.047700 (VIOLATED)
_09380_/A                               0.750000    0.797674   -0.047674 (VIOLATED)
_10351_/A1                              0.750000    0.797674   -0.047674 (VIOLATED)
_10594_/C1                              0.750000    0.797674   -0.047674 (VIOLATED)
_10781_/B1                              0.750000    0.797674   -0.047674 (VIOLATED)
_10785_/C1                              0.750000    0.797674   -0.047674 (VIOLATED)
_10796_/C1                              0.750000    0.797674   -0.047674 (VIOLATED)
_10886_/C1                              0.750000    0.797674   -0.047674 (VIOLATED)
_10905_/C1                              0.750000    0.797674   -0.047674 (VIOLATED)
_10907_/A                               0.750000    0.797674   -0.047674 (VIOLATED)
_17839_/A0                              0.750000    0.797674   -0.047674 (VIOLATED)
fanout1173/X                            0.750000    0.797674   -0.047674 (VIOLATED)
_10591_/A1                              0.750000    0.797539   -0.047539 (VIOLATED)
_10574_/C1                              0.750000    0.797539   -0.047539 (VIOLATED)
_10566_/B1                              0.750000    0.797538   -0.047538 (VIOLATED)
_10578_/A1                              0.750000    0.797538   -0.047538 (VIOLATED)
_11057_/C1                              0.750000    0.797537   -0.047537 (VIOLATED)
_10375_/C1                              0.750000    0.797537   -0.047537 (VIOLATED)
_11066_/A1                              0.750000    0.797534   -0.047534 (VIOLATED)
_10361_/B1                              0.750000    0.797532   -0.047532 (VIOLATED)
_10365_/A1                              0.750000    0.797532   -0.047532 (VIOLATED)
_11325_/C1                              0.750000    0.797532   -0.047532 (VIOLATED)
fanout1163/X                            0.750000    0.797532   -0.047532 (VIOLATED)
_12684_/Y                               0.750000    0.796772   -0.046772 (VIOLATED)
_12685_/B                               0.750000    0.796772   -0.046772 (VIOLATED)
_17936_/B                               0.750000    0.796772   -0.046772 (VIOLATED)
_18440_/A2                              0.750000    0.796500   -0.046500 (VIOLATED)
_18432_/A2                              0.750000    0.796499   -0.046500 (VIOLATED)
_18434_/A2                              0.750000    0.796499   -0.046500 (VIOLATED)
_18304_/B1                              0.750000    0.796498   -0.046498 (VIOLATED)
_18313_/A2                              0.750000    0.796498   -0.046498 (VIOLATED)
_18321_/A2                              0.750000    0.796498   -0.046498 (VIOLATED)
_18329_/A2                              0.750000    0.796498   -0.046498 (VIOLATED)
_18426_/A2                              0.750000    0.796498   -0.046498 (VIOLATED)
_18428_/A2                              0.750000    0.796498   -0.046498 (VIOLATED)
_18436_/A2                              0.750000    0.796498   -0.046498 (VIOLATED)
fanout195/X                             0.750000    0.796498   -0.046498 (VIOLATED)
_12290_/B                               0.750000    0.795803   -0.045803 (VIOLATED)
_12307_/A                               0.750000    0.795803   -0.045803 (VIOLATED)
_12329_/C1                              0.750000    0.795803   -0.045803 (VIOLATED)
_12349_/B1                              0.750000    0.795803   -0.045803 (VIOLATED)
_12508_/C1                              0.750000    0.795803   -0.045803 (VIOLATED)
_12517_/B                               0.750000    0.795803   -0.045803 (VIOLATED)
_12543_/C1                              0.750000    0.795803   -0.045803 (VIOLATED)
_12660_/C1                              0.750000    0.795803   -0.045803 (VIOLATED)
_12663_/C1                              0.750000    0.795803   -0.045803 (VIOLATED)
_12666_/C1                              0.750000    0.795803   -0.045803 (VIOLATED)
fanout971/X                             0.750000    0.795803   -0.045803 (VIOLATED)
_12065_/C1                              0.750000    0.795615   -0.045615 (VIOLATED)
_12068_/A1                              0.750000    0.795615   -0.045615 (VIOLATED)
_12079_/C1                              0.750000    0.795615   -0.045615 (VIOLATED)
_11974_/C1                              0.750000    0.795613   -0.045613 (VIOLATED)
_11999_/A1                              0.750000    0.795613   -0.045613 (VIOLATED)
_12036_/A1                              0.750000    0.795613   -0.045613 (VIOLATED)
_12071_/B1                              0.750000    0.795613   -0.045613 (VIOLATED)
_12074_/C1                              0.750000    0.795613   -0.045613 (VIOLATED)
_12116_/A1                              0.750000    0.795613   -0.045613 (VIOLATED)
_12235_/A1                              0.750000    0.795613   -0.045613 (VIOLATED)
fanout778/X                             0.750000    0.795613   -0.045613 (VIOLATED)
_13626_/A1_N                            0.750000    0.795603   -0.045603 (VIOLATED)
_13688_/C1                              0.750000    0.795603   -0.045603 (VIOLATED)
_13128_/C1                              0.750000    0.795602   -0.045602 (VIOLATED)
_13683_/A                               0.750000    0.795602   -0.045602 (VIOLATED)
_13180_/B1                              0.750000    0.795601   -0.045601 (VIOLATED)
_13434_/A                               0.750000    0.795601   -0.045601 (VIOLATED)
_13435_/A1                              0.750000    0.795601   -0.045601 (VIOLATED)
_13606_/B1                              0.750000    0.795601   -0.045601 (VIOLATED)
_13607_/A1_N                            0.750000    0.795601   -0.045601 (VIOLATED)
_13830_/B1                              0.750000    0.795601   -0.045601 (VIOLATED)
fanout1494/X                            0.750000    0.795601   -0.045601 (VIOLATED)
_17209_/B1                              0.750000    0.795456   -0.045456 (VIOLATED)
_17222_/S0                              0.750000    0.795450   -0.045450 (VIOLATED)
_16868_/B1                              0.750000    0.795450   -0.045450 (VIOLATED)
fanout1110/A                            0.750000    0.795449   -0.045449 (VIOLATED)
fanout1112/A                            0.750000    0.795449   -0.045449 (VIOLATED)
fanout1113/X                            0.750000    0.795449   -0.045449 (VIOLATED)
_12949_/A                               0.750000    0.795402   -0.045402 (VIOLATED)
_14096_/A1                              0.750000    0.795402   -0.045402 (VIOLATED)
_13296_/A1                              0.750000    0.795402   -0.045402 (VIOLATED)
_12850_/A                               0.750000    0.795401   -0.045401 (VIOLATED)
_14101_/A1                              0.750000    0.795401   -0.045401 (VIOLATED)
_12843_/B                               0.750000    0.795401   -0.045401 (VIOLATED)
_12845_/A                               0.750000    0.795401   -0.045401 (VIOLATED)
_12878_/A1                              0.750000    0.795401   -0.045401 (VIOLATED)
_12883_/A                               0.750000    0.795401   -0.045401 (VIOLATED)
_13631_/A                               0.750000    0.795401   -0.045401 (VIOLATED)
fanout1759/X                            0.750000    0.795401   -0.045401 (VIOLATED)
_17861_/A2                              0.750000    0.795341   -0.045341 (VIOLATED)
_17873_/A2                              0.750000    0.795341   -0.045341 (VIOLATED)
_17881_/A2                              0.750000    0.795341   -0.045341 (VIOLATED)
_17912_/A2                              0.750000    0.795341   -0.045341 (VIOLATED)
_18122_/A2                              0.750000    0.795341   -0.045341 (VIOLATED)
_18129_/A2                              0.750000    0.795341   -0.045341 (VIOLATED)
_18131_/A2                              0.750000    0.795341   -0.045341 (VIOLATED)
_18147_/B2                              0.750000    0.795341   -0.045341 (VIOLATED)
_18149_/B2                              0.750000    0.795341   -0.045341 (VIOLATED)
_18150_/B1                              0.750000    0.795341   -0.045341 (VIOLATED)
fanout643/X                             0.750000    0.795341   -0.045341 (VIOLATED)
_18158_/A                               0.750000    0.794882   -0.044882 (VIOLATED)
input4/X                                0.750000    0.794875   -0.044875 (VIOLATED)
_12997_/A                               0.750000    0.793959   -0.043959 (VIOLATED)
_12995_/A2                              0.750000    0.793959   -0.043959 (VIOLATED)
_13033_/B2                              0.750000    0.793958   -0.043958 (VIOLATED)
_12983_/B                               0.750000    0.793958   -0.043958 (VIOLATED)
_12984_/B                               0.750000    0.793957   -0.043957 (VIOLATED)
_12965_/A                               0.750000    0.793957   -0.043957 (VIOLATED)
_13034_/A                               0.750000    0.793957   -0.043957 (VIOLATED)
fanout1244/X                            0.750000    0.793957   -0.043957 (VIOLATED)
_16126_/A                               0.750000    0.793590   -0.043590 (VIOLATED)
_16133_/B1                              0.750000    0.793590   -0.043590 (VIOLATED)
_16199_/C1                              0.750000    0.793590   -0.043590 (VIOLATED)
_16474_/A1                              0.750000    0.793590   -0.043590 (VIOLATED)
_16475_/B1                              0.750000    0.793590   -0.043590 (VIOLATED)
_16685_/A1                              0.750000    0.793590   -0.043590 (VIOLATED)
_16698_/B2                              0.750000    0.793590   -0.043590 (VIOLATED)
_16786_/A1                              0.750000    0.793590   -0.043590 (VIOLATED)
_16789_/A1                              0.750000    0.793590   -0.043590 (VIOLATED)
_16793_/A1                              0.750000    0.793590   -0.043590 (VIOLATED)
fanout647/X                             0.750000    0.793590   -0.043590 (VIOLATED)
_11360_/A1                              0.750000    0.793203   -0.043203 (VIOLATED)
_11367_/A                               0.750000    0.793202   -0.043202 (VIOLATED)
_10125_/C1                              0.750000    0.793202   -0.043202 (VIOLATED)
_10319_/B1                              0.750000    0.793200   -0.043200 (VIOLATED)
_10088_/B1                              0.750000    0.793198   -0.043198 (VIOLATED)
_10108_/C1                              0.750000    0.793198   -0.043198 (VIOLATED)
_10616_/C1                              0.750000    0.793198   -0.043198 (VIOLATED)
_10622_/B1                              0.750000    0.793198   -0.043198 (VIOLATED)
_10636_/B2                              0.750000    0.793198   -0.043198 (VIOLATED)
_11130_/C1                              0.750000    0.793198   -0.043198 (VIOLATED)
fanout1399/X                            0.750000    0.793198   -0.043198 (VIOLATED)
_13519_/A1                              0.750000    0.792457   -0.042457 (VIOLATED)
_10593_/A2                              0.750000    0.792307   -0.042307 (VIOLATED)
_11323_/B1                              0.750000    0.792307   -0.042307 (VIOLATED)
_10892_/A3                              0.750000    0.792306   -0.042306 (VIOLATED)
_10588_/A2                              0.750000    0.792299   -0.042299 (VIOLATED)
_11055_/A2                              0.750000    0.792295   -0.042295 (VIOLATED)
_10587_/Y                               0.750000    0.792292   -0.042292 (VIOLATED)
_13369_/Y                               0.750000    0.792251   -0.042251 (VIOLATED)
_13380_/B1                              0.750000    0.792251   -0.042251 (VIOLATED)
_14005_/A2                              0.750000    0.792251   -0.042251 (VIOLATED)
_14053_/A1                              0.750000    0.792251   -0.042251 (VIOLATED)
_14068_/A1                              0.750000    0.792251   -0.042251 (VIOLATED)
_12980_/C1                              0.750000    0.792193   -0.042193 (VIOLATED)
_13003_/B1                              0.750000    0.792193   -0.042193 (VIOLATED)
_13012_/A1                              0.750000    0.792193   -0.042193 (VIOLATED)
_13020_/A1                              0.750000    0.792193   -0.042193 (VIOLATED)
_13037_/B1                              0.750000    0.792193   -0.042193 (VIOLATED)
_13497_/A                               0.750000    0.792193   -0.042193 (VIOLATED)
_13522_/C1                              0.750000    0.792193   -0.042193 (VIOLATED)
_13570_/B1                              0.750000    0.792193   -0.042193 (VIOLATED)
_13901_/C1                              0.750000    0.792193   -0.042193 (VIOLATED)
_13990_/C1                              0.750000    0.792193   -0.042193 (VIOLATED)
fanout729/X                             0.750000    0.792193   -0.042193 (VIOLATED)
_16926_/B1                              0.750000    0.792136   -0.042136 (VIOLATED)
_17107_/B1                              0.750000    0.792136   -0.042136 (VIOLATED)
_17102_/A1                              0.750000    0.792134   -0.042134 (VIOLATED)
_17233_/C1                              0.750000    0.792133   -0.042133 (VIOLATED)
_16836_/A                               0.750000    0.792132   -0.042132 (VIOLATED)
_16519_/A                               0.750000    0.792132   -0.042132 (VIOLATED)
_16916_/B2                              0.750000    0.792132   -0.042132 (VIOLATED)
_16523_/B1                              0.750000    0.792131   -0.042131 (VIOLATED)
_16533_/A                               0.750000    0.792131   -0.042131 (VIOLATED)
_16914_/A                               0.750000    0.792131   -0.042131 (VIOLATED)
fanout661/X                             0.750000    0.792131   -0.042131 (VIOLATED)
_12596_/A1                              0.750000    0.791626   -0.041626 (VIOLATED)
_12395_/A                               0.750000    0.791626   -0.041626 (VIOLATED)
fanout997/A                             0.750000    0.791624   -0.041624 (VIOLATED)
_12499_/A1                              0.750000    0.791624   -0.041624 (VIOLATED)
fanout993/A                             0.750000    0.791624   -0.041624 (VIOLATED)
fanout999/X                             0.750000    0.791624   -0.041624 (VIOLATED)
_12373_/A                               0.750000    0.791395   -0.041396 (VIOLATED)
_12414_/B1                              0.750000    0.791395   -0.041396 (VIOLATED)
_12530_/A1                              0.750000    0.791395   -0.041396 (VIOLATED)
_12551_/B1                              0.750000    0.791395   -0.041396 (VIOLATED)
_12642_/C1                              0.750000    0.791395   -0.041396 (VIOLATED)
_12662_/A                               0.750000    0.791395   -0.041396 (VIOLATED)
_12664_/C1                              0.750000    0.791395   -0.041396 (VIOLATED)
_12671_/S1                              0.750000    0.791395   -0.041396 (VIOLATED)
_12675_/B1                              0.750000    0.791395   -0.041396 (VIOLATED)
_12677_/A1                              0.750000    0.791395   -0.041396 (VIOLATED)
fanout763/X                             0.750000    0.791395   -0.041396 (VIOLATED)
_12884_/B                               0.750000    0.791279   -0.041279 (VIOLATED)
_12899_/A                               0.750000    0.791279   -0.041279 (VIOLATED)
_12900_/A                               0.750000    0.791279   -0.041279 (VIOLATED)
_12903_/A_N                             0.750000    0.791279   -0.041279 (VIOLATED)
_12909_/A2                              0.750000    0.791279   -0.041279 (VIOLATED)
_13457_/A1                              0.750000    0.791279   -0.041279 (VIOLATED)
fanout1764/A                            0.750000    0.791279   -0.041279 (VIOLATED)
fanout1765/X                            0.750000    0.791279   -0.041279 (VIOLATED)
_14267_/A_N                             0.750000    0.790916   -0.040916 (VIOLATED)
_14272_/B                               0.750000    0.790916   -0.040916 (VIOLATED)
_14292_/A                               0.750000    0.790916   -0.040916 (VIOLATED)
_14293_/A                               0.750000    0.790916   -0.040916 (VIOLATED)
_14301_/A1                              0.750000    0.790916   -0.040916 (VIOLATED)
_14333_/A                               0.750000    0.790916   -0.040916 (VIOLATED)
_14336_/A                               0.750000    0.790916   -0.040916 (VIOLATED)
_14778_/A1                              0.750000    0.790916   -0.040916 (VIOLATED)
_14780_/A1                              0.750000    0.790916   -0.040916 (VIOLATED)
_14797_/A1                              0.750000    0.790916   -0.040916 (VIOLATED)
fanout1280/X                            0.750000    0.790916   -0.040916 (VIOLATED)
_16306_/A                               0.750000    0.790640   -0.040640 (VIOLATED)
_16312_/C1                              0.750000    0.790640   -0.040640 (VIOLATED)
_16337_/A1                              0.750000    0.790640   -0.040640 (VIOLATED)
_16911_/B1                              0.750000    0.790640   -0.040640 (VIOLATED)
_17226_/A1                              0.750000    0.790640   -0.040640 (VIOLATED)
_17229_/A                               0.750000    0.790640   -0.040640 (VIOLATED)
_17230_/A1                              0.750000    0.790640   -0.040640 (VIOLATED)
_17242_/B1                              0.750000    0.790640   -0.040640 (VIOLATED)
_17270_/A1                              0.750000    0.790640   -0.040640 (VIOLATED)
fanout1363/A                            0.750000    0.790640   -0.040640 (VIOLATED)
fanout1364/X                            0.750000    0.790640   -0.040640 (VIOLATED)
_10438_/B1                              0.750000    0.790406   -0.040406 (VIOLATED)
_10470_/B1                              0.750000    0.790406   -0.040406 (VIOLATED)
_10647_/C1                              0.750000    0.790406   -0.040406 (VIOLATED)
_10660_/C1                              0.750000    0.790406   -0.040406 (VIOLATED)
_10666_/A1                              0.750000    0.790406   -0.040406 (VIOLATED)
_10671_/A1                              0.750000    0.790406   -0.040406 (VIOLATED)
_10676_/A1                              0.750000    0.790406   -0.040406 (VIOLATED)
_10824_/A1                              0.750000    0.790406   -0.040406 (VIOLATED)
_11137_/C1                              0.750000    0.790406   -0.040406 (VIOLATED)
_11402_/C1                              0.750000    0.790406   -0.040406 (VIOLATED)
fanout914/X                             0.750000    0.790406   -0.040406 (VIOLATED)
_18032_/B1                              0.750000    0.789807   -0.039807 (VIOLATED)
_17892_/B1                              0.750000    0.789806   -0.039806 (VIOLATED)
_17898_/B1                              0.750000    0.789794   -0.039794 (VIOLATED)
fanout292/A                             0.750000    0.789785   -0.039785 (VIOLATED)
fanout290/A                             0.750000    0.789749   -0.039749 (VIOLATED)
fanout294/X                             0.750000    0.789749   -0.039749 (VIOLATED)
_10062_/B                               0.750000    0.789553   -0.039553 (VIOLATED)
_09387_/A                               0.750000    0.789553   -0.039553 (VIOLATED)
_10043_/A                               0.750000    0.789553   -0.039553 (VIOLATED)
_10047_/B                               0.750000    0.789553   -0.039553 (VIOLATED)
_10051_/A1                              0.750000    0.789553   -0.039553 (VIOLATED)
_10056_/B                               0.750000    0.789553   -0.039553 (VIOLATED)
_10092_/A                               0.750000    0.789553   -0.039553 (VIOLATED)
_10611_/A1                              0.750000    0.789553   -0.039553 (VIOLATED)
_10946_/A1                              0.750000    0.789553   -0.039553 (VIOLATED)
_11362_/A1                              0.750000    0.789553   -0.039553 (VIOLATED)
fanout1416/X                            0.750000    0.789553   -0.039553 (VIOLATED)
_14867_/A1                              0.750000    0.789491   -0.039491 (VIOLATED)
_14886_/A1                              0.750000    0.789491   -0.039491 (VIOLATED)
_14506_/A                               0.750000    0.789490   -0.039490 (VIOLATED)
fanout1793/A                            0.750000    0.789484   -0.039484 (VIOLATED)
fanout1794/A                            0.750000    0.789484   -0.039484 (VIOLATED)
fanout1795/A                            0.750000    0.789484   -0.039484 (VIOLATED)
fanout1796/X                            0.750000    0.789484   -0.039484 (VIOLATED)
_11979_/A2                              0.750000    0.789352   -0.039352 (VIOLATED)
_12123_/A1                              0.750000    0.789348   -0.039348 (VIOLATED)
max_cap495/A                            0.750000    0.789346   -0.039346 (VIOLATED)
_12200_/A2                              0.750000    0.789344   -0.039345 (VIOLATED)
_12717_/Y                               0.750000    0.789324   -0.039324 (VIOLATED)
_12797_/A1                              0.750000    0.789324   -0.039324 (VIOLATED)
_12814_/B                               0.750000    0.789324   -0.039324 (VIOLATED)
_12819_/C                               0.750000    0.789324   -0.039324 (VIOLATED)
_13401_/A1                              0.750000    0.789324   -0.039324 (VIOLATED)
_13549_/C                               0.750000    0.789324   -0.039324 (VIOLATED)
_13931_/C                               0.750000    0.789324   -0.039324 (VIOLATED)
_11925_/Y                               0.750000    0.789088   -0.039088 (VIOLATED)
_11960_/B                               0.750000    0.789088   -0.039088 (VIOLATED)
_12078_/A2                              0.750000    0.789088   -0.039088 (VIOLATED)
_12340_/A                               0.750000    0.788772   -0.038772 (VIOLATED)
_12339_/A                               0.750000    0.788770   -0.038770 (VIOLATED)
_12399_/A                               0.750000    0.788767   -0.038767 (VIOLATED)
_12545_/A                               0.750000    0.788767   -0.038767 (VIOLATED)
_12499_/C1                              0.750000    0.788766   -0.038766 (VIOLATED)
_12311_/B                               0.750000    0.788764   -0.038764 (VIOLATED)
_12291_/A                               0.750000    0.788763   -0.038763 (VIOLATED)
_12320_/B                               0.750000    0.788763   -0.038763 (VIOLATED)
_12518_/A1                              0.750000    0.788763   -0.038763 (VIOLATED)
_12634_/A                               0.750000    0.788763   -0.038763 (VIOLATED)
fanout984/X                             0.750000    0.788763   -0.038763 (VIOLATED)
_14319_/A                               0.750000    0.788506   -0.038506 (VIOLATED)
_14331_/A1                              0.750000    0.788506   -0.038506 (VIOLATED)
_14345_/B1                              0.750000    0.788506   -0.038506 (VIOLATED)
_14357_/A1                              0.750000    0.788506   -0.038506 (VIOLATED)
_14767_/A                               0.750000    0.788506   -0.038506 (VIOLATED)
_14768_/A                               0.750000    0.788506   -0.038506 (VIOLATED)
_14811_/C1                              0.750000    0.788506   -0.038506 (VIOLATED)
_14951_/B1                              0.750000    0.788506   -0.038506 (VIOLATED)
_14958_/A1                              0.750000    0.788506   -0.038506 (VIOLATED)
_15406_/A                               0.750000    0.788506   -0.038506 (VIOLATED)
fanout716/X                             0.750000    0.788506   -0.038506 (VIOLATED)
_09795_/B1                              0.750000    0.788387   -0.038387 (VIOLATED)
_09819_/B2                              0.750000    0.788387   -0.038387 (VIOLATED)
_09835_/A1                              0.750000    0.788387   -0.038387 (VIOLATED)
_09863_/A                               0.750000    0.788387   -0.038387 (VIOLATED)
_09866_/C1                              0.750000    0.788387   -0.038387 (VIOLATED)
_10370_/A1                              0.750000    0.788387   -0.038387 (VIOLATED)
_10791_/A1                              0.750000    0.788387   -0.038387 (VIOLATED)
_10891_/B1                              0.750000    0.788387   -0.038387 (VIOLATED)
_10892_/A1                              0.750000    0.788387   -0.038387 (VIOLATED)
_11049_/A1                              0.750000    0.788387   -0.038387 (VIOLATED)
fanout1172/X                            0.750000    0.788387   -0.038387 (VIOLATED)
_10738_/C                               0.750000    0.788103   -0.038103 (VIOLATED)
_10330_/A                               0.750000    0.788101   -0.038101 (VIOLATED)
_10053_/B                               0.750000    0.788098   -0.038098 (VIOLATED)
_10041_/B                               0.750000    0.788093   -0.038093 (VIOLATED)
_10047_/A_N                             0.750000    0.788093   -0.038093 (VIOLATED)
_10030_/B                               0.750000    0.788091   -0.038091 (VIOLATED)
_10035_/A_N                             0.750000    0.788088   -0.038088 (VIOLATED)
_10960_/A                               0.750000    0.788087   -0.038087 (VIOLATED)
_10052_/B                               0.750000    0.788078   -0.038078 (VIOLATED)
_10109_/C                               0.750000    0.788078   -0.038078 (VIOLATED)
fanout1432/X                            0.750000    0.788078   -0.038078 (VIOLATED)
_09564_/A2                              0.750000    0.787645   -0.037645 (VIOLATED)
_09604_/A2                              0.750000    0.787645   -0.037645 (VIOLATED)
_09573_/A2                              0.750000    0.787635   -0.037635 (VIOLATED)
_09544_/A2                              0.750000    0.787627   -0.037627 (VIOLATED)
_09612_/A2                              0.750000    0.787613   -0.037613 (VIOLATED)
_09592_/A2                              0.750000    0.787594   -0.037594 (VIOLATED)
_09582_/A2                              0.750000    0.787593   -0.037593 (VIOLATED)
_09549_/A2                              0.750000    0.787590   -0.037590 (VIOLATED)
_09520_/X                               0.750000    0.787589   -0.037589 (VIOLATED)
_18723_/B                               0.750000    0.787589   -0.037589 (VIOLATED)
_18724_/A1                              0.750000    0.787589   -0.037589 (VIOLATED)
_16796_/A1                              0.750000    0.787547   -0.037547 (VIOLATED)
_16503_/A                               0.750000    0.787546   -0.037546 (VIOLATED)
_16159_/B                               0.750000    0.787546   -0.037546 (VIOLATED)
_16674_/B                               0.750000    0.787545   -0.037545 (VIOLATED)
_16157_/B2                              0.750000    0.787544   -0.037544 (VIOLATED)
_16975_/A1                              0.750000    0.787544   -0.037544 (VIOLATED)
_16100_/A                               0.750000    0.787542   -0.037542 (VIOLATED)
_16158_/B                               0.750000    0.787542   -0.037542 (VIOLATED)
_16691_/A1                              0.750000    0.787542   -0.037542 (VIOLATED)
_17188_/A1                              0.750000    0.787542   -0.037542 (VIOLATED)
fanout1605/X                            0.750000    0.787542   -0.037542 (VIOLATED)
fanout1615/A                            0.750000    0.787132   -0.037132 (VIOLATED)
_11349_/A1                              0.750000    0.786658   -0.036658 (VIOLATED)
_10949_/B2                              0.750000    0.786658   -0.036658 (VIOLATED)
_11370_/A1                              0.750000    0.786658   -0.036658 (VIOLATED)
_11118_/A1                              0.750000    0.786657   -0.036657 (VIOLATED)
_11252_/A1                              0.750000    0.786655   -0.036655 (VIOLATED)
_10041_/Y                               0.750000    0.786650   -0.036650 (VIOLATED)
_10313_/B1                              0.750000    0.786650   -0.036650 (VIOLATED)
_10946_/A3                              0.750000    0.786650   -0.036650 (VIOLATED)
_18057_/B1                              0.750000    0.786481   -0.036481 (VIOLATED)
_17886_/B1                              0.750000    0.786479   -0.036479 (VIOLATED)
_17878_/B1                              0.750000    0.786477   -0.036477 (VIOLATED)
fanout318/A                             0.750000    0.786472   -0.036472 (VIOLATED)
fanout313/A                             0.750000    0.786458   -0.036458 (VIOLATED)
fanout315/A                             0.750000    0.786458   -0.036458 (VIOLATED)
fanout319/X                             0.750000    0.786458   -0.036458 (VIOLATED)
_17607_/A0                              0.750000    0.786210   -0.036210 (VIOLATED)
_18904_/Q                               0.750000    0.786210   -0.036210 (VIOLATED)
_14382_/A_N                             0.750000    0.786132   -0.036132 (VIOLATED)
_14386_/A                               0.750000    0.786132   -0.036132 (VIOLATED)
_14393_/B                               0.750000    0.786132   -0.036132 (VIOLATED)
_14403_/A1                              0.750000    0.786132   -0.036132 (VIOLATED)
_14407_/A                               0.750000    0.786132   -0.036132 (VIOLATED)
_14413_/A                               0.750000    0.786132   -0.036132 (VIOLATED)
_14414_/B                               0.750000    0.786132   -0.036132 (VIOLATED)
_14418_/B                               0.750000    0.786132   -0.036132 (VIOLATED)
_14423_/A1                              0.750000    0.786132   -0.036132 (VIOLATED)
_14454_/B                               0.750000    0.786132   -0.036132 (VIOLATED)
fanout1348/X                            0.750000    0.786132   -0.036132 (VIOLATED)
_14521_/Y                               0.750000    0.785830   -0.035830 (VIOLATED)
_14551_/B                               0.750000    0.785830   -0.035830 (VIOLATED)
_14590_/C                               0.750000    0.785830   -0.035830 (VIOLATED)
_15437_/B                               0.750000    0.785830   -0.035830 (VIOLATED)
max_cap434/A                            0.750000    0.785830   -0.035830 (VIOLATED)
_11891_/A                               0.750000    0.785733   -0.035733 (VIOLATED)
_11844_/B                               0.750000    0.785732   -0.035732 (VIOLATED)
_11861_/B                               0.750000    0.785732   -0.035732 (VIOLATED)
_11859_/B                               0.750000    0.785731   -0.035731 (VIOLATED)
_11873_/A                               0.750000    0.785730   -0.035730 (VIOLATED)
_11864_/B                               0.750000    0.785729   -0.035729 (VIOLATED)
_11841_/A_N                             0.750000    0.785727   -0.035727 (VIOLATED)
_11853_/A_N                             0.750000    0.785727   -0.035727 (VIOLATED)
_11913_/A2                              0.750000    0.785727   -0.035727 (VIOLATED)
_12023_/B                               0.750000    0.785727   -0.035727 (VIOLATED)
fanout1051/X                            0.750000    0.785727   -0.035727 (VIOLATED)
_12705_/A_N                             0.750000    0.785694   -0.035694 (VIOLATED)
_12728_/A                               0.750000    0.785693   -0.035693 (VIOLATED)
_12743_/A                               0.750000    0.785692   -0.035692 (VIOLATED)
_12687_/A                               0.750000    0.785689   -0.035690 (VIOLATED)
_12698_/B                               0.750000    0.785689   -0.035689 (VIOLATED)
_12691_/A                               0.750000    0.785686   -0.035686 (VIOLATED)
fanout1474/A                            0.750000    0.785686   -0.035686 (VIOLATED)
fanout1475/A                            0.750000    0.785686   -0.035686 (VIOLATED)
fanout1476/X                            0.750000    0.785686   -0.035686 (VIOLATED)
_12491_/A                               0.750000    0.785297   -0.035297 (VIOLATED)
_12446_/X                               0.750000    0.785279   -0.035279 (VIOLATED)
_09805_/A                               0.750000    0.785254   -0.035255 (VIOLATED)
_09828_/B1                              0.750000    0.785254   -0.035255 (VIOLATED)
_09829_/A1                              0.750000    0.785254   -0.035255 (VIOLATED)
_09870_/C1                              0.750000    0.785254   -0.035255 (VIOLATED)
_09872_/A                               0.750000    0.785254   -0.035255 (VIOLATED)
_10580_/B1                              0.750000    0.785254   -0.035255 (VIOLATED)
_10788_/C1                              0.750000    0.785254   -0.035255 (VIOLATED)
_10790_/C1                              0.750000    0.785254   -0.035255 (VIOLATED)
_10893_/B1                              0.750000    0.785254   -0.035255 (VIOLATED)
_11221_/A1                              0.750000    0.785254   -0.035255 (VIOLATED)
fanout1171/X                            0.750000    0.785254   -0.035255 (VIOLATED)
_18412_/A1                              0.750000    0.784506   -0.034506 (VIOLATED)
_17776_/A1                              0.750000    0.784414   -0.034414 (VIOLATED)
_17777_/A1                              0.750000    0.784414   -0.034414 (VIOLATED)
_18402_/A1                              0.750000    0.784414   -0.034414 (VIOLATED)
_19355_/Q                               0.750000    0.784414   -0.034414 (VIOLATED)
_14658_/B                               0.750000    0.784328   -0.034328 (VIOLATED)
_15345_/A2                              0.750000    0.784327   -0.034327 (VIOLATED)
_14635_/A                               0.750000    0.784326   -0.034326 (VIOLATED)
_14663_/A_N                             0.750000    0.784324   -0.034324 (VIOLATED)
_15673_/B2                              0.750000    0.784323   -0.034323 (VIOLATED)
_14671_/B                               0.750000    0.784319   -0.034319 (VIOLATED)
_14654_/B                               0.750000    0.784319   -0.034319 (VIOLATED)
_14665_/A1                              0.750000    0.784318   -0.034318 (VIOLATED)
_15597_/A                               0.750000    0.784318   -0.034318 (VIOLATED)
_15600_/A1                              0.750000    0.784318   -0.034318 (VIOLATED)
fanout1553/X                            0.750000    0.784318   -0.034318 (VIOLATED)
_14364_/A1                              0.750000    0.784294   -0.034294 (VIOLATED)
_15005_/C1                              0.750000    0.784294   -0.034294 (VIOLATED)
_15165_/S                               0.750000    0.784294   -0.034294 (VIOLATED)
_15169_/C1                              0.750000    0.784294   -0.034294 (VIOLATED)
_15410_/A1                              0.750000    0.784294   -0.034294 (VIOLATED)
_15416_/C1                              0.750000    0.784294   -0.034294 (VIOLATED)
_15418_/A2                              0.750000    0.784294   -0.034294 (VIOLATED)
_15420_/C1                              0.750000    0.784294   -0.034294 (VIOLATED)
_15427_/B1                              0.750000    0.784294   -0.034294 (VIOLATED)
_15534_/C1                              0.750000    0.784294   -0.034294 (VIOLATED)
fanout715/X                             0.750000    0.784294   -0.034294 (VIOLATED)
_12096_/A                               0.750000    0.784165   -0.034165 (VIOLATED)
_12306_/A                               0.750000    0.784165   -0.034165 (VIOLATED)
_12327_/A                               0.750000    0.784165   -0.034165 (VIOLATED)
_12415_/A                               0.750000    0.784165   -0.034165 (VIOLATED)
_12448_/A                               0.750000    0.784165   -0.034165 (VIOLATED)
_12454_/A1                              0.750000    0.784165   -0.034165 (VIOLATED)
_12455_/A                               0.750000    0.784165   -0.034165 (VIOLATED)
_12515_/A                               0.750000    0.784165   -0.034165 (VIOLATED)
_12527_/A1                              0.750000    0.784165   -0.034165 (VIOLATED)
_12541_/A1                              0.750000    0.784165   -0.034165 (VIOLATED)
fanout772/X                             0.750000    0.784165   -0.034165 (VIOLATED)
fanout978/A                             0.750000    0.783981   -0.033981 (VIOLATED)
ANTENNA_285/DIODE                       0.750000    0.783978   -0.033978 (VIOLATED)
_13749_/A1                              0.750000    0.783933   -0.033933 (VIOLATED)
_13343_/A1                              0.750000    0.783933   -0.033933 (VIOLATED)
_13741_/A2                              0.750000    0.783929   -0.033929 (VIOLATED)
_13362_/B                               0.750000    0.783928   -0.033928 (VIOLATED)
_13379_/C                               0.750000    0.783924   -0.033924 (VIOLATED)
fanout1245/A                            0.750000    0.783921   -0.033921 (VIOLATED)
fanout1246/A                            0.750000    0.783921   -0.033921 (VIOLATED)
fanout1247/X                            0.750000    0.783921   -0.033921 (VIOLATED)
_11443_/X                               0.750000    0.783842   -0.033842 (VIOLATED)
_11452_/B                               0.750000    0.783842   -0.033842 (VIOLATED)
_11501_/A3                              0.750000    0.783842   -0.033842 (VIOLATED)
_11537_/A2                              0.750000    0.783842   -0.033842 (VIOLATED)
_11601_/B                               0.750000    0.783842   -0.033842 (VIOLATED)
_11641_/A2                              0.750000    0.783842   -0.033842 (VIOLATED)
_11642_/A2                              0.750000    0.783842   -0.033842 (VIOLATED)
_11698_/A4                              0.750000    0.783842   -0.033842 (VIOLATED)
_11769_/A2                              0.750000    0.783842   -0.033842 (VIOLATED)
_12137_/A                               0.750000    0.783694   -0.033694 (VIOLATED)
_17915_/A1                              0.750000    0.783694   -0.033694 (VIOLATED)
_19010_/Q                               0.750000    0.783694   -0.033694 (VIOLATED)
_13684_/B1                              0.750000    0.783567   -0.033567 (VIOLATED)
_13120_/A1                              0.750000    0.783567   -0.033567 (VIOLATED)
_13123_/B1                              0.750000    0.783567   -0.033567 (VIOLATED)
_13175_/A                               0.750000    0.783567   -0.033567 (VIOLATED)
_13191_/A1                              0.750000    0.783567   -0.033567 (VIOLATED)
_13199_/A                               0.750000    0.783567   -0.033567 (VIOLATED)
_13206_/A                               0.750000    0.783567   -0.033567 (VIOLATED)
_13207_/A1                              0.750000    0.783567   -0.033567 (VIOLATED)
_13287_/C1                              0.750000    0.783567   -0.033567 (VIOLATED)
_13290_/C1                              0.750000    0.783567   -0.033567 (VIOLATED)
fanout1498/X                            0.750000    0.783567   -0.033567 (VIOLATED)
_18365_/A2                              0.750000    0.783375   -0.033375 (VIOLATED)
_18357_/A2                              0.750000    0.783375   -0.033375 (VIOLATED)
_18373_/A2                              0.750000    0.783374   -0.033374 (VIOLATED)
_18381_/A2                              0.750000    0.783374   -0.033374 (VIOLATED)
_18389_/A2                              0.750000    0.783374   -0.033374 (VIOLATED)
_18354_/A2                              0.750000    0.783373   -0.033373 (VIOLATED)
_18362_/A2                              0.750000    0.783373   -0.033373 (VIOLATED)
_18370_/A2                              0.750000    0.783373   -0.033373 (VIOLATED)
_18378_/A2                              0.750000    0.783373   -0.033373 (VIOLATED)
_18397_/A2                              0.750000    0.783373   -0.033373 (VIOLATED)
fanout179/X                             0.750000    0.783373   -0.033373 (VIOLATED)
_18160_/A                               0.750000    0.783100   -0.033100 (VIOLATED)
input5/X                                0.750000    0.783090   -0.033090 (VIOLATED)
_10043_/Y                               0.750000    0.783013   -0.033013 (VIOLATED)
_10070_/C1                              0.750000    0.783013   -0.033013 (VIOLATED)
_10119_/A1                              0.750000    0.783013   -0.033013 (VIOLATED)
_10607_/A1                              0.750000    0.783013   -0.033013 (VIOLATED)
_10612_/A                               0.750000    0.783013   -0.033013 (VIOLATED)
_10627_/B                               0.750000    0.783013   -0.033013 (VIOLATED)
_10714_/A1                              0.750000    0.783013   -0.033013 (VIOLATED)
_10719_/A_N                             0.750000    0.783013   -0.033013 (VIOLATED)
_18589_/B1                              0.750000    0.782321   -0.032321 (VIOLATED)
_18605_/B1                              0.750000    0.782320   -0.032320 (VIOLATED)
_18629_/B1                              0.750000    0.782316   -0.032316 (VIOLATED)
_18627_/B1                              0.750000    0.782315   -0.032315 (VIOLATED)
_18573_/B1                              0.750000    0.782313   -0.032313 (VIOLATED)
_18579_/B1                              0.750000    0.782311   -0.032311 (VIOLATED)
_18611_/B1                              0.750000    0.782311   -0.032311 (VIOLATED)
_18547_/B1                              0.750000    0.782310   -0.032310 (VIOLATED)
_18557_/B1                              0.750000    0.782310   -0.032310 (VIOLATED)
_18563_/B1                              0.750000    0.782310   -0.032310 (VIOLATED)
fanout355/X                             0.750000    0.782310   -0.032310 (VIOLATED)
_14286_/A                               0.750000    0.782214   -0.032214 (VIOLATED)
_14322_/B1                              0.750000    0.782214   -0.032214 (VIOLATED)
_14353_/A                               0.750000    0.782214   -0.032214 (VIOLATED)
_14810_/A1                              0.750000    0.782214   -0.032214 (VIOLATED)
_14949_/A1                              0.750000    0.782214   -0.032214 (VIOLATED)
_14965_/A                               0.750000    0.782214   -0.032214 (VIOLATED)
_14997_/A                               0.750000    0.782214   -0.032214 (VIOLATED)
_15161_/A1                              0.750000    0.782214   -0.032214 (VIOLATED)
_15531_/A1                              0.750000    0.782214   -0.032214 (VIOLATED)
fanout1272/A                            0.750000    0.782214   -0.032214 (VIOLATED)
fanout1273/X                            0.750000    0.782214   -0.032214 (VIOLATED)
_10707_/B1                              0.750000    0.782108   -0.032108 (VIOLATED)
_11188_/A3                              0.750000    0.782107   -0.032107 (VIOLATED)
_11018_/A1                              0.750000    0.782105   -0.032105 (VIOLATED)
_09743_/A2                              0.750000    0.782100   -0.032100 (VIOLATED)
_09732_/B                               0.750000    0.782096   -0.032096 (VIOLATED)
_09660_/X                               0.750000    0.782094   -0.032094 (VIOLATED)
_11183_/B                               0.750000    0.782094   -0.032094 (VIOLATED)
_11709_/A                               0.750000    0.782001   -0.032001 (VIOLATED)
_11710_/A                               0.750000    0.781998   -0.031998 (VIOLATED)
_12140_/A                               0.750000    0.781990   -0.031990 (VIOLATED)
_12103_/A0                              0.750000    0.781965   -0.031965 (VIOLATED)
_10912_/B                               0.750000    0.781949   -0.031949 (VIOLATED)
_10911_/X                               0.750000    0.781936   -0.031936 (VIOLATED)
_14518_/B1                              0.750000    0.781489   -0.031489 (VIOLATED)
_14528_/C1                              0.750000    0.781489   -0.031489 (VIOLATED)
_14548_/A                               0.750000    0.781489   -0.031489 (VIOLATED)
_15100_/C1                              0.750000    0.781489   -0.031489 (VIOLATED)
_15115_/A1                              0.750000    0.781489   -0.031489 (VIOLATED)
_15123_/C1                              0.750000    0.781489   -0.031489 (VIOLATED)
_15124_/A1                              0.750000    0.781489   -0.031489 (VIOLATED)
_15131_/B1                              0.750000    0.781489   -0.031489 (VIOLATED)
_15386_/B1                              0.750000    0.781489   -0.031489 (VIOLATED)
_15703_/C1                              0.750000    0.781489   -0.031489 (VIOLATED)
fanout1789/X                            0.750000    0.781489   -0.031489 (VIOLATED)
_13469_/A1                              0.750000    0.781255   -0.031255 (VIOLATED)
_13704_/B1                              0.750000    0.781255   -0.031255 (VIOLATED)
_13876_/A                               0.750000    0.781255   -0.031255 (VIOLATED)
_12894_/A1                              0.750000    0.781254   -0.031254 (VIOLATED)
_12881_/A                               0.750000    0.781253   -0.031252 (VIOLATED)
_13457_/B1                              0.750000    0.781252   -0.031252 (VIOLATED)
_13463_/B1                              0.750000    0.781249   -0.031249 (VIOLATED)
_13472_/C1                              0.750000    0.781248   -0.031248 (VIOLATED)
_13951_/C                               0.750000    0.781248   -0.031248 (VIOLATED)
_13960_/A1                              0.750000    0.781248   -0.031248 (VIOLATED)
fanout1741/X                            0.750000    0.781248   -0.031248 (VIOLATED)
_12823_/A1                              0.750000    0.780970   -0.030970 (VIOLATED)
_13549_/A                               0.750000    0.780969   -0.030969 (VIOLATED)
_12763_/A                               0.750000    0.780969   -0.030969 (VIOLATED)
_12712_/A                               0.750000    0.780969   -0.030969 (VIOLATED)
_09418_/A                               0.750000    0.780968   -0.030968 (VIOLATED)
_13218_/A1                              0.750000    0.780968   -0.030968 (VIOLATED)
_12757_/B                               0.750000    0.780965   -0.030965 (VIOLATED)
_12721_/A                               0.750000    0.780964   -0.030964 (VIOLATED)
_12723_/A_N                             0.750000    0.780964   -0.030964 (VIOLATED)
_13818_/A1                              0.750000    0.780964   -0.030964 (VIOLATED)
fanout1464/X                            0.750000    0.780964   -0.030964 (VIOLATED)
_18432_/B2                              0.750000    0.780837   -0.030837 (VIOLATED)
_18430_/B2                              0.750000    0.780811   -0.030812 (VIOLATED)
_18431_/B2                              0.750000    0.780801   -0.030801 (VIOLATED)
_15178_/A2                              0.750000    0.780800   -0.030800 (VIOLATED)
_14502_/A_N                             0.750000    0.780798   -0.030798 (VIOLATED)
_14560_/A_N                             0.750000    0.780797   -0.030798 (VIOLATED)
_14531_/C_N                             0.750000    0.780797   -0.030797 (VIOLATED)
_14515_/A_N                             0.750000    0.780797   -0.030797 (VIOLATED)
fanout1809/A                            0.750000    0.780796   -0.030796 (VIOLATED)
_14565_/B                               0.750000    0.780793   -0.030793 (VIOLATED)
_14495_/B                               0.750000    0.780784   -0.030784 (VIOLATED)
_14530_/C_N                             0.750000    0.780784   -0.030784 (VIOLATED)
_14893_/A1                              0.750000    0.780784   -0.030784 (VIOLATED)
fanout1810/X                            0.750000    0.780784   -0.030784 (VIOLATED)
_14275_/Y                               0.750000    0.780722   -0.030722 (VIOLATED)
_14277_/B1                              0.750000    0.780722   -0.030722 (VIOLATED)
_14288_/A                               0.750000    0.780722   -0.030722 (VIOLATED)
_14338_/C                               0.750000    0.780722   -0.030722 (VIOLATED)
_15147_/B2                              0.750000    0.780722   -0.030722 (VIOLATED)
_15154_/A0                              0.750000    0.780722   -0.030722 (VIOLATED)
_15423_/A2                              0.750000    0.780722   -0.030722 (VIOLATED)
fanout254/A                             0.750000    0.780655   -0.030655 (VIOLATED)
_15756_/A                               0.750000    0.780209   -0.030209 (VIOLATED)
_15649_/A0                              0.750000    0.780207   -0.030207 (VIOLATED)
_15876_/A                               0.750000    0.780201   -0.030201 (VIOLATED)
_15708_/A                               0.750000    0.780199   -0.030199 (VIOLATED)
_15761_/A                               0.750000    0.780184   -0.030184 (VIOLATED)
_15558_/X                               0.750000    0.780133   -0.030133 (VIOLATED)
fanout255/A                             0.750000    0.779994   -0.029994 (VIOLATED)
_18301_/X                               0.750000    0.779993   -0.029993 (VIOLATED)
_14209_/A                               0.750000    0.779940   -0.029940 (VIOLATED)
_14008_/B                               0.750000    0.779924   -0.029924 (VIOLATED)
_14163_/B                               0.750000    0.779892   -0.029892 (VIOLATED)
_12994_/A1                              0.750000    0.779756   -0.029756 (VIOLATED)
_13004_/A1                              0.750000    0.779756   -0.029756 (VIOLATED)
_13011_/A1                              0.750000    0.779756   -0.029756 (VIOLATED)
_13027_/A                               0.750000    0.779756   -0.029756 (VIOLATED)
_13345_/A                               0.750000    0.779756   -0.029756 (VIOLATED)
_13381_/A2                              0.750000    0.779756   -0.029756 (VIOLATED)
_13498_/B1                              0.750000    0.779756   -0.029756 (VIOLATED)
_13504_/A1                              0.750000    0.779756   -0.029756 (VIOLATED)
_13505_/B                               0.750000    0.779756   -0.029756 (VIOLATED)
_13998_/C1                              0.750000    0.779756   -0.029756 (VIOLATED)
fanout1215/X                            0.750000    0.779756   -0.029756 (VIOLATED)
_14159_/A0                              0.750000    0.779708   -0.029708 (VIOLATED)
_17897_/B1                              0.750000    0.779602   -0.029602 (VIOLATED)
_18098_/B1                              0.750000    0.779602   -0.029602 (VIOLATED)
_17536_/S                               0.750000    0.779601   -0.029601 (VIOLATED)
_17822_/S                               0.750000    0.779601   -0.029601 (VIOLATED)
_17561_/S                               0.750000    0.779601   -0.029601 (VIOLATED)
_17889_/B1                              0.750000    0.779601   -0.029601 (VIOLATED)
_17920_/B1                              0.750000    0.779601   -0.029601 (VIOLATED)
_18114_/B1                              0.750000    0.779601   -0.029601 (VIOLATED)
fanout312/X                             0.750000    0.779601   -0.029601 (VIOLATED)
_09444_/A                               0.750000    0.779460   -0.029460 (VIOLATED)
_14298_/A1                              0.750000    0.779459   -0.029459 (VIOLATED)
_14303_/B                               0.750000    0.779459   -0.029459 (VIOLATED)
_14293_/B                               0.750000    0.779458   -0.029458 (VIOLATED)
_15408_/B2                              0.750000    0.779456   -0.029456 (VIOLATED)
_14343_/B                               0.750000    0.779456   -0.029456 (VIOLATED)
_14292_/B                               0.750000    0.779456   -0.029456 (VIOLATED)
_14297_/A                               0.750000    0.779453   -0.029453 (VIOLATED)
_14777_/B2                              0.750000    0.779450   -0.029450 (VIOLATED)
_14267_/B                               0.750000    0.779445   -0.029445 (VIOLATED)
fanout1291/X                            0.750000    0.779445   -0.029445 (VIOLATED)
_14007_/X                               0.750000    0.779376   -0.029376 (VIOLATED)
fanout1136/A                            0.750000    0.779354   -0.029354 (VIOLATED)
fanout1129/A                            0.750000    0.779351   -0.029351 (VIOLATED)
_17861_/A1                              0.750000    0.779293   -0.029293 (VIOLATED)
_18985_/Q                               0.750000    0.779293   -0.029293 (VIOLATED)
_09700_/B1                              0.750000    0.779255   -0.029255 (VIOLATED)
_09689_/A1                              0.750000    0.779255   -0.029255 (VIOLATED)
_09761_/B1                              0.750000    0.779255   -0.029255 (VIOLATED)
_10397_/A1                              0.750000    0.779255   -0.029255 (VIOLATED)
_10407_/A1                              0.750000    0.779255   -0.029255 (VIOLATED)
_10413_/A1                              0.750000    0.779255   -0.029255 (VIOLATED)
_10688_/A1                              0.750000    0.779255   -0.029255 (VIOLATED)
_10691_/B1                              0.750000    0.779255   -0.029255 (VIOLATED)
_10703_/B2                              0.750000    0.779255   -0.029255 (VIOLATED)
_10867_/A                               0.750000    0.779255   -0.029255 (VIOLATED)
fanout1652/X                            0.750000    0.779255   -0.029255 (VIOLATED)
_18424_/B2                              0.750000    0.779132   -0.029132 (VIOLATED)
_18302_/X                               0.750000    0.779051   -0.029051 (VIOLATED)
fanout373/A                             0.750000    0.779051   -0.029051 (VIOLATED)
_10062_/Y                               0.750000    0.778883   -0.028883 (VIOLATED)
_10950_/A2                              0.750000    0.778883   -0.028883 (VIOLATED)
_10954_/B1                              0.750000    0.778883   -0.028883 (VIOLATED)
_10966_/A1                              0.750000    0.778883   -0.028883 (VIOLATED)
_11110_/B1_N                            0.750000    0.778883   -0.028883 (VIOLATED)
_11260_/C                               0.750000    0.778883   -0.028883 (VIOLATED)
_11262_/C1                              0.750000    0.778883   -0.028883 (VIOLATED)
_11356_/A1                              0.750000    0.778883   -0.028883 (VIOLATED)
_11372_/A2                              0.750000    0.778883   -0.028883 (VIOLATED)
_16051_/A1                              0.750000    0.778793   -0.028793 (VIOLATED)
_16064_/A1                              0.750000    0.778793   -0.028793 (VIOLATED)
_16074_/B1                              0.750000    0.778793   -0.028793 (VIOLATED)
_16087_/B1                              0.750000    0.778793   -0.028793 (VIOLATED)
_16371_/A                               0.750000    0.778793   -0.028793 (VIOLATED)
_16553_/A1                              0.750000    0.778793   -0.028793 (VIOLATED)
_16554_/B1                              0.750000    0.778793   -0.028793 (VIOLATED)
_16957_/B1                              0.750000    0.778793   -0.028793 (VIOLATED)
_17081_/C1                              0.750000    0.778793   -0.028793 (VIOLATED)
_17084_/A1                              0.750000    0.778793   -0.028793 (VIOLATED)
fanout1130/X                            0.750000    0.778793   -0.028793 (VIOLATED)
_11421_/B                               0.750000    0.778716   -0.028716 (VIOLATED)
_11424_/B1_N                            0.750000    0.778715   -0.028715 (VIOLATED)
_11426_/A_N                             0.750000    0.778715   -0.028715 (VIOLATED)
_11437_/B                               0.750000    0.778715   -0.028715 (VIOLATED)
_11501_/A1                              0.750000    0.778713   -0.028713 (VIOLATED)
_11452_/A                               0.750000    0.778711   -0.028711 (VIOLATED)
_11436_/B                               0.750000    0.778711   -0.028711 (VIOLATED)
_11601_/A                               0.750000    0.778710   -0.028710 (VIOLATED)
_11450_/B                               0.750000    0.778710   -0.028710 (VIOLATED)
_11489_/B                               0.750000    0.778710   -0.028710 (VIOLATED)
fanout1086/X                            0.750000    0.778710   -0.028710 (VIOLATED)
_12098_/A1                              0.750000    0.778268   -0.028268 (VIOLATED)
_17536_/A0                              0.750000    0.778266   -0.028266 (VIOLATED)
_12097_/Y                               0.750000    0.778231   -0.028231 (VIOLATED)
_16779_/A                               0.750000    0.778152   -0.028152 (VIOLATED)
_16683_/A                               0.750000    0.778152   -0.028152 (VIOLATED)
_16981_/C1                              0.750000    0.778151   -0.028151 (VIOLATED)
_16157_/C1                              0.750000    0.778147   -0.028147 (VIOLATED)
_16190_/C1                              0.750000    0.778147   -0.028147 (VIOLATED)
_16494_/A1                              0.750000    0.778147   -0.028147 (VIOLATED)
_16691_/B1                              0.750000    0.778147   -0.028147 (VIOLATED)
_16971_/A                               0.750000    0.778147   -0.028147 (VIOLATED)
_16976_/A1                              0.750000    0.778147   -0.028147 (VIOLATED)
fanout651/A                             0.750000    0.778147   -0.028147 (VIOLATED)
fanout652/X                             0.750000    0.778147   -0.028147 (VIOLATED)
_17155_/C1                              0.750000    0.777902   -0.027902 (VIOLATED)
_17018_/A1                              0.750000    0.777902   -0.027902 (VIOLATED)
_16596_/A1                              0.750000    0.777902   -0.027902 (VIOLATED)
_16759_/B                               0.750000    0.777901   -0.027901 (VIOLATED)
_16595_/C1                              0.750000    0.777901   -0.027901 (VIOLATED)
_16433_/C1                              0.750000    0.777901   -0.027901 (VIOLATED)
_16608_/B1                              0.750000    0.777900   -0.027900 (VIOLATED)
_16611_/A1                              0.750000    0.777900   -0.027900 (VIOLATED)
_17145_/A1                              0.750000    0.777900   -0.027900 (VIOLATED)
_17156_/C1                              0.750000    0.777900   -0.027900 (VIOLATED)
fanout677/X                             0.750000    0.777900   -0.027900 (VIOLATED)
_10032_/B                               0.750000    0.777332   -0.027332 (VIOLATED)
_10060_/B                               0.750000    0.777330   -0.027330 (VIOLATED)
_10049_/B                               0.750000    0.777330   -0.027330 (VIOLATED)
_10028_/A_N                             0.750000    0.777329   -0.027329 (VIOLATED)
_10029_/A_N                             0.750000    0.777329   -0.027329 (VIOLATED)
_10033_/B                               0.750000    0.777329   -0.027329 (VIOLATED)
_10042_/B                               0.750000    0.777329   -0.027329 (VIOLATED)
_10050_/A2                              0.750000    0.777329   -0.027329 (VIOLATED)
_10061_/B                               0.750000    0.777329   -0.027329 (VIOLATED)
_10103_/A2                              0.750000    0.777329   -0.027329 (VIOLATED)
fanout1433/X                            0.750000    0.777329   -0.027329 (VIOLATED)
_16060_/B1                              0.750000    0.777200   -0.027200 (VIOLATED)
_16062_/A1                              0.750000    0.777200   -0.027200 (VIOLATED)
_16066_/A                               0.750000    0.777200   -0.027200 (VIOLATED)
_16373_/A                               0.750000    0.777200   -0.027200 (VIOLATED)
_16386_/B                               0.750000    0.777200   -0.027200 (VIOLATED)
_16410_/A                               0.750000    0.777200   -0.027200 (VIOLATED)
_16562_/B                               0.750000    0.777200   -0.027200 (VIOLATED)
_16947_/A1                              0.750000    0.777200   -0.027200 (VIOLATED)
_17083_/A1                              0.750000    0.777200   -0.027200 (VIOLATED)
_17215_/B1                              0.750000    0.777200   -0.027200 (VIOLATED)
fanout672/X                             0.750000    0.777200   -0.027200 (VIOLATED)
_15782_/B                               0.750000    0.777159   -0.027159 (VIOLATED)
_16591_/S                               0.750000    0.777159   -0.027159 (VIOLATED)
_15273_/S                               0.750000    0.777158   -0.027158 (VIOLATED)
_18140_/C1                              0.750000    0.777151   -0.027151 (VIOLATED)
_09504_/B                               0.750000    0.777151   -0.027151 (VIOLATED)
_15868_/B                               0.750000    0.777151   -0.027151 (VIOLATED)
_18133_/A                               0.750000    0.777151   -0.027151 (VIOLATED)
fanout152/X                             0.750000    0.777151   -0.027151 (VIOLATED)
_14752_/A1                              0.750000    0.776648   -0.026648 (VIOLATED)
_14753_/A1                              0.750000    0.776647   -0.026647 (VIOLATED)
_15256_/A1                              0.750000    0.776647   -0.026647 (VIOLATED)
_14389_/A                               0.750000    0.776646   -0.026647 (VIOLATED)
_14421_/B1                              0.750000    0.776646   -0.026647 (VIOLATED)
_14465_/B                               0.750000    0.776646   -0.026647 (VIOLATED)
_14737_/A                               0.750000    0.776646   -0.026647 (VIOLATED)
_14747_/A                               0.750000    0.776646   -0.026647 (VIOLATED)
_15569_/A1                              0.750000    0.776646   -0.026647 (VIOLATED)
fanout1324/A                            0.750000    0.776646   -0.026647 (VIOLATED)
fanout1325/X                            0.750000    0.776646   -0.026647 (VIOLATED)
_13059_/B                               0.750000    0.776619   -0.026619 (VIOLATED)
_13065_/A_N                             0.750000    0.776619   -0.026619 (VIOLATED)
_13075_/A2                              0.750000    0.776619   -0.026619 (VIOLATED)
_13090_/A                               0.750000    0.776619   -0.026619 (VIOLATED)
_13112_/B                               0.750000    0.776619   -0.026619 (VIOLATED)
_13133_/A2                              0.750000    0.776619   -0.026619 (VIOLATED)
_13160_/A                               0.750000    0.776619   -0.026619 (VIOLATED)
_13196_/A1                              0.750000    0.776619   -0.026619 (VIOLATED)
_13280_/A                               0.750000    0.776619   -0.026619 (VIOLATED)
fanout1518/A                            0.750000    0.776619   -0.026619 (VIOLATED)
fanout1519/X                            0.750000    0.776619   -0.026619 (VIOLATED)
_12701_/B                               0.750000    0.776468   -0.026468 (VIOLATED)
_12721_/B                               0.750000    0.776468   -0.026468 (VIOLATED)
_12723_/B                               0.750000    0.776468   -0.026468 (VIOLATED)
_12726_/B                               0.750000    0.776468   -0.026468 (VIOLATED)
_12758_/A2                              0.750000    0.776468   -0.026468 (VIOLATED)
_12776_/C                               0.750000    0.776468   -0.026468 (VIOLATED)
_12801_/A2                              0.750000    0.776468   -0.026468 (VIOLATED)
_13821_/A2                              0.750000    0.776468   -0.026468 (VIOLATED)
fanout1477/A                            0.750000    0.776468   -0.026468 (VIOLATED)
fanout1478/X                            0.750000    0.776468   -0.026468 (VIOLATED)
_12285_/B                               0.750000    0.776466   -0.026466 (VIOLATED)
_12289_/A                               0.750000    0.776466   -0.026466 (VIOLATED)
_12299_/B                               0.750000    0.776466   -0.026466 (VIOLATED)
_12300_/B                               0.750000    0.776466   -0.026466 (VIOLATED)
_12301_/A1                              0.750000    0.776466   -0.026466 (VIOLATED)
_12312_/A_N                             0.750000    0.776466   -0.026466 (VIOLATED)
_12333_/C1                              0.750000    0.776466   -0.026466 (VIOLATED)
_12334_/B                               0.750000    0.776466   -0.026466 (VIOLATED)
_12450_/A1                              0.750000    0.776466   -0.026466 (VIOLATED)
_12595_/A1                              0.750000    0.776466   -0.026466 (VIOLATED)
fanout987/X                             0.750000    0.776466   -0.026466 (VIOLATED)
_11084_/B1                              0.750000    0.776338   -0.026338 (VIOLATED)
_09951_/B1                              0.750000    0.776337   -0.026337 (VIOLATED)
_10763_/B1                              0.750000    0.776337   -0.026337 (VIOLATED)
_09957_/A1                              0.750000    0.776337   -0.026337 (VIOLATED)
_11242_/D1                              0.750000    0.776336   -0.026336 (VIOLATED)
_09997_/B2                              0.750000    0.776335   -0.026335 (VIOLATED)
_10011_/S0                              0.750000    0.776335   -0.026335 (VIOLATED)
_10933_/A                               0.750000    0.776335   -0.026335 (VIOLATED)
_10938_/B2                              0.750000    0.776335   -0.026335 (VIOLATED)
_10939_/A1                              0.750000    0.776335   -0.026335 (VIOLATED)
fanout828/X                             0.750000    0.776335   -0.026335 (VIOLATED)
_15730_/S                               0.750000    0.776302   -0.026302 (VIOLATED)
_15849_/S                               0.750000    0.776302   -0.026302 (VIOLATED)
_15788_/S                               0.750000    0.776302   -0.026302 (VIOLATED)
_15780_/A1                              0.750000    0.776301   -0.026301 (VIOLATED)
fanout563/A                             0.750000    0.776301   -0.026301 (VIOLATED)
fanout565/A                             0.750000    0.776301   -0.026301 (VIOLATED)
fanout567/X                             0.750000    0.776301   -0.026301 (VIOLATED)
_10072_/A                               0.750000    0.776270   -0.026270 (VIOLATED)
_10952_/A1                              0.750000    0.776270   -0.026270 (VIOLATED)
_10040_/A                               0.750000    0.776270   -0.026270 (VIOLATED)
_11364_/B2                              0.750000    0.776268   -0.026268 (VIOLATED)
_10114_/A                               0.750000    0.776267   -0.026267 (VIOLATED)
_10738_/A                               0.750000    0.776264   -0.026264 (VIOLATED)
_10331_/B2                              0.750000    0.776262   -0.026262 (VIOLATED)
fanout1418/A                            0.750000    0.776262   -0.026262 (VIOLATED)
fanout1420/A                            0.750000    0.776262   -0.026262 (VIOLATED)
fanout1421/X                            0.750000    0.776262   -0.026262 (VIOLATED)
_09689_/C1                              0.750000    0.775805   -0.025805 (VIOLATED)
_09770_/C1                              0.750000    0.775805   -0.025805 (VIOLATED)
_10396_/A1                              0.750000    0.775805   -0.025805 (VIOLATED)
_10692_/B1                              0.750000    0.775805   -0.025805 (VIOLATED)
_10707_/C1                              0.750000    0.775805   -0.025805 (VIOLATED)
_10711_/C1                              0.750000    0.775805   -0.025805 (VIOLATED)
_10859_/B1                              0.750000    0.775805   -0.025805 (VIOLATED)
_10863_/A                               0.750000    0.775805   -0.025805 (VIOLATED)
_11008_/C1                              0.750000    0.775805   -0.025805 (VIOLATED)
_11012_/C1                              0.750000    0.775805   -0.025805 (VIOLATED)
fanout840/X                             0.750000    0.775805   -0.025805 (VIOLATED)
_14550_/A1                              0.750000    0.775798   -0.025798 (VIOLATED)
_14585_/A1                              0.750000    0.775798   -0.025798 (VIOLATED)
_14589_/A                               0.750000    0.775798   -0.025798 (VIOLATED)
_14590_/A                               0.750000    0.775798   -0.025798 (VIOLATED)
_14862_/B1                              0.750000    0.775798   -0.025798 (VIOLATED)
_14882_/S1                              0.750000    0.775798   -0.025798 (VIOLATED)
_14896_/A1                              0.750000    0.775798   -0.025798 (VIOLATED)
_15380_/B1                              0.750000    0.775798   -0.025798 (VIOLATED)
_15442_/C1                              0.750000    0.775798   -0.025798 (VIOLATED)
_15694_/C1                              0.750000    0.775798   -0.025798 (VIOLATED)
fanout689/X                             0.750000    0.775798   -0.025798 (VIOLATED)
_14744_/A                               0.750000    0.775795   -0.025795 (VIOLATED)
_14443_/B1                              0.750000    0.775794   -0.025794 (VIOLATED)
_14426_/A1                              0.750000    0.775794   -0.025794 (VIOLATED)
_09443_/A                               0.750000    0.775794   -0.025794 (VIOLATED)
_14271_/B                               0.750000    0.775794   -0.025794 (VIOLATED)
_14273_/B                               0.750000    0.775794   -0.025794 (VIOLATED)
_14306_/A                               0.750000    0.775794   -0.025794 (VIOLATED)
_14344_/A1                              0.750000    0.775794   -0.025794 (VIOLATED)
_14347_/A1                              0.750000    0.775794   -0.025794 (VIOLATED)
_14352_/C                               0.750000    0.775794   -0.025794 (VIOLATED)
_14362_/A1                              0.750000    0.775794   -0.025794 (VIOLATED)
_14779_/A1                              0.750000    0.775794   -0.025794 (VIOLATED)
_14944_/A1                              0.750000    0.775794   -0.025794 (VIOLATED)
fanout1277/X                            0.750000    0.775794   -0.025794 (VIOLATED)
_14734_/A                               0.750000    0.775791   -0.025791 (VIOLATED)
_15512_/B1                              0.750000    0.775790   -0.025790 (VIOLATED)
_14721_/B                               0.750000    0.775789   -0.025790 (VIOLATED)
_14455_/A                               0.750000    0.775787   -0.025787 (VIOLATED)
_15255_/A                               0.750000    0.775786   -0.025786 (VIOLATED)
_14442_/B1                              0.750000    0.775786   -0.025786 (VIOLATED)
_15031_/A                               0.750000    0.775786   -0.025786 (VIOLATED)
fanout710/X                             0.750000    0.775786   -0.025786 (VIOLATED)
_10154_/B                               0.750000    0.775355   -0.025355 (VIOLATED)
_10166_/B                               0.750000    0.775355   -0.025355 (VIOLATED)
_10658_/A2                              0.750000    0.775355   -0.025355 (VIOLATED)
_11145_/A1                              0.750000    0.775355   -0.025355 (VIOLATED)
fanout949/A                             0.750000    0.775355   -0.025355 (VIOLATED)
fanout951/X                             0.750000    0.775355   -0.025355 (VIOLATED)
load_slew952/A                          0.750000    0.775355   -0.025355 (VIOLATED)
_09876_/B                               0.750000    0.774765   -0.024765 (VIOLATED)
_09883_/A_N                             0.750000    0.774765   -0.024765 (VIOLATED)
_09889_/A                               0.750000    0.774765   -0.024765 (VIOLATED)
_09920_/A                               0.750000    0.774765   -0.024765 (VIOLATED)
_10012_/A                               0.750000    0.774765   -0.024765 (VIOLATED)
_10273_/A1                              0.750000    0.774765   -0.024765 (VIOLATED)
_10547_/D_N                             0.750000    0.774765   -0.024765 (VIOLATED)
fanout1716/A                            0.750000    0.774765   -0.024765 (VIOLATED)
fanout1718/X                            0.750000    0.774765   -0.024765 (VIOLATED)
_13133_/A1                              0.750000    0.774604   -0.024604 (VIOLATED)
_13062_/B                               0.750000    0.774604   -0.024604 (VIOLATED)
_13065_/B                               0.750000    0.774604   -0.024604 (VIOLATED)
_13075_/A1                              0.750000    0.774604   -0.024604 (VIOLATED)
_13077_/A_N                             0.750000    0.774604   -0.024604 (VIOLATED)
_13098_/B                               0.750000    0.774604   -0.024604 (VIOLATED)
_13116_/B                               0.750000    0.774604   -0.024604 (VIOLATED)
_13193_/B                               0.750000    0.774604   -0.024604 (VIOLATED)
_13289_/B2                              0.750000    0.774604   -0.024604 (VIOLATED)
fanout1528/A                            0.750000    0.774604   -0.024604 (VIOLATED)
fanout1529/X                            0.750000    0.774604   -0.024604 (VIOLATED)
_09464_/A                               0.750000    0.773912   -0.023912 (VIOLATED)
_14534_/A                               0.750000    0.773912   -0.023912 (VIOLATED)
_15132_/A1                              0.750000    0.773911   -0.023911 (VIOLATED)
_14889_/B2                              0.750000    0.773910   -0.023910 (VIOLATED)
_15434_/A1                              0.750000    0.773909   -0.023909 (VIOLATED)
_14890_/A                               0.750000    0.773908   -0.023908 (VIOLATED)
_14527_/A                               0.750000    0.773906   -0.023906 (VIOLATED)
_14873_/A                               0.750000    0.773905   -0.023905 (VIOLATED)
_15134_/A                               0.750000    0.773905   -0.023905 (VIOLATED)
_17512_/A0                              0.750000    0.773905   -0.023905 (VIOLATED)
fanout1799/X                            0.750000    0.773905   -0.023905 (VIOLATED)
_17694_/A1                              0.750000    0.773705   -0.023705 (VIOLATED)
_17693_/X                               0.750000    0.773634   -0.023634 (VIOLATED)
_16121_/A                               0.750000    0.773276   -0.023276 (VIOLATED)
_16123_/A                               0.750000    0.773275   -0.023275 (VIOLATED)
_16117_/A                               0.750000    0.773275   -0.023275 (VIOLATED)
_16480_/A1                              0.750000    0.773274   -0.023274 (VIOLATED)
_16135_/A                               0.750000    0.773274   -0.023274 (VIOLATED)
_16168_/C_N                             0.750000    0.773273   -0.023273 (VIOLATED)
_16118_/A                               0.750000    0.773270   -0.023270 (VIOLATED)
_16132_/B1_N                            0.750000    0.773270   -0.023270 (VIOLATED)
_16139_/A                               0.750000    0.773270   -0.023270 (VIOLATED)
_17189_/A1                              0.750000    0.773270   -0.023270 (VIOLATED)
fanout1614/X                            0.750000    0.773270   -0.023270 (VIOLATED)
_16148_/A1                              0.750000    0.773242   -0.023242 (VIOLATED)
_16176_/A                               0.750000    0.773242   -0.023242 (VIOLATED)
_16473_/B1                              0.750000    0.773242   -0.023242 (VIOLATED)
_16476_/C1                              0.750000    0.773242   -0.023242 (VIOLATED)
_16481_/B1                              0.750000    0.773242   -0.023242 (VIOLATED)
_16671_/A1                              0.750000    0.773242   -0.023242 (VIOLATED)
_16786_/B1                              0.750000    0.773242   -0.023242 (VIOLATED)
_16791_/C1                              0.750000    0.773242   -0.023242 (VIOLATED)
_16979_/A                               0.750000    0.773242   -0.023242 (VIOLATED)
_16990_/B1                              0.750000    0.773242   -0.023242 (VIOLATED)
fanout651/X                             0.750000    0.773242   -0.023242 (VIOLATED)
_10038_/Y                               0.750000    0.772854   -0.022854 (VIOLATED)
_10070_/B1                              0.750000    0.772854   -0.022854 (VIOLATED)
_10096_/A2                              0.750000    0.772854   -0.022854 (VIOLATED)
_10117_/A                               0.750000    0.772854   -0.022854 (VIOLATED)
_10307_/A1                              0.750000    0.772854   -0.022854 (VIOLATED)
_10318_/C1                              0.750000    0.772854   -0.022854 (VIOLATED)
_10322_/A2                              0.750000    0.772854   -0.022854 (VIOLATED)
_11126_/B2                              0.750000    0.772854   -0.022854 (VIOLATED)
_15435_/A1                              0.750000    0.772505   -0.022505 (VIOLATED)
_15619_/A                               0.750000    0.772504   -0.022504 (VIOLATED)
_15639_/C1                              0.750000    0.772504   -0.022504 (VIOLATED)
_15630_/A1                              0.750000    0.772503   -0.022503 (VIOLATED)
_15110_/A1                              0.750000    0.772503   -0.022503 (VIOLATED)
_15118_/B1                              0.750000    0.772503   -0.022503 (VIOLATED)
_15135_/A1                              0.750000    0.772503   -0.022503 (VIOLATED)
_15629_/A1                              0.750000    0.772503   -0.022503 (VIOLATED)
fanout1781/A                            0.750000    0.772503   -0.022503 (VIOLATED)
fanout1782/X                            0.750000    0.772503   -0.022503 (VIOLATED)
_11055_/C1                              0.750000    0.772483   -0.022483 (VIOLATED)
_10585_/B1                              0.750000    0.772483   -0.022483 (VIOLATED)
_11052_/A1                              0.750000    0.772482   -0.022482 (VIOLATED)
_10376_/A1                              0.750000    0.772481   -0.022481 (VIOLATED)
_10567_/A                               0.750000    0.772481   -0.022481 (VIOLATED)
_10599_/C1                              0.750000    0.772481   -0.022481 (VIOLATED)
_10888_/A1                              0.750000    0.772481   -0.022481 (VIOLATED)
_11061_/B1                              0.750000    0.772481   -0.022481 (VIOLATED)
_11317_/A1                              0.750000    0.772481   -0.022481 (VIOLATED)
_11320_/C1                              0.750000    0.772481   -0.022481 (VIOLATED)
fanout822/X                             0.750000    0.772481   -0.022481 (VIOLATED)
_16104_/Y                               0.750000    0.771878   -0.021878 (VIOLATED)
_16106_/B                               0.750000    0.771878   -0.021878 (VIOLATED)
_16107_/B                               0.750000    0.771878   -0.021878 (VIOLATED)
_16139_/B                               0.750000    0.771878   -0.021878 (VIOLATED)
_16140_/B                               0.750000    0.771878   -0.021878 (VIOLATED)
_16141_/C                               0.750000    0.771878   -0.021878 (VIOLATED)
_16803_/A2                              0.750000    0.771878   -0.021878 (VIOLATED)
_16979_/B                               0.750000    0.771878   -0.021878 (VIOLATED)
_17295_/A1                              0.750000    0.771878   -0.021878 (VIOLATED)
_18443_/B1                              0.750000    0.771841   -0.021841 (VIOLATED)
_18667_/B1                              0.750000    0.771840   -0.021840 (VIOLATED)
_18689_/B1                              0.750000    0.771840   -0.021840 (VIOLATED)
_18491_/B1                              0.750000    0.771837   -0.021837 (VIOLATED)
_18657_/B1                              0.750000    0.771828   -0.021828 (VIOLATED)
_18449_/B1                              0.750000    0.771827   -0.021827 (VIOLATED)
_18651_/B1                              0.750000    0.771821   -0.021821 (VIOLATED)
_18683_/B1                              0.750000    0.771821   -0.021821 (VIOLATED)
_18673_/B1                              0.750000    0.771818   -0.021818 (VIOLATED)
_18665_/B1                              0.750000    0.771818   -0.021818 (VIOLATED)
fanout369/X                             0.750000    0.771818   -0.021818 (VIOLATED)
_17673_/A1                              0.750000    0.771524   -0.021524 (VIOLATED)
ANTENNA_145/DIODE                       0.750000    0.771523   -0.021524 (VIOLATED)
_17672_/X                               0.750000    0.771433   -0.021433 (VIOLATED)
_15299_/C1                              0.750000    0.771326   -0.021326 (VIOLATED)
_14975_/A1                              0.750000    0.771326   -0.021326 (VIOLATED)
_14971_/B1                              0.750000    0.771326   -0.021326 (VIOLATED)
_15150_/A                               0.750000    0.771326   -0.021326 (VIOLATED)
_14814_/B1                              0.750000    0.771325   -0.021325 (VIOLATED)
_14969_/B1                              0.750000    0.771325   -0.021325 (VIOLATED)
_14976_/A1                              0.750000    0.771325   -0.021325 (VIOLATED)
_15163_/C1                              0.750000    0.771325   -0.021325 (VIOLATED)
_15174_/A1                              0.750000    0.771325   -0.021325 (VIOLATED)
_15280_/A                               0.750000    0.771325   -0.021325 (VIOLATED)
fanout1254/X                            0.750000    0.771325   -0.021325 (VIOLATED)
_09720_/B1                              0.750000    0.771273   -0.021273 (VIOLATED)
_09735_/A                               0.750000    0.771273   -0.021273 (VIOLATED)
_09768_/A                               0.750000    0.771273   -0.021273 (VIOLATED)
_11021_/A1                              0.750000    0.771273   -0.021273 (VIOLATED)
_11024_/A                               0.750000    0.771273   -0.021273 (VIOLATED)
_11169_/A1                              0.750000    0.771273   -0.021273 (VIOLATED)
_11170_/A1                              0.750000    0.771273   -0.021273 (VIOLATED)
_11178_/A1                              0.750000    0.771273   -0.021273 (VIOLATED)
_11183_/A                               0.750000    0.771273   -0.021273 (VIOLATED)
fanout1650/A                            0.750000    0.771273   -0.021273 (VIOLATED)
fanout1651/X                            0.750000    0.771273   -0.021273 (VIOLATED)
wire138/A                               0.750000    0.771157   -0.021157 (VIOLATED)
ANTENNA_65/DIODE                        0.750000    0.771153   -0.021153 (VIOLATED)
_13383_/X                               0.750000    0.771052   -0.021052 (VIOLATED)
_09859_/B1                              0.750000    0.770971   -0.020971 (VIOLATED)
_09866_/A1                              0.750000    0.770969   -0.020969 (VIOLATED)
_09817_/B1                              0.750000    0.770969   -0.020969 (VIOLATED)
_09846_/A                               0.750000    0.770968   -0.020969 (VIOLATED)
_10587_/B1                              0.750000    0.770968   -0.020968 (VIOLATED)
_09800_/A                               0.750000    0.770968   -0.020968 (VIOLATED)
_10902_/A1                              0.750000    0.770968   -0.020968 (VIOLATED)
_10367_/A                               0.750000    0.770966   -0.020966 (VIOLATED)
_09804_/A                               0.750000    0.770964   -0.020964 (VIOLATED)
_09810_/A2                              0.750000    0.770964   -0.020964 (VIOLATED)
fanout815/X                             0.750000    0.770964   -0.020964 (VIOLATED)
_12198_/C1                              0.750000    0.770609   -0.020609 (VIOLATED)
_12030_/C1                              0.750000    0.770608   -0.020608 (VIOLATED)
_12166_/C1                              0.750000    0.770608   -0.020608 (VIOLATED)
_12026_/A1                              0.750000    0.770608   -0.020608 (VIOLATED)
_12089_/C1                              0.750000    0.770607   -0.020607 (VIOLATED)
_12048_/A1                              0.750000    0.770606   -0.020606 (VIOLATED)
_11965_/A1                              0.750000    0.770606   -0.020606 (VIOLATED)
_11969_/B1                              0.750000    0.770603   -0.020603 (VIOLATED)
_12201_/A                               0.750000    0.770603   -0.020603 (VIOLATED)
fanout1025/A                            0.750000    0.770603   -0.020603 (VIOLATED)
fanout1026/X                            0.750000    0.770603   -0.020603 (VIOLATED)
_11424_/A1                              0.750000    0.770568   -0.020568 (VIOLATED)
_11426_/B                               0.750000    0.770567   -0.020567 (VIOLATED)
_11436_/A                               0.750000    0.770563   -0.020563 (VIOLATED)
_11434_/A_N                             0.750000    0.770562   -0.020562 (VIOLATED)
_11600_/A1                              0.750000    0.770560   -0.020560 (VIOLATED)
_11435_/A_N                             0.750000    0.770555   -0.020555 (VIOLATED)
_11440_/C                               0.750000    0.770555   -0.020555 (VIOLATED)
_11450_/A                               0.750000    0.770555   -0.020555 (VIOLATED)
_11463_/A                               0.750000    0.770555   -0.020555 (VIOLATED)
_11518_/A1                              0.750000    0.770555   -0.020555 (VIOLATED)
fanout1099/X                            0.750000    0.770555   -0.020555 (VIOLATED)
_12960_/A                               0.750000    0.769774   -0.019774 (VIOLATED)
_12967_/A                               0.750000    0.769774   -0.019774 (VIOLATED)
_12968_/A                               0.750000    0.769774   -0.019774 (VIOLATED)
_12974_/A                               0.750000    0.769774   -0.019774 (VIOLATED)
_13007_/B                               0.750000    0.769774   -0.019774 (VIOLATED)
_13015_/C                               0.750000    0.769774   -0.019774 (VIOLATED)
_13024_/A1                              0.750000    0.769774   -0.019774 (VIOLATED)
_13361_/A                               0.750000    0.769774   -0.019774 (VIOLATED)
_13511_/A                               0.750000    0.769774   -0.019774 (VIOLATED)
_13583_/B2                              0.750000    0.769774   -0.019774 (VIOLATED)
fanout1233/X                            0.750000    0.769774   -0.019774 (VIOLATED)
_15991_/Y                               0.750000    0.769572   -0.019572 (VIOLATED)
_16089_/A                               0.750000    0.769572   -0.019572 (VIOLATED)
_16397_/A3                              0.750000    0.769572   -0.019572 (VIOLATED)
_16716_/A                               0.750000    0.769572   -0.019572 (VIOLATED)
_16860_/A_N                             0.750000    0.769572   -0.019572 (VIOLATED)
_16861_/A2                              0.750000    0.769572   -0.019572 (VIOLATED)
_12690_/B                               0.750000    0.769397   -0.019397 (VIOLATED)
_12697_/B                               0.750000    0.769397   -0.019397 (VIOLATED)
_12702_/A                               0.750000    0.769397   -0.019397 (VIOLATED)
_12726_/A                               0.750000    0.769397   -0.019397 (VIOLATED)
_12741_/A                               0.750000    0.769397   -0.019397 (VIOLATED)
_12763_/B                               0.750000    0.769397   -0.019397 (VIOLATED)
_12776_/B                               0.750000    0.769397   -0.019397 (VIOLATED)
_12787_/A_N                             0.750000    0.769397   -0.019397 (VIOLATED)
_12811_/A2                              0.750000    0.769397   -0.019397 (VIOLATED)
_13218_/A2                              0.750000    0.769397   -0.019397 (VIOLATED)
fanout1482/X                            0.750000    0.769397   -0.019397 (VIOLATED)
_10752_/B1                              0.750000    0.769276   -0.019276 (VIOLATED)
_10770_/A                               0.750000    0.769275   -0.019275 (VIOLATED)
_10762_/B1                              0.750000    0.769274   -0.019274 (VIOLATED)
_11227_/B1                              0.750000    0.769271   -0.019271 (VIOLATED)
_11232_/C1                              0.750000    0.769269   -0.019269 (VIOLATED)
_09938_/B1                              0.750000    0.769265   -0.019265 (VIOLATED)
_09936_/A1                              0.750000    0.769261   -0.019261 (VIOLATED)
_10276_/B1                              0.750000    0.769253   -0.019253 (VIOLATED)
_10293_/S                               0.750000    0.769250   -0.019250 (VIOLATED)
_10294_/A                               0.750000    0.769250   -0.019250 (VIOLATED)
fanout834/X                             0.750000    0.769250   -0.019250 (VIOLATED)
_12318_/B                               0.750000    0.768971   -0.018971 (VIOLATED)
_12389_/B                               0.750000    0.768971   -0.018971 (VIOLATED)
_12405_/B1_N                            0.750000    0.768971   -0.018971 (VIOLATED)
_12406_/B1_N                            0.750000    0.768971   -0.018971 (VIOLATED)
_12410_/A1                              0.750000    0.768971   -0.018971 (VIOLATED)
_12458_/B                               0.750000    0.768971   -0.018971 (VIOLATED)
_12459_/A1                              0.750000    0.768971   -0.018971 (VIOLATED)
_12581_/B1                              0.750000    0.768971   -0.018971 (VIOLATED)
_12618_/B1                              0.750000    0.768971   -0.018971 (VIOLATED)
_12619_/A1                              0.750000    0.768971   -0.018971 (VIOLATED)
fanout986/X                             0.750000    0.768971   -0.018971 (VIOLATED)
_09421_/A                               0.750000    0.768591   -0.018591 (VIOLATED)
_12797_/C1                              0.750000    0.768591   -0.018591 (VIOLATED)
_12804_/A                               0.750000    0.768591   -0.018591 (VIOLATED)
_12824_/A1                              0.750000    0.768591   -0.018591 (VIOLATED)
_12826_/B1                              0.750000    0.768591   -0.018591 (VIOLATED)
_13254_/A                               0.750000    0.768591   -0.018591 (VIOLATED)
_13805_/C1                              0.750000    0.768591   -0.018591 (VIOLATED)
_13816_/C1                              0.750000    0.768591   -0.018591 (VIOLATED)
_13820_/B1                              0.750000    0.768591   -0.018591 (VIOLATED)
fanout1452/A                            0.750000    0.768591   -0.018591 (VIOLATED)
fanout1454/X                            0.750000    0.768591   -0.018591 (VIOLATED)
_09456_/A                               0.750000    0.768583   -0.018583 (VIOLATED)
_14649_/B                               0.750000    0.768583   -0.018583 (VIOLATED)
_14652_/A_N                             0.750000    0.768583   -0.018583 (VIOLATED)
_14694_/A                               0.750000    0.768583   -0.018583 (VIOLATED)
_14698_/D1                              0.750000    0.768583   -0.018583 (VIOLATED)
_15073_/B1                              0.750000    0.768583   -0.018583 (VIOLATED)
_15084_/B1                              0.750000    0.768583   -0.018583 (VIOLATED)
_15210_/A1                              0.750000    0.768583   -0.018583 (VIOLATED)
_15211_/A                               0.750000    0.768583   -0.018583 (VIOLATED)
_15477_/A                               0.750000    0.768583   -0.018583 (VIOLATED)
fanout1541/X                            0.750000    0.768583   -0.018583 (VIOLATED)
_14793_/B1                              0.750000    0.767667   -0.017667 (VIOLATED)
_14804_/A1                              0.750000    0.767667   -0.017667 (VIOLATED)
_14992_/C1                              0.750000    0.767667   -0.017667 (VIOLATED)
_14795_/A1                              0.750000    0.767666   -0.017666 (VIOLATED)
_14308_/A1                              0.750000    0.767664   -0.017664 (VIOLATED)
_14787_/B2                              0.750000    0.767664   -0.017664 (VIOLATED)
_14983_/A                               0.750000    0.767664   -0.017664 (VIOLATED)
_15282_/B1                              0.750000    0.767664   -0.017664 (VIOLATED)
_15295_/C1                              0.750000    0.767664   -0.017664 (VIOLATED)
_15548_/A1                              0.750000    0.767664   -0.017664 (VIOLATED)
fanout1265/X                            0.750000    0.767664   -0.017664 (VIOLATED)
_14618_/D1                              0.750000    0.767622   -0.017622 (VIOLATED)
_14628_/A                               0.750000    0.767622   -0.017622 (VIOLATED)
_14829_/B1                              0.750000    0.767622   -0.017622 (VIOLATED)
_14833_/B1                              0.750000    0.767622   -0.017622 (VIOLATED)
_15052_/B1                              0.750000    0.767622   -0.017622 (VIOLATED)
_15062_/B1                              0.750000    0.767622   -0.017622 (VIOLATED)
_15064_/A1                              0.750000    0.767622   -0.017622 (VIOLATED)
_15068_/A                               0.750000    0.767622   -0.017622 (VIOLATED)
_15070_/B1                              0.750000    0.767622   -0.017622 (VIOLATED)
_15089_/A                               0.750000    0.767622   -0.017622 (VIOLATED)
fanout1547/X                            0.750000    0.767622   -0.017622 (VIOLATED)
_15351_/A                               0.750000    0.767591   -0.017591 (VIOLATED)
_14834_/D1                              0.750000    0.767591   -0.017591 (VIOLATED)
_15224_/A2                              0.750000    0.767591   -0.017591 (VIOLATED)
_15227_/A                               0.750000    0.767591   -0.017591 (VIOLATED)
_15233_/B                               0.750000    0.767591   -0.017591 (VIOLATED)
_15234_/A1                              0.750000    0.767591   -0.017591 (VIOLATED)
_15354_/B                               0.750000    0.767591   -0.017591 (VIOLATED)
_15488_/A2                              0.750000    0.767591   -0.017591 (VIOLATED)
_15489_/A                               0.750000    0.767591   -0.017591 (VIOLATED)
_15666_/A1                              0.750000    0.767591   -0.017591 (VIOLATED)
fanout428/X                             0.750000    0.767591   -0.017591 (VIOLATED)
_16972_/A1                              0.750000    0.767387   -0.017387 (VIOLATED)
fanout1594/A                            0.750000    0.767386   -0.017386 (VIOLATED)
_16158_/A_N                             0.750000    0.767386   -0.017386 (VIOLATED)
_17187_/A                               0.750000    0.767384   -0.017384 (VIOLATED)
_17070_/A1                              0.750000    0.767381   -0.017381 (VIOLATED)
_16161_/A1                              0.750000    0.767379   -0.017379 (VIOLATED)
_16162_/B1                              0.750000    0.767379   -0.017379 (VIOLATED)
_16163_/A1                              0.750000    0.767379   -0.017379 (VIOLATED)
_16674_/A                               0.750000    0.767379   -0.017379 (VIOLATED)
_16676_/A1                              0.750000    0.767379   -0.017379 (VIOLATED)
fanout1595/X                            0.750000    0.767379   -0.017379 (VIOLATED)
_12479_/D1                              0.750000    0.766927   -0.016927 (VIOLATED)
_12345_/A                               0.750000    0.766927   -0.016927 (VIOLATED)
_12400_/A1                              0.750000    0.766927   -0.016927 (VIOLATED)
_12482_/C1                              0.750000    0.766927   -0.016927 (VIOLATED)
_12498_/B1                              0.750000    0.766927   -0.016927 (VIOLATED)
_12500_/C1                              0.750000    0.766927   -0.016927 (VIOLATED)
_12558_/A1                              0.750000    0.766927   -0.016927 (VIOLATED)
_12588_/S1                              0.750000    0.766927   -0.016927 (VIOLATED)
_12634_/B                               0.750000    0.766927   -0.016927 (VIOLATED)
_12635_/A                               0.750000    0.766927   -0.016927 (VIOLATED)
fanout769/X                             0.750000    0.766927   -0.016927 (VIOLATED)
fanout1923/A                            0.750000    0.766686   -0.016686 (VIOLATED)
_19091_/RESET_B                         0.750000    0.766679   -0.016679 (VIOLATED)
fanout1928/A                            0.750000    0.766674   -0.016674 (VIOLATED)
_19073_/RESET_B                         0.750000    0.766673   -0.016673 (VIOLATED)
fanout1924/A                            0.750000    0.766660   -0.016660 (VIOLATED)
fanout1929/X                            0.750000    0.766660   -0.016660 (VIOLATED)
_11010_/B1                              0.750000    0.766102   -0.016102 (VIOLATED)
_10497_/A3                              0.750000    0.766101   -0.016101 (VIOLATED)
_10693_/A2                              0.750000    0.766099   -0.016099 (VIOLATED)
_09678_/A                               0.750000    0.766095   -0.016095 (VIOLATED)
_10488_/A1                              0.750000    0.766091   -0.016091 (VIOLATED)
_09676_/Y                               0.750000    0.766072   -0.016072 (VIOLATED)
_10513_/A1                              0.750000    0.766072   -0.016072 (VIOLATED)
_11009_/A1                              0.750000    0.766072   -0.016072 (VIOLATED)
_11170_/A2                              0.750000    0.766072   -0.016072 (VIOLATED)
_11172_/B2                              0.750000    0.766072   -0.016072 (VIOLATED)
_09429_/A                               0.750000    0.765850   -0.015850 (VIOLATED)
_12912_/C1                              0.750000    0.765850   -0.015850 (VIOLATED)
_12929_/B1                              0.750000    0.765850   -0.015850 (VIOLATED)
_12939_/B1                              0.750000    0.765850   -0.015850 (VIOLATED)
_12951_/A1                              0.750000    0.765850   -0.015850 (VIOLATED)
_12952_/A1                              0.750000    0.765850   -0.015850 (VIOLATED)
_13485_/C1                              0.750000    0.765850   -0.015850 (VIOLATED)
_13486_/A1_N                            0.750000    0.765850   -0.015850 (VIOLATED)
_13857_/B1                              0.750000    0.765850   -0.015850 (VIOLATED)
_13883_/A1                              0.750000    0.765850   -0.015850 (VIOLATED)
fanout1732/X                            0.750000    0.765850   -0.015850 (VIOLATED)
_12164_/B                               0.750000    0.765838   -0.015838 (VIOLATED)
_11938_/B                               0.750000    0.765838   -0.015838 (VIOLATED)
_11966_/A1                              0.750000    0.765838   -0.015838 (VIOLATED)
_12089_/A1                              0.750000    0.765838   -0.015838 (VIOLATED)
_12155_/A1                              0.750000    0.765838   -0.015838 (VIOLATED)
_12184_/A1                              0.750000    0.765838   -0.015838 (VIOLATED)
_12188_/A1                              0.750000    0.765838   -0.015838 (VIOLATED)
_17897_/A1                              0.750000    0.765838   -0.015838 (VIOLATED)
fanout1039/A                            0.750000    0.765838   -0.015838 (VIOLATED)
fanout1041/X                            0.750000    0.765838   -0.015838 (VIOLATED)
fanout1575/A                            0.750000    0.765467   -0.015467 (VIOLATED)
_09458_/A                               0.750000    0.765458   -0.015458 (VIOLATED)
_15070_/A2                              0.750000    0.765454   -0.015454 (VIOLATED)
_14837_/A1                              0.750000    0.765453   -0.015453 (VIOLATED)
_14618_/A1                              0.750000    0.765452   -0.015452 (VIOLATED)
_14632_/B                               0.750000    0.765446   -0.015446 (VIOLATED)
_14683_/A1                              0.750000    0.765446   -0.015446 (VIOLATED)
fanout1576/X                            0.750000    0.765446   -0.015446 (VIOLATED)
_14792_/A2                              0.750000    0.765418   -0.015418 (VIOLATED)
_15531_/A3                              0.750000    0.765407   -0.015407 (VIOLATED)
_14645_/A                               0.750000    0.765215   -0.015215 (VIOLATED)
_15660_/A1                              0.750000    0.765214   -0.015214 (VIOLATED)
_14671_/A_N                             0.750000    0.765214   -0.015214 (VIOLATED)
_14609_/A_N                             0.750000    0.765211   -0.015211 (VIOLATED)
_14623_/A_N                             0.750000    0.765211   -0.015211 (VIOLATED)
_14647_/A1                              0.750000    0.765211   -0.015211 (VIOLATED)
_15609_/A1                              0.750000    0.765211   -0.015211 (VIOLATED)
fanout1576/A                            0.750000    0.765211   -0.015211 (VIOLATED)
fanout1577/X                            0.750000    0.765211   -0.015211 (VIOLATED)
_14306_/X                               0.750000    0.765159   -0.015159 (VIOLATED)
fanout452/A                             0.750000    0.765159   -0.015159 (VIOLATED)
_11789_/A                               0.750000    0.765089   -0.015089 (VIOLATED)
_11377_/A                               0.750000    0.765080   -0.015080 (VIOLATED)
_11279_/A0                              0.750000    0.765079   -0.015079 (VIOLATED)
_11198_/X                               0.750000    0.764878   -0.014878 (VIOLATED)
_12040_/A2                              0.750000    0.764708   -0.014708 (VIOLATED)
_12184_/A3                              0.750000    0.764706   -0.014706 (VIOLATED)
_12186_/D                               0.750000    0.764706   -0.014706 (VIOLATED)
_11876_/Y                               0.750000    0.764699   -0.014699 (VIOLATED)
_12126_/A1                              0.750000    0.764699   -0.014699 (VIOLATED)
_11693_/A1                              0.750000    0.764664   -0.014664 (VIOLATED)
_11794_/C1                              0.750000    0.764663   -0.014663 (VIOLATED)
_11471_/C1                              0.750000    0.764663   -0.014663 (VIOLATED)
_11547_/A                               0.750000    0.764663   -0.014663 (VIOLATED)
_11561_/B1                              0.750000    0.764663   -0.014663 (VIOLATED)
_11617_/B1                              0.750000    0.764663   -0.014663 (VIOLATED)
_11694_/A1                              0.750000    0.764663   -0.014663 (VIOLATED)
_11730_/S1                              0.750000    0.764663   -0.014663 (VIOLATED)
_11802_/B1                              0.750000    0.764663   -0.014663 (VIOLATED)
_11818_/C1                              0.750000    0.764663   -0.014663 (VIOLATED)
fanout791/X                             0.750000    0.764663   -0.014663 (VIOLATED)
_18162_/A                               0.750000    0.764297   -0.014297 (VIOLATED)
input6/X                                0.750000    0.764266   -0.014266 (VIOLATED)
_09725_/A                               0.750000    0.764179   -0.014179 (VIOLATED)
_09656_/A1                              0.750000    0.764179   -0.014179 (VIOLATED)
_09714_/C1                              0.750000    0.764178   -0.014178 (VIOLATED)
_10700_/C1                              0.750000    0.764175   -0.014175 (VIOLATED)
_10698_/C1                              0.750000    0.764174   -0.014174 (VIOLATED)
_10697_/A1                              0.750000    0.764171   -0.014171 (VIOLATED)
_10696_/C1                              0.750000    0.764171   -0.014171 (VIOLATED)
_09691_/A_N                             0.750000    0.764166   -0.014166 (VIOLATED)
_09683_/A1                              0.750000    0.764166   -0.014166 (VIOLATED)
_09693_/B                               0.750000    0.764166   -0.014166 (VIOLATED)
fanout1643/X                            0.750000    0.764166   -0.014166 (VIOLATED)
_13169_/A1                              0.750000    0.763972   -0.013972 (VIOLATED)
_13265_/A1                              0.750000    0.763972   -0.013972 (VIOLATED)
_13138_/A1                              0.750000    0.763972   -0.013972 (VIOLATED)
_13095_/A                               0.750000    0.763969   -0.013969 (VIOLATED)
_13181_/A2                              0.750000    0.763969   -0.013969 (VIOLATED)
_13203_/A                               0.750000    0.763969   -0.013969 (VIOLATED)
_13624_/A1                              0.750000    0.763969   -0.013969 (VIOLATED)
_13675_/A                               0.750000    0.763969   -0.013969 (VIOLATED)
_14013_/A                               0.750000    0.763969   -0.013969 (VIOLATED)
_14036_/A1                              0.750000    0.763969   -0.013969 (VIOLATED)
fanout749/X                             0.750000    0.763969   -0.013969 (VIOLATED)
_09948_/A1                              0.750000    0.763706   -0.013706 (VIOLATED)
_10752_/A1                              0.750000    0.763706   -0.013706 (VIOLATED)
_10760_/A                               0.750000    0.763706   -0.013706 (VIOLATED)
_10768_/B1                              0.750000    0.763706   -0.013706 (VIOLATED)
_10769_/B1                              0.750000    0.763706   -0.013706 (VIOLATED)
_10772_/C1                              0.750000    0.763706   -0.013706 (VIOLATED)
_11225_/A1                              0.750000    0.763706   -0.013706 (VIOLATED)
_11226_/C1                              0.750000    0.763706   -0.013706 (VIOLATED)
_11246_/A1                              0.750000    0.763706   -0.013706 (VIOLATED)
fanout1687/A                            0.750000    0.763706   -0.013706 (VIOLATED)
fanout1688/X                            0.750000    0.763706   -0.013706 (VIOLATED)
fanout324/A                             0.750000    0.763698   -0.013698 (VIOLATED)
_18101_/B1                              0.750000    0.763696   -0.013696 (VIOLATED)
_17800_/S                               0.750000    0.763694   -0.013694 (VIOLATED)
_17552_/S                               0.750000    0.763693   -0.013693 (VIOLATED)
_17890_/B1                              0.750000    0.763685   -0.013685 (VIOLATED)
fanout320/A                             0.750000    0.763681   -0.013681 (VIOLATED)
fanout325/X                             0.750000    0.763681   -0.013681 (VIOLATED)
fanout754/A                             0.750000    0.763563   -0.013563 (VIOLATED)
_12779_/B1                              0.750000    0.763563   -0.013563 (VIOLATED)
_12784_/C1                              0.750000    0.763561   -0.013561 (VIOLATED)
_13239_/A1                              0.750000    0.763560   -0.013560 (VIOLATED)
_13943_/B1                              0.750000    0.763557   -0.013557 (VIOLATED)
_13246_/A1                              0.750000    0.763557   -0.013557 (VIOLATED)
_13543_/B1                              0.750000    0.763556   -0.013556 (VIOLATED)
_13235_/A                               0.750000    0.763556   -0.013556 (VIOLATED)
_13407_/B2                              0.750000    0.763555   -0.013555 (VIOLATED)
fanout755/X                             0.750000    0.763555   -0.013555 (VIOLATED)
_16256_/B                               0.750000    0.763375   -0.013375 (VIOLATED)
_16263_/A_N                             0.750000    0.763375   -0.013375 (VIOLATED)
_16272_/B                               0.750000    0.763375   -0.013375 (VIOLATED)
_16277_/A_N                             0.750000    0.763375   -0.013375 (VIOLATED)
_16310_/B                               0.750000    0.763375   -0.013375 (VIOLATED)
_16315_/B                               0.750000    0.763375   -0.013375 (VIOLATED)
_16325_/B                               0.750000    0.763375   -0.013375 (VIOLATED)
_16526_/A1                              0.750000    0.763375   -0.013375 (VIOLATED)
fanout1386/A                            0.750000    0.763375   -0.013375 (VIOLATED)
fanout1388/A                            0.750000    0.763375   -0.013375 (VIOLATED)
fanout1389/X                            0.750000    0.763375   -0.013375 (VIOLATED)
_10474_/B1                              0.750000    0.763332   -0.013332 (VIOLATED)
_10164_/B1                              0.750000    0.763332   -0.013332 (VIOLATED)
_10658_/A1                              0.750000    0.763332   -0.013332 (VIOLATED)
_10659_/A                               0.750000    0.763332   -0.013332 (VIOLATED)
_10663_/A                               0.750000    0.763332   -0.013332 (VIOLATED)
_10823_/C1                              0.750000    0.763332   -0.013332 (VIOLATED)
_11137_/A1                              0.750000    0.763332   -0.013332 (VIOLATED)
_11294_/A                               0.750000    0.763332   -0.013332 (VIOLATED)
_11295_/B2                              0.750000    0.763332   -0.013332 (VIOLATED)
fanout929/X                             0.750000    0.763332   -0.013332 (VIOLATED)
_18354_/B1                              0.750000    0.762964   -0.012965 (VIOLATED)
_18357_/B1                              0.750000    0.762964   -0.012965 (VIOLATED)
_18362_/B1                              0.750000    0.762964   -0.012965 (VIOLATED)
_18365_/B1                              0.750000    0.762964   -0.012965 (VIOLATED)
_18370_/B1                              0.750000    0.762964   -0.012965 (VIOLATED)
_18373_/B1                              0.750000    0.762964   -0.012965 (VIOLATED)
_18378_/B1                              0.750000    0.762964   -0.012965 (VIOLATED)
_18381_/B1                              0.750000    0.762964   -0.012965 (VIOLATED)
_18389_/B1                              0.750000    0.762964   -0.012965 (VIOLATED)
_18397_/B1                              0.750000    0.762964   -0.012965 (VIOLATED)
fanout236/X                             0.750000    0.762964   -0.012965 (VIOLATED)
_16798_/C1                              0.750000    0.762240   -0.012240 (VIOLATED)
_16701_/S                               0.750000    0.762238   -0.012238 (VIOLATED)
_16695_/C1                              0.750000    0.762236   -0.012236 (VIOLATED)
_16807_/A1                              0.750000    0.762235   -0.012235 (VIOLATED)
_16989_/B1                              0.750000    0.762235   -0.012235 (VIOLATED)
fanout1590/A                            0.750000    0.762235   -0.012235 (VIOLATED)
fanout1592/A                            0.750000    0.762235   -0.012235 (VIOLATED)
fanout1593/X                            0.750000    0.762235   -0.012235 (VIOLATED)
_11753_/B1                              0.750000    0.762230   -0.012230 (VIOLATED)
_11691_/A1                              0.750000    0.762230   -0.012230 (VIOLATED)
_11570_/Y                               0.750000    0.762228   -0.012228 (VIOLATED)
_11575_/A1                              0.750000    0.762228   -0.012228 (VIOLATED)
_11799_/B1                              0.750000    0.762228   -0.012228 (VIOLATED)
_10530_/A1                              0.750000    0.762191   -0.012191 (VIOLATED)
_10020_/A1                              0.750000    0.762190   -0.012190 (VIOLATED)
_09962_/A2                              0.750000    0.762189   -0.012189 (VIOLATED)
_10007_/A                               0.750000    0.762189   -0.012189 (VIOLATED)
_09894_/A2                              0.750000    0.762188   -0.012188 (VIOLATED)
_09914_/A1                              0.750000    0.762188   -0.012188 (VIOLATED)
_09928_/B                               0.750000    0.762188   -0.012188 (VIOLATED)
fanout1726/A                            0.750000    0.762188   -0.012188 (VIOLATED)
fanout1727/X                            0.750000    0.762188   -0.012188 (VIOLATED)
_10651_/C1                              0.750000    0.762185   -0.012185 (VIOLATED)
_11296_/B1                              0.750000    0.762185   -0.012185 (VIOLATED)
_11389_/B                               0.750000    0.762185   -0.012185 (VIOLATED)
_10470_/A2                              0.750000    0.762184   -0.012184 (VIOLATED)
_10161_/Y                               0.750000    0.762183   -0.012183 (VIOLATED)
_10242_/A1                              0.750000    0.762183   -0.012183 (VIOLATED)
_11280_/A1                              0.750000    0.762183   -0.012183 (VIOLATED)
fanout967/A                             0.750000    0.761452   -0.011452 (VIOLATED)
_14764_/Y                               0.750000    0.761443   -0.011443 (VIOLATED)
_15767_/B                               0.750000    0.761443   -0.011443 (VIOLATED)
wire130/A                               0.750000    0.761443   -0.011443 (VIOLATED)
fanout968/A                             0.750000    0.761403   -0.011403 (VIOLATED)
_11056_/C1                              0.750000    0.761279   -0.011279 (VIOLATED)
_10565_/B1                              0.750000    0.761278   -0.011278 (VIOLATED)
_10574_/A1                              0.750000    0.761277   -0.011277 (VIOLATED)
_10577_/A1                              0.750000    0.761276   -0.011276 (VIOLATED)
_10560_/C1                              0.750000    0.761272   -0.011272 (VIOLATED)
_10598_/A                               0.750000    0.761271   -0.011271 (VIOLATED)
_10345_/B1                              0.750000    0.761271   -0.011271 (VIOLATED)
_10363_/C1                              0.750000    0.761271   -0.011271 (VIOLATED)
_11332_/B1                              0.750000    0.761271   -0.011271 (VIOLATED)
_11336_/B1                              0.750000    0.761271   -0.011271 (VIOLATED)
fanout817/X                             0.750000    0.761271   -0.011271 (VIOLATED)
_14378_/B                               0.750000    0.761247   -0.011247 (VIOLATED)
_14399_/A                               0.750000    0.761247   -0.011247 (VIOLATED)
_14425_/A                               0.750000    0.761247   -0.011247 (VIOLATED)
_14448_/B                               0.750000    0.761247   -0.011247 (VIOLATED)
_14456_/C1                              0.750000    0.761247   -0.011247 (VIOLATED)
_15032_/A                               0.750000    0.761247   -0.011247 (VIOLATED)
_15258_/A1                              0.750000    0.761247   -0.011247 (VIOLATED)
_15302_/B1                              0.750000    0.761247   -0.011247 (VIOLATED)
_15497_/A1                              0.750000    0.761247   -0.011247 (VIOLATED)
_15570_/A1                              0.750000    0.761247   -0.011247 (VIOLATED)
fanout1324/X                            0.750000    0.761247   -0.011247 (VIOLATED)
_12177_/A                               0.750000    0.761176   -0.011176 (VIOLATED)
_17917_/A1                              0.750000    0.761176   -0.011176 (VIOLATED)
_19011_/Q                               0.750000    0.761176   -0.011176 (VIOLATED)
_09697_/Y                               0.750000    0.761093   -0.011093 (VIOLATED)
_09699_/B                               0.750000    0.761093   -0.011093 (VIOLATED)
_09701_/A2                              0.750000    0.761093   -0.011093 (VIOLATED)
_09744_/A2                              0.750000    0.761093   -0.011093 (VIOLATED)
_10502_/A                               0.750000    0.761093   -0.011093 (VIOLATED)
fanout1073/A                            0.750000    0.761071   -0.011071 (VIOLATED)
fanout1075/A                            0.750000    0.761069   -0.011069 (VIOLATED)
fanout1074/A                            0.750000    0.761066   -0.011066 (VIOLATED)
fanout1072/A                            0.750000    0.761058   -0.011058 (VIOLATED)
fanout1067/A                            0.750000    0.761053   -0.011053 (VIOLATED)
fanout1069/A                            0.750000    0.761053   -0.011053 (VIOLATED)
fanout1071/A                            0.750000    0.761053   -0.011053 (VIOLATED)
fanout1076/X                            0.750000    0.761053   -0.011053 (VIOLATED)
_10261_/S                               0.750000    0.761023   -0.011023 (VIOLATED)
_10264_/B1                              0.750000    0.761023   -0.011023 (VIOLATED)
_10538_/C1                              0.750000    0.761023   -0.011023 (VIOLATED)
_10541_/B1                              0.750000    0.761023   -0.011023 (VIOLATED)
_10542_/A1                              0.750000    0.761023   -0.011023 (VIOLATED)
_10544_/D1                              0.750000    0.761023   -0.011023 (VIOLATED)
_10547_/A                               0.750000    0.761023   -0.011023 (VIOLATED)
_10922_/B1                              0.750000    0.761023   -0.011023 (VIOLATED)
_10941_/A1                              0.750000    0.761023   -0.011023 (VIOLATED)
_11092_/A1                              0.750000    0.761023   -0.011023 (VIOLATED)
fanout1691/X                            0.750000    0.761023   -0.011023 (VIOLATED)
_13260_/D_N                             0.750000    0.761002   -0.011002 (VIOLATED)
_13087_/B                               0.750000    0.761001   -0.011001 (VIOLATED)
_13192_/B                               0.750000    0.761001   -0.011001 (VIOLATED)
_13101_/A                               0.750000    0.761000   -0.011000 (VIOLATED)
_13099_/A_N                             0.750000    0.761000   -0.011000 (VIOLATED)
_13064_/B                               0.750000    0.761000   -0.011000 (VIOLATED)
_13078_/A                               0.750000    0.761000   -0.011000 (VIOLATED)
_13102_/C_N                             0.750000    0.761000   -0.011000 (VIOLATED)
_13110_/A1                              0.750000    0.761000   -0.011000 (VIOLATED)
_13146_/A                               0.750000    0.761000   -0.011000 (VIOLATED)
fanout1531/X                            0.750000    0.761000   -0.011000 (VIOLATED)
_13171_/S1                              0.750000    0.760915   -0.010915 (VIOLATED)
_13680_/A1                              0.750000    0.760915   -0.010915 (VIOLATED)
_13191_/B1                              0.750000    0.760914   -0.010914 (VIOLATED)
_13201_/A1_N                            0.750000    0.760914   -0.010914 (VIOLATED)
_13286_/C1                              0.750000    0.760914   -0.010914 (VIOLATED)
_13290_/A1                              0.750000    0.760914   -0.010914 (VIOLATED)
_13292_/B1                              0.750000    0.760914   -0.010914 (VIOLATED)
_13450_/C1                              0.750000    0.760914   -0.010914 (VIOLATED)
_13686_/A1                              0.750000    0.760914   -0.010914 (VIOLATED)
_13692_/A                               0.750000    0.760914   -0.010914 (VIOLATED)
fanout1492/X                            0.750000    0.760914   -0.010914 (VIOLATED)
_10034_/B                               0.750000    0.760769   -0.010769 (VIOLATED)
_10094_/C                               0.750000    0.760769   -0.010769 (VIOLATED)
_10110_/A1                              0.750000    0.760769   -0.010769 (VIOLATED)
_10114_/B                               0.750000    0.760769   -0.010769 (VIOLATED)
fanout1430/A                            0.750000    0.760769   -0.010769 (VIOLATED)
fanout1431/X                            0.750000    0.760769   -0.010769 (VIOLATED)
_14851_/B1                              0.750000    0.760721   -0.010721 (VIOLATED)
_15671_/B1                              0.750000    0.760721   -0.010721 (VIOLATED)
_15483_/A1                              0.750000    0.760720   -0.010720 (VIOLATED)
_15073_/A2                              0.750000    0.760718   -0.010718 (VIOLATED)
fanout1551/A                            0.750000    0.760715   -0.010715 (VIOLATED)
_14662_/A_N                             0.750000    0.760713   -0.010713 (VIOLATED)
_14691_/B1_N                            0.750000    0.760707   -0.010707 (VIOLATED)
_14604_/B                               0.750000    0.760705   -0.010705 (VIOLATED)
_14701_/B                               0.750000    0.760704   -0.010704 (VIOLATED)
_14827_/C1                              0.750000    0.760704   -0.010704 (VIOLATED)
fanout1552/X                            0.750000    0.760704   -0.010704 (VIOLATED)
_09465_/A                               0.750000    0.759840   -0.009840 (VIOLATED)
_14488_/B                               0.750000    0.759840   -0.009840 (VIOLATED)
_14490_/A_N                             0.750000    0.759840   -0.009840 (VIOLATED)
_14491_/A                               0.750000    0.759840   -0.009840 (VIOLATED)
_14541_/A1                              0.750000    0.759840   -0.009840 (VIOLATED)
_14556_/A                               0.750000    0.759840   -0.009840 (VIOLATED)
_14572_/A1                              0.750000    0.759840   -0.009840 (VIOLATED)
_14581_/B                               0.750000    0.759840   -0.009840 (VIOLATED)
fanout1802/A                            0.750000    0.759840   -0.009840 (VIOLATED)
fanout1803/X                            0.750000    0.759840   -0.009840 (VIOLATED)
_16342_/B1                              0.750000    0.759381   -0.009381 (VIOLATED)
_16329_/B1                              0.750000    0.759380   -0.009380 (VIOLATED)
_16303_/B                               0.750000    0.759379   -0.009379 (VIOLATED)
_16269_/A_N                             0.750000    0.759379   -0.009379 (VIOLATED)
_16317_/B1_N                            0.750000    0.759379   -0.009379 (VIOLATED)
_16328_/B1                              0.750000    0.759379   -0.009379 (VIOLATED)
_16548_/A1                              0.750000    0.759379   -0.009379 (VIOLATED)
_16634_/A2                              0.750000    0.759379   -0.009379 (VIOLATED)
_16643_/B1                              0.750000    0.759379   -0.009379 (VIOLATED)
_16816_/B2                              0.750000    0.759379   -0.009379 (VIOLATED)
fanout1375/X                            0.750000    0.759379   -0.009379 (VIOLATED)
_13968_/A1                              0.750000    0.759222   -0.009222 (VIOLATED)
fanout1770/A                            0.750000    0.759215   -0.009215 (VIOLATED)
_17528_/A0                              0.750000    0.759211   -0.009211 (VIOLATED)
fanout1771/A                            0.750000    0.759211   -0.009211 (VIOLATED)
fanout1772/A                            0.750000    0.759211   -0.009211 (VIOLATED)
fanout1773/X                            0.750000    0.759211   -0.009211 (VIOLATED)
_13192_/C                               0.750000    0.759208   -0.009208 (VIOLATED)
_13078_/B                               0.750000    0.759207   -0.009208 (VIOLATED)
_13615_/A1                              0.750000    0.759207   -0.009208 (VIOLATED)
_13102_/A                               0.750000    0.759207   -0.009207 (VIOLATED)
_13110_/A2                              0.750000    0.759207   -0.009207 (VIOLATED)
_13136_/A2                              0.750000    0.759206   -0.009206 (VIOLATED)
_13085_/C                               0.750000    0.759206   -0.009206 (VIOLATED)
_17655_/A0                              0.750000    0.759206   -0.009206 (VIOLATED)
fanout1522/X                            0.750000    0.759206   -0.009206 (VIOLATED)
_12435_/A1                              0.750000    0.759188   -0.009188 (VIOLATED)
_12369_/A1                              0.750000    0.759188   -0.009188 (VIOLATED)
_12370_/A1                              0.750000    0.759188   -0.009188 (VIOLATED)
_12592_/A                               0.750000    0.759188   -0.009188 (VIOLATED)
_12451_/B1                              0.750000    0.759188   -0.009188 (VIOLATED)
_12483_/B1                              0.750000    0.759188   -0.009188 (VIOLATED)
_12595_/B1                              0.750000    0.759188   -0.009188 (VIOLATED)
_12598_/B                               0.750000    0.759188   -0.009188 (VIOLATED)
_12599_/A                               0.750000    0.759188   -0.009188 (VIOLATED)
fanout975/A                             0.750000    0.759188   -0.009188 (VIOLATED)
fanout976/X                             0.750000    0.759188   -0.009188 (VIOLATED)
_14944_/B1                              0.750000    0.759154   -0.009154 (VIOLATED)
_15292_/A1                              0.750000    0.759153   -0.009153 (VIOLATED)
_15537_/B1                              0.750000    0.759153   -0.009153 (VIOLATED)
_15542_/C1                              0.750000    0.759153   -0.009153 (VIOLATED)
_14365_/A1                              0.750000    0.759150   -0.009150 (VIOLATED)
_15419_/A1                              0.750000    0.759148   -0.009148 (VIOLATED)
_14279_/B                               0.750000    0.759146   -0.009146 (VIOLATED)
_15417_/A1                              0.750000    0.759146   -0.009146 (VIOLATED)
_15428_/A1                              0.750000    0.759146   -0.009146 (VIOLATED)
_15530_/C1                              0.750000    0.759146   -0.009146 (VIOLATED)
fanout1257/X                            0.750000    0.759146   -0.009146 (VIOLATED)
_16024_/B1                              0.750000    0.758839   -0.008839 (VIOLATED)
_17221_/A1                              0.750000    0.758833   -0.008833 (VIOLATED)
_16572_/B2                              0.750000    0.758830   -0.008830 (VIOLATED)
_16023_/Y                               0.750000    0.758825   -0.008825 (VIOLATED)
_16945_/A1                              0.750000    0.758825   -0.008825 (VIOLATED)
_14290_/B                               0.750000    0.758468   -0.008468 (VIOLATED)
_14352_/A_N                             0.750000    0.758467   -0.008467 (VIOLATED)
_14362_/A2                              0.750000    0.758466   -0.008466 (VIOLATED)
_14269_/A_N                             0.750000    0.758466   -0.008466 (VIOLATED)
_14271_/A_N                             0.750000    0.758466   -0.008466 (VIOLATED)
_14284_/B                               0.750000    0.758466   -0.008466 (VIOLATED)
_14306_/B                               0.750000    0.758466   -0.008466 (VIOLATED)
_14349_/B                               0.750000    0.758466   -0.008466 (VIOLATED)
_14766_/B                               0.750000    0.758466   -0.008466 (VIOLATED)
_14779_/A2                              0.750000    0.758466   -0.008466 (VIOLATED)
fanout1283/X                            0.750000    0.758466   -0.008466 (VIOLATED)
_15966_/B1                              0.750000    0.758064   -0.008064 (VIOLATED)
_15962_/C1                              0.750000    0.758063   -0.008063 (VIOLATED)
_16769_/A1                              0.750000    0.758062   -0.008062 (VIOLATED)
_16766_/C1                              0.750000    0.758062   -0.008062 (VIOLATED)
_16217_/A1                              0.750000    0.758058   -0.008058 (VIOLATED)
_15941_/A_N                             0.750000    0.758056   -0.008056 (VIOLATED)
_15908_/B                               0.750000    0.758056   -0.008056 (VIOLATED)
_16902_/A                               0.750000    0.758055   -0.008055 (VIOLATED)
_16905_/A1                              0.750000    0.758055   -0.008055 (VIOLATED)
fanout1832/A                            0.750000    0.758055   -0.008055 (VIOLATED)
fanout1833/X                            0.750000    0.758055   -0.008055 (VIOLATED)
_18093_/A1                              0.750000    0.757988   -0.007988 (VIOLATED)
_18151_/A1                              0.750000    0.757985   -0.007986 (VIOLATED)
_18150_/A1                              0.750000    0.757985   -0.007985 (VIOLATED)
_17879_/A1                              0.750000    0.757983   -0.007983 (VIOLATED)
_17887_/A1                              0.750000    0.757982   -0.007982 (VIOLATED)
fanout893/A                             0.750000    0.757981   -0.007981 (VIOLATED)
fanout894/X                             0.750000    0.757981   -0.007981 (VIOLATED)
_09446_/A                               0.750000    0.757976   -0.007976 (VIOLATED)
_14777_/C1                              0.750000    0.757976   -0.007976 (VIOLATED)
_14781_/C1                              0.750000    0.757976   -0.007976 (VIOLATED)
_14806_/C1                              0.750000    0.757976   -0.007976 (VIOLATED)
_14985_/A1                              0.750000    0.757976   -0.007976 (VIOLATED)
_14986_/B1                              0.750000    0.757976   -0.007976 (VIOLATED)
_14987_/C1                              0.750000    0.757976   -0.007976 (VIOLATED)
_14991_/A                               0.750000    0.757976   -0.007976 (VIOLATED)
_15010_/C1                              0.750000    0.757976   -0.007976 (VIOLATED)
_15277_/A1                              0.750000    0.757976   -0.007976 (VIOLATED)
fanout1264/X                            0.750000    0.757976   -0.007976 (VIOLATED)
_18675_/B1                              0.750000    0.757501   -0.007501 (VIOLATED)
_18489_/B1                              0.750000    0.757500   -0.007500 (VIOLATED)
_18663_/B1                              0.750000    0.757500   -0.007500 (VIOLATED)
_18471_/B1                              0.750000    0.757499   -0.007499 (VIOLATED)
_18479_/B1                              0.750000    0.757497   -0.007497 (VIOLATED)
_18495_/B1                              0.750000    0.757497   -0.007497 (VIOLATED)
_18511_/B1                              0.750000    0.757497   -0.007497 (VIOLATED)
_18559_/B1                              0.750000    0.757497   -0.007497 (VIOLATED)
_18591_/B1                              0.750000    0.757497   -0.007497 (VIOLATED)
_18623_/B1                              0.750000    0.757497   -0.007497 (VIOLATED)
fanout363/X                             0.750000    0.757497   -0.007497 (VIOLATED)
_10584_/B1                              0.750000    0.757451   -0.007451 (VIOLATED)
_10801_/A1                              0.750000    0.757451   -0.007451 (VIOLATED)
_10899_/B1                              0.750000    0.757451   -0.007451 (VIOLATED)
_11042_/A1                              0.750000    0.757451   -0.007451 (VIOLATED)
_11043_/C1                              0.750000    0.757451   -0.007451 (VIOLATED)
_11048_/C1                              0.750000    0.757451   -0.007451 (VIOLATED)
_11051_/C1                              0.750000    0.757451   -0.007451 (VIOLATED)
_11321_/A1                              0.750000    0.757451   -0.007451 (VIOLATED)
_11337_/A1                              0.750000    0.757451   -0.007451 (VIOLATED)
fanout817/A                             0.750000    0.757451   -0.007451 (VIOLATED)
fanout818/X                             0.750000    0.757451   -0.007451 (VIOLATED)
fanout1701/A                            0.750000    0.757343   -0.007343 (VIOLATED)
_10923_/A1                              0.750000    0.757343   -0.007343 (VIOLATED)
_10919_/A1                              0.750000    0.757341   -0.007341 (VIOLATED)
_10000_/A1                              0.750000    0.757339   -0.007339 (VIOLATED)
_09999_/A1                              0.750000    0.757338   -0.007338 (VIOLATED)
_11073_/B                               0.750000    0.757338   -0.007338 (VIOLATED)
_09998_/A1                              0.750000    0.757338   -0.007338 (VIOLATED)
_09903_/B1_N                            0.750000    0.757337   -0.007337 (VIOLATED)
_09987_/B                               0.750000    0.757337   -0.007337 (VIOLATED)
_11090_/A2                              0.750000    0.757337   -0.007337 (VIOLATED)
fanout1702/X                            0.750000    0.757337   -0.007337 (VIOLATED)
_12983_/A_N                             0.750000    0.757065   -0.007065 (VIOLATED)
_12995_/A1                              0.750000    0.757064   -0.007064 (VIOLATED)
_13569_/B2                              0.750000    0.757063   -0.007063 (VIOLATED)
_12984_/A_N                             0.750000    0.757061   -0.007061 (VIOLATED)
fanout1233/A                            0.750000    0.757059   -0.007059 (VIOLATED)
_13574_/A1                              0.750000    0.757048   -0.007048 (VIOLATED)
_12987_/A                               0.750000    0.757040   -0.007040 (VIOLATED)
_17807_/A0                              0.750000    0.757037   -0.007037 (VIOLATED)
fanout1234/X                            0.750000    0.757037   -0.007037 (VIOLATED)
_16673_/C                               0.750000    0.756932   -0.006932 (VIOLATED)
_16687_/A1                              0.750000    0.756932   -0.006932 (VIOLATED)
_16669_/A                               0.750000    0.756932   -0.006932 (VIOLATED)
_16470_/A1                              0.750000    0.756931   -0.006931 (VIOLATED)
_16200_/A                               0.750000    0.756930   -0.006930 (VIOLATED)
_16202_/C1                              0.750000    0.756930   -0.006930 (VIOLATED)
_16472_/A                               0.750000    0.756930   -0.006930 (VIOLATED)
_16702_/B2                              0.750000    0.756930   -0.006930 (VIOLATED)
_16782_/B1                              0.750000    0.756930   -0.006930 (VIOLATED)
_17297_/A1                              0.750000    0.756930   -0.006930 (VIOLATED)
fanout1592/X                            0.750000    0.756930   -0.006930 (VIOLATED)
_13143_/A                               0.750000    0.756868   -0.006868 (VIOLATED)
_13675_/C                               0.750000    0.756868   -0.006868 (VIOLATED)
_13172_/B1                              0.750000    0.756867   -0.006867 (VIOLATED)
_13850_/A2                              0.750000    0.756865   -0.006865 (VIOLATED)
_13693_/A1                              0.750000    0.756862   -0.006862 (VIOLATED)
_13097_/Y                               0.750000    0.756639   -0.006639 (VIOLATED)
_13109_/C                               0.750000    0.756639   -0.006639 (VIOLATED)
_13285_/A2                              0.750000    0.756639   -0.006639 (VIOLATED)
_13439_/A3                              0.750000    0.756639   -0.006639 (VIOLATED)
_17288_/B                               0.750000    0.756409   -0.006409 (VIOLATED)
_17422_/A2                              0.750000    0.756404   -0.006404 (VIOLATED)
_17470_/B                               0.750000    0.756388   -0.006388 (VIOLATED)
_17396_/A                               0.750000    0.756367   -0.006367 (VIOLATED)
_17401_/B                               0.750000    0.756349   -0.006349 (VIOLATED)
_11927_/B1_N                            0.750000    0.756315   -0.006315 (VIOLATED)
_11845_/A_N                             0.750000    0.756315   -0.006315 (VIOLATED)
_11891_/B                               0.750000    0.756315   -0.006315 (VIOLATED)
_11983_/A1                              0.750000    0.756315   -0.006315 (VIOLATED)
_11847_/A                               0.750000    0.756314   -0.006314 (VIOLATED)
_12032_/B1                              0.750000    0.756311   -0.006311 (VIOLATED)
_09402_/A                               0.750000    0.756311   -0.006311 (VIOLATED)
_11914_/A1                              0.750000    0.756311   -0.006311 (VIOLATED)
_11915_/A1                              0.750000    0.756311   -0.006311 (VIOLATED)
_12034_/A1_N                            0.750000    0.756311   -0.006311 (VIOLATED)
fanout1034/X                            0.750000    0.756311   -0.006311 (VIOLATED)
fanout2013/A                            0.750000    0.756307   -0.006307 (VIOLATED)
_19447_/RESET_B                         0.750000    0.756306   -0.006306 (VIOLATED)
fanout2017/A                            0.750000    0.756306   -0.006306 (VIOLATED)
_19472_/RESET_B                         0.750000    0.756304   -0.006304 (VIOLATED)
fanout2015/A                            0.750000    0.756304   -0.006304 (VIOLATED)
fanout2019/A                            0.750000    0.756304   -0.006304 (VIOLATED)
fanout2020/X                            0.750000    0.756304   -0.006304 (VIOLATED)
_17381_/B                               0.750000    0.756215   -0.006215 (VIOLATED)
_17375_/B                               0.750000    0.756168   -0.006168 (VIOLATED)
_17287_/X                               0.750000    0.756153   -0.006153 (VIOLATED)
_17048_/A1                              0.750000    0.755215   -0.005215 (VIOLATED)
_17169_/A1                              0.750000    0.755212   -0.005212 (VIOLATED)
_17191_/A1                              0.750000    0.755198   -0.005198 (VIOLATED)
fanout649/A                             0.750000    0.755181   -0.005181 (VIOLATED)
fanout648/A                             0.750000    0.755168   -0.005168 (VIOLATED)
fanout647/A                             0.750000    0.755164   -0.005164 (VIOLATED)
fanout650/X                             0.750000    0.755164   -0.005164 (VIOLATED)
_11856_/B                               0.750000    0.754571   -0.004572 (VIOLATED)
_11895_/B1                              0.750000    0.754571   -0.004572 (VIOLATED)
_11898_/A1                              0.750000    0.754571   -0.004572 (VIOLATED)
_12037_/A1                              0.750000    0.754571   -0.004572 (VIOLATED)
_12067_/C1                              0.750000    0.754571   -0.004572 (VIOLATED)
_12075_/A1                              0.750000    0.754571   -0.004572 (VIOLATED)
_12078_/C1                              0.750000    0.754571   -0.004572 (VIOLATED)
_12080_/C1                              0.750000    0.754571   -0.004572 (VIOLATED)
_12086_/A                               0.750000    0.754571   -0.004572 (VIOLATED)
_12219_/C1                              0.750000    0.754571   -0.004572 (VIOLATED)
fanout1021/X                            0.750000    0.754571   -0.004572 (VIOLATED)
_12145_/A1                              0.750000    0.754329   -0.004329 (VIOLATED)
_12191_/A1                              0.750000    0.754329   -0.004329 (VIOLATED)
_11918_/A                               0.750000    0.754328   -0.004328 (VIOLATED)
_11921_/A                               0.750000    0.754328   -0.004328 (VIOLATED)
_11984_/A                               0.750000    0.754328   -0.004328 (VIOLATED)
_12018_/A1                              0.750000    0.754328   -0.004328 (VIOLATED)
_12186_/A                               0.750000    0.754328   -0.004328 (VIOLATED)
fanout1042/A                            0.750000    0.754328   -0.004328 (VIOLATED)
fanout1043/X                            0.750000    0.754328   -0.004328 (VIOLATED)
_09712_/A                               0.750000    0.753518   -0.003518 (VIOLATED)
_10406_/A                               0.750000    0.753517   -0.003517 (VIOLATED)
_10408_/B1                              0.750000    0.753517   -0.003517 (VIOLATED)
_10423_/B1                              0.750000    0.753515   -0.003515 (VIOLATED)
_10705_/A1_N                            0.750000    0.753514   -0.003514 (VIOLATED)
_09737_/B1                              0.750000    0.753514   -0.003514 (VIOLATED)
_10703_/C1                              0.750000    0.753514   -0.003514 (VIOLATED)
_10877_/B1                              0.750000    0.753514   -0.003514 (VIOLATED)
_10881_/A1                              0.750000    0.753514   -0.003514 (VIOLATED)
_11018_/C1                              0.750000    0.753514   -0.003514 (VIOLATED)
fanout1640/X                            0.750000    0.753514   -0.003514 (VIOLATED)
_14788_/B1                              0.750000    0.752971   -0.002971 (VIOLATED)
_14795_/C1                              0.750000    0.752971   -0.002971 (VIOLATED)
_14950_/C1                              0.750000    0.752971   -0.002971 (VIOLATED)
_15016_/A1                              0.750000    0.752971   -0.002971 (VIOLATED)
_15148_/C1                              0.750000    0.752971   -0.002971 (VIOLATED)
_15281_/A1                              0.750000    0.752971   -0.002971 (VIOLATED)
fanout723/X                             0.750000    0.752971   -0.002971 (VIOLATED)
_16066_/B                               0.750000    0.752862   -0.002862 (VIOLATED)
_16089_/C                               0.750000    0.752862   -0.002862 (VIOLATED)
_16090_/A3                              0.750000    0.752862   -0.002862 (VIOLATED)
_16093_/C                               0.750000    0.752862   -0.002862 (VIOLATED)
_16401_/A                               0.750000    0.752862   -0.002862 (VIOLATED)
_16408_/C                               0.750000    0.752862   -0.002862 (VIOLATED)
_16409_/D                               0.750000    0.752862   -0.002862 (VIOLATED)
_16845_/B1                              0.750000    0.752862   -0.002862 (VIOLATED)
_17215_/A1                              0.750000    0.752862   -0.002862 (VIOLATED)
_17218_/B1                              0.750000    0.752862   -0.002862 (VIOLATED)
fanout404/X                             0.750000    0.752862   -0.002862 (VIOLATED)
_19546_/A                               0.750000    0.752465   -0.002465 (VIOLATED)
ANTENNA_171/DIODE                       0.750000    0.752461   -0.002461 (VIOLATED)
ANTENNA_170/DIODE                       0.750000    0.752413   -0.002413 (VIOLATED)
_18722_/A                               0.750000    0.752405   -0.002405 (VIOLATED)
_17842_/A1                              0.750000    0.751978   -0.001978 (VIOLATED)
_13957_/A1                              0.750000    0.751966   -0.001966 (VIOLATED)
fanout1734/A                            0.750000    0.751964   -0.001964 (VIOLATED)
_13964_/D                               0.750000    0.751963   -0.001963 (VIOLATED)
_13975_/C1                              0.750000    0.751962   -0.001962 (VIOLATED)
fanout1735/A                            0.750000    0.751950   -0.001950 (VIOLATED)
fanout1736/A                            0.750000    0.751931   -0.001931 (VIOLATED)
fanout1737/X                            0.750000    0.751931   -0.001931 (VIOLATED)
_17591_/S                               0.750000    0.751907   -0.001907 (VIOLATED)
_17949_/B2                              0.750000    0.751904   -0.001904 (VIOLATED)
_17639_/S                               0.750000    0.751901   -0.001901 (VIOLATED)
_17663_/S                               0.750000    0.751899   -0.001899 (VIOLATED)
_17998_/B2                              0.750000    0.751896   -0.001896 (VIOLATED)
fanout282/A                             0.750000    0.751894   -0.001894 (VIOLATED)
fanout284/A                             0.750000    0.751894   -0.001894 (VIOLATED)
fanout285/X                             0.750000    0.751894   -0.001894 (VIOLATED)
_15312_/A2                              0.750000    0.751837   -0.001837 (VIOLATED)
_14742_/B                               0.750000    0.751836   -0.001836 (VIOLATED)
_15260_/A1                              0.750000    0.751830   -0.001830 (VIOLATED)
_15498_/B1_N                            0.750000    0.751829   -0.001829 (VIOLATED)
_15497_/A2                              0.750000    0.751828   -0.001828 (VIOLATED)
_14392_/Y                               0.750000    0.751825   -0.001825 (VIOLATED)
_14450_/A2                              0.750000    0.751825   -0.001825 (VIOLATED)
_14475_/A1                              0.750000    0.751825   -0.001825 (VIOLATED)
_15020_/A3                              0.750000    0.751825   -0.001825 (VIOLATED)
_17841_/X                               0.750000    0.751822   -0.001822 (VIOLATED)
_16244_/B1                              0.750000    0.751753   -0.001753 (VIOLATED)
_16232_/C1                              0.750000    0.751752   -0.001752 (VIOLATED)
_16249_/B1                              0.750000    0.751751   -0.001751 (VIOLATED)
_16251_/A1                              0.750000    0.751751   -0.001751 (VIOLATED)
_16460_/A1                              0.750000    0.751751   -0.001751 (VIOLATED)
_16462_/A1                              0.750000    0.751751   -0.001751 (VIOLATED)
_16887_/B2                              0.750000    0.751751   -0.001751 (VIOLATED)
_16897_/C1                              0.750000    0.751751   -0.001751 (VIOLATED)
_16898_/B1                              0.750000    0.751751   -0.001751 (VIOLATED)
_16908_/A1                              0.750000    0.751751   -0.001751 (VIOLATED)
fanout1821/X                            0.750000    0.751751   -0.001751 (VIOLATED)
_17598_/A1                              0.750000    0.751312   -0.001312 (VIOLATED)
ANTENNA_280/DIODE                       0.750000    0.751311   -0.001311 (VIOLATED)
_17597_/X                               0.750000    0.751242   -0.001242 (VIOLATED)
_18733_/A1                              0.750000    0.750687   -0.000687 (VIOLATED)
_19528_/Q                               0.750000    0.750687   -0.000687 (VIOLATED)
_18560_/B                               0.750000    0.750295   -0.000295 (VIOLATED)
_18576_/B                               0.750000    0.750291   -0.000291 (VIOLATED)
_18156_/B                               0.750000    0.750280   -0.000280 (VIOLATED)
_18158_/B                               0.750000    0.750280   -0.000280 (VIOLATED)
_18160_/B                               0.750000    0.750280   -0.000280 (VIOLATED)
_18162_/B                               0.750000    0.750280   -0.000280 (VIOLATED)
_18164_/B                               0.750000    0.750280   -0.000280 (VIOLATED)
_18166_/B                               0.750000    0.750280   -0.000280 (VIOLATED)
_18168_/B                               0.750000    0.750280   -0.000280 (VIOLATED)
_18170_/B                               0.750000    0.750280   -0.000280 (VIOLATED)
fanout1869/X                            0.750000    0.750280   -0.000280 (VIOLATED)

max fanout

Pin                                   Limit Fanout  Slack
---------------------------------------------------------
clkbuf_leaf_4_clk/X                      10     16     -6 (VIOLATED)
clkbuf_leaf_20_clk/X                     10     15     -5 (VIOLATED)
clkbuf_leaf_22_clk/X                     10     15     -5 (VIOLATED)
clkbuf_leaf_2_clk/X                      10     15     -5 (VIOLATED)
clkbuf_leaf_31_clk/X                     10     15     -5 (VIOLATED)
clkbuf_leaf_32_clk/X                     10     15     -5 (VIOLATED)
clkbuf_leaf_33_clk/X                     10     15     -5 (VIOLATED)
clkbuf_leaf_35_clk/X                     10     15     -5 (VIOLATED)
clkbuf_leaf_39_clk/X                     10     15     -5 (VIOLATED)
clkbuf_leaf_3_clk/X                      10     15     -5 (VIOLATED)
clkbuf_leaf_44_clk/X                     10     15     -5 (VIOLATED)
clkbuf_leaf_47_clk/X                     10     15     -5 (VIOLATED)
clkbuf_leaf_48_clk/X                     10     15     -5 (VIOLATED)
clkbuf_leaf_49_clk/X                     10     15     -5 (VIOLATED)
clkbuf_leaf_51_clk/X                     10     15     -5 (VIOLATED)
clkbuf_leaf_54_clk/X                     10     15     -5 (VIOLATED)
clkbuf_leaf_55_clk/X                     10     15     -5 (VIOLATED)
clkbuf_leaf_58_clk/X                     10     15     -5 (VIOLATED)
clkbuf_leaf_59_clk/X                     10     15     -5 (VIOLATED)
clkbuf_leaf_8_clk/X                      10     15     -5 (VIOLATED)
clkbuf_leaf_9_clk/X                      10     15     -5 (VIOLATED)
clkbuf_leaf_10_clk/X                     10     14     -4 (VIOLATED)
clkbuf_leaf_11_clk/X                     10     14     -4 (VIOLATED)
clkbuf_leaf_15_clk/X                     10     14     -4 (VIOLATED)
clkbuf_leaf_16_clk/X                     10     14     -4 (VIOLATED)
clkbuf_leaf_18_clk/X                     10     14     -4 (VIOLATED)
clkbuf_leaf_19_clk/X                     10     14     -4 (VIOLATED)
clkbuf_leaf_21_clk/X                     10     14     -4 (VIOLATED)
clkbuf_leaf_23_clk/X                     10     14     -4 (VIOLATED)
clkbuf_leaf_27_clk/X                     10     14     -4 (VIOLATED)
clkbuf_leaf_29_clk/X                     10     14     -4 (VIOLATED)
clkbuf_leaf_30_clk/X                     10     14     -4 (VIOLATED)
clkbuf_leaf_34_clk/X                     10     14     -4 (VIOLATED)
clkbuf_leaf_38_clk/X                     10     14     -4 (VIOLATED)
clkbuf_leaf_40_clk/X                     10     14     -4 (VIOLATED)
clkbuf_leaf_41_clk/X                     10     14     -4 (VIOLATED)
clkbuf_leaf_42_clk/X                     10     14     -4 (VIOLATED)
clkbuf_leaf_43_clk/X                     10     14     -4 (VIOLATED)
clkbuf_leaf_45_clk/X                     10     14     -4 (VIOLATED)
clkbuf_leaf_50_clk/X                     10     14     -4 (VIOLATED)
clkbuf_leaf_52_clk/X                     10     14     -4 (VIOLATED)
clkbuf_leaf_53_clk/X                     10     14     -4 (VIOLATED)
clkbuf_leaf_56_clk/X                     10     14     -4 (VIOLATED)
clkbuf_leaf_57_clk/X                     10     14     -4 (VIOLATED)
clkbuf_leaf_5_clk/X                      10     14     -4 (VIOLATED)
clkbuf_leaf_6_clk/X                      10     14     -4 (VIOLATED)
clkbuf_leaf_7_clk/X                      10     14     -4 (VIOLATED)
clkbuf_leaf_12_clk/X                     10     13     -3 (VIOLATED)
clkbuf_leaf_14_clk/X                     10     13     -3 (VIOLATED)
clkbuf_leaf_17_clk/X                     10     13     -3 (VIOLATED)
clkbuf_leaf_24_clk/X                     10     13     -3 (VIOLATED)
clkbuf_leaf_28_clk/X                     10     13     -3 (VIOLATED)
clkbuf_leaf_46_clk/X                     10     13     -3 (VIOLATED)
fanout235/X                              10     12     -2 (VIOLATED)
wire20/X                                 10     12     -2 (VIOLATED)
_17579_/X                                10     11        (VIOLATED)
clkbuf_leaf_1_clk/X                      10     11        (VIOLATED)
clkbuf_leaf_26_clk/X                     10     11        (VIOLATED)
clkbuf_leaf_36_clk/X                     10     11        (VIOLATED)
fanout419/X                              10     11        (VIOLATED)
fanout490/X                              10     11        (VIOLATED)

max capacitance

Pin                                        Limit         Cap       Slack
------------------------------------------------------------------------
fanout2077/X                            0.094309    0.159697   -0.065388 (VIOLATED)
fanout901/X                             0.094309    0.143845   -0.049536 (VIOLATED)
fanout235/X                             0.094309    0.133896   -0.039587 (VIOLATED)
fanout178/X                             0.094309    0.131896   -0.037587 (VIOLATED)
_17774_/X                               0.108042    0.141383   -0.033341 (VIOLATED)
_17600_/X                               0.108042    0.139677   -0.031635 (VIOLATED)
fanout373/X                             0.094309    0.124952   -0.030643 (VIOLATED)
fanout899/X                             0.094309    0.124478   -0.030169 (VIOLATED)
_09502_/Y                               0.184031    0.211120   -0.027089 (VIOLATED)
fanout1628/X                            0.094309    0.118427   -0.024118 (VIOLATED)
_16422_/X                               0.108042    0.129437   -0.021395 (VIOLATED)
_17255_/X                               0.108042    0.129204   -0.021162 (VIOLATED)
_17741_/X                               0.108042    0.128731   -0.020689 (VIOLATED)
fanout1060/X                            0.094309    0.110446   -0.016137 (VIOLATED)
_17508_/X                               0.108042    0.119072   -0.011030 (VIOLATED)
_17708_/X                               0.108042    0.116922   -0.008880 (VIOLATED)
fanout965/X                             0.094309    0.098905   -0.004596 (VIOLATED)
_17738_/X                               0.108042    0.112535   -0.004493 (VIOLATED)
_17612_/X                               0.108042    0.112197   -0.004155 (VIOLATED)
_17699_/X                               0.108042    0.111219   -0.003177 (VIOLATED)
_11949_/X                               0.140086    0.141585   -0.001499 (VIOLATED)
_12539_/X                               0.108042    0.109271   -0.001229 (VIOLATED)
fanout255/X                             0.094309    0.095272   -0.000963 (VIOLATED)
fanout1620/X                            0.094309    0.094762   -0.000453 (VIOLATED)



===========================================================================
report_parasitic_annotation -report_unannotated
============================================================================
Found 61 unannotated drivers.
 uio_in[5]
 uio_in[6]
 uio_in[7]
 clkload0/X
 clkload1/X
 clkload10/X
 clkload11/X
 clkload12/Y
 clkload13/X
 clkload14/X
 clkload15/Y
 clkload16/Y
 clkload17/Y
 clkload18/Y
 clkload19/X
 clkload2/Y
 clkload20/X
 clkload21/X
 clkload22/X
 clkload23/X
 clkload24/X
 clkload25/X
 clkload26/X
 clkload27/X
 clkload28/X
 clkload29/X
 clkload3/X
 clkload30/X
 clkload31/Y
 clkload32/X
 clkload33/X
 clkload34/X
 clkload35/X
 clkload36/X
 clkload37/X
 clkload38/X
 clkload39/X
 clkload4/X
 clkload40/X
 clkload41/X
 clkload42/Y
 clkload43/X
 clkload44/X
 clkload5/Y
 clkload6/X
 clkload7/X
 clkload8/X
 clkload9/X
 tt_um_aes128_baseline/HI
 tt_um_aes128_baseline_2080/HI
 tt_um_aes128_baseline_2081/HI
 tt_um_aes128_baseline_2082/HI
 tt_um_aes128_baseline_2083/HI
 tt_um_aes128_baseline_2084/HI
 tt_um_aes128_baseline_2085/HI
 tt_um_aes128_baseline_2086/HI
 tt_um_aes128_baseline_2087/HI
 tt_um_aes128_baseline_2088/HI
 tt_um_aes128_baseline_2089/LO
 tt_um_aes128_baseline_2090/LO
 tt_um_aes128_baseline_2091/LO
Found 0 partially unannotated drivers.

===========================================================================
max slew violation count 8868
max fanout violation count 61
max cap violation count 24
============================================================================

===========================================================================
check_setup -verbose -unconstrained_endpoints -multiple_clock -no_clock -no_input_delay -loops -generated_clocks
===========================================================================
