
===========================================================================
report_checks -unconstrained
===========================================================================
======================= nom_ff_n40C_1v95 Corner ===================================

Startpoint: rst_n (input port clocked by clk)
Endpoint: _18734_ (recovery check against rising-edge clock clk)
Path Group: asynchronous
Path Type: max

Fanout         Cap        Slew       Delay        Time   Description
---------------------------------------------------------------------------------------------
                      0.150000    0.000000    0.000000   clock clk (rise edge)
                                  0.000000    0.000000   clock network delay (ideal)
                                 20.000000   20.000000 ^ input external delay
   401    1.448435    4.848402    3.392726   23.392727 ^ rst_n (in)
                                                         rst_n (net)
                      4.848402    0.000000   23.392727 ^ _09509_/B (sky130_fd_sc_hd__and2_2)
   398    1.439569    5.360675    3.578272   26.970999 ^ _09509_/X (sky130_fd_sc_hd__and2_2)
                                                         core_reset_n (net)
                      5.360675    0.000000   26.970999 ^ _18734_/RESET_B (sky130_fd_sc_hd__dfrtp_2)
                                             26.970999   data arrival time

                      0.150000  100.000000  100.000000   clock clk (rise edge)
                                  0.000000  100.000000   clock network delay (ideal)
                                 -0.250000   99.750000   clock uncertainty
                                  0.000000   99.750000   clock reconvergence pessimism
                                             99.750000 ^ _18734_/CLK (sky130_fd_sc_hd__dfrtp_2)
                                 -1.354517   98.395485   library recovery time
                                             98.395485   data required time
---------------------------------------------------------------------------------------------
                                             98.395485   data required time
                                            -26.970999   data arrival time
---------------------------------------------------------------------------------------------
                                             71.424484   slack (MET)


Startpoint: uio_in[4] (input port clocked by clk)
Endpoint: _19386_ (rising edge-triggered flip-flop clocked by clk)
Path Group: clk
Path Type: max

Fanout         Cap        Slew       Delay        Time   Description
---------------------------------------------------------------------------------------------
                      0.150000    0.000000    0.000000   clock clk (rise edge)
                                  0.000000    0.000000   clock network delay (ideal)
                                 20.000000   20.000000 v input external delay
     2    0.002997    0.005211    0.002421   20.002422 v uio_in[4] (in)
                                                         uio_in[4] (net)
                      0.005211    0.000000   20.002422 v _09511_/A_N (sky130_fd_sc_hd__and2b_2)
   155    0.634626    2.323556    1.688912   21.691334 ^ _09511_/X (sky130_fd_sc_hd__and2b_2)
                                                         _01356_ (net)
                      2.323556    0.000000   21.691334 ^ _18442_/B (sky130_fd_sc_hd__and2_2)
   129    0.237063    0.888997    0.667903   22.359238 ^ _18442_/X (sky130_fd_sc_hd__and2_2)
                                                         _01062_ (net)
                      0.888997    0.000000   22.359238 ^ _18443_/B1 (sky130_fd_sc_hd__a2bb2o_2)
     1    0.002087    0.035640    0.144583   22.503820 ^ _18443_/X (sky130_fd_sc_hd__a2bb2o_2)
                                                         _00655_ (net)
                      0.035640    0.000000   22.503820 ^ _19386_/D (sky130_fd_sc_hd__dfrtp_2)
                                             22.503820   data arrival time

                      0.150000  100.000000  100.000000   clock clk (rise edge)
                                  0.000000  100.000000   clock network delay (ideal)
                                 -0.250000   99.750000   clock uncertainty
                                  0.000000   99.750000   clock reconvergence pessimism
                                             99.750000 ^ _19386_/CLK (sky130_fd_sc_hd__dfrtp_2)
                                 -0.032354   99.717651   library setup time
                                             99.717651   data required time
---------------------------------------------------------------------------------------------
                                             99.717651   data required time
                                            -22.503820   data arrival time
---------------------------------------------------------------------------------------------
                                             77.213829   slack (MET)




===========================================================================
report_checks --slack_max -0.01
============================================================================
======================= nom_ff_n40C_1v95 Corner ===================================

No paths found.


===========================================================================
 report_check_types -max_slew -max_cap -max_fanout -violators
============================================================================
======================= nom_ff_n40C_1v95 Corner ===================================

max slew

Pin                                        Limit        Slew       Slack
------------------------------------------------------------------------
_09509_/X                               0.750000    5.360675   -4.610675 (VIOLATED)
_18734_/RESET_B                         0.750000    5.360675   -4.610675 (VIOLATED)
_18735_/RESET_B                         0.750000    5.360675   -4.610675 (VIOLATED)
_18736_/RESET_B                         0.750000    5.360675   -4.610675 (VIOLATED)
_18737_/RESET_B                         0.750000    5.360675   -4.610675 (VIOLATED)
_18738_/RESET_B                         0.750000    5.360675   -4.610675 (VIOLATED)
_18739_/RESET_B                         0.750000    5.360675   -4.610675 (VIOLATED)
_18740_/RESET_B                         0.750000    5.360675   -4.610675 (VIOLATED)
_18741_/RESET_B                         0.750000    5.360675   -4.610675 (VIOLATED)
_18742_/RESET_B                         0.750000    5.360675   -4.610675 (VIOLATED)
_18743_/RESET_B                         0.750000    5.360675   -4.610675 (VIOLATED)
_18744_/RESET_B                         0.750000    5.360675   -4.610675 (VIOLATED)
_18745_/RESET_B                         0.750000    5.360675   -4.610675 (VIOLATED)
_18746_/RESET_B                         0.750000    5.360675   -4.610675 (VIOLATED)
_18747_/RESET_B                         0.750000    5.360675   -4.610675 (VIOLATED)
_18748_/RESET_B                         0.750000    5.360675   -4.610675 (VIOLATED)
_18749_/RESET_B                         0.750000    5.360675   -4.610675 (VIOLATED)
_18750_/RESET_B                         0.750000    5.360675   -4.610675 (VIOLATED)
_18751_/RESET_B                         0.750000    5.360675   -4.610675 (VIOLATED)
_18752_/RESET_B                         0.750000    5.360675   -4.610675 (VIOLATED)
_18753_/RESET_B                         0.750000    5.360675   -4.610675 (VIOLATED)
_18754_/RESET_B                         0.750000    5.360675   -4.610675 (VIOLATED)
_18755_/RESET_B                         0.750000    5.360675   -4.610675 (VIOLATED)
_18756_/RESET_B                         0.750000    5.360675   -4.610675 (VIOLATED)
_18757_/RESET_B                         0.750000    5.360675   -4.610675 (VIOLATED)
_18758_/RESET_B                         0.750000    5.360675   -4.610675 (VIOLATED)
_18759_/RESET_B                         0.750000    5.360675   -4.610675 (VIOLATED)
_18760_/RESET_B                         0.750000    5.360675   -4.610675 (VIOLATED)
_18761_/RESET_B                         0.750000    5.360675   -4.610675 (VIOLATED)
_18762_/RESET_B                         0.750000    5.360675   -4.610675 (VIOLATED)
_18763_/RESET_B                         0.750000    5.360675   -4.610675 (VIOLATED)
_18764_/RESET_B                         0.750000    5.360675   -4.610675 (VIOLATED)
_18765_/RESET_B                         0.750000    5.360675   -4.610675 (VIOLATED)
_18766_/RESET_B                         0.750000    5.360675   -4.610675 (VIOLATED)
_18767_/RESET_B                         0.750000    5.360675   -4.610675 (VIOLATED)
_18768_/RESET_B                         0.750000    5.360675   -4.610675 (VIOLATED)
_18769_/RESET_B                         0.750000    5.360675   -4.610675 (VIOLATED)
_18770_/RESET_B                         0.750000    5.360675   -4.610675 (VIOLATED)
_18771_/RESET_B                         0.750000    5.360675   -4.610675 (VIOLATED)
_18772_/RESET_B                         0.750000    5.360675   -4.610675 (VIOLATED)
_18773_/RESET_B                         0.750000    5.360675   -4.610675 (VIOLATED)
_18774_/RESET_B                         0.750000    5.360675   -4.610675 (VIOLATED)
_18775_/RESET_B                         0.750000    5.360675   -4.610675 (VIOLATED)
_18776_/RESET_B                         0.750000    5.360675   -4.610675 (VIOLATED)
_18777_/RESET_B                         0.750000    5.360675   -4.610675 (VIOLATED)
_18778_/RESET_B                         0.750000    5.360675   -4.610675 (VIOLATED)
_18779_/RESET_B                         0.750000    5.360675   -4.610675 (VIOLATED)
_18780_/RESET_B                         0.750000    5.360675   -4.610675 (VIOLATED)
_18781_/RESET_B                         0.750000    5.360675   -4.610675 (VIOLATED)
_18782_/RESET_B                         0.750000    5.360675   -4.610675 (VIOLATED)
_18783_/RESET_B                         0.750000    5.360675   -4.610675 (VIOLATED)
_18784_/RESET_B                         0.750000    5.360675   -4.610675 (VIOLATED)
_18785_/RESET_B                         0.750000    5.360675   -4.610675 (VIOLATED)
_18786_/RESET_B                         0.750000    5.360675   -4.610675 (VIOLATED)
_18787_/RESET_B                         0.750000    5.360675   -4.610675 (VIOLATED)
_18788_/RESET_B                         0.750000    5.360675   -4.610675 (VIOLATED)
_18789_/RESET_B                         0.750000    5.360675   -4.610675 (VIOLATED)
_18790_/RESET_B                         0.750000    5.360675   -4.610675 (VIOLATED)
_18791_/RESET_B                         0.750000    5.360675   -4.610675 (VIOLATED)
_18792_/RESET_B                         0.750000    5.360675   -4.610675 (VIOLATED)
_18793_/RESET_B                         0.750000    5.360675   -4.610675 (VIOLATED)
_18794_/RESET_B                         0.750000    5.360675   -4.610675 (VIOLATED)
_18795_/RESET_B                         0.750000    5.360675   -4.610675 (VIOLATED)
_18796_/RESET_B                         0.750000    5.360675   -4.610675 (VIOLATED)
_18797_/RESET_B                         0.750000    5.360675   -4.610675 (VIOLATED)
_18798_/RESET_B                         0.750000    5.360675   -4.610675 (VIOLATED)
_18799_/RESET_B                         0.750000    5.360675   -4.610675 (VIOLATED)
_18800_/RESET_B                         0.750000    5.360675   -4.610675 (VIOLATED)
_18801_/RESET_B                         0.750000    5.360675   -4.610675 (VIOLATED)
_18802_/RESET_B                         0.750000    5.360675   -4.610675 (VIOLATED)
_18803_/RESET_B                         0.750000    5.360675   -4.610675 (VIOLATED)
_18804_/RESET_B                         0.750000    5.360675   -4.610675 (VIOLATED)
_18805_/RESET_B                         0.750000    5.360675   -4.610675 (VIOLATED)
_18806_/RESET_B                         0.750000    5.360675   -4.610675 (VIOLATED)
_18807_/RESET_B                         0.750000    5.360675   -4.610675 (VIOLATED)
_18808_/RESET_B                         0.750000    5.360675   -4.610675 (VIOLATED)
_18809_/RESET_B                         0.750000    5.360675   -4.610675 (VIOLATED)
_18810_/RESET_B                         0.750000    5.360675   -4.610675 (VIOLATED)
_18811_/RESET_B                         0.750000    5.360675   -4.610675 (VIOLATED)
_18812_/RESET_B                         0.750000    5.360675   -4.610675 (VIOLATED)
_18813_/RESET_B                         0.750000    5.360675   -4.610675 (VIOLATED)
_18814_/RESET_B                         0.750000    5.360675   -4.610675 (VIOLATED)
_18815_/RESET_B                         0.750000    5.360675   -4.610675 (VIOLATED)
_18816_/RESET_B                         0.750000    5.360675   -4.610675 (VIOLATED)
_18817_/RESET_B                         0.750000    5.360675   -4.610675 (VIOLATED)
_18818_/RESET_B                         0.750000    5.360675   -4.610675 (VIOLATED)
_18819_/RESET_B                         0.750000    5.360675   -4.610675 (VIOLATED)
_18820_/RESET_B                         0.750000    5.360675   -4.610675 (VIOLATED)
_18821_/RESET_B                         0.750000    5.360675   -4.610675 (VIOLATED)
_18822_/RESET_B                         0.750000    5.360675   -4.610675 (VIOLATED)
_18823_/RESET_B                         0.750000    5.360675   -4.610675 (VIOLATED)
_18824_/RESET_B                         0.750000    5.360675   -4.610675 (VIOLATED)
_18825_/RESET_B                         0.750000    5.360675   -4.610675 (VIOLATED)
_18826_/RESET_B                         0.750000    5.360675   -4.610675 (VIOLATED)
_18827_/RESET_B                         0.750000    5.360675   -4.610675 (VIOLATED)
_18828_/RESET_B                         0.750000    5.360675   -4.610675 (VIOLATED)
_18829_/RESET_B                         0.750000    5.360675   -4.610675 (VIOLATED)
_18830_/RESET_B                         0.750000    5.360675   -4.610675 (VIOLATED)
_18831_/RESET_B                         0.750000    5.360675   -4.610675 (VIOLATED)
_18832_/RESET_B                         0.750000    5.360675   -4.610675 (VIOLATED)
_18833_/RESET_B                         0.750000    5.360675   -4.610675 (VIOLATED)
_18834_/RESET_B                         0.750000    5.360675   -4.610675 (VIOLATED)
_18835_/RESET_B                         0.750000    5.360675   -4.610675 (VIOLATED)
_18836_/RESET_B                         0.750000    5.360675   -4.610675 (VIOLATED)
_18837_/RESET_B                         0.750000    5.360675   -4.610675 (VIOLATED)
_18838_/RESET_B                         0.750000    5.360675   -4.610675 (VIOLATED)
_18839_/RESET_B                         0.750000    5.360675   -4.610675 (VIOLATED)
_18840_/RESET_B                         0.750000    5.360675   -4.610675 (VIOLATED)
_18841_/RESET_B                         0.750000    5.360675   -4.610675 (VIOLATED)
_18842_/RESET_B                         0.750000    5.360675   -4.610675 (VIOLATED)
_18843_/RESET_B                         0.750000    5.360675   -4.610675 (VIOLATED)
_18844_/RESET_B                         0.750000    5.360675   -4.610675 (VIOLATED)
_18845_/RESET_B                         0.750000    5.360675   -4.610675 (VIOLATED)
_18846_/RESET_B                         0.750000    5.360675   -4.610675 (VIOLATED)
_18847_/RESET_B                         0.750000    5.360675   -4.610675 (VIOLATED)
_18848_/RESET_B                         0.750000    5.360675   -4.610675 (VIOLATED)
_18849_/RESET_B                         0.750000    5.360675   -4.610675 (VIOLATED)
_18850_/RESET_B                         0.750000    5.360675   -4.610675 (VIOLATED)
_18851_/RESET_B                         0.750000    5.360675   -4.610675 (VIOLATED)
_18852_/RESET_B                         0.750000    5.360675   -4.610675 (VIOLATED)
_18853_/RESET_B                         0.750000    5.360675   -4.610675 (VIOLATED)
_18854_/RESET_B                         0.750000    5.360675   -4.610675 (VIOLATED)
_18855_/RESET_B                         0.750000    5.360675   -4.610675 (VIOLATED)
_18856_/RESET_B                         0.750000    5.360675   -4.610675 (VIOLATED)
_18857_/RESET_B                         0.750000    5.360675   -4.610675 (VIOLATED)
_18858_/RESET_B                         0.750000    5.360675   -4.610675 (VIOLATED)
_18859_/RESET_B                         0.750000    5.360675   -4.610675 (VIOLATED)
_18860_/RESET_B                         0.750000    5.360675   -4.610675 (VIOLATED)
_18861_/RESET_B                         0.750000    5.360675   -4.610675 (VIOLATED)
_18862_/RESET_B                         0.750000    5.360675   -4.610675 (VIOLATED)
_18863_/RESET_B                         0.750000    5.360675   -4.610675 (VIOLATED)
_18864_/RESET_B                         0.750000    5.360675   -4.610675 (VIOLATED)
_18865_/RESET_B                         0.750000    5.360675   -4.610675 (VIOLATED)
_18866_/RESET_B                         0.750000    5.360675   -4.610675 (VIOLATED)
_18867_/RESET_B                         0.750000    5.360675   -4.610675 (VIOLATED)
_18868_/RESET_B                         0.750000    5.360675   -4.610675 (VIOLATED)
_18869_/RESET_B                         0.750000    5.360675   -4.610675 (VIOLATED)
_18870_/RESET_B                         0.750000    5.360675   -4.610675 (VIOLATED)
_18871_/RESET_B                         0.750000    5.360675   -4.610675 (VIOLATED)
_18872_/RESET_B                         0.750000    5.360675   -4.610675 (VIOLATED)
_18873_/RESET_B                         0.750000    5.360675   -4.610675 (VIOLATED)
_18874_/RESET_B                         0.750000    5.360675   -4.610675 (VIOLATED)
_18875_/RESET_B                         0.750000    5.360675   -4.610675 (VIOLATED)
_18876_/RESET_B                         0.750000    5.360675   -4.610675 (VIOLATED)
_18877_/RESET_B                         0.750000    5.360675   -4.610675 (VIOLATED)
_18878_/RESET_B                         0.750000    5.360675   -4.610675 (VIOLATED)
_18879_/RESET_B                         0.750000    5.360675   -4.610675 (VIOLATED)
_18880_/RESET_B                         0.750000    5.360675   -4.610675 (VIOLATED)
_18881_/RESET_B                         0.750000    5.360675   -4.610675 (VIOLATED)
_18882_/RESET_B                         0.750000    5.360675   -4.610675 (VIOLATED)
_18883_/RESET_B                         0.750000    5.360675   -4.610675 (VIOLATED)
_18884_/RESET_B                         0.750000    5.360675   -4.610675 (VIOLATED)
_18885_/RESET_B                         0.750000    5.360675   -4.610675 (VIOLATED)
_18886_/RESET_B                         0.750000    5.360675   -4.610675 (VIOLATED)
_18887_/RESET_B                         0.750000    5.360675   -4.610675 (VIOLATED)
_18888_/RESET_B                         0.750000    5.360675   -4.610675 (VIOLATED)
_18889_/RESET_B                         0.750000    5.360675   -4.610675 (VIOLATED)
_18890_/RESET_B                         0.750000    5.360675   -4.610675 (VIOLATED)
_18891_/RESET_B                         0.750000    5.360675   -4.610675 (VIOLATED)
_18892_/RESET_B                         0.750000    5.360675   -4.610675 (VIOLATED)
_18893_/RESET_B                         0.750000    5.360675   -4.610675 (VIOLATED)
_18894_/RESET_B                         0.750000    5.360675   -4.610675 (VIOLATED)
_18895_/RESET_B                         0.750000    5.360675   -4.610675 (VIOLATED)
_18896_/RESET_B                         0.750000    5.360675   -4.610675 (VIOLATED)
_18897_/RESET_B                         0.750000    5.360675   -4.610675 (VIOLATED)
_18898_/RESET_B                         0.750000    5.360675   -4.610675 (VIOLATED)
_18899_/RESET_B                         0.750000    5.360675   -4.610675 (VIOLATED)
_18900_/RESET_B                         0.750000    5.360675   -4.610675 (VIOLATED)
_18901_/RESET_B                         0.750000    5.360675   -4.610675 (VIOLATED)
_18902_/RESET_B                         0.750000    5.360675   -4.610675 (VIOLATED)
_18903_/RESET_B                         0.750000    5.360675   -4.610675 (VIOLATED)
_18904_/RESET_B                         0.750000    5.360675   -4.610675 (VIOLATED)
_18905_/RESET_B                         0.750000    5.360675   -4.610675 (VIOLATED)
_18906_/RESET_B                         0.750000    5.360675   -4.610675 (VIOLATED)
_18907_/RESET_B                         0.750000    5.360675   -4.610675 (VIOLATED)
_18908_/RESET_B                         0.750000    5.360675   -4.610675 (VIOLATED)
_18909_/RESET_B                         0.750000    5.360675   -4.610675 (VIOLATED)
_18910_/RESET_B                         0.750000    5.360675   -4.610675 (VIOLATED)
_18911_/RESET_B                         0.750000    5.360675   -4.610675 (VIOLATED)
_18912_/RESET_B                         0.750000    5.360675   -4.610675 (VIOLATED)
_18913_/RESET_B                         0.750000    5.360675   -4.610675 (VIOLATED)
_18914_/RESET_B                         0.750000    5.360675   -4.610675 (VIOLATED)
_18915_/RESET_B                         0.750000    5.360675   -4.610675 (VIOLATED)
_18916_/RESET_B                         0.750000    5.360675   -4.610675 (VIOLATED)
_18917_/RESET_B                         0.750000    5.360675   -4.610675 (VIOLATED)
_18918_/RESET_B                         0.750000    5.360675   -4.610675 (VIOLATED)
_18919_/RESET_B                         0.750000    5.360675   -4.610675 (VIOLATED)
_18920_/RESET_B                         0.750000    5.360675   -4.610675 (VIOLATED)
_18921_/RESET_B                         0.750000    5.360675   -4.610675 (VIOLATED)
_18922_/RESET_B                         0.750000    5.360675   -4.610675 (VIOLATED)
_18923_/RESET_B                         0.750000    5.360675   -4.610675 (VIOLATED)
_18924_/RESET_B                         0.750000    5.360675   -4.610675 (VIOLATED)
_18925_/RESET_B                         0.750000    5.360675   -4.610675 (VIOLATED)
_18926_/RESET_B                         0.750000    5.360675   -4.610675 (VIOLATED)
_18927_/RESET_B                         0.750000    5.360675   -4.610675 (VIOLATED)
_18928_/RESET_B                         0.750000    5.360675   -4.610675 (VIOLATED)
_18929_/RESET_B                         0.750000    5.360675   -4.610675 (VIOLATED)
_18930_/RESET_B                         0.750000    5.360675   -4.610675 (VIOLATED)
_18931_/RESET_B                         0.750000    5.360675   -4.610675 (VIOLATED)
_18932_/RESET_B                         0.750000    5.360675   -4.610675 (VIOLATED)
_18933_/RESET_B                         0.750000    5.360675   -4.610675 (VIOLATED)
_18934_/RESET_B                         0.750000    5.360675   -4.610675 (VIOLATED)
_18935_/RESET_B                         0.750000    5.360675   -4.610675 (VIOLATED)
_18936_/RESET_B                         0.750000    5.360675   -4.610675 (VIOLATED)
_18937_/RESET_B                         0.750000    5.360675   -4.610675 (VIOLATED)
_18938_/RESET_B                         0.750000    5.360675   -4.610675 (VIOLATED)
_18939_/RESET_B                         0.750000    5.360675   -4.610675 (VIOLATED)
_18940_/RESET_B                         0.750000    5.360675   -4.610675 (VIOLATED)
_18941_/RESET_B                         0.750000    5.360675   -4.610675 (VIOLATED)
_18942_/RESET_B                         0.750000    5.360675   -4.610675 (VIOLATED)
_18943_/RESET_B                         0.750000    5.360675   -4.610675 (VIOLATED)
_18944_/RESET_B                         0.750000    5.360675   -4.610675 (VIOLATED)
_18945_/RESET_B                         0.750000    5.360675   -4.610675 (VIOLATED)
_18946_/RESET_B                         0.750000    5.360675   -4.610675 (VIOLATED)
_18947_/RESET_B                         0.750000    5.360675   -4.610675 (VIOLATED)
_18948_/RESET_B                         0.750000    5.360675   -4.610675 (VIOLATED)
_18949_/RESET_B                         0.750000    5.360675   -4.610675 (VIOLATED)
_18950_/RESET_B                         0.750000    5.360675   -4.610675 (VIOLATED)
_18951_/RESET_B                         0.750000    5.360675   -4.610675 (VIOLATED)
_18952_/RESET_B                         0.750000    5.360675   -4.610675 (VIOLATED)
_18953_/RESET_B                         0.750000    5.360675   -4.610675 (VIOLATED)
_18954_/RESET_B                         0.750000    5.360675   -4.610675 (VIOLATED)
_18955_/RESET_B                         0.750000    5.360675   -4.610675 (VIOLATED)
_18956_/RESET_B                         0.750000    5.360675   -4.610675 (VIOLATED)
_18957_/RESET_B                         0.750000    5.360675   -4.610675 (VIOLATED)
_18958_/RESET_B                         0.750000    5.360675   -4.610675 (VIOLATED)
_18959_/RESET_B                         0.750000    5.360675   -4.610675 (VIOLATED)
_18960_/RESET_B                         0.750000    5.360675   -4.610675 (VIOLATED)
_18961_/RESET_B                         0.750000    5.360675   -4.610675 (VIOLATED)
_18962_/RESET_B                         0.750000    5.360675   -4.610675 (VIOLATED)
_18963_/RESET_B                         0.750000    5.360675   -4.610675 (VIOLATED)
_18964_/RESET_B                         0.750000    5.360675   -4.610675 (VIOLATED)
_18965_/RESET_B                         0.750000    5.360675   -4.610675 (VIOLATED)
_18966_/RESET_B                         0.750000    5.360675   -4.610675 (VIOLATED)
_18967_/RESET_B                         0.750000    5.360675   -4.610675 (VIOLATED)
_18968_/RESET_B                         0.750000    5.360675   -4.610675 (VIOLATED)
_18969_/RESET_B                         0.750000    5.360675   -4.610675 (VIOLATED)
_18970_/RESET_B                         0.750000    5.360675   -4.610675 (VIOLATED)
_18971_/RESET_B                         0.750000    5.360675   -4.610675 (VIOLATED)
_18972_/RESET_B                         0.750000    5.360675   -4.610675 (VIOLATED)
_18973_/RESET_B                         0.750000    5.360675   -4.610675 (VIOLATED)
_18974_/RESET_B                         0.750000    5.360675   -4.610675 (VIOLATED)
_18975_/RESET_B                         0.750000    5.360675   -4.610675 (VIOLATED)
_18976_/RESET_B                         0.750000    5.360675   -4.610675 (VIOLATED)
_18977_/RESET_B                         0.750000    5.360675   -4.610675 (VIOLATED)
_18978_/RESET_B                         0.750000    5.360675   -4.610675 (VIOLATED)
_18979_/RESET_B                         0.750000    5.360675   -4.610675 (VIOLATED)
_18980_/RESET_B                         0.750000    5.360675   -4.610675 (VIOLATED)
_18981_/RESET_B                         0.750000    5.360675   -4.610675 (VIOLATED)
_18982_/RESET_B                         0.750000    5.360675   -4.610675 (VIOLATED)
_18983_/RESET_B                         0.750000    5.360675   -4.610675 (VIOLATED)
_18984_/RESET_B                         0.750000    5.360675   -4.610675 (VIOLATED)
_18985_/RESET_B                         0.750000    5.360675   -4.610675 (VIOLATED)
_18986_/RESET_B                         0.750000    5.360675   -4.610675 (VIOLATED)
_18987_/RESET_B                         0.750000    5.360675   -4.610675 (VIOLATED)
_18988_/RESET_B                         0.750000    5.360675   -4.610675 (VIOLATED)
_18989_/RESET_B                         0.750000    5.360675   -4.610675 (VIOLATED)
_18990_/RESET_B                         0.750000    5.360675   -4.610675 (VIOLATED)
_18991_/RESET_B                         0.750000    5.360675   -4.610675 (VIOLATED)
_18992_/RESET_B                         0.750000    5.360675   -4.610675 (VIOLATED)
_18993_/RESET_B                         0.750000    5.360675   -4.610675 (VIOLATED)
_18994_/RESET_B                         0.750000    5.360675   -4.610675 (VIOLATED)
_18995_/RESET_B                         0.750000    5.360675   -4.610675 (VIOLATED)
_18996_/RESET_B                         0.750000    5.360675   -4.610675 (VIOLATED)
_18997_/RESET_B                         0.750000    5.360675   -4.610675 (VIOLATED)
_18998_/RESET_B                         0.750000    5.360675   -4.610675 (VIOLATED)
_18999_/RESET_B                         0.750000    5.360675   -4.610675 (VIOLATED)
_19000_/RESET_B                         0.750000    5.360675   -4.610675 (VIOLATED)
_19001_/RESET_B                         0.750000    5.360675   -4.610675 (VIOLATED)
_19002_/RESET_B                         0.750000    5.360675   -4.610675 (VIOLATED)
_19003_/RESET_B                         0.750000    5.360675   -4.610675 (VIOLATED)
_19004_/RESET_B                         0.750000    5.360675   -4.610675 (VIOLATED)
_19005_/RESET_B                         0.750000    5.360675   -4.610675 (VIOLATED)
_19006_/RESET_B                         0.750000    5.360675   -4.610675 (VIOLATED)
_19007_/RESET_B                         0.750000    5.360675   -4.610675 (VIOLATED)
_19008_/RESET_B                         0.750000    5.360675   -4.610675 (VIOLATED)
_19009_/RESET_B                         0.750000    5.360675   -4.610675 (VIOLATED)
_19010_/RESET_B                         0.750000    5.360675   -4.610675 (VIOLATED)
_19011_/RESET_B                         0.750000    5.360675   -4.610675 (VIOLATED)
_19012_/RESET_B                         0.750000    5.360675   -4.610675 (VIOLATED)
_19013_/RESET_B                         0.750000    5.360675   -4.610675 (VIOLATED)
_19014_/RESET_B                         0.750000    5.360675   -4.610675 (VIOLATED)
_19015_/RESET_B                         0.750000    5.360675   -4.610675 (VIOLATED)
_19016_/RESET_B                         0.750000    5.360675   -4.610675 (VIOLATED)
_19017_/RESET_B                         0.750000    5.360675   -4.610675 (VIOLATED)
_19018_/RESET_B                         0.750000    5.360675   -4.610675 (VIOLATED)
_19019_/RESET_B                         0.750000    5.360675   -4.610675 (VIOLATED)
_19020_/RESET_B                         0.750000    5.360675   -4.610675 (VIOLATED)
_19021_/RESET_B                         0.750000    5.360675   -4.610675 (VIOLATED)
_19022_/RESET_B                         0.750000    5.360675   -4.610675 (VIOLATED)
_19023_/RESET_B                         0.750000    5.360675   -4.610675 (VIOLATED)
_19024_/RESET_B                         0.750000    5.360675   -4.610675 (VIOLATED)
_19025_/RESET_B                         0.750000    5.360675   -4.610675 (VIOLATED)
_19026_/RESET_B                         0.750000    5.360675   -4.610675 (VIOLATED)
_19027_/RESET_B                         0.750000    5.360675   -4.610675 (VIOLATED)
_19028_/RESET_B                         0.750000    5.360675   -4.610675 (VIOLATED)
_19029_/RESET_B                         0.750000    5.360675   -4.610675 (VIOLATED)
_19030_/RESET_B                         0.750000    5.360675   -4.610675 (VIOLATED)
_19031_/RESET_B                         0.750000    5.360675   -4.610675 (VIOLATED)
_19032_/RESET_B                         0.750000    5.360675   -4.610675 (VIOLATED)
_19033_/RESET_B                         0.750000    5.360675   -4.610675 (VIOLATED)
_19034_/RESET_B                         0.750000    5.360675   -4.610675 (VIOLATED)
_19035_/RESET_B                         0.750000    5.360675   -4.610675 (VIOLATED)
_19036_/RESET_B                         0.750000    5.360675   -4.610675 (VIOLATED)
_19037_/RESET_B                         0.750000    5.360675   -4.610675 (VIOLATED)
_19038_/RESET_B                         0.750000    5.360675   -4.610675 (VIOLATED)
_19039_/RESET_B                         0.750000    5.360675   -4.610675 (VIOLATED)
_19040_/RESET_B                         0.750000    5.360675   -4.610675 (VIOLATED)
_19041_/RESET_B                         0.750000    5.360675   -4.610675 (VIOLATED)
_19042_/RESET_B                         0.750000    5.360675   -4.610675 (VIOLATED)
_19043_/RESET_B                         0.750000    5.360675   -4.610675 (VIOLATED)
_19044_/RESET_B                         0.750000    5.360675   -4.610675 (VIOLATED)
_19045_/RESET_B                         0.750000    5.360675   -4.610675 (VIOLATED)
_19046_/RESET_B                         0.750000    5.360675   -4.610675 (VIOLATED)
_19047_/RESET_B                         0.750000    5.360675   -4.610675 (VIOLATED)
_19048_/RESET_B                         0.750000    5.360675   -4.610675 (VIOLATED)
_19049_/RESET_B                         0.750000    5.360675   -4.610675 (VIOLATED)
_19050_/RESET_B                         0.750000    5.360675   -4.610675 (VIOLATED)
_19051_/RESET_B                         0.750000    5.360675   -4.610675 (VIOLATED)
_19052_/RESET_B                         0.750000    5.360675   -4.610675 (VIOLATED)
_19053_/RESET_B                         0.750000    5.360675   -4.610675 (VIOLATED)
_19054_/RESET_B                         0.750000    5.360675   -4.610675 (VIOLATED)
_19055_/RESET_B                         0.750000    5.360675   -4.610675 (VIOLATED)
_19056_/RESET_B                         0.750000    5.360675   -4.610675 (VIOLATED)
_19057_/RESET_B                         0.750000    5.360675   -4.610675 (VIOLATED)
_19058_/RESET_B                         0.750000    5.360675   -4.610675 (VIOLATED)
_19059_/RESET_B                         0.750000    5.360675   -4.610675 (VIOLATED)
_19060_/RESET_B                         0.750000    5.360675   -4.610675 (VIOLATED)
_19061_/RESET_B                         0.750000    5.360675   -4.610675 (VIOLATED)
_19062_/RESET_B                         0.750000    5.360675   -4.610675 (VIOLATED)
_19063_/RESET_B                         0.750000    5.360675   -4.610675 (VIOLATED)
_19064_/RESET_B                         0.750000    5.360675   -4.610675 (VIOLATED)
_19065_/RESET_B                         0.750000    5.360675   -4.610675 (VIOLATED)
_19066_/RESET_B                         0.750000    5.360675   -4.610675 (VIOLATED)
_19067_/RESET_B                         0.750000    5.360675   -4.610675 (VIOLATED)
_19068_/RESET_B                         0.750000    5.360675   -4.610675 (VIOLATED)
_19069_/RESET_B                         0.750000    5.360675   -4.610675 (VIOLATED)
_19070_/RESET_B                         0.750000    5.360675   -4.610675 (VIOLATED)
_19071_/RESET_B                         0.750000    5.360675   -4.610675 (VIOLATED)
_19072_/RESET_B                         0.750000    5.360675   -4.610675 (VIOLATED)
_19073_/RESET_B                         0.750000    5.360675   -4.610675 (VIOLATED)
_19074_/RESET_B                         0.750000    5.360675   -4.610675 (VIOLATED)
_19075_/RESET_B                         0.750000    5.360675   -4.610675 (VIOLATED)
_19076_/RESET_B                         0.750000    5.360675   -4.610675 (VIOLATED)
_19077_/RESET_B                         0.750000    5.360675   -4.610675 (VIOLATED)
_19078_/RESET_B                         0.750000    5.360675   -4.610675 (VIOLATED)
_19079_/RESET_B                         0.750000    5.360675   -4.610675 (VIOLATED)
_19080_/RESET_B                         0.750000    5.360675   -4.610675 (VIOLATED)
_19081_/RESET_B                         0.750000    5.360675   -4.610675 (VIOLATED)
_19082_/RESET_B                         0.750000    5.360675   -4.610675 (VIOLATED)
_19083_/RESET_B                         0.750000    5.360675   -4.610675 (VIOLATED)
_19084_/RESET_B                         0.750000    5.360675   -4.610675 (VIOLATED)
_19085_/RESET_B                         0.750000    5.360675   -4.610675 (VIOLATED)
_19086_/RESET_B                         0.750000    5.360675   -4.610675 (VIOLATED)
_19087_/RESET_B                         0.750000    5.360675   -4.610675 (VIOLATED)
_19088_/RESET_B                         0.750000    5.360675   -4.610675 (VIOLATED)
_19089_/RESET_B                         0.750000    5.360675   -4.610675 (VIOLATED)
_19090_/RESET_B                         0.750000    5.360675   -4.610675 (VIOLATED)
_19091_/RESET_B                         0.750000    5.360675   -4.610675 (VIOLATED)
_19092_/RESET_B                         0.750000    5.360675   -4.610675 (VIOLATED)
_19093_/RESET_B                         0.750000    5.360675   -4.610675 (VIOLATED)
_19094_/RESET_B                         0.750000    5.360675   -4.610675 (VIOLATED)
_19095_/RESET_B                         0.750000    5.360675   -4.610675 (VIOLATED)
_19096_/RESET_B                         0.750000    5.360675   -4.610675 (VIOLATED)
_19097_/RESET_B                         0.750000    5.360675   -4.610675 (VIOLATED)
_19098_/RESET_B                         0.750000    5.360675   -4.610675 (VIOLATED)
_19099_/RESET_B                         0.750000    5.360675   -4.610675 (VIOLATED)
_19100_/RESET_B                         0.750000    5.360675   -4.610675 (VIOLATED)
_19101_/RESET_B                         0.750000    5.360675   -4.610675 (VIOLATED)
_19102_/RESET_B                         0.750000    5.360675   -4.610675 (VIOLATED)
_19103_/RESET_B                         0.750000    5.360675   -4.610675 (VIOLATED)
_19104_/RESET_B                         0.750000    5.360675   -4.610675 (VIOLATED)
_19105_/RESET_B                         0.750000    5.360675   -4.610675 (VIOLATED)
_19106_/RESET_B                         0.750000    5.360675   -4.610675 (VIOLATED)
_19107_/RESET_B                         0.750000    5.360675   -4.610675 (VIOLATED)
_19108_/RESET_B                         0.750000    5.360675   -4.610675 (VIOLATED)
_19109_/RESET_B                         0.750000    5.360675   -4.610675 (VIOLATED)
_19110_/RESET_B                         0.750000    5.360675   -4.610675 (VIOLATED)
_19111_/RESET_B                         0.750000    5.360675   -4.610675 (VIOLATED)
_19112_/RESET_B                         0.750000    5.360675   -4.610675 (VIOLATED)
_19113_/RESET_B                         0.750000    5.360675   -4.610675 (VIOLATED)
_19114_/RESET_B                         0.750000    5.360675   -4.610675 (VIOLATED)
_19115_/RESET_B                         0.750000    5.360675   -4.610675 (VIOLATED)
_19116_/RESET_B                         0.750000    5.360675   -4.610675 (VIOLATED)
_19117_/RESET_B                         0.750000    5.360675   -4.610675 (VIOLATED)
_19118_/RESET_B                         0.750000    5.360675   -4.610675 (VIOLATED)
_19119_/RESET_B                         0.750000    5.360675   -4.610675 (VIOLATED)
_19120_/RESET_B                         0.750000    5.360675   -4.610675 (VIOLATED)
_19121_/RESET_B                         0.750000    5.360675   -4.610675 (VIOLATED)
_19122_/RESET_B                         0.750000    5.360675   -4.610675 (VIOLATED)
_19123_/RESET_B                         0.750000    5.360675   -4.610675 (VIOLATED)
_19124_/RESET_B                         0.750000    5.360675   -4.610675 (VIOLATED)
_19125_/RESET_B                         0.750000    5.360675   -4.610675 (VIOLATED)
_19126_/RESET_B                         0.750000    5.360675   -4.610675 (VIOLATED)
_19127_/RESET_B                         0.750000    5.360675   -4.610675 (VIOLATED)
_19128_/RESET_B                         0.750000    5.360675   -4.610675 (VIOLATED)
_19129_/RESET_B                         0.750000    5.360675   -4.610675 (VIOLATED)
_19530_/RESET_B                         0.750000    5.360675   -4.610675 (VIOLATED)
_19531_/RESET_B                         0.750000    5.360675   -4.610675 (VIOLATED)
rst_n                                   0.750000    4.848402   -4.098402 (VIOLATED)
_09509_/B                               0.750000    4.848402   -4.098402 (VIOLATED)
_19130_/RESET_B                         0.750000    4.848402   -4.098402 (VIOLATED)
_19131_/RESET_B                         0.750000    4.848402   -4.098402 (VIOLATED)
_19132_/RESET_B                         0.750000    4.848402   -4.098402 (VIOLATED)
_19133_/RESET_B                         0.750000    4.848402   -4.098402 (VIOLATED)
_19134_/RESET_B                         0.750000    4.848402   -4.098402 (VIOLATED)
_19135_/RESET_B                         0.750000    4.848402   -4.098402 (VIOLATED)
_19136_/RESET_B                         0.750000    4.848402   -4.098402 (VIOLATED)
_19137_/RESET_B                         0.750000    4.848402   -4.098402 (VIOLATED)
_19138_/RESET_B                         0.750000    4.848402   -4.098402 (VIOLATED)
_19139_/RESET_B                         0.750000    4.848402   -4.098402 (VIOLATED)
_19140_/RESET_B                         0.750000    4.848402   -4.098402 (VIOLATED)
_19141_/RESET_B                         0.750000    4.848402   -4.098402 (VIOLATED)
_19142_/RESET_B                         0.750000    4.848402   -4.098402 (VIOLATED)
_19143_/RESET_B                         0.750000    4.848402   -4.098402 (VIOLATED)
_19144_/RESET_B                         0.750000    4.848402   -4.098402 (VIOLATED)
_19145_/RESET_B                         0.750000    4.848402   -4.098402 (VIOLATED)
_19146_/RESET_B                         0.750000    4.848402   -4.098402 (VIOLATED)
_19147_/RESET_B                         0.750000    4.848402   -4.098402 (VIOLATED)
_19148_/RESET_B                         0.750000    4.848402   -4.098402 (VIOLATED)
_19149_/RESET_B                         0.750000    4.848402   -4.098402 (VIOLATED)
_19150_/RESET_B                         0.750000    4.848402   -4.098402 (VIOLATED)
_19151_/RESET_B                         0.750000    4.848402   -4.098402 (VIOLATED)
_19152_/RESET_B                         0.750000    4.848402   -4.098402 (VIOLATED)
_19153_/RESET_B                         0.750000    4.848402   -4.098402 (VIOLATED)
_19154_/RESET_B                         0.750000    4.848402   -4.098402 (VIOLATED)
_19155_/RESET_B                         0.750000    4.848402   -4.098402 (VIOLATED)
_19156_/RESET_B                         0.750000    4.848402   -4.098402 (VIOLATED)
_19157_/RESET_B                         0.750000    4.848402   -4.098402 (VIOLATED)
_19158_/RESET_B                         0.750000    4.848402   -4.098402 (VIOLATED)
_19159_/RESET_B                         0.750000    4.848402   -4.098402 (VIOLATED)
_19160_/RESET_B                         0.750000    4.848402   -4.098402 (VIOLATED)
_19161_/RESET_B                         0.750000    4.848402   -4.098402 (VIOLATED)
_19162_/RESET_B                         0.750000    4.848402   -4.098402 (VIOLATED)
_19163_/RESET_B                         0.750000    4.848402   -4.098402 (VIOLATED)
_19164_/RESET_B                         0.750000    4.848402   -4.098402 (VIOLATED)
_19165_/RESET_B                         0.750000    4.848402   -4.098402 (VIOLATED)
_19166_/RESET_B                         0.750000    4.848402   -4.098402 (VIOLATED)
_19167_/RESET_B                         0.750000    4.848402   -4.098402 (VIOLATED)
_19168_/RESET_B                         0.750000    4.848402   -4.098402 (VIOLATED)
_19169_/RESET_B                         0.750000    4.848402   -4.098402 (VIOLATED)
_19170_/RESET_B                         0.750000    4.848402   -4.098402 (VIOLATED)
_19171_/RESET_B                         0.750000    4.848402   -4.098402 (VIOLATED)
_19172_/RESET_B                         0.750000    4.848402   -4.098402 (VIOLATED)
_19173_/RESET_B                         0.750000    4.848402   -4.098402 (VIOLATED)
_19174_/RESET_B                         0.750000    4.848402   -4.098402 (VIOLATED)
_19175_/RESET_B                         0.750000    4.848402   -4.098402 (VIOLATED)
_19176_/RESET_B                         0.750000    4.848402   -4.098402 (VIOLATED)
_19177_/RESET_B                         0.750000    4.848402   -4.098402 (VIOLATED)
_19178_/RESET_B                         0.750000    4.848402   -4.098402 (VIOLATED)
_19179_/RESET_B                         0.750000    4.848402   -4.098402 (VIOLATED)
_19180_/RESET_B                         0.750000    4.848402   -4.098402 (VIOLATED)
_19181_/RESET_B                         0.750000    4.848402   -4.098402 (VIOLATED)
_19182_/RESET_B                         0.750000    4.848402   -4.098402 (VIOLATED)
_19183_/RESET_B                         0.750000    4.848402   -4.098402 (VIOLATED)
_19184_/RESET_B                         0.750000    4.848402   -4.098402 (VIOLATED)
_19185_/RESET_B                         0.750000    4.848402   -4.098402 (VIOLATED)
_19186_/RESET_B                         0.750000    4.848402   -4.098402 (VIOLATED)
_19187_/RESET_B                         0.750000    4.848402   -4.098402 (VIOLATED)
_19188_/RESET_B                         0.750000    4.848402   -4.098402 (VIOLATED)
_19189_/RESET_B                         0.750000    4.848402   -4.098402 (VIOLATED)
_19190_/RESET_B                         0.750000    4.848402   -4.098402 (VIOLATED)
_19191_/RESET_B                         0.750000    4.848402   -4.098402 (VIOLATED)
_19192_/RESET_B                         0.750000    4.848402   -4.098402 (VIOLATED)
_19193_/RESET_B                         0.750000    4.848402   -4.098402 (VIOLATED)
_19194_/RESET_B                         0.750000    4.848402   -4.098402 (VIOLATED)
_19195_/RESET_B                         0.750000    4.848402   -4.098402 (VIOLATED)
_19196_/RESET_B                         0.750000    4.848402   -4.098402 (VIOLATED)
_19197_/RESET_B                         0.750000    4.848402   -4.098402 (VIOLATED)
_19198_/RESET_B                         0.750000    4.848402   -4.098402 (VIOLATED)
_19199_/RESET_B                         0.750000    4.848402   -4.098402 (VIOLATED)
_19200_/RESET_B                         0.750000    4.848402   -4.098402 (VIOLATED)
_19201_/RESET_B                         0.750000    4.848402   -4.098402 (VIOLATED)
_19202_/RESET_B                         0.750000    4.848402   -4.098402 (VIOLATED)
_19203_/RESET_B                         0.750000    4.848402   -4.098402 (VIOLATED)
_19204_/RESET_B                         0.750000    4.848402   -4.098402 (VIOLATED)
_19205_/RESET_B                         0.750000    4.848402   -4.098402 (VIOLATED)
_19206_/RESET_B                         0.750000    4.848402   -4.098402 (VIOLATED)
_19207_/RESET_B                         0.750000    4.848402   -4.098402 (VIOLATED)
_19208_/RESET_B                         0.750000    4.848402   -4.098402 (VIOLATED)
_19209_/RESET_B                         0.750000    4.848402   -4.098402 (VIOLATED)
_19210_/RESET_B                         0.750000    4.848402   -4.098402 (VIOLATED)
_19211_/RESET_B                         0.750000    4.848402   -4.098402 (VIOLATED)
_19212_/RESET_B                         0.750000    4.848402   -4.098402 (VIOLATED)
_19213_/RESET_B                         0.750000    4.848402   -4.098402 (VIOLATED)
_19214_/RESET_B                         0.750000    4.848402   -4.098402 (VIOLATED)
_19215_/RESET_B                         0.750000    4.848402   -4.098402 (VIOLATED)
_19216_/RESET_B                         0.750000    4.848402   -4.098402 (VIOLATED)
_19217_/RESET_B                         0.750000    4.848402   -4.098402 (VIOLATED)
_19218_/RESET_B                         0.750000    4.848402   -4.098402 (VIOLATED)
_19219_/RESET_B                         0.750000    4.848402   -4.098402 (VIOLATED)
_19220_/RESET_B                         0.750000    4.848402   -4.098402 (VIOLATED)
_19221_/RESET_B                         0.750000    4.848402   -4.098402 (VIOLATED)
_19222_/RESET_B                         0.750000    4.848402   -4.098402 (VIOLATED)
_19223_/RESET_B                         0.750000    4.848402   -4.098402 (VIOLATED)
_19224_/RESET_B                         0.750000    4.848402   -4.098402 (VIOLATED)
_19225_/RESET_B                         0.750000    4.848402   -4.098402 (VIOLATED)
_19226_/RESET_B                         0.750000    4.848402   -4.098402 (VIOLATED)
_19227_/RESET_B                         0.750000    4.848402   -4.098402 (VIOLATED)
_19228_/RESET_B                         0.750000    4.848402   -4.098402 (VIOLATED)
_19229_/RESET_B                         0.750000    4.848402   -4.098402 (VIOLATED)
_19230_/RESET_B                         0.750000    4.848402   -4.098402 (VIOLATED)
_19231_/RESET_B                         0.750000    4.848402   -4.098402 (VIOLATED)
_19232_/RESET_B                         0.750000    4.848402   -4.098402 (VIOLATED)
_19233_/RESET_B                         0.750000    4.848402   -4.098402 (VIOLATED)
_19234_/RESET_B                         0.750000    4.848402   -4.098402 (VIOLATED)
_19235_/RESET_B                         0.750000    4.848402   -4.098402 (VIOLATED)
_19236_/RESET_B                         0.750000    4.848402   -4.098402 (VIOLATED)
_19237_/RESET_B                         0.750000    4.848402   -4.098402 (VIOLATED)
_19238_/RESET_B                         0.750000    4.848402   -4.098402 (VIOLATED)
_19239_/RESET_B                         0.750000    4.848402   -4.098402 (VIOLATED)
_19240_/RESET_B                         0.750000    4.848402   -4.098402 (VIOLATED)
_19241_/RESET_B                         0.750000    4.848402   -4.098402 (VIOLATED)
_19242_/RESET_B                         0.750000    4.848402   -4.098402 (VIOLATED)
_19243_/RESET_B                         0.750000    4.848402   -4.098402 (VIOLATED)
_19244_/RESET_B                         0.750000    4.848402   -4.098402 (VIOLATED)
_19245_/RESET_B                         0.750000    4.848402   -4.098402 (VIOLATED)
_19246_/RESET_B                         0.750000    4.848402   -4.098402 (VIOLATED)
_19247_/RESET_B                         0.750000    4.848402   -4.098402 (VIOLATED)
_19248_/RESET_B                         0.750000    4.848402   -4.098402 (VIOLATED)
_19249_/RESET_B                         0.750000    4.848402   -4.098402 (VIOLATED)
_19250_/RESET_B                         0.750000    4.848402   -4.098402 (VIOLATED)
_19251_/RESET_B                         0.750000    4.848402   -4.098402 (VIOLATED)
_19252_/RESET_B                         0.750000    4.848402   -4.098402 (VIOLATED)
_19253_/RESET_B                         0.750000    4.848402   -4.098402 (VIOLATED)
_19254_/RESET_B                         0.750000    4.848402   -4.098402 (VIOLATED)
_19255_/RESET_B                         0.750000    4.848402   -4.098402 (VIOLATED)
_19256_/RESET_B                         0.750000    4.848402   -4.098402 (VIOLATED)
_19257_/RESET_B                         0.750000    4.848402   -4.098402 (VIOLATED)
_19258_/RESET_B                         0.750000    4.848402   -4.098402 (VIOLATED)
_19259_/RESET_B                         0.750000    4.848402   -4.098402 (VIOLATED)
_19260_/RESET_B                         0.750000    4.848402   -4.098402 (VIOLATED)
_19261_/RESET_B                         0.750000    4.848402   -4.098402 (VIOLATED)
_19262_/RESET_B                         0.750000    4.848402   -4.098402 (VIOLATED)
_19263_/RESET_B                         0.750000    4.848402   -4.098402 (VIOLATED)
_19264_/RESET_B                         0.750000    4.848402   -4.098402 (VIOLATED)
_19265_/RESET_B                         0.750000    4.848402   -4.098402 (VIOLATED)
_19266_/RESET_B                         0.750000    4.848402   -4.098402 (VIOLATED)
_19267_/RESET_B                         0.750000    4.848402   -4.098402 (VIOLATED)
_19268_/RESET_B                         0.750000    4.848402   -4.098402 (VIOLATED)
_19269_/RESET_B                         0.750000    4.848402   -4.098402 (VIOLATED)
_19270_/RESET_B                         0.750000    4.848402   -4.098402 (VIOLATED)
_19271_/RESET_B                         0.750000    4.848402   -4.098402 (VIOLATED)
_19272_/RESET_B                         0.750000    4.848402   -4.098402 (VIOLATED)
_19273_/RESET_B                         0.750000    4.848402   -4.098402 (VIOLATED)
_19274_/RESET_B                         0.750000    4.848402   -4.098402 (VIOLATED)
_19275_/RESET_B                         0.750000    4.848402   -4.098402 (VIOLATED)
_19276_/RESET_B                         0.750000    4.848402   -4.098402 (VIOLATED)
_19277_/RESET_B                         0.750000    4.848402   -4.098402 (VIOLATED)
_19278_/RESET_B                         0.750000    4.848402   -4.098402 (VIOLATED)
_19279_/RESET_B                         0.750000    4.848402   -4.098402 (VIOLATED)
_19280_/RESET_B                         0.750000    4.848402   -4.098402 (VIOLATED)
_19281_/RESET_B                         0.750000    4.848402   -4.098402 (VIOLATED)
_19282_/RESET_B                         0.750000    4.848402   -4.098402 (VIOLATED)
_19283_/RESET_B                         0.750000    4.848402   -4.098402 (VIOLATED)
_19284_/RESET_B                         0.750000    4.848402   -4.098402 (VIOLATED)
_19285_/RESET_B                         0.750000    4.848402   -4.098402 (VIOLATED)
_19286_/RESET_B                         0.750000    4.848402   -4.098402 (VIOLATED)
_19287_/RESET_B                         0.750000    4.848402   -4.098402 (VIOLATED)
_19288_/RESET_B                         0.750000    4.848402   -4.098402 (VIOLATED)
_19289_/RESET_B                         0.750000    4.848402   -4.098402 (VIOLATED)
_19290_/RESET_B                         0.750000    4.848402   -4.098402 (VIOLATED)
_19291_/RESET_B                         0.750000    4.848402   -4.098402 (VIOLATED)
_19292_/RESET_B                         0.750000    4.848402   -4.098402 (VIOLATED)
_19293_/RESET_B                         0.750000    4.848402   -4.098402 (VIOLATED)
_19294_/RESET_B                         0.750000    4.848402   -4.098402 (VIOLATED)
_19295_/RESET_B                         0.750000    4.848402   -4.098402 (VIOLATED)
_19296_/RESET_B                         0.750000    4.848402   -4.098402 (VIOLATED)
_19297_/RESET_B                         0.750000    4.848402   -4.098402 (VIOLATED)
_19298_/RESET_B                         0.750000    4.848402   -4.098402 (VIOLATED)
_19299_/RESET_B                         0.750000    4.848402   -4.098402 (VIOLATED)
_19300_/RESET_B                         0.750000    4.848402   -4.098402 (VIOLATED)
_19301_/RESET_B                         0.750000    4.848402   -4.098402 (VIOLATED)
_19302_/RESET_B                         0.750000    4.848402   -4.098402 (VIOLATED)
_19303_/RESET_B                         0.750000    4.848402   -4.098402 (VIOLATED)
_19304_/RESET_B                         0.750000    4.848402   -4.098402 (VIOLATED)
_19305_/RESET_B                         0.750000    4.848402   -4.098402 (VIOLATED)
_19306_/RESET_B                         0.750000    4.848402   -4.098402 (VIOLATED)
_19307_/RESET_B                         0.750000    4.848402   -4.098402 (VIOLATED)
_19308_/RESET_B                         0.750000    4.848402   -4.098402 (VIOLATED)
_19309_/RESET_B                         0.750000    4.848402   -4.098402 (VIOLATED)
_19310_/RESET_B                         0.750000    4.848402   -4.098402 (VIOLATED)
_19311_/RESET_B                         0.750000    4.848402   -4.098402 (VIOLATED)
_19312_/RESET_B                         0.750000    4.848402   -4.098402 (VIOLATED)
_19313_/RESET_B                         0.750000    4.848402   -4.098402 (VIOLATED)
_19314_/RESET_B                         0.750000    4.848402   -4.098402 (VIOLATED)
_19315_/RESET_B                         0.750000    4.848402   -4.098402 (VIOLATED)
_19316_/RESET_B                         0.750000    4.848402   -4.098402 (VIOLATED)
_19317_/RESET_B                         0.750000    4.848402   -4.098402 (VIOLATED)
_19318_/RESET_B                         0.750000    4.848402   -4.098402 (VIOLATED)
_19319_/RESET_B                         0.750000    4.848402   -4.098402 (VIOLATED)
_19320_/RESET_B                         0.750000    4.848402   -4.098402 (VIOLATED)
_19321_/RESET_B                         0.750000    4.848402   -4.098402 (VIOLATED)
_19322_/RESET_B                         0.750000    4.848402   -4.098402 (VIOLATED)
_19323_/RESET_B                         0.750000    4.848402   -4.098402 (VIOLATED)
_19324_/RESET_B                         0.750000    4.848402   -4.098402 (VIOLATED)
_19325_/RESET_B                         0.750000    4.848402   -4.098402 (VIOLATED)
_19326_/RESET_B                         0.750000    4.848402   -4.098402 (VIOLATED)
_19327_/RESET_B                         0.750000    4.848402   -4.098402 (VIOLATED)
_19328_/RESET_B                         0.750000    4.848402   -4.098402 (VIOLATED)
_19329_/RESET_B                         0.750000    4.848402   -4.098402 (VIOLATED)
_19330_/RESET_B                         0.750000    4.848402   -4.098402 (VIOLATED)
_19331_/RESET_B                         0.750000    4.848402   -4.098402 (VIOLATED)
_19332_/RESET_B                         0.750000    4.848402   -4.098402 (VIOLATED)
_19333_/RESET_B                         0.750000    4.848402   -4.098402 (VIOLATED)
_19334_/RESET_B                         0.750000    4.848402   -4.098402 (VIOLATED)
_19335_/RESET_B                         0.750000    4.848402   -4.098402 (VIOLATED)
_19336_/RESET_B                         0.750000    4.848402   -4.098402 (VIOLATED)
_19337_/RESET_B                         0.750000    4.848402   -4.098402 (VIOLATED)
_19338_/RESET_B                         0.750000    4.848402   -4.098402 (VIOLATED)
_19339_/RESET_B                         0.750000    4.848402   -4.098402 (VIOLATED)
_19340_/RESET_B                         0.750000    4.848402   -4.098402 (VIOLATED)
_19341_/RESET_B                         0.750000    4.848402   -4.098402 (VIOLATED)
_19342_/RESET_B                         0.750000    4.848402   -4.098402 (VIOLATED)
_19343_/RESET_B                         0.750000    4.848402   -4.098402 (VIOLATED)
_19344_/RESET_B                         0.750000    4.848402   -4.098402 (VIOLATED)
_19345_/RESET_B                         0.750000    4.848402   -4.098402 (VIOLATED)
_19346_/RESET_B                         0.750000    4.848402   -4.098402 (VIOLATED)
_19347_/RESET_B                         0.750000    4.848402   -4.098402 (VIOLATED)
_19348_/RESET_B                         0.750000    4.848402   -4.098402 (VIOLATED)
_19349_/RESET_B                         0.750000    4.848402   -4.098402 (VIOLATED)
_19350_/RESET_B                         0.750000    4.848402   -4.098402 (VIOLATED)
_19351_/RESET_B                         0.750000    4.848402   -4.098402 (VIOLATED)
_19352_/RESET_B                         0.750000    4.848402   -4.098402 (VIOLATED)
_19353_/RESET_B                         0.750000    4.848402   -4.098402 (VIOLATED)
_19354_/RESET_B                         0.750000    4.848402   -4.098402 (VIOLATED)
_19355_/RESET_B                         0.750000    4.848402   -4.098402 (VIOLATED)
_19356_/RESET_B                         0.750000    4.848402   -4.098402 (VIOLATED)
_19357_/RESET_B                         0.750000    4.848402   -4.098402 (VIOLATED)
_19358_/RESET_B                         0.750000    4.848402   -4.098402 (VIOLATED)
_19359_/RESET_B                         0.750000    4.848402   -4.098402 (VIOLATED)
_19360_/RESET_B                         0.750000    4.848402   -4.098402 (VIOLATED)
_19361_/RESET_B                         0.750000    4.848402   -4.098402 (VIOLATED)
_19362_/RESET_B                         0.750000    4.848402   -4.098402 (VIOLATED)
_19363_/RESET_B                         0.750000    4.848402   -4.098402 (VIOLATED)
_19364_/RESET_B                         0.750000    4.848402   -4.098402 (VIOLATED)
_19365_/RESET_B                         0.750000    4.848402   -4.098402 (VIOLATED)
_19366_/RESET_B                         0.750000    4.848402   -4.098402 (VIOLATED)
_19367_/RESET_B                         0.750000    4.848402   -4.098402 (VIOLATED)
_19368_/RESET_B                         0.750000    4.848402   -4.098402 (VIOLATED)
_19369_/RESET_B                         0.750000    4.848402   -4.098402 (VIOLATED)
_19370_/RESET_B                         0.750000    4.848402   -4.098402 (VIOLATED)
_19371_/RESET_B                         0.750000    4.848402   -4.098402 (VIOLATED)
_19372_/RESET_B                         0.750000    4.848402   -4.098402 (VIOLATED)
_19373_/RESET_B                         0.750000    4.848402   -4.098402 (VIOLATED)
_19374_/RESET_B                         0.750000    4.848402   -4.098402 (VIOLATED)
_19375_/RESET_B                         0.750000    4.848402   -4.098402 (VIOLATED)
_19376_/RESET_B                         0.750000    4.848402   -4.098402 (VIOLATED)
_19377_/RESET_B                         0.750000    4.848402   -4.098402 (VIOLATED)
_19378_/RESET_B                         0.750000    4.848402   -4.098402 (VIOLATED)
_19379_/RESET_B                         0.750000    4.848402   -4.098402 (VIOLATED)
_19380_/RESET_B                         0.750000    4.848402   -4.098402 (VIOLATED)
_19381_/RESET_B                         0.750000    4.848402   -4.098402 (VIOLATED)
_19382_/RESET_B                         0.750000    4.848402   -4.098402 (VIOLATED)
_19383_/RESET_B                         0.750000    4.848402   -4.098402 (VIOLATED)
_19384_/RESET_B                         0.750000    4.848402   -4.098402 (VIOLATED)
_19385_/RESET_B                         0.750000    4.848402   -4.098402 (VIOLATED)
_19386_/RESET_B                         0.750000    4.848402   -4.098402 (VIOLATED)
_19387_/RESET_B                         0.750000    4.848402   -4.098402 (VIOLATED)
_19388_/RESET_B                         0.750000    4.848402   -4.098402 (VIOLATED)
_19389_/RESET_B                         0.750000    4.848402   -4.098402 (VIOLATED)
_19390_/RESET_B                         0.750000    4.848402   -4.098402 (VIOLATED)
_19391_/RESET_B                         0.750000    4.848402   -4.098402 (VIOLATED)
_19392_/RESET_B                         0.750000    4.848402   -4.098402 (VIOLATED)
_19393_/RESET_B                         0.750000    4.848402   -4.098402 (VIOLATED)
_19394_/RESET_B                         0.750000    4.848402   -4.098402 (VIOLATED)
_19395_/RESET_B                         0.750000    4.848402   -4.098402 (VIOLATED)
_19396_/RESET_B                         0.750000    4.848402   -4.098402 (VIOLATED)
_19397_/RESET_B                         0.750000    4.848402   -4.098402 (VIOLATED)
_19398_/RESET_B                         0.750000    4.848402   -4.098402 (VIOLATED)
_19399_/RESET_B                         0.750000    4.848402   -4.098402 (VIOLATED)
_19400_/RESET_B                         0.750000    4.848402   -4.098402 (VIOLATED)
_19401_/RESET_B                         0.750000    4.848402   -4.098402 (VIOLATED)
_19402_/RESET_B                         0.750000    4.848402   -4.098402 (VIOLATED)
_19403_/RESET_B                         0.750000    4.848402   -4.098402 (VIOLATED)
_19404_/RESET_B                         0.750000    4.848402   -4.098402 (VIOLATED)
_19405_/RESET_B                         0.750000    4.848402   -4.098402 (VIOLATED)
_19406_/RESET_B                         0.750000    4.848402   -4.098402 (VIOLATED)
_19407_/RESET_B                         0.750000    4.848402   -4.098402 (VIOLATED)
_19408_/RESET_B                         0.750000    4.848402   -4.098402 (VIOLATED)
_19409_/RESET_B                         0.750000    4.848402   -4.098402 (VIOLATED)
_19410_/RESET_B                         0.750000    4.848402   -4.098402 (VIOLATED)
_19411_/RESET_B                         0.750000    4.848402   -4.098402 (VIOLATED)
_19412_/RESET_B                         0.750000    4.848402   -4.098402 (VIOLATED)
_19413_/RESET_B                         0.750000    4.848402   -4.098402 (VIOLATED)
_19414_/RESET_B                         0.750000    4.848402   -4.098402 (VIOLATED)
_19415_/RESET_B                         0.750000    4.848402   -4.098402 (VIOLATED)
_19416_/RESET_B                         0.750000    4.848402   -4.098402 (VIOLATED)
_19417_/RESET_B                         0.750000    4.848402   -4.098402 (VIOLATED)
_19418_/RESET_B                         0.750000    4.848402   -4.098402 (VIOLATED)
_19419_/RESET_B                         0.750000    4.848402   -4.098402 (VIOLATED)
_19420_/RESET_B                         0.750000    4.848402   -4.098402 (VIOLATED)
_19421_/RESET_B                         0.750000    4.848402   -4.098402 (VIOLATED)
_19422_/RESET_B                         0.750000    4.848402   -4.098402 (VIOLATED)
_19423_/RESET_B                         0.750000    4.848402   -4.098402 (VIOLATED)
_19424_/RESET_B                         0.750000    4.848402   -4.098402 (VIOLATED)
_19425_/RESET_B                         0.750000    4.848402   -4.098402 (VIOLATED)
_19426_/RESET_B                         0.750000    4.848402   -4.098402 (VIOLATED)
_19427_/RESET_B                         0.750000    4.848402   -4.098402 (VIOLATED)
_19428_/RESET_B                         0.750000    4.848402   -4.098402 (VIOLATED)
_19429_/RESET_B                         0.750000    4.848402   -4.098402 (VIOLATED)
_19430_/RESET_B                         0.750000    4.848402   -4.098402 (VIOLATED)
_19431_/RESET_B                         0.750000    4.848402   -4.098402 (VIOLATED)
_19432_/RESET_B                         0.750000    4.848402   -4.098402 (VIOLATED)
_19433_/RESET_B                         0.750000    4.848402   -4.098402 (VIOLATED)
_19434_/RESET_B                         0.750000    4.848402   -4.098402 (VIOLATED)
_19435_/RESET_B                         0.750000    4.848402   -4.098402 (VIOLATED)
_19436_/RESET_B                         0.750000    4.848402   -4.098402 (VIOLATED)
_19437_/RESET_B                         0.750000    4.848402   -4.098402 (VIOLATED)
_19438_/RESET_B                         0.750000    4.848402   -4.098402 (VIOLATED)
_19439_/RESET_B                         0.750000    4.848402   -4.098402 (VIOLATED)
_19440_/RESET_B                         0.750000    4.848402   -4.098402 (VIOLATED)
_19441_/RESET_B                         0.750000    4.848402   -4.098402 (VIOLATED)
_19442_/RESET_B                         0.750000    4.848402   -4.098402 (VIOLATED)
_19443_/RESET_B                         0.750000    4.848402   -4.098402 (VIOLATED)
_19444_/RESET_B                         0.750000    4.848402   -4.098402 (VIOLATED)
_19445_/RESET_B                         0.750000    4.848402   -4.098402 (VIOLATED)
_19446_/RESET_B                         0.750000    4.848402   -4.098402 (VIOLATED)
_19447_/RESET_B                         0.750000    4.848402   -4.098402 (VIOLATED)
_19448_/RESET_B                         0.750000    4.848402   -4.098402 (VIOLATED)
_19449_/RESET_B                         0.750000    4.848402   -4.098402 (VIOLATED)
_19450_/RESET_B                         0.750000    4.848402   -4.098402 (VIOLATED)
_19451_/RESET_B                         0.750000    4.848402   -4.098402 (VIOLATED)
_19452_/RESET_B                         0.750000    4.848402   -4.098402 (VIOLATED)
_19453_/RESET_B                         0.750000    4.848402   -4.098402 (VIOLATED)
_19454_/RESET_B                         0.750000    4.848402   -4.098402 (VIOLATED)
_19455_/RESET_B                         0.750000    4.848402   -4.098402 (VIOLATED)
_19456_/RESET_B                         0.750000    4.848402   -4.098402 (VIOLATED)
_19457_/RESET_B                         0.750000    4.848402   -4.098402 (VIOLATED)
_19458_/RESET_B                         0.750000    4.848402   -4.098402 (VIOLATED)
_19459_/RESET_B                         0.750000    4.848402   -4.098402 (VIOLATED)
_19460_/RESET_B                         0.750000    4.848402   -4.098402 (VIOLATED)
_19461_/RESET_B                         0.750000    4.848402   -4.098402 (VIOLATED)
_19462_/RESET_B                         0.750000    4.848402   -4.098402 (VIOLATED)
_19463_/RESET_B                         0.750000    4.848402   -4.098402 (VIOLATED)
_19464_/RESET_B                         0.750000    4.848402   -4.098402 (VIOLATED)
_19465_/RESET_B                         0.750000    4.848402   -4.098402 (VIOLATED)
_19466_/RESET_B                         0.750000    4.848402   -4.098402 (VIOLATED)
_19467_/RESET_B                         0.750000    4.848402   -4.098402 (VIOLATED)
_19468_/RESET_B                         0.750000    4.848402   -4.098402 (VIOLATED)
_19469_/RESET_B                         0.750000    4.848402   -4.098402 (VIOLATED)
_19470_/RESET_B                         0.750000    4.848402   -4.098402 (VIOLATED)
_19471_/RESET_B                         0.750000    4.848402   -4.098402 (VIOLATED)
_19472_/RESET_B                         0.750000    4.848402   -4.098402 (VIOLATED)
_19473_/RESET_B                         0.750000    4.848402   -4.098402 (VIOLATED)
_19474_/RESET_B                         0.750000    4.848402   -4.098402 (VIOLATED)
_19475_/RESET_B                         0.750000    4.848402   -4.098402 (VIOLATED)
_19476_/RESET_B                         0.750000    4.848402   -4.098402 (VIOLATED)
_19477_/RESET_B                         0.750000    4.848402   -4.098402 (VIOLATED)
_19478_/RESET_B                         0.750000    4.848402   -4.098402 (VIOLATED)
_19479_/RESET_B                         0.750000    4.848402   -4.098402 (VIOLATED)
_19480_/RESET_B                         0.750000    4.848402   -4.098402 (VIOLATED)
_19481_/RESET_B                         0.750000    4.848402   -4.098402 (VIOLATED)
_19482_/RESET_B                         0.750000    4.848402   -4.098402 (VIOLATED)
_19483_/RESET_B                         0.750000    4.848402   -4.098402 (VIOLATED)
_19484_/RESET_B                         0.750000    4.848402   -4.098402 (VIOLATED)
_19485_/RESET_B                         0.750000    4.848402   -4.098402 (VIOLATED)
_19486_/RESET_B                         0.750000    4.848402   -4.098402 (VIOLATED)
_19487_/RESET_B                         0.750000    4.848402   -4.098402 (VIOLATED)
_19488_/RESET_B                         0.750000    4.848402   -4.098402 (VIOLATED)
_19489_/RESET_B                         0.750000    4.848402   -4.098402 (VIOLATED)
_19490_/RESET_B                         0.750000    4.848402   -4.098402 (VIOLATED)
_19491_/RESET_B                         0.750000    4.848402   -4.098402 (VIOLATED)
_19492_/RESET_B                         0.750000    4.848402   -4.098402 (VIOLATED)
_19493_/RESET_B                         0.750000    4.848402   -4.098402 (VIOLATED)
_19494_/RESET_B                         0.750000    4.848402   -4.098402 (VIOLATED)
_19495_/RESET_B                         0.750000    4.848402   -4.098402 (VIOLATED)
_19496_/RESET_B                         0.750000    4.848402   -4.098402 (VIOLATED)
_19497_/RESET_B                         0.750000    4.848402   -4.098402 (VIOLATED)
_19498_/RESET_B                         0.750000    4.848402   -4.098402 (VIOLATED)
_19499_/RESET_B                         0.750000    4.848402   -4.098402 (VIOLATED)
_19500_/RESET_B                         0.750000    4.848402   -4.098402 (VIOLATED)
_19501_/RESET_B                         0.750000    4.848402   -4.098402 (VIOLATED)
_19502_/RESET_B                         0.750000    4.848402   -4.098402 (VIOLATED)
_19503_/RESET_B                         0.750000    4.848402   -4.098402 (VIOLATED)
_19504_/RESET_B                         0.750000    4.848402   -4.098402 (VIOLATED)
_19505_/RESET_B                         0.750000    4.848402   -4.098402 (VIOLATED)
_19506_/RESET_B                         0.750000    4.848402   -4.098402 (VIOLATED)
_19507_/RESET_B                         0.750000    4.848402   -4.098402 (VIOLATED)
_19508_/RESET_B                         0.750000    4.848402   -4.098402 (VIOLATED)
_19509_/RESET_B                         0.750000    4.848402   -4.098402 (VIOLATED)
_19510_/RESET_B                         0.750000    4.848402   -4.098402 (VIOLATED)
_19511_/RESET_B                         0.750000    4.848402   -4.098402 (VIOLATED)
_19512_/RESET_B                         0.750000    4.848402   -4.098402 (VIOLATED)
_19513_/RESET_B                         0.750000    4.848402   -4.098402 (VIOLATED)
_19514_/RESET_B                         0.750000    4.848402   -4.098402 (VIOLATED)
_19515_/RESET_B                         0.750000    4.848402   -4.098402 (VIOLATED)
_19516_/RESET_B                         0.750000    4.848402   -4.098402 (VIOLATED)
_19517_/RESET_B                         0.750000    4.848402   -4.098402 (VIOLATED)
_19518_/RESET_B                         0.750000    4.848402   -4.098402 (VIOLATED)
_19519_/RESET_B                         0.750000    4.848402   -4.098402 (VIOLATED)
_19520_/RESET_B                         0.750000    4.848402   -4.098402 (VIOLATED)
_19521_/RESET_B                         0.750000    4.848402   -4.098402 (VIOLATED)
_19522_/RESET_B                         0.750000    4.848402   -4.098402 (VIOLATED)
_19523_/RESET_B                         0.750000    4.848402   -4.098402 (VIOLATED)
_19524_/RESET_B                         0.750000    4.848402   -4.098402 (VIOLATED)
_19525_/RESET_B                         0.750000    4.848402   -4.098402 (VIOLATED)
_19526_/RESET_B                         0.750000    4.848402   -4.098402 (VIOLATED)
_19527_/RESET_B                         0.750000    4.848402   -4.098402 (VIOLATED)
_19528_/RESET_B                         0.750000    4.848402   -4.098402 (VIOLATED)
_19529_/RESET_B                         0.750000    4.848402   -4.098402 (VIOLATED)
_09498_/Y                               0.750000    2.950261   -2.200260 (VIOLATED)
_09504_/A                               0.750000    2.950261   -2.200260 (VIOLATED)
_17525_/A2                              0.750000    2.950261   -2.200260 (VIOLATED)
_17550_/A2                              0.750000    2.950261   -2.200260 (VIOLATED)
_17725_/A2                              0.750000    2.950261   -2.200260 (VIOLATED)
_17732_/A2                              0.750000    2.950261   -2.200260 (VIOLATED)
_17752_/A2                              0.750000    2.950261   -2.200260 (VIOLATED)
_17759_/A2                              0.750000    2.950261   -2.200260 (VIOLATED)
_17763_/A2                              0.750000    2.950261   -2.200260 (VIOLATED)
_17778_/C1                              0.750000    2.950261   -2.200260 (VIOLATED)
_17779_/A2                              0.750000    2.950261   -2.200260 (VIOLATED)
_17786_/A2                              0.750000    2.950261   -2.200260 (VIOLATED)
_17811_/A2                              0.750000    2.950261   -2.200260 (VIOLATED)
_17836_/A2                              0.750000    2.950261   -2.200260 (VIOLATED)
_17854_/A2                              0.750000    2.950261   -2.200260 (VIOLATED)
_17857_/A2                              0.750000    2.950261   -2.200260 (VIOLATED)
_17861_/A2                              0.750000    2.950261   -2.200260 (VIOLATED)
_17864_/A2                              0.750000    2.950261   -2.200260 (VIOLATED)
_17867_/A2                              0.750000    2.950261   -2.200260 (VIOLATED)
_17870_/A2                              0.750000    2.950261   -2.200260 (VIOLATED)
_17873_/A2                              0.750000    2.950261   -2.200260 (VIOLATED)
_17875_/A2                              0.750000    2.950261   -2.200260 (VIOLATED)
_17876_/A2                              0.750000    2.950261   -2.200260 (VIOLATED)
_17878_/A2                              0.750000    2.950261   -2.200260 (VIOLATED)
_17881_/A2                              0.750000    2.950261   -2.200260 (VIOLATED)
_17883_/A2                              0.750000    2.950261   -2.200260 (VIOLATED)
_17884_/C1                              0.750000    2.950261   -2.200260 (VIOLATED)
_17886_/A2                              0.750000    2.950261   -2.200260 (VIOLATED)
_17889_/A2                              0.750000    2.950261   -2.200260 (VIOLATED)
_17890_/A2                              0.750000    2.950261   -2.200260 (VIOLATED)
_17892_/A2                              0.750000    2.950261   -2.200260 (VIOLATED)
_17894_/A2                              0.750000    2.950261   -2.200260 (VIOLATED)
_17897_/A2                              0.750000    2.950261   -2.200260 (VIOLATED)
_17898_/A2                              0.750000    2.950261   -2.200260 (VIOLATED)
_17900_/C1                              0.750000    2.950261   -2.200260 (VIOLATED)
_17903_/A2                              0.750000    2.950261   -2.200260 (VIOLATED)
_17904_/A2                              0.750000    2.950261   -2.200260 (VIOLATED)
_17906_/A2                              0.750000    2.950261   -2.200260 (VIOLATED)
_17909_/A2                              0.750000    2.950261   -2.200260 (VIOLATED)
_17910_/A2                              0.750000    2.950261   -2.200260 (VIOLATED)
_17912_/A2                              0.750000    2.950261   -2.200260 (VIOLATED)
_17915_/A2                              0.750000    2.950261   -2.200260 (VIOLATED)
_17917_/A2                              0.750000    2.950261   -2.200260 (VIOLATED)
_17918_/A2                              0.750000    2.950261   -2.200260 (VIOLATED)
_17920_/A2                              0.750000    2.950261   -2.200260 (VIOLATED)
_17922_/A2                              0.750000    2.950261   -2.200260 (VIOLATED)
_17924_/A2                              0.750000    2.950261   -2.200260 (VIOLATED)
_17927_/A2                              0.750000    2.950261   -2.200260 (VIOLATED)
_17928_/A2                              0.750000    2.950261   -2.200260 (VIOLATED)
_17930_/A2                              0.750000    2.950261   -2.200260 (VIOLATED)
_17932_/C1                              0.750000    2.950261   -2.200260 (VIOLATED)
_17935_/A2                              0.750000    2.950261   -2.200260 (VIOLATED)
_17937_/A2                              0.750000    2.950261   -2.200260 (VIOLATED)
_17938_/A2                              0.750000    2.950261   -2.200260 (VIOLATED)
_17941_/A2                              0.750000    2.950261   -2.200260 (VIOLATED)
_17943_/A2                              0.750000    2.950261   -2.200260 (VIOLATED)
_17945_/A2                              0.750000    2.950261   -2.200260 (VIOLATED)
_17948_/A2                              0.750000    2.950261   -2.200260 (VIOLATED)
_17950_/A2                              0.750000    2.950261   -2.200260 (VIOLATED)
_17952_/A2                              0.750000    2.950261   -2.200260 (VIOLATED)
_17953_/A2                              0.750000    2.950261   -2.200260 (VIOLATED)
_17955_/A2                              0.750000    2.950261   -2.200260 (VIOLATED)
_17958_/A2                              0.750000    2.950261   -2.200260 (VIOLATED)
_17960_/A2                              0.750000    2.950261   -2.200260 (VIOLATED)
_17962_/A2                              0.750000    2.950261   -2.200260 (VIOLATED)
_17965_/A2                              0.750000    2.950261   -2.200260 (VIOLATED)
_17967_/A2                              0.750000    2.950261   -2.200260 (VIOLATED)
_17969_/A2                              0.750000    2.950261   -2.200260 (VIOLATED)
_17971_/A2                              0.750000    2.950261   -2.200260 (VIOLATED)
_17972_/A2                              0.750000    2.950261   -2.200260 (VIOLATED)
_17975_/A2                              0.750000    2.950261   -2.200260 (VIOLATED)
_17977_/A2                              0.750000    2.950261   -2.200260 (VIOLATED)
_17978_/A2                              0.750000    2.950261   -2.200260 (VIOLATED)
_17981_/A2                              0.750000    2.950261   -2.200260 (VIOLATED)
_17985_/A2                              0.750000    2.950261   -2.200260 (VIOLATED)
_17987_/A2                              0.750000    2.950261   -2.200260 (VIOLATED)
_17989_/A2                              0.750000    2.950261   -2.200260 (VIOLATED)
_17991_/A2                              0.750000    2.950261   -2.200260 (VIOLATED)
_17992_/A2                              0.750000    2.950261   -2.200260 (VIOLATED)
_17994_/A2                              0.750000    2.950261   -2.200260 (VIOLATED)
_17999_/A2                              0.750000    2.950261   -2.200260 (VIOLATED)
_18000_/A2                              0.750000    2.950261   -2.200260 (VIOLATED)
_18002_/A2                              0.750000    2.950261   -2.200260 (VIOLATED)
_18004_/A2                              0.750000    2.950261   -2.200260 (VIOLATED)
_18006_/A2                              0.750000    2.950261   -2.200260 (VIOLATED)
_18009_/A2                              0.750000    2.950261   -2.200260 (VIOLATED)
_18010_/A2                              0.750000    2.950261   -2.200260 (VIOLATED)
_18013_/A2                              0.750000    2.950261   -2.200260 (VIOLATED)
_18014_/A2                              0.750000    2.950261   -2.200260 (VIOLATED)
_18016_/A2                              0.750000    2.950261   -2.200260 (VIOLATED)
_18018_/A2                              0.750000    2.950261   -2.200260 (VIOLATED)
_18021_/A2                              0.750000    2.950261   -2.200260 (VIOLATED)
_18023_/A2                              0.750000    2.950261   -2.200260 (VIOLATED)
_18024_/A2                              0.750000    2.950261   -2.200260 (VIOLATED)
_18026_/A2                              0.750000    2.950261   -2.200260 (VIOLATED)
_18029_/A2                              0.750000    2.950261   -2.200260 (VIOLATED)
_18030_/A2                              0.750000    2.950261   -2.200260 (VIOLATED)
_18032_/A2                              0.750000    2.950261   -2.200260 (VIOLATED)
_18035_/A2                              0.750000    2.950261   -2.200260 (VIOLATED)
_18036_/A2                              0.750000    2.950261   -2.200260 (VIOLATED)
_18038_/A2                              0.750000    2.950261   -2.200260 (VIOLATED)
_18040_/A2                              0.750000    2.950261   -2.200260 (VIOLATED)
_18042_/A2                              0.750000    2.950261   -2.200260 (VIOLATED)
_18045_/A2                              0.750000    2.950261   -2.200260 (VIOLATED)
_18046_/A2                              0.750000    2.950261   -2.200260 (VIOLATED)
_18049_/A2                              0.750000    2.950261   -2.200260 (VIOLATED)
_18050_/A2                              0.750000    2.950261   -2.200260 (VIOLATED)
_18052_/A2                              0.750000    2.950261   -2.200260 (VIOLATED)
_18054_/A2                              0.750000    2.950261   -2.200260 (VIOLATED)
_18057_/A2                              0.750000    2.950261   -2.200260 (VIOLATED)
_18058_/A2                              0.750000    2.950261   -2.200260 (VIOLATED)
_18060_/A2                              0.750000    2.950261   -2.200260 (VIOLATED)
_18063_/A2                              0.750000    2.950261   -2.200260 (VIOLATED)
_18064_/A2                              0.750000    2.950261   -2.200260 (VIOLATED)
_18066_/A2                              0.750000    2.950261   -2.200260 (VIOLATED)
_18069_/A2                              0.750000    2.950261   -2.200260 (VIOLATED)
_18070_/A2                              0.750000    2.950261   -2.200260 (VIOLATED)
_18072_/A2                              0.750000    2.950261   -2.200260 (VIOLATED)
_18074_/A2                              0.750000    2.950261   -2.200260 (VIOLATED)
_18076_/A2                              0.750000    2.950261   -2.200260 (VIOLATED)
_18079_/A2                              0.750000    2.950261   -2.200260 (VIOLATED)
_18080_/A2                              0.750000    2.950261   -2.200260 (VIOLATED)
_18083_/A2                              0.750000    2.950261   -2.200260 (VIOLATED)
_18085_/A2                              0.750000    2.950261   -2.200260 (VIOLATED)
_18086_/A2                              0.750000    2.950261   -2.200260 (VIOLATED)
_18088_/A2                              0.750000    2.950261   -2.200260 (VIOLATED)
_18090_/A2                              0.750000    2.950261   -2.200260 (VIOLATED)
_18092_/A2                              0.750000    2.950261   -2.200260 (VIOLATED)
_18095_/A2                              0.750000    2.950261   -2.200260 (VIOLATED)
_18096_/A2                              0.750000    2.950261   -2.200260 (VIOLATED)
_18098_/A2                              0.750000    2.950261   -2.200260 (VIOLATED)
_18101_/A2                              0.750000    2.950261   -2.200260 (VIOLATED)
_18102_/A2                              0.750000    2.950261   -2.200260 (VIOLATED)
_18104_/A2                              0.750000    2.950261   -2.200260 (VIOLATED)
_18107_/A2                              0.750000    2.950261   -2.200260 (VIOLATED)
_18109_/A2                              0.750000    2.950261   -2.200260 (VIOLATED)
_18110_/A2                              0.750000    2.950261   -2.200260 (VIOLATED)
_18112_/A2                              0.750000    2.950261   -2.200260 (VIOLATED)
_18114_/A2                              0.750000    2.950261   -2.200260 (VIOLATED)
_18117_/A2                              0.750000    2.950261   -2.200260 (VIOLATED)
_18118_/A2                              0.750000    2.950261   -2.200260 (VIOLATED)
_18120_/A2                              0.750000    2.950261   -2.200260 (VIOLATED)
_18122_/A2                              0.750000    2.950261   -2.200260 (VIOLATED)
_18124_/A2                              0.750000    2.950261   -2.200260 (VIOLATED)
_18127_/A2                              0.750000    2.950261   -2.200260 (VIOLATED)
_18129_/A2                              0.750000    2.950261   -2.200260 (VIOLATED)
_18131_/A2                              0.750000    2.950261   -2.200260 (VIOLATED)
_18132_/A0                              0.750000    2.950261   -2.200260 (VIOLATED)
_18144_/B2                              0.750000    2.950261   -2.200260 (VIOLATED)
_18145_/B1                              0.750000    2.950261   -2.200260 (VIOLATED)
_18147_/B2                              0.750000    2.950261   -2.200260 (VIOLATED)
_18149_/B2                              0.750000    2.950261   -2.200260 (VIOLATED)
_18150_/B1                              0.750000    2.950261   -2.200260 (VIOLATED)
_18151_/B1                              0.750000    2.950261   -2.200260 (VIOLATED)
_18152_/B1                              0.750000    2.950261   -2.200260 (VIOLATED)
_17475_/X                               0.750000    2.828656   -2.078656 (VIOLATED)
_17478_/S                               0.750000    2.828656   -2.078656 (VIOLATED)
_17481_/S                               0.750000    2.828656   -2.078656 (VIOLATED)
_17484_/S                               0.750000    2.828656   -2.078656 (VIOLATED)
_17487_/S                               0.750000    2.828656   -2.078656 (VIOLATED)
_17490_/S                               0.750000    2.828656   -2.078656 (VIOLATED)
_17493_/S                               0.750000    2.828656   -2.078656 (VIOLATED)
_17496_/S                               0.750000    2.828656   -2.078656 (VIOLATED)
_17499_/S                               0.750000    2.828656   -2.078656 (VIOLATED)
_17502_/S                               0.750000    2.828656   -2.078656 (VIOLATED)
_17505_/S                               0.750000    2.828656   -2.078656 (VIOLATED)
_17508_/S                               0.750000    2.828656   -2.078656 (VIOLATED)
_17511_/S                               0.750000    2.828656   -2.078656 (VIOLATED)
_17514_/S                               0.750000    2.828656   -2.078656 (VIOLATED)
_17517_/S                               0.750000    2.828656   -2.078656 (VIOLATED)
_17520_/S                               0.750000    2.828656   -2.078656 (VIOLATED)
_17522_/C                               0.750000    2.828656   -2.078656 (VIOLATED)
_17527_/S                               0.750000    2.828656   -2.078656 (VIOLATED)
_17530_/S                               0.750000    2.828656   -2.078656 (VIOLATED)
_17533_/S                               0.750000    2.828656   -2.078656 (VIOLATED)
_17536_/S                               0.750000    2.828656   -2.078656 (VIOLATED)
_17539_/S                               0.750000    2.828656   -2.078656 (VIOLATED)
_17542_/S                               0.750000    2.828656   -2.078656 (VIOLATED)
_17545_/S                               0.750000    2.828656   -2.078656 (VIOLATED)
_17547_/C                               0.750000    2.828656   -2.078656 (VIOLATED)
_17552_/S                               0.750000    2.828656   -2.078656 (VIOLATED)
_17555_/S                               0.750000    2.828656   -2.078656 (VIOLATED)
_17558_/S                               0.750000    2.828656   -2.078656 (VIOLATED)
_17561_/S                               0.750000    2.828656   -2.078656 (VIOLATED)
_17564_/S                               0.750000    2.828656   -2.078656 (VIOLATED)
_17567_/S                               0.750000    2.828656   -2.078656 (VIOLATED)
_17570_/S                               0.750000    2.828656   -2.078656 (VIOLATED)
_17573_/S                               0.750000    2.828656   -2.078656 (VIOLATED)
_17576_/S                               0.750000    2.828656   -2.078656 (VIOLATED)
_17579_/S                               0.750000    2.828656   -2.078656 (VIOLATED)
_17582_/S                               0.750000    2.828656   -2.078656 (VIOLATED)
_17585_/S                               0.750000    2.828656   -2.078656 (VIOLATED)
_17588_/S                               0.750000    2.828656   -2.078656 (VIOLATED)
_17591_/S                               0.750000    2.828656   -2.078656 (VIOLATED)
_17594_/S                               0.750000    2.828656   -2.078656 (VIOLATED)
_17597_/S                               0.750000    2.828656   -2.078656 (VIOLATED)
_17600_/S                               0.750000    2.828656   -2.078656 (VIOLATED)
_17603_/S                               0.750000    2.828656   -2.078656 (VIOLATED)
_17606_/S                               0.750000    2.828656   -2.078656 (VIOLATED)
_17609_/S                               0.750000    2.828656   -2.078656 (VIOLATED)
_17612_/S                               0.750000    2.828656   -2.078656 (VIOLATED)
_17615_/S                               0.750000    2.828656   -2.078656 (VIOLATED)
_17618_/S                               0.750000    2.828656   -2.078656 (VIOLATED)
_17621_/S                               0.750000    2.828656   -2.078656 (VIOLATED)
_17624_/S                               0.750000    2.828656   -2.078656 (VIOLATED)
_17627_/S                               0.750000    2.828656   -2.078656 (VIOLATED)
_17630_/S                               0.750000    2.828656   -2.078656 (VIOLATED)
_17633_/S                               0.750000    2.828656   -2.078656 (VIOLATED)
_17636_/S                               0.750000    2.828656   -2.078656 (VIOLATED)
_17639_/S                               0.750000    2.828656   -2.078656 (VIOLATED)
_17642_/S                               0.750000    2.828656   -2.078656 (VIOLATED)
_17645_/S                               0.750000    2.828656   -2.078656 (VIOLATED)
_17648_/S                               0.750000    2.828656   -2.078656 (VIOLATED)
_17651_/S                               0.750000    2.828656   -2.078656 (VIOLATED)
_17654_/S                               0.750000    2.828656   -2.078656 (VIOLATED)
_17657_/S                               0.750000    2.828656   -2.078656 (VIOLATED)
_17660_/S                               0.750000    2.828656   -2.078656 (VIOLATED)
_17663_/S                               0.750000    2.828656   -2.078656 (VIOLATED)
_17666_/S                               0.750000    2.828656   -2.078656 (VIOLATED)
_17669_/S                               0.750000    2.828656   -2.078656 (VIOLATED)
_17672_/S                               0.750000    2.828656   -2.078656 (VIOLATED)
_17675_/S                               0.750000    2.828656   -2.078656 (VIOLATED)
_17678_/S                               0.750000    2.828656   -2.078656 (VIOLATED)
_17681_/S                               0.750000    2.828656   -2.078656 (VIOLATED)
_17684_/S                               0.750000    2.828656   -2.078656 (VIOLATED)
_17687_/S                               0.750000    2.828656   -2.078656 (VIOLATED)
_17690_/S                               0.750000    2.828656   -2.078656 (VIOLATED)
_17693_/S                               0.750000    2.828656   -2.078656 (VIOLATED)
_17696_/S                               0.750000    2.828656   -2.078656 (VIOLATED)
_17699_/S                               0.750000    2.828656   -2.078656 (VIOLATED)
_17702_/S                               0.750000    2.828656   -2.078656 (VIOLATED)
_17705_/S                               0.750000    2.828656   -2.078656 (VIOLATED)
_17708_/S                               0.750000    2.828656   -2.078656 (VIOLATED)
_17711_/S                               0.750000    2.828656   -2.078656 (VIOLATED)
_17714_/S                               0.750000    2.828656   -2.078656 (VIOLATED)
_17717_/S                               0.750000    2.828656   -2.078656 (VIOLATED)
_17720_/S                               0.750000    2.828656   -2.078656 (VIOLATED)
_17722_/C                               0.750000    2.828656   -2.078656 (VIOLATED)
_17727_/S                               0.750000    2.828656   -2.078656 (VIOLATED)
_17729_/B                               0.750000    2.828656   -2.078656 (VIOLATED)
_17738_/S                               0.750000    2.828656   -2.078656 (VIOLATED)
_17741_/S                               0.750000    2.828656   -2.078656 (VIOLATED)
_17744_/S                               0.750000    2.828656   -2.078656 (VIOLATED)
_17747_/S                               0.750000    2.828656   -2.078656 (VIOLATED)
_17754_/S                               0.750000    2.828656   -2.078656 (VIOLATED)
_17760_/C                               0.750000    2.828656   -2.078656 (VIOLATED)
_17765_/S                               0.750000    2.828656   -2.078656 (VIOLATED)
_17768_/S                               0.750000    2.828656   -2.078656 (VIOLATED)
_17771_/S                               0.750000    2.828656   -2.078656 (VIOLATED)
_17774_/S                               0.750000    2.828656   -2.078656 (VIOLATED)
_17776_/B1                              0.750000    2.828656   -2.078656 (VIOLATED)
_17781_/S                               0.750000    2.828656   -2.078656 (VIOLATED)
_17783_/B                               0.750000    2.828656   -2.078656 (VIOLATED)
_17788_/S                               0.750000    2.828656   -2.078656 (VIOLATED)
_17791_/S                               0.750000    2.828656   -2.078656 (VIOLATED)
_17794_/S                               0.750000    2.828656   -2.078656 (VIOLATED)
_17797_/S                               0.750000    2.828656   -2.078656 (VIOLATED)
_17800_/S                               0.750000    2.828656   -2.078656 (VIOLATED)
_17803_/S                               0.750000    2.828656   -2.078656 (VIOLATED)
_17806_/S                               0.750000    2.828656   -2.078656 (VIOLATED)
_17808_/B                               0.750000    2.828656   -2.078656 (VIOLATED)
_17813_/S                               0.750000    2.828656   -2.078656 (VIOLATED)
_17816_/S                               0.750000    2.828656   -2.078656 (VIOLATED)
_17819_/S                               0.750000    2.828656   -2.078656 (VIOLATED)
_17822_/S                               0.750000    2.828656   -2.078656 (VIOLATED)
_17825_/S                               0.750000    2.828656   -2.078656 (VIOLATED)
_17828_/S                               0.750000    2.828656   -2.078656 (VIOLATED)
_17831_/S                               0.750000    2.828656   -2.078656 (VIOLATED)
_17833_/B                               0.750000    2.828656   -2.078656 (VIOLATED)
_17838_/S                               0.750000    2.828656   -2.078656 (VIOLATED)
_17841_/S                               0.750000    2.828656   -2.078656 (VIOLATED)
_17844_/S                               0.750000    2.828656   -2.078656 (VIOLATED)
_17847_/S                               0.750000    2.828656   -2.078656 (VIOLATED)
_17850_/S                               0.750000    2.828656   -2.078656 (VIOLATED)
_17852_/B1                              0.750000    2.828656   -2.078656 (VIOLATED)
_17855_/B1                              0.750000    2.828656   -2.078656 (VIOLATED)
_17858_/B                               0.750000    2.828656   -2.078656 (VIOLATED)
_17862_/B1                              0.750000    2.828656   -2.078656 (VIOLATED)
_17865_/B1                              0.750000    2.828656   -2.078656 (VIOLATED)
_17868_/B1                              0.750000    2.828656   -2.078656 (VIOLATED)
_17871_/B1                              0.750000    2.828656   -2.078656 (VIOLATED)
_17875_/B1                              0.750000    2.828656   -2.078656 (VIOLATED)
_17876_/B1                              0.750000    2.828656   -2.078656 (VIOLATED)
_17878_/B1                              0.750000    2.828656   -2.078656 (VIOLATED)
_17881_/B1                              0.750000    2.828656   -2.078656 (VIOLATED)
_17883_/B1                              0.750000    2.828656   -2.078656 (VIOLATED)
_17886_/B1                              0.750000    2.828656   -2.078656 (VIOLATED)
_17889_/B1                              0.750000    2.828656   -2.078656 (VIOLATED)
_17890_/B1                              0.750000    2.828656   -2.078656 (VIOLATED)
_17892_/B1                              0.750000    2.828656   -2.078656 (VIOLATED)
_17894_/B1                              0.750000    2.828656   -2.078656 (VIOLATED)
_17897_/B1                              0.750000    2.828656   -2.078656 (VIOLATED)
_17898_/B1                              0.750000    2.828656   -2.078656 (VIOLATED)
_17903_/B1                              0.750000    2.828656   -2.078656 (VIOLATED)
_17904_/B1                              0.750000    2.828656   -2.078656 (VIOLATED)
_17906_/B1                              0.750000    2.828656   -2.078656 (VIOLATED)
_17909_/B1                              0.750000    2.828656   -2.078656 (VIOLATED)
_17910_/B1                              0.750000    2.828656   -2.078656 (VIOLATED)
_17912_/B1                              0.750000    2.828656   -2.078656 (VIOLATED)
_17915_/B1                              0.750000    2.828656   -2.078656 (VIOLATED)
_17916_/B2                              0.750000    2.828656   -2.078656 (VIOLATED)
_17918_/B1                              0.750000    2.828656   -2.078656 (VIOLATED)
_17920_/B1                              0.750000    2.828656   -2.078656 (VIOLATED)
_17922_/B1                              0.750000    2.828656   -2.078656 (VIOLATED)
_17924_/B1                              0.750000    2.828656   -2.078656 (VIOLATED)
_17927_/B1                              0.750000    2.828656   -2.078656 (VIOLATED)
_17928_/B1                              0.750000    2.828656   -2.078656 (VIOLATED)
_17930_/B1                              0.750000    2.828656   -2.078656 (VIOLATED)
_17935_/B1                              0.750000    2.828656   -2.078656 (VIOLATED)
_17937_/B1                              0.750000    2.828656   -2.078656 (VIOLATED)
_17938_/B1                              0.750000    2.828656   -2.078656 (VIOLATED)
_17941_/B1                              0.750000    2.828656   -2.078656 (VIOLATED)
_17943_/B1                              0.750000    2.828656   -2.078656 (VIOLATED)
_17945_/B1                              0.750000    2.828656   -2.078656 (VIOLATED)
_17949_/B2                              0.750000    2.828656   -2.078656 (VIOLATED)
_17952_/B1                              0.750000    2.828656   -2.078656 (VIOLATED)
_17953_/B1                              0.750000    2.828656   -2.078656 (VIOLATED)
_17955_/B1                              0.750000    2.828656   -2.078656 (VIOLATED)
_17958_/B1                              0.750000    2.828656   -2.078656 (VIOLATED)
_17960_/B1                              0.750000    2.828656   -2.078656 (VIOLATED)
_17962_/B1                              0.750000    2.828656   -2.078656 (VIOLATED)
_17966_/B2                              0.750000    2.828656   -2.078656 (VIOLATED)
_17969_/B1                              0.750000    2.828656   -2.078656 (VIOLATED)
_17971_/B1                              0.750000    2.828656   -2.078656 (VIOLATED)
_17972_/B1                              0.750000    2.828656   -2.078656 (VIOLATED)
_17975_/B1                              0.750000    2.828656   -2.078656 (VIOLATED)
_17977_/B1                              0.750000    2.828656   -2.078656 (VIOLATED)
_17978_/B1                              0.750000    2.828656   -2.078656 (VIOLATED)
_17980_/B2                              0.750000    2.828656   -2.078656 (VIOLATED)
_17985_/B1                              0.750000    2.828656   -2.078656 (VIOLATED)
_17987_/B1                              0.750000    2.828656   -2.078656 (VIOLATED)
_17989_/B1                              0.750000    2.828656   -2.078656 (VIOLATED)
_17991_/B1                              0.750000    2.828656   -2.078656 (VIOLATED)
_17992_/B1                              0.750000    2.828656   -2.078656 (VIOLATED)
_17994_/B1                              0.750000    2.828656   -2.078656 (VIOLATED)
_17998_/B2                              0.750000    2.828656   -2.078656 (VIOLATED)
_18000_/B1                              0.750000    2.828656   -2.078656 (VIOLATED)
_18002_/B1                              0.750000    2.828656   -2.078656 (VIOLATED)
_18004_/B1                              0.750000    2.828656   -2.078656 (VIOLATED)
_18006_/B1                              0.750000    2.828656   -2.078656 (VIOLATED)
_18009_/B1                              0.750000    2.828656   -2.078656 (VIOLATED)
_18010_/B1                              0.750000    2.828656   -2.078656 (VIOLATED)
_18012_/B2                              0.750000    2.828656   -2.078656 (VIOLATED)
_18014_/B1                              0.750000    2.828656   -2.078656 (VIOLATED)
_18016_/B1                              0.750000    2.828656   -2.078656 (VIOLATED)
_18018_/B1                              0.750000    2.828656   -2.078656 (VIOLATED)
_18021_/B1                              0.750000    2.828656   -2.078656 (VIOLATED)
_18023_/B1                              0.750000    2.828656   -2.078656 (VIOLATED)
_18024_/B1                              0.750000    2.828656   -2.078656 (VIOLATED)
_18026_/B1                              0.750000    2.828656   -2.078656 (VIOLATED)
_18028_/B2                              0.750000    2.828656   -2.078656 (VIOLATED)
_18030_/B1                              0.750000    2.828656   -2.078656 (VIOLATED)
_18032_/B1                              0.750000    2.828656   -2.078656 (VIOLATED)
_18035_/B1                              0.750000    2.828656   -2.078656 (VIOLATED)
_18036_/B1                              0.750000    2.828656   -2.078656 (VIOLATED)
_18038_/B1                              0.750000    2.828656   -2.078656 (VIOLATED)
_18040_/B1                              0.750000    2.828656   -2.078656 (VIOLATED)
_18042_/B1                              0.750000    2.828656   -2.078656 (VIOLATED)
_18044_/B2                              0.750000    2.828656   -2.078656 (VIOLATED)
_18046_/B1                              0.750000    2.828656   -2.078656 (VIOLATED)
_18049_/B1                              0.750000    2.828656   -2.078656 (VIOLATED)
_18050_/B1                              0.750000    2.828656   -2.078656 (VIOLATED)
_18052_/B1                              0.750000    2.828656   -2.078656 (VIOLATED)
_18054_/B1                              0.750000    2.828656   -2.078656 (VIOLATED)
_18057_/B1                              0.750000    2.828656   -2.078656 (VIOLATED)
_18058_/B1                              0.750000    2.828656   -2.078656 (VIOLATED)
_18060_/B1                              0.750000    2.828656   -2.078656 (VIOLATED)
_18063_/B1                              0.750000    2.828656   -2.078656 (VIOLATED)
_18064_/B1                              0.750000    2.828656   -2.078656 (VIOLATED)
_18066_/B1                              0.750000    2.828656   -2.078656 (VIOLATED)
_18069_/B1                              0.750000    2.828656   -2.078656 (VIOLATED)
_18070_/B1                              0.750000    2.828656   -2.078656 (VIOLATED)
_18072_/B1                              0.750000    2.828656   -2.078656 (VIOLATED)
_18074_/B1                              0.750000    2.828656   -2.078656 (VIOLATED)
_18076_/B1                              0.750000    2.828656   -2.078656 (VIOLATED)
_18079_/B1                              0.750000    2.828656   -2.078656 (VIOLATED)
_18080_/B1                              0.750000    2.828656   -2.078656 (VIOLATED)
_18083_/B1                              0.750000    2.828656   -2.078656 (VIOLATED)
_18085_/B1                              0.750000    2.828656   -2.078656 (VIOLATED)
_18086_/B1                              0.750000    2.828656   -2.078656 (VIOLATED)
_18088_/B1                              0.750000    2.828656   -2.078656 (VIOLATED)
_18090_/B1                              0.750000    2.828656   -2.078656 (VIOLATED)
_18092_/B1                              0.750000    2.828656   -2.078656 (VIOLATED)
_18095_/B1                              0.750000    2.828656   -2.078656 (VIOLATED)
_18096_/B1                              0.750000    2.828656   -2.078656 (VIOLATED)
_18098_/B1                              0.750000    2.828656   -2.078656 (VIOLATED)
_18101_/B1                              0.750000    2.828656   -2.078656 (VIOLATED)
_18102_/B1                              0.750000    2.828656   -2.078656 (VIOLATED)
_18104_/B1                              0.750000    2.828656   -2.078656 (VIOLATED)
_18107_/B1                              0.750000    2.828656   -2.078656 (VIOLATED)
_18109_/B1                              0.750000    2.828656   -2.078656 (VIOLATED)
_18110_/B1                              0.750000    2.828656   -2.078656 (VIOLATED)
_18112_/B1                              0.750000    2.828656   -2.078656 (VIOLATED)
_18114_/B1                              0.750000    2.828656   -2.078656 (VIOLATED)
_18117_/B1                              0.750000    2.828656   -2.078656 (VIOLATED)
_18118_/B1                              0.750000    2.828656   -2.078656 (VIOLATED)
_18120_/B1                              0.750000    2.828656   -2.078656 (VIOLATED)
_18122_/B1                              0.750000    2.828656   -2.078656 (VIOLATED)
_18124_/B1                              0.750000    2.828656   -2.078656 (VIOLATED)
_18127_/B1                              0.750000    2.828656   -2.078656 (VIOLATED)
_18129_/B1                              0.750000    2.828656   -2.078656 (VIOLATED)
_18131_/B1                              0.750000    2.828656   -2.078656 (VIOLATED)
_18138_/A                               0.750000    2.828656   -2.078656 (VIOLATED)
_18140_/B1                              0.750000    2.828656   -2.078656 (VIOLATED)
_09511_/X                               0.750000    2.323556   -1.573556 (VIOLATED)
_18156_/B                               0.750000    2.323556   -1.573556 (VIOLATED)
_18158_/B                               0.750000    2.323556   -1.573556 (VIOLATED)
_18160_/B                               0.750000    2.323556   -1.573556 (VIOLATED)
_18162_/B                               0.750000    2.323556   -1.573556 (VIOLATED)
_18164_/B                               0.750000    2.323556   -1.573556 (VIOLATED)
_18166_/B                               0.750000    2.323556   -1.573556 (VIOLATED)
_18168_/B                               0.750000    2.323556   -1.573556 (VIOLATED)
_18170_/B                               0.750000    2.323556   -1.573556 (VIOLATED)
_18269_/B                               0.750000    2.323556   -1.573556 (VIOLATED)
_18271_/B                               0.750000    2.323556   -1.573556 (VIOLATED)
_18273_/B                               0.750000    2.323556   -1.573556 (VIOLATED)
_18275_/B                               0.750000    2.323556   -1.573556 (VIOLATED)
_18277_/B                               0.750000    2.323556   -1.573556 (VIOLATED)
_18279_/B                               0.750000    2.323556   -1.573556 (VIOLATED)
_18281_/B                               0.750000    2.323556   -1.573556 (VIOLATED)
_18283_/B                               0.750000    2.323556   -1.573556 (VIOLATED)
_18409_/B                               0.750000    2.323556   -1.573556 (VIOLATED)
_18411_/B                               0.750000    2.323556   -1.573556 (VIOLATED)
_18413_/B                               0.750000    2.323556   -1.573556 (VIOLATED)
_18415_/B                               0.750000    2.323556   -1.573556 (VIOLATED)
_18417_/B                               0.750000    2.323556   -1.573556 (VIOLATED)
_18419_/B                               0.750000    2.323556   -1.573556 (VIOLATED)
_18421_/B                               0.750000    2.323556   -1.573556 (VIOLATED)
_18423_/B                               0.750000    2.323556   -1.573556 (VIOLATED)
_18441_/B                               0.750000    2.323556   -1.573556 (VIOLATED)
_18442_/B                               0.750000    2.323556   -1.573556 (VIOLATED)
_18444_/B                               0.750000    2.323556   -1.573556 (VIOLATED)
_18446_/B                               0.750000    2.323556   -1.573556 (VIOLATED)
_18448_/B                               0.750000    2.323556   -1.573556 (VIOLATED)
_18450_/B                               0.750000    2.323556   -1.573556 (VIOLATED)
_18452_/B                               0.750000    2.323556   -1.573556 (VIOLATED)
_18454_/B                               0.750000    2.323556   -1.573556 (VIOLATED)
_18456_/B                               0.750000    2.323556   -1.573556 (VIOLATED)
_18458_/B                               0.750000    2.323556   -1.573556 (VIOLATED)
_18460_/B                               0.750000    2.323556   -1.573556 (VIOLATED)
_18462_/B                               0.750000    2.323556   -1.573556 (VIOLATED)
_18464_/B                               0.750000    2.323556   -1.573556 (VIOLATED)
_18466_/B                               0.750000    2.323556   -1.573556 (VIOLATED)
_18468_/B                               0.750000    2.323556   -1.573556 (VIOLATED)
_18470_/B                               0.750000    2.323556   -1.573556 (VIOLATED)
_18472_/B                               0.750000    2.323556   -1.573556 (VIOLATED)
_18474_/B                               0.750000    2.323556   -1.573556 (VIOLATED)
_18476_/B                               0.750000    2.323556   -1.573556 (VIOLATED)
_18478_/B                               0.750000    2.323556   -1.573556 (VIOLATED)
_18480_/B                               0.750000    2.323556   -1.573556 (VIOLATED)
_18482_/B                               0.750000    2.323556   -1.573556 (VIOLATED)
_18484_/B                               0.750000    2.323556   -1.573556 (VIOLATED)
_18486_/B                               0.750000    2.323556   -1.573556 (VIOLATED)
_18488_/B                               0.750000    2.323556   -1.573556 (VIOLATED)
_18490_/B                               0.750000    2.323556   -1.573556 (VIOLATED)
_18492_/B                               0.750000    2.323556   -1.573556 (VIOLATED)
_18494_/B                               0.750000    2.323556   -1.573556 (VIOLATED)
_18496_/B                               0.750000    2.323556   -1.573556 (VIOLATED)
_18498_/B                               0.750000    2.323556   -1.573556 (VIOLATED)
_18500_/B                               0.750000    2.323556   -1.573556 (VIOLATED)
_18502_/B                               0.750000    2.323556   -1.573556 (VIOLATED)
_18504_/B                               0.750000    2.323556   -1.573556 (VIOLATED)
_18506_/B                               0.750000    2.323556   -1.573556 (VIOLATED)
_18508_/B                               0.750000    2.323556   -1.573556 (VIOLATED)
_18510_/B                               0.750000    2.323556   -1.573556 (VIOLATED)
_18512_/B                               0.750000    2.323556   -1.573556 (VIOLATED)
_18514_/B                               0.750000    2.323556   -1.573556 (VIOLATED)
_18516_/B                               0.750000    2.323556   -1.573556 (VIOLATED)
_18518_/B                               0.750000    2.323556   -1.573556 (VIOLATED)
_18520_/B                               0.750000    2.323556   -1.573556 (VIOLATED)
_18522_/B                               0.750000    2.323556   -1.573556 (VIOLATED)
_18524_/B                               0.750000    2.323556   -1.573556 (VIOLATED)
_18526_/B                               0.750000    2.323556   -1.573556 (VIOLATED)
_18528_/B                               0.750000    2.323556   -1.573556 (VIOLATED)
_18530_/B                               0.750000    2.323556   -1.573556 (VIOLATED)
_18532_/B                               0.750000    2.323556   -1.573556 (VIOLATED)
_18534_/B                               0.750000    2.323556   -1.573556 (VIOLATED)
_18536_/B                               0.750000    2.323556   -1.573556 (VIOLATED)
_18538_/B                               0.750000    2.323556   -1.573556 (VIOLATED)
_18540_/B                               0.750000    2.323556   -1.573556 (VIOLATED)
_18542_/B                               0.750000    2.323556   -1.573556 (VIOLATED)
_18544_/B                               0.750000    2.323556   -1.573556 (VIOLATED)
_18546_/B                               0.750000    2.323556   -1.573556 (VIOLATED)
_18548_/B                               0.750000    2.323556   -1.573556 (VIOLATED)
_18550_/B                               0.750000    2.323556   -1.573556 (VIOLATED)
_18552_/B                               0.750000    2.323556   -1.573556 (VIOLATED)
_18554_/B                               0.750000    2.323556   -1.573556 (VIOLATED)
_18556_/B                               0.750000    2.323556   -1.573556 (VIOLATED)
_18558_/B                               0.750000    2.323556   -1.573556 (VIOLATED)
_18560_/B                               0.750000    2.323556   -1.573556 (VIOLATED)
_18562_/B                               0.750000    2.323556   -1.573556 (VIOLATED)
_18564_/B                               0.750000    2.323556   -1.573556 (VIOLATED)
_18566_/B                               0.750000    2.323556   -1.573556 (VIOLATED)
_18568_/B                               0.750000    2.323556   -1.573556 (VIOLATED)
_18570_/B                               0.750000    2.323556   -1.573556 (VIOLATED)
_18572_/B                               0.750000    2.323556   -1.573556 (VIOLATED)
_18574_/B                               0.750000    2.323556   -1.573556 (VIOLATED)
_18576_/B                               0.750000    2.323556   -1.573556 (VIOLATED)
_18578_/B                               0.750000    2.323556   -1.573556 (VIOLATED)
_18580_/B                               0.750000    2.323556   -1.573556 (VIOLATED)
_18582_/B                               0.750000    2.323556   -1.573556 (VIOLATED)
_18584_/B                               0.750000    2.323556   -1.573556 (VIOLATED)
_18586_/B                               0.750000    2.323556   -1.573556 (VIOLATED)
_18588_/B                               0.750000    2.323556   -1.573556 (VIOLATED)
_18590_/B                               0.750000    2.323556   -1.573556 (VIOLATED)
_18592_/B                               0.750000    2.323556   -1.573556 (VIOLATED)
_18594_/B                               0.750000    2.323556   -1.573556 (VIOLATED)
_18596_/B                               0.750000    2.323556   -1.573556 (VIOLATED)
_18598_/B                               0.750000    2.323556   -1.573556 (VIOLATED)
_18600_/B                               0.750000    2.323556   -1.573556 (VIOLATED)
_18602_/B                               0.750000    2.323556   -1.573556 (VIOLATED)
_18604_/B                               0.750000    2.323556   -1.573556 (VIOLATED)
_18606_/B                               0.750000    2.323556   -1.573556 (VIOLATED)
_18608_/B                               0.750000    2.323556   -1.573556 (VIOLATED)
_18610_/B                               0.750000    2.323556   -1.573556 (VIOLATED)
_18612_/B                               0.750000    2.323556   -1.573556 (VIOLATED)
_18614_/B                               0.750000    2.323556   -1.573556 (VIOLATED)
_18616_/B                               0.750000    2.323556   -1.573556 (VIOLATED)
_18618_/B                               0.750000    2.323556   -1.573556 (VIOLATED)
_18620_/B                               0.750000    2.323556   -1.573556 (VIOLATED)
_18622_/B                               0.750000    2.323556   -1.573556 (VIOLATED)
_18624_/B                               0.750000    2.323556   -1.573556 (VIOLATED)
_18626_/B                               0.750000    2.323556   -1.573556 (VIOLATED)
_18628_/B                               0.750000    2.323556   -1.573556 (VIOLATED)
_18630_/B                               0.750000    2.323556   -1.573556 (VIOLATED)
_18632_/B                               0.750000    2.323556   -1.573556 (VIOLATED)
_18634_/B                               0.750000    2.323556   -1.573556 (VIOLATED)
_18636_/B                               0.750000    2.323556   -1.573556 (VIOLATED)
_18638_/B                               0.750000    2.323556   -1.573556 (VIOLATED)
_18640_/B                               0.750000    2.323556   -1.573556 (VIOLATED)
_18642_/B                               0.750000    2.323556   -1.573556 (VIOLATED)
_18644_/B                               0.750000    2.323556   -1.573556 (VIOLATED)
_18646_/B                               0.750000    2.323556   -1.573556 (VIOLATED)
_18648_/B                               0.750000    2.323556   -1.573556 (VIOLATED)
_18650_/B                               0.750000    2.323556   -1.573556 (VIOLATED)
_18652_/B                               0.750000    2.323556   -1.573556 (VIOLATED)
_18654_/B                               0.750000    2.323556   -1.573556 (VIOLATED)
_18656_/B                               0.750000    2.323556   -1.573556 (VIOLATED)
_18658_/B                               0.750000    2.323556   -1.573556 (VIOLATED)
_18660_/B                               0.750000    2.323556   -1.573556 (VIOLATED)
_18662_/B                               0.750000    2.323556   -1.573556 (VIOLATED)
_18664_/B                               0.750000    2.323556   -1.573556 (VIOLATED)
_18666_/B                               0.750000    2.323556   -1.573556 (VIOLATED)
_18668_/B                               0.750000    2.323556   -1.573556 (VIOLATED)
_18670_/B                               0.750000    2.323556   -1.573556 (VIOLATED)
_18672_/B                               0.750000    2.323556   -1.573556 (VIOLATED)
_18674_/B                               0.750000    2.323556   -1.573556 (VIOLATED)
_18676_/B                               0.750000    2.323556   -1.573556 (VIOLATED)
_18678_/B                               0.750000    2.323556   -1.573556 (VIOLATED)
_18680_/B                               0.750000    2.323556   -1.573556 (VIOLATED)
_18682_/B                               0.750000    2.323556   -1.573556 (VIOLATED)
_18684_/B                               0.750000    2.323556   -1.573556 (VIOLATED)
_18686_/B                               0.750000    2.323556   -1.573556 (VIOLATED)
_18688_/B                               0.750000    2.323556   -1.573556 (VIOLATED)
_18690_/B                               0.750000    2.323556   -1.573556 (VIOLATED)
_18692_/B                               0.750000    2.323556   -1.573556 (VIOLATED)
_18694_/B                               0.750000    2.323556   -1.573556 (VIOLATED)
_18696_/B                               0.750000    2.323556   -1.573556 (VIOLATED)
_18705_/B                               0.750000    2.323556   -1.573556 (VIOLATED)
_18717_/B                               0.750000    2.323556   -1.573556 (VIOLATED)
_18155_/Y                               0.750000    2.310582   -1.560582 (VIOLATED)
_18157_/A2                              0.750000    2.310582   -1.560582 (VIOLATED)
_18159_/A2                              0.750000    2.310582   -1.560582 (VIOLATED)
_18161_/A2                              0.750000    2.310582   -1.560582 (VIOLATED)
_18163_/A2                              0.750000    2.310582   -1.560582 (VIOLATED)
_18165_/A2                              0.750000    2.310582   -1.560582 (VIOLATED)
_18167_/A2                              0.750000    2.310582   -1.560582 (VIOLATED)
_18169_/A2                              0.750000    2.310582   -1.560582 (VIOLATED)
_18171_/A2                              0.750000    2.310582   -1.560582 (VIOLATED)
_18173_/A2                              0.750000    2.310582   -1.560582 (VIOLATED)
_18174_/A2                              0.750000    2.310582   -1.560582 (VIOLATED)
_18175_/A2                              0.750000    2.310582   -1.560582 (VIOLATED)
_18176_/A2                              0.750000    2.310582   -1.560582 (VIOLATED)
_18177_/A2                              0.750000    2.310582   -1.560582 (VIOLATED)
_18178_/A2                              0.750000    2.310582   -1.560582 (VIOLATED)
_18179_/A2                              0.750000    2.310582   -1.560582 (VIOLATED)
_18180_/A2                              0.750000    2.310582   -1.560582 (VIOLATED)
_18181_/A2                              0.750000    2.310582   -1.560582 (VIOLATED)
_18182_/A2                              0.750000    2.310582   -1.560582 (VIOLATED)
_18183_/A2                              0.750000    2.310582   -1.560582 (VIOLATED)
_18184_/A2                              0.750000    2.310582   -1.560582 (VIOLATED)
_18185_/A2                              0.750000    2.310582   -1.560582 (VIOLATED)
_18186_/A2                              0.750000    2.310582   -1.560582 (VIOLATED)
_18187_/A2                              0.750000    2.310582   -1.560582 (VIOLATED)
_18188_/A2                              0.750000    2.310582   -1.560582 (VIOLATED)
_18189_/A2                              0.750000    2.310582   -1.560582 (VIOLATED)
_18190_/A2                              0.750000    2.310582   -1.560582 (VIOLATED)
_18191_/A2                              0.750000    2.310582   -1.560582 (VIOLATED)
_18192_/A2                              0.750000    2.310582   -1.560582 (VIOLATED)
_18193_/A2                              0.750000    2.310582   -1.560582 (VIOLATED)
_18194_/A2                              0.750000    2.310582   -1.560582 (VIOLATED)
_18195_/A2                              0.750000    2.310582   -1.560582 (VIOLATED)
_18196_/A2                              0.750000    2.310582   -1.560582 (VIOLATED)
_18197_/A2                              0.750000    2.310582   -1.560582 (VIOLATED)
_18198_/A2                              0.750000    2.310582   -1.560582 (VIOLATED)
_18199_/A2                              0.750000    2.310582   -1.560582 (VIOLATED)
_18200_/A2                              0.750000    2.310582   -1.560582 (VIOLATED)
_18201_/A2                              0.750000    2.310582   -1.560582 (VIOLATED)
_18202_/A2                              0.750000    2.310582   -1.560582 (VIOLATED)
_18203_/A2                              0.750000    2.310582   -1.560582 (VIOLATED)
_18204_/A2                              0.750000    2.310582   -1.560582 (VIOLATED)
_18205_/A2                              0.750000    2.310582   -1.560582 (VIOLATED)
_18206_/A2                              0.750000    2.310582   -1.560582 (VIOLATED)
_18207_/A2                              0.750000    2.310582   -1.560582 (VIOLATED)
_18208_/A2                              0.750000    2.310582   -1.560582 (VIOLATED)
_18209_/A2                              0.750000    2.310582   -1.560582 (VIOLATED)
_18210_/A2                              0.750000    2.310582   -1.560582 (VIOLATED)
_18211_/A2                              0.750000    2.310582   -1.560582 (VIOLATED)
_18212_/A2                              0.750000    2.310582   -1.560582 (VIOLATED)
_18213_/A2                              0.750000    2.310582   -1.560582 (VIOLATED)
_18214_/A2                              0.750000    2.310582   -1.560582 (VIOLATED)
_18215_/A2                              0.750000    2.310582   -1.560582 (VIOLATED)
_18216_/A2                              0.750000    2.310582   -1.560582 (VIOLATED)
_18217_/A2                              0.750000    2.310582   -1.560582 (VIOLATED)
_18218_/A2                              0.750000    2.310582   -1.560582 (VIOLATED)
_18219_/A2                              0.750000    2.310582   -1.560582 (VIOLATED)
_18220_/A2                              0.750000    2.310582   -1.560582 (VIOLATED)
_18221_/A2                              0.750000    2.310582   -1.560582 (VIOLATED)
_18222_/A2                              0.750000    2.310582   -1.560582 (VIOLATED)
_18223_/A2                              0.750000    2.310582   -1.560582 (VIOLATED)
_18224_/A2                              0.750000    2.310582   -1.560582 (VIOLATED)
_18225_/A2                              0.750000    2.310582   -1.560582 (VIOLATED)
_18226_/A2                              0.750000    2.310582   -1.560582 (VIOLATED)
_18227_/A2                              0.750000    2.310582   -1.560582 (VIOLATED)
_18228_/A2                              0.750000    2.310582   -1.560582 (VIOLATED)
_18229_/A2                              0.750000    2.310582   -1.560582 (VIOLATED)
_18230_/A2                              0.750000    2.310582   -1.560582 (VIOLATED)
_18231_/A2                              0.750000    2.310582   -1.560582 (VIOLATED)
_18232_/A2                              0.750000    2.310582   -1.560582 (VIOLATED)
_18233_/A2                              0.750000    2.310582   -1.560582 (VIOLATED)
_18234_/A2                              0.750000    2.310582   -1.560582 (VIOLATED)
_18235_/A2                              0.750000    2.310582   -1.560582 (VIOLATED)
_18236_/A2                              0.750000    2.310582   -1.560582 (VIOLATED)
_18237_/A2                              0.750000    2.310582   -1.560582 (VIOLATED)
_18238_/A2                              0.750000    2.310582   -1.560582 (VIOLATED)
_18239_/A2                              0.750000    2.310582   -1.560582 (VIOLATED)
_18240_/A2                              0.750000    2.310582   -1.560582 (VIOLATED)
_18241_/A2                              0.750000    2.310582   -1.560582 (VIOLATED)
_18242_/A2                              0.750000    2.310582   -1.560582 (VIOLATED)
_18243_/A2                              0.750000    2.310582   -1.560582 (VIOLATED)
_18244_/A2                              0.750000    2.310582   -1.560582 (VIOLATED)
_18245_/A2                              0.750000    2.310582   -1.560582 (VIOLATED)
_18246_/A2                              0.750000    2.310582   -1.560582 (VIOLATED)
_18247_/A2                              0.750000    2.310582   -1.560582 (VIOLATED)
_18248_/A2                              0.750000    2.310582   -1.560582 (VIOLATED)
_18249_/A2                              0.750000    2.310582   -1.560582 (VIOLATED)
_18250_/A2                              0.750000    2.310582   -1.560582 (VIOLATED)
_18251_/A2                              0.750000    2.310582   -1.560582 (VIOLATED)
_18252_/A2                              0.750000    2.310582   -1.560582 (VIOLATED)
_18253_/A2                              0.750000    2.310582   -1.560582 (VIOLATED)
_18254_/A2                              0.750000    2.310582   -1.560582 (VIOLATED)
_18255_/A2                              0.750000    2.310582   -1.560582 (VIOLATED)
_18256_/A2                              0.750000    2.310582   -1.560582 (VIOLATED)
_18257_/A2                              0.750000    2.310582   -1.560582 (VIOLATED)
_18258_/A2                              0.750000    2.310582   -1.560582 (VIOLATED)
_18259_/A2                              0.750000    2.310582   -1.560582 (VIOLATED)
_18260_/A2                              0.750000    2.310582   -1.560582 (VIOLATED)
_18261_/A2                              0.750000    2.310582   -1.560582 (VIOLATED)
_18262_/A2                              0.750000    2.310582   -1.560582 (VIOLATED)
_18263_/A2                              0.750000    2.310582   -1.560582 (VIOLATED)
_18264_/A2                              0.750000    2.310582   -1.560582 (VIOLATED)
_18265_/A2                              0.750000    2.310582   -1.560582 (VIOLATED)
_18266_/A2                              0.750000    2.310582   -1.560582 (VIOLATED)
_18267_/A2                              0.750000    2.310582   -1.560582 (VIOLATED)
_18268_/A2                              0.750000    2.310582   -1.560582 (VIOLATED)
_18285_/A2                              0.750000    2.310582   -1.560582 (VIOLATED)
_18286_/A2                              0.750000    2.310582   -1.560582 (VIOLATED)
_18287_/A2                              0.750000    2.310582   -1.560582 (VIOLATED)
_18288_/A2                              0.750000    2.310582   -1.560582 (VIOLATED)
_18289_/A2                              0.750000    2.310582   -1.560582 (VIOLATED)
_18290_/A2                              0.750000    2.310582   -1.560582 (VIOLATED)
_18291_/A2                              0.750000    2.310582   -1.560582 (VIOLATED)
_18292_/A2                              0.750000    2.310582   -1.560582 (VIOLATED)
_18293_/A2                              0.750000    2.310582   -1.560582 (VIOLATED)
_18294_/A2                              0.750000    2.310582   -1.560582 (VIOLATED)
_18295_/A2                              0.750000    2.310582   -1.560582 (VIOLATED)
_18296_/A2                              0.750000    2.310582   -1.560582 (VIOLATED)
_18297_/A2                              0.750000    2.310582   -1.560582 (VIOLATED)
_18298_/A2                              0.750000    2.310582   -1.560582 (VIOLATED)
_18299_/A2                              0.750000    2.310582   -1.560582 (VIOLATED)
_18300_/A2                              0.750000    2.310582   -1.560582 (VIOLATED)
_18725_/B                               0.750000    2.310582   -1.560582 (VIOLATED)
_18733_/A3                              0.750000    2.310582   -1.560582 (VIOLATED)
_18303_/Y                               0.750000    2.281042   -1.531042 (VIOLATED)
_18304_/B1                              0.750000    2.281042   -1.531042 (VIOLATED)
_18305_/B1                              0.750000    2.281042   -1.531042 (VIOLATED)
_18306_/B1                              0.750000    2.281042   -1.531042 (VIOLATED)
_18307_/B1                              0.750000    2.281042   -1.531042 (VIOLATED)
_18308_/B1                              0.750000    2.281042   -1.531042 (VIOLATED)
_18309_/B1                              0.750000    2.281042   -1.531042 (VIOLATED)
_18310_/B1                              0.750000    2.281042   -1.531042 (VIOLATED)
_18311_/B1                              0.750000    2.281042   -1.531042 (VIOLATED)
_18313_/A2                              0.750000    2.281042   -1.531042 (VIOLATED)
_18314_/A2                              0.750000    2.281042   -1.531042 (VIOLATED)
_18315_/A2                              0.750000    2.281042   -1.531042 (VIOLATED)
_18316_/A2                              0.750000    2.281042   -1.531042 (VIOLATED)
_18317_/A2                              0.750000    2.281042   -1.531042 (VIOLATED)
_18318_/A2                              0.750000    2.281042   -1.531042 (VIOLATED)
_18319_/A2                              0.750000    2.281042   -1.531042 (VIOLATED)
_18320_/A2                              0.750000    2.281042   -1.531042 (VIOLATED)
_18321_/A2                              0.750000    2.281042   -1.531042 (VIOLATED)
_18322_/A2                              0.750000    2.281042   -1.531042 (VIOLATED)
_18323_/A2                              0.750000    2.281042   -1.531042 (VIOLATED)
_18324_/A2                              0.750000    2.281042   -1.531042 (VIOLATED)
_18325_/A2                              0.750000    2.281042   -1.531042 (VIOLATED)
_18326_/A2                              0.750000    2.281042   -1.531042 (VIOLATED)
_18327_/A2                              0.750000    2.281042   -1.531042 (VIOLATED)
_18328_/A2                              0.750000    2.281042   -1.531042 (VIOLATED)
_18329_/A2                              0.750000    2.281042   -1.531042 (VIOLATED)
_18330_/A2                              0.750000    2.281042   -1.531042 (VIOLATED)
_18331_/A2                              0.750000    2.281042   -1.531042 (VIOLATED)
_18332_/A2                              0.750000    2.281042   -1.531042 (VIOLATED)
_18333_/A2                              0.750000    2.281042   -1.531042 (VIOLATED)
_18334_/A2                              0.750000    2.281042   -1.531042 (VIOLATED)
_18335_/A2                              0.750000    2.281042   -1.531042 (VIOLATED)
_18336_/A2                              0.750000    2.281042   -1.531042 (VIOLATED)
_18337_/A2                              0.750000    2.281042   -1.531042 (VIOLATED)
_18338_/A2                              0.750000    2.281042   -1.531042 (VIOLATED)
_18339_/A2                              0.750000    2.281042   -1.531042 (VIOLATED)
_18340_/A2                              0.750000    2.281042   -1.531042 (VIOLATED)
_18341_/A2                              0.750000    2.281042   -1.531042 (VIOLATED)
_18342_/A2                              0.750000    2.281042   -1.531042 (VIOLATED)
_18343_/A2                              0.750000    2.281042   -1.531042 (VIOLATED)
_18344_/A2                              0.750000    2.281042   -1.531042 (VIOLATED)
_18345_/A2                              0.750000    2.281042   -1.531042 (VIOLATED)
_18346_/A2                              0.750000    2.281042   -1.531042 (VIOLATED)
_18347_/A2                              0.750000    2.281042   -1.531042 (VIOLATED)
_18348_/A2                              0.750000    2.281042   -1.531042 (VIOLATED)
_18349_/A2                              0.750000    2.281042   -1.531042 (VIOLATED)
_18350_/A2                              0.750000    2.281042   -1.531042 (VIOLATED)
_18351_/A2                              0.750000    2.281042   -1.531042 (VIOLATED)
_18352_/A2                              0.750000    2.281042   -1.531042 (VIOLATED)
_18353_/A2                              0.750000    2.281042   -1.531042 (VIOLATED)
_18354_/A2                              0.750000    2.281042   -1.531042 (VIOLATED)
_18355_/A2                              0.750000    2.281042   -1.531042 (VIOLATED)
_18356_/A2                              0.750000    2.281042   -1.531042 (VIOLATED)
_18357_/A2                              0.750000    2.281042   -1.531042 (VIOLATED)
_18358_/A2                              0.750000    2.281042   -1.531042 (VIOLATED)
_18359_/A2                              0.750000    2.281042   -1.531042 (VIOLATED)
_18360_/A2                              0.750000    2.281042   -1.531042 (VIOLATED)
_18361_/A2                              0.750000    2.281042   -1.531042 (VIOLATED)
_18362_/A2                              0.750000    2.281042   -1.531042 (VIOLATED)
_18363_/A2                              0.750000    2.281042   -1.531042 (VIOLATED)
_18364_/A2                              0.750000    2.281042   -1.531042 (VIOLATED)
_18365_/A2                              0.750000    2.281042   -1.531042 (VIOLATED)
_18366_/A2                              0.750000    2.281042   -1.531042 (VIOLATED)
_18367_/A2                              0.750000    2.281042   -1.531042 (VIOLATED)
_18368_/A2                              0.750000    2.281042   -1.531042 (VIOLATED)
_18369_/A2                              0.750000    2.281042   -1.531042 (VIOLATED)
_18370_/A2                              0.750000    2.281042   -1.531042 (VIOLATED)
_18371_/A2                              0.750000    2.281042   -1.531042 (VIOLATED)
_18372_/A2                              0.750000    2.281042   -1.531042 (VIOLATED)
_18373_/A2                              0.750000    2.281042   -1.531042 (VIOLATED)
_18374_/A2                              0.750000    2.281042   -1.531042 (VIOLATED)
_18375_/A2                              0.750000    2.281042   -1.531042 (VIOLATED)
_18376_/A2                              0.750000    2.281042   -1.531042 (VIOLATED)
_18377_/A2                              0.750000    2.281042   -1.531042 (VIOLATED)
_18378_/A2                              0.750000    2.281042   -1.531042 (VIOLATED)
_18379_/A2                              0.750000    2.281042   -1.531042 (VIOLATED)
_18380_/A2                              0.750000    2.281042   -1.531042 (VIOLATED)
_18381_/A2                              0.750000    2.281042   -1.531042 (VIOLATED)
_18382_/A2                              0.750000    2.281042   -1.531042 (VIOLATED)
_18383_/A2                              0.750000    2.281042   -1.531042 (VIOLATED)
_18384_/A2                              0.750000    2.281042   -1.531042 (VIOLATED)
_18385_/A2                              0.750000    2.281042   -1.531042 (VIOLATED)
_18386_/A2                              0.750000    2.281042   -1.531042 (VIOLATED)
_18387_/A2                              0.750000    2.281042   -1.531042 (VIOLATED)
_18388_/A2                              0.750000    2.281042   -1.531042 (VIOLATED)
_18389_/A2                              0.750000    2.281042   -1.531042 (VIOLATED)
_18390_/A2                              0.750000    2.281042   -1.531042 (VIOLATED)
_18391_/A2                              0.750000    2.281042   -1.531042 (VIOLATED)
_18392_/A2                              0.750000    2.281042   -1.531042 (VIOLATED)
_18393_/A2                              0.750000    2.281042   -1.531042 (VIOLATED)
_18394_/A2                              0.750000    2.281042   -1.531042 (VIOLATED)
_18395_/A2                              0.750000    2.281042   -1.531042 (VIOLATED)
_18396_/A2                              0.750000    2.281042   -1.531042 (VIOLATED)
_18397_/A2                              0.750000    2.281042   -1.531042 (VIOLATED)
_18398_/A2                              0.750000    2.281042   -1.531042 (VIOLATED)
_18399_/A2                              0.750000    2.281042   -1.531042 (VIOLATED)
_18400_/A2                              0.750000    2.281042   -1.531042 (VIOLATED)
_18401_/A2                              0.750000    2.281042   -1.531042 (VIOLATED)
_18402_/A2                              0.750000    2.281042   -1.531042 (VIOLATED)
_18403_/A2                              0.750000    2.281042   -1.531042 (VIOLATED)
_18404_/A2                              0.750000    2.281042   -1.531042 (VIOLATED)
_18405_/A2                              0.750000    2.281042   -1.531042 (VIOLATED)
_18406_/A2                              0.750000    2.281042   -1.531042 (VIOLATED)
_18407_/A2                              0.750000    2.281042   -1.531042 (VIOLATED)
_18408_/A2                              0.750000    2.281042   -1.531042 (VIOLATED)
_18425_/A2                              0.750000    2.281042   -1.531042 (VIOLATED)
_18426_/A2                              0.750000    2.281042   -1.531042 (VIOLATED)
_18427_/A2                              0.750000    2.281042   -1.531042 (VIOLATED)
_18428_/A2                              0.750000    2.281042   -1.531042 (VIOLATED)
_18429_/A2                              0.750000    2.281042   -1.531042 (VIOLATED)
_18430_/A2                              0.750000    2.281042   -1.531042 (VIOLATED)
_18431_/A2                              0.750000    2.281042   -1.531042 (VIOLATED)
_18432_/A2                              0.750000    2.281042   -1.531042 (VIOLATED)
_18433_/A2                              0.750000    2.281042   -1.531042 (VIOLATED)
_18434_/A2                              0.750000    2.281042   -1.531042 (VIOLATED)
_18435_/A2                              0.750000    2.281042   -1.531042 (VIOLATED)
_18436_/A2                              0.750000    2.281042   -1.531042 (VIOLATED)
_18437_/A2                              0.750000    2.281042   -1.531042 (VIOLATED)
_18438_/A2                              0.750000    2.281042   -1.531042 (VIOLATED)
_18439_/A2                              0.750000    2.281042   -1.531042 (VIOLATED)
_18440_/A2                              0.750000    2.281042   -1.531042 (VIOLATED)
_18172_/Y                               0.750000    2.140796   -1.390797 (VIOLATED)
_18173_/B1                              0.750000    2.140796   -1.390797 (VIOLATED)
_18174_/B1                              0.750000    2.140796   -1.390797 (VIOLATED)
_18175_/B1                              0.750000    2.140796   -1.390797 (VIOLATED)
_18176_/B1                              0.750000    2.140796   -1.390797 (VIOLATED)
_18177_/B1                              0.750000    2.140796   -1.390797 (VIOLATED)
_18178_/B1                              0.750000    2.140796   -1.390797 (VIOLATED)
_18179_/B1                              0.750000    2.140796   -1.390797 (VIOLATED)
_18180_/B1                              0.750000    2.140796   -1.390797 (VIOLATED)
_18181_/B1                              0.750000    2.140796   -1.390797 (VIOLATED)
_18182_/B1                              0.750000    2.140796   -1.390797 (VIOLATED)
_18183_/B1                              0.750000    2.140796   -1.390797 (VIOLATED)
_18184_/B1                              0.750000    2.140796   -1.390797 (VIOLATED)
_18185_/B1                              0.750000    2.140796   -1.390797 (VIOLATED)
_18186_/B1                              0.750000    2.140796   -1.390797 (VIOLATED)
_18187_/B1                              0.750000    2.140796   -1.390797 (VIOLATED)
_18188_/B1                              0.750000    2.140796   -1.390797 (VIOLATED)
_18189_/B1                              0.750000    2.140796   -1.390797 (VIOLATED)
_18190_/B1                              0.750000    2.140796   -1.390797 (VIOLATED)
_18191_/B1                              0.750000    2.140796   -1.390797 (VIOLATED)
_18192_/B1                              0.750000    2.140796   -1.390797 (VIOLATED)
_18193_/B1                              0.750000    2.140796   -1.390797 (VIOLATED)
_18194_/B1                              0.750000    2.140796   -1.390797 (VIOLATED)
_18195_/B1                              0.750000    2.140796   -1.390797 (VIOLATED)
_18196_/B1                              0.750000    2.140796   -1.390797 (VIOLATED)
_18197_/B1                              0.750000    2.140796   -1.390797 (VIOLATED)
_18198_/B1                              0.750000    2.140796   -1.390797 (VIOLATED)
_18199_/B1                              0.750000    2.140796   -1.390797 (VIOLATED)
_18200_/B1                              0.750000    2.140796   -1.390797 (VIOLATED)
_18201_/B1                              0.750000    2.140796   -1.390797 (VIOLATED)
_18202_/B1                              0.750000    2.140796   -1.390797 (VIOLATED)
_18203_/B1                              0.750000    2.140796   -1.390797 (VIOLATED)
_18204_/B1                              0.750000    2.140796   -1.390797 (VIOLATED)
_18205_/B1                              0.750000    2.140796   -1.390797 (VIOLATED)
_18206_/B1                              0.750000    2.140796   -1.390797 (VIOLATED)
_18207_/B1                              0.750000    2.140796   -1.390797 (VIOLATED)
_18208_/B1                              0.750000    2.140796   -1.390797 (VIOLATED)
_18209_/B1                              0.750000    2.140796   -1.390797 (VIOLATED)
_18210_/B1                              0.750000    2.140796   -1.390797 (VIOLATED)
_18211_/B1                              0.750000    2.140796   -1.390797 (VIOLATED)
_18212_/B1                              0.750000    2.140796   -1.390797 (VIOLATED)
_18213_/B1                              0.750000    2.140796   -1.390797 (VIOLATED)
_18214_/B1                              0.750000    2.140796   -1.390797 (VIOLATED)
_18215_/B1                              0.750000    2.140796   -1.390797 (VIOLATED)
_18216_/B1                              0.750000    2.140796   -1.390797 (VIOLATED)
_18217_/B1                              0.750000    2.140796   -1.390797 (VIOLATED)
_18218_/B1                              0.750000    2.140796   -1.390797 (VIOLATED)
_18219_/B1                              0.750000    2.140796   -1.390797 (VIOLATED)
_18220_/B1                              0.750000    2.140796   -1.390797 (VIOLATED)
_18221_/B1                              0.750000    2.140796   -1.390797 (VIOLATED)
_18222_/B1                              0.750000    2.140796   -1.390797 (VIOLATED)
_18223_/B1                              0.750000    2.140796   -1.390797 (VIOLATED)
_18224_/B1                              0.750000    2.140796   -1.390797 (VIOLATED)
_18225_/B1                              0.750000    2.140796   -1.390797 (VIOLATED)
_18226_/B1                              0.750000    2.140796   -1.390797 (VIOLATED)
_18227_/B1                              0.750000    2.140796   -1.390797 (VIOLATED)
_18228_/B1                              0.750000    2.140796   -1.390797 (VIOLATED)
_18229_/B1                              0.750000    2.140796   -1.390797 (VIOLATED)
_18230_/B1                              0.750000    2.140796   -1.390797 (VIOLATED)
_18231_/B1                              0.750000    2.140796   -1.390797 (VIOLATED)
_18232_/B1                              0.750000    2.140796   -1.390797 (VIOLATED)
_18233_/B1                              0.750000    2.140796   -1.390797 (VIOLATED)
_18234_/B1                              0.750000    2.140796   -1.390797 (VIOLATED)
_18235_/B1                              0.750000    2.140796   -1.390797 (VIOLATED)
_18236_/B1                              0.750000    2.140796   -1.390797 (VIOLATED)
_18237_/B1                              0.750000    2.140796   -1.390797 (VIOLATED)
_18238_/B1                              0.750000    2.140796   -1.390797 (VIOLATED)
_18239_/B1                              0.750000    2.140796   -1.390797 (VIOLATED)
_18240_/B1                              0.750000    2.140796   -1.390797 (VIOLATED)
_18241_/B1                              0.750000    2.140796   -1.390797 (VIOLATED)
_18242_/B1                              0.750000    2.140796   -1.390797 (VIOLATED)
_18243_/B1                              0.750000    2.140796   -1.390797 (VIOLATED)
_18244_/B1                              0.750000    2.140796   -1.390797 (VIOLATED)
_18245_/B1                              0.750000    2.140796   -1.390797 (VIOLATED)
_18246_/B1                              0.750000    2.140796   -1.390797 (VIOLATED)
_18247_/B1                              0.750000    2.140796   -1.390797 (VIOLATED)
_18248_/B1                              0.750000    2.140796   -1.390797 (VIOLATED)
_18249_/B1                              0.750000    2.140796   -1.390797 (VIOLATED)
_18250_/B1                              0.750000    2.140796   -1.390797 (VIOLATED)
_18251_/B1                              0.750000    2.140796   -1.390797 (VIOLATED)
_18252_/B1                              0.750000    2.140796   -1.390797 (VIOLATED)
_18253_/B1                              0.750000    2.140796   -1.390797 (VIOLATED)
_18254_/B1                              0.750000    2.140796   -1.390797 (VIOLATED)
_18255_/B1                              0.750000    2.140796   -1.390797 (VIOLATED)
_18256_/B1                              0.750000    2.140796   -1.390797 (VIOLATED)
_18257_/B1                              0.750000    2.140796   -1.390797 (VIOLATED)
_18258_/B1                              0.750000    2.140796   -1.390797 (VIOLATED)
_18259_/B1                              0.750000    2.140796   -1.390797 (VIOLATED)
_18260_/B1                              0.750000    2.140796   -1.390797 (VIOLATED)
_18261_/B1                              0.750000    2.140796   -1.390797 (VIOLATED)
_18262_/B1                              0.750000    2.140796   -1.390797 (VIOLATED)
_18263_/B1                              0.750000    2.140796   -1.390797 (VIOLATED)
_18264_/B1                              0.750000    2.140796   -1.390797 (VIOLATED)
_18265_/B1                              0.750000    2.140796   -1.390797 (VIOLATED)
_18266_/B1                              0.750000    2.140796   -1.390797 (VIOLATED)
_18267_/B1                              0.750000    2.140796   -1.390797 (VIOLATED)
_18268_/B1                              0.750000    2.140796   -1.390797 (VIOLATED)
_18270_/A2                              0.750000    2.140796   -1.390797 (VIOLATED)
_18272_/A2                              0.750000    2.140796   -1.390797 (VIOLATED)
_18274_/A2                              0.750000    2.140796   -1.390797 (VIOLATED)
_18276_/A2                              0.750000    2.140796   -1.390797 (VIOLATED)
_18278_/A2                              0.750000    2.140796   -1.390797 (VIOLATED)
_18280_/A2                              0.750000    2.140796   -1.390797 (VIOLATED)
_18282_/A2                              0.750000    2.140796   -1.390797 (VIOLATED)
_18284_/A2                              0.750000    2.140796   -1.390797 (VIOLATED)
_18293_/B1                              0.750000    2.140796   -1.390797 (VIOLATED)
_18294_/B1                              0.750000    2.140796   -1.390797 (VIOLATED)
_18295_/B1                              0.750000    2.140796   -1.390797 (VIOLATED)
_18296_/B1                              0.750000    2.140796   -1.390797 (VIOLATED)
_18297_/B1                              0.750000    2.140796   -1.390797 (VIOLATED)
_18298_/B1                              0.750000    2.140796   -1.390797 (VIOLATED)
_18299_/B1                              0.750000    2.140796   -1.390797 (VIOLATED)
_18300_/B1                              0.750000    2.140796   -1.390797 (VIOLATED)
_18312_/Y                               0.750000    2.140167   -1.390167 (VIOLATED)
_18313_/B1                              0.750000    2.140167   -1.390167 (VIOLATED)
_18314_/B1                              0.750000    2.140167   -1.390167 (VIOLATED)
_18315_/B1                              0.750000    2.140167   -1.390167 (VIOLATED)
_18316_/B1                              0.750000    2.140167   -1.390167 (VIOLATED)
_18317_/B1                              0.750000    2.140167   -1.390167 (VIOLATED)
_18318_/B1                              0.750000    2.140167   -1.390167 (VIOLATED)
_18319_/B1                              0.750000    2.140167   -1.390167 (VIOLATED)
_18320_/B1                              0.750000    2.140167   -1.390167 (VIOLATED)
_18321_/B1                              0.750000    2.140167   -1.390167 (VIOLATED)
_18322_/B1                              0.750000    2.140167   -1.390167 (VIOLATED)
_18323_/B1                              0.750000    2.140167   -1.390167 (VIOLATED)
_18324_/B1                              0.750000    2.140167   -1.390167 (VIOLATED)
_18325_/B1                              0.750000    2.140167   -1.390167 (VIOLATED)
_18326_/B1                              0.750000    2.140167   -1.390167 (VIOLATED)
_18327_/B1                              0.750000    2.140167   -1.390167 (VIOLATED)
_18328_/B1                              0.750000    2.140167   -1.390167 (VIOLATED)
_18329_/B1                              0.750000    2.140167   -1.390167 (VIOLATED)
_18330_/B1                              0.750000    2.140167   -1.390167 (VIOLATED)
_18331_/B1                              0.750000    2.140167   -1.390167 (VIOLATED)
_18332_/B1                              0.750000    2.140167   -1.390167 (VIOLATED)
_18333_/B1                              0.750000    2.140167   -1.390167 (VIOLATED)
_18334_/B1                              0.750000    2.140167   -1.390167 (VIOLATED)
_18335_/B1                              0.750000    2.140167   -1.390167 (VIOLATED)
_18336_/B1                              0.750000    2.140167   -1.390167 (VIOLATED)
_18337_/B1                              0.750000    2.140167   -1.390167 (VIOLATED)
_18338_/B1                              0.750000    2.140167   -1.390167 (VIOLATED)
_18339_/B1                              0.750000    2.140167   -1.390167 (VIOLATED)
_18340_/B1                              0.750000    2.140167   -1.390167 (VIOLATED)
_18341_/B1                              0.750000    2.140167   -1.390167 (VIOLATED)
_18342_/B1                              0.750000    2.140167   -1.390167 (VIOLATED)
_18343_/B1                              0.750000    2.140167   -1.390167 (VIOLATED)
_18344_/B1                              0.750000    2.140167   -1.390167 (VIOLATED)
_18345_/B1                              0.750000    2.140167   -1.390167 (VIOLATED)
_18346_/B1                              0.750000    2.140167   -1.390167 (VIOLATED)
_18347_/B1                              0.750000    2.140167   -1.390167 (VIOLATED)
_18348_/B1                              0.750000    2.140167   -1.390167 (VIOLATED)
_18349_/B1                              0.750000    2.140167   -1.390167 (VIOLATED)
_18350_/B1                              0.750000    2.140167   -1.390167 (VIOLATED)
_18351_/B1                              0.750000    2.140167   -1.390167 (VIOLATED)
_18352_/B1                              0.750000    2.140167   -1.390167 (VIOLATED)
_18353_/B1                              0.750000    2.140167   -1.390167 (VIOLATED)
_18354_/B1                              0.750000    2.140167   -1.390167 (VIOLATED)
_18355_/B1                              0.750000    2.140167   -1.390167 (VIOLATED)
_18356_/B1                              0.750000    2.140167   -1.390167 (VIOLATED)
_18357_/B1                              0.750000    2.140167   -1.390167 (VIOLATED)
_18358_/B1                              0.750000    2.140167   -1.390167 (VIOLATED)
_18359_/B1                              0.750000    2.140167   -1.390167 (VIOLATED)
_18360_/B1                              0.750000    2.140167   -1.390167 (VIOLATED)
_18361_/B1                              0.750000    2.140167   -1.390167 (VIOLATED)
_18362_/B1                              0.750000    2.140167   -1.390167 (VIOLATED)
_18363_/B1                              0.750000    2.140167   -1.390167 (VIOLATED)
_18364_/B1                              0.750000    2.140167   -1.390167 (VIOLATED)
_18365_/B1                              0.750000    2.140167   -1.390167 (VIOLATED)
_18366_/B1                              0.750000    2.140167   -1.390167 (VIOLATED)
_18367_/B1                              0.750000    2.140167   -1.390167 (VIOLATED)
_18368_/B1                              0.750000    2.140167   -1.390167 (VIOLATED)
_18369_/B1                              0.750000    2.140167   -1.390167 (VIOLATED)
_18370_/B1                              0.750000    2.140167   -1.390167 (VIOLATED)
_18371_/B1                              0.750000    2.140167   -1.390167 (VIOLATED)
_18372_/B1                              0.750000    2.140167   -1.390167 (VIOLATED)
_18373_/B1                              0.750000    2.140167   -1.390167 (VIOLATED)
_18374_/B1                              0.750000    2.140167   -1.390167 (VIOLATED)
_18375_/B1                              0.750000    2.140167   -1.390167 (VIOLATED)
_18376_/B1                              0.750000    2.140167   -1.390167 (VIOLATED)
_18377_/B1                              0.750000    2.140167   -1.390167 (VIOLATED)
_18378_/B1                              0.750000    2.140167   -1.390167 (VIOLATED)
_18379_/B1                              0.750000    2.140167   -1.390167 (VIOLATED)
_18380_/B1                              0.750000    2.140167   -1.390167 (VIOLATED)
_18381_/B1                              0.750000    2.140167   -1.390167 (VIOLATED)
_18382_/B1                              0.750000    2.140167   -1.390167 (VIOLATED)
_18383_/B1                              0.750000    2.140167   -1.390167 (VIOLATED)
_18384_/B1                              0.750000    2.140167   -1.390167 (VIOLATED)
_18385_/B1                              0.750000    2.140167   -1.390167 (VIOLATED)
_18386_/B1                              0.750000    2.140167   -1.390167 (VIOLATED)
_18387_/B1                              0.750000    2.140167   -1.390167 (VIOLATED)
_18388_/B1                              0.750000    2.140167   -1.390167 (VIOLATED)
_18389_/B1                              0.750000    2.140167   -1.390167 (VIOLATED)
_18390_/B1                              0.750000    2.140167   -1.390167 (VIOLATED)
_18391_/B1                              0.750000    2.140167   -1.390167 (VIOLATED)
_18392_/B1                              0.750000    2.140167   -1.390167 (VIOLATED)
_18393_/B1                              0.750000    2.140167   -1.390167 (VIOLATED)
_18394_/B1                              0.750000    2.140167   -1.390167 (VIOLATED)
_18395_/B1                              0.750000    2.140167   -1.390167 (VIOLATED)
_18396_/B1                              0.750000    2.140167   -1.390167 (VIOLATED)
_18397_/B1                              0.750000    2.140167   -1.390167 (VIOLATED)
_18398_/B1                              0.750000    2.140167   -1.390167 (VIOLATED)
_18399_/B1                              0.750000    2.140167   -1.390167 (VIOLATED)
_18400_/B1                              0.750000    2.140167   -1.390167 (VIOLATED)
_18401_/B1                              0.750000    2.140167   -1.390167 (VIOLATED)
_18402_/B1                              0.750000    2.140167   -1.390167 (VIOLATED)
_18403_/B1                              0.750000    2.140167   -1.390167 (VIOLATED)
_18404_/B1                              0.750000    2.140167   -1.390167 (VIOLATED)
_18405_/B1                              0.750000    2.140167   -1.390167 (VIOLATED)
_18406_/B1                              0.750000    2.140167   -1.390167 (VIOLATED)
_18407_/B1                              0.750000    2.140167   -1.390167 (VIOLATED)
_18408_/B1                              0.750000    2.140167   -1.390167 (VIOLATED)
_18410_/A2                              0.750000    2.140167   -1.390167 (VIOLATED)
_18412_/A2                              0.750000    2.140167   -1.390167 (VIOLATED)
_18414_/A2                              0.750000    2.140167   -1.390167 (VIOLATED)
_18416_/A2                              0.750000    2.140167   -1.390167 (VIOLATED)
_18418_/A2                              0.750000    2.140167   -1.390167 (VIOLATED)
_18420_/A2                              0.750000    2.140167   -1.390167 (VIOLATED)
_18422_/A2                              0.750000    2.140167   -1.390167 (VIOLATED)
_18424_/A2                              0.750000    2.140167   -1.390167 (VIOLATED)
_18433_/B1                              0.750000    2.140167   -1.390167 (VIOLATED)
_18434_/B1                              0.750000    2.140167   -1.390167 (VIOLATED)
_18435_/B1                              0.750000    2.140167   -1.390167 (VIOLATED)
_18436_/B1                              0.750000    2.140167   -1.390167 (VIOLATED)
_18437_/B1                              0.750000    2.140167   -1.390167 (VIOLATED)
_18438_/B1                              0.750000    2.140167   -1.390167 (VIOLATED)
_18439_/B1                              0.750000    2.140167   -1.390167 (VIOLATED)
_18440_/B1                              0.750000    2.140167   -1.390167 (VIOLATED)
_09499_/X                               0.750000    1.750169   -1.000169 (VIOLATED)
_17479_/S                               0.750000    1.750169   -1.000169 (VIOLATED)
_17482_/S                               0.750000    1.750169   -1.000169 (VIOLATED)
_17485_/S                               0.750000    1.750169   -1.000169 (VIOLATED)
_17488_/S                               0.750000    1.750169   -1.000169 (VIOLATED)
_17491_/S                               0.750000    1.750169   -1.000169 (VIOLATED)
_17494_/S                               0.750000    1.750169   -1.000169 (VIOLATED)
_17497_/S                               0.750000    1.750169   -1.000169 (VIOLATED)
_17500_/S                               0.750000    1.750169   -1.000169 (VIOLATED)
_17503_/S                               0.750000    1.750169   -1.000169 (VIOLATED)
_17506_/S                               0.750000    1.750169   -1.000169 (VIOLATED)
_17509_/S                               0.750000    1.750169   -1.000169 (VIOLATED)
_17512_/S                               0.750000    1.750169   -1.000169 (VIOLATED)
_17515_/S                               0.750000    1.750169   -1.000169 (VIOLATED)
_17518_/S                               0.750000    1.750169   -1.000169 (VIOLATED)
_17521_/S                               0.750000    1.750169   -1.000169 (VIOLATED)
_17528_/S                               0.750000    1.750169   -1.000169 (VIOLATED)
_17531_/S                               0.750000    1.750169   -1.000169 (VIOLATED)
_17534_/S                               0.750000    1.750169   -1.000169 (VIOLATED)
_17537_/S                               0.750000    1.750169   -1.000169 (VIOLATED)
_17540_/S                               0.750000    1.750169   -1.000169 (VIOLATED)
_17543_/S                               0.750000    1.750169   -1.000169 (VIOLATED)
_17546_/S                               0.750000    1.750169   -1.000169 (VIOLATED)
_17553_/S                               0.750000    1.750169   -1.000169 (VIOLATED)
_17556_/S                               0.750000    1.750169   -1.000169 (VIOLATED)
_17559_/S                               0.750000    1.750169   -1.000169 (VIOLATED)
_17562_/S                               0.750000    1.750169   -1.000169 (VIOLATED)
_17565_/S                               0.750000    1.750169   -1.000169 (VIOLATED)
_17568_/S                               0.750000    1.750169   -1.000169 (VIOLATED)
_17571_/S                               0.750000    1.750169   -1.000169 (VIOLATED)
_17574_/S                               0.750000    1.750169   -1.000169 (VIOLATED)
_17577_/S                               0.750000    1.750169   -1.000169 (VIOLATED)
_17580_/S                               0.750000    1.750169   -1.000169 (VIOLATED)
_17583_/S                               0.750000    1.750169   -1.000169 (VIOLATED)
_17586_/S                               0.750000    1.750169   -1.000169 (VIOLATED)
_17589_/S                               0.750000    1.750169   -1.000169 (VIOLATED)
_17592_/S                               0.750000    1.750169   -1.000169 (VIOLATED)
_17595_/S                               0.750000    1.750169   -1.000169 (VIOLATED)
_17598_/S                               0.750000    1.750169   -1.000169 (VIOLATED)
_17601_/S                               0.750000    1.750169   -1.000169 (VIOLATED)
_17604_/S                               0.750000    1.750169   -1.000169 (VIOLATED)
_17607_/S                               0.750000    1.750169   -1.000169 (VIOLATED)
_17610_/S                               0.750000    1.750169   -1.000169 (VIOLATED)
_17613_/S                               0.750000    1.750169   -1.000169 (VIOLATED)
_17616_/S                               0.750000    1.750169   -1.000169 (VIOLATED)
_17619_/S                               0.750000    1.750169   -1.000169 (VIOLATED)
_17622_/S                               0.750000    1.750169   -1.000169 (VIOLATED)
_17625_/S                               0.750000    1.750169   -1.000169 (VIOLATED)
_17628_/S                               0.750000    1.750169   -1.000169 (VIOLATED)
_17631_/S                               0.750000    1.750169   -1.000169 (VIOLATED)
_17634_/S                               0.750000    1.750169   -1.000169 (VIOLATED)
_17637_/S                               0.750000    1.750169   -1.000169 (VIOLATED)
_17640_/S                               0.750000    1.750169   -1.000169 (VIOLATED)
_17643_/S                               0.750000    1.750169   -1.000169 (VIOLATED)
_17646_/S                               0.750000    1.750169   -1.000169 (VIOLATED)
_17649_/S                               0.750000    1.750169   -1.000169 (VIOLATED)
_17652_/S                               0.750000    1.750169   -1.000169 (VIOLATED)
_17655_/S                               0.750000    1.750169   -1.000169 (VIOLATED)
_17658_/S                               0.750000    1.750169   -1.000169 (VIOLATED)
_17661_/S                               0.750000    1.750169   -1.000169 (VIOLATED)
_17664_/S                               0.750000    1.750169   -1.000169 (VIOLATED)
_17667_/S                               0.750000    1.750169   -1.000169 (VIOLATED)
_17670_/S                               0.750000    1.750169   -1.000169 (VIOLATED)
_17673_/S                               0.750000    1.750169   -1.000169 (VIOLATED)
_17676_/S                               0.750000    1.750169   -1.000169 (VIOLATED)
_17679_/S                               0.750000    1.750169   -1.000169 (VIOLATED)
_17682_/S                               0.750000    1.750169   -1.000169 (VIOLATED)
_17685_/S                               0.750000    1.750169   -1.000169 (VIOLATED)
_17688_/S                               0.750000    1.750169   -1.000169 (VIOLATED)
_17691_/S                               0.750000    1.750169   -1.000169 (VIOLATED)
_17694_/S                               0.750000    1.750169   -1.000169 (VIOLATED)
_17697_/S                               0.750000    1.750169   -1.000169 (VIOLATED)
_17700_/S                               0.750000    1.750169   -1.000169 (VIOLATED)
_17703_/S                               0.750000    1.750169   -1.000169 (VIOLATED)
_17706_/S                               0.750000    1.750169   -1.000169 (VIOLATED)
_17709_/S                               0.750000    1.750169   -1.000169 (VIOLATED)
_17712_/S                               0.750000    1.750169   -1.000169 (VIOLATED)
_17715_/S                               0.750000    1.750169   -1.000169 (VIOLATED)
_17718_/S                               0.750000    1.750169   -1.000169 (VIOLATED)
_17721_/S                               0.750000    1.750169   -1.000169 (VIOLATED)
_17728_/S                               0.750000    1.750169   -1.000169 (VIOLATED)
_17736_/A2                              0.750000    1.750169   -1.000169 (VIOLATED)
_17739_/S                               0.750000    1.750169   -1.000169 (VIOLATED)
_17742_/S                               0.750000    1.750169   -1.000169 (VIOLATED)
_17745_/S                               0.750000    1.750169   -1.000169 (VIOLATED)
_17748_/S                               0.750000    1.750169   -1.000169 (VIOLATED)
_17755_/S                               0.750000    1.750169   -1.000169 (VIOLATED)
_17766_/S                               0.750000    1.750169   -1.000169 (VIOLATED)
_17769_/S                               0.750000    1.750169   -1.000169 (VIOLATED)
_17772_/S                               0.750000    1.750169   -1.000169 (VIOLATED)
_17775_/S                               0.750000    1.750169   -1.000169 (VIOLATED)
_17782_/S                               0.750000    1.750169   -1.000169 (VIOLATED)
_17789_/S                               0.750000    1.750169   -1.000169 (VIOLATED)
_17792_/S                               0.750000    1.750169   -1.000169 (VIOLATED)
_17795_/S                               0.750000    1.750169   -1.000169 (VIOLATED)
_17798_/S                               0.750000    1.750169   -1.000169 (VIOLATED)
_17801_/S                               0.750000    1.750169   -1.000169 (VIOLATED)
_17804_/S                               0.750000    1.750169   -1.000169 (VIOLATED)
_17807_/S                               0.750000    1.750169   -1.000169 (VIOLATED)
_17814_/S                               0.750000    1.750169   -1.000169 (VIOLATED)
_17817_/S                               0.750000    1.750169   -1.000169 (VIOLATED)
_17820_/S                               0.750000    1.750169   -1.000169 (VIOLATED)
_17823_/S                               0.750000    1.750169   -1.000169 (VIOLATED)
_17826_/S                               0.750000    1.750169   -1.000169 (VIOLATED)
_17829_/S                               0.750000    1.750169   -1.000169 (VIOLATED)
_17832_/S                               0.750000    1.750169   -1.000169 (VIOLATED)
_17839_/S                               0.750000    1.750169   -1.000169 (VIOLATED)
_17842_/S                               0.750000    1.750169   -1.000169 (VIOLATED)
_17845_/S                               0.750000    1.750169   -1.000169 (VIOLATED)
_17848_/S                               0.750000    1.750169   -1.000169 (VIOLATED)
_17851_/S                               0.750000    1.750169   -1.000169 (VIOLATED)
_17885_/A2                              0.750000    1.750169   -1.000169 (VIOLATED)
_17901_/A2                              0.750000    1.750169   -1.000169 (VIOLATED)
_17916_/C1                              0.750000    1.750169   -1.000169 (VIOLATED)
_17933_/A2                              0.750000    1.750169   -1.000169 (VIOLATED)
_17949_/C1                              0.750000    1.750169   -1.000169 (VIOLATED)
_17966_/C1                              0.750000    1.750169   -1.000169 (VIOLATED)
_17980_/C1                              0.750000    1.750169   -1.000169 (VIOLATED)
_17983_/S                               0.750000    1.750169   -1.000169 (VIOLATED)
_17997_/S                               0.750000    1.750169   -1.000169 (VIOLATED)
_17998_/C1                              0.750000    1.750169   -1.000169 (VIOLATED)
_18012_/C1                              0.750000    1.750169   -1.000169 (VIOLATED)
_18028_/C1                              0.750000    1.750169   -1.000169 (VIOLATED)
_18044_/C1                              0.750000    1.750169   -1.000169 (VIOLATED)
_18134_/C                               0.750000    1.750169   -1.000169 (VIOLATED)
_18135_/A2                              0.750000    1.750169   -1.000169 (VIOLATED)
_18142_/B1                              0.750000    1.750169   -1.000169 (VIOLATED)
_09501_/X                               0.750000    1.697536   -0.947536 (VIOLATED)
_10147_/S                               0.750000    1.697536   -0.947536 (VIOLATED)
_10641_/S                               0.750000    1.697536   -0.947536 (VIOLATED)
_10817_/S                               0.750000    1.697536   -0.947536 (VIOLATED)
_10975_/S                               0.750000    1.697536   -0.947536 (VIOLATED)
_11135_/S                               0.750000    1.697536   -0.947536 (VIOLATED)
_11279_/S                               0.750000    1.697536   -0.947536 (VIOLATED)
_11380_/S                               0.750000    1.697536   -0.947536 (VIOLATED)
_11418_/S                               0.750000    1.697536   -0.947536 (VIOLATED)
_11536_/S                               0.750000    1.697536   -0.947536 (VIOLATED)
_11639_/S                               0.750000    1.697536   -0.947536 (VIOLATED)
_11712_/S                               0.750000    1.697536   -0.947536 (VIOLATED)
_11718_/S                               0.750000    1.697536   -0.947536 (VIOLATED)
_11786_/S                               0.750000    1.697536   -0.947536 (VIOLATED)
_11792_/S                               0.750000    1.697536   -0.947536 (VIOLATED)
_11840_/S                               0.750000    1.697536   -0.947536 (VIOLATED)
_11957_/S                               0.750000    1.697536   -0.947536 (VIOLATED)
_12013_/S                               0.750000    1.697536   -0.947536 (VIOLATED)
_12063_/S                               0.750000    1.697536   -0.947536 (VIOLATED)
_12103_/S                               0.750000    1.697536   -0.947536 (VIOLATED)
_12143_/S                               0.750000    1.697536   -0.947536 (VIOLATED)
_12183_/S                               0.750000    1.697536   -0.947536 (VIOLATED)
_12263_/S                               0.750000    1.697536   -0.947536 (VIOLATED)
_12270_/S                               0.750000    1.697536   -0.947536 (VIOLATED)
_12384_/S                               0.750000    1.697536   -0.947536 (VIOLATED)
_12446_/S                               0.750000    1.697536   -0.947536 (VIOLATED)
_12539_/S                               0.750000    1.697536   -0.947536 (VIOLATED)
_12578_/S                               0.750000    1.697536   -0.947536 (VIOLATED)
_12616_/S                               0.750000    1.697536   -0.947536 (VIOLATED)
_12654_/A1                              0.750000    1.697536   -0.947536 (VIOLATED)
_13215_/S                               0.750000    1.697536   -0.947536 (VIOLATED)
_13386_/S                               0.750000    1.697536   -0.947536 (VIOLATED)
_13534_/S                               0.750000    1.697536   -0.947536 (VIOLATED)
_13668_/S                               0.750000    1.697536   -0.947536 (VIOLATED)
_13917_/S                               0.750000    1.697536   -0.947536 (VIOLATED)
_14042_/S                               0.750000    1.697536   -0.947536 (VIOLATED)
_14109_/S                               0.750000    1.697536   -0.947536 (VIOLATED)
_14115_/S                               0.750000    1.697536   -0.947536 (VIOLATED)
_14123_/S                               0.750000    1.697536   -0.947536 (VIOLATED)
_14126_/A                               0.750000    1.697536   -0.947536 (VIOLATED)
_14131_/A1                              0.750000    1.697536   -0.947536 (VIOLATED)
_14147_/S                               0.750000    1.697536   -0.947536 (VIOLATED)
_14152_/B1                              0.750000    1.697536   -0.947536 (VIOLATED)
_14159_/S                               0.750000    1.697536   -0.947536 (VIOLATED)
_14166_/S                               0.750000    1.697536   -0.947536 (VIOLATED)
_14172_/S                               0.750000    1.697536   -0.947536 (VIOLATED)
_14178_/S                               0.750000    1.697536   -0.947536 (VIOLATED)
_14184_/S                               0.750000    1.697536   -0.947536 (VIOLATED)
_14191_/A1                              0.750000    1.697536   -0.947536 (VIOLATED)
_14199_/S                               0.750000    1.697536   -0.947536 (VIOLATED)
_14205_/S                               0.750000    1.697536   -0.947536 (VIOLATED)
_14211_/S                               0.750000    1.697536   -0.947536 (VIOLATED)
_14223_/S                               0.750000    1.697536   -0.947536 (VIOLATED)
_14228_/S                               0.750000    1.697536   -0.947536 (VIOLATED)
_14234_/S                               0.750000    1.697536   -0.947536 (VIOLATED)
_14241_/S                               0.750000    1.697536   -0.947536 (VIOLATED)
_14246_/S                               0.750000    1.697536   -0.947536 (VIOLATED)
_14252_/A1                              0.750000    1.697536   -0.947536 (VIOLATED)
_14257_/S                               0.750000    1.697536   -0.947536 (VIOLATED)
_14263_/S                               0.750000    1.697536   -0.947536 (VIOLATED)
_14820_/S                               0.750000    1.697536   -0.947536 (VIOLATED)
_15271_/S                               0.750000    1.697536   -0.947536 (VIOLATED)
_15403_/S                               0.750000    1.697536   -0.947536 (VIOLATED)
_15527_/S                               0.750000    1.697536   -0.947536 (VIOLATED)
_15649_/S                               0.750000    1.697536   -0.947536 (VIOLATED)
_15711_/S                               0.750000    1.697536   -0.947536 (VIOLATED)
_15717_/S                               0.750000    1.697536   -0.947536 (VIOLATED)
_15724_/S                               0.750000    1.697536   -0.947536 (VIOLATED)
_15730_/S                               0.750000    1.697536   -0.947536 (VIOLATED)
_15745_/S                               0.750000    1.697536   -0.947536 (VIOLATED)
_15752_/S                               0.750000    1.697536   -0.947536 (VIOLATED)
_15758_/S                               0.750000    1.697536   -0.947536 (VIOLATED)
_15764_/S                               0.750000    1.697536   -0.947536 (VIOLATED)
_15770_/S                               0.750000    1.697536   -0.947536 (VIOLATED)
_15773_/A                               0.750000    1.697536   -0.947536 (VIOLATED)
_15780_/A1                              0.750000    1.697536   -0.947536 (VIOLATED)
_15788_/S                               0.750000    1.697536   -0.947536 (VIOLATED)
_15806_/A                               0.750000    1.697536   -0.947536 (VIOLATED)
_15807_/A1                              0.750000    1.697536   -0.947536 (VIOLATED)
_15814_/S                               0.750000    1.697536   -0.947536 (VIOLATED)
_15819_/S                               0.750000    1.697536   -0.947536 (VIOLATED)
_15824_/S                               0.750000    1.697536   -0.947536 (VIOLATED)
_15842_/B1                              0.750000    1.697536   -0.947536 (VIOLATED)
_15849_/S                               0.750000    1.697536   -0.947536 (VIOLATED)
_15856_/A                               0.750000    1.697536   -0.947536 (VIOLATED)
_15858_/A1                              0.750000    1.697536   -0.947536 (VIOLATED)
_15861_/A                               0.750000    1.697536   -0.947536 (VIOLATED)
_15867_/A1                              0.750000    1.697536   -0.947536 (VIOLATED)
_15872_/S                               0.750000    1.697536   -0.947536 (VIOLATED)
_15877_/S                               0.750000    1.697536   -0.947536 (VIOLATED)
_15882_/S                               0.750000    1.697536   -0.947536 (VIOLATED)
_16422_/S                               0.750000    1.697536   -0.947536 (VIOLATED)
_16589_/S                               0.750000    1.697536   -0.947536 (VIOLATED)
_16747_/S                               0.750000    1.697536   -0.947536 (VIOLATED)
_16879_/S                               0.750000    1.697536   -0.947536 (VIOLATED)
_17008_/S                               0.750000    1.697536   -0.947536 (VIOLATED)
_17137_/A1                              0.750000    1.697536   -0.947536 (VIOLATED)
_17255_/S                               0.750000    1.697536   -0.947536 (VIOLATED)
_17320_/S                               0.750000    1.697536   -0.947536 (VIOLATED)
_17326_/S                               0.750000    1.697536   -0.947536 (VIOLATED)
_17333_/B1                              0.750000    1.697536   -0.947536 (VIOLATED)
_17334_/B1                              0.750000    1.697536   -0.947536 (VIOLATED)
_17339_/S                               0.750000    1.697536   -0.947536 (VIOLATED)
_17346_/A1                              0.750000    1.697536   -0.947536 (VIOLATED)
_17353_/S                               0.750000    1.697536   -0.947536 (VIOLATED)
_17359_/S                               0.750000    1.697536   -0.947536 (VIOLATED)
_17365_/S                               0.750000    1.697536   -0.947536 (VIOLATED)
_17371_/B1                              0.750000    1.697536   -0.947536 (VIOLATED)
_17372_/A1                              0.750000    1.697536   -0.947536 (VIOLATED)
_17378_/S                               0.750000    1.697536   -0.947536 (VIOLATED)
_17385_/S                               0.750000    1.697536   -0.947536 (VIOLATED)
_17390_/S                               0.750000    1.697536   -0.947536 (VIOLATED)
_17398_/S                               0.750000    1.697536   -0.947536 (VIOLATED)
_17405_/S                               0.750000    1.697536   -0.947536 (VIOLATED)
_17410_/S                               0.750000    1.697536   -0.947536 (VIOLATED)
_17415_/S                               0.750000    1.697536   -0.947536 (VIOLATED)
_17421_/B1                              0.750000    1.697536   -0.947536 (VIOLATED)
_17427_/S                               0.750000    1.697536   -0.947536 (VIOLATED)
_17439_/S                               0.750000    1.697536   -0.947536 (VIOLATED)
_17442_/A                               0.750000    1.697536   -0.947536 (VIOLATED)
_17450_/A1                              0.750000    1.697536   -0.947536 (VIOLATED)
_17456_/S                               0.750000    1.697536   -0.947536 (VIOLATED)
_17462_/S                               0.750000    1.697536   -0.947536 (VIOLATED)
_17467_/S                               0.750000    1.697536   -0.947536 (VIOLATED)
_17472_/S                               0.750000    1.697536   -0.947536 (VIOLATED)
_18144_/A2                              0.750000    1.697536   -0.947536 (VIOLATED)
_18145_/A3                              0.750000    1.697536   -0.947536 (VIOLATED)
_18147_/A2                              0.750000    1.697536   -0.947536 (VIOLATED)
_18149_/A2                              0.750000    1.697536   -0.947536 (VIOLATED)
_18150_/A3                              0.750000    1.697536   -0.947536 (VIOLATED)
_18151_/A3                              0.750000    1.697536   -0.947536 (VIOLATED)
_18152_/A3                              0.750000    1.697536   -0.947536 (VIOLATED)
_09503_/Y                               0.750000    1.590241   -0.840241 (VIOLATED)
_09504_/B                               0.750000    1.590241   -0.840241 (VIOLATED)
_10257_/S                               0.750000    1.590241   -0.840241 (VIOLATED)
_10484_/S                               0.750000    1.590241   -0.840241 (VIOLATED)
_10687_/S                               0.750000    1.590241   -0.840241 (VIOLATED)
_10854_/S                               0.750000    1.590241   -0.840241 (VIOLATED)
_11007_/S                               0.750000    1.590241   -0.840241 (VIOLATED)
_11168_/S                               0.750000    1.590241   -0.840241 (VIOLATED)
_11312_/S                               0.750000    1.590241   -0.840241 (VIOLATED)
_11415_/S                               0.750000    1.590241   -0.840241 (VIOLATED)
_11531_/S                               0.750000    1.590241   -0.840241 (VIOLATED)
_11584_/S                               0.750000    1.590241   -0.840241 (VIOLATED)
_11635_/S                               0.750000    1.590241   -0.840241 (VIOLATED)
_11675_/S                               0.750000    1.590241   -0.840241 (VIOLATED)
_11714_/S                               0.750000    1.590241   -0.840241 (VIOLATED)
_11752_/S                               0.750000    1.590241   -0.840241 (VIOLATED)
_11788_/S                               0.750000    1.590241   -0.840241 (VIOLATED)
_11835_/B                               0.750000    1.590241   -0.840241 (VIOLATED)
_11952_/S                               0.750000    1.590241   -0.840241 (VIOLATED)
_12009_/S                               0.750000    1.590241   -0.840241 (VIOLATED)
_12057_/S                               0.750000    1.590241   -0.840241 (VIOLATED)
_12098_/S                               0.750000    1.590241   -0.840241 (VIOLATED)
_12139_/S                               0.750000    1.590241   -0.840241 (VIOLATED)
_12179_/S                               0.750000    1.590241   -0.840241 (VIOLATED)
_12215_/S                               0.750000    1.590241   -0.840241 (VIOLATED)
_12266_/B                               0.750000    1.590241   -0.840241 (VIOLATED)
_12381_/S                               0.750000    1.590241   -0.840241 (VIOLATED)
_12443_/S                               0.750000    1.590241   -0.840241 (VIOLATED)
_12492_/S                               0.750000    1.590241   -0.840241 (VIOLATED)
_12537_/S                               0.750000    1.590241   -0.840241 (VIOLATED)
_12575_/S                               0.750000    1.590241   -0.840241 (VIOLATED)
_12613_/S                               0.750000    1.590241   -0.840241 (VIOLATED)
_12650_/S                               0.750000    1.590241   -0.840241 (VIOLATED)
_12686_/S                               0.750000    1.590241   -0.840241 (VIOLATED)
_13217_/S                               0.750000    1.590241   -0.840241 (VIOLATED)
_13388_/S                               0.750000    1.590241   -0.840241 (VIOLATED)
_13536_/S                               0.750000    1.590241   -0.840241 (VIOLATED)
_13670_/S                               0.750000    1.590241   -0.840241 (VIOLATED)
_13798_/S                               0.750000    1.590241   -0.840241 (VIOLATED)
_13919_/S                               0.750000    1.590241   -0.840241 (VIOLATED)
_14044_/S                               0.750000    1.590241   -0.840241 (VIOLATED)
_14111_/S                               0.750000    1.590241   -0.840241 (VIOLATED)
_14117_/S                               0.750000    1.590241   -0.840241 (VIOLATED)
_14125_/S                               0.750000    1.590241   -0.840241 (VIOLATED)
_14133_/S                               0.750000    1.590241   -0.840241 (VIOLATED)
_14142_/S                               0.750000    1.590241   -0.840241 (VIOLATED)
_14149_/S                               0.750000    1.590241   -0.840241 (VIOLATED)
_14155_/S                               0.750000    1.590241   -0.840241 (VIOLATED)
_14161_/S                               0.750000    1.590241   -0.840241 (VIOLATED)
_14168_/S                               0.750000    1.590241   -0.840241 (VIOLATED)
_14174_/S                               0.750000    1.590241   -0.840241 (VIOLATED)
_14180_/S                               0.750000    1.590241   -0.840241 (VIOLATED)
_14186_/S                               0.750000    1.590241   -0.840241 (VIOLATED)
_14193_/S                               0.750000    1.590241   -0.840241 (VIOLATED)
_14201_/S                               0.750000    1.590241   -0.840241 (VIOLATED)
_14207_/S                               0.750000    1.590241   -0.840241 (VIOLATED)
_14213_/S                               0.750000    1.590241   -0.840241 (VIOLATED)
_14220_/S                               0.750000    1.590241   -0.840241 (VIOLATED)
_14225_/S                               0.750000    1.590241   -0.840241 (VIOLATED)
_14230_/S                               0.750000    1.590241   -0.840241 (VIOLATED)
_14236_/S                               0.750000    1.590241   -0.840241 (VIOLATED)
_14243_/S                               0.750000    1.590241   -0.840241 (VIOLATED)
_14248_/S                               0.750000    1.590241   -0.840241 (VIOLATED)
_14254_/S                               0.750000    1.590241   -0.840241 (VIOLATED)
_14259_/S                               0.750000    1.590241   -0.840241 (VIOLATED)
_14265_/S                               0.750000    1.590241   -0.840241 (VIOLATED)
_14822_/S                               0.750000    1.590241   -0.840241 (VIOLATED)
_14982_/S                               0.750000    1.590241   -0.840241 (VIOLATED)
_15144_/S                               0.750000    1.590241   -0.840241 (VIOLATED)
_15273_/S                               0.750000    1.590241   -0.840241 (VIOLATED)
_15405_/S                               0.750000    1.590241   -0.840241 (VIOLATED)
_15529_/S                               0.750000    1.590241   -0.840241 (VIOLATED)
_15651_/S                               0.750000    1.590241   -0.840241 (VIOLATED)
_15713_/S                               0.750000    1.590241   -0.840241 (VIOLATED)
_15719_/S                               0.750000    1.590241   -0.840241 (VIOLATED)
_15726_/S                               0.750000    1.590241   -0.840241 (VIOLATED)
_15732_/S                               0.750000    1.590241   -0.840241 (VIOLATED)
_15741_/S                               0.750000    1.590241   -0.840241 (VIOLATED)
_15747_/S                               0.750000    1.590241   -0.840241 (VIOLATED)
_15754_/S                               0.750000    1.590241   -0.840241 (VIOLATED)
_15760_/S                               0.750000    1.590241   -0.840241 (VIOLATED)
_15766_/S                               0.750000    1.590241   -0.840241 (VIOLATED)
_15772_/S                               0.750000    1.590241   -0.840241 (VIOLATED)
_15782_/B                               0.750000    1.590241   -0.840241 (VIOLATED)
_15790_/S                               0.750000    1.590241   -0.840241 (VIOLATED)
_15800_/S                               0.750000    1.590241   -0.840241 (VIOLATED)
_15809_/A                               0.750000    1.590241   -0.840241 (VIOLATED)
_15810_/A2                              0.750000    1.590241   -0.840241 (VIOLATED)
_15816_/S                               0.750000    1.590241   -0.840241 (VIOLATED)
_15821_/S                               0.750000    1.590241   -0.840241 (VIOLATED)
_15826_/S                               0.750000    1.590241   -0.840241 (VIOLATED)
_15834_/S                               0.750000    1.590241   -0.840241 (VIOLATED)
_15851_/S                               0.750000    1.590241   -0.840241 (VIOLATED)
_15868_/B                               0.750000    1.590241   -0.840241 (VIOLATED)
_15874_/S                               0.750000    1.590241   -0.840241 (VIOLATED)
_15879_/S                               0.750000    1.590241   -0.840241 (VIOLATED)
_15884_/S                               0.750000    1.590241   -0.840241 (VIOLATED)
_16424_/S                               0.750000    1.590241   -0.840241 (VIOLATED)
_16591_/S                               0.750000    1.590241   -0.840241 (VIOLATED)
_16749_/S                               0.750000    1.590241   -0.840241 (VIOLATED)
_16881_/S                               0.750000    1.590241   -0.840241 (VIOLATED)
_17010_/S                               0.750000    1.590241   -0.840241 (VIOLATED)
_17139_/S                               0.750000    1.590241   -0.840241 (VIOLATED)
_17257_/S                               0.750000    1.590241   -0.840241 (VIOLATED)
_17322_/S                               0.750000    1.590241   -0.840241 (VIOLATED)
_17328_/S                               0.750000    1.590241   -0.840241 (VIOLATED)
_17336_/S                               0.750000    1.590241   -0.840241 (VIOLATED)
_17341_/S                               0.750000    1.590241   -0.840241 (VIOLATED)
_17348_/S                               0.750000    1.590241   -0.840241 (VIOLATED)
_17355_/S                               0.750000    1.590241   -0.840241 (VIOLATED)
_17361_/S                               0.750000    1.590241   -0.840241 (VIOLATED)
_17367_/S                               0.750000    1.590241   -0.840241 (VIOLATED)
_17374_/S                               0.750000    1.590241   -0.840241 (VIOLATED)
_17380_/S                               0.750000    1.590241   -0.840241 (VIOLATED)
_17387_/S                               0.750000    1.590241   -0.840241 (VIOLATED)
_17392_/S                               0.750000    1.590241   -0.840241 (VIOLATED)
_17400_/S                               0.750000    1.590241   -0.840241 (VIOLATED)
_17407_/S                               0.750000    1.590241   -0.840241 (VIOLATED)
_17412_/S                               0.750000    1.590241   -0.840241 (VIOLATED)
_17417_/S                               0.750000    1.590241   -0.840241 (VIOLATED)
_17424_/S                               0.750000    1.590241   -0.840241 (VIOLATED)
_17429_/S                               0.750000    1.590241   -0.840241 (VIOLATED)
_17436_/S                               0.750000    1.590241   -0.840241 (VIOLATED)
_17441_/S                               0.750000    1.590241   -0.840241 (VIOLATED)
_17452_/S                               0.750000    1.590241   -0.840241 (VIOLATED)
_17458_/S                               0.750000    1.590241   -0.840241 (VIOLATED)
_17464_/S                               0.750000    1.590241   -0.840241 (VIOLATED)
_17469_/S                               0.750000    1.590241   -0.840241 (VIOLATED)
_17474_/S                               0.750000    1.590241   -0.840241 (VIOLATED)
_18133_/A                               0.750000    1.590241   -0.840241 (VIOLATED)
_18140_/C1                              0.750000    1.590241   -0.840241 (VIOLATED)
_19531_/D                               0.750000    1.590241   -0.840241 (VIOLATED)
_09362_/A                               0.750000    1.016325   -0.266325 (VIOLATED)
_09498_/A                               0.750000    1.016325   -0.266325 (VIOLATED)
_09499_/A                               0.750000    1.016325   -0.266325 (VIOLATED)
_09502_/A                               0.750000    1.016325   -0.266325 (VIOLATED)
_09507_/A                               0.750000    1.016325   -0.266325 (VIOLATED)
_17524_/B1                              0.750000    1.016325   -0.266325 (VIOLATED)
_17549_/B1                              0.750000    1.016325   -0.266325 (VIOLATED)
_17724_/B1                              0.750000    1.016325   -0.266325 (VIOLATED)
_17731_/B1                              0.750000    1.016325   -0.266325 (VIOLATED)
_17734_/B1                              0.750000    1.016325   -0.266325 (VIOLATED)
_17751_/B1                              0.750000    1.016325   -0.266325 (VIOLATED)
_17758_/B1                              0.750000    1.016325   -0.266325 (VIOLATED)
_17762_/B1                              0.750000    1.016325   -0.266325 (VIOLATED)
_17785_/B1                              0.750000    1.016325   -0.266325 (VIOLATED)
_17810_/B1                              0.750000    1.016325   -0.266325 (VIOLATED)
_17835_/B1                              0.750000    1.016325   -0.266325 (VIOLATED)
_17854_/B2                              0.750000    1.016325   -0.266325 (VIOLATED)
_17857_/B2                              0.750000    1.016325   -0.266325 (VIOLATED)
_17860_/B1                              0.750000    1.016325   -0.266325 (VIOLATED)
_17864_/B2                              0.750000    1.016325   -0.266325 (VIOLATED)
_17867_/B2                              0.750000    1.016325   -0.266325 (VIOLATED)
_17870_/B2                              0.750000    1.016325   -0.266325 (VIOLATED)
_17873_/B2                              0.750000    1.016325   -0.266325 (VIOLATED)
_17877_/A1                              0.750000    1.016325   -0.266325 (VIOLATED)
_17879_/A1                              0.750000    1.016325   -0.266325 (VIOLATED)
_17887_/A1                              0.750000    1.016325   -0.266325 (VIOLATED)
_17891_/A1                              0.750000    1.016325   -0.266325 (VIOLATED)
_17893_/A1                              0.750000    1.016325   -0.266325 (VIOLATED)
_17895_/A1                              0.750000    1.016325   -0.266325 (VIOLATED)
_17899_/A1                              0.750000    1.016325   -0.266325 (VIOLATED)
_17905_/A1                              0.750000    1.016325   -0.266325 (VIOLATED)
_17907_/A1                              0.750000    1.016325   -0.266325 (VIOLATED)
_17911_/A1                              0.750000    1.016325   -0.266325 (VIOLATED)
_17913_/A1                              0.750000    1.016325   -0.266325 (VIOLATED)
_17916_/A1                              0.750000    1.016325   -0.266325 (VIOLATED)
_17919_/A1                              0.750000    1.016325   -0.266325 (VIOLATED)
_17921_/A1                              0.750000    1.016325   -0.266325 (VIOLATED)
_17923_/A1                              0.750000    1.016325   -0.266325 (VIOLATED)
_17925_/A1                              0.750000    1.016325   -0.266325 (VIOLATED)
_17929_/A1                              0.750000    1.016325   -0.266325 (VIOLATED)
_17931_/A1                              0.750000    1.016325   -0.266325 (VIOLATED)
_17939_/A1                              0.750000    1.016325   -0.266325 (VIOLATED)
_17947_/B1                              0.750000    1.016325   -0.266325 (VIOLATED)
_17949_/A1                              0.750000    1.016325   -0.266325 (VIOLATED)
_17954_/A1                              0.750000    1.016325   -0.266325 (VIOLATED)
_17956_/A1                              0.750000    1.016325   -0.266325 (VIOLATED)
_17964_/B1                              0.750000    1.016325   -0.266325 (VIOLATED)
_17966_/A1                              0.750000    1.016325   -0.266325 (VIOLATED)
_17973_/A1                              0.750000    1.016325   -0.266325 (VIOLATED)
_17979_/A1                              0.750000    1.016325   -0.266325 (VIOLATED)
_17980_/A1                              0.750000    1.016325   -0.266325 (VIOLATED)
_17982_/B1                              0.750000    1.016325   -0.266325 (VIOLATED)
_17993_/A1                              0.750000    1.016325   -0.266325 (VIOLATED)
_17995_/A1                              0.750000    1.016325   -0.266325 (VIOLATED)
_17996_/B1                              0.750000    1.016325   -0.266325 (VIOLATED)
_17998_/A1                              0.750000    1.016325   -0.266325 (VIOLATED)
_18001_/A1                              0.750000    1.016325   -0.266325 (VIOLATED)
_18003_/A1                              0.750000    1.016325   -0.266325 (VIOLATED)
_18005_/A1                              0.750000    1.016325   -0.266325 (VIOLATED)
_18007_/A1                              0.750000    1.016325   -0.266325 (VIOLATED)
_18011_/A1                              0.750000    1.016325   -0.266325 (VIOLATED)
_18012_/A1                              0.750000    1.016325   -0.266325 (VIOLATED)
_18015_/A1                              0.750000    1.016325   -0.266325 (VIOLATED)
_18017_/A1                              0.750000    1.016325   -0.266325 (VIOLATED)
_18019_/A1                              0.750000    1.016325   -0.266325 (VIOLATED)
_18025_/A1                              0.750000    1.016325   -0.266325 (VIOLATED)
_18027_/A1                              0.750000    1.016325   -0.266325 (VIOLATED)
_18028_/A1                              0.750000    1.016325   -0.266325 (VIOLATED)
_18031_/A1                              0.750000    1.016325   -0.266325 (VIOLATED)
_18033_/A1                              0.750000    1.016325   -0.266325 (VIOLATED)
_18037_/A1                              0.750000    1.016325   -0.266325 (VIOLATED)
_18039_/A1                              0.750000    1.016325   -0.266325 (VIOLATED)
_18041_/A1                              0.750000    1.016325   -0.266325 (VIOLATED)
_18043_/A1                              0.750000    1.016325   -0.266325 (VIOLATED)
_18044_/A1                              0.750000    1.016325   -0.266325 (VIOLATED)
_18047_/A1                              0.750000    1.016325   -0.266325 (VIOLATED)
_18051_/A1                              0.750000    1.016325   -0.266325 (VIOLATED)
_18053_/A1                              0.750000    1.016325   -0.266325 (VIOLATED)
_18055_/A1                              0.750000    1.016325   -0.266325 (VIOLATED)
_18059_/A1                              0.750000    1.016325   -0.266325 (VIOLATED)
_18061_/A1                              0.750000    1.016325   -0.266325 (VIOLATED)
_18065_/A1                              0.750000    1.016325   -0.266325 (VIOLATED)
_18067_/A1                              0.750000    1.016325   -0.266325 (VIOLATED)
_18071_/A1                              0.750000    1.016325   -0.266325 (VIOLATED)
_18073_/A1                              0.750000    1.016325   -0.266325 (VIOLATED)
_18075_/A1                              0.750000    1.016325   -0.266325 (VIOLATED)
_18077_/A1                              0.750000    1.016325   -0.266325 (VIOLATED)
_18081_/A1                              0.750000    1.016325   -0.266325 (VIOLATED)
_18087_/A1                              0.750000    1.016325   -0.266325 (VIOLATED)
_18089_/A1                              0.750000    1.016325   -0.266325 (VIOLATED)
_18091_/A1                              0.750000    1.016325   -0.266325 (VIOLATED)
_18093_/A1                              0.750000    1.016325   -0.266325 (VIOLATED)
_18097_/A1                              0.750000    1.016325   -0.266325 (VIOLATED)
_18099_/A1                              0.750000    1.016325   -0.266325 (VIOLATED)
_18103_/A1                              0.750000    1.016325   -0.266325 (VIOLATED)
_18105_/A1                              0.750000    1.016325   -0.266325 (VIOLATED)
_18111_/A1                              0.750000    1.016325   -0.266325 (VIOLATED)
_18113_/A1                              0.750000    1.016325   -0.266325 (VIOLATED)
_18115_/A1                              0.750000    1.016325   -0.266325 (VIOLATED)
_18119_/A1                              0.750000    1.016325   -0.266325 (VIOLATED)
_18121_/A1                              0.750000    1.016325   -0.266325 (VIOLATED)
_18123_/A1                              0.750000    1.016325   -0.266325 (VIOLATED)
_18125_/A1                              0.750000    1.016325   -0.266325 (VIOLATED)
_18132_/A1                              0.750000    1.016325   -0.266325 (VIOLATED)
_18144_/A1                              0.750000    1.016325   -0.266325 (VIOLATED)
_18145_/A1                              0.750000    1.016325   -0.266325 (VIOLATED)
_18147_/A1                              0.750000    1.016325   -0.266325 (VIOLATED)
_18149_/A1                              0.750000    1.016325   -0.266325 (VIOLATED)
_18150_/A1                              0.750000    1.016325   -0.266325 (VIOLATED)
_18151_/A1                              0.750000    1.016325   -0.266325 (VIOLATED)
_18152_/A1                              0.750000    1.016325   -0.266325 (VIOLATED)
_18154_/A                               0.750000    1.016325   -0.266325 (VIOLATED)
_18302_/A                               0.750000    1.016325   -0.266325 (VIOLATED)
_19530_/Q                               0.750000    1.016325   -0.266325 (VIOLATED)
_19545_/A                               0.750000    1.016325   -0.266325 (VIOLATED)
_09451_/A                               0.750000    0.980875   -0.230875 (VIOLATED)
_14390_/B1                              0.750000    0.980875   -0.230875 (VIOLATED)
_14400_/A1                              0.750000    0.980875   -0.230875 (VIOLATED)
_14422_/B1                              0.750000    0.980875   -0.230875 (VIOLATED)
_14426_/B1                              0.750000    0.980875   -0.230875 (VIOLATED)
_14437_/A                               0.750000    0.980875   -0.230875 (VIOLATED)
_14441_/A1                              0.750000    0.980875   -0.230875 (VIOLATED)
_14445_/A                               0.750000    0.980875   -0.230875 (VIOLATED)
_14462_/A1                              0.750000    0.980875   -0.230875 (VIOLATED)
_14464_/A                               0.750000    0.980875   -0.230875 (VIOLATED)
_14468_/A                               0.750000    0.980875   -0.230875 (VIOLATED)
_14476_/A                               0.750000    0.980875   -0.230875 (VIOLATED)
_14481_/A1                              0.750000    0.980875   -0.230875 (VIOLATED)
_14482_/B1                              0.750000    0.980875   -0.230875 (VIOLATED)
_14485_/A1                              0.750000    0.980875   -0.230875 (VIOLATED)
_14719_/B1                              0.750000    0.980875   -0.230875 (VIOLATED)
_14722_/B1                              0.750000    0.980875   -0.230875 (VIOLATED)
_14726_/B1                              0.750000    0.980875   -0.230875 (VIOLATED)
_14731_/A1                              0.750000    0.980875   -0.230875 (VIOLATED)
_14736_/B1                              0.750000    0.980875   -0.230875 (VIOLATED)
_14739_/D1                              0.750000    0.980875   -0.230875 (VIOLATED)
_14744_/B                               0.750000    0.980875   -0.230875 (VIOLATED)
_14748_/C1                              0.750000    0.980875   -0.230875 (VIOLATED)
_14759_/A1                              0.750000    0.980875   -0.230875 (VIOLATED)
_14760_/A1                              0.750000    0.980875   -0.230875 (VIOLATED)
_14763_/A1                              0.750000    0.980875   -0.230875 (VIOLATED)
_14904_/C1                              0.750000    0.980875   -0.230875 (VIOLATED)
_14907_/A                               0.750000    0.980875   -0.230875 (VIOLATED)
_14909_/A                               0.750000    0.980875   -0.230875 (VIOLATED)
_14917_/B1                              0.750000    0.980875   -0.230875 (VIOLATED)
_14919_/A1                              0.750000    0.980875   -0.230875 (VIOLATED)
_14924_/A                               0.750000    0.980875   -0.230875 (VIOLATED)
_14932_/C1                              0.750000    0.980875   -0.230875 (VIOLATED)
_14934_/B                               0.750000    0.980875   -0.230875 (VIOLATED)
_15017_/C1                              0.750000    0.980875   -0.230875 (VIOLATED)
_15020_/C1                              0.750000    0.980875   -0.230875 (VIOLATED)
_15022_/A                               0.750000    0.980875   -0.230875 (VIOLATED)
_15025_/C1                              0.750000    0.980875   -0.230875 (VIOLATED)
_15027_/C                               0.750000    0.980875   -0.230875 (VIOLATED)
_15029_/C1                              0.750000    0.980875   -0.230875 (VIOLATED)
_15033_/C                               0.750000    0.980875   -0.230875 (VIOLATED)
_15034_/C1                              0.750000    0.980875   -0.230875 (VIOLATED)
_15044_/S0                              0.750000    0.980875   -0.230875 (VIOLATED)
_15245_/A1                              0.750000    0.980875   -0.230875 (VIOLATED)
_15249_/B1                              0.750000    0.980875   -0.230875 (VIOLATED)
_15251_/A1                              0.750000    0.980875   -0.230875 (VIOLATED)
_15256_/B1                              0.750000    0.980875   -0.230875 (VIOLATED)
_15257_/C1                              0.750000    0.980875   -0.230875 (VIOLATED)
_15258_/C1                              0.750000    0.980875   -0.230875 (VIOLATED)
_15259_/B1                              0.750000    0.980875   -0.230875 (VIOLATED)
_15261_/A1                              0.750000    0.980875   -0.230875 (VIOLATED)
_15263_/A1                              0.750000    0.980875   -0.230875 (VIOLATED)
_15303_/B1                              0.750000    0.980875   -0.230875 (VIOLATED)
_15304_/C1                              0.750000    0.980875   -0.230875 (VIOLATED)
_15305_/B1                              0.750000    0.980875   -0.230875 (VIOLATED)
_15308_/A2                              0.750000    0.980875   -0.230875 (VIOLATED)
_15309_/A                               0.750000    0.980875   -0.230875 (VIOLATED)
_15310_/A1                              0.750000    0.980875   -0.230875 (VIOLATED)
_15318_/C1                              0.750000    0.980875   -0.230875 (VIOLATED)
_15321_/B2                              0.750000    0.980875   -0.230875 (VIOLATED)
_15323_/A1                              0.750000    0.980875   -0.230875 (VIOLATED)
_15324_/A1                              0.750000    0.980875   -0.230875 (VIOLATED)
_15325_/C1                              0.750000    0.980875   -0.230875 (VIOLATED)
_15327_/B1                              0.750000    0.980875   -0.230875 (VIOLATED)
_15499_/A1                              0.750000    0.980875   -0.230875 (VIOLATED)
_15502_/C1                              0.750000    0.980875   -0.230875 (VIOLATED)
_15505_/B1                              0.750000    0.980875   -0.230875 (VIOLATED)
_15508_/C1                              0.750000    0.980875   -0.230875 (VIOLATED)
_15509_/A1                              0.750000    0.980875   -0.230875 (VIOLATED)
_15510_/B1                              0.750000    0.980875   -0.230875 (VIOLATED)
_15511_/C1                              0.750000    0.980875   -0.230875 (VIOLATED)
_15513_/C1                              0.750000    0.980875   -0.230875 (VIOLATED)
_15514_/A1                              0.750000    0.980875   -0.230875 (VIOLATED)
_15519_/A                               0.750000    0.980875   -0.230875 (VIOLATED)
_15520_/A1                              0.750000    0.980875   -0.230875 (VIOLATED)
_15521_/B2                              0.750000    0.980875   -0.230875 (VIOLATED)
_15560_/D1                              0.750000    0.980875   -0.230875 (VIOLATED)
_15564_/B1                              0.750000    0.980875   -0.230875 (VIOLATED)
_15568_/B1                              0.750000    0.980875   -0.230875 (VIOLATED)
_15569_/C1                              0.750000    0.980875   -0.230875 (VIOLATED)
_15570_/C1                              0.750000    0.980875   -0.230875 (VIOLATED)
_15571_/C1                              0.750000    0.980875   -0.230875 (VIOLATED)
_15574_/B1                              0.750000    0.980875   -0.230875 (VIOLATED)
_15580_/A1                              0.750000    0.980875   -0.230875 (VIOLATED)
_15583_/A1                              0.750000    0.980875   -0.230875 (VIOLATED)
_17763_/A1                              0.750000    0.980875   -0.230875 (VIOLATED)
_18954_/Q                               0.750000    0.980875   -0.230875 (VIOLATED)
_09395_/A                               0.750000    0.897234   -0.147234 (VIOLATED)
_10163_/B1                              0.750000    0.897234   -0.147234 (VIOLATED)
_10164_/B1                              0.750000    0.897234   -0.147234 (VIOLATED)
_10166_/A                               0.750000    0.897234   -0.147234 (VIOLATED)
_10167_/A                               0.750000    0.897234   -0.147234 (VIOLATED)
_10168_/A_N                             0.750000    0.897234   -0.147234 (VIOLATED)
_10169_/A_N                             0.750000    0.897234   -0.147234 (VIOLATED)
_10172_/B                               0.750000    0.897234   -0.147234 (VIOLATED)
_10176_/B1                              0.750000    0.897234   -0.147234 (VIOLATED)
_10180_/A                               0.750000    0.897234   -0.147234 (VIOLATED)
_10183_/A                               0.750000    0.897234   -0.147234 (VIOLATED)
_10185_/A                               0.750000    0.897234   -0.147234 (VIOLATED)
_10191_/B1                              0.750000    0.897234   -0.147234 (VIOLATED)
_10192_/A                               0.750000    0.897234   -0.147234 (VIOLATED)
_10193_/A                               0.750000    0.897234   -0.147234 (VIOLATED)
_10205_/A                               0.750000    0.897234   -0.147234 (VIOLATED)
_10206_/A                               0.750000    0.897234   -0.147234 (VIOLATED)
_10209_/B                               0.750000    0.897234   -0.147234 (VIOLATED)
_10210_/B                               0.750000    0.897234   -0.147234 (VIOLATED)
_10217_/B                               0.750000    0.897234   -0.147234 (VIOLATED)
_10218_/A1                              0.750000    0.897234   -0.147234 (VIOLATED)
_10220_/A                               0.750000    0.897234   -0.147234 (VIOLATED)
_10223_/A                               0.750000    0.897234   -0.147234 (VIOLATED)
_10224_/A1                              0.750000    0.897234   -0.147234 (VIOLATED)
_10228_/A1                              0.750000    0.897234   -0.147234 (VIOLATED)
_10229_/B                               0.750000    0.897234   -0.147234 (VIOLATED)
_10230_/B                               0.750000    0.897234   -0.147234 (VIOLATED)
_10232_/A                               0.750000    0.897234   -0.147234 (VIOLATED)
_10235_/A                               0.750000    0.897234   -0.147234 (VIOLATED)
_10236_/A                               0.750000    0.897234   -0.147234 (VIOLATED)
_10240_/B1_N                            0.750000    0.897234   -0.147234 (VIOLATED)
_10244_/A1                              0.750000    0.897234   -0.147234 (VIOLATED)
_10431_/A1                              0.750000    0.897234   -0.147234 (VIOLATED)
_10433_/A                               0.750000    0.897234   -0.147234 (VIOLATED)
_10435_/B1_N                            0.750000    0.897234   -0.147234 (VIOLATED)
_10436_/B                               0.750000    0.897234   -0.147234 (VIOLATED)
_10437_/B                               0.750000    0.897234   -0.147234 (VIOLATED)
_10445_/A                               0.750000    0.897234   -0.147234 (VIOLATED)
_10446_/B1                              0.750000    0.897234   -0.147234 (VIOLATED)
_10449_/A_N                             0.750000    0.897234   -0.147234 (VIOLATED)
_10450_/A1                              0.750000    0.897234   -0.147234 (VIOLATED)
_10456_/B1                              0.750000    0.897234   -0.147234 (VIOLATED)
_10461_/A                               0.750000    0.897234   -0.147234 (VIOLATED)
_10462_/A1                              0.750000    0.897234   -0.147234 (VIOLATED)
_10463_/B1                              0.750000    0.897234   -0.147234 (VIOLATED)
_10467_/A1                              0.750000    0.897234   -0.147234 (VIOLATED)
_10470_/A1                              0.750000    0.897234   -0.147234 (VIOLATED)
_10474_/B1                              0.750000    0.897234   -0.147234 (VIOLATED)
_10643_/B1                              0.750000    0.897234   -0.147234 (VIOLATED)
_10653_/B1                              0.750000    0.897234   -0.147234 (VIOLATED)
_10655_/C                               0.750000    0.897234   -0.147234 (VIOLATED)
_10658_/A1                              0.750000    0.897234   -0.147234 (VIOLATED)
_10659_/A                               0.750000    0.897234   -0.147234 (VIOLATED)
_10660_/A1                              0.750000    0.897234   -0.147234 (VIOLATED)
_10663_/A                               0.750000    0.897234   -0.147234 (VIOLATED)
_10670_/A                               0.750000    0.897234   -0.147234 (VIOLATED)
_10672_/A1                              0.750000    0.897234   -0.147234 (VIOLATED)
_10823_/C1                              0.750000    0.897234   -0.147234 (VIOLATED)
_10827_/A                               0.750000    0.897234   -0.147234 (VIOLATED)
_10828_/C1                              0.750000    0.897234   -0.147234 (VIOLATED)
_10831_/A1                              0.750000    0.897234   -0.147234 (VIOLATED)
_10836_/A1                              0.750000    0.897234   -0.147234 (VIOLATED)
_10837_/B                               0.750000    0.897234   -0.147234 (VIOLATED)
_10839_/A1                              0.750000    0.897234   -0.147234 (VIOLATED)
_10976_/S1                              0.750000    0.897234   -0.147234 (VIOLATED)
_10977_/A1                              0.750000    0.897234   -0.147234 (VIOLATED)
_10990_/A1                              0.750000    0.897234   -0.147234 (VIOLATED)
_11136_/A1                              0.750000    0.897234   -0.147234 (VIOLATED)
_11137_/A1                              0.750000    0.897234   -0.147234 (VIOLATED)
_11139_/A1                              0.750000    0.897234   -0.147234 (VIOLATED)
_11148_/A1                              0.750000    0.897234   -0.147234 (VIOLATED)
_11152_/A1                              0.750000    0.897234   -0.147234 (VIOLATED)
_11281_/B1                              0.750000    0.897234   -0.147234 (VIOLATED)
_11294_/A                               0.750000    0.897234   -0.147234 (VIOLATED)
_11295_/B2                              0.750000    0.897234   -0.147234 (VIOLATED)
_11296_/A1                              0.750000    0.897234   -0.147234 (VIOLATED)
_11385_/A1                              0.750000    0.897234   -0.147234 (VIOLATED)
_11399_/B                               0.750000    0.897234   -0.147234 (VIOLATED)
_11401_/A1                              0.750000    0.897234   -0.147234 (VIOLATED)
_11402_/A1                              0.750000    0.897234   -0.147234 (VIOLATED)
_11403_/A1                              0.750000    0.897234   -0.147234 (VIOLATED)
_17928_/A1                              0.750000    0.897234   -0.147234 (VIOLATED)
_19017_/Q                               0.750000    0.897234   -0.147234 (VIOLATED)
_18442_/X                               0.750000    0.888997   -0.138997 (VIOLATED)
_18443_/B1                              0.750000    0.888997   -0.138997 (VIOLATED)
_18445_/B1                              0.750000    0.888997   -0.138997 (VIOLATED)
_18447_/B1                              0.750000    0.888997   -0.138997 (VIOLATED)
_18449_/B1                              0.750000    0.888997   -0.138997 (VIOLATED)
_18451_/B1                              0.750000    0.888997   -0.138997 (VIOLATED)
_18453_/B1                              0.750000    0.888997   -0.138997 (VIOLATED)
_18455_/B1                              0.750000    0.888997   -0.138997 (VIOLATED)
_18457_/B1                              0.750000    0.888997   -0.138997 (VIOLATED)
_18459_/B1                              0.750000    0.888997   -0.138997 (VIOLATED)
_18461_/B1                              0.750000    0.888997   -0.138997 (VIOLATED)
_18463_/B1                              0.750000    0.888997   -0.138997 (VIOLATED)
_18465_/B1                              0.750000    0.888997   -0.138997 (VIOLATED)
_18467_/B1                              0.750000    0.888997   -0.138997 (VIOLATED)
_18469_/B1                              0.750000    0.888997   -0.138997 (VIOLATED)
_18471_/B1                              0.750000    0.888997   -0.138997 (VIOLATED)
_18473_/B1                              0.750000    0.888997   -0.138997 (VIOLATED)
_18475_/B1                              0.750000    0.888997   -0.138997 (VIOLATED)
_18477_/B1                              0.750000    0.888997   -0.138997 (VIOLATED)
_18479_/B1                              0.750000    0.888997   -0.138997 (VIOLATED)
_18481_/B1                              0.750000    0.888997   -0.138997 (VIOLATED)
_18483_/B1                              0.750000    0.888997   -0.138997 (VIOLATED)
_18485_/B1                              0.750000    0.888997   -0.138997 (VIOLATED)
_18487_/B1                              0.750000    0.888997   -0.138997 (VIOLATED)
_18489_/B1                              0.750000    0.888997   -0.138997 (VIOLATED)
_18491_/B1                              0.750000    0.888997   -0.138997 (VIOLATED)
_18493_/B1                              0.750000    0.888997   -0.138997 (VIOLATED)
_18495_/B1                              0.750000    0.888997   -0.138997 (VIOLATED)
_18497_/B1                              0.750000    0.888997   -0.138997 (VIOLATED)
_18499_/B1                              0.750000    0.888997   -0.138997 (VIOLATED)
_18501_/B1                              0.750000    0.888997   -0.138997 (VIOLATED)
_18503_/B1                              0.750000    0.888997   -0.138997 (VIOLATED)
_18505_/B1                              0.750000    0.888997   -0.138997 (VIOLATED)
_18507_/B1                              0.750000    0.888997   -0.138997 (VIOLATED)
_18509_/B1                              0.750000    0.888997   -0.138997 (VIOLATED)
_18511_/B1                              0.750000    0.888997   -0.138997 (VIOLATED)
_18513_/B1                              0.750000    0.888997   -0.138997 (VIOLATED)
_18515_/B1                              0.750000    0.888997   -0.138997 (VIOLATED)
_18517_/B1                              0.750000    0.888997   -0.138997 (VIOLATED)
_18519_/B1                              0.750000    0.888997   -0.138997 (VIOLATED)
_18521_/B1                              0.750000    0.888997   -0.138997 (VIOLATED)
_18523_/B1                              0.750000    0.888997   -0.138997 (VIOLATED)
_18525_/B1                              0.750000    0.888997   -0.138997 (VIOLATED)
_18527_/B1                              0.750000    0.888997   -0.138997 (VIOLATED)
_18529_/B1                              0.750000    0.888997   -0.138997 (VIOLATED)
_18531_/B1                              0.750000    0.888997   -0.138997 (VIOLATED)
_18533_/B1                              0.750000    0.888997   -0.138997 (VIOLATED)
_18535_/B1                              0.750000    0.888997   -0.138997 (VIOLATED)
_18537_/B1                              0.750000    0.888997   -0.138997 (VIOLATED)
_18539_/B1                              0.750000    0.888997   -0.138997 (VIOLATED)
_18541_/B1                              0.750000    0.888997   -0.138997 (VIOLATED)
_18543_/B1                              0.750000    0.888997   -0.138997 (VIOLATED)
_18545_/B1                              0.750000    0.888997   -0.138997 (VIOLATED)
_18547_/B1                              0.750000    0.888997   -0.138997 (VIOLATED)
_18549_/B1                              0.750000    0.888997   -0.138997 (VIOLATED)
_18551_/B1                              0.750000    0.888997   -0.138997 (VIOLATED)
_18553_/B1                              0.750000    0.888997   -0.138997 (VIOLATED)
_18555_/B1                              0.750000    0.888997   -0.138997 (VIOLATED)
_18557_/B1                              0.750000    0.888997   -0.138997 (VIOLATED)
_18559_/B1                              0.750000    0.888997   -0.138997 (VIOLATED)
_18561_/B1                              0.750000    0.888997   -0.138997 (VIOLATED)
_18563_/B1                              0.750000    0.888997   -0.138997 (VIOLATED)
_18565_/B1                              0.750000    0.888997   -0.138997 (VIOLATED)
_18567_/B1                              0.750000    0.888997   -0.138997 (VIOLATED)
_18569_/B1                              0.750000    0.888997   -0.138997 (VIOLATED)
_18571_/B1                              0.750000    0.888997   -0.138997 (VIOLATED)
_18573_/B1                              0.750000    0.888997   -0.138997 (VIOLATED)
_18575_/B1                              0.750000    0.888997   -0.138997 (VIOLATED)
_18577_/B1                              0.750000    0.888997   -0.138997 (VIOLATED)
_18579_/B1                              0.750000    0.888997   -0.138997 (VIOLATED)
_18581_/B1                              0.750000    0.888997   -0.138997 (VIOLATED)
_18583_/B1                              0.750000    0.888997   -0.138997 (VIOLATED)
_18585_/B1                              0.750000    0.888997   -0.138997 (VIOLATED)
_18587_/B1                              0.750000    0.888997   -0.138997 (VIOLATED)
_18589_/B1                              0.750000    0.888997   -0.138997 (VIOLATED)
_18591_/B1                              0.750000    0.888997   -0.138997 (VIOLATED)
_18593_/B1                              0.750000    0.888997   -0.138997 (VIOLATED)
_18595_/B1                              0.750000    0.888997   -0.138997 (VIOLATED)
_18597_/B1                              0.750000    0.888997   -0.138997 (VIOLATED)
_18599_/B1                              0.750000    0.888997   -0.138997 (VIOLATED)
_18601_/B1                              0.750000    0.888997   -0.138997 (VIOLATED)
_18603_/B1                              0.750000    0.888997   -0.138997 (VIOLATED)
_18605_/B1                              0.750000    0.888997   -0.138997 (VIOLATED)
_18607_/B1                              0.750000    0.888997   -0.138997 (VIOLATED)
_18609_/B1                              0.750000    0.888997   -0.138997 (VIOLATED)
_18611_/B1                              0.750000    0.888997   -0.138997 (VIOLATED)
_18613_/B1                              0.750000    0.888997   -0.138997 (VIOLATED)
_18615_/B1                              0.750000    0.888997   -0.138997 (VIOLATED)
_18617_/B1                              0.750000    0.888997   -0.138997 (VIOLATED)
_18619_/B1                              0.750000    0.888997   -0.138997 (VIOLATED)
_18621_/B1                              0.750000    0.888997   -0.138997 (VIOLATED)
_18623_/B1                              0.750000    0.888997   -0.138997 (VIOLATED)
_18625_/B1                              0.750000    0.888997   -0.138997 (VIOLATED)
_18627_/B1                              0.750000    0.888997   -0.138997 (VIOLATED)
_18629_/B1                              0.750000    0.888997   -0.138997 (VIOLATED)
_18631_/B1                              0.750000    0.888997   -0.138997 (VIOLATED)
_18633_/B1                              0.750000    0.888997   -0.138997 (VIOLATED)
_18635_/B1                              0.750000    0.888997   -0.138997 (VIOLATED)
_18637_/B1                              0.750000    0.888997   -0.138997 (VIOLATED)
_18639_/B1                              0.750000    0.888997   -0.138997 (VIOLATED)
_18641_/B1                              0.750000    0.888997   -0.138997 (VIOLATED)
_18643_/B1                              0.750000    0.888997   -0.138997 (VIOLATED)
_18645_/B1                              0.750000    0.888997   -0.138997 (VIOLATED)
_18647_/B1                              0.750000    0.888997   -0.138997 (VIOLATED)
_18649_/B1                              0.750000    0.888997   -0.138997 (VIOLATED)
_18651_/B1                              0.750000    0.888997   -0.138997 (VIOLATED)
_18653_/B1                              0.750000    0.888997   -0.138997 (VIOLATED)
_18655_/B1                              0.750000    0.888997   -0.138997 (VIOLATED)
_18657_/B1                              0.750000    0.888997   -0.138997 (VIOLATED)
_18659_/B1                              0.750000    0.888997   -0.138997 (VIOLATED)
_18661_/B1                              0.750000    0.888997   -0.138997 (VIOLATED)
_18663_/B1                              0.750000    0.888997   -0.138997 (VIOLATED)
_18665_/B1                              0.750000    0.888997   -0.138997 (VIOLATED)
_18667_/B1                              0.750000    0.888997   -0.138997 (VIOLATED)
_18669_/B1                              0.750000    0.888997   -0.138997 (VIOLATED)
_18671_/B1                              0.750000    0.888997   -0.138997 (VIOLATED)
_18673_/B1                              0.750000    0.888997   -0.138997 (VIOLATED)
_18675_/B1                              0.750000    0.888997   -0.138997 (VIOLATED)
_18677_/B1                              0.750000    0.888997   -0.138997 (VIOLATED)
_18679_/B1                              0.750000    0.888997   -0.138997 (VIOLATED)
_18681_/B1                              0.750000    0.888997   -0.138997 (VIOLATED)
_18683_/B1                              0.750000    0.888997   -0.138997 (VIOLATED)
_18685_/B1                              0.750000    0.888997   -0.138997 (VIOLATED)
_18687_/B1                              0.750000    0.888997   -0.138997 (VIOLATED)
_18689_/B1                              0.750000    0.888997   -0.138997 (VIOLATED)
_18691_/B1                              0.750000    0.888997   -0.138997 (VIOLATED)
_18693_/B1                              0.750000    0.888997   -0.138997 (VIOLATED)
_18695_/B1                              0.750000    0.888997   -0.138997 (VIOLATED)
_18697_/B1                              0.750000    0.888997   -0.138997 (VIOLATED)
_18733_/B1                              0.750000    0.888997   -0.138997 (VIOLATED)
_09450_/A                               0.750000    0.858744   -0.108744 (VIOLATED)
_14378_/B                               0.750000    0.858744   -0.108744 (VIOLATED)
_14379_/B                               0.750000    0.858744   -0.108744 (VIOLATED)
_14389_/A                               0.750000    0.858744   -0.108744 (VIOLATED)
_14398_/C1                              0.750000    0.858744   -0.108744 (VIOLATED)
_14399_/A                               0.750000    0.858744   -0.108744 (VIOLATED)
_14402_/B1_N                            0.750000    0.858744   -0.108744 (VIOLATED)
_14403_/B1_N                            0.750000    0.858744   -0.108744 (VIOLATED)
_14410_/B1                              0.750000    0.858744   -0.108744 (VIOLATED)
_14421_/B1                              0.750000    0.858744   -0.108744 (VIOLATED)
_14423_/B1_N                            0.750000    0.858744   -0.108744 (VIOLATED)
_14425_/A                               0.750000    0.858744   -0.108744 (VIOLATED)
_14430_/A                               0.750000    0.858744   -0.108744 (VIOLATED)
_14432_/B1_N                            0.750000    0.858744   -0.108744 (VIOLATED)
_14433_/B1_N                            0.750000    0.858744   -0.108744 (VIOLATED)
_14434_/A_N                             0.750000    0.858744   -0.108744 (VIOLATED)
_14438_/A                               0.750000    0.858744   -0.108744 (VIOLATED)
_14439_/B1                              0.750000    0.858744   -0.108744 (VIOLATED)
_14444_/B1                              0.750000    0.858744   -0.108744 (VIOLATED)
_14448_/B                               0.750000    0.858744   -0.108744 (VIOLATED)
_14449_/A                               0.750000    0.858744   -0.108744 (VIOLATED)
_14450_/A1                              0.750000    0.858744   -0.108744 (VIOLATED)
_14453_/A                               0.750000    0.858744   -0.108744 (VIOLATED)
_14456_/C1                              0.750000    0.858744   -0.108744 (VIOLATED)
_14458_/A1                              0.750000    0.858744   -0.108744 (VIOLATED)
_14459_/B                               0.750000    0.858744   -0.108744 (VIOLATED)
_14465_/B                               0.750000    0.858744   -0.108744 (VIOLATED)
_14467_/B                               0.750000    0.858744   -0.108744 (VIOLATED)
_14471_/A                               0.750000    0.858744   -0.108744 (VIOLATED)
_14473_/A                               0.750000    0.858744   -0.108744 (VIOLATED)
_14475_/B1                              0.750000    0.858744   -0.108744 (VIOLATED)
_14478_/B1                              0.750000    0.858744   -0.108744 (VIOLATED)
_14482_/A1                              0.750000    0.858744   -0.108744 (VIOLATED)
_14483_/A1                              0.750000    0.858744   -0.108744 (VIOLATED)
_14484_/A1                              0.750000    0.858744   -0.108744 (VIOLATED)
_14727_/B                               0.750000    0.858744   -0.108744 (VIOLATED)
_14730_/A                               0.750000    0.858744   -0.108744 (VIOLATED)
_14733_/A                               0.750000    0.858744   -0.108744 (VIOLATED)
_14737_/A                               0.750000    0.858744   -0.108744 (VIOLATED)
_14742_/A                               0.750000    0.858744   -0.108744 (VIOLATED)
_14745_/B1                              0.750000    0.858744   -0.108744 (VIOLATED)
_14746_/B1                              0.750000    0.858744   -0.108744 (VIOLATED)
_14747_/A                               0.750000    0.858744   -0.108744 (VIOLATED)
_14751_/A                               0.750000    0.858744   -0.108744 (VIOLATED)
_14752_/A1                              0.750000    0.858744   -0.108744 (VIOLATED)
_14753_/A1                              0.750000    0.858744   -0.108744 (VIOLATED)
_14904_/A1                              0.750000    0.858744   -0.108744 (VIOLATED)
_14906_/A                               0.750000    0.858744   -0.108744 (VIOLATED)
_14911_/B2                              0.750000    0.858744   -0.108744 (VIOLATED)
_14913_/A1                              0.750000    0.858744   -0.108744 (VIOLATED)
_14915_/A                               0.750000    0.858744   -0.108744 (VIOLATED)
_14916_/A1                              0.750000    0.858744   -0.108744 (VIOLATED)
_14920_/B                               0.750000    0.858744   -0.108744 (VIOLATED)
_14922_/A                               0.750000    0.858744   -0.108744 (VIOLATED)
_14923_/B                               0.750000    0.858744   -0.108744 (VIOLATED)
_14926_/B                               0.750000    0.858744   -0.108744 (VIOLATED)
_14927_/A1                              0.750000    0.858744   -0.108744 (VIOLATED)
_14932_/A1                              0.750000    0.858744   -0.108744 (VIOLATED)
_14935_/A1                              0.750000    0.858744   -0.108744 (VIOLATED)
_15020_/A1                              0.750000    0.858744   -0.108744 (VIOLATED)
_15021_/A_N                             0.750000    0.858744   -0.108744 (VIOLATED)
_15032_/A                               0.750000    0.858744   -0.108744 (VIOLATED)
_15034_/A1                              0.750000    0.858744   -0.108744 (VIOLATED)
_15040_/A1                              0.750000    0.858744   -0.108744 (VIOLATED)
_15241_/A                               0.750000    0.858744   -0.108744 (VIOLATED)
_15248_/A                               0.750000    0.858744   -0.108744 (VIOLATED)
_15250_/A                               0.750000    0.858744   -0.108744 (VIOLATED)
_15256_/A1                              0.750000    0.858744   -0.108744 (VIOLATED)
_15258_/A1                              0.750000    0.858744   -0.108744 (VIOLATED)
_15302_/B1                              0.750000    0.858744   -0.108744 (VIOLATED)
_15497_/A1                              0.750000    0.858744   -0.108744 (VIOLATED)
_15504_/A1                              0.750000    0.858744   -0.108744 (VIOLATED)
_15507_/A2                              0.750000    0.858744   -0.108744 (VIOLATED)
_15511_/A1                              0.750000    0.858744   -0.108744 (VIOLATED)
_15513_/A1                              0.750000    0.858744   -0.108744 (VIOLATED)
_15562_/B1                              0.750000    0.858744   -0.108744 (VIOLATED)
_15568_/A1                              0.750000    0.858744   -0.108744 (VIOLATED)
_15569_/A1                              0.750000    0.858744   -0.108744 (VIOLATED)
_15570_/A1                              0.750000    0.858744   -0.108744 (VIOLATED)
_15572_/A                               0.750000    0.858744   -0.108744 (VIOLATED)
_15577_/A2                              0.750000    0.858744   -0.108744 (VIOLATED)
_17759_/A1                              0.750000    0.858744   -0.108744 (VIOLATED)
_18953_/Q                               0.750000    0.858744   -0.108744 (VIOLATED)
_09479_/A                               0.750000    0.857384   -0.107384 (VIOLATED)
_16007_/A                               0.750000    0.857384   -0.107384 (VIOLATED)
_16009_/B1                              0.750000    0.857384   -0.107384 (VIOLATED)
_16018_/B2                              0.750000    0.857384   -0.107384 (VIOLATED)
_16023_/B1                              0.750000    0.857384   -0.107384 (VIOLATED)
_16025_/A1                              0.750000    0.857384   -0.107384 (VIOLATED)
_16042_/A1                              0.750000    0.857384   -0.107384 (VIOLATED)
_16052_/C1                              0.750000    0.857384   -0.107384 (VIOLATED)
_16064_/C1                              0.750000    0.857384   -0.107384 (VIOLATED)
_16068_/A1                              0.750000    0.857384   -0.107384 (VIOLATED)
_16077_/B1                              0.750000    0.857384   -0.107384 (VIOLATED)
_16079_/A_N                             0.750000    0.857384   -0.107384 (VIOLATED)
_16082_/B1                              0.750000    0.857384   -0.107384 (VIOLATED)
_16090_/A1                              0.750000    0.857384   -0.107384 (VIOLATED)
_16093_/A                               0.750000    0.857384   -0.107384 (VIOLATED)
_16096_/C1                              0.750000    0.857384   -0.107384 (VIOLATED)
_16374_/B1                              0.750000    0.857384   -0.107384 (VIOLATED)
_16376_/A1                              0.750000    0.857384   -0.107384 (VIOLATED)
_16381_/A                               0.750000    0.857384   -0.107384 (VIOLATED)
_16382_/A1                              0.750000    0.857384   -0.107384 (VIOLATED)
_16394_/C1                              0.750000    0.857384   -0.107384 (VIOLATED)
_16397_/A2                              0.750000    0.857384   -0.107384 (VIOLATED)
_16405_/A1                              0.750000    0.857384   -0.107384 (VIOLATED)
_16410_/B                               0.750000    0.857384   -0.107384 (VIOLATED)
_16411_/C1                              0.750000    0.857384   -0.107384 (VIOLATED)
_16412_/A1                              0.750000    0.857384   -0.107384 (VIOLATED)
_16413_/D1                              0.750000    0.857384   -0.107384 (VIOLATED)
_16564_/B1                              0.750000    0.857384   -0.107384 (VIOLATED)
_16565_/A                               0.750000    0.857384   -0.107384 (VIOLATED)
_16566_/C1                              0.750000    0.857384   -0.107384 (VIOLATED)
_16578_/A1                              0.750000    0.857384   -0.107384 (VIOLATED)
_16581_/A                               0.750000    0.857384   -0.107384 (VIOLATED)
_16707_/C1                              0.750000    0.857384   -0.107384 (VIOLATED)
_16713_/B                               0.750000    0.857384   -0.107384 (VIOLATED)
_16719_/C1                              0.750000    0.857384   -0.107384 (VIOLATED)
_16721_/B1                              0.750000    0.857384   -0.107384 (VIOLATED)
_16723_/C1                              0.750000    0.857384   -0.107384 (VIOLATED)
_16725_/B1                              0.750000    0.857384   -0.107384 (VIOLATED)
_16730_/C1                              0.750000    0.857384   -0.107384 (VIOLATED)
_16736_/B1                              0.750000    0.857384   -0.107384 (VIOLATED)
_16739_/A1                              0.750000    0.857384   -0.107384 (VIOLATED)
_16844_/A                               0.750000    0.857384   -0.107384 (VIOLATED)
_16847_/A1_N                            0.750000    0.857384   -0.107384 (VIOLATED)
_16850_/A                               0.750000    0.857384   -0.107384 (VIOLATED)
_16851_/A1                              0.750000    0.857384   -0.107384 (VIOLATED)
_16854_/B2                              0.750000    0.857384   -0.107384 (VIOLATED)
_16861_/B1                              0.750000    0.857384   -0.107384 (VIOLATED)
_16867_/C1                              0.750000    0.857384   -0.107384 (VIOLATED)
_16869_/C1                              0.750000    0.857384   -0.107384 (VIOLATED)
_16870_/B1                              0.750000    0.857384   -0.107384 (VIOLATED)
_16941_/B1                              0.750000    0.857384   -0.107384 (VIOLATED)
_16942_/B1                              0.750000    0.857384   -0.107384 (VIOLATED)
_16945_/B2                              0.750000    0.857384   -0.107384 (VIOLATED)
_16948_/A1                              0.750000    0.857384   -0.107384 (VIOLATED)
_16949_/B1                              0.750000    0.857384   -0.107384 (VIOLATED)
_16950_/A1                              0.750000    0.857384   -0.107384 (VIOLATED)
_16956_/A1                              0.750000    0.857384   -0.107384 (VIOLATED)
_16962_/A1                              0.750000    0.857384   -0.107384 (VIOLATED)
_16963_/A1                              0.750000    0.857384   -0.107384 (VIOLATED)
_17074_/A                               0.750000    0.857384   -0.107384 (VIOLATED)
_17075_/C1                              0.750000    0.857384   -0.107384 (VIOLATED)
_17077_/A                               0.750000    0.857384   -0.107384 (VIOLATED)
_17085_/C1                              0.750000    0.857384   -0.107384 (VIOLATED)
_17086_/A1                              0.750000    0.857384   -0.107384 (VIOLATED)
_17089_/B2                              0.750000    0.857384   -0.107384 (VIOLATED)
_17092_/B1                              0.750000    0.857384   -0.107384 (VIOLATED)
_17096_/B1                              0.750000    0.857384   -0.107384 (VIOLATED)
_17097_/C1                              0.750000    0.857384   -0.107384 (VIOLATED)
_17198_/C1                              0.750000    0.857384   -0.107384 (VIOLATED)
_17199_/A                               0.750000    0.857384   -0.107384 (VIOLATED)
_17200_/C1                              0.750000    0.857384   -0.107384 (VIOLATED)
_17202_/C1                              0.750000    0.857384   -0.107384 (VIOLATED)
_17205_/A                               0.750000    0.857384   -0.107384 (VIOLATED)
_17214_/C1                              0.750000    0.857384   -0.107384 (VIOLATED)
_17217_/C1                              0.750000    0.857384   -0.107384 (VIOLATED)
_17218_/C1                              0.750000    0.857384   -0.107384 (VIOLATED)
_17864_/A1                              0.750000    0.857384   -0.107384 (VIOLATED)
_18986_/Q                               0.750000    0.857384   -0.107384 (VIOLATED)
_09410_/A                               0.750000    0.839115   -0.089115 (VIOLATED)
_12285_/B                               0.750000    0.839115   -0.089115 (VIOLATED)
_12288_/B                               0.750000    0.839115   -0.089115 (VIOLATED)
_12289_/A                               0.750000    0.839115   -0.089115 (VIOLATED)
_12290_/A                               0.750000    0.839115   -0.089115 (VIOLATED)
_12291_/A                               0.750000    0.839115   -0.089115 (VIOLATED)
_12299_/B                               0.750000    0.839115   -0.089115 (VIOLATED)
_12300_/B                               0.750000    0.839115   -0.089115 (VIOLATED)
_12301_/A1                              0.750000    0.839115   -0.089115 (VIOLATED)
_12311_/B                               0.750000    0.839115   -0.089115 (VIOLATED)
_12312_/A_N                             0.750000    0.839115   -0.089115 (VIOLATED)
_12313_/A                               0.750000    0.839115   -0.089115 (VIOLATED)
_12314_/A                               0.750000    0.839115   -0.089115 (VIOLATED)
_12318_/B                               0.750000    0.839115   -0.089115 (VIOLATED)
_12320_/B                               0.750000    0.839115   -0.089115 (VIOLATED)
_12321_/A2                              0.750000    0.839115   -0.089115 (VIOLATED)
_12325_/B1                              0.750000    0.839115   -0.089115 (VIOLATED)
_12328_/B1                              0.750000    0.839115   -0.089115 (VIOLATED)
_12333_/C1                              0.750000    0.839115   -0.089115 (VIOLATED)
_12334_/B                               0.750000    0.839115   -0.089115 (VIOLATED)
_12335_/B                               0.750000    0.839115   -0.089115 (VIOLATED)
_12336_/B                               0.750000    0.839115   -0.089115 (VIOLATED)
_12339_/A                               0.750000    0.839115   -0.089115 (VIOLATED)
_12340_/A                               0.750000    0.839115   -0.089115 (VIOLATED)
_12341_/C                               0.750000    0.839115   -0.089115 (VIOLATED)
_12342_/B1                              0.750000    0.839115   -0.089115 (VIOLATED)
_12349_/A1                              0.750000    0.839115   -0.089115 (VIOLATED)
_12350_/A_N                             0.750000    0.839115   -0.089115 (VIOLATED)
_12351_/A1                              0.750000    0.839115   -0.089115 (VIOLATED)
_12357_/A                               0.750000    0.839115   -0.089115 (VIOLATED)
_12362_/B1_N                            0.750000    0.839115   -0.089115 (VIOLATED)
_12364_/A                               0.750000    0.839115   -0.089115 (VIOLATED)
_12389_/B                               0.750000    0.839115   -0.089115 (VIOLATED)
_12390_/A1                              0.750000    0.839115   -0.089115 (VIOLATED)
_12391_/A                               0.750000    0.839115   -0.089115 (VIOLATED)
_12393_/B1                              0.750000    0.839115   -0.089115 (VIOLATED)
_12399_/A                               0.750000    0.839115   -0.089115 (VIOLATED)
_12403_/A2                              0.750000    0.839115   -0.089115 (VIOLATED)
_12405_/B1_N                            0.750000    0.839115   -0.089115 (VIOLATED)
_12406_/B1_N                            0.750000    0.839115   -0.089115 (VIOLATED)
_12410_/A1                              0.750000    0.839115   -0.089115 (VIOLATED)
_12421_/A1                              0.750000    0.839115   -0.089115 (VIOLATED)
_12426_/B1                              0.750000    0.839115   -0.089115 (VIOLATED)
_12432_/B1                              0.750000    0.839115   -0.089115 (VIOLATED)
_12450_/A1                              0.750000    0.839115   -0.089115 (VIOLATED)
_12452_/B1                              0.750000    0.839115   -0.089115 (VIOLATED)
_12458_/B                               0.750000    0.839115   -0.089115 (VIOLATED)
_12459_/A1                              0.750000    0.839115   -0.089115 (VIOLATED)
_12498_/A1                              0.750000    0.839115   -0.089115 (VIOLATED)
_12499_/C1                              0.750000    0.839115   -0.089115 (VIOLATED)
_12507_/A1                              0.750000    0.839115   -0.089115 (VIOLATED)
_12508_/A1                              0.750000    0.839115   -0.089115 (VIOLATED)
_12510_/B1                              0.750000    0.839115   -0.089115 (VIOLATED)
_12513_/B1                              0.750000    0.839115   -0.089115 (VIOLATED)
_12518_/A1                              0.750000    0.839115   -0.089115 (VIOLATED)
_12524_/A                               0.750000    0.839115   -0.089115 (VIOLATED)
_12526_/A1                              0.750000    0.839115   -0.089115 (VIOLATED)
_12545_/A                               0.750000    0.839115   -0.089115 (VIOLATED)
_12549_/A2                              0.750000    0.839115   -0.089115 (VIOLATED)
_12553_/A1                              0.750000    0.839115   -0.089115 (VIOLATED)
_12554_/A1                              0.750000    0.839115   -0.089115 (VIOLATED)
_12579_/A1                              0.750000    0.839115   -0.089115 (VIOLATED)
_12581_/B1                              0.750000    0.839115   -0.089115 (VIOLATED)
_12584_/A1                              0.750000    0.839115   -0.089115 (VIOLATED)
_12587_/A1                              0.750000    0.839115   -0.089115 (VIOLATED)
_12595_/A1                              0.750000    0.839115   -0.089115 (VIOLATED)
_12618_/B1                              0.750000    0.839115   -0.089115 (VIOLATED)
_12619_/A1                              0.750000    0.839115   -0.089115 (VIOLATED)
_12622_/A1                              0.750000    0.839115   -0.089115 (VIOLATED)
_12634_/A                               0.750000    0.839115   -0.089115 (VIOLATED)
_12638_/A1                              0.750000    0.839115   -0.089115 (VIOLATED)
_12639_/A1                              0.750000    0.839115   -0.089115 (VIOLATED)
_12660_/A1                              0.750000    0.839115   -0.089115 (VIOLATED)
_12661_/A1                              0.750000    0.839115   -0.089115 (VIOLATED)
_12666_/A1                              0.750000    0.839115   -0.089115 (VIOLATED)
_12675_/A1                              0.750000    0.839115   -0.089115 (VIOLATED)
_17912_/A1                              0.750000    0.839115   -0.089115 (VIOLATED)
_19009_/Q                               0.750000    0.839115   -0.089115 (VIOLATED)
_09403_/A                               0.750000    0.832211   -0.082211 (VIOLATED)
_11706_/A                               0.750000    0.832211   -0.082211 (VIOLATED)
_11855_/B                               0.750000    0.832211   -0.082211 (VIOLATED)
_11856_/B                               0.750000    0.832211   -0.082211 (VIOLATED)
_11878_/B1                              0.750000    0.832211   -0.082211 (VIOLATED)
_11894_/A                               0.750000    0.832211   -0.082211 (VIOLATED)
_11895_/B1                              0.750000    0.832211   -0.082211 (VIOLATED)
_11898_/A1                              0.750000    0.832211   -0.082211 (VIOLATED)
_11905_/A1                              0.750000    0.832211   -0.082211 (VIOLATED)
_11908_/C1                              0.750000    0.832211   -0.082211 (VIOLATED)
_11914_/B1                              0.750000    0.832211   -0.082211 (VIOLATED)
_11915_/B1                              0.750000    0.832211   -0.082211 (VIOLATED)
_11922_/A1                              0.750000    0.832211   -0.082211 (VIOLATED)
_11924_/C1                              0.750000    0.832211   -0.082211 (VIOLATED)
_11929_/A1                              0.750000    0.832211   -0.082211 (VIOLATED)
_11936_/A                               0.750000    0.832211   -0.082211 (VIOLATED)
_11937_/A_N                             0.750000    0.832211   -0.082211 (VIOLATED)
_11938_/A_N                             0.750000    0.832211   -0.082211 (VIOLATED)
_11939_/A1                              0.750000    0.832211   -0.082211 (VIOLATED)
_11943_/A                               0.750000    0.832211   -0.082211 (VIOLATED)
_11965_/A1                              0.750000    0.832211   -0.082211 (VIOLATED)
_11969_/B1                              0.750000    0.832211   -0.082211 (VIOLATED)
_11975_/A1                              0.750000    0.832211   -0.082211 (VIOLATED)
_11978_/C1                              0.750000    0.832211   -0.082211 (VIOLATED)
_11979_/C1                              0.750000    0.832211   -0.082211 (VIOLATED)
_11987_/C1                              0.750000    0.832211   -0.082211 (VIOLATED)
_11988_/A1                              0.750000    0.832211   -0.082211 (VIOLATED)
_11996_/S0                              0.750000    0.832211   -0.082211 (VIOLATED)
_11998_/A1                              0.750000    0.832211   -0.082211 (VIOLATED)
_12020_/S0                              0.750000    0.832211   -0.082211 (VIOLATED)
_12024_/B1                              0.750000    0.832211   -0.082211 (VIOLATED)
_12026_/A1                              0.750000    0.832211   -0.082211 (VIOLATED)
_12030_/C1                              0.750000    0.832211   -0.082211 (VIOLATED)
_12037_/A1                              0.750000    0.832211   -0.082211 (VIOLATED)
_12039_/B1                              0.750000    0.832211   -0.082211 (VIOLATED)
_12040_/C1                              0.750000    0.832211   -0.082211 (VIOLATED)
_12042_/B1                              0.750000    0.832211   -0.082211 (VIOLATED)
_12048_/A1                              0.750000    0.832211   -0.082211 (VIOLATED)
_12067_/C1                              0.750000    0.832211   -0.082211 (VIOLATED)
_12073_/B2                              0.750000    0.832211   -0.082211 (VIOLATED)
_12075_/A1                              0.750000    0.832211   -0.082211 (VIOLATED)
_12078_/C1                              0.750000    0.832211   -0.082211 (VIOLATED)
_12080_/C1                              0.750000    0.832211   -0.082211 (VIOLATED)
_12081_/A                               0.750000    0.832211   -0.082211 (VIOLATED)
_12082_/B                               0.750000    0.832211   -0.082211 (VIOLATED)
_12086_/A                               0.750000    0.832211   -0.082211 (VIOLATED)
_12089_/C1                              0.750000    0.832211   -0.082211 (VIOLATED)
_12104_/C1                              0.750000    0.832211   -0.082211 (VIOLATED)
_12107_/A1                              0.750000    0.832211   -0.082211 (VIOLATED)
_12110_/C1                              0.750000    0.832211   -0.082211 (VIOLATED)
_12111_/C1                              0.750000    0.832211   -0.082211 (VIOLATED)
_12122_/B1                              0.750000    0.832211   -0.082211 (VIOLATED)
_12128_/A1                              0.750000    0.832211   -0.082211 (VIOLATED)
_12147_/A1                              0.750000    0.832211   -0.082211 (VIOLATED)
_12148_/B1_N                            0.750000    0.832211   -0.082211 (VIOLATED)
_12151_/A1                              0.750000    0.832211   -0.082211 (VIOLATED)
_12160_/C1                              0.750000    0.832211   -0.082211 (VIOLATED)
_12161_/A                               0.750000    0.832211   -0.082211 (VIOLATED)
_12163_/A                               0.750000    0.832211   -0.082211 (VIOLATED)
_12166_/C1                              0.750000    0.832211   -0.082211 (VIOLATED)
_12184_/C1                              0.750000    0.832211   -0.082211 (VIOLATED)
_12186_/B                               0.750000    0.832211   -0.082211 (VIOLATED)
_12194_/A1                              0.750000    0.832211   -0.082211 (VIOLATED)
_12195_/C1                              0.750000    0.832211   -0.082211 (VIOLATED)
_12196_/A1                              0.750000    0.832211   -0.082211 (VIOLATED)
_12198_/C1                              0.750000    0.832211   -0.082211 (VIOLATED)
_12199_/C1                              0.750000    0.832211   -0.082211 (VIOLATED)
_12201_/A                               0.750000    0.832211   -0.082211 (VIOLATED)
_12206_/B2                              0.750000    0.832211   -0.082211 (VIOLATED)
_12217_/C1                              0.750000    0.832211   -0.082211 (VIOLATED)
_12219_/C1                              0.750000    0.832211   -0.082211 (VIOLATED)
_12226_/C1                              0.750000    0.832211   -0.082211 (VIOLATED)
_12229_/B1                              0.750000    0.832211   -0.082211 (VIOLATED)
_12230_/B1                              0.750000    0.832211   -0.082211 (VIOLATED)
_12232_/B2                              0.750000    0.832211   -0.082211 (VIOLATED)
_12234_/B1                              0.750000    0.832211   -0.082211 (VIOLATED)
_17898_/A1                              0.750000    0.832211   -0.082211 (VIOLATED)
_19002_/Q                               0.750000    0.832211   -0.082211 (VIOLATED)
_09473_/A                               0.750000    0.826417   -0.076417 (VIOLATED)
_15902_/B1                              0.750000    0.826417   -0.076417 (VIOLATED)
_15907_/B                               0.750000    0.826417   -0.076417 (VIOLATED)
_15908_/B                               0.750000    0.826417   -0.076417 (VIOLATED)
_15926_/B1                              0.750000    0.826417   -0.076417 (VIOLATED)
_15941_/A_N                             0.750000    0.826417   -0.076417 (VIOLATED)
_15942_/A_N                             0.750000    0.826417   -0.076417 (VIOLATED)
_15952_/A1                              0.750000    0.826417   -0.076417 (VIOLATED)
_15962_/C1                              0.750000    0.826417   -0.076417 (VIOLATED)
_15966_/B1                              0.750000    0.826417   -0.076417 (VIOLATED)
_15972_/A                               0.750000    0.826417   -0.076417 (VIOLATED)
_15980_/A1                              0.750000    0.826417   -0.076417 (VIOLATED)
_15981_/A1                              0.750000    0.826417   -0.076417 (VIOLATED)
_15988_/A1                              0.750000    0.826417   -0.076417 (VIOLATED)
_16211_/B1                              0.750000    0.826417   -0.076417 (VIOLATED)
_16217_/A1                              0.750000    0.826417   -0.076417 (VIOLATED)
_16221_/C1                              0.750000    0.826417   -0.076417 (VIOLATED)
_16227_/A                               0.750000    0.826417   -0.076417 (VIOLATED)
_16232_/A1                              0.750000    0.826417   -0.076417 (VIOLATED)
_16235_/B1                              0.750000    0.826417   -0.076417 (VIOLATED)
_16239_/C1                              0.750000    0.826417   -0.076417 (VIOLATED)
_16243_/B1                              0.750000    0.826417   -0.076417 (VIOLATED)
_16246_/A                               0.750000    0.826417   -0.076417 (VIOLATED)
_16247_/C1                              0.750000    0.826417   -0.076417 (VIOLATED)
_16250_/B1                              0.750000    0.826417   -0.076417 (VIOLATED)
_16426_/A                               0.750000    0.826417   -0.076417 (VIOLATED)
_16428_/A1                              0.750000    0.826417   -0.076417 (VIOLATED)
_16434_/C1                              0.750000    0.826417   -0.076417 (VIOLATED)
_16437_/C1                              0.750000    0.826417   -0.076417 (VIOLATED)
_16441_/A1                              0.750000    0.826417   -0.076417 (VIOLATED)
_16445_/B1                              0.750000    0.826417   -0.076417 (VIOLATED)
_16446_/C1                              0.750000    0.826417   -0.076417 (VIOLATED)
_16452_/A                               0.750000    0.826417   -0.076417 (VIOLATED)
_16454_/A1                              0.750000    0.826417   -0.076417 (VIOLATED)
_16460_/A2                              0.750000    0.826417   -0.076417 (VIOLATED)
_16461_/A                               0.750000    0.826417   -0.076417 (VIOLATED)
_16592_/B1                              0.750000    0.826417   -0.076417 (VIOLATED)
_16598_/B1                              0.750000    0.826417   -0.076417 (VIOLATED)
_16599_/B1                              0.750000    0.826417   -0.076417 (VIOLATED)
_16605_/C1                              0.750000    0.826417   -0.076417 (VIOLATED)
_16606_/B1                              0.750000    0.826417   -0.076417 (VIOLATED)
_16615_/B1                              0.750000    0.826417   -0.076417 (VIOLATED)
_16617_/C1                              0.750000    0.826417   -0.076417 (VIOLATED)
_16623_/C1                              0.750000    0.826417   -0.076417 (VIOLATED)
_16750_/B1                              0.750000    0.826417   -0.076417 (VIOLATED)
_16752_/A1                              0.750000    0.826417   -0.076417 (VIOLATED)
_16755_/B1                              0.750000    0.826417   -0.076417 (VIOLATED)
_16757_/B1                              0.750000    0.826417   -0.076417 (VIOLATED)
_16766_/C1                              0.750000    0.826417   -0.076417 (VIOLATED)
_16769_/A1                              0.750000    0.826417   -0.076417 (VIOLATED)
_16885_/A                               0.750000    0.826417   -0.076417 (VIOLATED)
_16888_/B1                              0.750000    0.826417   -0.076417 (VIOLATED)
_16891_/B1                              0.750000    0.826417   -0.076417 (VIOLATED)
_16892_/A1                              0.750000    0.826417   -0.076417 (VIOLATED)
_16894_/B2                              0.750000    0.826417   -0.076417 (VIOLATED)
_16901_/B1                              0.750000    0.826417   -0.076417 (VIOLATED)
_16902_/A                               0.750000    0.826417   -0.076417 (VIOLATED)
_16905_/A1                              0.750000    0.826417   -0.076417 (VIOLATED)
_17012_/C1                              0.750000    0.826417   -0.076417 (VIOLATED)
_17013_/A                               0.750000    0.826417   -0.076417 (VIOLATED)
_17015_/C1                              0.750000    0.826417   -0.076417 (VIOLATED)
_17022_/A2                              0.750000    0.826417   -0.076417 (VIOLATED)
_17027_/C1                              0.750000    0.826417   -0.076417 (VIOLATED)
_17028_/B1                              0.750000    0.826417   -0.076417 (VIOLATED)
_17034_/A1_N                            0.750000    0.826417   -0.076417 (VIOLATED)
_17037_/A1_N                            0.750000    0.826417   -0.076417 (VIOLATED)
_17038_/A1                              0.750000    0.826417   -0.076417 (VIOLATED)
_17039_/A1                              0.750000    0.826417   -0.076417 (VIOLATED)
_17141_/B1                              0.750000    0.826417   -0.076417 (VIOLATED)
_17142_/B1                              0.750000    0.826417   -0.076417 (VIOLATED)
_17144_/C1                              0.750000    0.826417   -0.076417 (VIOLATED)
_17147_/B1                              0.750000    0.826417   -0.076417 (VIOLATED)
_17151_/C1                              0.750000    0.826417   -0.076417 (VIOLATED)
_17153_/C1                              0.750000    0.826417   -0.076417 (VIOLATED)
_17158_/C1                              0.750000    0.826417   -0.076417 (VIOLATED)
_17159_/A1                              0.750000    0.826417   -0.076417 (VIOLATED)
_17491_/A0                              0.750000    0.826417   -0.076417 (VIOLATED)
_18866_/Q                               0.750000    0.826417   -0.076417 (VIOLATED)
_09446_/A                               0.750000    0.817897   -0.067897 (VIOLATED)
_14278_/B1                              0.750000    0.817897   -0.067897 (VIOLATED)
_14279_/B                               0.750000    0.817897   -0.067897 (VIOLATED)
_14286_/B                               0.750000    0.817897   -0.067897 (VIOLATED)
_14287_/B                               0.750000    0.817897   -0.067897 (VIOLATED)
_14308_/A1                              0.750000    0.817897   -0.067897 (VIOLATED)
_14324_/A1                              0.750000    0.817897   -0.067897 (VIOLATED)
_14326_/C1                              0.750000    0.817897   -0.067897 (VIOLATED)
_14337_/C1                              0.750000    0.817897   -0.067897 (VIOLATED)
_14340_/B1                              0.750000    0.817897   -0.067897 (VIOLATED)
_14351_/B1                              0.750000    0.817897   -0.067897 (VIOLATED)
_14356_/A                               0.750000    0.817897   -0.067897 (VIOLATED)
_14365_/A1                              0.750000    0.817897   -0.067897 (VIOLATED)
_14370_/A1                              0.750000    0.817897   -0.067897 (VIOLATED)
_14772_/A                               0.750000    0.817897   -0.067897 (VIOLATED)
_14777_/C1                              0.750000    0.817897   -0.067897 (VIOLATED)
_14781_/C1                              0.750000    0.817897   -0.067897 (VIOLATED)
_14787_/B2                              0.750000    0.817897   -0.067897 (VIOLATED)
_14793_/B1                              0.750000    0.817897   -0.067897 (VIOLATED)
_14795_/A1                              0.750000    0.817897   -0.067897 (VIOLATED)
_14804_/A1                              0.750000    0.817897   -0.067897 (VIOLATED)
_14806_/C1                              0.750000    0.817897   -0.067897 (VIOLATED)
_14809_/A                               0.750000    0.817897   -0.067897 (VIOLATED)
_14813_/B1                              0.750000    0.817897   -0.067897 (VIOLATED)
_14944_/B1                              0.750000    0.817897   -0.067897 (VIOLATED)
_14946_/C1                              0.750000    0.817897   -0.067897 (VIOLATED)
_14947_/B1                              0.750000    0.817897   -0.067897 (VIOLATED)
_14953_/A1                              0.750000    0.817897   -0.067897 (VIOLATED)
_14956_/A                               0.750000    0.817897   -0.067897 (VIOLATED)
_14967_/B1                              0.750000    0.817897   -0.067897 (VIOLATED)
_14968_/C1                              0.750000    0.817897   -0.067897 (VIOLATED)
_14977_/A1                              0.750000    0.817897   -0.067897 (VIOLATED)
_14983_/A                               0.750000    0.817897   -0.067897 (VIOLATED)
_14985_/A1                              0.750000    0.817897   -0.067897 (VIOLATED)
_14986_/B1                              0.750000    0.817897   -0.067897 (VIOLATED)
_14987_/C1                              0.750000    0.817897   -0.067897 (VIOLATED)
_14991_/A                               0.750000    0.817897   -0.067897 (VIOLATED)
_14992_/C1                              0.750000    0.817897   -0.067897 (VIOLATED)
_15000_/C1                              0.750000    0.817897   -0.067897 (VIOLATED)
_15001_/A1                              0.750000    0.817897   -0.067897 (VIOLATED)
_15003_/C1                              0.750000    0.817897   -0.067897 (VIOLATED)
_15010_/C1                              0.750000    0.817897   -0.067897 (VIOLATED)
_15015_/A1                              0.750000    0.817897   -0.067897 (VIOLATED)
_15147_/C1                              0.750000    0.817897   -0.067897 (VIOLATED)
_15149_/B1                              0.750000    0.817897   -0.067897 (VIOLATED)
_15151_/C1                              0.750000    0.817897   -0.067897 (VIOLATED)
_15153_/A1                              0.750000    0.817897   -0.067897 (VIOLATED)
_15157_/A1                              0.750000    0.817897   -0.067897 (VIOLATED)
_15163_/A1                              0.750000    0.817897   -0.067897 (VIOLATED)
_15170_/A1                              0.750000    0.817897   -0.067897 (VIOLATED)
_15277_/A1                              0.750000    0.817897   -0.067897 (VIOLATED)
_15282_/B1                              0.750000    0.817897   -0.067897 (VIOLATED)
_15284_/B1                              0.750000    0.817897   -0.067897 (VIOLATED)
_15285_/B1                              0.750000    0.817897   -0.067897 (VIOLATED)
_15292_/A1                              0.750000    0.817897   -0.067897 (VIOLATED)
_15295_/C1                              0.750000    0.817897   -0.067897 (VIOLATED)
_15407_/A1                              0.750000    0.817897   -0.067897 (VIOLATED)
_15413_/A1                              0.750000    0.817897   -0.067897 (VIOLATED)
_15417_/A1                              0.750000    0.817897   -0.067897 (VIOLATED)
_15419_/A1                              0.750000    0.817897   -0.067897 (VIOLATED)
_15423_/B1                              0.750000    0.817897   -0.067897 (VIOLATED)
_15428_/A1                              0.750000    0.817897   -0.067897 (VIOLATED)
_15530_/C1                              0.750000    0.817897   -0.067897 (VIOLATED)
_15532_/A1                              0.750000    0.817897   -0.067897 (VIOLATED)
_15537_/B1                              0.750000    0.817897   -0.067897 (VIOLATED)
_15542_/C1                              0.750000    0.817897   -0.067897 (VIOLATED)
_15548_/A1                              0.750000    0.817897   -0.067897 (VIOLATED)
_15549_/B1                              0.750000    0.817897   -0.067897 (VIOLATED)
_15553_/B1                              0.750000    0.817897   -0.067897 (VIOLATED)
_15555_/A1                              0.750000    0.817897   -0.067897 (VIOLATED)
_15556_/B2                              0.750000    0.817897   -0.067897 (VIOLATED)
_17789_/A0                              0.750000    0.817897   -0.067897 (VIOLATED)
_18962_/Q                               0.750000    0.817897   -0.067897 (VIOLATED)
_09374_/A                               0.750000    0.807891   -0.057891 (VIOLATED)
_09880_/B1_N                            0.750000    0.807891   -0.057891 (VIOLATED)
_09881_/B                               0.750000    0.807891   -0.057891 (VIOLATED)
_09896_/A1                              0.750000    0.807891   -0.057891 (VIOLATED)
_09901_/B                               0.750000    0.807891   -0.057891 (VIOLATED)
_09903_/B1_N                            0.750000    0.807891   -0.057891 (VIOLATED)
_09907_/A                               0.750000    0.807891   -0.057891 (VIOLATED)
_09908_/A                               0.750000    0.807891   -0.057891 (VIOLATED)
_09909_/B                               0.750000    0.807891   -0.057891 (VIOLATED)
_09910_/B                               0.750000    0.807891   -0.057891 (VIOLATED)
_09914_/B1_N                            0.750000    0.807891   -0.057891 (VIOLATED)
_09918_/B                               0.750000    0.807891   -0.057891 (VIOLATED)
_09920_/B                               0.750000    0.807891   -0.057891 (VIOLATED)
_09921_/B                               0.750000    0.807891   -0.057891 (VIOLATED)
_09922_/A                               0.750000    0.807891   -0.057891 (VIOLATED)
_09941_/B1_N                            0.750000    0.807891   -0.057891 (VIOLATED)
_09945_/B                               0.750000    0.807891   -0.057891 (VIOLATED)
_09947_/A                               0.750000    0.807891   -0.057891 (VIOLATED)
_09951_/A2                              0.750000    0.807891   -0.057891 (VIOLATED)
_09956_/A1                              0.750000    0.807891   -0.057891 (VIOLATED)
_09959_/A                               0.750000    0.807891   -0.057891 (VIOLATED)
_09961_/B1                              0.750000    0.807891   -0.057891 (VIOLATED)
_09962_/B1                              0.750000    0.807891   -0.057891 (VIOLATED)
_09965_/A1                              0.750000    0.807891   -0.057891 (VIOLATED)
_09967_/A                               0.750000    0.807891   -0.057891 (VIOLATED)
_09970_/A1                              0.750000    0.807891   -0.057891 (VIOLATED)
_09971_/B                               0.750000    0.807891   -0.057891 (VIOLATED)
_09973_/A1                              0.750000    0.807891   -0.057891 (VIOLATED)
_09978_/B                               0.750000    0.807891   -0.057891 (VIOLATED)
_09979_/A                               0.750000    0.807891   -0.057891 (VIOLATED)
_09981_/B                               0.750000    0.807891   -0.057891 (VIOLATED)
_09982_/A1                              0.750000    0.807891   -0.057891 (VIOLATED)
_09986_/A_N                             0.750000    0.807891   -0.057891 (VIOLATED)
_09987_/B                               0.750000    0.807891   -0.057891 (VIOLATED)
_09990_/B1                              0.750000    0.807891   -0.057891 (VIOLATED)
_09998_/A1                              0.750000    0.807891   -0.057891 (VIOLATED)
_09999_/A1                              0.750000    0.807891   -0.057891 (VIOLATED)
_10000_/A1                              0.750000    0.807891   -0.057891 (VIOLATED)
_10012_/B                               0.750000    0.807891   -0.057891 (VIOLATED)
_10016_/B1                              0.750000    0.807891   -0.057891 (VIOLATED)
_10017_/B1                              0.750000    0.807891   -0.057891 (VIOLATED)
_10021_/A                               0.750000    0.807891   -0.057891 (VIOLATED)
_10022_/A1                              0.750000    0.807891   -0.057891 (VIOLATED)
_10260_/B2                              0.750000    0.807891   -0.057891 (VIOLATED)
_10263_/A                               0.750000    0.807891   -0.057891 (VIOLATED)
_10266_/A1                              0.750000    0.807891   -0.057891 (VIOLATED)
_10269_/B1                              0.750000    0.807891   -0.057891 (VIOLATED)
_10280_/A1                              0.750000    0.807891   -0.057891 (VIOLATED)
_10281_/A1                              0.750000    0.807891   -0.057891 (VIOLATED)
_10284_/A                               0.750000    0.807891   -0.057891 (VIOLATED)
_10290_/C                               0.750000    0.807891   -0.057891 (VIOLATED)
_10295_/A1                              0.750000    0.807891   -0.057891 (VIOLATED)
_10526_/A1                              0.750000    0.807891   -0.057891 (VIOLATED)
_10528_/A                               0.750000    0.807891   -0.057891 (VIOLATED)
_10536_/A                               0.750000    0.807891   -0.057891 (VIOLATED)
_10538_/A1                              0.750000    0.807891   -0.057891 (VIOLATED)
_10540_/B2                              0.750000    0.807891   -0.057891 (VIOLATED)
_10751_/A                               0.750000    0.807891   -0.057891 (VIOLATED)
_10753_/A1                              0.750000    0.807891   -0.057891 (VIOLATED)
_10766_/A                               0.750000    0.807891   -0.057891 (VIOLATED)
_10771_/A                               0.750000    0.807891   -0.057891 (VIOLATED)
_10917_/A1                              0.750000    0.807891   -0.057891 (VIOLATED)
_10919_/A1                              0.750000    0.807891   -0.057891 (VIOLATED)
_10923_/A1                              0.750000    0.807891   -0.057891 (VIOLATED)
_11073_/B                               0.750000    0.807891   -0.057891 (VIOLATED)
_11082_/A2                              0.750000    0.807891   -0.057891 (VIOLATED)
_11085_/B1                              0.750000    0.807891   -0.057891 (VIOLATED)
_11090_/A2                              0.750000    0.807891   -0.057891 (VIOLATED)
_11094_/A1                              0.750000    0.807891   -0.057891 (VIOLATED)
_11224_/A1                              0.750000    0.807891   -0.057891 (VIOLATED)
_11226_/A1                              0.750000    0.807891   -0.057891 (VIOLATED)
_11233_/C1                              0.750000    0.807891   -0.057891 (VIOLATED)
_11236_/A1                              0.750000    0.807891   -0.057891 (VIOLATED)
_11239_/A                               0.750000    0.807891   -0.057891 (VIOLATED)
_11243_/A1                              0.750000    0.807891   -0.057891 (VIOLATED)
_11245_/B1                              0.750000    0.807891   -0.057891 (VIOLATED)
_17562_/A0                              0.750000    0.807891   -0.057891 (VIOLATED)
_18889_/Q                               0.750000    0.807891   -0.057891 (VIOLATED)
_18442_/A                               0.750000    0.797966   -0.047966 (VIOLATED)
_18443_/A1_N                            0.750000    0.797966   -0.047966 (VIOLATED)
_18445_/A1_N                            0.750000    0.797966   -0.047966 (VIOLATED)
_18447_/A1_N                            0.750000    0.797966   -0.047966 (VIOLATED)
_18449_/A1_N                            0.750000    0.797966   -0.047966 (VIOLATED)
_18451_/A1_N                            0.750000    0.797966   -0.047966 (VIOLATED)
_18453_/A1_N                            0.750000    0.797966   -0.047966 (VIOLATED)
_18455_/A1_N                            0.750000    0.797966   -0.047966 (VIOLATED)
_18457_/A1_N                            0.750000    0.797966   -0.047966 (VIOLATED)
_18459_/A1_N                            0.750000    0.797966   -0.047966 (VIOLATED)
_18461_/A1_N                            0.750000    0.797966   -0.047966 (VIOLATED)
_18463_/A1_N                            0.750000    0.797966   -0.047966 (VIOLATED)
_18465_/A1_N                            0.750000    0.797966   -0.047966 (VIOLATED)
_18467_/A1_N                            0.750000    0.797966   -0.047966 (VIOLATED)
_18469_/A1_N                            0.750000    0.797966   -0.047966 (VIOLATED)
_18471_/A1_N                            0.750000    0.797966   -0.047966 (VIOLATED)
_18473_/A1_N                            0.750000    0.797966   -0.047966 (VIOLATED)
_18475_/A1_N                            0.750000    0.797966   -0.047966 (VIOLATED)
_18477_/A1_N                            0.750000    0.797966   -0.047966 (VIOLATED)
_18479_/A1_N                            0.750000    0.797966   -0.047966 (VIOLATED)
_18481_/A1_N                            0.750000    0.797966   -0.047966 (VIOLATED)
_18483_/A1_N                            0.750000    0.797966   -0.047966 (VIOLATED)
_18485_/A1_N                            0.750000    0.797966   -0.047966 (VIOLATED)
_18487_/A1_N                            0.750000    0.797966   -0.047966 (VIOLATED)
_18489_/A1_N                            0.750000    0.797966   -0.047966 (VIOLATED)
_18491_/A1_N                            0.750000    0.797966   -0.047966 (VIOLATED)
_18493_/A1_N                            0.750000    0.797966   -0.047966 (VIOLATED)
_18495_/A1_N                            0.750000    0.797966   -0.047966 (VIOLATED)
_18497_/A1_N                            0.750000    0.797966   -0.047966 (VIOLATED)
_18499_/A1_N                            0.750000    0.797966   -0.047966 (VIOLATED)
_18501_/A1_N                            0.750000    0.797966   -0.047966 (VIOLATED)
_18503_/A1_N                            0.750000    0.797966   -0.047966 (VIOLATED)
_18505_/A1_N                            0.750000    0.797966   -0.047966 (VIOLATED)
_18507_/A1_N                            0.750000    0.797966   -0.047966 (VIOLATED)
_18509_/A1_N                            0.750000    0.797966   -0.047966 (VIOLATED)
_18511_/A1_N                            0.750000    0.797966   -0.047966 (VIOLATED)
_18513_/A1_N                            0.750000    0.797966   -0.047966 (VIOLATED)
_18515_/A1_N                            0.750000    0.797966   -0.047966 (VIOLATED)
_18517_/A1_N                            0.750000    0.797966   -0.047966 (VIOLATED)
_18519_/A1_N                            0.750000    0.797966   -0.047966 (VIOLATED)
_18521_/A1_N                            0.750000    0.797966   -0.047966 (VIOLATED)
_18523_/A1_N                            0.750000    0.797966   -0.047966 (VIOLATED)
_18525_/A1_N                            0.750000    0.797966   -0.047966 (VIOLATED)
_18527_/A1_N                            0.750000    0.797966   -0.047966 (VIOLATED)
_18529_/A1_N                            0.750000    0.797966   -0.047966 (VIOLATED)
_18531_/A1_N                            0.750000    0.797966   -0.047966 (VIOLATED)
_18533_/A1_N                            0.750000    0.797966   -0.047966 (VIOLATED)
_18535_/A1_N                            0.750000    0.797966   -0.047966 (VIOLATED)
_18537_/A1_N                            0.750000    0.797966   -0.047966 (VIOLATED)
_18539_/A1_N                            0.750000    0.797966   -0.047966 (VIOLATED)
_18541_/A1_N                            0.750000    0.797966   -0.047966 (VIOLATED)
_18543_/A1_N                            0.750000    0.797966   -0.047966 (VIOLATED)
_18545_/A1_N                            0.750000    0.797966   -0.047966 (VIOLATED)
_18547_/A1_N                            0.750000    0.797966   -0.047966 (VIOLATED)
_18549_/A1_N                            0.750000    0.797966   -0.047966 (VIOLATED)
_18551_/A1_N                            0.750000    0.797966   -0.047966 (VIOLATED)
_18553_/A1_N                            0.750000    0.797966   -0.047966 (VIOLATED)
_18555_/A1_N                            0.750000    0.797966   -0.047966 (VIOLATED)
_18557_/A1_N                            0.750000    0.797966   -0.047966 (VIOLATED)
_18559_/A1_N                            0.750000    0.797966   -0.047966 (VIOLATED)
_18561_/A1_N                            0.750000    0.797966   -0.047966 (VIOLATED)
_18563_/A1_N                            0.750000    0.797966   -0.047966 (VIOLATED)
_18565_/A1_N                            0.750000    0.797966   -0.047966 (VIOLATED)
_18567_/A1_N                            0.750000    0.797966   -0.047966 (VIOLATED)
_18569_/A1_N                            0.750000    0.797966   -0.047966 (VIOLATED)
_18571_/A1_N                            0.750000    0.797966   -0.047966 (VIOLATED)
_18573_/A1_N                            0.750000    0.797966   -0.047966 (VIOLATED)
_18575_/A1_N                            0.750000    0.797966   -0.047966 (VIOLATED)
_18577_/A1_N                            0.750000    0.797966   -0.047966 (VIOLATED)
_18579_/A1_N                            0.750000    0.797966   -0.047966 (VIOLATED)
_18581_/A1_N                            0.750000    0.797966   -0.047966 (VIOLATED)
_18583_/A1_N                            0.750000    0.797966   -0.047966 (VIOLATED)
_18585_/A1_N                            0.750000    0.797966   -0.047966 (VIOLATED)
_18587_/A1_N                            0.750000    0.797966   -0.047966 (VIOLATED)
_18589_/A1_N                            0.750000    0.797966   -0.047966 (VIOLATED)
_18591_/A1_N                            0.750000    0.797966   -0.047966 (VIOLATED)
_18593_/A1_N                            0.750000    0.797966   -0.047966 (VIOLATED)
_18595_/A1_N                            0.750000    0.797966   -0.047966 (VIOLATED)
_18597_/A1_N                            0.750000    0.797966   -0.047966 (VIOLATED)
_18599_/A1_N                            0.750000    0.797966   -0.047966 (VIOLATED)
_18601_/A1_N                            0.750000    0.797966   -0.047966 (VIOLATED)
_18603_/A1_N                            0.750000    0.797966   -0.047966 (VIOLATED)
_18605_/A1_N                            0.750000    0.797966   -0.047966 (VIOLATED)
_18607_/A1_N                            0.750000    0.797966   -0.047966 (VIOLATED)
_18609_/A1_N                            0.750000    0.797966   -0.047966 (VIOLATED)
_18611_/A1_N                            0.750000    0.797966   -0.047966 (VIOLATED)
_18613_/A1_N                            0.750000    0.797966   -0.047966 (VIOLATED)
_18615_/A1_N                            0.750000    0.797966   -0.047966 (VIOLATED)
_18617_/A1_N                            0.750000    0.797966   -0.047966 (VIOLATED)
_18619_/A1_N                            0.750000    0.797966   -0.047966 (VIOLATED)
_18621_/A1_N                            0.750000    0.797966   -0.047966 (VIOLATED)
_18623_/A1_N                            0.750000    0.797966   -0.047966 (VIOLATED)
_18625_/A1_N                            0.750000    0.797966   -0.047966 (VIOLATED)
_18627_/A1_N                            0.750000    0.797966   -0.047966 (VIOLATED)
_18629_/A1_N                            0.750000    0.797966   -0.047966 (VIOLATED)
_18631_/A1_N                            0.750000    0.797966   -0.047966 (VIOLATED)
_18633_/A1_N                            0.750000    0.797966   -0.047966 (VIOLATED)
_18635_/A1_N                            0.750000    0.797966   -0.047966 (VIOLATED)
_18637_/A1_N                            0.750000    0.797966   -0.047966 (VIOLATED)
_18639_/A1_N                            0.750000    0.797966   -0.047966 (VIOLATED)
_18641_/A1_N                            0.750000    0.797966   -0.047966 (VIOLATED)
_18643_/A1_N                            0.750000    0.797966   -0.047966 (VIOLATED)
_18645_/A1_N                            0.750000    0.797966   -0.047966 (VIOLATED)
_18647_/A1_N                            0.750000    0.797966   -0.047966 (VIOLATED)
_18649_/A1_N                            0.750000    0.797966   -0.047966 (VIOLATED)
_18651_/A1_N                            0.750000    0.797966   -0.047966 (VIOLATED)
_18653_/A1_N                            0.750000    0.797966   -0.047966 (VIOLATED)
_18655_/A1_N                            0.750000    0.797966   -0.047966 (VIOLATED)
_18657_/A1_N                            0.750000    0.797966   -0.047966 (VIOLATED)
_18659_/A1_N                            0.750000    0.797966   -0.047966 (VIOLATED)
_18661_/A1_N                            0.750000    0.797966   -0.047966 (VIOLATED)
_18663_/A1_N                            0.750000    0.797966   -0.047966 (VIOLATED)
_18665_/A1_N                            0.750000    0.797966   -0.047966 (VIOLATED)
_18667_/A1_N                            0.750000    0.797966   -0.047966 (VIOLATED)
_18669_/A1_N                            0.750000    0.797966   -0.047966 (VIOLATED)
_18671_/A1_N                            0.750000    0.797966   -0.047966 (VIOLATED)
_18673_/A1_N                            0.750000    0.797966   -0.047966 (VIOLATED)
_18675_/A1_N                            0.750000    0.797966   -0.047966 (VIOLATED)
_18677_/A1_N                            0.750000    0.797966   -0.047966 (VIOLATED)
_18679_/A1_N                            0.750000    0.797966   -0.047966 (VIOLATED)
_18681_/A1_N                            0.750000    0.797966   -0.047966 (VIOLATED)
_18683_/A1_N                            0.750000    0.797966   -0.047966 (VIOLATED)
_18685_/A1_N                            0.750000    0.797966   -0.047966 (VIOLATED)
_18687_/A1_N                            0.750000    0.797966   -0.047966 (VIOLATED)
_18689_/A1_N                            0.750000    0.797966   -0.047966 (VIOLATED)
_18691_/A1_N                            0.750000    0.797966   -0.047966 (VIOLATED)
_18693_/A1_N                            0.750000    0.797966   -0.047966 (VIOLATED)
_18695_/A1_N                            0.750000    0.797966   -0.047966 (VIOLATED)
_18697_/A1_N                            0.750000    0.797966   -0.047966 (VIOLATED)
_18724_/B1_N                            0.750000    0.797966   -0.047966 (VIOLATED)
_19531_/Q                               0.750000    0.797966   -0.047966 (VIOLATED)
_09362_/Y                               0.750000    0.777711   -0.027711 (VIOLATED)
_17475_/A                               0.750000    0.777711   -0.027711 (VIOLATED)
_17476_/A                               0.750000    0.777711   -0.027711 (VIOLATED)
_17874_/A                               0.750000    0.777711   -0.027711 (VIOLATED)
_17880_/A                               0.750000    0.777711   -0.027711 (VIOLATED)
_17882_/A                               0.750000    0.777711   -0.027711 (VIOLATED)
_17884_/A1                              0.750000    0.777711   -0.027711 (VIOLATED)
_17888_/A                               0.750000    0.777711   -0.027711 (VIOLATED)
_17896_/A                               0.750000    0.777711   -0.027711 (VIOLATED)
_17900_/A1                              0.750000    0.777711   -0.027711 (VIOLATED)
_17902_/A                               0.750000    0.777711   -0.027711 (VIOLATED)
_17908_/A                               0.750000    0.777711   -0.027711 (VIOLATED)
_17914_/A                               0.750000    0.777711   -0.027711 (VIOLATED)
_17926_/A                               0.750000    0.777711   -0.027711 (VIOLATED)
_17932_/A1                              0.750000    0.777711   -0.027711 (VIOLATED)
_17934_/A                               0.750000    0.777711   -0.027711 (VIOLATED)
_17936_/A                               0.750000    0.777711   -0.027711 (VIOLATED)
_17940_/A                               0.750000    0.777711   -0.027711 (VIOLATED)
_17942_/A                               0.750000    0.777711   -0.027711 (VIOLATED)
_17944_/A                               0.750000    0.777711   -0.027711 (VIOLATED)
_17951_/A                               0.750000    0.777711   -0.027711 (VIOLATED)
_17957_/A                               0.750000    0.777711   -0.027711 (VIOLATED)
_17959_/A                               0.750000    0.777711   -0.027711 (VIOLATED)
_17961_/A                               0.750000    0.777711   -0.027711 (VIOLATED)
_17968_/A                               0.750000    0.777711   -0.027711 (VIOLATED)
_17970_/A                               0.750000    0.777711   -0.027711 (VIOLATED)
_17974_/A                               0.750000    0.777711   -0.027711 (VIOLATED)
_17976_/A                               0.750000    0.777711   -0.027711 (VIOLATED)
_17984_/A                               0.750000    0.777711   -0.027711 (VIOLATED)
_17986_/A                               0.750000    0.777711   -0.027711 (VIOLATED)
_17988_/A                               0.750000    0.777711   -0.027711 (VIOLATED)
_17990_/A                               0.750000    0.777711   -0.027711 (VIOLATED)
_18008_/A                               0.750000    0.777711   -0.027711 (VIOLATED)
_18020_/A                               0.750000    0.777711   -0.027711 (VIOLATED)
_18022_/A                               0.750000    0.777711   -0.027711 (VIOLATED)
_18034_/A                               0.750000    0.777711   -0.027711 (VIOLATED)
_18048_/A                               0.750000    0.777711   -0.027711 (VIOLATED)
_18056_/A                               0.750000    0.777711   -0.027711 (VIOLATED)
_18062_/A                               0.750000    0.777711   -0.027711 (VIOLATED)
_18068_/A                               0.750000    0.777711   -0.027711 (VIOLATED)
_18078_/A                               0.750000    0.777711   -0.027711 (VIOLATED)
_18082_/A                               0.750000    0.777711   -0.027711 (VIOLATED)
_18084_/A                               0.750000    0.777711   -0.027711 (VIOLATED)
_18094_/A                               0.750000    0.777711   -0.027711 (VIOLATED)
_18100_/A                               0.750000    0.777711   -0.027711 (VIOLATED)
_18106_/A                               0.750000    0.777711   -0.027711 (VIOLATED)
_18108_/A                               0.750000    0.777711   -0.027711 (VIOLATED)
_18116_/A                               0.750000    0.777711   -0.027711 (VIOLATED)
_18126_/A                               0.750000    0.777711   -0.027711 (VIOLATED)
_18128_/A                               0.750000    0.777711   -0.027711 (VIOLATED)
_18130_/A                               0.750000    0.777711   -0.027711 (VIOLATED)
_18142_/A1                              0.750000    0.777711   -0.027711 (VIOLATED)
_18153_/A                               0.750000    0.777711   -0.027711 (VIOLATED)
_18301_/A                               0.750000    0.777711   -0.027711 (VIOLATED)
_09421_/A                               0.750000    0.774659   -0.024659 (VIOLATED)
_12712_/B                               0.750000    0.774659   -0.024659 (VIOLATED)
_12713_/B                               0.750000    0.774659   -0.024659 (VIOLATED)
_12744_/A                               0.750000    0.774659   -0.024659 (VIOLATED)
_12749_/A                               0.750000    0.774659   -0.024659 (VIOLATED)
_12753_/A1                              0.750000    0.774659   -0.024659 (VIOLATED)
_12772_/B1                              0.750000    0.774659   -0.024659 (VIOLATED)
_12778_/B1                              0.750000    0.774659   -0.024659 (VIOLATED)
_12789_/A1                              0.750000    0.774659   -0.024659 (VIOLATED)
_12797_/C1                              0.750000    0.774659   -0.024659 (VIOLATED)
_12802_/B                               0.750000    0.774659   -0.024659 (VIOLATED)
_12804_/A                               0.750000    0.774659   -0.024659 (VIOLATED)
_12813_/A1                              0.750000    0.774659   -0.024659 (VIOLATED)
_12815_/B1                              0.750000    0.774659   -0.024659 (VIOLATED)
_12817_/A1                              0.750000    0.774659   -0.024659 (VIOLATED)
_12824_/A1                              0.750000    0.774659   -0.024659 (VIOLATED)
_12826_/B1                              0.750000    0.774659   -0.024659 (VIOLATED)
_12834_/C1                              0.750000    0.774659   -0.024659 (VIOLATED)
_13219_/A                               0.750000    0.774659   -0.024659 (VIOLATED)
_13221_/A1                              0.750000    0.774659   -0.024659 (VIOLATED)
_13224_/B1                              0.750000    0.774659   -0.024659 (VIOLATED)
_13226_/A1                              0.750000    0.774659   -0.024659 (VIOLATED)
_13230_/A                               0.750000    0.774659   -0.024659 (VIOLATED)
_13236_/A1                              0.750000    0.774659   -0.024659 (VIOLATED)
_13238_/B1                              0.750000    0.774659   -0.024659 (VIOLATED)
_13243_/B1                              0.750000    0.774659   -0.024659 (VIOLATED)
_13254_/A                               0.750000    0.774659   -0.024659 (VIOLATED)
_13256_/A1                              0.750000    0.774659   -0.024659 (VIOLATED)
_13390_/A1                              0.750000    0.774659   -0.024659 (VIOLATED)
_13393_/C1                              0.750000    0.774659   -0.024659 (VIOLATED)
_13398_/A1                              0.750000    0.774659   -0.024659 (VIOLATED)
_13401_/D1                              0.750000    0.774659   -0.024659 (VIOLATED)
_13405_/B1                              0.750000    0.774659   -0.024659 (VIOLATED)
_13406_/C1                              0.750000    0.774659   -0.024659 (VIOLATED)
_13411_/A                               0.750000    0.774659   -0.024659 (VIOLATED)
_13412_/A                               0.750000    0.774659   -0.024659 (VIOLATED)
_13413_/C1                              0.750000    0.774659   -0.024659 (VIOLATED)
_13415_/A1                              0.750000    0.774659   -0.024659 (VIOLATED)
_13538_/C1                              0.750000    0.774659   -0.024659 (VIOLATED)
_13544_/A1                              0.750000    0.774659   -0.024659 (VIOLATED)
_13546_/C1                              0.750000    0.774659   -0.024659 (VIOLATED)
_13547_/A1                              0.750000    0.774659   -0.024659 (VIOLATED)
_13548_/C1                              0.750000    0.774659   -0.024659 (VIOLATED)
_13550_/A2                              0.750000    0.774659   -0.024659 (VIOLATED)
_13553_/A                               0.750000    0.774659   -0.024659 (VIOLATED)
_13556_/B                               0.750000    0.774659   -0.024659 (VIOLATED)
_13560_/B1                              0.750000    0.774659   -0.024659 (VIOLATED)
_13561_/B                               0.750000    0.774659   -0.024659 (VIOLATED)
_13564_/B1                              0.750000    0.774659   -0.024659 (VIOLATED)
_13768_/C1                              0.750000    0.774659   -0.024659 (VIOLATED)
_13772_/B2                              0.750000    0.774659   -0.024659 (VIOLATED)
_13774_/B1                              0.750000    0.774659   -0.024659 (VIOLATED)
_13777_/B1                              0.750000    0.774659   -0.024659 (VIOLATED)
_13783_/C1                              0.750000    0.774659   -0.024659 (VIOLATED)
_13789_/B1                              0.750000    0.774659   -0.024659 (VIOLATED)
_13791_/C1                              0.750000    0.774659   -0.024659 (VIOLATED)
_13799_/A1_N                            0.750000    0.774659   -0.024659 (VIOLATED)
_13805_/C1                              0.750000    0.774659   -0.024659 (VIOLATED)
_13808_/A1                              0.750000    0.774659   -0.024659 (VIOLATED)
_13814_/S1                              0.750000    0.774659   -0.024659 (VIOLATED)
_13816_/C1                              0.750000    0.774659   -0.024659 (VIOLATED)
_13820_/B1                              0.750000    0.774659   -0.024659 (VIOLATED)
_13920_/A                               0.750000    0.774659   -0.024659 (VIOLATED)
_13924_/C1                              0.750000    0.774659   -0.024659 (VIOLATED)
_13927_/B1                              0.750000    0.774659   -0.024659 (VIOLATED)
_13929_/A1                              0.750000    0.774659   -0.024659 (VIOLATED)
_13930_/A                               0.750000    0.774659   -0.024659 (VIOLATED)
_13931_/B                               0.750000    0.774659   -0.024659 (VIOLATED)
_13937_/B1                              0.750000    0.774659   -0.024659 (VIOLATED)
_13939_/A1                              0.750000    0.774659   -0.024659 (VIOLATED)
_13941_/A1                              0.750000    0.774659   -0.024659 (VIOLATED)
_13944_/C1                              0.750000    0.774659   -0.024659 (VIOLATED)
_17685_/A0                              0.750000    0.774659   -0.024659 (VIOLATED)
_18930_/Q                               0.750000    0.774659   -0.024659 (VIOLATED)
_09382_/A                               0.750000    0.770866   -0.020866 (VIOLATED)
_09781_/B                               0.750000    0.770866   -0.020866 (VIOLATED)
_09782_/B                               0.750000    0.770866   -0.020866 (VIOLATED)
_09783_/B                               0.750000    0.770866   -0.020866 (VIOLATED)
_09785_/B1                              0.750000    0.770866   -0.020866 (VIOLATED)
_09793_/B                               0.750000    0.770866   -0.020866 (VIOLATED)
_09794_/A                               0.750000    0.770866   -0.020866 (VIOLATED)
_09798_/A_N                             0.750000    0.770866   -0.020866 (VIOLATED)
_09799_/A                               0.750000    0.770866   -0.020866 (VIOLATED)
_09801_/B                               0.750000    0.770866   -0.020866 (VIOLATED)
_09813_/A                               0.750000    0.770866   -0.020866 (VIOLATED)
_09818_/A1                              0.750000    0.770866   -0.020866 (VIOLATED)
_09822_/B                               0.750000    0.770866   -0.020866 (VIOLATED)
_09823_/B1                              0.750000    0.770866   -0.020866 (VIOLATED)
_09824_/B1                              0.750000    0.770866   -0.020866 (VIOLATED)
_09827_/A                               0.750000    0.770866   -0.020866 (VIOLATED)
_09831_/B1                              0.750000    0.770866   -0.020866 (VIOLATED)
_09833_/B                               0.750000    0.770866   -0.020866 (VIOLATED)
_09834_/B                               0.750000    0.770866   -0.020866 (VIOLATED)
_09839_/A1                              0.750000    0.770866   -0.020866 (VIOLATED)
_09840_/B1_N                            0.750000    0.770866   -0.020866 (VIOLATED)
_09842_/A                               0.750000    0.770866   -0.020866 (VIOLATED)
_09847_/B                               0.750000    0.770866   -0.020866 (VIOLATED)
_09849_/A_N                             0.750000    0.770866   -0.020866 (VIOLATED)
_09850_/A_N                             0.750000    0.770866   -0.020866 (VIOLATED)
_09854_/B                               0.750000    0.770866   -0.020866 (VIOLATED)
_09858_/A                               0.750000    0.770866   -0.020866 (VIOLATED)
_09860_/B1                              0.750000    0.770866   -0.020866 (VIOLATED)
_09861_/B1                              0.750000    0.770866   -0.020866 (VIOLATED)
_09864_/A                               0.750000    0.770866   -0.020866 (VIOLATED)
_10341_/B                               0.750000    0.770866   -0.020866 (VIOLATED)
_10342_/B                               0.750000    0.770866   -0.020866 (VIOLATED)
_10345_/A1                              0.750000    0.770866   -0.020866 (VIOLATED)
_10346_/B2                              0.750000    0.770866   -0.020866 (VIOLATED)
_10353_/B1                              0.750000    0.770866   -0.020866 (VIOLATED)
_10358_/B1                              0.750000    0.770866   -0.020866 (VIOLATED)
_10364_/B                               0.750000    0.770866   -0.020866 (VIOLATED)
_10371_/B1_N                            0.750000    0.770866   -0.020866 (VIOLATED)
_10372_/A1                              0.750000    0.770866   -0.020866 (VIOLATED)
_10380_/A1                              0.750000    0.770866   -0.020866 (VIOLATED)
_10561_/B                               0.750000    0.770866   -0.020866 (VIOLATED)
_10564_/C                               0.750000    0.770866   -0.020866 (VIOLATED)
_10571_/B1_N                            0.750000    0.770866   -0.020866 (VIOLATED)
_10576_/A1                              0.750000    0.770866   -0.020866 (VIOLATED)
_10580_/A1                              0.750000    0.770866   -0.020866 (VIOLATED)
_10581_/C1                              0.750000    0.770866   -0.020866 (VIOLATED)
_10583_/B                               0.750000    0.770866   -0.020866 (VIOLATED)
_10589_/A1                              0.750000    0.770866   -0.020866 (VIOLATED)
_10594_/A1                              0.750000    0.770866   -0.020866 (VIOLATED)
_10790_/A1                              0.750000    0.770866   -0.020866 (VIOLATED)
_10791_/A2                              0.750000    0.770866   -0.020866 (VIOLATED)
_10794_/A1                              0.750000    0.770866   -0.020866 (VIOLATED)
_10797_/C1                              0.750000    0.770866   -0.020866 (VIOLATED)
_10803_/A2                              0.750000    0.770866   -0.020866 (VIOLATED)
_10804_/B2                              0.750000    0.770866   -0.020866 (VIOLATED)
_10889_/A                               0.750000    0.770866   -0.020866 (VIOLATED)
_10890_/B1                              0.750000    0.770866   -0.020866 (VIOLATED)
_10898_/A1                              0.750000    0.770866   -0.020866 (VIOLATED)
_10899_/A1                              0.750000    0.770866   -0.020866 (VIOLATED)
_11040_/B2                              0.750000    0.770866   -0.020866 (VIOLATED)
_11041_/A                               0.750000    0.770866   -0.020866 (VIOLATED)
_11044_/A1                              0.750000    0.770866   -0.020866 (VIOLATED)
_11056_/A2                              0.750000    0.770866   -0.020866 (VIOLATED)
_11213_/A1                              0.750000    0.770866   -0.020866 (VIOLATED)
_11214_/A1                              0.750000    0.770866   -0.020866 (VIOLATED)
_11218_/B2                              0.750000    0.770866   -0.020866 (VIOLATED)
_11315_/B2                              0.750000    0.770866   -0.020866 (VIOLATED)
_11320_/A1                              0.750000    0.770866   -0.020866 (VIOLATED)
_11329_/A1                              0.750000    0.770866   -0.020866 (VIOLATED)
_11330_/A1                              0.750000    0.770866   -0.020866 (VIOLATED)
_11335_/A1                              0.750000    0.770866   -0.020866 (VIOLATED)
_17836_/A1                              0.750000    0.770866   -0.020866 (VIOLATED)
_18977_/Q                               0.750000    0.770866   -0.020866 (VIOLATED)
_09367_/A                               0.750000    0.762786   -0.012786 (VIOLATED)
_09637_/B                               0.750000    0.762786   -0.012786 (VIOLATED)
_09638_/A                               0.750000    0.762786   -0.012786 (VIOLATED)
_09639_/A                               0.750000    0.762786   -0.012786 (VIOLATED)
_09640_/B1_N                            0.750000    0.762786   -0.012786 (VIOLATED)
_09642_/B1                              0.750000    0.762786   -0.012786 (VIOLATED)
_09653_/A                               0.750000    0.762786   -0.012786 (VIOLATED)
_09657_/A                               0.750000    0.762786   -0.012786 (VIOLATED)
_09663_/B1_N                            0.750000    0.762786   -0.012786 (VIOLATED)
_09667_/B                               0.750000    0.762786   -0.012786 (VIOLATED)
_09673_/B1                              0.750000    0.762786   -0.012786 (VIOLATED)
_09679_/A                               0.750000    0.762786   -0.012786 (VIOLATED)
_09681_/A                               0.750000    0.762786   -0.012786 (VIOLATED)
_09685_/A                               0.750000    0.762786   -0.012786 (VIOLATED)
_09689_/A1                              0.750000    0.762786   -0.012786 (VIOLATED)
_09691_/B                               0.750000    0.762786   -0.012786 (VIOLATED)
_09693_/A                               0.750000    0.762786   -0.012786 (VIOLATED)
_09699_/A                               0.750000    0.762786   -0.012786 (VIOLATED)
_09700_/B1                              0.750000    0.762786   -0.012786 (VIOLATED)
_09701_/A1                              0.750000    0.762786   -0.012786 (VIOLATED)
_09702_/A                               0.750000    0.762786   -0.012786 (VIOLATED)
_09705_/A_N                             0.750000    0.762786   -0.012786 (VIOLATED)
_09711_/A                               0.750000    0.762786   -0.012786 (VIOLATED)
_09714_/A1                              0.750000    0.762786   -0.012786 (VIOLATED)
_09717_/A                               0.750000    0.762786   -0.012786 (VIOLATED)
_09720_/B1                              0.750000    0.762786   -0.012786 (VIOLATED)
_09721_/A                               0.750000    0.762786   -0.012786 (VIOLATED)
_09731_/B1                              0.750000    0.762786   -0.012786 (VIOLATED)
_09734_/A1                              0.750000    0.762786   -0.012786 (VIOLATED)
_09735_/A                               0.750000    0.762786   -0.012786 (VIOLATED)
_09738_/C                               0.750000    0.762786   -0.012786 (VIOLATED)
_09747_/B1                              0.750000    0.762786   -0.012786 (VIOLATED)
_09748_/A                               0.750000    0.762786   -0.012786 (VIOLATED)
_09757_/A                               0.750000    0.762786   -0.012786 (VIOLATED)
_09760_/A1                              0.750000    0.762786   -0.012786 (VIOLATED)
_09761_/B1                              0.750000    0.762786   -0.012786 (VIOLATED)
_09767_/A1                              0.750000    0.762786   -0.012786 (VIOLATED)
_09768_/A                               0.750000    0.762786   -0.012786 (VIOLATED)
_10397_/A1                              0.750000    0.762786   -0.012786 (VIOLATED)
_10401_/A1                              0.750000    0.762786   -0.012786 (VIOLATED)
_10402_/A                               0.750000    0.762786   -0.012786 (VIOLATED)
_10407_/A1                              0.750000    0.762786   -0.012786 (VIOLATED)
_10413_/A1                              0.750000    0.762786   -0.012786 (VIOLATED)
_10497_/A1                              0.750000    0.762786   -0.012786 (VIOLATED)
_10503_/A1                              0.750000    0.762786   -0.012786 (VIOLATED)
_10514_/A1                              0.750000    0.762786   -0.012786 (VIOLATED)
_10688_/A1                              0.750000    0.762786   -0.012786 (VIOLATED)
_10691_/B1                              0.750000    0.762786   -0.012786 (VIOLATED)
_10696_/A1                              0.750000    0.762786   -0.012786 (VIOLATED)
_10698_/A1                              0.750000    0.762786   -0.012786 (VIOLATED)
_10703_/B2                              0.750000    0.762786   -0.012786 (VIOLATED)
_10710_/A1                              0.750000    0.762786   -0.012786 (VIOLATED)
_10711_/A1                              0.750000    0.762786   -0.012786 (VIOLATED)
_10856_/B2                              0.750000    0.762786   -0.012786 (VIOLATED)
_10859_/A1                              0.750000    0.762786   -0.012786 (VIOLATED)
_10867_/A                               0.750000    0.762786   -0.012786 (VIOLATED)
_11016_/B2                              0.750000    0.762786   -0.012786 (VIOLATED)
_11021_/A1                              0.750000    0.762786   -0.012786 (VIOLATED)
_11024_/A                               0.750000    0.762786   -0.012786 (VIOLATED)
_11026_/A                               0.750000    0.762786   -0.012786 (VIOLATED)
_11027_/A1                              0.750000    0.762786   -0.012786 (VIOLATED)
_11034_/A1                              0.750000    0.762786   -0.012786 (VIOLATED)
_11169_/A1                              0.750000    0.762786   -0.012786 (VIOLATED)
_11170_/A1                              0.750000    0.762786   -0.012786 (VIOLATED)
_11178_/A1                              0.750000    0.762786   -0.012786 (VIOLATED)
_11183_/A                               0.750000    0.762786   -0.012786 (VIOLATED)
_11187_/B1                              0.750000    0.762786   -0.012786 (VIOLATED)
_11188_/A1                              0.750000    0.762786   -0.012786 (VIOLATED)
_11192_/A1                              0.750000    0.762786   -0.012786 (VIOLATED)
_17586_/A0                              0.750000    0.762786   -0.012786 (VIOLATED)
_18897_/Q                               0.750000    0.762786   -0.012786 (VIOLATED)
_09438_/A                               0.750000    0.758436   -0.008436 (VIOLATED)
_12959_/B                               0.750000    0.758436   -0.008436 (VIOLATED)
_12979_/B1_N                            0.750000    0.758436   -0.008436 (VIOLATED)
_12980_/A1                              0.750000    0.758436   -0.008436 (VIOLATED)
_12981_/A_N                             0.750000    0.758436   -0.008436 (VIOLATED)
_12982_/A_N                             0.750000    0.758436   -0.008436 (VIOLATED)
_12992_/A                               0.750000    0.758436   -0.008436 (VIOLATED)
_12995_/C1                              0.750000    0.758436   -0.008436 (VIOLATED)
_12996_/A                               0.750000    0.758436   -0.008436 (VIOLATED)
_13006_/A                               0.750000    0.758436   -0.008436 (VIOLATED)
_13007_/A                               0.750000    0.758436   -0.008436 (VIOLATED)
_13009_/A                               0.750000    0.758436   -0.008436 (VIOLATED)
_13010_/A1                              0.750000    0.758436   -0.008436 (VIOLATED)
_13013_/A                               0.750000    0.758436   -0.008436 (VIOLATED)
_13014_/A                               0.750000    0.758436   -0.008436 (VIOLATED)
_13016_/A                               0.750000    0.758436   -0.008436 (VIOLATED)
_13017_/A1                              0.750000    0.758436   -0.008436 (VIOLATED)
_13025_/B1                              0.750000    0.758436   -0.008436 (VIOLATED)
_13026_/B1                              0.750000    0.758436   -0.008436 (VIOLATED)
_13028_/A1                              0.750000    0.758436   -0.008436 (VIOLATED)
_13031_/B1_N                            0.750000    0.758436   -0.008436 (VIOLATED)
_13033_/C1                              0.750000    0.758436   -0.008436 (VIOLATED)
_13038_/A                               0.750000    0.758436   -0.008436 (VIOLATED)
_13042_/A                               0.750000    0.758436   -0.008436 (VIOLATED)
_13044_/A                               0.750000    0.758436   -0.008436 (VIOLATED)
_13334_/B                               0.750000    0.758436   -0.008436 (VIOLATED)
_13337_/A1                              0.750000    0.758436   -0.008436 (VIOLATED)
_13343_/B1_N                            0.750000    0.758436   -0.008436 (VIOLATED)
_13345_/B                               0.750000    0.758436   -0.008436 (VIOLATED)
_13349_/A                               0.750000    0.758436   -0.008436 (VIOLATED)
_13354_/A0                              0.750000    0.758436   -0.008436 (VIOLATED)
_13360_/A                               0.750000    0.758436   -0.008436 (VIOLATED)
_13364_/A                               0.750000    0.758436   -0.008436 (VIOLATED)
_13376_/A                               0.750000    0.758436   -0.008436 (VIOLATED)
_13377_/A                               0.750000    0.758436   -0.008436 (VIOLATED)
_13378_/B2                              0.750000    0.758436   -0.008436 (VIOLATED)
_13379_/A                               0.750000    0.758436   -0.008436 (VIOLATED)
_13500_/B1                              0.750000    0.758436   -0.008436 (VIOLATED)
_13512_/A                               0.750000    0.758436   -0.008436 (VIOLATED)
_13513_/A1                              0.750000    0.758436   -0.008436 (VIOLATED)
_13515_/A1                              0.750000    0.758436   -0.008436 (VIOLATED)
_13516_/B1                              0.750000    0.758436   -0.008436 (VIOLATED)
_13517_/A1                              0.750000    0.758436   -0.008436 (VIOLATED)
_13522_/A1                              0.750000    0.758436   -0.008436 (VIOLATED)
_13523_/A1                              0.750000    0.758436   -0.008436 (VIOLATED)
_13525_/A1                              0.750000    0.758436   -0.008436 (VIOLATED)
_13526_/A1                              0.750000    0.758436   -0.008436 (VIOLATED)
_13569_/A1                              0.750000    0.758436   -0.008436 (VIOLATED)
_13576_/A1                              0.750000    0.758436   -0.008436 (VIOLATED)
_13578_/A1                              0.750000    0.758436   -0.008436 (VIOLATED)
_13583_/A1                              0.750000    0.758436   -0.008436 (VIOLATED)
_13587_/A                               0.750000    0.758436   -0.008436 (VIOLATED)
_13589_/A1                              0.750000    0.758436   -0.008436 (VIOLATED)
_13598_/A1                              0.750000    0.758436   -0.008436 (VIOLATED)
_13740_/C                               0.750000    0.758436   -0.008436 (VIOLATED)
_13742_/A                               0.750000    0.758436   -0.008436 (VIOLATED)
_13748_/A1                              0.750000    0.758436   -0.008436 (VIOLATED)
_13888_/A1                              0.750000    0.758436   -0.008436 (VIOLATED)
_13895_/A                               0.750000    0.758436   -0.008436 (VIOLATED)
_13901_/A1                              0.750000    0.758436   -0.008436 (VIOLATED)
_13908_/A1                              0.750000    0.758436   -0.008436 (VIOLATED)
_13909_/A                               0.750000    0.758436   -0.008436 (VIOLATED)
_13982_/A1                              0.750000    0.758436   -0.008436 (VIOLATED)
_13985_/A1                              0.750000    0.758436   -0.008436 (VIOLATED)
_13988_/B2                              0.750000    0.758436   -0.008436 (VIOLATED)
_13989_/A1                              0.750000    0.758436   -0.008436 (VIOLATED)
_13991_/A1                              0.750000    0.758436   -0.008436 (VIOLATED)
_13998_/A1                              0.750000    0.758436   -0.008436 (VIOLATED)
_14047_/A1                              0.750000    0.758436   -0.008436 (VIOLATED)
_14064_/B2                              0.750000    0.758436   -0.008436 (VIOLATED)
_14066_/B2                              0.750000    0.758436   -0.008436 (VIOLATED)
_14069_/A1                              0.750000    0.758436   -0.008436 (VIOLATED)
_14071_/S                               0.750000    0.758436   -0.008436 (VIOLATED)
_17811_/A1                              0.750000    0.758436   -0.008436 (VIOLATED)
_18969_/Q                               0.750000    0.758436   -0.008436 (VIOLATED)
_09402_/A                               0.750000    0.752822   -0.002822 (VIOLATED)
_11845_/A_N                             0.750000    0.752822   -0.002822 (VIOLATED)
_11847_/A                               0.750000    0.752822   -0.002822 (VIOLATED)
_11849_/A                               0.750000    0.752822   -0.002822 (VIOLATED)
_11850_/A                               0.750000    0.752822   -0.002822 (VIOLATED)
_11855_/A                               0.750000    0.752822   -0.002822 (VIOLATED)
_11856_/A                               0.750000    0.752822   -0.002822 (VIOLATED)
_11874_/B1_N                            0.750000    0.752822   -0.002822 (VIOLATED)
_11875_/A                               0.750000    0.752822   -0.002822 (VIOLATED)
_11888_/B1_N                            0.750000    0.752822   -0.002822 (VIOLATED)
_11890_/B                               0.750000    0.752822   -0.002822 (VIOLATED)
_11891_/B                               0.750000    0.752822   -0.002822 (VIOLATED)
_11892_/A                               0.750000    0.752822   -0.002822 (VIOLATED)
_11893_/A                               0.750000    0.752822   -0.002822 (VIOLATED)
_11901_/B                               0.750000    0.752822   -0.002822 (VIOLATED)
_11903_/A                               0.750000    0.752822   -0.002822 (VIOLATED)
_11904_/B                               0.750000    0.752822   -0.002822 (VIOLATED)
_11908_/A1                              0.750000    0.752822   -0.002822 (VIOLATED)
_11914_/A1                              0.750000    0.752822   -0.002822 (VIOLATED)
_11915_/A1                              0.750000    0.752822   -0.002822 (VIOLATED)
_11918_/A                               0.750000    0.752822   -0.002822 (VIOLATED)
_11921_/A                               0.750000    0.752822   -0.002822 (VIOLATED)
_11923_/A                               0.750000    0.752822   -0.002822 (VIOLATED)
_11926_/B                               0.750000    0.752822   -0.002822 (VIOLATED)
_11927_/B1_N                            0.750000    0.752822   -0.002822 (VIOLATED)
_11931_/B1                              0.750000    0.752822   -0.002822 (VIOLATED)
_11932_/B1                              0.750000    0.752822   -0.002822 (VIOLATED)
_11937_/B                               0.750000    0.752822   -0.002822 (VIOLATED)
_11938_/B                               0.750000    0.752822   -0.002822 (VIOLATED)
_11958_/B                               0.750000    0.752822   -0.002822 (VIOLATED)
_11959_/B                               0.750000    0.752822   -0.002822 (VIOLATED)
_11961_/A2                              0.750000    0.752822   -0.002822 (VIOLATED)
_11966_/A1                              0.750000    0.752822   -0.002822 (VIOLATED)
_11969_/A1                              0.750000    0.752822   -0.002822 (VIOLATED)
_11972_/B1                              0.750000    0.752822   -0.002822 (VIOLATED)
_11983_/A1                              0.750000    0.752822   -0.002822 (VIOLATED)
_11984_/A                               0.750000    0.752822   -0.002822 (VIOLATED)
_11994_/A                               0.750000    0.752822   -0.002822 (VIOLATED)
_12017_/A                               0.750000    0.752822   -0.002822 (VIOLATED)
_12018_/A1                              0.750000    0.752822   -0.002822 (VIOLATED)
_12021_/A                               0.750000    0.752822   -0.002822 (VIOLATED)
_12024_/A1                              0.750000    0.752822   -0.002822 (VIOLATED)
_12025_/A2                              0.750000    0.752822   -0.002822 (VIOLATED)
_12032_/B1                              0.750000    0.752822   -0.002822 (VIOLATED)
_12034_/A1_N                            0.750000    0.752822   -0.002822 (VIOLATED)
_12045_/A                               0.750000    0.752822   -0.002822 (VIOLATED)
_12064_/A1                              0.750000    0.752822   -0.002822 (VIOLATED)
_12066_/B1                              0.750000    0.752822   -0.002822 (VIOLATED)
_12070_/C1                              0.750000    0.752822   -0.002822 (VIOLATED)
_12079_/A1                              0.750000    0.752822   -0.002822 (VIOLATED)
_12082_/A                               0.750000    0.752822   -0.002822 (VIOLATED)
_12089_/A1                              0.750000    0.752822   -0.002822 (VIOLATED)
_12105_/A1                              0.750000    0.752822   -0.002822 (VIOLATED)
_12119_/A1                              0.750000    0.752822   -0.002822 (VIOLATED)
_12120_/A1                              0.750000    0.752822   -0.002822 (VIOLATED)
_12129_/A1                              0.750000    0.752822   -0.002822 (VIOLATED)
_12130_/A1                              0.750000    0.752822   -0.002822 (VIOLATED)
_12145_/A1                              0.750000    0.752822   -0.002822 (VIOLATED)
_12148_/A2                              0.750000    0.752822   -0.002822 (VIOLATED)
_12149_/A1_N                            0.750000    0.752822   -0.002822 (VIOLATED)
_12153_/A1                              0.750000    0.752822   -0.002822 (VIOLATED)
_12155_/A1                              0.750000    0.752822   -0.002822 (VIOLATED)
_12159_/A1                              0.750000    0.752822   -0.002822 (VIOLATED)
_12160_/A1                              0.750000    0.752822   -0.002822 (VIOLATED)
_12164_/B                               0.750000    0.752822   -0.002822 (VIOLATED)
_12184_/A1                              0.750000    0.752822   -0.002822 (VIOLATED)
_12186_/A                               0.750000    0.752822   -0.002822 (VIOLATED)
_12188_/A1                              0.750000    0.752822   -0.002822 (VIOLATED)
_12191_/A1                              0.750000    0.752822   -0.002822 (VIOLATED)
_12198_/A1                              0.750000    0.752822   -0.002822 (VIOLATED)
_12200_/B2                              0.750000    0.752822   -0.002822 (VIOLATED)
_12226_/A1                              0.750000    0.752822   -0.002822 (VIOLATED)
_12244_/A1                              0.750000    0.752822   -0.002822 (VIOLATED)
_17897_/A1                              0.750000    0.752822   -0.002822 (VIOLATED)
_19001_/Q                               0.750000    0.752822   -0.002822 (VIOLATED)

max fanout

Pin                                   Limit Fanout  Slack
---------------------------------------------------------
rst_n                                    10    401   -391 (VIOLATED)
_09509_/X                                10    398   -388 (VIOLATED)
_17475_/X                                10    248   -238 (VIOLATED)
_09511_/X                                10    155   -145 (VIOLATED)
_09498_/Y                                10    154   -144 (VIOLATED)
_09501_/X                                10    131   -121 (VIOLATED)
_09503_/Y                                10    131   -121 (VIOLATED)
_19531_/Q                                10    130   -120 (VIOLATED)
_18442_/X                                10    129   -119 (VIOLATED)
_09499_/X                                10    126   -116 (VIOLATED)
_18155_/Y                                10    122   -112 (VIOLATED)
_18303_/Y                                10    120   -110 (VIOLATED)
_19530_/Q                                10    114   -104 (VIOLATED)
_18172_/Y                                10    112   -102 (VIOLATED)
_18312_/Y                                10    112   -102 (VIOLATED)
_18954_/Q                                10     86    -76 (VIOLATED)
_18953_/Q                                10     82    -72 (VIOLATED)
_19017_/Q                                10     82    -72 (VIOLATED)
_18866_/Q                                10     77    -67 (VIOLATED)
_18889_/Q                                10     77    -67 (VIOLATED)
_18986_/Q                                10     77    -67 (VIOLATED)
_19002_/Q                                10     77    -67 (VIOLATED)
_19009_/Q                                10     77    -67 (VIOLATED)
_18905_/Q                                10     75    -65 (VIOLATED)
_18969_/Q                                10     74    -64 (VIOLATED)
_19001_/Q                                10     74    -64 (VIOLATED)
_18930_/Q                                10     73    -63 (VIOLATED)
_18937_/Q                                10     72    -62 (VIOLATED)
_18962_/Q                                10     72    -62 (VIOLATED)
_18977_/Q                                10     72    -62 (VIOLATED)
_18978_/Q                                10     72    -62 (VIOLATED)
_18985_/Q                                10     71    -61 (VIOLATED)
_19010_/Q                                10     71    -61 (VIOLATED)
_18865_/Q                                10     70    -60 (VIOLATED)
_18897_/Q                                10     70    -60 (VIOLATED)
_18882_/Q                                10     69    -59 (VIOLATED)
_18898_/Q                                10     69    -59 (VIOLATED)
_18921_/Q                                10     69    -59 (VIOLATED)
_18946_/Q                                10     68    -58 (VIOLATED)
_18873_/Q                                10     67    -57 (VIOLATED)
_18906_/Q                                10     67    -57 (VIOLATED)
_18913_/Q                                10     67    -57 (VIOLATED)
_18922_/Q                                10     67    -57 (VIOLATED)
_18890_/Q                                10     66    -56 (VIOLATED)
_18914_/Q                                10     66    -56 (VIOLATED)
_18938_/Q                                10     66    -56 (VIOLATED)
_18994_/Q                                10     66    -56 (VIOLATED)
_19018_/Q                                10     66    -56 (VIOLATED)
_18993_/Q                                10     65    -55 (VIOLATED)
_18961_/Q                                10     64    -54 (VIOLATED)
_18874_/Q                                10     63    -53 (VIOLATED)
_18881_/Q                                10     59    -49 (VIOLATED)
_18970_/Q                                10     58    -48 (VIOLATED)
_18945_/Q                                10     57    -47 (VIOLATED)
_18952_/Q                                10     57    -47 (VIOLATED)
_18929_/Q                                10     56    -46 (VIOLATED)
_18984_/Q                                10     56    -46 (VIOLATED)
_09362_/Y                                10     53    -43 (VIOLATED)
_18896_/Q                                10     53    -43 (VIOLATED)
_19016_/Q                                10     52    -42 (VIOLATED)
_18864_/Q                                10     49    -39 (VIOLATED)
_18912_/Q                                10     49    -39 (VIOLATED)
_18992_/Q                                10     49    -39 (VIOLATED)
_18886_/Q                                10     48    -38 (VIOLATED)
_18888_/Q                                10     48    -38 (VIOLATED)
_19000_/Q                                10     48    -38 (VIOLATED)
_19015_/Q                                10     48    -38 (VIOLATED)
_18920_/Q                                10     47    -37 (VIOLATED)
_18950_/Q                                10     47    -37 (VIOLATED)
_18959_/Q                                10     47    -37 (VIOLATED)
_19008_/Q                                10     47    -37 (VIOLATED)
_18862_/Q                                10     46    -36 (VIOLATED)
_18910_/Q                                10     46    -36 (VIOLATED)
_18958_/Q                                10     46    -36 (VIOLATED)
_18960_/Q                                10     46    -36 (VIOLATED)
_18968_/Q                                10     46    -36 (VIOLATED)
_18976_/Q                                10     46    -36 (VIOLATED)
_09397_/Y                                10     45    -35 (VIOLATED)
_18863_/Q                                10     45    -35 (VIOLATED)
_18887_/Q                                10     45    -35 (VIOLATED)
_18895_/Q                                10     45    -35 (VIOLATED)
_18928_/Q                                10     45    -35 (VIOLATED)
_18944_/Q                                10     45    -35 (VIOLATED)
_18983_/Q                                10     45    -35 (VIOLATED)
_09375_/Y                                10     44    -34 (VIOLATED)
_09426_/Y                                10     44    -34 (VIOLATED)
_18872_/Q                                10     44    -34 (VIOLATED)
_18904_/Q                                10     44    -34 (VIOLATED)
_18918_/Q                                10     44    -34 (VIOLATED)
_18923_/Q                                10     44    -34 (VIOLATED)
_18943_/Q                                10     44    -34 (VIOLATED)
_18951_/Q                                10     44    -34 (VIOLATED)
_19014_/Q                                10     44    -34 (VIOLATED)
_18870_/Q                                10     43    -33 (VIOLATED)
_18907_/Q                                10     43    -33 (VIOLATED)
_18967_/Q                                10     43    -33 (VIOLATED)
_19007_/Q                                10     43    -33 (VIOLATED)
_09380_/Y                                10     42    -32 (VIOLATED)
_09394_/Y                                10     42    -32 (VIOLATED)
_18880_/Q                                10     42    -32 (VIOLATED)
_18927_/Q                                10     42    -32 (VIOLATED)
_18966_/Q                                10     42    -32 (VIOLATED)
_18991_/Q                                10     42    -32 (VIOLATED)
_18926_/Q                                10     41    -31 (VIOLATED)
_18934_/Q                                10     41    -31 (VIOLATED)
_18935_/Q                                10     41    -31 (VIOLATED)
_18975_/Q                                10     41    -31 (VIOLATED)
_09463_/Y                                10     40    -30 (VIOLATED)
_09500_/X                                10     40    -30 (VIOLATED)
_18936_/Q                                10     40    -30 (VIOLATED)
_18974_/Q                                10     40    -30 (VIOLATED)
_18979_/Q                                10     40    -30 (VIOLATED)
_18982_/Q                                10     40    -30 (VIOLATED)
_18990_/Q                                10     40    -30 (VIOLATED)
_09370_/Y                                10     39    -29 (VIOLATED)
_09456_/Y                                10     39    -29 (VIOLATED)
_18871_/Q                                10     39    -29 (VIOLATED)
_18894_/Q                                10     39    -29 (VIOLATED)
_18911_/Q                                10     39    -29 (VIOLATED)
_09411_/Y                                10     38    -28 (VIOLATED)
_18884_/Q                                10     38    -28 (VIOLATED)
_18891_/Q                                10     38    -28 (VIOLATED)
_18942_/Q                                10     38    -28 (VIOLATED)
_09421_/Y                                10     37    -27 (VIOLATED)
_09446_/Y                                10     37    -27 (VIOLATED)
_18875_/Q                                10     37    -27 (VIOLATED)
_18879_/Q                                10     37    -27 (VIOLATED)
_18899_/Q                                10     37    -27 (VIOLATED)
_18903_/Q                                10     37    -27 (VIOLATED)
_18947_/Q                                10     37    -27 (VIOLATED)
_18999_/Q                                10     37    -27 (VIOLATED)
_09438_/Y                                10     36    -26 (VIOLATED)
_18878_/Q                                10     36    -26 (VIOLATED)
_18919_/Q                                10     36    -26 (VIOLATED)
_09484_/Y                                10     35    -25 (VIOLATED)
_09489_/Y                                10     35    -25 (VIOLATED)
_09431_/Y                                10     34    -24 (VIOLATED)
_18867_/Q                                10     34    -24 (VIOLATED)
_18902_/Q                                10     34    -24 (VIOLATED)
_18998_/Q                                10     34    -24 (VIOLATED)
_18987_/Q                                10     33    -23 (VIOLATED)
_19020_/Q                                10     33    -23 (VIOLATED)
_09396_/Y                                10     32    -22 (VIOLATED)
_09403_/Y                                10     32    -22 (VIOLATED)
_09479_/Y                                10     32    -22 (VIOLATED)
_18939_/Q                                10     32    -22 (VIOLATED)
_18963_/Q                                10     32    -22 (VIOLATED)
_19012_/Q                                10     32    -22 (VIOLATED)
_09473_/Y                                10     31    -21 (VIOLATED)
_18931_/Q                                10     31    -21 (VIOLATED)
_18971_/Q                                10     31    -21 (VIOLATED)
_19004_/Q                                10     31    -21 (VIOLATED)
_19006_/Q                                10     31    -21 (VIOLATED)
_09418_/Y                                10     30    -20 (VIOLATED)
_09464_/Y                                10     30    -20 (VIOLATED)
_18883_/Q                                10     30    -20 (VIOLATED)
_18956_/Q                                10     30    -20 (VIOLATED)
_18988_/Q                                10     30    -20 (VIOLATED)
_09425_/Y                                10     29    -19 (VIOLATED)
_18915_/Q                                10     29    -19 (VIOLATED)
_19003_/Q                                10     29    -19 (VIOLATED)
_19011_/Q                                10     29    -19 (VIOLATED)
_09386_/Y                                10     28    -18 (VIOLATED)
_09478_/Y                                10     28    -18 (VIOLATED)
_09490_/Y                                10     28    -18 (VIOLATED)
_18868_/Q                                10     28    -18 (VIOLATED)
_18924_/Q                                10     28    -18 (VIOLATED)
_18972_/Q                                10     28    -18 (VIOLATED)
_18916_/Q                                10     27    -17 (VIOLATED)
_18932_/Q                                10     27    -17 (VIOLATED)
_18964_/Q                                10     27    -17 (VIOLATED)
_09402_/Y                                10     26    -16 (VIOLATED)
_09451_/Y                                10     26    -16 (VIOLATED)
_09462_/Y                                10     26    -16 (VIOLATED)
_09486_/Y                                10     26    -16 (VIOLATED)
_18955_/Q                                10     26    -16 (VIOLATED)
_18995_/Q                                10     26    -16 (VIOLATED)
_18996_/Q                                10     26    -16 (VIOLATED)
_18877_/Q                                10     25    -15 (VIOLATED)
_18909_/Q                                10     25    -15 (VIOLATED)
_09387_/Y                                10     24    -14 (VIOLATED)
_09433_/Y                                10     24    -14 (VIOLATED)
_09374_/Y                                10     23    -13 (VIOLATED)
_09442_/Y                                10     23    -13 (VIOLATED)
_18153_/X                                10     23    -13 (VIOLATED)
_18301_/X                                10     23    -13 (VIOLATED)
_18940_/Q                                10     23    -13 (VIOLATED)
_09382_/Y                                10     22    -12 (VIOLATED)
_09450_/Y                                10     22    -12 (VIOLATED)
_09488_/Y                                10     21    -11 (VIOLATED)
_19013_/Q                                10     21    -11 (VIOLATED)
_09372_/Y                                10     20    -10 (VIOLATED)
_09459_/Y                                10     20    -10 (VIOLATED)
_19021_/Q                                10     20    -10 (VIOLATED)
_09367_/Y                                10     19     -9 (VIOLATED)
_09379_/Y                                10     19     -9 (VIOLATED)
_09454_/Y                                10     19     -9 (VIOLATED)
_18892_/Q                                10     19     -9 (VIOLATED)
_18900_/Q                                10     19     -9 (VIOLATED)
_18908_/Q                                10     19     -9 (VIOLATED)
_18948_/Q                                10     19     -9 (VIOLATED)
_18949_/Q                                10     19     -9 (VIOLATED)
_18981_/Q                                10     19     -9 (VIOLATED)
_09385_/Y                                10     18     -8 (VIOLATED)
_09410_/Y                                10     18     -8 (VIOLATED)
_09455_/Y                                10     18     -8 (VIOLATED)
_09470_/Y                                10     18     -8 (VIOLATED)
_16286_/Y                                10     18     -8 (VIOLATED)
_18901_/Q                                10     18     -8 (VIOLATED)
_18941_/Q                                10     18     -8 (VIOLATED)
_19529_/Q                                10     18     -8 (VIOLATED)
_09398_/Y                                10     17     -7 (VIOLATED)
_09404_/Y                                10     17     -7 (VIOLATED)
_09416_/Y                                10     17     -7 (VIOLATED)
_09436_/Y                                10     17     -7 (VIOLATED)
_09629_/Y                                10     17     -7 (VIOLATED)
_14619_/Y                                10     17     -7 (VIOLATED)
_18869_/Q                                10     17     -7 (VIOLATED)
_18957_/Q                                10     17     -7 (VIOLATED)
_18965_/Q                                10     17     -7 (VIOLATED)
_18980_/Q                                10     17     -7 (VIOLATED)
_09366_/Y                                10     16     -6 (VIOLATED)
_09395_/Y                                10     16     -6 (VIOLATED)
_09413_/Y                                10     16     -6 (VIOLATED)
_09417_/Y                                10     16     -6 (VIOLATED)
_09437_/Y                                10     16     -6 (VIOLATED)
_09441_/Y                                10     16     -6 (VIOLATED)
_09483_/Y                                10     16     -6 (VIOLATED)
_09853_/Y                                10     16     -6 (VIOLATED)
_12958_/Y                                10     16     -6 (VIOLATED)
_14391_/X                                10     16     -6 (VIOLATED)
_18876_/Q                                10     16     -6 (VIOLATED)
_19019_/Q                                10     16     -6 (VIOLATED)
_09412_/Y                                10     15     -5 (VIOLATED)
_09423_/Y                                10     15     -5 (VIOLATED)
_09447_/Y                                10     15     -5 (VIOLATED)
_09648_/X                                10     15     -5 (VIOLATED)
_14281_/X                                10     15     -5 (VIOLATED)
_18885_/Q                                10     15     -5 (VIOLATED)
_18933_/Q                                10     15     -5 (VIOLATED)
_18989_/Q                                10     15     -5 (VIOLATED)
_19005_/Q                                10     15     -5 (VIOLATED)
_09392_/Y                                10     14     -4 (VIOLATED)
_09440_/Y                                10     14     -4 (VIOLATED)
_09481_/Y                                10     14     -4 (VIOLATED)
_09512_/Y                                10     14     -4 (VIOLATED)
_09636_/X                                10     14     -4 (VIOLATED)
_09792_/X                                10     14     -4 (VIOLATED)
_09897_/X                                10     14     -4 (VIOLATED)
_12297_/Y                                10     14     -4 (VIOLATED)
_12702_/Y                                10     14     -4 (VIOLATED)
_12966_/X                                10     14     -4 (VIOLATED)
_12970_/Y                                10     14     -4 (VIOLATED)
_14396_/Y                                10     14     -4 (VIOLATED)
_18997_/Q                                10     14     -4 (VIOLATED)
_09376_/Y                                10     13     -3 (VIOLATED)
_09393_/Y                                10     13     -3 (VIOLATED)
_09399_/Y                                10     13     -3 (VIOLATED)
_09405_/Y                                10     13     -3 (VIOLATED)
_09406_/Y                                10     13     -3 (VIOLATED)
_09429_/Y                                10     13     -3 (VIOLATED)
_09448_/Y                                10     13     -3 (VIOLATED)
_09468_/Y                                10     13     -3 (VIOLATED)
_09926_/X                                10     13     -3 (VIOLATED)
_10033_/X                                10     13     -3 (VIOLATED)
_11843_/X                                10     13     -3 (VIOLATED)
_12871_/X                                10     13     -3 (VIOLATED)
_12949_/Y                                10     13     -3 (VIOLATED)
_12988_/Y                                10     13     -3 (VIOLATED)
_13069_/X                                10     13     -3 (VIOLATED)
_13370_/Y                                10     13     -3 (VIOLATED)
_14610_/Y                                10     13     -3 (VIOLATED)
_15997_/X                                10     13     -3 (VIOLATED)
_16011_/Y                                10     13     -3 (VIOLATED)
_16105_/X                                10     13     -3 (VIOLATED)
_16272_/Y                                10     13     -3 (VIOLATED)
_18893_/Q                                10     13     -3 (VIOLATED)
_18973_/Q                                10     13     -3 (VIOLATED)
_09364_/Y                                10     12     -2 (VIOLATED)
_09365_/Y                                10     12     -2 (VIOLATED)
_09377_/Y                                10     12     -2 (VIOLATED)
_09432_/Y                                10     12     -2 (VIOLATED)
_09469_/Y                                10     12     -2 (VIOLATED)
_09474_/Y                                10     12     -2 (VIOLATED)
_09485_/Y                                10     12     -2 (VIOLATED)
_09625_/Y                                10     12     -2 (VIOLATED)
_09646_/Y                                10     12     -2 (VIOLATED)
_09667_/X                                10     12     -2 (VIOLATED)
_09790_/Y                                10     12     -2 (VIOLATED)
_10055_/Y                                10     12     -2 (VIOLATED)
_10429_/Y                                10     12     -2 (VIOLATED)
_11455_/Y                                10     12     -2 (VIOLATED)
_11860_/X                                10     12     -2 (VIOLATED)
_11861_/X                                10     12     -2 (VIOLATED)
_11864_/X                                10     12     -2 (VIOLATED)
_12283_/X                                10     12     -2 (VIOLATED)
_12298_/Y                                10     12     -2 (VIOLATED)
_12714_/Y                                10     12     -2 (VIOLATED)
_12851_/X                                10     12     -2 (VIOLATED)
_12972_/Y                                10     12     -2 (VIOLATED)
_12983_/X                                10     12     -2 (VIOLATED)
_13076_/X                                10     12     -2 (VIOLATED)
_13094_/Y                                10     12     -2 (VIOLATED)
_14267_/Y                                10     12     -2 (VIOLATED)
_14306_/X                                10     12     -2 (VIOLATED)
_14510_/Y                                10     12     -2 (VIOLATED)
_14541_/Y                                10     12     -2 (VIOLATED)
_15895_/X                                10     12     -2 (VIOLATED)
_16065_/Y                                10     12     -2 (VIOLATED)
_16108_/X                                10     12     -2 (VIOLATED)
_16116_/Y                                10     12     -2 (VIOLATED)
_16124_/Y                                10     12     -2 (VIOLATED)
_16289_/Y                                10     12     -2 (VIOLATED)
_16293_/X                                10     12     -2 (VIOLATED)
_16325_/Y                                10     12     -2 (VIOLATED)
_17476_/Y                                10     12     -2 (VIOLATED)
_18917_/Q                                10     12     -2 (VIOLATED)
_09371_/Y                                10     11        (VIOLATED)
_09502_/Y                                10     11        (VIOLATED)
_09789_/X                                10     11        (VIOLATED)
_10042_/X                                10     11        (VIOLATED)
_10052_/X                                10     11        (VIOLATED)
_10110_/Y                                10     11        (VIOLATED)
_10151_/X                                10     11        (VIOLATED)
_10215_/X                                10     11        (VIOLATED)
_11427_/Y                                10     11        (VIOLATED)
_11442_/Y                                10     11        (VIOLATED)
_11449_/Y                                10     11        (VIOLATED)
_11488_/X                                10     11        (VIOLATED)
_11852_/Y                                10     11        (VIOLATED)
_12276_/X                                10     11        (VIOLATED)
_12277_/Y                                10     11        (VIOLATED)
_12897_/Y                                10     11        (VIOLATED)
_14273_/X                                10     11        (VIOLATED)
_14283_/X                                10     11        (VIOLATED)
_14558_/Y                                10     11        (VIOLATED)
_14620_/X                                10     11        (VIOLATED)
_15889_/X                                10     11        (VIOLATED)
_15992_/X                                10     11        (VIOLATED)
_16034_/Y                                10     11        (VIOLATED)
_16070_/Y                                10     11        (VIOLATED)
_16110_/Y                                10     11        (VIOLATED)
_16115_/X                                10     11        (VIOLATED)
_16117_/X                                10     11        (VIOLATED)
_16118_/Y                                10     11        (VIOLATED)
_16135_/X                                10     11        (VIOLATED)
_16259_/Y                                10     11        (VIOLATED)
_16260_/X                                10     11        (VIOLATED)
_16302_/X                                10     11        (VIOLATED)
_16324_/X                                10     11        (VIOLATED)
_18302_/X                                10     11        (VIOLATED)
_18925_/Q                                10     11        (VIOLATED)

max capacitance

Pin                                        Limit         Cap       Slack
------------------------------------------------------------------------
rst_n                                   0.200000    1.448435   -1.248435 (VIOLATED)
_09509_/X                               0.200000    1.439569   -1.239569 (VIOLATED)
_17475_/X                               0.200000    0.760442   -0.560442 (VIOLATED)
_09511_/X                               0.200000    0.634626   -0.434626 (VIOLATED)
_09503_/Y                               0.200000    0.470514   -0.270514 (VIOLATED)
_09501_/X                               0.200000    0.467077   -0.267077 (VIOLATED)
_09499_/X                               0.200000    0.457364   -0.257364 (VIOLATED)
_09498_/Y                               0.195017    0.395375   -0.200358 (VIOLATED)
_18155_/Y                               0.195017    0.309357   -0.114340 (VIOLATED)
_18303_/Y                               0.195017    0.305376   -0.110359 (VIOLATED)
_18172_/Y                               0.195017    0.286176   -0.091159 (VIOLATED)
_18312_/Y                               0.195017    0.286176   -0.091159 (VIOLATED)
_19530_/Q                               0.200000    0.286917   -0.086917 (VIOLATED)
_18954_/Q                               0.200000    0.276852   -0.076852 (VIOLATED)
_19017_/Q                               0.200000    0.253105   -0.053105 (VIOLATED)
_18953_/Q                               0.200000    0.242177   -0.042177 (VIOLATED)
_18986_/Q                               0.200000    0.241791   -0.041791 (VIOLATED)
_18442_/X                               0.200000    0.237063   -0.037063 (VIOLATED)
_19009_/Q                               0.200000    0.236604   -0.036604 (VIOLATED)
_19002_/Q                               0.200000    0.234644   -0.034644 (VIOLATED)
_18866_/Q                               0.200000    0.232999   -0.032999 (VIOLATED)
_18962_/Q                               0.200000    0.230580   -0.030580 (VIOLATED)
_18889_/Q                               0.200000    0.227739   -0.027739 (VIOLATED)
_09362_/Y                               0.200000    0.227172   -0.027172 (VIOLATED)
_19531_/Q                               0.200000    0.224921   -0.024921 (VIOLATED)
_18930_/Q                               0.200000    0.218304   -0.018304 (VIOLATED)
_18977_/Q                               0.200000    0.217227   -0.017227 (VIOLATED)
_18897_/Q                               0.200000    0.214933   -0.014933 (VIOLATED)
_18969_/Q                               0.200000    0.213698   -0.013698 (VIOLATED)
_19001_/Q                               0.200000    0.212104   -0.012104 (VIOLATED)
_18882_/Q                               0.200000    0.210341   -0.010341 (VIOLATED)
_18937_/Q                               0.200000    0.209740   -0.009740 (VIOLATED)
_18905_/Q                               0.200000    0.209444   -0.009444 (VIOLATED)
_19018_/Q                               0.200000    0.208318   -0.008318 (VIOLATED)
_18978_/Q                               0.200000    0.208268   -0.008268 (VIOLATED)
_18946_/Q                               0.200000    0.207603   -0.007603 (VIOLATED)
_18906_/Q                               0.200000    0.207034   -0.007034 (VIOLATED)
_18865_/Q                               0.200000    0.204745   -0.004745 (VIOLATED)
_19010_/Q                               0.200000    0.203464   -0.003464 (VIOLATED)
_18921_/Q                               0.200000    0.201307   -0.001307 (VIOLATED)



===========================================================================
report_parasitic_annotation -report_unannotated
============================================================================
Found 10218 unannotated drivers.
 clk
 ena
 rst_n
 ui_in[0]
 ui_in[1]
 ui_in[2]
 ui_in[3]
 ui_in[4]
 ui_in[5]
 ui_in[6]
 ui_in[7]
 uio_in[0]
 uio_in[1]
 uio_in[2]
 uio_in[3]
 uio_in[4]
 uio_in[5]
 uio_in[6]
 uio_in[7]
 _09362_/Y
 _09363_/Y
 _09364_/Y
 _09365_/Y
 _09366_/Y
 _09367_/Y
 _09368_/Y
 _09369_/Y
 _09370_/Y
 _09371_/Y
 _09372_/Y
 _09373_/Y
 _09374_/Y
 _09375_/Y
 _09376_/Y
 _09377_/Y
 _09378_/Y
 _09379_/Y
 _09380_/Y
 _09381_/Y
 _09382_/Y
 _09383_/Y
 _09384_/Y
 _09385_/Y
 _09386_/Y
 _09387_/Y
 _09388_/Y
 _09389_/Y
 _09390_/Y
 _09391_/Y
 _09392_/Y
 _09393_/Y
 _09394_/Y
 _09395_/Y
 _09396_/Y
 _09397_/Y
 _09398_/Y
 _09399_/Y
 _09400_/Y
 _09401_/Y
 _09402_/Y
 _09403_/Y
 _09404_/Y
 _09405_/Y
 _09406_/Y
 _09407_/Y
 _09408_/Y
 _09409_/Y
 _09410_/Y
 _09411_/Y
 _09412_/Y
 _09413_/Y
 _09414_/Y
 _09415_/Y
 _09416_/Y
 _09417_/Y
 _09418_/Y
 _09419_/Y
 _09420_/Y
 _09421_/Y
 _09422_/Y
 _09423_/Y
 _09424_/Y
 _09425_/Y
 _09426_/Y
 _09427_/Y
 _09428_/Y
 _09429_/Y
 _09430_/Y
 _09431_/Y
 _09432_/Y
 _09433_/Y
 _09434_/Y
 _09435_/Y
 _09436_/Y
 _09437_/Y
 _09438_/Y
 _09439_/Y
 _09440_/Y
 _09441_/Y
 _09442_/Y
 _09443_/Y
 _09444_/Y
 _09445_/Y
 _09446_/Y
 _09447_/Y
 _09448_/Y
 _09449_/Y
 _09450_/Y
 _09451_/Y
 _09452_/Y
 _09453_/Y
 _09454_/Y
 _09455_/Y
 _09456_/Y
 _09457_/Y
 _09458_/Y
 _09459_/Y
 _09460_/Y
 _09461_/Y
 _09462_/Y
 _09463_/Y
 _09464_/Y
 _09465_/Y
 _09466_/Y
 _09467_/Y
 _09468_/Y
 _09469_/Y
 _09470_/Y
 _09471_/Y
 _09472_/Y
 _09473_/Y
 _09474_/Y
 _09475_/Y
 _09476_/Y
 _09477_/Y
 _09478_/Y
 _09479_/Y
 _09480_/Y
 _09481_/Y
 _09482_/Y
 _09483_/Y
 _09484_/Y
 _09485_/Y
 _09486_/Y
 _09487_/Y
 _09488_/Y
 _09489_/Y
 _09490_/Y
 _09491_/Y
 _09492_/Y
 _09493_/Y
 _09494_/Y
 _09495_/Y
 _09496_/Y
 _09497_/Y
 _09498_/Y
 _09499_/X
 _09500_/X
 _09501_/X
 _09502_/Y
 _09503_/Y
 _09504_/Y
 _09505_/X
 _09506_/X
 _09507_/X
 _09508_/Y
 _09509_/X
 _09510_/Y
 _09511_/X
 _09512_/Y
 _09513_/Y
 _09514_/X
 _09515_/Y
 _09516_/X
 _09517_/Y
 _09518_/X
 _09519_/Y
 _09520_/X
 _09521_/Y
 _09522_/Y
 _09523_/X
 _09524_/Y
 _09525_/Y
 _09526_/Y
 _09527_/Y
 _09528_/Y
 _09529_/Y
 _09530_/Y
 _09531_/Y
 _09532_/X
 _09533_/X
 _09534_/Y
 _09535_/X
 _09536_/Y
 _09537_/Y
 _09538_/X
 _09539_/Y
 _09540_/X
 _09541_/X
 _09542_/X
 _09543_/X
 _09544_/X
 _09545_/X
 _09546_/X
 _09547_/X
 _09548_/X
 _09549_/X
 _09550_/X
 _09551_/X
 _09552_/X
 _09553_/X
 _09554_/X
 _09555_/X
 _09556_/X
 _09557_/X
 _09558_/X
 _09559_/X
 _09560_/X
 _09561_/X
 _09562_/X
 _09563_/X
 _09564_/X
 _09565_/X
 _09566_/X
 _09567_/X
 _09568_/X
 _09569_/X
 _09570_/X
 _09571_/X
 _09572_/X
 _09573_/X
 _09574_/X
 _09575_/X
 _09576_/X
 _09577_/X
 _09578_/X
 _09579_/X
 _09580_/X
 _09581_/X
 _09582_/X
 _09583_/X
 _09584_/X
 _09585_/X
 _09586_/X
 _09587_/X
 _09588_/X
 _09589_/X
 _09590_/X
 _09591_/X
 _09592_/X
 _09593_/X
 _09594_/X
 _09595_/X
 _09596_/X
 _09597_/X
 _09598_/X
 _09599_/X
 _09600_/X
 _09601_/X
 _09602_/X
 _09603_/X
 _09604_/X
 _09605_/X
 _09606_/X
 _09607_/X
 _09608_/X
 _09609_/X
 _09610_/X
 _09611_/X
 _09612_/X
 _09613_/X
 _09614_/X
 _09615_/X
 _09616_/X
 _09617_/X
 _09618_/X
 _09619_/Y
 _09620_/X
 _09621_/Y
 _09622_/X
 _09623_/Y
 _09624_/X
 _09625_/Y
 _09626_/X
 _09627_/Y
 _09628_/X
 _09629_/Y
 _09630_/X
 _09631_/Y
 _09632_/X
 _09633_/Y
 _09634_/X
 _09635_/Y
 _09636_/X
 _09637_/X
 _09638_/Y
 _09639_/Y
 _09640_/X
 _09641_/Y
 _09642_/Y
 _09643_/X
 _09644_/Y
 _09645_/X
 _09646_/Y
 _09647_/X
 _09648_/X
 _09649_/Y
 _09650_/Y
 _09651_/X
 _09652_/X
 _09653_/Y
 _09654_/Y
 _09655_/X
 _09656_/X
 _09657_/X
 _09658_/X
 _09659_/Y
 _09660_/X
 _09661_/Y
 _09662_/Y
 _09663_/X
 _09664_/X
 _09665_/Y
 _09666_/X
 _09667_/X
 _09668_/Y
 _09669_/Y
 _09670_/X
 _09671_/X
 _09672_/X
 _09673_/X
 _09674_/X
 _09675_/X
 _09676_/Y
 _09677_/X
 _09678_/Y
 _09679_/Y
 _09680_/Y
 _09681_/Y
 _09682_/X
 _09683_/X
 _09684_/X
 _09685_/Y
 _09686_/X
 _09687_/Y
 _09688_/Y
 _09689_/X
 _09690_/X
 _09691_/X
 _09692_/X
 _09693_/Y
 _09694_/X
 _09695_/Y
 _09696_/Y
 _09697_/Y
 _09698_/X
 _09699_/Y
 _09700_/Y
 _09701_/X
 _09702_/Y
 _09703_/X
 _09704_/X
 _09705_/X
 _09706_/Y
 _09707_/X
 _09708_/Y
 _09709_/Y
 _09710_/X
 _09711_/Y
 _09712_/Y
 _09713_/X
 _09714_/X
 _09715_/Y
 _09716_/X
 _09717_/X
 _09718_/X
 _09719_/Y
 _09720_/X
 _09721_/Y
 _09722_/X
 _09723_/X
 _09724_/X
 _09725_/X
 _09726_/X
 _09727_/X
 _09728_/X
 _09729_/X
 _09730_/X
 _09731_/Y
 _09732_/Y
 _09733_/X
 _09734_/X
 _09735_/Y
 _09736_/X
 _09737_/X
 _09738_/X
 _09739_/X
 _09740_/Y
 _09741_/Y
 _09742_/Y
 _09743_/X
 _09744_/Y
 _09745_/Y
 _09746_/X
 _09747_/X
 _09748_/Y
 _09749_/X
 _09750_/X
 _09751_/Y
 _09752_/X
 _09753_/X
 _09754_/Y
 _09755_/X
 _09756_/Y
 _09757_/Y
 _09758_/X
 _09759_/X
 _09760_/X
 _09761_/X
 _09762_/X
 _09763_/Y
 _09764_/X
 _09765_/Y
 _09766_/X
 _09767_/X
 _09768_/X
 _09769_/Y
 _09770_/X
 _09771_/X
 _09772_/X
 _09773_/X
 _09774_/X
 _09775_/X
 _09776_/X
 _09777_/Y
 _09778_/X
 _09779_/Y
 _09780_/X
 _09781_/Y
 _09782_/Y
 _09783_/X
 _09784_/X
 _09785_/Y
 _09786_/Y
 _09787_/X
 _09788_/Y
 _09789_/X
 _09790_/Y
 _09791_/Y
 _09792_/X
 _09793_/Y
 _09794_/Y
 _09795_/X
 _09796_/X
 _09797_/Y
 _09798_/Y
 _09799_/Y
 _09800_/X
 _09801_/Y
 _09802_/Y
 _09803_/X
 _09804_/X
 _09805_/Y
 _09806_/X
 _09807_/X
 _09808_/Y
 _09809_/Y
 _09810_/X
 _09811_/Y
 _09812_/X
 _09813_/Y
 _09814_/X
 _09815_/Y
 _09816_/X
 _09817_/Y
 _09818_/X
 _09819_/X
 _09820_/X
 _09821_/Y
 _09822_/Y
 _09823_/X
 _09824_/Y
 _09825_/Y
 _09826_/X
 _09827_/X
 _09828_/Y
 _09829_/X
 _09830_/Y
 _09831_/Y
 _09832_/X
 _09833_/X
 _09834_/Y
 _09835_/X
 _09836_/Y
 _09837_/Y
 _09838_/X
 _09839_/X
 _09840_/Y
 _09841_/Y
 _09842_/Y
 _09843_/X
 _09844_/X
 _09845_/Y
 _09846_/X
 _09847_/X
 _09848_/X
 _09849_/X
 _09850_/Y
 _09851_/Y
 _09852_/X
 _09853_/Y
 _09854_/Y
 _09855_/X
 _09856_/Y
 _09857_/X
 _09858_/X
 _09859_/X
 _09860_/Y
 _09861_/X
 _09862_/Y
 _09863_/Y
 _09864_/X
 _09865_/Y
 _09866_/X
 _09867_/Y
 _09868_/X
 _09869_/X
 _09870_/X
 _09871_/Y
 _09872_/Y
 _09873_/X
 _09874_/Y
 _09875_/X
 _09876_/X
 _09877_/Y
 _09878_/X
 _09879_/Y
 _09880_/X
 _09881_/X
 _09882_/X
 _09883_/Y
 _09884_/X
 _09885_/Y
 _09886_/X
 _09887_/Y
 _09888_/Y
 _09889_/Y
 _09890_/X
 _09891_/Y
 _09892_/Y
 _09893_/Y
 _09894_/X
 _09895_/Y
 _09896_/Y
 _09897_/X
 _09898_/Y
 _09899_/Y
 _09900_/X
 _09901_/X
 _09902_/X
 _09903_/X
 _09904_/X
 _09905_/Y
 _09906_/X
 _09907_/X
 _09908_/X
 _09909_/X
 _09910_/Y
 _09911_/X
 _09912_/Y
 _09913_/Y
 _09914_/X
 _09915_/X
 _09916_/X
 _09917_/X
 _09918_/Y
 _09919_/X
 _09920_/Y
 _09921_/X
 _09922_/Y
 _09923_/X
 _09924_/Y
 _09925_/Y
 _09926_/X
 _09927_/Y
 _09928_/X
 _09929_/Y
 _09930_/Y
 _09931_/X
 _09932_/Y
 _09933_/X
 _09934_/X
 _09935_/X
 _09936_/X
 _09937_/X
 _09938_/X
 _09939_/X
 _09940_/X
 _09941_/X
 _09942_/Y
 _09943_/Y
 _09944_/X
 _09945_/Y
 _09946_/Y
 _09947_/Y
 _09948_/X
 _09949_/X
 _09950_/X
 _09951_/X
 _09952_/Y
 _09953_/X
 _09954_/X
 _09955_/X
 _09956_/X
 _09957_/X
 _09958_/Y
 _09959_/Y
 _09960_/Y
 _09961_/Y
 _09962_/X
 _09963_/X
 _09964_/X
 _09965_/X
 _09966_/X
 _09967_/Y
 _09968_/Y
 _09969_/Y
 _09970_/X
 _09971_/X
 _09972_/Y
 _09973_/X
 _09974_/X
 _09975_/X
 _09976_/X
 _09977_/Y
 _09978_/Y
 _09979_/X
 _09980_/Y
 _09981_/Y
 _09982_/Y
 _09983_/X
 _09984_/X
 _09985_/X
 _09986_/Y
 _09987_/X
 _09988_/X
 _09989_/Y
 _09990_/Y
 _09991_/X
 _09992_/X
 _09993_/X
 _09994_/X
 _09995_/Y
 _09996_/X
 _09997_/X
 _09998_/Y
 _09999_/Y
 _10000_/Y
 _10001_/X
 _10002_/X
 _10003_/Y
 _10004_/X
 _10005_/X
 _10006_/X
 _10007_/X
 _10008_/Y
 _10009_/X
 _10010_/X
 _10011_/X
 _10012_/X
 _10013_/X
 _10014_/Y
 _10015_/Y
 _10016_/Y
 _10017_/X
 _10018_/X
 _10019_/X
 _10020_/X
 _10021_/X
 _10022_/X
 _10023_/Y
 _10024_/X
 _10025_/Y
 _10026_/X
 _10027_/X
 _10028_/X
 _10029_/Y
 _10030_/X
 _10031_/Y
 _10032_/Y
 _10033_/X
 _10034_/X
 _10035_/Y
 _10036_/Y
 _10037_/Y
 _10038_/Y
 _10039_/Y
 _10040_/X
 _10041_/Y
 _10042_/X
 _10043_/Y
 _10044_/Y
 _10045_/X
 _10046_/Y
 _10047_/X
 _10048_/Y
 _10049_/Y
 _10050_/X
 _10051_/X
 _10052_/X
 _10053_/Y
 _10054_/X
 _10055_/Y
 _10056_/X
 _10057_/Y
 _10058_/X
 _10059_/Y
 _10060_/Y
 _10061_/X
 _10062_/Y
 _10063_/Y
 _10064_/Y
 _10065_/Y
 _10066_/X
 _10067_/Y
 _10068_/X
 _10069_/Y
 _10070_/X
 _10071_/X
 _10072_/Y
 _10073_/Y
 _10074_/X
 _10075_/Y
 _10076_/Y
 _10077_/X
 _10078_/X
 _10079_/Y
 _10080_/Y
 _10081_/Y
 _10082_/X
 _10083_/Y
 _10084_/Y
 _10085_/Y
 _10086_/Y
 _10087_/Y
 _10088_/Y
 _10089_/Y
 _10090_/Y
 _10091_/X
 _10092_/Y
 _10093_/X
 _10094_/Y
 _10095_/X
 _10096_/Y
 _10097_/X
 _10098_/Y
 _10099_/X
 _10100_/Y
 _10101_/Y
 _10102_/Y
 _10103_/X
 _10104_/Y
 _10105_/Y
 _10106_/X
 _10107_/Y
 _10108_/X
 _10109_/X
 _10110_/Y
 _10111_/X
 _10112_/Y
 _10113_/Y
 _10114_/X
 _10115_/X
 _10116_/X
 _10117_/Y
 _10118_/Y
 _10119_/X
 _10120_/X
 _10121_/X
 _10122_/X
 _10123_/X
 _10124_/X
 _10125_/X
 _10126_/Y
 _10127_/Y
 _10128_/Y
 _10129_/X
 _10130_/Y
 _10131_/Y
 _10132_/X
 _10133_/Y
 _10134_/X
 _10135_/X
 _10136_/X
 _10137_/X
 _10138_/Y
 _10139_/X
 _10140_/X
 _10141_/Y
 _10142_/Y
 _10143_/X
 _10144_/Y
 _10145_/Y
 _10146_/Y
 _10147_/X
 _10148_/X
 _10149_/X
 _10150_/Y
 _10151_/X
 _10152_/Y
 _10153_/X
 _10154_/Y
 _10155_/Y
 _10156_/Y
 _10157_/X
 _10158_/X
 _10159_/Y
 _10160_/X
 _10161_/Y
 _10162_/X
 _10163_/X
 _10164_/Y
 _10165_/Y
 _10166_/Y
 _10167_/Y
 _10168_/X
 _10169_/Y
 _10170_/Y
 _10171_/X
 _10172_/X
 _10173_/X
 _10174_/X
 _10175_/Y
 _10176_/Y
 _10177_/X
 _10178_/Y
 _10179_/X
 _10180_/X
 _10181_/X
 _10182_/Y
 _10183_/Y
 _10184_/X
 _10185_/X
 _10186_/X
 _10187_/Y
 _10188_/Y
 _10189_/X
 _10190_/X
 _10191_/X
 _10192_/Y
 _10193_/Y
 _10194_/Y
 _10195_/X
 _10196_/X
 _10197_/Y
 _10198_/X
 _10199_/X
 _10200_/Y
 _10201_/X
 _10202_/X
 _10203_/Y
 _10204_/X
 _10205_/X
 _10206_/X
 _10207_/Y
 _10208_/X
 _10209_/Y
 _10210_/X
 _10211_/X
 _10212_/X
 _10213_/Y
 _10214_/X
 _10215_/X
 _10216_/Y
 _10217_/Y
 _10218_/X
 _10219_/X
 _10220_/Y
 _10221_/Y
 _10222_/X
 _10223_/Y
 _10224_/X
 _10225_/X
 _10226_/Y
 _10227_/X
 _10228_/X
 _10229_/X
 _10230_/Y
 _10231_/Y
 _10232_/X
 _10233_/Y
 _10234_/Y
 _10235_/X
 _10236_/Y
 _10237_/X
 _10238_/X
 _10239_/X
 _10240_/X
 _10241_/Y
 _10242_/Y
 _10243_/Y
 _10244_/Y
 _10245_/Y
 _10246_/X
 _10247_/X
 _10248_/X
 _10249_/X
 _10250_/X
 _10251_/X
 _10252_/X
 _10253_/Y
 _10254_/X
 _10255_/Y
 _10256_/Y
 _10257_/X
 _10258_/Y
 _10259_/X
 _10260_/X
 _10261_/X
 _10262_/Y
 _10263_/Y
 _10264_/X
 _10265_/X
 _10266_/X
 _10267_/X
 _10268_/X
 _10269_/X
 _10270_/Y
 _10271_/X
 _10272_/X
 _10273_/X
 _10274_/X
 _10275_/Y
 _10276_/X
 _10277_/X
 _10278_/Y
 _10279_/X
 _10280_/X
 _10281_/X
 _10282_/Y
 _10283_/X
 _10284_/Y
 _10285_/X
 _10286_/X
 _10287_/X
 _10288_/X
 _10289_/Y
 _10290_/Y
 _10291_/Y
 _10292_/X
 _10293_/X
 _10294_/X
 _10295_/X
 _10296_/X
 _10297_/Y
 _10298_/X
 _10299_/Y
 _10300_/X
 _10301_/X
 _10302_/Y
 _10303_/X
 _10304_/X
 _10305_/X
 _10306_/Y
 _10307_/X
 _10308_/X
 _10309_/X
 _10310_/X
 _10311_/X
 _10312_/X
 _10313_/X
 _10314_/X
 _10315_/Y
 _10316_/X
 _10317_/X
 _10318_/X
 _10319_/X
 _10320_/Y
 _10321_/X
 _10322_/Y
 _10323_/X
 _10324_/X
 _10325_/X
 _10326_/X
 _10327_/X
 _10328_/Y
 _10329_/X
 _10330_/X
 _10331_/X
 _10332_/X
 _10333_/Y
 _10334_/X
 _10335_/X
 _10336_/X
 _10337_/X
 _10338_/Y
 _10339_/X
 _10340_/X
 _10341_/X
 _10342_/Y
 _10343_/Y
 _10344_/X
 _10345_/X
 _10346_/X
 _10347_/Y
 _10348_/X
 _10349_/Y
 _10350_/X
 _10351_/X
 _10352_/X
 _10353_/Y
 _10354_/X
 _10355_/X
 _10356_/X
 _10357_/Y
 _10358_/Y
 _10359_/X
 _10360_/Y
 _10361_/Y
 _10362_/X
 _10363_/X
 _10364_/X
 _10365_/X
 _10366_/X
 _10367_/X
 _10368_/X
 _10369_/Y
 _10370_/X
 _10371_/X
 _10372_/X
 _10373_/Y
 _10374_/Y
 _10375_/X
 _10376_/X
 _10377_/Y
 _10378_/Y
 _10379_/X
 _10380_/X
 _10381_/Y
 _10382_/X
 _10383_/X
 _10384_/Y
 _10385_/Y
 _10386_/Y
 _10387_/Y
 _10388_/Y
 _10389_/Y
 _10390_/X
 _10391_/Y
 _10392_/X
 _10393_/X
 _10394_/X
 _10395_/X
 _10396_/Y
 _10397_/X
 _10398_/Y
 _10399_/X
 _10400_/Y
 _10401_/X
 _10402_/X
 _10403_/Y
 _10404_/X
 _10405_/X
 _10406_/X
 _10407_/X
 _10408_/X
 _10409_/X
 _10410_/Y
 _10411_/Y
 _10412_/X
 _10413_/X
 _10414_/X
 _10415_/X
 _10416_/Y
 _10417_/X
 _10418_/X
 _10419_/Y
 _10420_/X
 _10421_/X
 _10422_/X
 _10423_/Y
 _10424_/X
 _10425_/X
 _10426_/X
 _10427_/X
 _10428_/X
 _10429_/Y
 _10430_/X
 _10431_/X
 _10432_/X
 _10433_/X
 _10434_/Y
 _10435_/X
 _10436_/X
 _10437_/Y
 _10438_/Y
 _10439_/Y
 _10440_/Y
 _10441_/X
 _10442_/Y
 _10443_/X
 _10444_/X
 _10445_/Y
 _10446_/X
 _10447_/X
 _10448_/Y
 _10449_/Y
 _10450_/X
 _10451_/Y
 _10452_/X
 _10453_/X
 _10454_/X
 _10455_/X
 _10456_/Y
 _10457_/X
 _10458_/Y
 _10459_/X
 _10460_/X
 _10461_/Y
 _10462_/X
 _10463_/Y
 _10464_/Y
 _10465_/X
 _10466_/Y
 _10467_/X
 _10468_/Y
 _10469_/Y
 _10470_/Y
 _10471_/X
 _10472_/X
 _10473_/Y
 _10474_/Y
 _10475_/X
 _10476_/Y
 _10477_/X
 _10478_/X
 _10479_/Y
 _10480_/X
 _10481_/Y
 _10482_/Y
 _10483_/X
 _10484_/X
 _10485_/Y
 _10486_/X
 _10487_/Y
 _10488_/X
 _10489_/X
 _10490_/Y
 _10491_/Y
 _10492_/X
 _10493_/Y
 _10494_/Y
 _10495_/X
 _10496_/X
 _10497_/X
 _10498_/Y
 _10499_/X
 _10500_/X
 _10501_/X
 _10502_/X
 _10503_/X
 _10504_/X
 _10505_/X
 _10506_/X
 _10507_/X
 _10508_/X
 _10509_/Y
 _10510_/Y
 _10511_/X
 _10512_/Y
 _10513_/X
 _10514_/X
 _10515_/X
 _10516_/X
 _10517_/X
 _10518_/X
 _10519_/Y
 _10520_/X
 _10521_/Y
 _10522_/X
 _10523_/X
 _10524_/X
 _10525_/X
 _10526_/X
 _10527_/X
 _10528_/X
 _10529_/X
 _10530_/X
 _10531_/X
 _10532_/Y
 _10533_/X
 _10534_/X
 _10535_/X
 _10536_/X
 _10537_/X
 _10538_/X
 _10539_/Y
 _10540_/X
 _10541_/Y
 _10542_/Y
 _10543_/X
 _10544_/X
 _10545_/X
 _10546_/X
 _10547_/X
 _10548_/X
 _10549_/X
 _10550_/X
 _10551_/X
 _10552_/X
 _10553_/X
 _10554_/X
 _10555_/X
 _10556_/X
 _10557_/Y
 _10558_/X
 _10559_/Y
 _10560_/X
 _10561_/X
 _10562_/X
 _10563_/X
 _10564_/X
 _10565_/X
 _10566_/X
 _10567_/X
 _10568_/X
 _10569_/X
 _10570_/Y
 _10571_/Y
 _10572_/X
 _10573_/Y
 _10574_/X
 _10575_/X
 _10576_/X
 _10577_/X
 _10578_/Y
 _10579_/X
 _10580_/Y
 _10581_/X
 _10582_/Y
 _10583_/X
 _10584_/X
 _10585_/X
 _10586_/X
 _10587_/Y
 _10588_/X
 _10589_/X
 _10590_/Y
 _10591_/X
 _10592_/Y
 _10593_/Y
 _10594_/X
 _10595_/Y
 _10596_/X
 _10597_/X
 _10598_/X
 _10599_/X
 _10600_/X
 _10601_/X
 _10602_/Y
 _10603_/X
 _10604_/Y
 _10605_/X
 _10606_/Y
 _10607_/X
 _10608_/X
 _10609_/X
 _10610_/X
 _10611_/X
 _10612_/Y
 _10613_/Y
 _10614_/X
 _10615_/X
 _10616_/X
 _10617_/X
 _10618_/X
 _10619_/X
 _10620_/X
 _10621_/X
 _10622_/X
 _10623_/X
 _10624_/X
 _10625_/X
 _10626_/Y
 _10627_/X
 _10628_/X
 _10629_/X
 _10630_/Y
 _10631_/X
 _10632_/Y
 _10633_/Y
 _10634_/X
 _10635_/Y
 _10636_/X
 _10637_/X
 _10638_/X
 _10639_/Y
 _10640_/Y
 _10641_/X
 _10642_/Y
 _10643_/Y
 _10644_/X
 _10645_/X
 _10646_/Y
 _10647_/X
 _10648_/Y
 _10649_/X
 _10650_/Y
 _10651_/X
 _10652_/X
 _10653_/Y
 _10654_/Y
 _10655_/X
 _10656_/X
 _10657_/X
 _10658_/X
 _10659_/Y
 _10660_/X
 _10661_/Y
 _10662_/Y
 _10663_/X
 _10664_/X
 _10665_/Y
 _10666_/X
 _10667_/Y
 _10668_/X
 _10669_/X
 _10670_/Y
 _10671_/X
 _10672_/X
 _10673_/Y
 _10674_/X
 _10675_/X
 _10676_/X
 _10677_/X
 _10678_/X
 _10679_/X
 _10680_/X
 _10681_/X
 _10682_/Y
 _10683_/Y
 _10684_/X
 _10685_/Y
 _10686_/Y
 _10687_/X
 _10688_/X
 _10689_/Y
 _10690_/X
 _10691_/X
 _10692_/Y
 _10693_/X
 _10694_/X
 _10695_/X
 _10696_/Y
 _10697_/X
 _10698_/Y
 _10699_/Y
 _10700_/X
 _10701_/X
 _10702_/X
 _10703_/X
 _10704_/Y
 _10705_/X
 _10706_/X
 _10707_/X
 _10708_/X
 _10709_/Y
 _10710_/X
 _10711_/X
 _10712_/Y
 _10713_/X
 _10714_/X
 _10715_/Y
 _10716_/Y
 _10717_/Y
 _10718_/X
 _10719_/X
 _10720_/Y
 _10721_/X
 _10722_/X
 _10723_/X
 _10724_/X
 _10725_/X
 _10726_/Y
 _10727_/X
 _10728_/Y
 _10729_/X
 _10730_/X
 _10731_/X
 _10732_/X
 _10733_/Y
 _10734_/X
 _10735_/Y
 _10736_/X
 _10737_/X
 _10738_/Y
 _10739_/X
 _10740_/Y
 _10741_/Y
 _10742_/X
 _10743_/Y
 _10744_/X
 _10745_/X
 _10746_/X
 _10747_/Y
 _10748_/X
 _10749_/X
 _10750_/Y
 _10751_/X
 _10752_/X
 _10753_/X
 _10754_/Y
 _10755_/X
 _10756_/Y
 _10757_/X
 _10758_/X
 _10759_/X
 _10760_/X
 _10761_/X
 _10762_/X
 _10763_/X
 _10764_/Y
 _10765_/Y
 _10766_/X
 _10767_/X
 _10768_/Y
 _10769_/X
 _10770_/X
 _10771_/X
 _10772_/X
 _10773_/X
 _10774_/X
 _10775_/X
 _10776_/X
 _10777_/X
 _10778_/X
 _10779_/X
 _10780_/Y
 _10781_/Y
 _10782_/X
 _10783_/X
 _10784_/X
 _10785_/X
 _10786_/X
 _10787_/X
 _10788_/X
 _10789_/X
 _10790_/X
 _10791_/X
 _10792_/Y
 _10793_/Y
 _10794_/X
 _10795_/X
 _10796_/X
 _10797_/X
 _10798_/X
 _10799_/X
 _10800_/X
 _10801_/X
 _10802_/X
 _10803_/X
 _10804_/X
 _10805_/Y
 _10806_/Y
 _10807_/X
 _10808_/X
 _10809_/X
 _10810_/X
 _10811_/X
 _10812_/Y
 _10813_/Y
 _10814_/X
 _10815_/Y
 _10816_/Y
 _10817_/X
 _10818_/Y
 _10819_/X
 _10820_/X
 _10821_/X
 _10822_/Y
 _10823_/X
 _10824_/X
 _10825_/X
 _10826_/X
 _10827_/X
 _10828_/X
 _10829_/X
 _10830_/X
 _10831_/X
 _10832_/X
 _10833_/Y
 _10834_/X
 _10835_/X
 _10836_/X
 _10837_/X
 _10838_/X
 _10839_/X
 _10840_/X
 _10841_/Y
 _10842_/X
 _10843_/X
 _10844_/X
 _10845_/X
 _10846_/X
 _10847_/X
 _10848_/X
 _10849_/Y
 _10850_/X
 _10851_/Y
 _10852_/Y
 _10853_/Y
 _10854_/X
 _10855_/X
 _10856_/X
 _10857_/X
 _10858_/X
 _10859_/X
 _10860_/X
 _10861_/X
 _10862_/X
 _10863_/X
 _10864_/X
 _10865_/X
 _10866_/X
 _10867_/X
 _10868_/X
 _10869_/Y
 _10870_/X
 _10871_/X
 _10872_/X
 _10873_/X
 _10874_/X
 _10875_/X
 _10876_/X
 _10877_/X
 _10878_/X
 _10879_/Y
 _10880_/X
 _10881_/X
 _10882_/X
 _10883_/X
 _10884_/X
 _10885_/X
 _10886_/X
 _10887_/X
 _10888_/X
 _10889_/X
 _10890_/Y
 _10891_/Y
 _10892_/X
 _10893_/X
 _10894_/X
 _10895_/X
 _10896_/X
 _10897_/X
 _10898_/X
 _10899_/X
 _10900_/Y
 _10901_/X
 _10902_/X
 _10903_/X
 _10904_/X
 _10905_/X
 _10906_/X
 _10907_/X
 _10908_/X
 _10909_/X
 _10910_/X
 _10911_/X
 _10912_/X
 _10913_/Y
 _10914_/Y
 _10915_/Y
 _10916_/X
 _10917_/X
 _10918_/X
 _10919_/X
 _10920_/Y
 _10921_/Y
 _10922_/X
 _10923_/Y
 _10924_/X
 _10925_/Y
 _10926_/X
 _10927_/X
 _10928_/X
 _10929_/X
 _10930_/X
 _10931_/X
 _10932_/Y
 _10933_/Y
 _10934_/X
 _10935_/Y
 _10936_/Y
 _10937_/Y
 _10938_/X
 _10939_/X
 _10940_/Y
 _10941_/Y
 _10942_/X
 _10943_/X
 _10944_/X
 _10945_/Y
 _10946_/X
 _10947_/Y
 _10948_/X
 _10949_/X
 _10950_/Y
 _10951_/Y
 _10952_/X
 _10953_/X
 _10954_/X
 _10955_/X
 _10956_/X
 _10957_/X
 _10958_/Y
 _10959_/Y
 _10960_/Y
 _10961_/X
 _10962_/Y
 _10963_/X
 _10964_/X
 _10965_/X
 _10966_/X
 _10967_/X
 _10968_/X
 _10969_/X
 _10970_/X
 _10971_/X
 _10972_/X
 _10973_/Y
 _10974_/Y
 _10975_/X
 _10976_/X
 _10977_/Y
 _10978_/X
 _10979_/Y
 _10980_/X
 _10981_/X
 _10982_/X
 _10983_/X
 _10984_/X
 _10985_/Y
 _10986_/X
 _10987_/X
 _10988_/Y
 _10989_/X
 _10990_/Y
 _10991_/Y
 _10992_/Y
 _10993_/X
 _10994_/X
 _10995_/X
 _10996_/Y
 _10997_/Y
 _10998_/X
 _10999_/X
 _11000_/X
 _11001_/X
 _11002_/X
 _11003_/X
 _11004_/Y
 _11005_/Y
 _11006_/Y
 _11007_/X
 _11008_/X
 _11009_/Y
 _11010_/X
 _11011_/Y
 _11012_/X
 _11013_/X
 _11014_/X
 _11015_/X
 _11016_/X
 _11017_/X
 _11018_/X
 _11019_/Y
 _11020_/X
 _11021_/X
 _11022_/Y
 _11023_/X
 _11024_/Y
 _11025_/Y
 _11026_/Y
 _11027_/X
 _11028_/Y
 _11029_/X
 _11030_/X
 _11031_/X
 _11032_/X
 _11033_/X
 _11034_/X
 _11035_/Y
 _11036_/X
 _11037_/X
 _11038_/X
 _11039_/X
 _11040_/X
 _11041_/Y
 _11042_/X
 _11043_/Y
 _11044_/X
 _11045_/Y
 _11046_/Y
 _11047_/X
 _11048_/X
 _11049_/X
 _11050_/X
 _11051_/X
 _11052_/X
 _11053_/X
 _11054_/Y
 _11055_/X
 _11056_/X
 _11057_/X
 _11058_/Y
 _11059_/X
 _11060_/X
 _11061_/X
 _11062_/X
 _11063_/X
 _11064_/X
 _11065_/Y
 _11066_/X
 _11067_/X
 _11068_/Y
 _11069_/X
 _11070_/Y
 _11071_/X
 _11072_/X
 _11073_/X
 _11074_/X
 _11075_/X
 _11076_/X
 _11077_/X
 _11078_/X
 _11079_/X
 _11080_/Y
 _11081_/X
 _11082_/X
 _11083_/Y
 _11084_/Y
 _11085_/X
 _11086_/X
 _11087_/Y
 _11088_/X
 _11089_/X
 _11090_/X
 _11091_/Y
 _11092_/X
 _11093_/X
 _11094_/X
 _11095_/Y
 _11096_/X
 _11097_/X
 _11098_/X
 _11099_/Y
 _11100_/X
 _11101_/X
 _11102_/X
 _11103_/X
 _11104_/X
 _11105_/X
 _11106_/X
 _11107_/X
 _11108_/X
 _11109_/Y
 _11110_/X
 _11111_/Y
 _11112_/X
 _11113_/X
 _11114_/Y
 _11115_/X
 _11116_/X
 _11117_/X
 _11118_/X
 _11119_/Y
 _11120_/X
 _11121_/X
 _11122_/X
 _11123_/X
 _11124_/X
 _11125_/X
 _11126_/X
 _11127_/X
 _11128_/X
 _11129_/X
 _11130_/X
 _11131_/X
 _11132_/X
 _11133_/Y
 _11134_/Y
 _11135_/X
 _11136_/X
 _11137_/X
 _11138_/X
 _11139_/X
 _11140_/X
 _11141_/Y
 _11142_/Y
 _11143_/X
 _11144_/X
 _11145_/X
 _11146_/X
 _11147_/X
 _11148_/X
 _11149_/X
 _11150_/Y
 _11151_/Y
 _11152_/X
 _11153_/X
 _11154_/X
 _11155_/X
 _11156_/X
 _11157_/Y
 _11158_/X
 _11159_/X
 _11160_/X
 _11161_/X
 _11162_/X
 _11163_/Y
 _11164_/Y
 _11165_/X
 _11166_/Y
 _11167_/Y
 _11168_/X
 _11169_/X
 _11170_/X
 _11171_/X
 _11172_/X
 _11173_/X
 _11174_/X
 _11175_/X
 _11176_/X
 _11177_/X
 _11178_/X
 _11179_/X
 _11180_/Y
 _11181_/X
 _11182_/X
 _11183_/Y
 _11184_/X
 _11185_/X
 _11186_/X
 _11187_/Y
 _11188_/X
 _11189_/X
 _11190_/X
 _11191_/Y
 _11192_/X
 _11193_/X
 _11194_/X
 _11195_/X
 _11196_/Y
 _11197_/X
 _11198_/X
 _11199_/Y
 _11200_/X
 _11201_/X
 _11202_/X
 _11203_/X
 _11204_/Y
 _11205_/X
 _11206_/X
 _11207_/X
 _11208_/X
 _11209_/Y
 _11210_/X
 _11211_/X
 _11212_/X
 _11213_/X
 _11214_/Y
 _11215_/X
 _11216_/X
 _11217_/Y
 _11218_/X
 _11219_/X
 _11220_/Y
 _11221_/X
 _11222_/X
 _11223_/X
 _11224_/Y
 _11225_/Y
 _11226_/X
 _11227_/X
 _11228_/X
 _11229_/Y
 _11230_/X
 _11231_/X
 _11232_/X
 _11233_/X
 _11234_/X
 _11235_/X
 _11236_/X
 _11237_/Y
 _11238_/X
 _11239_/Y
 _11240_/X
 _11241_/X
 _11242_/X
 _11243_/X
 _11244_/Y
 _11245_/X
 _11246_/X
 _11247_/X
 _11248_/X
 _11249_/X
 _11250_/X
 _11251_/Y
 _11252_/X
 _11253_/X
 _11254_/X
 _11255_/X
 _11256_/X
 _11257_/X
 _11258_/Y
 _11259_/X
 _11260_/X
 _11261_/Y
 _11262_/X
 _11263_/X
 _11264_/X
 _11265_/X
 _11266_/X
 _11267_/X
 _11268_/X
 _11269_/X
 _11270_/X
 _11271_/X
 _11272_/X
 _11273_/Y
 _11274_/X
 _11275_/X
 _11276_/X
 _11277_/Y
 _11278_/Y
 _11279_/X
 _11280_/X
 _11281_/Y
 _11282_/X
 _11283_/Y
 _11284_/X
 _11285_/Y
 _11286_/Y
 _11287_/X
 _11288_/X
 _11289_/Y
 _11290_/Y
 _11291_/X
 _11292_/Y
 _11293_/X
 _11294_/Y
 _11295_/X
 _11296_/X
 _11297_/X
 _11298_/X
 _11299_/Y
 _11300_/Y
 _11301_/X
 _11302_/X
 _11303_/X
 _11304_/X
 _11305_/X
 _11306_/Y
 _11307_/X
 _11308_/X
 _11309_/Y
 _11310_/Y
 _11311_/X
 _11312_/X
 _11313_/Y
 _11314_/Y
 _11315_/X
 _11316_/X
 _11317_/X
 _11318_/Y
 _11319_/Y
 _11320_/X
 _11321_/X
 _11322_/X
 _11323_/X
 _11324_/X
 _11325_/X
 _11326_/X
 _11327_/Y
 _11328_/X
 _11329_/X
 _11330_/Y
 _11331_/Y
 _11332_/X
 _11333_/X
 _11334_/X
 _11335_/X
 _11336_/Y
 _11337_/X
 _11338_/X
 _11339_/X
 _11340_/X
 _11341_/Y
 _11342_/X
 _11343_/Y
 _11344_/X
 _11345_/Y
 _11346_/X
 _11347_/X
 _11348_/X
 _11349_/Y
 _11350_/X
 _11351_/X
 _11352_/X
 _11353_/X
 _11354_/X
 _11355_/X
 _11356_/X
 _11357_/X
 _11358_/X
 _11359_/Y
 _11360_/X
 _11361_/Y
 _11362_/X
 _11363_/X
 _11364_/X
 _11365_/X
 _11366_/X
 _11367_/X
 _11368_/X
 _11369_/X
 _11370_/X
 _11371_/X
 _11372_/X
 _11373_/X
 _11374_/X
 _11375_/X
 _11376_/Y
 _11377_/Y
 _11378_/Y
 _11379_/Y
 _11380_/X
 _11381_/Y
 _11382_/X
 _11383_/X
 _11384_/X
 _11385_/X
 _11386_/X
 _11387_/X
 _11388_/X
 _11389_/X
 _11390_/Y
 _11391_/X
 _11392_/Y
 _11393_/X
 _11394_/X
 _11395_/Y
 _11396_/X
 _11397_/X
 _11398_/Y
 _11399_/X
 _11400_/X
 _11401_/X
 _11402_/X
 _11403_/X
 _11404_/X
 _11405_/X
 _11406_/X
 _11407_/X
 _11408_/X
 _11409_/X
 _11410_/Y
 _11411_/Y
 _11412_/X
 _11413_/Y
 _11414_/Y
 _11415_/X
 _11416_/Y
 _11417_/Y
 _11418_/X
 _11419_/X
 _11420_/Y
 _11421_/X
 _11422_/Y
 _11423_/Y
 _11424_/X
 _11425_/Y
 _11426_/X
 _11427_/Y
 _11428_/Y
 _11429_/X
 _11430_/Y
 _11431_/X
 _11432_/Y
 _11433_/Y
 _11434_/X
 _11435_/Y
 _11436_/Y
 _11437_/X
 _11438_/X
 _11439_/X
 _11440_/X
 _11441_/X
 _11442_/Y
 _11443_/X
 _11444_/X
 _11445_/Y
 _11446_/Y
 _11447_/X
 _11448_/Y
 _11449_/Y
 _11450_/X
 _11451_/X
 _11452_/X
 _11453_/X
 _11454_/Y
 _11455_/Y
 _11456_/X
 _11457_/Y
 _11458_/Y
 _11459_/Y
 _11460_/X
 _11461_/X
 _11462_/Y
 _11463_/X
 _11464_/X
 _11465_/Y
 _11466_/Y
 _11467_/Y
 _11468_/Y
 _11469_/Y
 _11470_/Y
 _11471_/X
 _11472_/X
 _11473_/X
 _11474_/X
 _11475_/Y
 _11476_/Y
 _11477_/Y
 _11478_/X
 _11479_/Y
 _11480_/X
 _11481_/Y
 _11482_/X
 _11483_/X
 _11484_/X
 _11485_/Y
 _11486_/Y
 _11487_/Y
 _11488_/X
 _11489_/Y
 _11490_/Y
 _11491_/X
 _11492_/Y
 _11493_/X
 _11494_/X
 _11495_/Y
 _11496_/Y
 _11497_/X
 _11498_/X
 _11499_/Y
 _11500_/X
 _11501_/X
 _11502_/X
 _11503_/X
 _11504_/Y
 _11505_/X
 _11506_/X
 _11507_/X
 _11508_/Y
 _11509_/X
 _11510_/X
 _11511_/X
 _11512_/Y
 _11513_/X
 _11514_/Y
 _11515_/Y
 _11516_/X
 _11517_/Y
 _11518_/Y
 _11519_/Y
 _11520_/X
 _11521_/X
 _11522_/Y
 _11523_/X
 _11524_/X
 _11525_/X
 _11526_/X
 _11527_/X
 _11528_/Y
 _11529_/Y
 _11530_/X
 _11531_/X
 _11532_/Y
 _11533_/Y
 _11534_/Y
 _11535_/Y
 _11536_/X
 _11537_/X
 _11538_/Y
 _11539_/X
 _11540_/X
 _11541_/X
 _11542_/X
 _11543_/X
 _11544_/X
 _11545_/X
 _11546_/Y
 _11547_/X
 _11548_/X
 _11549_/Y
 _11550_/Y
 _11551_/X
 _11552_/Y
 _11553_/X
 _11554_/X
 _11555_/X
 _11556_/X
 _11557_/X
 _11558_/X
 _11559_/X
 _11560_/X
 _11561_/X
 _11562_/Y
 _11563_/X
 _11564_/X
 _11565_/X
 _11566_/Y
 _11567_/X
 _11568_/X
 _11569_/X
 _11570_/Y
 _11571_/Y
 _11572_/X
 _11573_/X
 _11574_/X
 _11575_/X
 _11576_/X
 _11577_/X
 _11578_/X
 _11579_/X
 _11580_/Y
 _11581_/X
 _11582_/Y
 _11583_/X
 _11584_/X
 _11585_/Y
 _11586_/Y
 _11587_/X
 _11588_/Y
 _11589_/X
 _11590_/X
 _11591_/Y
 _11592_/X
 _11593_/X
 _11594_/Y
 _11595_/X
 _11596_/Y
 _11597_/X
 _11598_/X
 _11599_/X
 _11600_/Y
 _11601_/Y
 _11602_/X
 _11603_/Y
 _11604_/X
 _11605_/X
 _11606_/X
 _11607_/X
 _11608_/Y
 _11609_/Y
 _11610_/Y
 _11611_/X
 _11612_/X
 _11613_/Y
 _11614_/Y
 _11615_/X
 _11616_/X
 _11617_/X
 _11618_/X
 _11619_/X
 _11620_/X
 _11621_/X
 _11622_/X
 _11623_/Y
 _11624_/X
 _11625_/X
 _11626_/X
 _11627_/X
 _11628_/X
 _11629_/X
 _11630_/Y
 _11631_/X
 _11632_/Y
 _11633_/Y
 _11634_/X
 _11635_/X
 _11636_/X
 _11637_/Y
 _11638_/Y
 _11639_/X
 _11640_/X
 _11641_/X
 _11642_/X
 _11643_/X
 _11644_/X
 _11645_/Y
 _11646_/X
 _11647_/X
 _11648_/X
 _11649_/X
 _11650_/X
 _11651_/Y
 _11652_/X
 _11653_/X
 _11654_/X
 _11655_/Y
 _11656_/Y
 _11657_/X
 _11658_/X
 _11659_/X
 _11660_/X
 _11661_/X
 _11662_/X
 _11663_/X
 _11664_/Y
 _11665_/X
 _11666_/Y
 _11667_/X
 _11668_/Y
 _11669_/X
 _11670_/X
 _11671_/X
 _11672_/Y
 _11673_/Y
 _11674_/Y
 _11675_/X
 _11676_/X
 _11677_/Y
 _11678_/Y
 _11679_/X
 _11680_/X
 _11681_/X
 _11682_/Y
 _11683_/X
 _11684_/Y
 _11685_/X
 _11686_/X
 _11687_/X
 _11688_/X
 _11689_/Y
 _11690_/X
 _11691_/X
 _11692_/X
 _11693_/X
 _11694_/Y
 _11695_/X
 _11696_/Y
 _11697_/X
 _11698_/X
 _11699_/X
 _11700_/X
 _11701_/X
 _11702_/X
 _11703_/X
 _11704_/X
 _11705_/Y
 _11706_/Y
 _11707_/Y
 _11708_/X
 _11709_/Y
 _11710_/X
 _11711_/Y
 _11712_/X
 _11713_/Y
 _11714_/X
 _11715_/Y
 _11716_/X
 _11717_/Y
 _11718_/X
 _11719_/X
 _11720_/X
 _11721_/X
 _11722_/Y
 _11723_/X
 _11724_/X
 _11725_/X
 _11726_/X
 _11727_/X
 _11728_/X
 _11729_/X
 _11730_/X
 _11731_/Y
 _11732_/X
 _11733_/X
 _11734_/X
 _11735_/Y
 _11736_/X
 _11737_/X
 _11738_/X
 _11739_/X
 _11740_/X
 _11741_/X
 _11742_/X
 _11743_/X
 _11744_/X
 _11745_/X
 _11746_/X
 _11747_/Y
 _11748_/Y
 _11749_/X
 _11750_/Y
 _11751_/X
 _11752_/X
 _11753_/Y
 _11754_/X
 _11755_/X
 _11756_/X
 _11757_/X
 _11758_/X
 _11759_/Y
 _11760_/X
 _11761_/X
 _11762_/X
 _11763_/X
 _11764_/X
 _11765_/X
 _11766_/X
 _11767_/X
 _11768_/X
 _11769_/X
 _11770_/Y
 _11771_/Y
 _11772_/X
 _11773_/X
 _11774_/X
 _11775_/Y
 _11776_/X
 _11777_/X
 _11778_/X
 _11779_/X
 _11780_/X
 _11781_/Y
 _11782_/Y
 _11783_/Y
 _11784_/Y
 _11785_/Y
 _11786_/X
 _11787_/X
 _11788_/X
 _11789_/Y
 _11790_/X
 _11791_/Y
 _11792_/X
 _11793_/X
 _11794_/Y
 _11795_/X
 _11796_/X
 _11797_/X
 _11798_/Y
 _11799_/X
 _11800_/X
 _11801_/Y
 _11802_/X
 _11803_/Y
 _11804_/X
 _11805_/X
 _11806_/X
 _11807_/X
 _11808_/X
 _11809_/X
 _11810_/X
 _11811_/X
 _11812_/X
 _11813_/X
 _11814_/X
 _11815_/X
 _11816_/X
 _11817_/X
 _11818_/X
 _11819_/X
 _11820_/X
 _11821_/Y
 _11822_/X
 _11823_/Y
 _11824_/Y
 _11825_/X
 _11826_/X
 _11827_/X
 _11828_/Y
 _11829_/Y
 _11830_/X
 _11831_/Y
 _11832_/Y
 _11833_/Y
 _11834_/X
 _11835_/X
 _11836_/X
 _11837_/Y
 _11838_/Y
 _11839_/Y
 _11840_/X
 _11841_/X
 _11842_/Y
 _11843_/X
 _11844_/Y
 _11845_/X
 _11846_/Y
 _11847_/Y
 _11848_/Y
 _11849_/Y
 _11850_/X
 _11851_/X
 _11852_/Y
 _11853_/X
 _11854_/Y
 _11855_/Y
 _11856_/X
 _11857_/X
 _11858_/Y
 _11859_/Y
 _11860_/X
 _11861_/X
 _11862_/Y
 _11863_/Y
 _11864_/X
 _11865_/Y
 _11866_/X
 _11867_/X
 _11868_/Y
 _11869_/X
 _11870_/Y
 _11871_/Y
 _11872_/X
 _11873_/Y
 _11874_/X
 _11875_/X
 _11876_/Y
 _11877_/X
 _11878_/X
 _11879_/X
 _11880_/Y
 _11881_/X
 _11882_/Y
 _11883_/X
 _11884_/X
 _11885_/X
 _11886_/Y
 _11887_/X
 _11888_/X
 _11889_/X
 _11890_/Y
 _11891_/X
 _11892_/Y
 _11893_/X
 _11894_/Y
 _11895_/Y
 _11896_/X
 _11897_/X
 _11898_/X
 _11899_/X
 _11900_/X
 _11901_/Y
 _11902_/Y
 _11903_/Y
 _11904_/Y
 _11905_/X
 _11906_/X
 _11907_/X
 _11908_/X
 _11909_/Y
 _11910_/X
 _11911_/X
 _11912_/X
 _11913_/X
 _11914_/Y
 _11915_/X
 _11916_/Y
 _11917_/Y
 _11918_/Y
 _11919_/Y
 _11920_/X
 _11921_/X
 _11922_/X
 _11923_/X
 _11924_/Y
 _11925_/Y
 _11926_/X
 _11927_/X
 _11928_/X
 _11929_/X
 _11930_/X
 _11931_/X
 _11932_/Y
 _11933_/Y
 _11934_/X
 _11935_/Y
 _11936_/X
 _11937_/X
 _11938_/Y
 _11939_/X
 _11940_/X
 _11941_/X
 _11942_/X
 _11943_/Y
 _11944_/X
 _11945_/X
 _11946_/X
 _11947_/X
 _11948_/Y
 _11949_/X
 _11950_/Y
 _11951_/Y
 _11952_/X
 _11953_/X
 _11954_/Y
 _11955_/Y
 _11956_/Y
 _11957_/X
 _11958_/Y
 _11959_/X
 _11960_/Y
 _11961_/X
 _11962_/Y
 _11963_/Y
 _11964_/X
 _11965_/X
 _11966_/Y
 _11967_/Y
 _11968_/Y
 _11969_/Y
 _11970_/Y
 _11971_/X
 _11972_/X
 _11973_/Y
 _11974_/X
 _11975_/X
 _11976_/Y
 _11977_/Y
 _11978_/X
 _11979_/Y
 _11980_/X
 _11981_/X
 _11982_/X
 _11983_/X
 _11984_/X
 _11985_/Y
 _11986_/Y
 _11987_/X
 _11988_/X
 _11989_/Y
 _11990_/X
 _11991_/Y
 _11992_/Y
 _11993_/X
 _11994_/X
 _11995_/X
 _11996_/X
 _11997_/Y
 _11998_/X
 _11999_/X
 _12000_/X
 _12001_/Y
 _12002_/X
 _12003_/X
 _12004_/X
 _12005_/Y
 _12006_/Y
 _12007_/X
 _12008_/Y
 _12009_/X
 _12010_/X
 _12011_/Y
 _12012_/Y
 _12013_/X
 _12014_/X
 _12015_/X
 _12016_/X
 _12017_/Y
 _12018_/Y
 _12019_/X
 _12020_/X
 _12021_/X
 _12022_/X
 _12023_/X
 _12024_/Y
 _12025_/X
 _12026_/X
 _12027_/X
 _12028_/X
 _12029_/X
 _12030_/X
 _12031_/X
 _12032_/X
 _12033_/Y
 _12034_/X
 _12035_/X
 _12036_/X
 _12037_/Y
 _12038_/X
 _12039_/X
 _12040_/Y
 _12041_/X
 _12042_/X
 _12043_/X
 _12044_/Y
 _12045_/X
 _12046_/Y
 _12047_/X
 _12048_/X
 _12049_/X
 _12050_/Y
 _12051_/X
 _12052_/Y
 _12053_/X
 _12054_/Y
 _12055_/Y
 _12056_/X
 _12057_/X
 _12058_/Y
 _12059_/Y
 _12060_/Y
 _12061_/Y
 _12062_/Y
 _12063_/X
 _12064_/X
 _12065_/X
 _12066_/X
 _12067_/X
 _12068_/X
 _12069_/X
 _12070_/X
 _12071_/X
 _12072_/X
 _12073_/X
 _12074_/X
 _12075_/X
 _12076_/X
 _12077_/Y
 _12078_/X
 _12079_/X
 _12080_/X
 _12081_/X
 _12082_/X
 _12083_/X
 _12084_/Y
 _12085_/X
 _12086_/X
 _12087_/Y
 _12088_/X
 _12089_/Y
 _12090_/X
 _12091_/X
 _12092_/X
 _12093_/Y
 _12094_/Y
 _12095_/X
 _12096_/Y
 _12097_/Y
 _12098_/X
 _12099_/X
 _12100_/Y
 _12101_/X
 _12102_/Y
 _12103_/X
 _12104_/X
 _12105_/X
 _12106_/X
 _12107_/X
 _12108_/X
 _12109_/Y
 _12110_/X
 _12111_/X
 _12112_/X
 _12113_/X
 _12114_/Y
 _12115_/Y
 _12116_/X
 _12117_/X
 _12118_/X
 _12119_/X
 _12120_/X
 _12121_/Y
 _12122_/Y
 _12123_/X
 _12124_/X
 _12125_/Y
 _12126_/X
 _12127_/X
 _12128_/X
 _12129_/X
 _12130_/X
 _12131_/X
 _12132_/X
 _12133_/Y
 _12134_/Y
 _12135_/Y
 _12136_/X
 _12137_/Y
 _12138_/Y
 _12139_/X
 _12140_/X
 _12141_/Y
 _12142_/Y
 _12143_/X
 _12144_/X
 _12145_/X
 _12146_/X
 _12147_/X
 _12148_/X
 _12149_/X
 _12150_/Y
 _12151_/X
 _12152_/Y
 _12153_/X
 _12154_/X
 _12155_/X
 _12156_/X
 _12157_/X
 _12158_/X
 _12159_/X
 _12160_/X
 _12161_/X
 _12162_/X
 _12163_/X
 _12164_/X
 _12165_/X
 _12166_/X
 _12167_/X
 _12168_/X
 _12169_/X
 _12170_/Y
 _12171_/X
 _12172_/X
 _12173_/X
 _12174_/Y
 _12175_/X
 _12176_/Y
 _12177_/Y
 _12178_/X
 _12179_/X
 _12180_/Y
 _12181_/Y
 _12182_/Y
 _12183_/X
 _12184_/X
 _12185_/X
 _12186_/X
 _12187_/X
 _12188_/Y
 _12189_/X
 _12190_/Y
 _12191_/X
 _12192_/X
 _12193_/X
 _12194_/Y
 _12195_/Y
 _12196_/X
 _12197_/X
 _12198_/X
 _12199_/Y
 _12200_/X
 _12201_/X
 _12202_/X
 _12203_/X
 _12204_/X
 _12205_/X
 _12206_/X
 _12207_/X
 _12208_/Y
 _12209_/X
 _12210_/Y
 _12211_/Y
 _12212_/X
 _12213_/Y
 _12214_/X
 _12215_/X
 _12216_/Y
 _12217_/X
 _12218_/Y
 _12219_/X
 _12220_/X
 _12221_/Y
 _12222_/Y
 _12223_/X
 _12224_/Y
 _12225_/X
 _12226_/X
 _12227_/Y
 _12228_/Y
 _12229_/Y
 _12230_/X
 _12231_/X
 _12232_/X
 _12233_/Y
 _12234_/X
 _12235_/X
 _12236_/X
 _12237_/Y
 _12238_/X
 _12239_/X
 _12240_/Y
 _12241_/X
 _12242_/X
 _12243_/Y
 _12244_/X
 _12245_/X
 _12246_/X
 _12247_/Y
 _12248_/X
 _12249_/X
 _12250_/X
 _12251_/Y
 _12252_/Y
 _12253_/X
 _12254_/Y
 _12255_/Y
 _12256_/X
 _12257_/Y
 _12258_/X
 _12259_/X
 _12260_/X
 _12261_/Y
 _12262_/Y
 _12263_/X
 _12264_/X
 _12265_/Y
 _12266_/X
 _12267_/X
 _12268_/X
 _12269_/Y
 _12270_/X
 _12271_/Y
 _12272_/X
 _12273_/Y
 _12274_/X
 _12275_/Y
 _12276_/X
 _12277_/Y
 _12278_/Y
 _12279_/X
 _12280_/X
 _12281_/Y
 _12282_/Y
 _12283_/X
 _12284_/Y
 _12285_/X
 _12286_/X
 _12287_/Y
 _12288_/Y
 _12289_/Y
 _12290_/Y
 _12291_/X
 _12292_/Y
 _12293_/X
 _12294_/X
 _12295_/Y
 _12296_/X
 _12297_/Y
 _12298_/Y
 _12299_/X
 _12300_/Y
 _12301_/X
 _12302_/Y
 _12303_/X
 _12304_/Y
 _12305_/Y
 _12306_/X
 _12307_/Y
 _12308_/X
 _12309_/Y
 _12310_/X
 _12311_/Y
 _12312_/Y
 _12313_/Y
 _12314_/Y
 _12315_/X
 _12316_/X
 _12317_/X
 _12318_/Y
 _12319_/Y
 _12320_/Y
 _12321_/X
 _12322_/Y
 _12323_/X
 _12324_/Y
 _12325_/Y
 _12326_/X
 _12327_/X
 _12328_/X
 _12329_/X
 _12330_/Y
 _12331_/Y
 _12332_/Y
 _12333_/X
 _12334_/Y
 _12335_/X
 _12336_/Y
 _12337_/Y
 _12338_/Y
 _12339_/X
 _12340_/Y
 _12341_/X
 _12342_/X
 _12343_/Y
 _12344_/X
 _12345_/X
 _12346_/X
 _12347_/X
 _12348_/X
 _12349_/Y
 _12350_/Y
 _12351_/Y
 _12352_/X
 _12353_/Y
 _12354_/Y
 _12355_/X
 _12356_/X
 _12357_/X
 _12358_/X
 _12359_/X
 _12360_/Y
 _12361_/X
 _12362_/X
 _12363_/Y
 _12364_/X
 _12365_/Y
 _12366_/X
 _12367_/Y
 _12368_/X
 _12369_/X
 _12370_/Y
 _12371_/X
 _12372_/Y
 _12373_/X
 _12374_/X
 _12375_/X
 _12376_/Y
 _12377_/Y
 _12378_/Y
 _12379_/Y
 _12380_/X
 _12381_/X
 _12382_/Y
 _12383_/Y
 _12384_/X
 _12385_/X
 _12386_/X
 _12387_/Y
 _12388_/Y
 _12389_/Y
 _12390_/Y
 _12391_/Y
 _12392_/X
 _12393_/Y
 _12394_/Y
 _12395_/Y
 _12396_/X
 _12397_/X
 _12398_/Y
 _12399_/X
 _12400_/X
 _12401_/X
 _12402_/Y
 _12403_/X
 _12404_/Y
 _12405_/X
 _12406_/Y
 _12407_/Y
 _12408_/X
 _12409_/Y
 _12410_/X
 _12411_/X
 _12412_/X
 _12413_/X
 _12414_/X
 _12415_/X
 _12416_/X
 _12417_/Y
 _12418_/X
 _12419_/X
 _12420_/X
 _12421_/X
 _12422_/X
 _12423_/X
 _12424_/X
 _12425_/X
 _12426_/X
 _12427_/X
 _12428_/Y
 _12429_/Y
 _12430_/X
 _12431_/Y
 _12432_/Y
 _12433_/X
 _12434_/X
 _12435_/X
 _12436_/X
 _12437_/X
 _12438_/Y
 _12439_/X
 _12440_/Y
 _12441_/Y
 _12442_/Y
 _12443_/X
 _12444_/Y
 _12445_/Y
 _12446_/X
 _12447_/Y
 _12448_/X
 _12449_/X
 _12450_/X
 _12451_/X
 _12452_/X
 _12453_/Y
 _12454_/X
 _12455_/X
 _12456_/Y
 _12457_/X
 _12458_/Y
 _12459_/X
 _12460_/X
 _12461_/Y
 _12462_/X
 _12463_/X
 _12464_/Y
 _12465_/X
 _12466_/Y
 _12467_/X
 _12468_/Y
 _12469_/Y
 _12470_/Y
 _12471_/X
 _12472_/X
 _12473_/X
 _12474_/X
 _12475_/X
 _12476_/Y
 _12477_/X
 _12478_/X
 _12479_/X
 _12480_/X
 _12481_/X
 _12482_/X
 _12483_/X
 _12484_/Y
 _12485_/Y
 _12486_/X
 _12487_/Y
 _12488_/Y
 _12489_/Y
 _12490_/Y
 _12491_/Y
 _12492_/X
 _12493_/Y
 _12494_/Y
 _12495_/Y
 _12496_/X
 _12497_/X
 _12498_/Y
 _12499_/X
 _12500_/X
 _12501_/X
 _12502_/Y
 _12503_/Y
 _12504_/X
 _12505_/Y
 _12506_/Y
 _12507_/X
 _12508_/X
 _12509_/X
 _12510_/Y
 _12511_/X
 _12512_/X
 _12513_/Y
 _12514_/X
 _12515_/X
 _12516_/X
 _12517_/X
 _12518_/X
 _12519_/Y
 _12520_/X
 _12521_/Y
 _12522_/X
 _12523_/X
 _12524_/X
 _12525_/X
 _12526_/X
 _12527_/X
 _12528_/X
 _12529_/X
 _12530_/X
 _12531_/X
 _12532_/Y
 _12533_/X
 _12534_/X
 _12535_/Y
 _12536_/Y
 _12537_/X
 _12538_/X
 _12539_/X
 _12540_/X
 _12541_/Y
 _12542_/Y
 _12543_/X
 _12544_/X
 _12545_/X
 _12546_/X
 _12547_/X
 _12548_/X
 _12549_/X
 _12550_/X
 _12551_/X
 _12552_/X
 _12553_/X
 _12554_/X
 _12555_/Y
 _12556_/Y
 _12557_/X
 _12558_/Y
 _12559_/X
 _12560_/X
 _12561_/Y
 _12562_/Y
 _12563_/X
 _12564_/X
 _12565_/X
 _12566_/Y
 _12567_/X
 _12568_/X
 _12569_/X
 _12570_/Y
 _12571_/X
 _12572_/Y
 _12573_/Y
 _12574_/Y
 _12575_/X
 _12576_/X
 _12577_/Y
 _12578_/X
 _12579_/Y
 _12580_/X
 _12581_/X
 _12582_/X
 _12583_/X
 _12584_/X
 _12585_/X
 _12586_/Y
 _12587_/X
 _12588_/X
 _12589_/Y
 _12590_/X
 _12591_/X
 _12592_/X
 _12593_/X
 _12594_/X
 _12595_/X
 _12596_/X
 _12597_/X
 _12598_/X
 _12599_/X
 _12600_/X
 _12601_/Y
 _12602_/X
 _12603_/X
 _12604_/X
 _12605_/X
 _12606_/X
 _12607_/X
 _12608_/Y
 _12609_/X
 _12610_/Y
 _12611_/Y
 _12612_/X
 _12613_/X
 _12614_/Y
 _12615_/Y
 _12616_/X
 _12617_/Y
 _12618_/X
 _12619_/Y
 _12620_/X
 _12621_/X
 _12622_/X
 _12623_/X
 _12624_/X
 _12625_/X
 _12626_/Y
 _12627_/X
 _12628_/Y
 _12629_/Y
 _12630_/X
 _12631_/X
 _12632_/X
 _12633_/X
 _12634_/X
 _12635_/X
 _12636_/X
 _12637_/X
 _12638_/X
 _12639_/X
 _12640_/X
 _12641_/X
 _12642_/X
 _12643_/X
 _12644_/X
 _12645_/Y
 _12646_/Y
 _12647_/X
 _12648_/Y
 _12649_/Y
 _12650_/X
 _12651_/Y
 _12652_/Y
 _12653_/X
 _12654_/X
 _12655_/Y
 _12656_/X
 _12657_/Y
 _12658_/X
 _12659_/X
 _12660_/X
 _12661_/X
 _12662_/X
 _12663_/X
 _12664_/Y
 _12665_/X
 _12666_/X
 _12667_/Y
 _12668_/X
 _12669_/X
 _12670_/Y
 _12671_/X
 _12672_/Y
 _12673_/X
 _12674_/X
 _12675_/X
 _12676_/X
 _12677_/X
 _12678_/X
 _12679_/Y
 _12680_/X
 _12681_/Y
 _12682_/Y
 _12683_/X
 _12684_/Y
 _12685_/X
 _12686_/X
 _12687_/X
 _12688_/Y
 _12689_/X
 _12690_/Y
 _12691_/X
 _12692_/Y
 _12693_/Y
 _12694_/Y
 _12695_/Y
 _12696_/X
 _12697_/Y
 _12698_/X
 _12699_/Y
 _12700_/X
 _12701_/Y
 _12702_/Y
 _12703_/X
 _12704_/Y
 _12705_/X
 _12706_/Y
 _12707_/Y
 _12708_/X
 _12709_/X
 _12710_/X
 _12711_/X
 _12712_/Y
 _12713_/X
 _12714_/Y
 _12715_/Y
 _12716_/X
 _12717_/Y
 _12718_/Y
 _12719_/Y
 _12720_/X
 _12721_/Y
 _12722_/X
 _12723_/X
 _12724_/X
 _12725_/Y
 _12726_/X
 _12727_/Y
 _12728_/Y
 _12729_/Y
 _12730_/Y
 _12731_/Y
 _12732_/Y
 _12733_/Y
 _12734_/X
 _12735_/X
 _12736_/X
 _12737_/Y
 _12738_/Y
 _12739_/Y
 _12740_/X
 _12741_/Y
 _12742_/X
 _12743_/X
 _12744_/X
 _12745_/Y
 _12746_/Y
 _12747_/X
 _12748_/X
 _12749_/Y
 _12750_/X
 _12751_/X
 _12752_/Y
 _12753_/X
 _12754_/X
 _12755_/X
 _12756_/X
 _12757_/Y
 _12758_/X
 _12759_/X
 _12760_/X
 _12761_/X
 _12762_/Y
 _12763_/X
 _12764_/Y
 _12765_/X
 _12766_/X
 _12767_/X
 _12768_/Y
 _12769_/X
 _12770_/X
 _12771_/X
 _12772_/X
 _12773_/X
 _12774_/Y
 _12775_/X
 _12776_/Y
 _12777_/X
 _12778_/X
 _12779_/X
 _12780_/Y
 _12781_/Y
 _12782_/X
 _12783_/X
 _12784_/X
 _12785_/Y
 _12786_/Y
 _12787_/X
 _12788_/Y
 _12789_/X
 _12790_/Y
 _12791_/X
 _12792_/X
 _12793_/X
 _12794_/Y
 _12795_/X
 _12796_/Y
 _12797_/X
 _12798_/Y
 _12799_/Y
 _12800_/Y
 _12801_/Y
 _12802_/Y
 _12803_/Y
 _12804_/X
 _12805_/Y
 _12806_/X
 _12807_/Y
 _12808_/X
 _12809_/X
 _12810_/Y
 _12811_/X
 _12812_/X
 _12813_/Y
 _12814_/Y
 _12815_/Y
 _12816_/X
 _12817_/X
 _12818_/X
 _12819_/X
 _12820_/X
 _12821_/X
 _12822_/Y
 _12823_/X
 _12824_/Y
 _12825_/Y
 _12826_/X
 _12827_/X
 _12828_/X
 _12829_/Y
 _12830_/X
 _12831_/X
 _12832_/X
 _12833_/X
 _12834_/X
 _12835_/X
 _12836_/X
 _12837_/X
 _12838_/X
 _12839_/Y
 _12840_/Y
 _12841_/Y
 _12842_/X
 _12843_/Y
 _12844_/X
 _12845_/Y
 _12846_/X
 _12847_/Y
 _12848_/Y
 _12849_/Y
 _12850_/X
 _12851_/X
 _12852_/Y
 _12853_/Y
 _12854_/X
 _12855_/X
 _12856_/Y
 _12857_/X
 _12858_/Y
 _12859_/X
 _12860_/Y
 _12861_/X
 _12862_/Y
 _12863_/X
 _12864_/Y
 _12865_/X
 _12866_/Y
 _12867_/X
 _12868_/X
 _12869_/Y
 _12870_/Y
 _12871_/X
 _12872_/Y
 _12873_/Y
 _12874_/X
 _12875_/X
 _12876_/Y
 _12877_/X
 _12878_/X
 _12879_/Y
 _12880_/X
 _12881_/X
 _12882_/Y
 _12883_/X
 _12884_/X
 _12885_/Y
 _12886_/Y
 _12887_/Y
 _12888_/X
 _12889_/Y
 _12890_/Y
 _12891_/Y
 _12892_/X
 _12893_/Y
 _12894_/Y
 _12895_/X
 _12896_/Y
 _12897_/Y
 _12898_/X
 _12899_/X
 _12900_/Y
 _12901_/X
 _12902_/Y
 _12903_/X
 _12904_/Y
 _12905_/X
 _12906_/X
 _12907_/Y
 _12908_/X
 _12909_/Y
 _12910_/Y
 _12911_/X
 _12912_/X
 _12913_/Y
 _12914_/X
 _12915_/Y
 _12916_/Y
 _12917_/Y
 _12918_/X
 _12919_/Y
 _12920_/X
 _12921_/X
 _12922_/X
 _12923_/X
 _12924_/X
 _12925_/Y
 _12926_/X
 _12927_/Y
 _12928_/X
 _12929_/X
 _12930_/Y
 _12931_/X
 _12932_/X
 _12933_/Y
 _12934_/Y
 _12935_/Y
 _12936_/Y
 _12937_/X
 _12938_/X
 _12939_/Y
 _12940_/X
 _12941_/Y
 _12942_/Y
 _12943_/Y
 _12944_/Y
 _12945_/X
 _12946_/X
 _12947_/X
 _12948_/X
 _12949_/Y
 _12950_/X
 _12951_/X
 _12952_/X
 _12953_/X
 _12954_/X
 _12955_/X
 _12956_/Y
 _12957_/X
 _12958_/Y
 _12959_/Y
 _12960_/Y
 _12961_/X
 _12962_/Y
 _12963_/Y
 _12964_/Y
 _12965_/Y
 _12966_/X
 _12967_/Y
 _12968_/X
 _12969_/X
 _12970_/Y
 _12971_/X
 _12972_/Y
 _12973_/Y
 _12974_/X
 _12975_/Y
 _12976_/X
 _12977_/Y
 _12978_/X
 _12979_/X
 _12980_/X
 _12981_/X
 _12982_/Y
 _12983_/X
 _12984_/Y
 _12985_/Y
 _12986_/Y
 _12987_/X
 _12988_/Y
 _12989_/Y
 _12990_/X
 _12991_/Y
 _12992_/Y
 _12993_/X
 _12994_/X
 _12995_/Y
 _12996_/Y
 _12997_/Y
 _12998_/X
 _12999_/Y
 _13000_/Y
 _13001_/Y
 _13002_/X
 _13003_/X
 _13004_/X
 _13005_/X
 _13006_/X
 _13007_/Y
 _13008_/Y
 _13009_/Y
 _13010_/X
 _13011_/X
 _13012_/Y
 _13013_/Y
 _13014_/X
 _13015_/X
 _13016_/Y
 _13017_/X
 _13018_/Y
 _13019_/X
 _13020_/X
 _13021_/X
 _13022_/X
 _13023_/Y
 _13024_/X
 _13025_/X
 _13026_/Y
 _13027_/Y
 _13028_/X
 _13029_/X
 _13030_/X
 _13031_/X
 _13032_/X
 _13033_/X
 _13034_/Y
 _13035_/X
 _13036_/X
 _13037_/X
 _13038_/X
 _13039_/X
 _13040_/X
 _13041_/Y
 _13042_/X
 _13043_/Y
 _13044_/X
 _13045_/Y
 _13046_/X
 _13047_/Y
 _13048_/Y
 _13049_/Y
 _13050_/X
 _13051_/X
 _13052_/X
 _13053_/Y
 _13054_/X
 _13055_/X
 _13056_/Y
 _13057_/Y
 _13058_/X
 _13059_/Y
 _13060_/Y
 _13061_/X
 _13062_/Y
 _13063_/X
 _13064_/X
 _13065_/Y
 _13066_/Y
 _13067_/X
 _13068_/Y
 _13069_/X
 _13070_/Y
 _13071_/Y
 _13072_/Y
 _13073_/Y
 _13074_/X
 _13075_/X
 _13076_/X
 _13077_/Y
 _13078_/Y
 _13079_/Y
 _13080_/X
 _13081_/X
 _13082_/Y
 _13083_/X
 _13084_/Y
 _13085_/Y
 _13086_/Y
 _13087_/X
 _13088_/Y
 _13089_/X
 _13090_/X
 _13091_/X
 _13092_/Y
 _13093_/X
 _13094_/Y
 _13095_/Y
 _13096_/X
 _13097_/Y
 _13098_/X
 _13099_/Y
 _13100_/X
 _13101_/X
 _13102_/X
 _13103_/X
 _13104_/X
 _13105_/X
 _13106_/Y
 _13107_/X
 _13108_/Y
 _13109_/Y
 _13110_/X
 _13111_/Y
 _13112_/X
 _13113_/Y
 _13114_/Y
 _13115_/Y
 _13116_/X
 _13117_/Y
 _13118_/X
 _13119_/X
 _13120_/Y
 _13121_/X
 _13122_/Y
 _13123_/X
 _13124_/Y
 _13125_/X
 _13126_/Y
 _13127_/X
 _13128_/X
 _13129_/Y
 _13130_/Y
 _13131_/X
 _13132_/Y
 _13133_/X
 _13134_/X
 _13135_/X
 _13136_/Y
 _13137_/X
 _13138_/X
 _13139_/X
 _13140_/Y
 _13141_/X
 _13142_/Y
 _13143_/X
 _13144_/X
 _13145_/X
 _13146_/Y
 _13147_/Y
 _13148_/X
 _13149_/Y
 _13150_/X
 _13151_/X
 _13152_/X
 _13153_/Y
 _13154_/Y
 _13155_/X
 _13156_/X
 _13157_/X
 _13158_/X
 _13159_/Y
 _13160_/Y
 _13161_/Y
 _13162_/X
 _13163_/Y
 _13164_/Y
 _13165_/Y
 _13166_/Y
 _13167_/X
 _13168_/Y
 _13169_/X
 _13170_/Y
 _13171_/X
 _13172_/X
 _13173_/X
 _13174_/X
 _13175_/Y
 _13176_/Y
 _13177_/Y
 _13178_/Y
 _13179_/Y
 _13180_/X
 _13181_/X
 _13182_/X
 _13183_/Y
 _13184_/X
 _13185_/Y
 _13186_/X
 _13187_/X
 _13188_/X
 _13189_/Y
 _13190_/X
 _13191_/X
 _13192_/X
 _13193_/Y
 _13194_/Y
 _13195_/X
 _13196_/Y
 _13197_/Y
 _13198_/Y
 _13199_/X
 _13200_/X
 _13201_/X
 _13202_/Y
 _13203_/X
 _13204_/X
 _13205_/Y
 _13206_/X
 _13207_/X
 _13208_/X
 _13209_/Y
 _13210_/X
 _13211_/X
 _13212_/X
 _13213_/Y
 _13214_/Y
 _13215_/X
 _13216_/Y
 _13217_/X
 _13218_/X
 _13219_/Y
 _13220_/X
 _13221_/X
 _13222_/Y
 _13223_/X
 _13224_/X
 _13225_/Y
 _13226_/X
 _13227_/X
 _13228_/Y
 _13229_/X
 _13230_/Y
 _13231_/X
 _13232_/X
 _13233_/X
 _13234_/X
 _13235_/X
 _13236_/X
 _13237_/X
 _13238_/X
 _13239_/X
 _13240_/Y
 _13241_/X
 _13242_/Y
 _13243_/X
 _13244_/Y
 _13245_/Y
 _13246_/X
 _13247_/X
 _13248_/Y
 _13249_/X
 _13250_/X
 _13251_/X
 _13252_/X
 _13253_/X
 _13254_/Y
 _13255_/X
 _13256_/Y
 _13257_/Y
 _13258_/X
 _13259_/Y
 _13260_/X
 _13261_/Y
 _13262_/Y
 _13263_/Y
 _13264_/X
 _13265_/X
 _13266_/X
 _13267_/Y
 _13268_/X
 _13269_/Y
 _13270_/Y
 _13271_/X
 _13272_/Y
 _13273_/X
 _13274_/X
 _13275_/X
 _13276_/X
 _13277_/Y
 _13278_/X
 _13279_/X
 _13280_/Y
 _13281_/X
 _13282_/Y
 _13283_/X
 _13284_/X
 _13285_/X
 _13286_/X
 _13287_/Y
 _13288_/X
 _13289_/X
 _13290_/X
 _13291_/X
 _13292_/X
 _13293_/X
 _13294_/Y
 _13295_/X
 _13296_/X
 _13297_/Y
 _13298_/Y
 _13299_/X
 _13300_/Y
 _13301_/X
 _13302_/X
 _13303_/X
 _13304_/X
 _13305_/Y
 _13306_/Y
 _13307_/Y
 _13308_/X
 _13309_/X
 _13310_/Y
 _13311_/X
 _13312_/X
 _13313_/X
 _13314_/Y
 _13315_/X
 _13316_/X
 _13317_/X
 _13318_/X
 _13319_/X
 _13320_/X
 _13321_/Y
 _13322_/Y
 _13323_/Y
 _13324_/X
 _13325_/Y
 _13326_/X
 _13327_/X
 _13328_/X
 _13329_/Y
 _13330_/Y
 _13331_/X
 _13332_/X
 _13333_/X
 _13334_/X
 _13335_/X
 _13336_/X
 _13337_/X
 _13338_/Y
 _13339_/X
 _13340_/X
 _13341_/Y
 _13342_/X
 _13343_/X
 _13344_/X
 _13345_/Y
 _13346_/X
 _13347_/Y
 _13348_/X
 _13349_/Y
 _13350_/X
 _13351_/X
 _13352_/X
 _13353_/X
 _13354_/X
 _13355_/X
 _13356_/X
 _13357_/X
 _13358_/X
 _13359_/Y
 _13360_/X
 _13361_/Y
 _13362_/Y
 _13363_/X
 _13364_/X
 _13365_/X
 _13366_/X
 _13367_/Y
 _13368_/X
 _13369_/Y
 _13370_/Y
 _13371_/X
 _13372_/Y
 _13373_/X
 _13374_/X
 _13375_/X
 _13376_/Y
 _13377_/Y
 _13378_/X
 _13379_/Y
 _13380_/X
 _13381_/X
 _13382_/X
 _13383_/X
 _13384_/Y
 _13385_/Y
 _13386_/X
 _13387_/X
 _13388_/X
 _13389_/Y
 _13390_/X
 _13391_/Y
 _13392_/X
 _13393_/X
 _13394_/X
 _13395_/X
 _13396_/X
 _13397_/X
 _13398_/X
 _13399_/X
 _13400_/X
 _13401_/X
 _13402_/Y
 _13403_/X
 _13404_/X
 _13405_/X
 _13406_/Y
 _13407_/X
 _13408_/X
 _13409_/X
 _13410_/X
 _13411_/Y
 _13412_/X
 _13413_/X
 _13414_/X
 _13415_/X
 _13416_/X
 _13417_/X
 _13418_/Y
 _13419_/X
 _13420_/Y
 _13421_/Y
 _13422_/X
 _13423_/X
 _13424_/X
 _13425_/Y
 _13426_/Y
 _13427_/Y
 _13428_/X
 _13429_/X
 _13430_/X
 _13431_/Y
 _13432_/X
 _13433_/Y
 _13434_/Y
 _13435_/X
 _13436_/X
 _13437_/Y
 _13438_/X
 _13439_/X
 _13440_/Y
 _13441_/X
 _13442_/X
 _13443_/Y
 _13444_/X
 _13445_/X
 _13446_/Y
 _13447_/X
 _13448_/Y
 _13449_/X
 _13450_/X
 _13451_/Y
 _13452_/Y
 _13453_/Y
 _13454_/X
 _13455_/Y
 _13456_/X
 _13457_/X
 _13458_/Y
 _13459_/X
 _13460_/X
 _13461_/X
 _13462_/X
 _13463_/Y
 _13464_/Y
 _13465_/Y
 _13466_/X
 _13467_/X
 _13468_/X
 _13469_/X
 _13470_/Y
 _13471_/X
 _13472_/X
 _13473_/Y
 _13474_/Y
 _13475_/Y
 _13476_/Y
 _13477_/Y
 _13478_/Y
 _13479_/X
 _13480_/X
 _13481_/X
 _13482_/X
 _13483_/X
 _13484_/X
 _13485_/X
 _13486_/X
 _13487_/X
 _13488_/X
 _13489_/X
 _13490_/Y
 _13491_/X
 _13492_/Y
 _13493_/Y
 _13494_/X
 _13495_/X
 _13496_/X
 _13497_/X
 _13498_/X
 _13499_/X
 _13500_/Y
 _13501_/X
 _13502_/Y
 _13503_/Y
 _13504_/X
 _13505_/Y
 _13506_/X
 _13507_/X
 _13508_/X
 _13509_/X
 _13510_/X
 _13511_/Y
 _13512_/X
 _13513_/X
 _13514_/X
 _13515_/X
 _13516_/Y
 _13517_/X
 _13518_/X
 _13519_/Y
 _13520_/Y
 _13521_/X
 _13522_/X
 _13523_/X
 _13524_/X
 _13525_/X
 _13526_/X
 _13527_/Y
 _13528_/X
 _13529_/Y
 _13530_/X
 _13531_/Y
 _13532_/Y
 _13533_/Y
 _13534_/X
 _13535_/Y
 _13536_/X
 _13537_/Y
 _13538_/X
 _13539_/Y
 _13540_/X
 _13541_/Y
 _13542_/X
 _13543_/X
 _13544_/X
 _13545_/Y
 _13546_/Y
 _13547_/X
 _13548_/Y
 _13549_/X
 _13550_/X
 _13551_/X
 _13552_/X
 _13553_/Y
 _13554_/X
 _13555_/X
 _13556_/X
 _13557_/X
 _13558_/X
 _13559_/X
 _13560_/Y
 _13561_/X
 _13562_/X
 _13563_/X
 _13564_/X
 _13565_/X
 _13566_/X
 _13567_/X
 _13568_/X
 _13569_/X
 _13570_/X
 _13571_/Y
 _13572_/X
 _13573_/X
 _13574_/X
 _13575_/X
 _13576_/X
 _13577_/X
 _13578_/X
 _13579_/Y
 _13580_/X
 _13581_/Y
 _13582_/X
 _13583_/X
 _13584_/X
 _13585_/X
 _13586_/Y
 _13587_/X
 _13588_/X
 _13589_/Y
 _13590_/X
 _13591_/Y
 _13592_/Y
 _13593_/X
 _13594_/X
 _13595_/X
 _13596_/X
 _13597_/X
 _13598_/Y
 _13599_/X
 _13600_/X
 _13601_/X
 _13602_/X
 _13603_/X
 _13604_/X
 _13605_/Y
 _13606_/X
 _13607_/X
 _13608_/Y
 _13609_/X
 _13610_/X
 _13611_/X
 _13612_/X
 _13613_/X
 _13614_/X
 _13615_/X
 _13616_/X
 _13617_/X
 _13618_/X
 _13619_/X
 _13620_/X
 _13621_/X
 _13622_/X
 _13623_/X
 _13624_/X
 _13625_/Y
 _13626_/X
 _13627_/X
 _13628_/X
 _13629_/X
 _13630_/X
 _13631_/Y
 _13632_/Y
 _13633_/Y
 _13634_/X
 _13635_/Y
 _13636_/X
 _13637_/X
 _13638_/Y
 _13639_/X
 _13640_/Y
 _13641_/Y
 _13642_/X
 _13643_/Y
 _13644_/X
 _13645_/X
 _13646_/X
 _13647_/X
 _13648_/X
 _13649_/X
 _13650_/Y
 _13651_/X
 _13652_/Y
 _13653_/X
 _13654_/Y
 _13655_/Y
 _13656_/X
 _13657_/X
 _13658_/X
 _13659_/Y
 _13660_/X
 _13661_/Y
 _13662_/X
 _13663_/X
 _13664_/X
 _13665_/Y
 _13666_/X
 _13667_/Y
 _13668_/X
 _13669_/X
 _13670_/X
 _13671_/X
 _13672_/Y
 _13673_/Y
 _13674_/X
 _13675_/X
 _13676_/X
 _13677_/X
 _13678_/Y
 _13679_/X
 _13680_/X
 _13681_/X
 _13682_/X
 _13683_/Y
 _13684_/X
 _13685_/X
 _13686_/X
 _13687_/X
 _13688_/X
 _13689_/X
 _13690_/X
 _13691_/X
 _13692_/X
 _13693_/X
 _13694_/X
 _13695_/X
 _13696_/X
 _13697_/X
 _13698_/X
 _13699_/X
 _13700_/X
 _13701_/X
 _13702_/X
 _13703_/Y
 _13704_/Y
 _13705_/X
 _13706_/Y
 _13707_/X
 _13708_/X
 _13709_/X
 _13710_/X
 _13711_/X
 _13712_/X
 _13713_/X
 _13714_/Y
 _13715_/X
 _13716_/X
 _13717_/X
 _13718_/Y
 _13719_/Y
 _13720_/X
 _13721_/X
 _13722_/X
 _13723_/Y
 _13724_/X
 _13725_/X
 _13726_/X
 _13727_/X
 _13728_/X
 _13729_/Y
 _13730_/X
 _13731_/X
 _13732_/X
 _13733_/Y
 _13734_/X
 _13735_/X
 _13736_/Y
 _13737_/X
 _13738_/Y
 _13739_/X
 _13740_/X
 _13741_/X
 _13742_/X
 _13743_/X
 _13744_/Y
 _13745_/X
 _13746_/Y
 _13747_/X
 _13748_/X
 _13749_/X
 _13750_/X
 _13751_/Y
 _13752_/X
 _13753_/X
 _13754_/X
 _13755_/X
 _13756_/X
 _13757_/X
 _13758_/X
 _13759_/X
 _13760_/X
 _13761_/X
 _13762_/X
 _13763_/X
 _13764_/X
 _13765_/X
 _13766_/Y
 _13767_/Y
 _13768_/X
 _13769_/Y
 _13770_/X
 _13771_/X
 _13772_/X
 _13773_/Y
 _13774_/X
 _13775_/X
 _13776_/X
 _13777_/X
 _13778_/X
 _13779_/X
 _13780_/X
 _13781_/X
 _13782_/X
 _13783_/X
 _13784_/Y
 _13785_/X
 _13786_/Y
 _13787_/X
 _13788_/X
 _13789_/Y
 _13790_/Y
 _13791_/X
 _13792_/X
 _13793_/X
 _13794_/X
 _13795_/X
 _13796_/X
 _13797_/X
 _13798_/X
 _13799_/X
 _13800_/X
 _13801_/X
 _13802_/X
 _13803_/X
 _13804_/X
 _13805_/X
 _13806_/X
 _13807_/X
 _13808_/Y
 _13809_/X
 _13810_/Y
 _13811_/X
 _13812_/X
 _13813_/Y
 _13814_/X
 _13815_/Y
 _13816_/X
 _13817_/X
 _13818_/X
 _13819_/Y
 _13820_/X
 _13821_/X
 _13822_/X
 _13823_/X
 _13824_/X
 _13825_/X
 _13826_/X
 _13827_/X
 _13828_/Y
 _13829_/Y
 _13830_/X
 _13831_/Y
 _13832_/X
 _13833_/X
 _13834_/X
 _13835_/Y
 _13836_/X
 _13837_/X
 _13838_/X
 _13839_/X
 _13840_/X
 _13841_/X
 _13842_/Y
 _13843_/X
 _13844_/Y
 _13845_/X
 _13846_/X
 _13847_/X
 _13848_/X
 _13849_/X
 _13850_/X
 _13851_/X
 _13852_/X
 _13853_/X
 _13854_/X
 _13855_/Y
 _13856_/X
 _13857_/X
 _13858_/X
 _13859_/X
 _13860_/X
 _13861_/Y
 _13862_/X
 _13863_/X
 _13864_/Y
 _13865_/X
 _13866_/X
 _13867_/X
 _13868_/X
 _13869_/Y
 _13870_/X
 _13871_/X
 _13872_/Y
 _13873_/X
 _13874_/Y
 _13875_/X
 _13876_/X
 _13877_/X
 _13878_/X
 _13879_/X
 _13880_/X
 _13881_/X
 _13882_/X
 _13883_/X
 _13884_/X
 _13885_/Y
 _13886_/Y
 _13887_/X
 _13888_/X
 _13889_/X
 _13890_/X
 _13891_/Y
 _13892_/X
 _13893_/Y
 _13894_/X
 _13895_/X
 _13896_/X
 _13897_/X
 _13898_/X
 _13899_/X
 _13900_/X
 _13901_/X
 _13902_/X
 _13903_/Y
 _13904_/Y
 _13905_/Y
 _13906_/X
 _13907_/X
 _13908_/X
 _13909_/Y
 _13910_/X
 _13911_/Y
 _13912_/X
 _13913_/X
 _13914_/X
 _13915_/X
 _13916_/Y
 _13917_/X
 _13918_/Y
 _13919_/X
 _13920_/X
 _13921_/X
 _13922_/X
 _13923_/X
 _13924_/X
 _13925_/X
 _13926_/X
 _13927_/Y
 _13928_/X
 _13929_/X
 _13930_/X
 _13931_/X
 _13932_/X
 _13933_/X
 _13934_/X
 _13935_/X
 _13936_/X
 _13937_/Y
 _13938_/Y
 _13939_/X
 _13940_/Y
 _13941_/X
 _13942_/Y
 _13943_/X
 _13944_/X
 _13945_/Y
 _13946_/X
 _13947_/X
 _13948_/Y
 _13949_/Y
 _13950_/X
 _13951_/X
 _13952_/Y
 _13953_/X
 _13954_/X
 _13955_/X
 _13956_/X
 _13957_/X
 _13958_/X
 _13959_/Y
 _13960_/X
 _13961_/X
 _13962_/X
 _13963_/X
 _13964_/X
 _13965_/Y
 _13966_/X
 _13967_/X
 _13968_/Y
 _13969_/Y
 _13970_/X
 _13971_/X
 _13972_/X
 _13973_/Y
 _13974_/X
 _13975_/X
 _13976_/Y
 _13977_/X
 _13978_/X
 _13979_/Y
 _13980_/X
 _13981_/X
 _13982_/Y
 _13983_/X
 _13984_/Y
 _13985_/X
 _13986_/X
 _13987_/X
 _13988_/X
 _13989_/X
 _13990_/X
 _13991_/X
 _13992_/Y
 _13993_/X
 _13994_/X
 _13995_/X
 _13996_/X
 _13997_/Y
 _13998_/X
 _13999_/X
 _14000_/X
 _14001_/X
 _14002_/X
 _14003_/Y
 _14004_/Y
 _14005_/X
 _14006_/X
 _14007_/X
 _14008_/X
 _14009_/X
 _14010_/X
 _14011_/X
 _14012_/X
 _14013_/X
 _14014_/X
 _14015_/X
 _14016_/X
 _14017_/X
 _14018_/Y
 _14019_/X
 _14020_/X
 _14021_/X
 _14022_/X
 _14023_/X
 _14024_/X
 _14025_/Y
 _14026_/X
 _14027_/X
 _14028_/X
 _14029_/X
 _14030_/X
 _14031_/X
 _14032_/Y
 _14033_/X
 _14034_/X
 _14035_/X
 _14036_/X
 _14037_/X
 _14038_/X
 _14039_/X
 _14040_/Y
 _14041_/Y
 _14042_/X
 _14043_/X
 _14044_/X
 _14045_/Y
 _14046_/Y
 _14047_/X
 _14048_/X
 _14049_/X
 _14050_/X
 _14051_/X
 _14052_/X
 _14053_/X
 _14054_/X
 _14055_/X
 _14056_/X
 _14057_/X
 _14058_/X
 _14059_/Y
 _14060_/X
 _14061_/Y
 _14062_/X
 _14063_/Y
 _14064_/X
 _14065_/X
 _14066_/X
 _14067_/Y
 _14068_/X
 _14069_/X
 _14070_/Y
 _14071_/X
 _14072_/X
 _14073_/X
 _14074_/Y
 _14075_/X
 _14076_/X
 _14077_/Y
 _14078_/Y
 _14079_/X
 _14080_/X
 _14081_/X
 _14082_/Y
 _14083_/X
 _14084_/X
 _14085_/Y
 _14086_/Y
 _14087_/X
 _14088_/X
 _14089_/X
 _14090_/Y
 _14091_/Y
 _14092_/Y
 _14093_/X
 _14094_/X
 _14095_/X
 _14096_/X
 _14097_/X
 _14098_/Y
 _14099_/X
 _14100_/X
 _14101_/X
 _14102_/Y
 _14103_/X
 _14104_/X
 _14105_/X
 _14106_/Y
 _14107_/Y
 _14108_/Y
 _14109_/X
 _14110_/X
 _14111_/X
 _14112_/Y
 _14113_/Y
 _14114_/Y
 _14115_/X
 _14116_/X
 _14117_/X
 _14118_/X
 _14119_/Y
 _14120_/Y
 _14121_/Y
 _14122_/Y
 _14123_/X
 _14124_/Y
 _14125_/X
 _14126_/Y
 _14127_/Y
 _14128_/X
 _14129_/X
 _14130_/Y
 _14131_/Y
 _14132_/Y
 _14133_/X
 _14134_/Y
 _14135_/Y
 _14136_/X
 _14137_/Y
 _14138_/X
 _14139_/Y
 _14140_/X
 _14141_/Y
 _14142_/X
 _14143_/X
 _14144_/Y
 _14145_/Y
 _14146_/Y
 _14147_/X
 _14148_/Y
 _14149_/X
 _14150_/Y
 _14151_/Y
 _14152_/X
 _14153_/X
 _14154_/Y
 _14155_/X
 _14156_/Y
 _14157_/Y
 _14158_/Y
 _14159_/X
 _14160_/X
 _14161_/X
 _14162_/Y
 _14163_/X
 _14164_/X
 _14165_/Y
 _14166_/X
 _14167_/Y
 _14168_/X
 _14169_/Y
 _14170_/Y
 _14171_/Y
 _14172_/X
 _14173_/X
 _14174_/X
 _14175_/Y
 _14176_/Y
 _14177_/Y
 _14178_/X
 _14179_/X
 _14180_/X
 _14181_/X
 _14182_/Y
 _14183_/Y
 _14184_/X
 _14185_/X
 _14186_/X
 _14187_/Y
 _14188_/Y
 _14189_/Y
 _14190_/X
 _14191_/X
 _14192_/X
 _14193_/X
 _14194_/Y
 _14195_/Y
 _14196_/X
 _14197_/Y
 _14198_/Y
 _14199_/X
 _14200_/X
 _14201_/X
 _14202_/X
 _14203_/X
 _14204_/Y
 _14205_/X
 _14206_/Y
 _14207_/X
 _14208_/Y
 _14209_/X
 _14210_/Y
 _14211_/X
 _14212_/X
 _14213_/X
 _14214_/Y
 _14215_/Y
 _14216_/X
 _14217_/Y
 _14218_/X
 _14219_/Y
 _14220_/X
 _14221_/Y
 _14222_/Y
 _14223_/X
 _14224_/X
 _14225_/X
 _14226_/Y
 _14227_/Y
 _14228_/X
 _14229_/Y
 _14230_/X
 _14231_/Y
 _14232_/X
 _14233_/Y
 _14234_/X
 _14235_/X
 _14236_/X
 _14237_/Y
 _14238_/Y
 _14239_/Y
 _14240_/Y
 _14241_/X
 _14242_/Y
 _14243_/X
 _14244_/Y
 _14245_/Y
 _14246_/X
 _14247_/Y
 _14248_/X
 _14249_/X
 _14250_/Y
 _14251_/X
 _14252_/X
 _14253_/Y
 _14254_/X
 _14255_/Y
 _14256_/Y
 _14257_/X
 _14258_/Y
 _14259_/X
 _14260_/Y
 _14261_/Y
 _14262_/Y
 _14263_/X
 _14264_/X
 _14265_/X
 _14266_/X
 _14267_/Y
 _14268_/X
 _14269_/Y
 _14270_/Y
 _14271_/X
 _14272_/Y
 _14273_/X
 _14274_/Y
 _14275_/Y
 _14276_/Y
 _14277_/Y
 _14278_/Y
 _14279_/Y
 _14280_/Y
 _14281_/X
 _14282_/Y
 _14283_/X
 _14284_/Y
 _14285_/X
 _14286_/Y
 _14287_/X
 _14288_/X
 _14289_/X
 _14290_/X
 _14291_/Y
 _14292_/Y
 _14293_/X
 _14294_/X
 _14295_/Y
 _14296_/Y
 _14297_/X
 _14298_/X
 _14299_/X
 _14300_/X
 _14301_/X
 _14302_/Y
 _14303_/X
 _14304_/Y
 _14305_/Y
 _14306_/X
 _14307_/Y
 _14308_/X
 _14309_/X
 _14310_/X
 _14311_/Y
 _14312_/X
 _14313_/Y
 _14314_/X
 _14315_/Y
 _14316_/Y
 _14317_/Y
 _14318_/Y
 _14319_/X
 _14320_/Y
 _14321_/X
 _14322_/X
 _14323_/Y
 _14324_/X
 _14325_/X
 _14326_/X
 _14327_/X
 _14328_/Y
 _14329_/X
 _14330_/Y
 _14331_/X
 _14332_/X
 _14333_/Y
 _14334_/X
 _14335_/Y
 _14336_/X
 _14337_/X
 _14338_/X
 _14339_/Y
 _14340_/Y
 _14341_/X
 _14342_/X
 _14343_/Y
 _14344_/Y
 _14345_/Y
 _14346_/Y
 _14347_/Y
 _14348_/Y
 _14349_/X
 _14350_/Y
 _14351_/X
 _14352_/X
 _14353_/X
 _14354_/X
 _14355_/Y
 _14356_/Y
 _14357_/X
 _14358_/Y
 _14359_/Y
 _14360_/X
 _14361_/X
 _14362_/X
 _14363_/X
 _14364_/X
 _14365_/X
 _14366_/Y
 _14367_/Y
 _14368_/X
 _14369_/X
 _14370_/X
 _14371_/Y
 _14372_/X
 _14373_/X
 _14374_/Y
 _14375_/X
 _14376_/Y
 _14377_/Y
 _14378_/X
 _14379_/Y
 _14380_/Y
 _14381_/X
 _14382_/X
 _14383_/Y
 _14384_/Y
 _14385_/X
 _14386_/X
 _14387_/Y
 _14388_/Y
 _14389_/X
 _14390_/Y
 _14391_/X
 _14392_/Y
 _14393_/X
 _14394_/Y
 _14395_/X
 _14396_/Y
 _14397_/Y
 _14398_/X
 _14399_/Y
 _14400_/X
 _14401_/Y
 _14402_/X
 _14403_/Y
 _14404_/Y
 _14405_/X
 _14406_/X
 _14407_/Y
 _14408_/X
 _14409_/Y
 _14410_/X
 _14411_/X
 _14412_/Y
 _14413_/Y
 _14414_/X
 _14415_/Y
 _14416_/X
 _14417_/X
 _14418_/Y
 _14419_/Y
 _14420_/Y
 _14421_/X
 _14422_/Y
 _14423_/X
 _14424_/Y
 _14425_/Y
 _14426_/X
 _14427_/X
 _14428_/X
 _14429_/X
 _14430_/X
 _14431_/X
 _14432_/X
 _14433_/Y
 _14434_/Y
 _14435_/X
 _14436_/Y
 _14437_/Y
 _14438_/X
 _14439_/Y
 _14440_/Y
 _14441_/X
 _14442_/Y
 _14443_/X
 _14444_/Y
 _14445_/X
 _14446_/Y
 _14447_/X
 _14448_/Y
 _14449_/Y
 _14450_/X
 _14451_/X
 _14452_/X
 _14453_/Y
 _14454_/Y
 _14455_/X
 _14456_/X
 _14457_/X
 _14458_/X
 _14459_/X
 _14460_/Y
 _14461_/X
 _14462_/Y
 _14463_/X
 _14464_/X
 _14465_/Y
 _14466_/Y
 _14467_/Y
 _14468_/Y
 _14469_/X
 _14470_/X
 _14471_/Y
 _14472_/Y
 _14473_/X
 _14474_/Y
 _14475_/Y
 _14476_/Y
 _14477_/X
 _14478_/Y
 _14479_/Y
 _14480_/X
 _14481_/X
 _14482_/Y
 _14483_/X
 _14484_/Y
 _14485_/X
 _14486_/X
 _14487_/X
 _14488_/X
 _14489_/X
 _14490_/Y
 _14491_/Y
 _14492_/X
 _14493_/X
 _14494_/Y
 _14495_/X
 _14496_/Y
 _14497_/X
 _14498_/X
 _14499_/Y
 _14500_/Y
 _14501_/Y
 _14502_/Y
 _14503_/X
 _14504_/X
 _14505_/Y
 _14506_/Y
 _14507_/Y
 _14508_/X
 _14509_/X
 _14510_/Y
 _14511_/X
 _14512_/Y
 _14513_/Y
 _14514_/X
 _14515_/Y
 _14516_/Y
 _14517_/Y
 _14518_/X
 _14519_/Y
 _14520_/Y
 _14521_/Y
 _14522_/Y
 _14523_/Y
 _14524_/X
 _14525_/X
 _14526_/Y
 _14527_/Y
 _14528_/Y
 _14529_/X
 _14530_/Y
 _14531_/X
 _14532_/X
 _14533_/X
 _14534_/X
 _14535_/Y
 _14536_/X
 _14537_/X
 _14538_/Y
 _14539_/Y
 _14540_/X
 _14541_/Y
 _14542_/X
 _14543_/Y
 _14544_/Y
 _14545_/X
 _14546_/Y
 _14547_/Y
 _14548_/X
 _14549_/X
 _14550_/X
 _14551_/Y
 _14552_/X
 _14553_/Y
 _14554_/X
 _14555_/X
 _14556_/X
 _14557_/Y
 _14558_/Y
 _14559_/Y
 _14560_/Y
 _14561_/X
 _14562_/X
 _14563_/X
 _14564_/Y
 _14565_/Y
 _14566_/X
 _14567_/X
 _14568_/Y
 _14569_/X
 _14570_/X
 _14571_/X
 _14572_/Y
 _14573_/Y
 _14574_/Y
 _14575_/X
 _14576_/X
 _14577_/Y
 _14578_/Y
 _14579_/X
 _14580_/Y
 _14581_/X
 _14582_/Y
 _14583_/Y
 _14584_/X
 _14585_/X
 _14586_/X
 _14587_/X
 _14588_/X
 _14589_/Y
 _14590_/X
 _14591_/X
 _14592_/X
 _14593_/X
 _14594_/X
 _14595_/Y
 _14596_/X
 _14597_/X
 _14598_/X
 _14599_/X
 _14600_/X
 _14601_/Y
 _14602_/Y
 _14603_/X
 _14604_/X
 _14605_/X
 _14606_/Y
 _14607_/X
 _14608_/Y
 _14609_/X
 _14610_/Y
 _14611_/Y
 _14612_/Y
 _14613_/Y
 _14614_/X
 _14615_/Y
 _14616_/X
 _14617_/Y
 _14618_/X
 _14619_/Y
 _14620_/X
 _14621_/Y
 _14622_/Y
 _14623_/X
 _14624_/X
 _14625_/Y
 _14626_/Y
 _14627_/Y
 _14628_/X
 _14629_/Y
 _14630_/X
 _14631_/Y
 _14632_/Y
 _14633_/Y
 _14634_/X
 _14635_/Y
 _14636_/Y
 _14637_/Y
 _14638_/Y
 _14639_/Y
 _14640_/Y
 _14641_/X
 _14642_/X
 _14643_/Y
 _14644_/Y
 _14645_/Y
 _14646_/Y
 _14647_/Y
 _14648_/Y
 _14649_/Y
 _14650_/X
 _14651_/Y
 _14652_/Y
 _14653_/X
 _14654_/X
 _14655_/X
 _14656_/Y
 _14657_/Y
 _14658_/Y
 _14659_/X
 _14660_/Y
 _14661_/X
 _14662_/Y
 _14663_/X
 _14664_/X
 _14665_/Y
 _14666_/X
 _14667_/Y
 _14668_/Y
 _14669_/X
 _14670_/Y
 _14671_/Y
 _14672_/X
 _14673_/X
 _14674_/X
 _14675_/X
 _14676_/X
 _14677_/X
 _14678_/Y
 _14679_/X
 _14680_/X
 _14681_/Y
 _14682_/X
 _14683_/X
 _14684_/Y
 _14685_/X
 _14686_/X
 _14687_/Y
 _14688_/Y
 _14689_/Y
 _14690_/X
 _14691_/X
 _14692_/Y
 _14693_/Y
 _14694_/Y
 _14695_/X
 _14696_/Y
 _14697_/X
 _14698_/Y
 _14699_/Y
 _14700_/Y
 _14701_/X
 _14702_/X
 _14703_/Y
 _14704_/Y
 _14705_/Y
 _14706_/X
 _14707_/Y
 _14708_/X
 _14709_/X
 _14710_/Y
 _14711_/X
 _14712_/X
 _14713_/X
 _14714_/Y
 _14715_/X
 _14716_/Y
 _14717_/Y
 _14718_/X
 _14719_/Y
 _14720_/X
 _14721_/X
 _14722_/X
 _14723_/X
 _14724_/X
 _14725_/X
 _14726_/Y
 _14727_/X
 _14728_/Y
 _14729_/X
 _14730_/Y
 _14731_/X
 _14732_/X
 _14733_/Y
 _14734_/Y
 _14735_/Y
 _14736_/Y
 _14737_/X
 _14738_/X
 _14739_/X
 _14740_/X
 _14741_/Y
 _14742_/X
 _14743_/X
 _14744_/X
 _14745_/Y
 _14746_/X
 _14747_/X
 _14748_/X
 _14749_/X
 _14750_/X
 _14751_/Y
 _14752_/X
 _14753_/X
 _14754_/Y
 _14755_/X
 _14756_/X
 _14757_/X
 _14758_/X
 _14759_/Y
 _14760_/X
 _14761_/Y
 _14762_/Y
 _14763_/X
 _14764_/Y
 _14765_/Y
 _14766_/X
 _14767_/Y
 _14768_/X
 _14769_/Y
 _14770_/Y
 _14771_/Y
 _14772_/X
 _14773_/X
 _14774_/X
 _14775_/Y
 _14776_/Y
 _14777_/X
 _14778_/X
 _14779_/X
 _14780_/Y
 _14781_/Y
 _14782_/X
 _14783_/X
 _14784_/X
 _14785_/X
 _14786_/Y
 _14787_/X
 _14788_/Y
 _14789_/Y
 _14790_/Y
 _14791_/X
 _14792_/X
 _14793_/Y
 _14794_/X
 _14795_/X
 _14796_/X
 _14797_/X
 _14798_/Y
 _14799_/Y
 _14800_/Y
 _14801_/X
 _14802_/Y
 _14803_/X
 _14804_/X
 _14805_/X
 _14806_/X
 _14807_/X
 _14808_/Y
 _14809_/Y
 _14810_/X
 _14811_/X
 _14812_/X
 _14813_/X
 _14814_/Y
 _14815_/Y
 _14816_/X
 _14817_/X
 _14818_/X
 _14819_/Y
 _14820_/X
 _14821_/X
 _14822_/X
 _14823_/Y
 _14824_/X
 _14825_/Y
 _14826_/X
 _14827_/X
 _14828_/X
 _14829_/X
 _14830_/X
 _14831_/X
 _14832_/X
 _14833_/X
 _14834_/X
 _14835_/Y
 _14836_/X
 _14837_/X
 _14838_/X
 _14839_/X
 _14840_/X
 _14841_/X
 _14842_/X
 _14843_/Y
 _14844_/X
 _14845_/X
 _14846_/Y
 _14847_/Y
 _14848_/X
 _14849_/Y
 _14850_/X
 _14851_/Y
 _14852_/X
 _14853_/X
 _14854_/Y
 _14855_/X
 _14856_/X
 _14857_/X
 _14858_/X
 _14859_/X
 _14860_/Y
 _14861_/X
 _14862_/X
 _14863_/X
 _14864_/X
 _14865_/Y
 _14866_/X
 _14867_/X
 _14868_/X
 _14869_/Y
 _14870_/Y
 _14871_/Y
 _14872_/X
 _14873_/Y
 _14874_/Y
 _14875_/X
 _14876_/X
 _14877_/Y
 _14878_/X
 _14879_/X
 _14880_/X
 _14881_/X
 _14882_/X
 _14883_/Y
 _14884_/X
 _14885_/Y
 _14886_/X
 _14887_/X
 _14888_/X
 _14889_/X
 _14890_/X
 _14891_/Y
 _14892_/X
 _14893_/X
 _14894_/Y
 _14895_/X
 _14896_/X
 _14897_/X
 _14898_/X
 _14899_/Y
 _14900_/X
 _14901_/X
 _14902_/Y
 _14903_/X
 _14904_/X
 _14905_/Y
 _14906_/X
 _14907_/Y
 _14908_/X
 _14909_/X
 _14910_/X
 _14911_/X
 _14912_/Y
 _14913_/Y
 _14914_/X
 _14915_/X
 _14916_/X
 _14917_/X
 _14918_/Y
 _14919_/Y
 _14920_/X
 _14921_/Y
 _14922_/X
 _14923_/Y
 _14924_/X
 _14925_/X
 _14926_/Y
 _14927_/Y
 _14928_/Y
 _14929_/X
 _14930_/Y
 _14931_/X
 _14932_/X
 _14933_/X
 _14934_/X
 _14935_/X
 _14936_/X
 _14937_/X
 _14938_/Y
 _14939_/X
 _14940_/X
 _14941_/X
 _14942_/X
 _14943_/Y
 _14944_/Y
 _14945_/X
 _14946_/X
 _14947_/X
 _14948_/X
 _14949_/X
 _14950_/X
 _14951_/X
 _14952_/X
 _14953_/Y
 _14954_/X
 _14955_/X
 _14956_/X
 _14957_/X
 _14958_/Y
 _14959_/X
 _14960_/Y
 _14961_/X
 _14962_/X
 _14963_/X
 _14964_/X
 _14965_/X
 _14966_/Y
 _14967_/Y
 _14968_/X
 _14969_/Y
 _14970_/Y
 _14971_/Y
 _14972_/Y
 _14973_/X
 _14974_/X
 _14975_/X
 _14976_/X
 _14977_/Y
 _14978_/X
 _14979_/Y
 _14980_/X
 _14981_/Y
 _14982_/X
 _14983_/Y
 _14984_/X
 _14985_/X
 _14986_/Y
 _14987_/X
 _14988_/X
 _14989_/Y
 _14990_/X
 _14991_/X
 _14992_/X
 _14993_/Y
 _14994_/X
 _14995_/X
 _14996_/X
 _14997_/Y
 _14998_/X
 _14999_/Y
 _15000_/X
 _15001_/X
 _15002_/X
 _15003_/X
 _15004_/Y
 _15005_/X
 _15006_/X
 _15007_/X
 _15008_/X
 _15009_/Y
 _15010_/Y
 _15011_/X
 _15012_/Y
 _15013_/Y
 _15014_/X
 _15015_/X
 _15016_/X
 _15017_/X
 _15018_/X
 _15019_/X
 _15020_/X
 _15021_/X
 _15022_/Y
 _15023_/X
 _15024_/X
 _15025_/X
 _15026_/X
 _15027_/X
 _15028_/X
 _15029_/Y
 _15030_/Y
 _15031_/X
 _15032_/X
 _15033_/X
 _15034_/X
 _15035_/Y
 _15036_/X
 _15037_/Y
 _15038_/X
 _15039_/Y
 _15040_/X
 _15041_/X
 _15042_/Y
 _15043_/Y
 _15044_/X
 _15045_/X
 _15046_/X
 _15047_/X
 _15048_/Y
 _15049_/Y
 _15050_/Y
 _15051_/X
 _15052_/X
 _15053_/Y
 _15054_/X
 _15055_/X
 _15056_/Y
 _15057_/X
 _15058_/Y
 _15059_/X
 _15060_/X
 _15061_/X
 _15062_/Y
 _15063_/X
 _15064_/X
 _15065_/Y
 _15066_/X
 _15067_/X
 _15068_/Y
 _15069_/Y
 _15070_/X
 _15071_/X
 _15072_/X
 _15073_/X
 _15074_/Y
 _15075_/X
 _15076_/X
 _15077_/Y
 _15078_/Y
 _15079_/X
 _15080_/Y
 _15081_/Y
 _15082_/X
 _15083_/X
 _15084_/X
 _15085_/Y
 _15086_/X
 _15087_/Y
 _15088_/X
 _15089_/X
 _15090_/X
 _15091_/Y
 _15092_/X
 _15093_/X
 _15094_/Y
 _15095_/Y
 _15096_/X
 _15097_/X
 _15098_/X
 _15099_/Y
 _15100_/X
 _15101_/Y
 _15102_/Y
 _15103_/X
 _15104_/X
 _15105_/Y
 _15106_/Y
 _15107_/X
 _15108_/X
 _15109_/X
 _15110_/X
 _15111_/Y
 _15112_/X
 _15113_/Y
 _15114_/X
 _15115_/X
 _15116_/X
 _15117_/X
 _15118_/Y
 _15119_/Y
 _15120_/X
 _15121_/X
 _15122_/Y
 _15123_/X
 _15124_/X
 _15125_/Y
 _15126_/X
 _15127_/X
 _15128_/X
 _15129_/Y
 _15130_/X
 _15131_/X
 _15132_/X
 _15133_/Y
 _15134_/X
 _15135_/X
 _15136_/Y
 _15137_/X
 _15138_/X
 _15139_/Y
 _15140_/X
 _15141_/Y
 _15142_/X
 _15143_/Y
 _15144_/X
 _15145_/Y
 _15146_/X
 _15147_/X
 _15148_/X
 _15149_/X
 _15150_/X
 _15151_/Y
 _15152_/X
 _15153_/X
 _15154_/X
 _15155_/Y
 _15156_/X
 _15157_/Y
 _15158_/X
 _15159_/X
 _15160_/X
 _15161_/X
 _15162_/Y
 _15163_/Y
 _15164_/X
 _15165_/X
 _15166_/X
 _15167_/Y
 _15168_/X
 _15169_/X
 _15170_/X
 _15171_/Y
 _15172_/X
 _15173_/X
 _15174_/X
 _15175_/X
 _15176_/Y
 _15177_/Y
 _15178_/X
 _15179_/X
 _15180_/X
 _15181_/X
 _15182_/X
 _15183_/X
 _15184_/X
 _15185_/Y
 _15186_/X
 _15187_/X
 _15188_/X
 _15189_/X
 _15190_/X
 _15191_/X
 _15192_/X
 _15193_/X
 _15194_/X
 _15195_/X
 _15196_/X
 _15197_/X
 _15198_/X
 _15199_/Y
 _15200_/X
 _15201_/X
 _15202_/X
 _15203_/X
 _15204_/Y
 _15205_/X
 _15206_/X
 _15207_/Y
 _15208_/Y
 _15209_/Y
 _15210_/X
 _15211_/X
 _15212_/X
 _15213_/X
 _15214_/X
 _15215_/X
 _15216_/X
 _15217_/X
 _15218_/X
 _15219_/X
 _15220_/Y
 _15221_/X
 _15222_/X
 _15223_/Y
 _15224_/X
 _15225_/Y
 _15226_/X
 _15227_/Y
 _15228_/X
 _15229_/X
 _15230_/X
 _15231_/X
 _15232_/X
 _15233_/X
 _15234_/X
 _15235_/X
 _15236_/X
 _15237_/Y
 _15238_/X
 _15239_/X
 _15240_/Y
 _15241_/X
 _15242_/Y
 _15243_/X
 _15244_/X
 _15245_/X
 _15246_/X
 _15247_/X
 _15248_/X
 _15249_/Y
 _15250_/X
 _15251_/X
 _15252_/X
 _15253_/X
 _15254_/X
 _15255_/X
 _15256_/X
 _15257_/Y
 _15258_/X
 _15259_/Y
 _15260_/X
 _15261_/X
 _15262_/X
 _15263_/X
 _15264_/X
 _15265_/Y
 _15266_/X
 _15267_/X
 _15268_/X
 _15269_/Y
 _15270_/Y
 _15271_/X
 _15272_/X
 _15273_/X
 _15274_/Y
 _15275_/Y
 _15276_/X
 _15277_/X
 _15278_/X
 _15279_/Y
 _15280_/X
 _15281_/X
 _15282_/Y
 _15283_/Y
 _15284_/Y
 _15285_/Y
 _15286_/Y
 _15287_/X
 _15288_/Y
 _15289_/X
 _15290_/X
 _15291_/Y
 _15292_/X
 _15293_/Y
 _15294_/X
 _15295_/X
 _15296_/X
 _15297_/X
 _15298_/X
 _15299_/X
 _15300_/X
 _15301_/X
 _15302_/Y
 _15303_/Y
 _15304_/X
 _15305_/Y
 _15306_/X
 _15307_/Y
 _15308_/X
 _15309_/Y
 _15310_/X
 _15311_/X
 _15312_/X
 _15313_/X
 _15314_/X
 _15315_/Y
 _15316_/X
 _15317_/X
 _15318_/X
 _15319_/Y
 _15320_/X
 _15321_/X
 _15322_/X
 _15323_/Y
 _15324_/X
 _15325_/X
 _15326_/X
 _15327_/Y
 _15328_/X
 _15329_/X
 _15330_/X
 _15331_/X
 _15332_/Y
 _15333_/X
 _15334_/Y
 _15335_/X
 _15336_/X
 _15337_/X
 _15338_/X
 _15339_/X
 _15340_/X
 _15341_/X
 _15342_/Y
 _15343_/Y
 _15344_/X
 _15345_/X
 _15346_/X
 _15347_/X
 _15348_/X
 _15349_/Y
 _15350_/X
 _15351_/X
 _15352_/X
 _15353_/X
 _15354_/X
 _15355_/X
 _15356_/X
 _15357_/X
 _15358_/Y
 _15359_/X
 _15360_/X
 _15361_/X
 _15362_/X
 _15363_/Y
 _15364_/Y
 _15365_/Y
 _15366_/Y
 _15367_/Y
 _15368_/X
 _15369_/Y
 _15370_/Y
 _15371_/Y
 _15372_/Y
 _15373_/X
 _15374_/Y
 _15375_/X
 _15376_/X
 _15377_/Y
 _15378_/Y
 _15379_/X
 _15380_/X
 _15381_/X
 _15382_/Y
 _15383_/Y
 _15384_/X
 _15385_/Y
 _15386_/X
 _15387_/X
 _15388_/X
 _15389_/Y
 _15390_/Y
 _15391_/X
 _15392_/Y
 _15393_/Y
 _15394_/X
 _15395_/X
 _15396_/X
 _15397_/X
 _15398_/X
 _15399_/X
 _15400_/X
 _15401_/Y
 _15402_/Y
 _15403_/X
 _15404_/X
 _15405_/X
 _15406_/X
 _15407_/X
 _15408_/X
 _15409_/X
 _15410_/X
 _15411_/X
 _15412_/X
 _15413_/X
 _15414_/X
 _15415_/Y
 _15416_/X
 _15417_/X
 _15418_/X
 _15419_/Y
 _15420_/X
 _15421_/X
 _15422_/Y
 _15423_/X
 _15424_/X
 _15425_/X
 _15426_/X
 _15427_/X
 _15428_/X
 _15429_/Y
 _15430_/X
 _15431_/X
 _15432_/X
 _15433_/Y
 _15434_/X
 _15435_/X
 _15436_/Y
 _15437_/Y
 _15438_/X
 _15439_/X
 _15440_/X
 _15441_/X
 _15442_/X
 _15443_/X
 _15444_/X
 _15445_/X
 _15446_/X
 _15447_/X
 _15448_/X
 _15449_/X
 _15450_/X
 _15451_/X
 _15452_/X
 _15453_/Y
 _15454_/X
 _15455_/Y
 _15456_/X
 _15457_/X
 _15458_/X
 _15459_/Y
 _15460_/X
 _15461_/X
 _15462_/X
 _15463_/X
 _15464_/Y
 _15465_/Y
 _15466_/Y
 _15467_/X
 _15468_/X
 _15469_/X
 _15470_/X
 _15471_/X
 _15472_/Y
 _15473_/X
 _15474_/X
 _15475_/X
 _15476_/X
 _15477_/X
 _15478_/X
 _15479_/X
 _15480_/X
 _15481_/Y
 _15482_/X
 _15483_/X
 _15484_/Y
 _15485_/X
 _15486_/X
 _15487_/X
 _15488_/X
 _15489_/X
 _15490_/X
 _15491_/X
 _15492_/X
 _15493_/X
 _15494_/X
 _15495_/Y
 _15496_/X
 _15497_/X
 _15498_/X
 _15499_/X
 _15500_/X
 _15501_/Y
 _15502_/X
 _15503_/Y
 _15504_/X
 _15505_/X
 _15506_/X
 _15507_/X
 _15508_/Y
 _15509_/X
 _15510_/Y
 _15511_/X
 _15512_/X
 _15513_/Y
 _15514_/X
 _15515_/X
 _15516_/X
 _15517_/X
 _15518_/X
 _15519_/Y
 _15520_/X
 _15521_/X
 _15522_/X
 _15523_/X
 _15524_/X
 _15525_/Y
 _15526_/Y
 _15527_/X
 _15528_/X
 _15529_/X
 _15530_/X
 _15531_/X
 _15532_/Y
 _15533_/Y
 _15534_/X
 _15535_/Y
 _15536_/X
 _15537_/X
 _15538_/X
 _15539_/X
 _15540_/X
 _15541_/X
 _15542_/X
 _15543_/X
 _15544_/X
 _15545_/X
 _15546_/X
 _15547_/X
 _15548_/X
 _15549_/X
 _15550_/Y
 _15551_/X
 _15552_/Y
 _15553_/Y
 _15554_/X
 _15555_/X
 _15556_/X
 _15557_/X
 _15558_/X
 _15559_/X
 _15560_/X
 _15561_/Y
 _15562_/X
 _15563_/X
 _15564_/Y
 _15565_/X
 _15566_/Y
 _15567_/Y
 _15568_/Y
 _15569_/X
 _15570_/X
 _15571_/X
 _15572_/X
 _15573_/X
 _15574_/X
 _15575_/Y
 _15576_/X
 _15577_/X
 _15578_/Y
 _15579_/X
 _15580_/X
 _15581_/X
 _15582_/X
 _15583_/X
 _15584_/X
 _15585_/Y
 _15586_/X
 _15587_/X
 _15588_/X
 _15589_/X
 _15590_/X
 _15591_/X
 _15592_/X
 _15593_/X
 _15594_/X
 _15595_/X
 _15596_/Y
 _15597_/X
 _15598_/X
 _15599_/X
 _15600_/X
 _15601_/X
 _15602_/Y
 _15603_/X
 _15604_/X
 _15605_/X
 _15606_/X
 _15607_/X
 _15608_/X
 _15609_/X
 _15610_/X
 _15611_/X
 _15612_/X
 _15613_/X
 _15614_/X
 _15615_/X
 _15616_/Y
 _15617_/X
 _15618_/X
 _15619_/X
 _15620_/X
 _15621_/Y
 _15622_/X
 _15623_/X
 _15624_/X
 _15625_/X
 _15626_/X
 _15627_/X
 _15628_/X
 _15629_/X
 _15630_/X
 _15631_/Y
 _15632_/Y
 _15633_/X
 _15634_/X
 _15635_/Y
 _15636_/X
 _15637_/Y
 _15638_/X
 _15639_/X
 _15640_/X
 _15641_/Y
 _15642_/X
 _15643_/X
 _15644_/X
 _15645_/X
 _15646_/Y
 _15647_/Y
 _15648_/Y
 _15649_/X
 _15650_/Y
 _15651_/X
 _15652_/X
 _15653_/Y
 _15654_/Y
 _15655_/X
 _15656_/X
 _15657_/X
 _15658_/X
 _15659_/Y
 _15660_/X
 _15661_/X
 _15662_/Y
 _15663_/X
 _15664_/Y
 _15665_/Y
 _15666_/X
 _15667_/X
 _15668_/Y
 _15669_/X
 _15670_/X
 _15671_/Y
 _15672_/Y
 _15673_/X
 _15674_/X
 _15675_/X
 _15676_/X
 _15677_/X
 _15678_/X
 _15679_/X
 _15680_/X
 _15681_/X
 _15682_/Y
 _15683_/Y
 _15684_/X
 _15685_/X
 _15686_/X
 _15687_/Y
 _15688_/X
 _15689_/X
 _15690_/X
 _15691_/X
 _15692_/X
 _15693_/Y
 _15694_/Y
 _15695_/X
 _15696_/X
 _15697_/X
 _15698_/X
 _15699_/Y
 _15700_/Y
 _15701_/X
 _15702_/X
 _15703_/Y
 _15704_/X
 _15705_/X
 _15706_/X
 _15707_/X
 _15708_/Y
 _15709_/X
 _15710_/Y
 _15711_/X
 _15712_/X
 _15713_/X
 _15714_/Y
 _15715_/Y
 _15716_/Y
 _15717_/X
 _15718_/Y
 _15719_/X
 _15720_/Y
 _15721_/Y
 _15722_/X
 _15723_/Y
 _15724_/X
 _15725_/Y
 _15726_/X
 _15727_/X
 _15728_/Y
 _15729_/Y
 _15730_/X
 _15731_/X
 _15732_/X
 _15733_/Y
 _15734_/X
 _15735_/Y
 _15736_/Y
 _15737_/X
 _15738_/Y
 _15739_/Y
 _15740_/Y
 _15741_/X
 _15742_/Y
 _15743_/Y
 _15744_/X
 _15745_/X
 _15746_/Y
 _15747_/X
 _15748_/Y
 _15749_/X
 _15750_/X
 _15751_/Y
 _15752_/X
 _15753_/X
 _15754_/X
 _15755_/Y
 _15756_/X
 _15757_/Y
 _15758_/X
 _15759_/X
 _15760_/X
 _15761_/Y
 _15762_/Y
 _15763_/Y
 _15764_/X
 _15765_/X
 _15766_/X
 _15767_/X
 _15768_/Y
 _15769_/Y
 _15770_/X
 _15771_/Y
 _15772_/X
 _15773_/Y
 _15774_/X
 _15775_/Y
 _15776_/Y
 _15777_/Y
 _15778_/Y
 _15779_/Y
 _15780_/Y
 _15781_/X
 _15782_/X
 _15783_/X
 _15784_/X
 _15785_/Y
 _15786_/Y
 _15787_/Y
 _15788_/X
 _15789_/Y
 _15790_/X
 _15791_/X
 _15792_/Y
 _15793_/Y
 _15794_/X
 _15795_/Y
 _15796_/X
 _15797_/Y
 _15798_/Y
 _15799_/Y
 _15800_/X
 _15801_/X
 _15802_/Y
 _15803_/Y
 _15804_/Y
 _15805_/X
 _15806_/X
 _15807_/X
 _15808_/Y
 _15809_/X
 _15810_/X
 _15811_/Y
 _15812_/Y
 _15813_/Y
 _15814_/X
 _15815_/Y
 _15816_/X
 _15817_/Y
 _15818_/Y
 _15819_/X
 _15820_/X
 _15821_/X
 _15822_/X
 _15823_/Y
 _15824_/X
 _15825_/X
 _15826_/X
 _15827_/Y
 _15828_/X
 _15829_/Y
 _15830_/X
 _15831_/Y
 _15832_/X
 _15833_/X
 _15834_/X
 _15835_/Y
 _15836_/Y
 _15837_/Y
 _15838_/X
 _15839_/Y
 _15840_/Y
 _15841_/X
 _15842_/Y
 _15843_/Y
 _15844_/X
 _15845_/Y
 _15846_/Y
 _15847_/Y
 _15848_/Y
 _15849_/X
 _15850_/X
 _15851_/X
 _15852_/Y
 _15853_/Y
 _15854_/Y
 _15855_/Y
 _15856_/Y
 _15857_/X
 _15858_/Y
 _15859_/Y
 _15860_/Y
 _15861_/Y
 _15862_/X
 _15863_/Y
 _15864_/Y
 _15865_/Y
 _15866_/X
 _15867_/Y
 _15868_/X
 _15869_/X
 _15870_/X
 _15871_/Y
 _15872_/X
 _15873_/Y
 _15874_/X
 _15875_/Y
 _15876_/Y
 _15877_/X
 _15878_/Y
 _15879_/X
 _15880_/Y
 _15881_/Y
 _15882_/X
 _15883_/Y
 _15884_/X
 _15885_/X
 _15886_/Y
 _15887_/X
 _15888_/Y
 _15889_/X
 _15890_/Y
 _15891_/Y
 _15892_/X
 _15893_/Y
 _15894_/X
 _15895_/X
 _15896_/Y
 _15897_/Y
 _15898_/X
 _15899_/X
 _15900_/X
 _15901_/Y
 _15902_/X
 _15903_/Y
 _15904_/X
 _15905_/Y
 _15906_/X
 _15907_/Y
 _15908_/X
 _15909_/X
 _15910_/Y
 _15911_/X
 _15912_/Y
 _15913_/X
 _15914_/Y
 _15915_/X
 _15916_/Y
 _15917_/Y
 _15918_/X
 _15919_/Y
 _15920_/X
 _15921_/Y
 _15922_/Y
 _15923_/Y
 _15924_/X
 _15925_/Y
 _15926_/X
 _15927_/X
 _15928_/X
 _15929_/Y
 _15930_/X
 _15931_/Y
 _15932_/X
 _15933_/Y
 _15934_/X
 _15935_/Y
 _15936_/X
 _15937_/X
 _15938_/Y
 _15939_/X
 _15940_/X
 _15941_/X
 _15942_/Y
 _15943_/Y
 _15944_/Y
 _15945_/Y
 _15946_/X
 _15947_/Y
 _15948_/Y
 _15949_/Y
 _15950_/Y
 _15951_/X
 _15952_/X
 _15953_/X
 _15954_/X
 _15955_/X
 _15956_/X
 _15957_/X
 _15958_/Y
 _15959_/X
 _15960_/Y
 _15961_/X
 _15962_/X
 _15963_/X
 _15964_/Y
 _15965_/Y
 _15966_/Y
 _15967_/X
 _15968_/X
 _15969_/X
 _15970_/Y
 _15971_/Y
 _15972_/Y
 _15973_/Y
 _15974_/X
 _15975_/X
 _15976_/X
 _15977_/X
 _15978_/Y
 _15979_/X
 _15980_/X
 _15981_/X
 _15982_/X
 _15983_/Y
 _15984_/Y
 _15985_/X
 _15986_/X
 _15987_/Y
 _15988_/X
 _15989_/X
 _15990_/X
 _15991_/Y
 _15992_/X
 _15993_/Y
 _15994_/X
 _15995_/Y
 _15996_/X
 _15997_/X
 _15998_/Y
 _15999_/Y
 _16000_/X
 _16001_/X
 _16002_/X
 _16003_/Y
 _16004_/X
 _16005_/X
 _16006_/Y
 _16007_/Y
 _16008_/Y
 _16009_/Y
 _16010_/X
 _16011_/Y
 _16012_/Y
 _16013_/X
 _16014_/Y
 _16015_/X
 _16016_/Y
 _16017_/Y
 _16018_/Y
 _16019_/X
 _16020_/Y
 _16021_/X
 _16022_/X
 _16023_/Y
 _16024_/X
 _16025_/X
 _16026_/X
 _16027_/Y
 _16028_/X
 _16029_/X
 _16030_/X
 _16031_/Y
 _16032_/Y
 _16033_/X
 _16034_/Y
 _16035_/X
 _16036_/Y
 _16037_/X
 _16038_/Y
 _16039_/Y
 _16040_/X
 _16041_/X
 _16042_/Y
 _16043_/Y
 _16044_/X
 _16045_/X
 _16046_/X
 _16047_/Y
 _16048_/Y
 _16049_/Y
 _16050_/X
 _16051_/X
 _16052_/X
 _16053_/X
 _16054_/Y
 _16055_/X
 _16056_/X
 _16057_/X
 _16058_/X
 _16059_/X
 _16060_/X
 _16061_/X
 _16062_/X
 _16063_/Y
 _16064_/X
 _16065_/Y
 _16066_/X
 _16067_/Y
 _16068_/X
 _16069_/X
 _16070_/Y
 _16071_/Y
 _16072_/Y
 _16073_/Y
 _16074_/X
 _16075_/Y
 _16076_/X
 _16077_/Y
 _16078_/Y
 _16079_/Y
 _16080_/X
 _16081_/Y
 _16082_/X
 _16083_/X
 _16084_/Y
 _16085_/X
 _16086_/X
 _16087_/X
 _16088_/X
 _16089_/Y
 _16090_/X
 _16091_/X
 _16092_/Y
 _16093_/X
 _16094_/Y
 _16095_/Y
 _16096_/Y
 _16097_/X
 _16098_/Y
 _16099_/X
 _16100_/Y
 _16101_/X
 _16102_/Y
 _16103_/X
 _16104_/Y
 _16105_/X
 _16106_/X
 _16107_/Y
 _16108_/X
 _16109_/Y
 _16110_/Y
 _16111_/Y
 _16112_/X
 _16113_/Y
 _16114_/X
 _16115_/X
 _16116_/Y
 _16117_/X
 _16118_/Y
 _16119_/Y
 _16120_/Y
 _16121_/Y
 _16122_/Y
 _16123_/X
 _16124_/Y
 _16125_/Y
 _16126_/X
 _16127_/X
 _16128_/X
 _16129_/Y
 _16130_/Y
 _16131_/X
 _16132_/Y
 _16133_/Y
 _16134_/Y
 _16135_/X
 _16136_/X
 _16137_/Y
 _16138_/X
 _16139_/Y
 _16140_/X
 _16141_/X
 _16142_/X
 _16143_/X
 _16144_/Y
 _16145_/X
 _16146_/X
 _16147_/X
 _16148_/X
 _16149_/X
 _16150_/X
 _16151_/X
 _16152_/X
 _16153_/Y
 _16154_/Y
 _16155_/Y
 _16156_/X
 _16157_/X
 _16158_/X
 _16159_/Y
 _16160_/X
 _16161_/X
 _16162_/Y
 _16163_/X
 _16164_/Y
 _16165_/Y
 _16166_/Y
 _16167_/Y
 _16168_/X
 _16169_/Y
 _16170_/X
 _16171_/X
 _16172_/Y
 _16173_/X
 _16174_/X
 _16175_/Y
 _16176_/X
 _16177_/Y
 _16178_/Y
 _16179_/X
 _16180_/X
 _16181_/X
 _16182_/Y
 _16183_/X
 _16184_/Y
 _16185_/X
 _16186_/X
 _16187_/Y
 _16188_/Y
 _16189_/Y
 _16190_/X
 _16191_/X
 _16192_/Y
 _16193_/Y
 _16194_/Y
 _16195_/Y
 _16196_/Y
 _16197_/X
 _16198_/Y
 _16199_/X
 _16200_/X
 _16201_/X
 _16202_/Y
 _16203_/X
 _16204_/X
 _16205_/X
 _16206_/Y
 _16207_/X
 _16208_/X
 _16209_/X
 _16210_/X
 _16211_/X
 _16212_/X
 _16213_/Y
 _16214_/X
 _16215_/X
 _16216_/X
 _16217_/X
 _16218_/X
 _16219_/X
 _16220_/Y
 _16221_/X
 _16222_/X
 _16223_/Y
 _16224_/X
 _16225_/X
 _16226_/Y
 _16227_/X
 _16228_/Y
 _16229_/X
 _16230_/Y
 _16231_/Y
 _16232_/X
 _16233_/X
 _16234_/X
 _16235_/Y
 _16236_/Y
 _16237_/X
 _16238_/X
 _16239_/Y
 _16240_/X
 _16241_/Y
 _16242_/X
 _16243_/X
 _16244_/Y
 _16245_/X
 _16246_/Y
 _16247_/X
 _16248_/X
 _16249_/Y
 _16250_/Y
 _16251_/X
 _16252_/Y
 _16253_/Y
 _16254_/X
 _16255_/X
 _16256_/Y
 _16257_/X
 _16258_/Y
 _16259_/Y
 _16260_/X
 _16261_/Y
 _16262_/X
 _16263_/Y
 _16264_/X
 _16265_/Y
 _16266_/Y
 _16267_/X
 _16268_/Y
 _16269_/Y
 _16270_/Y
 _16271_/X
 _16272_/Y
 _16273_/X
 _16274_/Y
 _16275_/X
 _16276_/Y
 _16277_/Y
 _16278_/X
 _16279_/Y
 _16280_/X
 _16281_/Y
 _16282_/X
 _16283_/X
 _16284_/X
 _16285_/X
 _16286_/Y
 _16287_/Y
 _16288_/Y
 _16289_/Y
 _16290_/X
 _16291_/Y
 _16292_/Y
 _16293_/X
 _16294_/Y
 _16295_/Y
 _16296_/X
 _16297_/Y
 _16298_/X
 _16299_/Y
 _16300_/X
 _16301_/X
 _16302_/X
 _16303_/Y
 _16304_/X
 _16305_/X
 _16306_/X
 _16307_/Y
 _16308_/X
 _16309_/Y
 _16310_/X
 _16311_/X
 _16312_/X
 _16313_/X
 _16314_/Y
 _16315_/X
 _16316_/X
 _16317_/Y
 _16318_/Y
 _16319_/Y
 _16320_/Y
 _16321_/Y
 _16322_/X
 _16323_/Y
 _16324_/X
 _16325_/Y
 _16326_/Y
 _16327_/Y
 _16328_/X
 _16329_/Y
 _16330_/X
 _16331_/Y
 _16332_/X
 _16333_/Y
 _16334_/X
 _16335_/X
 _16336_/X
 _16337_/X
 _16338_/X
 _16339_/X
 _16340_/Y
 _16341_/Y
 _16342_/Y
 _16343_/Y
 _16344_/X
 _16345_/X
 _16346_/Y
 _16347_/Y
 _16348_/Y
 _16349_/X
 _16350_/Y
 _16351_/X
 _16352_/X
 _16353_/Y
 _16354_/X
 _16355_/Y
 _16356_/Y
 _16357_/Y
 _16358_/X
 _16359_/Y
 _16360_/X
 _16361_/Y
 _16362_/X
 _16363_/Y
 _16364_/Y
 _16365_/X
 _16366_/X
 _16367_/Y
 _16368_/X
 _16369_/X
 _16370_/Y
 _16371_/Y
 _16372_/X
 _16373_/X
 _16374_/X
 _16375_/Y
 _16376_/X
 _16377_/Y
 _16378_/X
 _16379_/Y
 _16380_/Y
 _16381_/Y
 _16382_/X
 _16383_/X
 _16384_/X
 _16385_/Y
 _16386_/X
 _16387_/X
 _16388_/X
 _16389_/Y
 _16390_/X
 _16391_/X
 _16392_/Y
 _16393_/X
 _16394_/Y
 _16395_/Y
 _16396_/X
 _16397_/X
 _16398_/Y
 _16399_/X
 _16400_/X
 _16401_/Y
 _16402_/X
 _16403_/X
 _16404_/X
 _16405_/X
 _16406_/X
 _16407_/Y
 _16408_/Y
 _16409_/X
 _16410_/Y
 _16411_/Y
 _16412_/X
 _16413_/X
 _16414_/X
 _16415_/X
 _16416_/X
 _16417_/X
 _16418_/X
 _16419_/Y
 _16420_/Y
 _16421_/Y
 _16422_/X
 _16423_/X
 _16424_/X
 _16425_/X
 _16426_/X
 _16427_/Y
 _16428_/X
 _16429_/Y
 _16430_/Y
 _16431_/X
 _16432_/Y
 _16433_/X
 _16434_/X
 _16435_/Y
 _16436_/X
 _16437_/X
 _16438_/X
 _16439_/X
 _16440_/Y
 _16441_/X
 _16442_/X
 _16443_/X
 _16444_/X
 _16445_/X
 _16446_/X
 _16447_/X
 _16448_/X
 _16449_/X
 _16450_/Y
 _16451_/X
 _16452_/Y
 _16453_/X
 _16454_/X
 _16455_/X
 _16456_/Y
 _16457_/X
 _16458_/X
 _16459_/X
 _16460_/X
 _16461_/Y
 _16462_/X
 _16463_/Y
 _16464_/X
 _16465_/X
 _16466_/X
 _16467_/Y
 _16468_/X
 _16469_/Y
 _16470_/X
 _16471_/Y
 _16472_/X
 _16473_/X
 _16474_/X
 _16475_/X
 _16476_/Y
 _16477_/X
 _16478_/X
 _16479_/Y
 _16480_/Y
 _16481_/Y
 _16482_/X
 _16483_/X
 _16484_/Y
 _16485_/X
 _16486_/X
 _16487_/X
 _16488_/Y
 _16489_/X
 _16490_/X
 _16491_/X
 _16492_/Y
 _16493_/X
 _16494_/X
 _16495_/X
 _16496_/X
 _16497_/Y
 _16498_/X
 _16499_/X
 _16500_/X
 _16501_/Y
 _16502_/Y
 _16503_/X
 _16504_/X
 _16505_/X
 _16506_/Y
 _16507_/Y
 _16508_/X
 _16509_/Y
 _16510_/Y
 _16511_/Y
 _16512_/Y
 _16513_/Y
 _16514_/X
 _16515_/X
 _16516_/Y
 _16517_/X
 _16518_/X
 _16519_/X
 _16520_/X
 _16521_/Y
 _16522_/X
 _16523_/X
 _16524_/X
 _16525_/Y
 _16526_/X
 _16527_/X
 _16528_/X
 _16529_/Y
 _16530_/X
 _16531_/X
 _16532_/X
 _16533_/X
 _16534_/X
 _16535_/X
 _16536_/X
 _16537_/X
 _16538_/Y
 _16539_/X
 _16540_/Y
 _16541_/X
 _16542_/Y
 _16543_/X
 _16544_/X
 _16545_/Y
 _16546_/Y
 _16547_/Y
 _16548_/X
 _16549_/X
 _16550_/X
 _16551_/X
 _16552_/X
 _16553_/Y
 _16554_/X
 _16555_/Y
 _16556_/X
 _16557_/X
 _16558_/X
 _16559_/Y
 _16560_/X
 _16561_/Y
 _16562_/X
 _16563_/X
 _16564_/Y
 _16565_/Y
 _16566_/X
 _16567_/X
 _16568_/Y
 _16569_/X
 _16570_/Y
 _16571_/X
 _16572_/X
 _16573_/X
 _16574_/Y
 _16575_/Y
 _16576_/X
 _16577_/X
 _16578_/X
 _16579_/X
 _16580_/Y
 _16581_/X
 _16582_/X
 _16583_/X
 _16584_/X
 _16585_/Y
 _16586_/X
 _16587_/Y
 _16588_/Y
 _16589_/X
 _16590_/X
 _16591_/X
 _16592_/X
 _16593_/X
 _16594_/X
 _16595_/X
 _16596_/X
 _16597_/Y
 _16598_/X
 _16599_/X
 _16600_/Y
 _16601_/X
 _16602_/X
 _16603_/X
 _16604_/X
 _16605_/X
 _16606_/Y
 _16607_/X
 _16608_/Y
 _16609_/X
 _16610_/X
 _16611_/X
 _16612_/Y
 _16613_/X
 _16614_/X
 _16615_/X
 _16616_/X
 _16617_/Y
 _16618_/Y
 _16619_/X
 _16620_/X
 _16621_/X
 _16622_/X
 _16623_/X
 _16624_/Y
 _16625_/X
 _16626_/Y
 _16627_/Y
 _16628_/X
 _16629_/Y
 _16630_/Y
 _16631_/X
 _16632_/X
 _16633_/Y
 _16634_/X
 _16635_/Y
 _16636_/X
 _16637_/X
 _16638_/X
 _16639_/Y
 _16640_/X
 _16641_/Y
 _16642_/X
 _16643_/Y
 _16644_/X
 _16645_/Y
 _16646_/X
 _16647_/X
 _16648_/Y
 _16649_/X
 _16650_/X
 _16651_/X
 _16652_/Y
 _16653_/Y
 _16654_/X
 _16655_/X
 _16656_/X
 _16657_/X
 _16658_/X
 _16659_/Y
 _16660_/X
 _16661_/X
 _16662_/Y
 _16663_/X
 _16664_/X
 _16665_/X
 _16666_/X
 _16667_/X
 _16668_/X
 _16669_/X
 _16670_/Y
 _16671_/X
 _16672_/X
 _16673_/X
 _16674_/X
 _16675_/Y
 _16676_/X
 _16677_/Y
 _16678_/Y
 _16679_/X
 _16680_/Y
 _16681_/X
 _16682_/X
 _16683_/X
 _16684_/X
 _16685_/X
 _16686_/X
 _16687_/X
 _16688_/X
 _16689_/Y
 _16690_/X
 _16691_/X
 _16692_/Y
 _16693_/X
 _16694_/X
 _16695_/X
 _16696_/Y
 _16697_/X
 _16698_/X
 _16699_/X
 _16700_/X
 _16701_/X
 _16702_/X
 _16703_/Y
 _16704_/X
 _16705_/X
 _16706_/Y
 _16707_/X
 _16708_/X
 _16709_/X
 _16710_/X
 _16711_/X
 _16712_/X
 _16713_/X
 _16714_/Y
 _16715_/Y
 _16716_/X
 _16717_/X
 _16718_/X
 _16719_/X
 _16720_/X
 _16721_/Y
 _16722_/Y
 _16723_/X
 _16724_/X
 _16725_/Y
 _16726_/Y
 _16727_/Y
 _16728_/Y
 _16729_/X
 _16730_/X
 _16731_/Y
 _16732_/X
 _16733_/X
 _16734_/X
 _16735_/X
 _16736_/Y
 _16737_/X
 _16738_/X
 _16739_/X
 _16740_/X
 _16741_/X
 _16742_/X
 _16743_/Y
 _16744_/Y
 _16745_/Y
 _16746_/Y
 _16747_/X
 _16748_/X
 _16749_/X
 _16750_/X
 _16751_/X
 _16752_/X
 _16753_/X
 _16754_/Y
 _16755_/Y
 _16756_/X
 _16757_/X
 _16758_/X
 _16759_/X
 _16760_/X
 _16761_/X
 _16762_/Y
 _16763_/Y
 _16764_/X
 _16765_/Y
 _16766_/X
 _16767_/X
 _16768_/X
 _16769_/X
 _16770_/X
 _16771_/Y
 _16772_/X
 _16773_/X
 _16774_/X
 _16775_/X
 _16776_/Y
 _16777_/X
 _16778_/X
 _16779_/X
 _16780_/X
 _16781_/X
 _16782_/Y
 _16783_/Y
 _16784_/Y
 _16785_/Y
 _16786_/X
 _16787_/X
 _16788_/X
 _16789_/X
 _16790_/X
 _16791_/X
 _16792_/X
 _16793_/Y
 _16794_/X
 _16795_/X
 _16796_/X
 _16797_/Y
 _16798_/Y
 _16799_/X
 _16800_/X
 _16801_/X
 _16802_/Y
 _16803_/X
 _16804_/X
 _16805_/X
 _16806_/Y
 _16807_/X
 _16808_/Y
 _16809_/Y
 _16810_/X
 _16811_/X
 _16812_/Y
 _16813_/Y
 _16814_/X
 _16815_/X
 _16816_/X
 _16817_/Y
 _16818_/X
 _16819_/X
 _16820_/X
 _16821_/X
 _16822_/Y
 _16823_/X
 _16824_/X
 _16825_/X
 _16826_/X
 _16827_/Y
 _16828_/X
 _16829_/Y
 _16830_/X
 _16831_/X
 _16832_/X
 _16833_/Y
 _16834_/X
 _16835_/X
 _16836_/X
 _16837_/X
 _16838_/X
 _16839_/X
 _16840_/Y
 _16841_/X
 _16842_/X
 _16843_/X
 _16844_/X
 _16845_/X
 _16846_/X
 _16847_/X
 _16848_/Y
 _16849_/X
 _16850_/Y
 _16851_/X
 _16852_/Y
 _16853_/X
 _16854_/X
 _16855_/X
 _16856_/X
 _16857_/X
 _16858_/X
 _16859_/Y
 _16860_/X
 _16861_/X
 _16862_/X
 _16863_/Y
 _16864_/X
 _16865_/Y
 _16866_/X
 _16867_/X
 _16868_/Y
 _16869_/X
 _16870_/Y
 _16871_/X
 _16872_/X
 _16873_/Y
 _16874_/Y
 _16875_/Y
 _16876_/X
 _16877_/Y
 _16878_/Y
 _16879_/X
 _16880_/Y
 _16881_/X
 _16882_/X
 _16883_/X
 _16884_/X
 _16885_/Y
 _16886_/X
 _16887_/X
 _16888_/Y
 _16889_/X
 _16890_/Y
 _16891_/Y
 _16892_/X
 _16893_/X
 _16894_/X
 _16895_/Y
 _16896_/Y
 _16897_/X
 _16898_/X
 _16899_/Y
 _16900_/Y
 _16901_/X
 _16902_/Y
 _16903_/X
 _16904_/X
 _16905_/X
 _16906_/Y
 _16907_/X
 _16908_/X
 _16909_/X
 _16910_/X
 _16911_/Y
 _16912_/X
 _16913_/X
 _16914_/Y
 _16915_/X
 _16916_/X
 _16917_/X
 _16918_/X
 _16919_/Y
 _16920_/Y
 _16921_/X
 _16922_/X
 _16923_/X
 _16924_/X
 _16925_/Y
 _16926_/X
 _16927_/X
 _16928_/X
 _16929_/X
 _16930_/Y
 _16931_/X
 _16932_/X
 _16933_/X
 _16934_/X
 _16935_/X
 _16936_/X
 _16937_/X
 _16938_/X
 _16939_/Y
 _16940_/X
 _16941_/X
 _16942_/Y
 _16943_/X
 _16944_/X
 _16945_/X
 _16946_/X
 _16947_/X
 _16948_/X
 _16949_/Y
 _16950_/X
 _16951_/Y
 _16952_/X
 _16953_/Y
 _16954_/X
 _16955_/X
 _16956_/X
 _16957_/Y
 _16958_/Y
 _16959_/Y
 _16960_/X
 _16961_/Y
 _16962_/Y
 _16963_/X
 _16964_/X
 _16965_/X
 _16966_/X
 _16967_/X
 _16968_/X
 _16969_/X
 _16970_/X
 _16971_/X
 _16972_/Y
 _16973_/Y
 _16974_/Y
 _16975_/X
 _16976_/X
 _16977_/X
 _16978_/Y
 _16979_/X
 _16980_/X
 _16981_/X
 _16982_/Y
 _16983_/X
 _16984_/X
 _16985_/X
 _16986_/X
 _16987_/X
 _16988_/Y
 _16989_/X
 _16990_/X
 _16991_/X
 _16992_/Y
 _16993_/Y
 _16994_/Y
 _16995_/Y
 _16996_/X
 _16997_/X
 _16998_/X
 _16999_/Y
 _17000_/X
 _17001_/X
 _17002_/Y
 _17003_/X
 _17004_/Y
 _17005_/Y
 _17006_/Y
 _17007_/Y
 _17008_/X
 _17009_/X
 _17010_/X
 _17011_/X
 _17012_/Y
 _17013_/X
 _17014_/X
 _17015_/X
 _17016_/X
 _17017_/Y
 _17018_/X
 _17019_/Y
 _17020_/X
 _17021_/X
 _17022_/X
 _17023_/X
 _17024_/Y
 _17025_/Y
 _17026_/X
 _17027_/X
 _17028_/Y
 _17029_/X
 _17030_/X
 _17031_/X
 _17032_/X
 _17033_/X
 _17034_/X
 _17035_/Y
 _17036_/X
 _17037_/X
 _17038_/Y
 _17039_/X
 _17040_/X
 _17041_/X
 _17042_/X
 _17043_/X
 _17044_/X
 _17045_/X
 _17046_/X
 _17047_/X
 _17048_/X
 _17049_/X
 _17050_/X
 _17051_/X
 _17052_/X
 _17053_/Y
 _17054_/X
 _17055_/Y
 _17056_/X
 _17057_/Y
 _17058_/X
 _17059_/X
 _17060_/X
 _17061_/X
 _17062_/Y
 _17063_/X
 _17064_/X
 _17065_/X
 _17066_/Y
 _17067_/Y
 _17068_/X
 _17069_/Y
 _17070_/X
 _17071_/Y
 _17072_/X
 _17073_/X
 _17074_/Y
 _17075_/X
 _17076_/X
 _17077_/Y
 _17078_/Y
 _17079_/Y
 _17080_/X
 _17081_/X
 _17082_/X
 _17083_/X
 _17084_/X
 _17085_/X
 _17086_/X
 _17087_/X
 _17088_/X
 _17089_/X
 _17090_/X
 _17091_/X
 _17092_/X
 _17093_/X
 _17094_/X
 _17095_/X
 _17096_/Y
 _17097_/X
 _17098_/X
 _17099_/X
 _17100_/X
 _17101_/X
 _17102_/X
 _17103_/X
 _17104_/X
 _17105_/X
 _17106_/X
 _17107_/X
 _17108_/X
 _17109_/X
 _17110_/Y
 _17111_/X
 _17112_/X
 _17113_/X
 _17114_/X
 _17115_/Y
 _17116_/X
 _17117_/X
 _17118_/X
 _17119_/X
 _17120_/Y
 _17121_/Y
 _17122_/X
 _17123_/X
 _17124_/X
 _17125_/Y
 _17126_/X
 _17127_/X
 _17128_/X
 _17129_/X
 _17130_/X
 _17131_/Y
 _17132_/Y
 _17133_/X
 _17134_/X
 _17135_/Y
 _17136_/X
 _17137_/X
 _17138_/Y
 _17139_/X
 _17140_/X
 _17141_/Y
 _17142_/X
 _17143_/X
 _17144_/X
 _17145_/Y
 _17146_/X
 _17147_/X
 _17148_/X
 _17149_/X
 _17150_/Y
 _17151_/X
 _17152_/Y
 _17153_/X
 _17154_/X
 _17155_/Y
 _17156_/X
 _17157_/Y
 _17158_/Y
 _17159_/X
 _17160_/X
 _17161_/X
 _17162_/Y
 _17163_/Y
 _17164_/X
 _17165_/X
 _17166_/X
 _17167_/X
 _17168_/X
 _17169_/X
 _17170_/X
 _17171_/X
 _17172_/X
 _17173_/X
 _17174_/Y
 _17175_/X
 _17176_/X
 _17177_/X
 _17178_/X
 _17179_/X
 _17180_/X
 _17181_/Y
 _17182_/X
 _17183_/Y
 _17184_/X
 _17185_/X
 _17186_/X
 _17187_/X
 _17188_/Y
 _17189_/X
 _17190_/X
 _17191_/X
 _17192_/X
 _17193_/Y
 _17194_/X
 _17195_/X
 _17196_/Y
 _17197_/Y
 _17198_/X
 _17199_/Y
 _17200_/X
 _17201_/X
 _17202_/X
 _17203_/X
 _17204_/X
 _17205_/X
 _17206_/X
 _17207_/X
 _17208_/Y
 _17209_/Y
 _17210_/X
 _17211_/X
 _17212_/X
 _17213_/Y
 _17214_/X
 _17215_/X
 _17216_/Y
 _17217_/X
 _17218_/X
 _17219_/X
 _17220_/Y
 _17221_/Y
 _17222_/X
 _17223_/X
 _17224_/X
 _17225_/X
 _17226_/X
 _17227_/X
 _17228_/X
 _17229_/X
 _17230_/Y
 _17231_/X
 _17232_/X
 _17233_/X
 _17234_/Y
 _17235_/Y
 _17236_/X
 _17237_/Y
 _17238_/X
 _17239_/X
 _17240_/X
 _17241_/X
 _17242_/Y
 _17243_/X
 _17244_/Y
 _17245_/X
 _17246_/X
 _17247_/X
 _17248_/X
 _17249_/X
 _17250_/X
 _17251_/X
 _17252_/Y
 _17253_/X
 _17254_/Y
 _17255_/X
 _17256_/X
 _17257_/X
 _17258_/Y
 _17259_/Y
 _17260_/X
 _17261_/Y
 _17262_/X
 _17263_/X
 _17264_/Y
 _17265_/X
 _17266_/Y
 _17267_/X
 _17268_/Y
 _17269_/X
 _17270_/X
 _17271_/X
 _17272_/X
 _17273_/X
 _17274_/X
 _17275_/X
 _17276_/X
 _17277_/X
 _17278_/X
 _17279_/Y
 _17280_/X
 _17281_/X
 _17282_/X
 _17283_/Y
 _17284_/X
 _17285_/X
 _17286_/Y
 _17287_/X
 _17288_/Y
 _17289_/X
 _17290_/X
 _17291_/Y
 _17292_/X
 _17293_/Y
 _17294_/X
 _17295_/X
 _17296_/X
 _17297_/Y
 _17298_/X
 _17299_/X
 _17300_/X
 _17301_/X
 _17302_/X
 _17303_/X
 _17304_/X
 _17305_/X
 _17306_/X
 _17307_/Y
 _17308_/X
 _17309_/X
 _17310_/X
 _17311_/Y
 _17312_/X
 _17313_/Y
 _17314_/X
 _17315_/Y
 _17316_/X
 _17317_/X
 _17318_/Y
 _17319_/Y
 _17320_/X
 _17321_/X
 _17322_/X
 _17323_/X
 _17324_/Y
 _17325_/Y
 _17326_/X
 _17327_/X
 _17328_/X
 _17329_/X
 _17330_/X
 _17331_/X
 _17332_/Y
 _17333_/X
 _17334_/X
 _17335_/X
 _17336_/X
 _17337_/Y
 _17338_/X
 _17339_/X
 _17340_/X
 _17341_/X
 _17342_/Y
 _17343_/Y
 _17344_/Y
 _17345_/X
 _17346_/X
 _17347_/Y
 _17348_/X
 _17349_/X
 _17350_/X
 _17351_/Y
 _17352_/Y
 _17353_/X
 _17354_/Y
 _17355_/X
 _17356_/X
 _17357_/Y
 _17358_/Y
 _17359_/X
 _17360_/Y
 _17361_/X
 _17362_/X
 _17363_/Y
 _17364_/Y
 _17365_/X
 _17366_/Y
 _17367_/X
 _17368_/X
 _17369_/X
 _17370_/X
 _17371_/Y
 _17372_/X
 _17373_/Y
 _17374_/X
 _17375_/Y
 _17376_/Y
 _17377_/Y
 _17378_/X
 _17379_/X
 _17380_/X
 _17381_/Y
 _17382_/Y
 _17383_/Y
 _17384_/Y
 _17385_/X
 _17386_/X
 _17387_/X
 _17388_/Y
 _17389_/Y
 _17390_/X
 _17391_/X
 _17392_/X
 _17393_/Y
 _17394_/Y
 _17395_/X
 _17396_/X
 _17397_/Y
 _17398_/X
 _17399_/X
 _17400_/X
 _17401_/Y
 _17402_/X
 _17403_/Y
 _17404_/Y
 _17405_/X
 _17406_/X
 _17407_/X
 _17408_/Y
 _17409_/Y
 _17410_/X
 _17411_/Y
 _17412_/X
 _17413_/X
 _17414_/Y
 _17415_/X
 _17416_/X
 _17417_/X
 _17418_/X
 _17419_/X
 _17420_/Y
 _17421_/X
 _17422_/X
 _17423_/Y
 _17424_/X
 _17425_/Y
 _17426_/Y
 _17427_/X
 _17428_/Y
 _17429_/X
 _17430_/Y
 _17431_/Y
 _17432_/Y
 _17433_/X
 _17434_/X
 _17435_/Y
 _17436_/X
 _17437_/X
 _17438_/Y
 _17439_/X
 _17440_/Y
 _17441_/X
 _17442_/Y
 _17443_/Y
 _17444_/Y
 _17445_/Y
 _17446_/Y
 _17447_/X
 _17448_/Y
 _17449_/X
 _17450_/X
 _17451_/Y
 _17452_/X
 _17453_/X
 _17454_/Y
 _17455_/Y
 _17456_/X
 _17457_/X
 _17458_/X
 _17459_/Y
 _17460_/X
 _17461_/Y
 _17462_/X
 _17463_/X
 _17464_/X
 _17465_/Y
 _17466_/Y
 _17467_/X
 _17468_/Y
 _17469_/X
 _17470_/Y
 _17471_/Y
 _17472_/X
 _17473_/Y
 _17474_/X
 _17475_/X
 _17476_/Y
 _17477_/X
 _17478_/X
 _17479_/X
 _17480_/X
 _17481_/X
 _17482_/X
 _17483_/X
 _17484_/X
 _17485_/X
 _17486_/X
 _17487_/X
 _17488_/X
 _17489_/X
 _17490_/X
 _17491_/X
 _17492_/X
 _17493_/X
 _17494_/X
 _17495_/X
 _17496_/X
 _17497_/X
 _17498_/X
 _17499_/X
 _17500_/X
 _17501_/X
 _17502_/X
 _17503_/X
 _17504_/X
 _17505_/X
 _17506_/X
 _17507_/X
 _17508_/X
 _17509_/X
 _17510_/X
 _17511_/X
 _17512_/X
 _17513_/X
 _17514_/X
 _17515_/X
 _17516_/X
 _17517_/X
 _17518_/X
 _17519_/X
 _17520_/X
 _17521_/X
 _17522_/X
 _17523_/X
 _17524_/X
 _17525_/X
 _17526_/X
 _17527_/X
 _17528_/X
 _17529_/X
 _17530_/X
 _17531_/X
 _17532_/X
 _17533_/X
 _17534_/X
 _17535_/X
 _17536_/X
 _17537_/X
 _17538_/X
 _17539_/X
 _17540_/X
 _17541_/X
 _17542_/X
 _17543_/X
 _17544_/X
 _17545_/X
 _17546_/X
 _17547_/X
 _17548_/X
 _17549_/X
 _17550_/X
 _17551_/X
 _17552_/X
 _17553_/X
 _17554_/X
 _17555_/X
 _17556_/X
 _17557_/X
 _17558_/X
 _17559_/X
 _17560_/X
 _17561_/X
 _17562_/X
 _17563_/X
 _17564_/X
 _17565_/X
 _17566_/X
 _17567_/X
 _17568_/X
 _17569_/X
 _17570_/X
 _17571_/X
 _17572_/X
 _17573_/X
 _17574_/X
 _17575_/X
 _17576_/X
 _17577_/X
 _17578_/X
 _17579_/X
 _17580_/X
 _17581_/X
 _17582_/X
 _17583_/X
 _17584_/X
 _17585_/X
 _17586_/X
 _17587_/X
 _17588_/X
 _17589_/X
 _17590_/X
 _17591_/X
 _17592_/X
 _17593_/X
 _17594_/X
 _17595_/X
 _17596_/X
 _17597_/X
 _17598_/X
 _17599_/X
 _17600_/X
 _17601_/X
 _17602_/X
 _17603_/X
 _17604_/X
 _17605_/X
 _17606_/X
 _17607_/X
 _17608_/X
 _17609_/X
 _17610_/X
 _17611_/X
 _17612_/X
 _17613_/X
 _17614_/X
 _17615_/X
 _17616_/X
 _17617_/X
 _17618_/X
 _17619_/X
 _17620_/X
 _17621_/X
 _17622_/X
 _17623_/X
 _17624_/X
 _17625_/X
 _17626_/X
 _17627_/X
 _17628_/X
 _17629_/X
 _17630_/X
 _17631_/X
 _17632_/X
 _17633_/X
 _17634_/X
 _17635_/X
 _17636_/X
 _17637_/X
 _17638_/X
 _17639_/X
 _17640_/X
 _17641_/X
 _17642_/X
 _17643_/X
 _17644_/X
 _17645_/X
 _17646_/X
 _17647_/X
 _17648_/X
 _17649_/X
 _17650_/X
 _17651_/X
 _17652_/X
 _17653_/X
 _17654_/X
 _17655_/X
 _17656_/X
 _17657_/X
 _17658_/X
 _17659_/X
 _17660_/X
 _17661_/X
 _17662_/X
 _17663_/X
 _17664_/X
 _17665_/X
 _17666_/X
 _17667_/X
 _17668_/X
 _17669_/X
 _17670_/X
 _17671_/X
 _17672_/X
 _17673_/X
 _17674_/X
 _17675_/X
 _17676_/X
 _17677_/X
 _17678_/X
 _17679_/X
 _17680_/X
 _17681_/X
 _17682_/X
 _17683_/X
 _17684_/X
 _17685_/X
 _17686_/X
 _17687_/X
 _17688_/X
 _17689_/X
 _17690_/X
 _17691_/X
 _17692_/X
 _17693_/X
 _17694_/X
 _17695_/X
 _17696_/X
 _17697_/X
 _17698_/X
 _17699_/X
 _17700_/X
 _17701_/X
 _17702_/X
 _17703_/X
 _17704_/X
 _17705_/X
 _17706_/X
 _17707_/X
 _17708_/X
 _17709_/X
 _17710_/X
 _17711_/X
 _17712_/X
 _17713_/X
 _17714_/X
 _17715_/X
 _17716_/X
 _17717_/X
 _17718_/X
 _17719_/X
 _17720_/X
 _17721_/X
 _17722_/X
 _17723_/X
 _17724_/X
 _17725_/X
 _17726_/X
 _17727_/X
 _17728_/X
 _17729_/X
 _17730_/X
 _17731_/X
 _17732_/X
 _17733_/X
 _17734_/Y
 _17735_/X
 _17736_/Y
 _17737_/X
 _17738_/X
 _17739_/X
 _17740_/X
 _17741_/X
 _17742_/X
 _17743_/X
 _17744_/X
 _17745_/X
 _17746_/X
 _17747_/X
 _17748_/X
 _17749_/Y
 _17750_/X
 _17751_/X
 _17752_/X
 _17753_/X
 _17754_/X
 _17755_/X
 _17756_/Y
 _17757_/X
 _17758_/X
 _17759_/X
 _17760_/X
 _17761_/X
 _17762_/X
 _17763_/X
 _17764_/X
 _17765_/X
 _17766_/X
 _17767_/X
 _17768_/X
 _17769_/X
 _17770_/X
 _17771_/X
 _17772_/X
 _17773_/X
 _17774_/X
 _17775_/X
 _17776_/Y
 _17777_/Y
 _17778_/Y
 _17779_/Y
 _17780_/X
 _17781_/X
 _17782_/X
 _17783_/X
 _17784_/X
 _17785_/X
 _17786_/X
 _17787_/X
 _17788_/X
 _17789_/X
 _17790_/X
 _17791_/X
 _17792_/X
 _17793_/X
 _17794_/X
 _17795_/X
 _17796_/X
 _17797_/X
 _17798_/X
 _17799_/X
 _17800_/X
 _17801_/X
 _17802_/X
 _17803_/X
 _17804_/X
 _17805_/X
 _17806_/X
 _17807_/X
 _17808_/X
 _17809_/X
 _17810_/X
 _17811_/X
 _17812_/X
 _17813_/X
 _17814_/X
 _17815_/X
 _17816_/X
 _17817_/X
 _17818_/X
 _17819_/X
 _17820_/X
 _17821_/X
 _17822_/X
 _17823_/X
 _17824_/X
 _17825_/X
 _17826_/X
 _17827_/X
 _17828_/X
 _17829_/X
 _17830_/X
 _17831_/X
 _17832_/X
 _17833_/X
 _17834_/X
 _17835_/X
 _17836_/X
 _17837_/X
 _17838_/X
 _17839_/X
 _17840_/X
 _17841_/X
 _17842_/X
 _17843_/X
 _17844_/X
 _17845_/X
 _17846_/X
 _17847_/X
 _17848_/X
 _17849_/X
 _17850_/X
 _17851_/X
 _17852_/Y
 _17853_/Y
 _17854_/X
 _17855_/Y
 _17856_/Y
 _17857_/X
 _17858_/X
 _17859_/X
 _17860_/X
 _17861_/X
 _17862_/Y
 _17863_/Y
 _17864_/X
 _17865_/Y
 _17866_/Y
 _17867_/X
 _17868_/Y
 _17869_/Y
 _17870_/X
 _17871_/Y
 _17872_/Y
 _17873_/X
 _17874_/Y
 _17875_/X
 _17876_/X
 _17877_/X
 _17878_/X
 _17879_/X
 _17880_/Y
 _17881_/X
 _17882_/Y
 _17883_/X
 _17884_/X
 _17885_/Y
 _17886_/X
 _17887_/X
 _17888_/Y
 _17889_/X
 _17890_/X
 _17891_/X
 _17892_/X
 _17893_/X
 _17894_/X
 _17895_/X
 _17896_/Y
 _17897_/X
 _17898_/X
 _17899_/X
 _17900_/X
 _17901_/Y
 _17902_/Y
 _17903_/X
 _17904_/X
 _17905_/X
 _17906_/X
 _17907_/X
 _17908_/Y
 _17909_/X
 _17910_/X
 _17911_/X
 _17912_/X
 _17913_/X
 _17914_/Y
 _17915_/X
 _17916_/X
 _17917_/X
 _17918_/X
 _17919_/X
 _17920_/X
 _17921_/X
 _17922_/X
 _17923_/X
 _17924_/X
 _17925_/X
 _17926_/Y
 _17927_/X
 _17928_/X
 _17929_/X
 _17930_/X
 _17931_/X
 _17932_/X
 _17933_/Y
 _17934_/Y
 _17935_/X
 _17936_/Y
 _17937_/X
 _17938_/X
 _17939_/X
 _17940_/Y
 _17941_/X
 _17942_/Y
 _17943_/X
 _17944_/Y
 _17945_/X
 _17946_/Y
 _17947_/X
 _17948_/X
 _17949_/X
 _17950_/X
 _17951_/Y
 _17952_/X
 _17953_/X
 _17954_/X
 _17955_/X
 _17956_/X
 _17957_/Y
 _17958_/X
 _17959_/Y
 _17960_/X
 _17961_/Y
 _17962_/X
 _17963_/Y
 _17964_/X
 _17965_/X
 _17966_/X
 _17967_/X
 _17968_/Y
 _17969_/X
 _17970_/Y
 _17971_/X
 _17972_/X
 _17973_/X
 _17974_/Y
 _17975_/X
 _17976_/Y
 _17977_/X
 _17978_/X
 _17979_/X
 _17980_/X
 _17981_/X
 _17982_/X
 _17983_/X
 _17984_/Y
 _17985_/X
 _17986_/Y
 _17987_/X
 _17988_/Y
 _17989_/X
 _17990_/Y
 _17991_/X
 _17992_/X
 _17993_/X
 _17994_/X
 _17995_/X
 _17996_/X
 _17997_/X
 _17998_/X
 _17999_/X
 _18000_/X
 _18001_/X
 _18002_/X
 _18003_/X
 _18004_/X
 _18005_/X
 _18006_/X
 _18007_/X
 _18008_/Y
 _18009_/X
 _18010_/X
 _18011_/X
 _18012_/X
 _18013_/X
 _18014_/X
 _18015_/X
 _18016_/X
 _18017_/X
 _18018_/X
 _18019_/X
 _18020_/Y
 _18021_/X
 _18022_/Y
 _18023_/X
 _18024_/X
 _18025_/X
 _18026_/X
 _18027_/X
 _18028_/X
 _18029_/X
 _18030_/X
 _18031_/X
 _18032_/X
 _18033_/X
 _18034_/Y
 _18035_/X
 _18036_/X
 _18037_/X
 _18038_/X
 _18039_/X
 _18040_/X
 _18041_/X
 _18042_/X
 _18043_/X
 _18044_/X
 _18045_/X
 _18046_/X
 _18047_/X
 _18048_/Y
 _18049_/X
 _18050_/X
 _18051_/X
 _18052_/X
 _18053_/X
 _18054_/X
 _18055_/X
 _18056_/Y
 _18057_/X
 _18058_/X
 _18059_/X
 _18060_/X
 _18061_/X
 _18062_/Y
 _18063_/X
 _18064_/X
 _18065_/X
 _18066_/X
 _18067_/X
 _18068_/Y
 _18069_/X
 _18070_/X
 _18071_/X
 _18072_/X
 _18073_/X
 _18074_/X
 _18075_/X
 _18076_/X
 _18077_/X
 _18078_/Y
 _18079_/X
 _18080_/X
 _18081_/X
 _18082_/Y
 _18083_/X
 _18084_/Y
 _18085_/X
 _18086_/X
 _18087_/X
 _18088_/X
 _18089_/X
 _18090_/X
 _18091_/X
 _18092_/X
 _18093_/X
 _18094_/Y
 _18095_/X
 _18096_/X
 _18097_/X
 _18098_/X
 _18099_/X
 _18100_/Y
 _18101_/X
 _18102_/X
 _18103_/X
 _18104_/X
 _18105_/X
 _18106_/Y
 _18107_/X
 _18108_/Y
 _18109_/X
 _18110_/X
 _18111_/X
 _18112_/X
 _18113_/X
 _18114_/X
 _18115_/X
 _18116_/Y
 _18117_/X
 _18118_/X
 _18119_/X
 _18120_/X
 _18121_/X
 _18122_/X
 _18123_/X
 _18124_/X
 _18125_/X
 _18126_/Y
 _18127_/X
 _18128_/Y
 _18129_/X
 _18130_/Y
 _18131_/X
 _18132_/X
 _18133_/Y
 _18134_/Y
 _18135_/X
 _18136_/X
 _18137_/Y
 _18138_/X
 _18139_/Y
 _18140_/X
 _18141_/X
 _18142_/X
 _18143_/X
 _18144_/X
 _18145_/X
 _18146_/X
 _18147_/X
 _18148_/X
 _18149_/X
 _18150_/X
 _18151_/X
 _18152_/X
 _18153_/X
 _18154_/X
 _18155_/Y
 _18156_/X
 _18157_/X
 _18158_/X
 _18159_/X
 _18160_/X
 _18161_/X
 _18162_/X
 _18163_/X
 _18164_/X
 _18165_/X
 _18166_/X
 _18167_/X
 _18168_/X
 _18169_/X
 _18170_/X
 _18171_/X
 _18172_/Y
 _18173_/X
 _18174_/X
 _18175_/X
 _18176_/X
 _18177_/X
 _18178_/X
 _18179_/X
 _18180_/X
 _18181_/X
 _18182_/X
 _18183_/X
 _18184_/X
 _18185_/X
 _18186_/X
 _18187_/X
 _18188_/X
 _18189_/X
 _18190_/X
 _18191_/X
 _18192_/X
 _18193_/X
 _18194_/X
 _18195_/X
 _18196_/X
 _18197_/X
 _18198_/X
 _18199_/X
 _18200_/X
 _18201_/X
 _18202_/X
 _18203_/X
 _18204_/X
 _18205_/X
 _18206_/X
 _18207_/X
 _18208_/X
 _18209_/X
 _18210_/X
 _18211_/X
 _18212_/X
 _18213_/X
 _18214_/X
 _18215_/X
 _18216_/X
 _18217_/X
 _18218_/X
 _18219_/X
 _18220_/X
 _18221_/X
 _18222_/X
 _18223_/X
 _18224_/X
 _18225_/X
 _18226_/X
 _18227_/X
 _18228_/X
 _18229_/X
 _18230_/X
 _18231_/X
 _18232_/X
 _18233_/X
 _18234_/X
 _18235_/X
 _18236_/X
 _18237_/X
 _18238_/X
 _18239_/X
 _18240_/X
 _18241_/X
 _18242_/X
 _18243_/X
 _18244_/X
 _18245_/X
 _18246_/X
 _18247_/X
 _18248_/X
 _18249_/X
 _18250_/X
 _18251_/X
 _18252_/X
 _18253_/X
 _18254_/X
 _18255_/X
 _18256_/X
 _18257_/X
 _18258_/X
 _18259_/X
 _18260_/X
 _18261_/X
 _18262_/X
 _18263_/X
 _18264_/X
 _18265_/X
 _18266_/X
 _18267_/X
 _18268_/X
 _18269_/X
 _18270_/X
 _18271_/X
 _18272_/X
 _18273_/X
 _18274_/X
 _18275_/X
 _18276_/X
 _18277_/X
 _18278_/X
 _18279_/X
 _18280_/X
 _18281_/X
 _18282_/X
 _18283_/X
 _18284_/X
 _18285_/X
 _18286_/X
 _18287_/X
 _18288_/X
 _18289_/X
 _18290_/X
 _18291_/X
 _18292_/X
 _18293_/X
 _18294_/X
 _18295_/X
 _18296_/X
 _18297_/X
 _18298_/X
 _18299_/X
 _18300_/X
 _18301_/X
 _18302_/X
 _18303_/Y
 _18304_/X
 _18305_/X
 _18306_/X
 _18307_/X
 _18308_/X
 _18309_/X
 _18310_/X
 _18311_/X
 _18312_/Y
 _18313_/X
 _18314_/X
 _18315_/X
 _18316_/X
 _18317_/X
 _18318_/X
 _18319_/X
 _18320_/X
 _18321_/X
 _18322_/X
 _18323_/X
 _18324_/X
 _18325_/X
 _18326_/X
 _18327_/X
 _18328_/X
 _18329_/X
 _18330_/X
 _18331_/X
 _18332_/X
 _18333_/X
 _18334_/X
 _18335_/X
 _18336_/X
 _18337_/X
 _18338_/X
 _18339_/X
 _18340_/X
 _18341_/X
 _18342_/X
 _18343_/X
 _18344_/X
 _18345_/X
 _18346_/X
 _18347_/X
 _18348_/X
 _18349_/X
 _18350_/X
 _18351_/X
 _18352_/X
 _18353_/X
 _18354_/X
 _18355_/X
 _18356_/X
 _18357_/X
 _18358_/X
 _18359_/X
 _18360_/X
 _18361_/X
 _18362_/X
 _18363_/X
 _18364_/X
 _18365_/X
 _18366_/X
 _18367_/X
 _18368_/X
 _18369_/X
 _18370_/X
 _18371_/X
 _18372_/X
 _18373_/X
 _18374_/X
 _18375_/X
 _18376_/X
 _18377_/X
 _18378_/X
 _18379_/X
 _18380_/X
 _18381_/X
 _18382_/X
 _18383_/X
 _18384_/X
 _18385_/X
 _18386_/X
 _18387_/X
 _18388_/X
 _18389_/X
 _18390_/X
 _18391_/X
 _18392_/X
 _18393_/X
 _18394_/X
 _18395_/X
 _18396_/X
 _18397_/X
 _18398_/X
 _18399_/X
 _18400_/X
 _18401_/X
 _18402_/X
 _18403_/X
 _18404_/X
 _18405_/X
 _18406_/X
 _18407_/X
 _18408_/X
 _18409_/X
 _18410_/X
 _18411_/X
 _18412_/X
 _18413_/X
 _18414_/X
 _18415_/X
 _18416_/X
 _18417_/X
 _18418_/X
 _18419_/X
 _18420_/X
 _18421_/X
 _18422_/X
 _18423_/X
 _18424_/X
 _18425_/X
 _18426_/X
 _18427_/X
 _18428_/X
 _18429_/X
 _18430_/X
 _18431_/X
 _18432_/X
 _18433_/X
 _18434_/X
 _18435_/X
 _18436_/X
 _18437_/X
 _18438_/X
 _18439_/X
 _18440_/X
 _18441_/Y
 _18442_/X
 _18443_/X
 _18444_/Y
 _18445_/X
 _18446_/Y
 _18447_/X
 _18448_/Y
 _18449_/X
 _18450_/Y
 _18451_/X
 _18452_/Y
 _18453_/X
 _18454_/Y
 _18455_/X
 _18456_/Y
 _18457_/X
 _18458_/Y
 _18459_/X
 _18460_/Y
 _18461_/X
 _18462_/Y
 _18463_/X
 _18464_/Y
 _18465_/X
 _18466_/Y
 _18467_/X
 _18468_/Y
 _18469_/X
 _18470_/Y
 _18471_/X
 _18472_/Y
 _18473_/X
 _18474_/Y
 _18475_/X
 _18476_/Y
 _18477_/X
 _18478_/Y
 _18479_/X
 _18480_/Y
 _18481_/X
 _18482_/Y
 _18483_/X
 _18484_/Y
 _18485_/X
 _18486_/Y
 _18487_/X
 _18488_/Y
 _18489_/X
 _18490_/Y
 _18491_/X
 _18492_/Y
 _18493_/X
 _18494_/Y
 _18495_/X
 _18496_/Y
 _18497_/X
 _18498_/Y
 _18499_/X
 _18500_/Y
 _18501_/X
 _18502_/Y
 _18503_/X
 _18504_/Y
 _18505_/X
 _18506_/Y
 _18507_/X
 _18508_/Y
 _18509_/X
 _18510_/Y
 _18511_/X
 _18512_/Y
 _18513_/X
 _18514_/Y
 _18515_/X
 _18516_/Y
 _18517_/X
 _18518_/Y
 _18519_/X
 _18520_/Y
 _18521_/X
 _18522_/Y
 _18523_/X
 _18524_/Y
 _18525_/X
 _18526_/Y
 _18527_/X
 _18528_/Y
 _18529_/X
 _18530_/Y
 _18531_/X
 _18532_/Y
 _18533_/X
 _18534_/Y
 _18535_/X
 _18536_/Y
 _18537_/X
 _18538_/Y
 _18539_/X
 _18540_/Y
 _18541_/X
 _18542_/Y
 _18543_/X
 _18544_/Y
 _18545_/X
 _18546_/Y
 _18547_/X
 _18548_/Y
 _18549_/X
 _18550_/Y
 _18551_/X
 _18552_/Y
 _18553_/X
 _18554_/Y
 _18555_/X
 _18556_/Y
 _18557_/X
 _18558_/Y
 _18559_/X
 _18560_/Y
 _18561_/X
 _18562_/Y
 _18563_/X
 _18564_/Y
 _18565_/X
 _18566_/Y
 _18567_/X
 _18568_/Y
 _18569_/X
 _18570_/Y
 _18571_/X
 _18572_/Y
 _18573_/X
 _18574_/Y
 _18575_/X
 _18576_/Y
 _18577_/X
 _18578_/Y
 _18579_/X
 _18580_/Y
 _18581_/X
 _18582_/Y
 _18583_/X
 _18584_/Y
 _18585_/X
 _18586_/Y
 _18587_/X
 _18588_/Y
 _18589_/X
 _18590_/Y
 _18591_/X
 _18592_/Y
 _18593_/X
 _18594_/Y
 _18595_/X
 _18596_/Y
 _18597_/X
 _18598_/Y
 _18599_/X
 _18600_/Y
 _18601_/X
 _18602_/Y
 _18603_/X
 _18604_/Y
 _18605_/X
 _18606_/Y
 _18607_/X
 _18608_/Y
 _18609_/X
 _18610_/Y
 _18611_/X
 _18612_/Y
 _18613_/X
 _18614_/Y
 _18615_/X
 _18616_/Y
 _18617_/X
 _18618_/Y
 _18619_/X
 _18620_/Y
 _18621_/X
 _18622_/Y
 _18623_/X
 _18624_/Y
 _18625_/X
 _18626_/Y
 _18627_/X
 _18628_/Y
 _18629_/X
 _18630_/Y
 _18631_/X
 _18632_/Y
 _18633_/X
 _18634_/Y
 _18635_/X
 _18636_/Y
 _18637_/X
 _18638_/Y
 _18639_/X
 _18640_/Y
 _18641_/X
 _18642_/Y
 _18643_/X
 _18644_/Y
 _18645_/X
 _18646_/Y
 _18647_/X
 _18648_/Y
 _18649_/X
 _18650_/Y
 _18651_/X
 _18652_/Y
 _18653_/X
 _18654_/Y
 _18655_/X
 _18656_/Y
 _18657_/X
 _18658_/Y
 _18659_/X
 _18660_/Y
 _18661_/X
 _18662_/Y
 _18663_/X
 _18664_/Y
 _18665_/X
 _18666_/Y
 _18667_/X
 _18668_/Y
 _18669_/X
 _18670_/Y
 _18671_/X
 _18672_/Y
 _18673_/X
 _18674_/Y
 _18675_/X
 _18676_/Y
 _18677_/X
 _18678_/Y
 _18679_/X
 _18680_/Y
 _18681_/X
 _18682_/Y
 _18683_/X
 _18684_/Y
 _18685_/X
 _18686_/Y
 _18687_/X
 _18688_/Y
 _18689_/X
 _18690_/Y
 _18691_/X
 _18692_/Y
 _18693_/X
 _18694_/Y
 _18695_/X
 _18696_/Y
 _18697_/X
 _18698_/Y
 _18699_/X
 _18700_/Y
 _18701_/X
 _18702_/Y
 _18703_/X
 _18704_/X
 _18705_/X
 _18706_/Y
 _18707_/X
 _18708_/Y
 _18709_/Y
 _18710_/Y
 _18711_/X
 _18712_/Y
 _18713_/X
 _18714_/Y
 _18715_/X
 _18716_/X
 _18717_/X
 _18718_/Y
 _18719_/X
 _18720_/Y
 _18721_/Y
 _18722_/Y
 _18723_/Y
 _18724_/X
 _18725_/X
 _18726_/X
 _18727_/X
 _18728_/X
 _18729_/X
 _18730_/Y
 _18731_/X
 _18732_/X
 _18733_/X
 _18734_/Q
 _18735_/Q
 _18736_/Q
 _18737_/Q
 _18738_/Q
 _18739_/Q
 _18740_/Q
 _18741_/Q
 _18742_/Q
 _18743_/Q
 _18744_/Q
 _18745_/Q
 _18746_/Q
 _18747_/Q
 _18748_/Q
 _18749_/Q
 _18750_/Q
 _18751_/Q
 _18752_/Q
 _18753_/Q
 _18754_/Q
 _18755_/Q
 _18756_/Q
 _18757_/Q
 _18758_/Q
 _18759_/Q
 _18760_/Q
 _18761_/Q
 _18762_/Q
 _18763_/Q
 _18764_/Q
 _18765_/Q
 _18766_/Q
 _18767_/Q
 _18768_/Q
 _18769_/Q
 _18770_/Q
 _18771_/Q
 _18772_/Q
 _18773_/Q
 _18774_/Q
 _18775_/Q
 _18776_/Q
 _18777_/Q
 _18778_/Q
 _18779_/Q
 _18780_/Q
 _18781_/Q
 _18782_/Q
 _18783_/Q
 _18784_/Q
 _18785_/Q
 _18786_/Q
 _18787_/Q
 _18788_/Q
 _18789_/Q
 _18790_/Q
 _18791_/Q
 _18792_/Q
 _18793_/Q
 _18794_/Q
 _18795_/Q
 _18796_/Q
 _18797_/Q
 _18798_/Q
 _18799_/Q
 _18800_/Q
 _18801_/Q
 _18802_/Q
 _18803_/Q
 _18804_/Q
 _18805_/Q
 _18806_/Q
 _18807_/Q
 _18808_/Q
 _18809_/Q
 _18810_/Q
 _18811_/Q
 _18812_/Q
 _18813_/Q
 _18814_/Q
 _18815_/Q
 _18816_/Q
 _18817_/Q
 _18818_/Q
 _18819_/Q
 _18820_/Q
 _18821_/Q
 _18822_/Q
 _18823_/Q
 _18824_/Q
 _18825_/Q
 _18826_/Q
 _18827_/Q
 _18828_/Q
 _18829_/Q
 _18830_/Q
 _18831_/Q
 _18832_/Q
 _18833_/Q
 _18834_/Q
 _18835_/Q
 _18836_/Q
 _18837_/Q
 _18838_/Q
 _18839_/Q
 _18840_/Q
 _18841_/Q
 _18842_/Q
 _18843_/Q
 _18844_/Q
 _18845_/Q
 _18846_/Q
 _18847_/Q
 _18848_/Q
 _18849_/Q
 _18850_/Q
 _18851_/Q
 _18852_/Q
 _18853_/Q
 _18854_/Q
 _18855_/Q
 _18856_/Q
 _18857_/Q
 _18858_/Q
 _18859_/Q
 _18860_/Q
 _18861_/Q
 _18862_/Q
 _18863_/Q
 _18864_/Q
 _18865_/Q
 _18866_/Q
 _18867_/Q
 _18868_/Q
 _18869_/Q
 _18870_/Q
 _18871_/Q
 _18872_/Q
 _18873_/Q
 _18874_/Q
 _18875_/Q
 _18876_/Q
 _18877_/Q
 _18878_/Q
 _18879_/Q
 _18880_/Q
 _18881_/Q
 _18882_/Q
 _18883_/Q
 _18884_/Q
 _18885_/Q
 _18886_/Q
 _18887_/Q
 _18888_/Q
 _18889_/Q
 _18890_/Q
 _18891_/Q
 _18892_/Q
 _18893_/Q
 _18894_/Q
 _18895_/Q
 _18896_/Q
 _18897_/Q
 _18898_/Q
 _18899_/Q
 _18900_/Q
 _18901_/Q
 _18902_/Q
 _18903_/Q
 _18904_/Q
 _18905_/Q
 _18906_/Q
 _18907_/Q
 _18908_/Q
 _18909_/Q
 _18910_/Q
 _18911_/Q
 _18912_/Q
 _18913_/Q
 _18914_/Q
 _18915_/Q
 _18916_/Q
 _18917_/Q
 _18918_/Q
 _18919_/Q
 _18920_/Q
 _18921_/Q
 _18922_/Q
 _18923_/Q
 _18924_/Q
 _18925_/Q
 _18926_/Q
 _18927_/Q
 _18928_/Q
 _18929_/Q
 _18930_/Q
 _18931_/Q
 _18932_/Q
 _18933_/Q
 _18934_/Q
 _18935_/Q
 _18936_/Q
 _18937_/Q
 _18938_/Q
 _18939_/Q
 _18940_/Q
 _18941_/Q
 _18942_/Q
 _18943_/Q
 _18944_/Q
 _18945_/Q
 _18946_/Q
 _18947_/Q
 _18948_/Q
 _18949_/Q
 _18950_/Q
 _18951_/Q
 _18952_/Q
 _18953_/Q
 _18954_/Q
 _18955_/Q
 _18956_/Q
 _18957_/Q
 _18958_/Q
 _18959_/Q
 _18960_/Q
 _18961_/Q
 _18962_/Q
 _18963_/Q
 _18964_/Q
 _18965_/Q
 _18966_/Q
 _18967_/Q
 _18968_/Q
 _18969_/Q
 _18970_/Q
 _18971_/Q
 _18972_/Q
 _18973_/Q
 _18974_/Q
 _18975_/Q
 _18976_/Q
 _18977_/Q
 _18978_/Q
 _18979_/Q
 _18980_/Q
 _18981_/Q
 _18982_/Q
 _18983_/Q
 _18984_/Q
 _18985_/Q
 _18986_/Q
 _18987_/Q
 _18988_/Q
 _18989_/Q
 _18990_/Q
 _18991_/Q
 _18992_/Q
 _18993_/Q
 _18994_/Q
 _18995_/Q
 _18996_/Q
 _18997_/Q
 _18998_/Q
 _18999_/Q
 _19000_/Q
 _19001_/Q
 _19002_/Q
 _19003_/Q
 _19004_/Q
 _19005_/Q
 _19006_/Q
 _19007_/Q
 _19008_/Q
 _19009_/Q
 _19010_/Q
 _19011_/Q
 _19012_/Q
 _19013_/Q
 _19014_/Q
 _19015_/Q
 _19016_/Q
 _19017_/Q
 _19018_/Q
 _19019_/Q
 _19020_/Q
 _19021_/Q
 _19022_/Q
 _19023_/Q
 _19024_/Q
 _19025_/Q
 _19026_/Q
 _19027_/Q
 _19028_/Q
 _19029_/Q
 _19030_/Q
 _19031_/Q
 _19032_/Q
 _19033_/Q
 _19034_/Q
 _19035_/Q
 _19036_/Q
 _19037_/Q
 _19038_/Q
 _19039_/Q
 _19040_/Q
 _19041_/Q
 _19042_/Q
 _19043_/Q
 _19044_/Q
 _19045_/Q
 _19046_/Q
 _19047_/Q
 _19048_/Q
 _19049_/Q
 _19050_/Q
 _19051_/Q
 _19052_/Q
 _19053_/Q
 _19054_/Q
 _19055_/Q
 _19056_/Q
 _19057_/Q
 _19058_/Q
 _19059_/Q
 _19060_/Q
 _19061_/Q
 _19062_/Q
 _19063_/Q
 _19064_/Q
 _19065_/Q
 _19066_/Q
 _19067_/Q
 _19068_/Q
 _19069_/Q
 _19070_/Q
 _19071_/Q
 _19072_/Q
 _19073_/Q
 _19074_/Q
 _19075_/Q
 _19076_/Q
 _19077_/Q
 _19078_/Q
 _19079_/Q
 _19080_/Q
 _19081_/Q
 _19082_/Q
 _19083_/Q
 _19084_/Q
 _19085_/Q
 _19086_/Q
 _19087_/Q
 _19088_/Q
 _19089_/Q
 _19090_/Q
 _19091_/Q
 _19092_/Q
 _19093_/Q
 _19094_/Q
 _19095_/Q
 _19096_/Q
 _19097_/Q
 _19098_/Q
 _19099_/Q
 _19100_/Q
 _19101_/Q
 _19102_/Q
 _19103_/Q
 _19104_/Q
 _19105_/Q
 _19106_/Q
 _19107_/Q
 _19108_/Q
 _19109_/Q
 _19110_/Q
 _19111_/Q
 _19112_/Q
 _19113_/Q
 _19114_/Q
 _19115_/Q
 _19116_/Q
 _19117_/Q
 _19118_/Q
 _19119_/Q
 _19120_/Q
 _19121_/Q
 _19122_/Q
 _19123_/Q
 _19124_/Q
 _19125_/Q
 _19126_/Q
 _19127_/Q
 _19128_/Q
 _19129_/Q
 _19130_/Q
 _19131_/Q
 _19132_/Q
 _19133_/Q
 _19134_/Q
 _19135_/Q
 _19136_/Q
 _19137_/Q
 _19138_/Q
 _19139_/Q
 _19140_/Q
 _19141_/Q
 _19142_/Q
 _19143_/Q
 _19144_/Q
 _19145_/Q
 _19146_/Q
 _19147_/Q
 _19148_/Q
 _19149_/Q
 _19150_/Q
 _19151_/Q
 _19152_/Q
 _19153_/Q
 _19154_/Q
 _19155_/Q
 _19156_/Q
 _19157_/Q
 _19158_/Q
 _19159_/Q
 _19160_/Q
 _19161_/Q
 _19162_/Q
 _19163_/Q
 _19164_/Q
 _19165_/Q
 _19166_/Q
 _19167_/Q
 _19168_/Q
 _19169_/Q
 _19170_/Q
 _19171_/Q
 _19172_/Q
 _19173_/Q
 _19174_/Q
 _19175_/Q
 _19176_/Q
 _19177_/Q
 _19178_/Q
 _19179_/Q
 _19180_/Q
 _19181_/Q
 _19182_/Q
 _19183_/Q
 _19184_/Q
 _19185_/Q
 _19186_/Q
 _19187_/Q
 _19188_/Q
 _19189_/Q
 _19190_/Q
 _19191_/Q
 _19192_/Q
 _19193_/Q
 _19194_/Q
 _19195_/Q
 _19196_/Q
 _19197_/Q
 _19198_/Q
 _19199_/Q
 _19200_/Q
 _19201_/Q
 _19202_/Q
 _19203_/Q
 _19204_/Q
 _19205_/Q
 _19206_/Q
 _19207_/Q
 _19208_/Q
 _19209_/Q
 _19210_/Q
 _19211_/Q
 _19212_/Q
 _19213_/Q
 _19214_/Q
 _19215_/Q
 _19216_/Q
 _19217_/Q
 _19218_/Q
 _19219_/Q
 _19220_/Q
 _19221_/Q
 _19222_/Q
 _19223_/Q
 _19224_/Q
 _19225_/Q
 _19226_/Q
 _19227_/Q
 _19228_/Q
 _19229_/Q
 _19230_/Q
 _19231_/Q
 _19232_/Q
 _19233_/Q
 _19234_/Q
 _19235_/Q
 _19236_/Q
 _19237_/Q
 _19238_/Q
 _19239_/Q
 _19240_/Q
 _19241_/Q
 _19242_/Q
 _19243_/Q
 _19244_/Q
 _19245_/Q
 _19246_/Q
 _19247_/Q
 _19248_/Q
 _19249_/Q
 _19250_/Q
 _19251_/Q
 _19252_/Q
 _19253_/Q
 _19254_/Q
 _19255_/Q
 _19256_/Q
 _19257_/Q
 _19258_/Q
 _19259_/Q
 _19260_/Q
 _19261_/Q
 _19262_/Q
 _19263_/Q
 _19264_/Q
 _19265_/Q
 _19266_/Q
 _19267_/Q
 _19268_/Q
 _19269_/Q
 _19270_/Q
 _19271_/Q
 _19272_/Q
 _19273_/Q
 _19274_/Q
 _19275_/Q
 _19276_/Q
 _19277_/Q
 _19278_/Q
 _19279_/Q
 _19280_/Q
 _19281_/Q
 _19282_/Q
 _19283_/Q
 _19284_/Q
 _19285_/Q
 _19286_/Q
 _19287_/Q
 _19288_/Q
 _19289_/Q
 _19290_/Q
 _19291_/Q
 _19292_/Q
 _19293_/Q
 _19294_/Q
 _19295_/Q
 _19296_/Q
 _19297_/Q
 _19298_/Q
 _19299_/Q
 _19300_/Q
 _19301_/Q
 _19302_/Q
 _19303_/Q
 _19304_/Q
 _19305_/Q
 _19306_/Q
 _19307_/Q
 _19308_/Q
 _19309_/Q
 _19310_/Q
 _19311_/Q
 _19312_/Q
 _19313_/Q
 _19314_/Q
 _19315_/Q
 _19316_/Q
 _19317_/Q
 _19318_/Q
 _19319_/Q
 _19320_/Q
 _19321_/Q
 _19322_/Q
 _19323_/Q
 _19324_/Q
 _19325_/Q
 _19326_/Q
 _19327_/Q
 _19328_/Q
 _19329_/Q
 _19330_/Q
 _19331_/Q
 _19332_/Q
 _19333_/Q
 _19334_/Q
 _19335_/Q
 _19336_/Q
 _19337_/Q
 _19338_/Q
 _19339_/Q
 _19340_/Q
 _19341_/Q
 _19342_/Q
 _19343_/Q
 _19344_/Q
 _19345_/Q
 _19346_/Q
 _19347_/Q
 _19348_/Q
 _19349_/Q
 _19350_/Q
 _19351_/Q
 _19352_/Q
 _19353_/Q
 _19354_/Q
 _19355_/Q
 _19356_/Q
 _19357_/Q
 _19358_/Q
 _19359_/Q
 _19360_/Q
 _19361_/Q
 _19362_/Q
 _19363_/Q
 _19364_/Q
 _19365_/Q
 _19366_/Q
 _19367_/Q
 _19368_/Q
 _19369_/Q
 _19370_/Q
 _19371_/Q
 _19372_/Q
 _19373_/Q
 _19374_/Q
 _19375_/Q
 _19376_/Q
 _19377_/Q
 _19378_/Q
 _19379_/Q
 _19380_/Q
 _19381_/Q
 _19382_/Q
 _19383_/Q
 _19384_/Q
 _19385_/Q
 _19386_/Q
 _19387_/Q
 _19388_/Q
 _19389_/Q
 _19390_/Q
 _19391_/Q
 _19392_/Q
 _19393_/Q
 _19394_/Q
 _19395_/Q
 _19396_/Q
 _19397_/Q
 _19398_/Q
 _19399_/Q
 _19400_/Q
 _19401_/Q
 _19402_/Q
 _19403_/Q
 _19404_/Q
 _19405_/Q
 _19406_/Q
 _19407_/Q
 _19408_/Q
 _19409_/Q
 _19410_/Q
 _19411_/Q
 _19412_/Q
 _19413_/Q
 _19414_/Q
 _19415_/Q
 _19416_/Q
 _19417_/Q
 _19418_/Q
 _19419_/Q
 _19420_/Q
 _19421_/Q
 _19422_/Q
 _19423_/Q
 _19424_/Q
 _19425_/Q
 _19426_/Q
 _19427_/Q
 _19428_/Q
 _19429_/Q
 _19430_/Q
 _19431_/Q
 _19432_/Q
 _19433_/Q
 _19434_/Q
 _19435_/Q
 _19436_/Q
 _19437_/Q
 _19438_/Q
 _19439_/Q
 _19440_/Q
 _19441_/Q
 _19442_/Q
 _19443_/Q
 _19444_/Q
 _19445_/Q
 _19446_/Q
 _19447_/Q
 _19448_/Q
 _19449_/Q
 _19450_/Q
 _19451_/Q
 _19452_/Q
 _19453_/Q
 _19454_/Q
 _19455_/Q
 _19456_/Q
 _19457_/Q
 _19458_/Q
 _19459_/Q
 _19460_/Q
 _19461_/Q
 _19462_/Q
 _19463_/Q
 _19464_/Q
 _19465_/Q
 _19466_/Q
 _19467_/Q
 _19468_/Q
 _19469_/Q
 _19470_/Q
 _19471_/Q
 _19472_/Q
 _19473_/Q
 _19474_/Q
 _19475_/Q
 _19476_/Q
 _19477_/Q
 _19478_/Q
 _19479_/Q
 _19480_/Q
 _19481_/Q
 _19482_/Q
 _19483_/Q
 _19484_/Q
 _19485_/Q
 _19486_/Q
 _19487_/Q
 _19488_/Q
 _19489_/Q
 _19490_/Q
 _19491_/Q
 _19492_/Q
 _19493_/Q
 _19494_/Q
 _19495_/Q
 _19496_/Q
 _19497_/Q
 _19498_/Q
 _19499_/Q
 _19500_/Q
 _19501_/Q
 _19502_/Q
 _19503_/Q
 _19504_/Q
 _19505_/Q
 _19506_/Q
 _19507_/Q
 _19508_/Q
 _19509_/Q
 _19510_/Q
 _19511_/Q
 _19512_/Q
 _19513_/Q
 _19514_/Q
 _19515_/Q
 _19516_/Q
 _19517_/Q
 _19518_/Q
 _19519_/Q
 _19520_/Q
 _19521_/Q
 _19522_/Q
 _19523_/Q
 _19524_/Q
 _19525_/Q
 _19526_/Q
 _19527_/Q
 _19528_/Q
 _19529_/Q
 _19530_/Q
 _19531_/Q
 _19532_/HI
 _19532_/LO
 _19533_/HI
 _19533_/LO
 _19534_/HI
 _19534_/LO
 _19535_/HI
 _19535_/LO
 _19536_/HI
 _19536_/LO
 _19537_/HI
 _19537_/LO
 _19538_/HI
 _19538_/LO
 _19539_/HI
 _19539_/LO
 _19540_/HI
 _19540_/LO
 _19541_/HI
 _19541_/LO
 _19542_/HI
 _19542_/LO
 _19543_/HI
 _19543_/LO
 _19544_/HI
 _19544_/LO
 _19545_/X
 _19546_/X
 _19547_/X
Found 0 partially unannotated drivers.

===========================================================================
max slew violation count 3736
max fanout violation count 352
max cap violation count 40
============================================================================

===========================================================================
check_setup -verbose -unconstrained_endpoints -multiple_clock -no_clock -no_input_delay -loops -generated_clocks
===========================================================================
