
===========================================================================
report_checks -unconstrained
===========================================================================
======================= nom_tt_025C_1v80 Corner ===================================

Startpoint: rst_n (input port clocked by clk)
Endpoint: _18820_ (recovery check against rising-edge clock clk)
Path Group: asynchronous
Path Type: max

Fanout         Cap        Slew       Delay        Time   Description
---------------------------------------------------------------------------------------------
                                  0.000000    0.000000   clock clk (rise edge)
                                  0.000000    0.000000   clock network delay (propagated)
                                 20.000000   20.000000 ^ input external delay
   401    1.811102    8.068714    5.305980   25.305981 ^ rst_n (in)
                                                         rst_n (net)
                      8.068771    0.000000   25.305981 ^ _09509_/B (sky130_fd_sc_hd__and2_2)
   398    1.874068    9.217883    6.623843   31.929823 ^ _09509_/X (sky130_fd_sc_hd__and2_2)
                                                         core_reset_n (net)
                      9.232017    0.300346   32.230171 ^ _18820_/RESET_B (sky130_fd_sc_hd__dfrtp_2)
                                             32.230171   data arrival time

                                100.000000  100.000000   clock clk (rise edge)
                                  0.000000  100.000000   clock source latency
   798    2.111091    9.402222    6.452190  106.452187 ^ clk (in)
                                                         clk (net)
                      9.414343    0.000000  106.452187 ^ _18820_/CLK (sky130_fd_sc_hd__dfrtp_2)
                                 -0.250000  106.202187   clock uncertainty
                                  0.000000  106.202187   clock reconvergence pessimism
                                  0.781459  106.983650   library recovery time
                                            106.983650   data required time
---------------------------------------------------------------------------------------------
                                            106.983650   data required time
                                            -32.230171   data arrival time
---------------------------------------------------------------------------------------------
                                             74.753479   slack (MET)


Startpoint: _19530_ (rising edge-triggered flip-flop clocked by clk)
Endpoint: uio_out[7] (output port clocked by clk)
Path Group: clk
Path Type: max

Fanout         Cap        Slew       Delay        Time   Description
---------------------------------------------------------------------------------------------
                                  0.000000    0.000000   clock clk (rise edge)
                                  0.000000    0.000000   clock source latency
   798    2.111091    9.402222    6.429642    6.429642 ^ clk (in)
                                                         clk (net)
                      9.412436    0.000000    6.429642 ^ _19530_/CLK (sky130_fd_sc_hd__dfrtp_2)
   114    0.439423    0.961298    2.134313    8.563955 v _19530_/Q (sky130_fd_sc_hd__dfrtp_2)
                                                         busy_wire (net)
                      0.961948    0.023389    8.587344 v _09507_/A (sky130_fd_sc_hd__or3_2)
     1    0.006254    0.092930    0.770615    9.357959 v _09507_/X (sky130_fd_sc_hd__or3_2)
                                                         _01354_ (net)
                      0.092930    0.000052    9.358011 v _09508_/D (sky130_fd_sc_hd__nor4_2)
     2    0.047503    1.101448    0.836798   10.194810 ^ _09508_/Y (sky130_fd_sc_hd__nor4_2)
                                                         ready_wire (net)
                      1.101473    0.004476   10.199286 ^ _19547_/A (sky130_fd_sc_hd__buf_2)
     1    0.034414    0.177529    0.365403   10.564689 ^ _19547_/X (sky130_fd_sc_hd__buf_2)
                                                         uio_out[7] (net)
                      0.177529    0.000187   10.564876 ^ uio_out[7] (out)
                                             10.564876   data arrival time

                                100.000000  100.000000   clock clk (rise edge)
                                  0.000000  100.000000   clock network delay (propagated)
                                 -0.250000   99.750000   clock uncertainty
                                  0.000000   99.750000   clock reconvergence pessimism
                                -20.000000   79.750000   output external delay
                                             79.750000   data required time
---------------------------------------------------------------------------------------------
                                             79.750000   data required time
                                            -10.564876   data arrival time
---------------------------------------------------------------------------------------------
                                             69.185120   slack (MET)




===========================================================================
report_checks --slack_max -0.01
============================================================================
======================= nom_tt_025C_1v80 Corner ===================================

No paths found.


===========================================================================
 report_check_types -max_slew -max_cap -max_fanout -violators
============================================================================
======================= nom_tt_025C_1v80 Corner ===================================

max slew

Pin                                        Limit        Slew       Slack
------------------------------------------------------------------------
_18908_/CLK                             0.750000    9.433828   -8.683828 (VIOLATED)
_18976_/CLK                             0.750000    9.433825   -8.683825 (VIOLATED)
_18978_/CLK                             0.750000    9.433825   -8.683825 (VIOLATED)
_18980_/CLK                             0.750000    9.433826   -8.683826 (VIOLATED)
_18979_/CLK                             0.750000    9.433816   -8.683816 (VIOLATED)
_18862_/CLK                             0.750000    9.433786   -8.683786 (VIOLATED)
_18863_/CLK                             0.750000    9.433781   -8.683781 (VIOLATED)
_18865_/CLK                             0.750000    9.433782   -8.683782 (VIOLATED)
_18982_/CLK                             0.750000    9.433786   -8.683786 (VIOLATED)
_18868_/CLK                             0.750000    9.433778   -8.683778 (VIOLATED)
_18864_/CLK                             0.750000    9.433764   -8.683764 (VIOLATED)
_18867_/CLK                             0.750000    9.433759   -8.683759 (VIOLATED)
_18866_/CLK                             0.750000    9.433742   -8.683741 (VIOLATED)
_18902_/CLK                             0.750000    9.433547   -8.683547 (VIOLATED)
_18869_/CLK                             0.750000    9.433488   -8.683488 (VIOLATED)
_18899_/CLK                             0.750000    9.433486   -8.683486 (VIOLATED)
_18900_/CLK                             0.750000    9.433492   -8.683492 (VIOLATED)
_18892_/CLK                             0.750000    9.433475   -8.683475 (VIOLATED)
_18944_/CLK                             0.750000    9.433468   -8.683468 (VIOLATED)
_18975_/CLK                             0.750000    9.433463   -8.683463 (VIOLATED)
_18942_/CLK                             0.750000    9.433450   -8.683450 (VIOLATED)
_18909_/CLK                             0.750000    9.433417   -8.683417 (VIOLATED)
_18946_/CLK                             0.750000    9.433415   -8.683415 (VIOLATED)
_18948_/CLK                             0.750000    9.433414   -8.683414 (VIOLATED)
_18893_/CLK                             0.750000    9.433401   -8.683401 (VIOLATED)
_18886_/CLK                             0.750000    9.433388   -8.683388 (VIOLATED)
_18907_/CLK                             0.750000    9.433380   -8.683379 (VIOLATED)
_18947_/CLK                             0.750000    9.433367   -8.683366 (VIOLATED)
_18974_/CLK                             0.750000    9.433364   -8.683364 (VIOLATED)
_18981_/CLK                             0.750000    9.433361   -8.683361 (VIOLATED)
_18891_/CLK                             0.750000    9.433343   -8.683343 (VIOLATED)
_18889_/CLK                             0.750000    9.433329   -8.683329 (VIOLATED)
_18903_/CLK                             0.750000    9.433337   -8.683337 (VIOLATED)
_18906_/CLK                             0.750000    9.433337   -8.683337 (VIOLATED)
_18995_/CLK                             0.750000    9.433320   -8.683320 (VIOLATED)
_18890_/CLK                             0.750000    9.433302   -8.683301 (VIOLATED)
_18994_/CLK                             0.750000    9.433292   -8.683292 (VIOLATED)
_19098_/CLK                             0.750000    9.433270   -8.683270 (VIOLATED)
_18987_/CLK                             0.750000    9.433233   -8.683233 (VIOLATED)
_18859_/CLK                             0.750000    9.433208   -8.683208 (VIOLATED)
_18738_/CLK                             0.750000    9.433173   -8.683173 (VIOLATED)
_18993_/CLK                             0.750000    9.433176   -8.683176 (VIOLATED)
_18984_/CLK                             0.750000    9.433160   -8.683159 (VIOLATED)
_18735_/CLK                             0.750000    9.433126   -8.683126 (VIOLATED)
_18989_/CLK                             0.750000    9.433131   -8.683131 (VIOLATED)
_18949_/CLK                             0.750000    9.433122   -8.683121 (VIOLATED)
_18991_/CLK                             0.750000    9.433126   -8.683126 (VIOLATED)
_18905_/CLK                             0.750000    9.433107   -8.683107 (VIOLATED)
_18856_/CLK                             0.750000    9.433096   -8.683095 (VIOLATED)
_18858_/CLK                             0.750000    9.433062   -8.683062 (VIOLATED)
_18861_/CLK                             0.750000    9.433055   -8.683055 (VIOLATED)
_19129_/CLK                             0.750000    9.433031   -8.683030 (VIOLATED)
_19112_/CLK                             0.750000    9.432998   -8.682998 (VIOLATED)
_18986_/CLK                             0.750000    9.432970   -8.682970 (VIOLATED)
_18988_/CLK                             0.750000    9.432972   -8.682972 (VIOLATED)
_19115_/CLK                             0.750000    9.432971   -8.682971 (VIOLATED)
_19126_/CLK                             0.750000    9.432963   -8.682963 (VIOLATED)
_19127_/CLK                             0.750000    9.432966   -8.682965 (VIOLATED)
_19128_/CLK                             0.750000    9.432966   -8.682966 (VIOLATED)
_19114_/CLK                             0.750000    9.432954   -8.682954 (VIOLATED)
_19116_/CLK                             0.750000    9.432959   -8.682959 (VIOLATED)
_19124_/CLK                             0.750000    9.432863   -8.682863 (VIOLATED)
_18983_/CLK                             0.750000    9.432801   -8.682801 (VIOLATED)
_19123_/CLK                             0.750000    9.432728   -8.682728 (VIOLATED)
_19111_/CLK                             0.750000    9.432653   -8.682653 (VIOLATED)
_19257_/CLK                             0.750000    9.432656   -8.682656 (VIOLATED)
_19385_/CLK                             0.750000    9.432656   -8.682656 (VIOLATED)
_18992_/CLK                             0.750000    9.432548   -8.682548 (VIOLATED)
_18850_/CLK                             0.750000    9.432538   -8.682538 (VIOLATED)
_18851_/CLK                             0.750000    9.432545   -8.682545 (VIOLATED)
_19099_/CLK                             0.750000    9.432543   -8.682543 (VIOLATED)
_19251_/CLK                             0.750000    9.432528   -8.682528 (VIOLATED)
_19255_/CLK                             0.750000    9.432529   -8.682529 (VIOLATED)
_19383_/CLK                             0.750000    9.432532   -8.682532 (VIOLATED)
_19254_/CLK                             0.750000    9.432520   -8.682520 (VIOLATED)
_19382_/CLK                             0.750000    9.432519   -8.682519 (VIOLATED)
_19256_/CLK                             0.750000    9.432502   -8.682502 (VIOLATED)
_19384_/CLK                             0.750000    9.432505   -8.682505 (VIOLATED)
_19379_/CLK                             0.750000    9.432436   -8.682435 (VIOLATED)
_19371_/CLK                             0.750000    9.432266   -8.682266 (VIOLATED)
_18853_/CLK                             0.750000    9.432193   -8.682193 (VIOLATED)
_18969_/CLK                             0.750000    9.432138   -8.682138 (VIOLATED)
_18977_/CLK                             0.750000    9.432139   -8.682139 (VIOLATED)
_19095_/CLK                             0.750000    9.431945   -8.681944 (VIOLATED)
_19243_/CLK                             0.750000    9.431867   -8.681867 (VIOLATED)
_19103_/CLK                             0.750000    9.431780   -8.681780 (VIOLATED)
_18737_/CLK                             0.750000    9.431702   -8.681702 (VIOLATED)
_18985_/CLK                             0.750000    9.431701   -8.681701 (VIOLATED)
_19009_/CLK                             0.750000    9.431699   -8.681699 (VIOLATED)
_19113_/CLK                             0.750000    9.431695   -8.681695 (VIOLATED)
_19117_/CLK                             0.750000    9.431699   -8.681698 (VIOLATED)
_19125_/CLK                             0.750000    9.431697   -8.681697 (VIOLATED)
_18734_/CLK                             0.750000    9.431677   -8.681677 (VIOLATED)
_19006_/CLK                             0.750000    9.431679   -8.681679 (VIOLATED)
_19097_/CLK                             0.750000    9.431683   -8.681683 (VIOLATED)
_19110_/CLK                             0.750000    9.431684   -8.681684 (VIOLATED)
_19122_/CLK                             0.750000    9.431682   -8.681682 (VIOLATED)
_19146_/CLK                             0.750000    9.431680   -8.681680 (VIOLATED)
_19378_/CLK                             0.750000    9.431684   -8.681684 (VIOLATED)
_18990_/CLK                             0.750000    9.431667   -8.681667 (VIOLATED)
_19138_/CLK                             0.750000    9.431667   -8.681667 (VIOLATED)
_18846_/CLK                             0.750000    9.431658   -8.681658 (VIOLATED)
_18854_/CLK                             0.750000    9.431664   -8.681664 (VIOLATED)
_18857_/CLK                             0.750000    9.431670   -8.681670 (VIOLATED)
_19094_/CLK                             0.750000    9.431643   -8.681643 (VIOLATED)
_19102_/CLK                             0.750000    9.431637   -8.681637 (VIOLATED)
_19250_/CLK                             0.750000    9.431643   -8.681643 (VIOLATED)
_19234_/CLK                             0.750000    9.431634   -8.681634 (VIOLATED)
_19242_/CLK                             0.750000    9.431639   -8.681639 (VIOLATED)
_19253_/CLK                             0.750000    9.431625   -8.681625 (VIOLATED)
_19362_/CLK                             0.750000    9.431626   -8.681626 (VIOLATED)
_19130_/CLK                             0.750000    9.431617   -8.681617 (VIOLATED)
_19498_/CLK                             0.750000    9.431624   -8.681624 (VIOLATED)
_19509_/CLK                             0.750000    9.431622   -8.681622 (VIOLATED)
_19154_/CLK                             0.750000    9.431608   -8.681608 (VIOLATED)
_19258_/CLK                             0.750000    9.431616   -8.681616 (VIOLATED)
_19370_/CLK                             0.750000    9.431618   -8.681618 (VIOLATED)
_19235_/CLK                             0.750000    9.431607   -8.681607 (VIOLATED)
_19266_/CLK                             0.750000    9.431611   -8.681611 (VIOLATED)
_19282_/CLK                             0.750000    9.431606   -8.681606 (VIOLATED)
_19386_/CLK                             0.750000    9.431611   -8.681611 (VIOLATED)
_19274_/CLK                             0.750000    9.431591   -8.681591 (VIOLATED)
_18758_/CLK                             0.750000    9.431567   -8.681567 (VIOLATED)
_18838_/CLK                             0.750000    9.431571   -8.681571 (VIOLATED)
_19410_/CLK                             0.750000    9.431542   -8.681542 (VIOLATED)
_18841_/CLK                             0.750000    9.431526   -8.681526 (VIOLATED)
_19237_/CLK                             0.750000    9.431526   -8.681526 (VIOLATED)
_18998_/CLK                             0.750000    9.431511   -8.681511 (VIOLATED)
_19389_/CLK                             0.750000    9.431519   -8.681519 (VIOLATED)
_19493_/CLK                             0.750000    9.431523   -8.681523 (VIOLATED)
_19377_/CLK                             0.750000    9.431493   -8.681493 (VIOLATED)
_19513_/CLK                             0.750000    9.431493   -8.681493 (VIOLATED)
_19245_/CLK                             0.750000    9.431475   -8.681475 (VIOLATED)
_19365_/CLK                             0.750000    9.431482   -8.681482 (VIOLATED)
_19373_/CLK                             0.750000    9.431486   -8.681486 (VIOLATED)
_19381_/CLK                             0.750000    9.431490   -8.681490 (VIOLATED)
_19141_/CLK                             0.750000    9.431452   -8.681452 (VIOLATED)
_18849_/CLK                             0.750000    9.431431   -8.681431 (VIOLATED)
_19133_/CLK                             0.750000    9.431425   -8.681425 (VIOLATED)
_19363_/CLK                             0.750000    9.431427   -8.681426 (VIOLATED)
_19501_/CLK                             0.750000    9.431408   -8.681408 (VIOLATED)
_19261_/CLK                             0.750000    9.431381   -8.681381 (VIOLATED)
_19269_/CLK                             0.750000    9.431369   -8.681369 (VIOLATED)
_18742_/CLK                             0.750000    9.431296   -8.681296 (VIOLATED)
_18750_/CLK                             0.750000    9.431270   -8.681270 (VIOLATED)
_19105_/CLK                             0.750000    9.431273   -8.681272 (VIOLATED)
_19149_/CLK                             0.750000    9.431272   -8.681271 (VIOLATED)
_19249_/CLK                             0.750000    9.431182   -8.681182 (VIOLATED)
_19506_/CLK                             0.750000    9.431170   -8.681170 (VIOLATED)
_19101_/CLK                             0.750000    9.431151   -8.681151 (VIOLATED)
_19490_/CLK                             0.750000    9.431149   -8.681149 (VIOLATED)
_19001_/CLK                             0.750000    9.431112   -8.681112 (VIOLATED)
_19369_/CLK                             0.750000    9.431111   -8.681111 (VIOLATED)
_19241_/CLK                             0.750000    9.431067   -8.681067 (VIOLATED)
_19277_/CLK                             0.750000    9.430964   -8.680964 (VIOLATED)
_19157_/CLK                             0.750000    9.430937   -8.680937 (VIOLATED)
_18895_/CLK                             0.750000    9.430872   -8.680872 (VIOLATED)
_18934_/CLK                             0.750000    9.430879   -8.680879 (VIOLATED)
_18937_/CLK                             0.750000    9.430878   -8.680878 (VIOLATED)
_18938_/CLK                             0.750000    9.430880   -8.680880 (VIOLATED)
_18896_/CLK                             0.750000    9.430869   -8.680869 (VIOLATED)
_18894_/CLK                             0.750000    9.430859   -8.680858 (VIOLATED)
_18901_/CLK                             0.750000    9.430846   -8.680846 (VIOLATED)
_18887_/CLK                             0.750000    9.430833   -8.680833 (VIOLATED)
_18888_/CLK                             0.750000    9.430834   -8.680834 (VIOLATED)
_18936_/CLK                             0.750000    9.430835   -8.680835 (VIOLATED)
_18970_/CLK                             0.750000    9.430841   -8.680841 (VIOLATED)
_18941_/CLK                             0.750000    9.430831   -8.680831 (VIOLATED)
_19080_/CLK                             0.750000    9.430834   -8.680834 (VIOLATED)
_18935_/CLK                             0.750000    9.430807   -8.680807 (VIOLATED)
_18966_/CLK                             0.750000    9.430808   -8.680808 (VIOLATED)
_18971_/CLK                             0.750000    9.430808   -8.680808 (VIOLATED)
_19340_/CLK                             0.750000    9.430781   -8.680781 (VIOLATED)
_19072_/CLK                             0.750000    9.430736   -8.680736 (VIOLATED)
_19212_/CLK                             0.750000    9.430742   -8.680741 (VIOLATED)
_18740_/CLK                             0.750000    9.430694   -8.680694 (VIOLATED)
_18842_/CLK                             0.750000    9.430698   -8.680698 (VIOLATED)
_18996_/CLK                             0.750000    9.430693   -8.680693 (VIOLATED)
_19252_/CLK                             0.750000    9.430700   -8.680700 (VIOLATED)
_19380_/CLK                             0.750000    9.430700   -8.680700 (VIOLATED)
_18736_/CLK                             0.750000    9.430684   -8.680684 (VIOLATED)
_19064_/CLK                             0.750000    9.430684   -8.680684 (VIOLATED)
_19220_/CLK                             0.750000    9.430679   -8.680679 (VIOLATED)
_19348_/CLK                             0.750000    9.430680   -8.680680 (VIOLATED)
_19388_/CLK                             0.750000    9.430678   -8.680678 (VIOLATED)
_19390_/CLK                             0.750000    9.430664   -8.680664 (VIOLATED)
_19392_/CLK                             0.750000    9.430666   -8.680666 (VIOLATED)
_18904_/CLK                             0.750000    9.430643   -8.680643 (VIOLATED)
_19228_/CLK                             0.750000    9.430651   -8.680650 (VIOLATED)
_19356_/CLK                             0.750000    9.430652   -8.680651 (VIOLATED)
_18739_/CLK                             0.750000    9.430631   -8.680631 (VIOLATED)
_18816_/CLK                             0.750000    9.430627   -8.680627 (VIOLATED)
_19391_/CLK                             0.750000    9.430625   -8.680625 (VIOLATED)
_18840_/CLK                             0.750000    9.430611   -8.680611 (VIOLATED)
_19285_/CLK                             0.750000    9.430601   -8.680601 (VIOLATED)
_19468_/CLK                             0.750000    9.430601   -8.680601 (VIOLATED)
_19492_/CLK                             0.750000    9.430597   -8.680597 (VIOLATED)
_19104_/CLK                             0.750000    9.430584   -8.680584 (VIOLATED)
_18848_/CLK                             0.750000    9.430558   -8.680558 (VIOLATED)
_19500_/CLK                             0.750000    9.430533   -8.680533 (VIOLATED)
_18968_/CLK                             0.750000    9.430521   -8.680521 (VIOLATED)
_18972_/CLK                             0.750000    9.430520   -8.680520 (VIOLATED)
_19008_/CLK                             0.750000    9.430507   -8.680507 (VIOLATED)
_19204_/CLK                             0.750000    9.430511   -8.680511 (VIOLATED)
_19332_/CLK                             0.750000    9.430518   -8.680518 (VIOLATED)
_19148_/CLK                             0.750000    9.430496   -8.680495 (VIOLATED)
_19000_/CLK                             0.750000    9.430484   -8.680484 (VIOLATED)
_18843_/CLK                             0.750000    9.430471   -8.680471 (VIOLATED)
_19140_/CLK                             0.750000    9.430473   -8.680473 (VIOLATED)
_19372_/CLK                             0.750000    9.430476   -8.680476 (VIOLATED)
_19494_/CLK                             0.750000    9.430476   -8.680476 (VIOLATED)
_19495_/CLK                             0.750000    9.430471   -8.680471 (VIOLATED)
_19503_/CLK                             0.750000    9.430474   -8.680474 (VIOLATED)
_19132_/CLK                             0.750000    9.430458   -8.680458 (VIOLATED)
_19366_/CLK                             0.750000    9.430467   -8.680467 (VIOLATED)
_19374_/CLK                             0.750000    9.430470   -8.680470 (VIOLATED)
_19364_/CLK                             0.750000    9.430453   -8.680453 (VIOLATED)
_19504_/CLK                             0.750000    9.430452   -8.680452 (VIOLATED)
_19096_/CLK                             0.750000    9.430439   -8.680439 (VIOLATED)
_19236_/CLK                             0.750000    9.430431   -8.680431 (VIOLATED)
_19244_/CLK                             0.750000    9.430432   -8.680432 (VIOLATED)
_19260_/CLK                             0.750000    9.430430   -8.680430 (VIOLATED)
_18844_/CLK                             0.750000    9.430414   -8.680414 (VIOLATED)
_19246_/CLK                             0.750000    9.430414   -8.680414 (VIOLATED)
_19238_/CLK                             0.750000    9.430404   -8.680404 (VIOLATED)
_19387_/CLK                             0.750000    9.430374   -8.680374 (VIOLATED)
_19088_/CLK                             0.750000    9.430329   -8.680329 (VIOLATED)
_19293_/CLK                             0.750000    9.430330   -8.680330 (VIOLATED)
_18832_/CLK                             0.750000    9.430230   -8.680230 (VIOLATED)
_19484_/CLK                             0.750000    9.430204   -8.680204 (VIOLATED)
_18741_/CLK                             0.750000    9.430095   -8.680095 (VIOLATED)
_19135_/CLK                             0.750000    9.430094   -8.680094 (VIOLATED)
_19263_/CLK                             0.750000    9.430096   -8.680096 (VIOLATED)
_19511_/CLK                             0.750000    9.429970   -8.679970 (VIOLATED)
_19502_/CLK                             0.750000    9.429927   -8.679927 (VIOLATED)
_19109_/CLK                             0.750000    9.429914   -8.679913 (VIOLATED)
_18744_/CLK                             0.750000    9.429856   -8.679856 (VIOLATED)
_18760_/CLK                             0.750000    9.429857   -8.679857 (VIOLATED)
_18776_/CLK                             0.750000    9.429865   -8.679865 (VIOLATED)
_18852_/CLK                             0.750000    9.429862   -8.679862 (VIOLATED)
_18855_/CLK                             0.750000    9.429863   -8.679863 (VIOLATED)
_19156_/CLK                             0.750000    9.429864   -8.679864 (VIOLATED)
_19276_/CLK                             0.750000    9.429866   -8.679866 (VIOLATED)
_19268_/CLK                             0.750000    9.429857   -8.679857 (VIOLATED)
_19367_/CLK                             0.750000    9.429859   -8.679859 (VIOLATED)
_19375_/CLK                             0.750000    9.429862   -8.679862 (VIOLATED)
_19428_/CLK                             0.750000    9.429862   -8.679861 (VIOLATED)
_19100_/CLK                             0.750000    9.429845   -8.679845 (VIOLATED)
_19136_/CLK                             0.750000    9.429846   -8.679846 (VIOLATED)
_19143_/CLK                             0.750000    9.429850   -8.679849 (VIOLATED)
_19144_/CLK                             0.750000    9.429851   -8.679851 (VIOLATED)
_19376_/CLK                             0.750000    9.429852   -8.679852 (VIOLATED)
_19396_/CLK                             0.750000    9.429854   -8.679854 (VIOLATED)
_19106_/CLK                             0.750000    9.429832   -8.679832 (VIOLATED)
_19247_/CLK                             0.750000    9.429833   -8.679833 (VIOLATED)
_19368_/CLK                             0.750000    9.429841   -8.679841 (VIOLATED)
_19264_/CLK                             0.750000    9.429832   -8.679832 (VIOLATED)
_19004_/CLK                             0.750000    9.429813   -8.679813 (VIOLATED)
_19108_/CLK                             0.750000    9.429821   -8.679821 (VIOLATED)
_19248_/CLK                             0.750000    9.429821   -8.679821 (VIOLATED)
_19240_/CLK                             0.750000    9.429811   -8.679811 (VIOLATED)
_19271_/CLK                             0.750000    9.429816   -8.679816 (VIOLATED)
_19272_/CLK                             0.750000    9.429817   -8.679817 (VIOLATED)
_19496_/CLK                             0.750000    9.429811   -8.679811 (VIOLATED)
_18839_/CLK                             0.750000    9.429795   -8.679795 (VIOLATED)
_19107_/CLK                             0.750000    9.429785   -8.679785 (VIOLATED)
_19239_/CLK                             0.750000    9.429793   -8.679793 (VIOLATED)
_19393_/CLK                             0.750000    9.429776   -8.679776 (VIOLATED)
_19491_/CLK                             0.750000    9.429785   -8.679784 (VIOLATED)
_19510_/CLK                             0.750000    9.429786   -8.679786 (VIOLATED)
_18860_/CLK                             0.750000    9.429764   -8.679764 (VIOLATED)
_19512_/CLK                             0.750000    9.429751   -8.679751 (VIOLATED)
_18845_/CLK                             0.750000    9.429730   -8.679730 (VIOLATED)
_18847_/CLK                             0.750000    9.429728   -8.679728 (VIOLATED)
_19497_/CLK                             0.750000    9.429730   -8.679730 (VIOLATED)
_19499_/CLK                             0.750000    9.429735   -8.679735 (VIOLATED)
_18761_/CLK                             0.750000    9.429705   -8.679705 (VIOLATED)
_19413_/CLK                             0.750000    9.429704   -8.679704 (VIOLATED)
_19505_/CLK                             0.750000    9.429706   -8.679706 (VIOLATED)
_19153_/CLK                             0.750000    9.429694   -8.679693 (VIOLATED)
_19013_/CLK                             0.750000    9.429679   -8.679679 (VIOLATED)
_18757_/CLK                             0.750000    9.429605   -8.679605 (VIOLATED)
_19409_/CLK                             0.750000    9.429586   -8.679586 (VIOLATED)
_19045_/CLK                             0.750000    9.429322   -8.679322 (VIOLATED)
_19401_/CLK                             0.750000    9.429296   -8.679296 (VIOLATED)
_18749_/CLK                             0.750000    9.429279   -8.679279 (VIOLATED)
_19161_/CLK                             0.750000    9.429281   -8.679281 (VIOLATED)
_19273_/CLK                             0.750000    9.429284   -8.679284 (VIOLATED)
_19281_/CLK                             0.750000    9.429282   -8.679282 (VIOLATED)
_18748_/CLK                             0.750000    9.429206   -8.679206 (VIOLATED)
_18885_/CLK                             0.750000    9.429203   -8.679202 (VIOLATED)
_19400_/CLK                             0.750000    9.429206   -8.679206 (VIOLATED)
_19289_/CLK                             0.750000    9.429195   -8.679195 (VIOLATED)
_19297_/CLK                             0.750000    9.429197   -8.679197 (VIOLATED)
_19508_/CLK                             0.750000    9.429203   -8.679203 (VIOLATED)
_19185_/CLK                             0.750000    9.429001   -8.679001 (VIOLATED)
_19425_/CLK                             0.750000    9.429000   -8.679000 (VIOLATED)
_18769_/CLK                             0.750000    9.428957   -8.678957 (VIOLATED)
_18773_/CLK                             0.750000    9.428957   -8.678957 (VIOLATED)
_19421_/CLK                             0.750000    9.428956   -8.678956 (VIOLATED)
_19037_/CLK                             0.750000    9.428929   -8.678929 (VIOLATED)
_19169_/CLK                             0.750000    9.428712   -8.678712 (VIOLATED)
_19177_/CLK                             0.750000    9.428715   -8.678715 (VIOLATED)
_19305_/CLK                             0.750000    9.428698   -8.678698 (VIOLATED)
_19029_/CLK                             0.750000    9.428672   -8.678672 (VIOLATED)
_18765_/CLK                             0.750000    9.428585   -8.678585 (VIOLATED)
_19262_/CLK                             0.750000    9.428587   -8.678587 (VIOLATED)
_18781_/CLK                             0.750000    9.428503   -8.678503 (VIOLATED)
_19077_/CLK                             0.750000    9.428475   -8.678475 (VIOLATED)
_19433_/CLK                             0.750000    9.428359   -8.678359 (VIOLATED)
_18753_/CLK                             0.750000    9.428251   -8.678251 (VIOLATED)
_18997_/CLK                             0.750000    9.428249   -8.678249 (VIOLATED)
_19137_/CLK                             0.750000    9.428241   -8.678241 (VIOLATED)
_19145_/CLK                             0.750000    9.428238   -8.678238 (VIOLATED)
_19265_/CLK                             0.750000    9.428244   -8.678244 (VIOLATED)
_19405_/CLK                             0.750000    9.428248   -8.678248 (VIOLATED)
_18877_/CLK                             0.750000    9.428229   -8.678229 (VIOLATED)
_19005_/CLK                             0.750000    9.428232   -8.678231 (VIOLATED)
_18745_/CLK                             0.750000    9.428215   -8.678215 (VIOLATED)
_19003_/CLK                             0.750000    9.428221   -8.678221 (VIOLATED)
_19025_/CLK                             0.750000    9.428193   -8.678193 (VIOLATED)
_19165_/CLK                             0.750000    9.428187   -8.678187 (VIOLATED)
_19394_/CLK                             0.750000    9.428183   -8.678183 (VIOLATED)
_19397_/CLK                             0.750000    9.428181   -8.678181 (VIOLATED)
_19301_/CLK                             0.750000    9.428117   -8.678117 (VIOLATED)
_19465_/CLK                             0.750000    9.428101   -8.678101 (VIOLATED)
_19309_/CLK                             0.750000    9.428007   -8.678007 (VIOLATED)
_18813_/CLK                             0.750000    9.427845   -8.677844 (VIOLATED)
_19173_/CLK                             0.750000    9.427848   -8.677848 (VIOLATED)
_19489_/CLK                             0.750000    9.427816   -8.677816 (VIOLATED)
_18777_/CLK                             0.750000    9.427747   -8.677747 (VIOLATED)
_19402_/CLK                             0.750000    9.427751   -8.677751 (VIOLATED)
_19429_/CLK                             0.750000    9.427749   -8.677749 (VIOLATED)
_19069_/CLK                             0.750000    9.427598   -8.677598 (VIOLATED)
_18806_/CLK                             0.750000    9.426897   -8.676897 (VIOLATED)
_18830_/CLK                             0.750000    9.426898   -8.676898 (VIOLATED)
_19078_/CLK                             0.750000    9.426902   -8.676902 (VIOLATED)
_19218_/CLK                             0.750000    9.426907   -8.676907 (VIOLATED)
_19226_/CLK                             0.750000    9.426907   -8.676907 (VIOLATED)
_19354_/CLK                             0.750000    9.426907   -8.676907 (VIOLATED)
_19434_/CLK                             0.750000    9.426891   -8.676891 (VIOLATED)
_19458_/CLK                             0.750000    9.426890   -8.676890 (VIOLATED)
_19482_/CLK                             0.750000    9.426889   -8.676889 (VIOLATED)
_19466_/CLK                             0.750000    9.426878   -8.676878 (VIOLATED)
_18774_/CLK                             0.750000    9.426867   -8.676867 (VIOLATED)
_18814_/CLK                             0.750000    9.426875   -8.676874 (VIOLATED)
_19426_/CLK                             0.750000    9.426859   -8.676859 (VIOLATED)
_18837_/CLK                             0.750000    9.426826   -8.676826 (VIOLATED)
_18967_/CLK                             0.750000    9.426716   -8.676716 (VIOLATED)
_19032_/CLK                             0.750000    9.426712   -8.676712 (VIOLATED)
_19040_/CLK                             0.750000    9.426714   -8.676714 (VIOLATED)
_19056_/CLK                             0.750000    9.426713   -8.676713 (VIOLATED)
_19180_/CLK                             0.750000    9.426707   -8.676707 (VIOLATED)
_19196_/CLK                             0.750000    9.426713   -8.676713 (VIOLATED)
_19172_/CLK                             0.750000    9.426697   -8.676697 (VIOLATED)
_19188_/CLK                             0.750000    9.426704   -8.676704 (VIOLATED)
_18973_/CLK                             0.750000    9.426681   -8.676680 (VIOLATED)
_19024_/CLK                             0.750000    9.426688   -8.676688 (VIOLATED)
_19164_/CLK                             0.750000    9.426681   -8.676681 (VIOLATED)
_19292_/CLK                             0.750000    9.426678   -8.676678 (VIOLATED)
_19300_/CLK                             0.750000    9.426679   -8.676679 (VIOLATED)
_19324_/CLK                             0.750000    9.426681   -8.676680 (VIOLATED)
_18768_/CLK                             0.750000    9.426660   -8.676660 (VIOLATED)
_19284_/CLK                             0.750000    9.426668   -8.676667 (VIOLATED)
_19308_/CLK                             0.750000    9.426670   -8.676670 (VIOLATED)
_19316_/CLK                             0.750000    9.426675   -8.676675 (VIOLATED)
_19048_/CLK                             0.750000    9.426651   -8.676651 (VIOLATED)
_18878_/CLK                             0.750000    9.426639   -8.676639 (VIOLATED)
_18880_/CLK                             0.750000    9.426639   -8.676639 (VIOLATED)
_19361_/CLK                             0.750000    9.426644   -8.676644 (VIOLATED)
_19012_/CLK                             0.750000    9.426636   -8.676636 (VIOLATED)
_19420_/CLK                             0.750000    9.426611   -8.676611 (VIOLATED)
_18752_/CLK                             0.750000    9.426593   -8.676593 (VIOLATED)
_18940_/CLK                             0.750000    9.426590   -8.676589 (VIOLATED)
_19444_/CLK                             0.750000    9.426561   -8.676561 (VIOLATED)
_19404_/CLK                             0.750000    9.426548   -8.676548 (VIOLATED)
_18808_/CLK                             0.750000    9.426503   -8.676503 (VIOLATED)
_18824_/CLK                             0.750000    9.426510   -8.676510 (VIOLATED)
_19016_/CLK                             0.750000    9.426506   -8.676506 (VIOLATED)
_19412_/CLK                             0.750000    9.426504   -8.676504 (VIOLATED)
_19460_/CLK                             0.750000    9.426500   -8.676500 (VIOLATED)
_19476_/CLK                             0.750000    9.426481   -8.676481 (VIOLATED)
_18763_/CLK                             0.750000    9.426400   -8.676400 (VIOLATED)
_19011_/CLK                             0.750000    9.426406   -8.676406 (VIOLATED)
_19415_/CLK                             0.750000    9.426401   -8.676401 (VIOLATED)
_19151_/CLK                             0.750000    9.426357   -8.676356 (VIOLATED)
_19270_/CLK                             0.750000    9.426328   -8.676328 (VIOLATED)
_19279_/CLK                             0.750000    9.426323   -8.676323 (VIOLATED)
_18764_/CLK                             0.750000    9.426283   -8.676283 (VIOLATED)
_19416_/CLK                             0.750000    9.426271   -8.676271 (VIOLATED)
_19068_/CLK                             0.750000    9.426204   -8.676204 (VIOLATED)
_18999_/CLK                             0.750000    9.426154   -8.676154 (VIOLATED)
_18747_/CLK                             0.750000    9.426093   -8.676093 (VIOLATED)
_19134_/CLK                             0.750000    9.426094   -8.676094 (VIOLATED)
_19399_/CLK                             0.750000    9.426091   -8.676091 (VIOLATED)
_19139_/CLK                             0.750000    9.426074   -8.676074 (VIOLATED)
_19267_/CLK                             0.750000    9.426017   -8.676017 (VIOLATED)
_19353_/CLK                             0.750000    9.425979   -8.675979 (VIOLATED)
_18800_/CLK                             0.750000    9.425957   -8.675957 (VIOLATED)
_19142_/CLK                             0.750000    9.425958   -8.675958 (VIOLATED)
_19452_/CLK                             0.750000    9.425956   -8.675956 (VIOLATED)
_19131_/CLK                             0.750000    9.425942   -8.675942 (VIOLATED)
_19259_/CLK                             0.750000    9.425942   -8.675942 (VIOLATED)
_19417_/CLK                             0.750000    9.425943   -8.675943 (VIOLATED)
_19313_/CLK                             0.750000    9.425931   -8.675931 (VIOLATED)
_19449_/CLK                             0.750000    9.425937   -8.675937 (VIOLATED)
_19507_/CLK                             0.750000    9.425934   -8.675934 (VIOLATED)
_18821_/CLK                             0.750000    9.425916   -8.675916 (VIOLATED)
_19441_/CLK                             0.750000    9.425922   -8.675922 (VIOLATED)
_19473_/CLK                             0.750000    9.425918   -8.675918 (VIOLATED)
_18743_/CLK                             0.750000    9.425901   -8.675901 (VIOLATED)
_19457_/CLK                             0.750000    9.425904   -8.675903 (VIOLATED)
_19217_/CLK                             0.750000    9.425888   -8.675888 (VIOLATED)
_19345_/CLK                             0.750000    9.425892   -8.675892 (VIOLATED)
_18746_/CLK                             0.750000    9.425831   -8.675831 (VIOLATED)
_19002_/CLK                             0.750000    9.425833   -8.675833 (VIOLATED)
_19395_/CLK                             0.750000    9.425838   -8.675838 (VIOLATED)
_19398_/CLK                             0.750000    9.425829   -8.675829 (VIOLATED)
_19411_/CLK                             0.750000    9.425826   -8.675826 (VIOLATED)
_18789_/CLK                             0.750000    9.425751   -8.675751 (VIOLATED)
_19481_/CLK                             0.750000    9.425643   -8.675643 (VIOLATED)
_18805_/CLK                             0.750000    9.425563   -8.675563 (VIOLATED)
_19209_/CLK                             0.750000    9.425226   -8.675226 (VIOLATED)
_19337_/CLK                             0.750000    9.425117   -8.675117 (VIOLATED)
_19201_/CLK                             0.750000    9.424417   -8.674417 (VIOLATED)
_19061_/CLK                             0.750000    9.424279   -8.674279 (VIOLATED)
_19338_/CLK                             0.750000    9.424088   -8.674088 (VIOLATED)
_19346_/CLK                             0.750000    9.424090   -8.674090 (VIOLATED)
_19514_/CLK                             0.750000    9.424092   -8.674092 (VIOLATED)
_19515_/CLK                             0.750000    9.424091   -8.674091 (VIOLATED)
_19062_/CLK                             0.750000    9.424078   -8.674078 (VIOLATED)
_19210_/CLK                             0.750000    9.424083   -8.674083 (VIOLATED)
_19070_/CLK                             0.750000    9.424074   -8.674074 (VIOLATED)
_19030_/CLK                             0.750000    9.424066   -8.674066 (VIOLATED)
_19038_/CLK                             0.750000    9.424043   -8.674042 (VIOLATED)
_19290_/CLK                             0.750000    9.424042   -8.674042 (VIOLATED)
_19298_/CLK                             0.750000    9.424043   -8.674042 (VIOLATED)
_19524_/CLK                             0.750000    9.424036   -8.674036 (VIOLATED)
_19526_/CLK                             0.750000    9.424043   -8.674042 (VIOLATED)
_19527_/CLK                             0.750000    9.424046   -8.674046 (VIOLATED)
_19525_/CLK                             0.750000    9.424004   -8.674003 (VIOLATED)
_18798_/CLK                             0.750000    9.423980   -8.673980 (VIOLATED)
_19450_/CLK                             0.750000    9.423979   -8.673979 (VIOLATED)
_18766_/CLK                             0.750000    9.423956   -8.673956 (VIOLATED)
_19418_/CLK                             0.750000    9.423954   -8.673954 (VIOLATED)
_19233_/CLK                             0.750000    9.423692   -8.673692 (VIOLATED)
_18797_/CLK                             0.750000    9.422931   -8.672930 (VIOLATED)
_19021_/CLK                             0.750000    9.422931   -8.672930 (VIOLATED)
_18829_/CLK                             0.750000    9.422920   -8.672920 (VIOLATED)
_19053_/CLK                             0.750000    9.422920   -8.672920 (VIOLATED)
_19193_/CLK                             0.750000    9.422928   -8.672928 (VIOLATED)
_19225_/CLK                             0.750000    9.422924   -8.672924 (VIOLATED)
_19321_/CLK                             0.750000    9.422929   -8.672929 (VIOLATED)
_19329_/CLK                             0.750000    9.422930   -8.672929 (VIOLATED)
_19085_/CLK                             0.750000    9.422911   -8.672911 (VIOLATED)
_18836_/CLK                             0.750000    9.422104   -8.672104 (VIOLATED)
_19076_/CLK                             0.750000    9.422107   -8.672107 (VIOLATED)
_19360_/CLK                             0.750000    9.422106   -8.672106 (VIOLATED)
_19461_/CLK                             0.750000    9.422099   -8.672099 (VIOLATED)
_19033_/CLK                             0.750000    9.421961   -8.671960 (VIOLATED)
_18809_/CLK                             0.750000    9.421622   -8.671622 (VIOLATED)
_19086_/CLK                             0.750000    9.421423   -8.671423 (VIOLATED)
_19330_/CLK                             0.750000    9.421426   -8.671426 (VIOLATED)
_19516_/CLK                             0.750000    9.421431   -8.671431 (VIOLATED)
_19517_/CLK                             0.750000    9.421432   -8.671432 (VIOLATED)
_19518_/CLK                             0.750000    9.421430   -8.671429 (VIOLATED)
_19054_/CLK                             0.750000    9.421414   -8.671414 (VIOLATED)
_19202_/CLK                             0.750000    9.421418   -8.671418 (VIOLATED)
_19519_/CLK                             0.750000    9.421417   -8.671417 (VIOLATED)
_19520_/CLK                             0.750000    9.421418   -8.671418 (VIOLATED)
_19194_/CLK                             0.750000    9.421406   -8.671406 (VIOLATED)
_19322_/CLK                             0.750000    9.421403   -8.671403 (VIOLATED)
_19521_/CLK                             0.750000    9.421405   -8.671404 (VIOLATED)
_19522_/CLK                             0.750000    9.421404   -8.671403 (VIOLATED)
_19523_/CLK                             0.750000    9.421404   -8.671403 (VIOLATED)
_19528_/CLK                             0.750000    9.421399   -8.671399 (VIOLATED)
_19186_/CLK                             0.750000    9.421382   -8.671382 (VIOLATED)
_19314_/CLK                             0.750000    9.421378   -8.671378 (VIOLATED)
_18782_/CLK                             0.750000    9.421338   -8.671338 (VIOLATED)
_19022_/CLK                             0.750000    9.421341   -8.671341 (VIOLATED)
_19046_/CLK                             0.750000    9.421348   -8.671348 (VIOLATED)
_19162_/CLK                             0.750000    9.421346   -8.671346 (VIOLATED)
_19170_/CLK                             0.750000    9.421349   -8.671349 (VIOLATED)
_19178_/CLK                             0.750000    9.421349   -8.671349 (VIOLATED)
_19306_/CLK                             0.750000    9.421348   -8.671348 (VIOLATED)
_19014_/CLK                             0.750000    9.421324   -8.671324 (VIOLATED)
_18790_/CLK                             0.750000    9.421286   -8.671286 (VIOLATED)
_19442_/CLK                             0.750000    9.421287   -8.671287 (VIOLATED)
_19529_/CLK                             0.750000    9.421275   -8.671274 (VIOLATED)
_19017_/CLK                             0.750000    9.421230   -8.671230 (VIOLATED)
_19092_/CLK                             0.750000    9.421210   -8.671209 (VIOLATED)
_18822_/CLK                             0.750000    9.421200   -8.671200 (VIOLATED)
_19093_/CLK                             0.750000    9.421206   -8.671206 (VIOLATED)
_19224_/CLK                             0.750000    9.421212   -8.671212 (VIOLATED)
_19232_/CLK                             0.750000    9.421211   -8.671211 (VIOLATED)
_19474_/CLK                             0.750000    9.421203   -8.671203 (VIOLATED)
_19485_/CLK                             0.750000    9.421206   -8.671206 (VIOLATED)
_18833_/CLK                             0.750000    9.421165   -8.671165 (VIOLATED)
_19019_/CLK                             0.750000    9.421110   -8.671110 (VIOLATED)
_19065_/CLK                             0.750000    9.421107   -8.671106 (VIOLATED)
_19089_/CLK                             0.750000    9.421110   -8.671110 (VIOLATED)
_19181_/CLK                             0.750000    9.421073   -8.671073 (VIOLATED)
_19469_/CLK                             0.750000    9.420441   -8.670441 (VIOLATED)
_18945_/CLK                             0.750000    9.420139   -8.670139 (VIOLATED)
_18817_/CLK                             0.750000    9.420020   -8.670019 (VIOLATED)
_19084_/CLK                             0.750000    9.420022   -8.670022 (VIOLATED)
_19483_/CLK                             0.750000    9.420022   -8.670022 (VIOLATED)
_18961_/CLK                             0.750000    9.419895   -8.669895 (VIOLATED)
_19357_/CLK                             0.750000    9.419895   -8.669895 (VIOLATED)
_19057_/CLK                             0.750000    9.419193   -8.669192 (VIOLATED)
_19229_/CLK                             0.750000    9.419193   -8.669192 (VIOLATED)
_19349_/CLK                             0.750000    9.419190   -8.669190 (VIOLATED)
_19073_/CLK                             0.750000    9.419057   -8.669057 (VIOLATED)
_19041_/CLK                             0.750000    9.418481   -8.668481 (VIOLATED)
_19091_/CLK                             0.750000    9.418483   -8.668483 (VIOLATED)
_19437_/CLK                             0.750000    9.418482   -8.668482 (VIOLATED)
_19205_/CLK                             0.750000    9.418272   -8.668272 (VIOLATED)
_19213_/CLK                             0.750000    9.418272   -8.668272 (VIOLATED)
_19221_/CLK                             0.750000    9.418272   -8.668272 (VIOLATED)
_19341_/CLK                             0.750000    9.418268   -8.668268 (VIOLATED)
_19333_/CLK                             0.750000    9.417766   -8.667766 (VIOLATED)
_19325_/CLK                             0.750000    9.417270   -8.667270 (VIOLATED)
_18793_/CLK                             0.750000    9.417171   -8.667171 (VIOLATED)
_19197_/CLK                             0.750000    9.417172   -8.667172 (VIOLATED)
_19445_/CLK                             0.750000    9.417171   -8.667171 (VIOLATED)
_19189_/CLK                             0.750000    9.417086   -8.667086 (VIOLATED)
_19317_/CLK                             0.750000    9.416750   -8.666750 (VIOLATED)
_18785_/CLK                             0.750000    9.416198   -8.666198 (VIOLATED)
_18807_/CLK                             0.750000    9.416196   -8.666196 (VIOLATED)
_18815_/CLK                             0.750000    9.416187   -8.666187 (VIOLATED)
_19083_/CLK                             0.750000    9.416194   -8.666194 (VIOLATED)
_19459_/CLK                             0.750000    9.416197   -8.666197 (VIOLATED)
_19467_/CLK                             0.750000    9.416193   -8.666193 (VIOLATED)
_18943_/CLK                             0.750000    9.416184   -8.666184 (VIOLATED)
_18831_/CLK                             0.750000    9.415907   -8.665907 (VIOLATED)
_19477_/CLK                             0.750000    9.415322   -8.665322 (VIOLATED)
_18792_/CLK                             0.750000    9.415016   -8.665016 (VIOLATED)
_18881_/CLK                             0.750000    9.415021   -8.665021 (VIOLATED)
_18897_/CLK                             0.750000    9.415022   -8.665022 (VIOLATED)
_19152_/CLK                             0.750000    9.415024   -8.665024 (VIOLATED)
_19280_/CLK                             0.750000    9.415023   -8.665023 (VIOLATED)
_19288_/CLK                             0.750000    9.415005   -8.665005 (VIOLATED)
_19296_/CLK                             0.750000    9.415005   -8.665005 (VIOLATED)
_19432_/CLK                             0.750000    9.415010   -8.665010 (VIOLATED)
_18756_/CLK                             0.750000    9.414996   -8.664996 (VIOLATED)
_18780_/CLK                             0.750000    9.415000   -8.665000 (VIOLATED)
_18784_/CLK                             0.750000    9.415001   -8.665001 (VIOLATED)
_19436_/CLK                             0.750000    9.415004   -8.665004 (VIOLATED)
_19159_/CLK                             0.750000    9.414995   -8.664995 (VIOLATED)
_19160_/CLK                             0.750000    9.415003   -8.665003 (VIOLATED)
_19287_/CLK                             0.750000    9.414989   -8.664989 (VIOLATED)
_19295_/CLK                             0.750000    9.414987   -8.664987 (VIOLATED)
_19408_/CLK                             0.750000    9.414994   -8.664994 (VIOLATED)
_19007_/CLK                             0.750000    9.414967   -8.664967 (VIOLATED)
_19147_/CLK                             0.750000    9.414948   -8.664948 (VIOLATED)
_19275_/CLK                             0.750000    9.414946   -8.664946 (VIOLATED)
_18751_/CLK                             0.750000    9.414913   -8.664913 (VIOLATED)
_19036_/CLK                             0.750000    9.414915   -8.664915 (VIOLATED)
_19403_/CLK                             0.750000    9.414924   -8.664924 (VIOLATED)
_19155_/CLK                             0.750000    9.414906   -8.664906 (VIOLATED)
_18879_/CLK                             0.750000    9.414895   -8.664895 (VIOLATED)
_18883_/CLK                             0.750000    9.414898   -8.664898 (VIOLATED)
_18884_/CLK                             0.750000    9.414898   -8.664898 (VIOLATED)
_18898_/CLK                             0.750000    9.414898   -8.664898 (VIOLATED)
_19283_/CLK                             0.750000    9.414895   -8.664895 (VIOLATED)
_19304_/CLK                             0.750000    9.414890   -8.664890 (VIOLATED)
_19312_/CLK                             0.750000    9.414888   -8.664888 (VIOLATED)
_19028_/CLK                             0.750000    9.414876   -8.664876 (VIOLATED)
_19168_/CLK                             0.750000    9.414882   -8.664882 (VIOLATED)
_19176_/CLK                             0.750000    9.414888   -8.664888 (VIOLATED)
_18772_/CLK                             0.750000    9.414865   -8.664865 (VIOLATED)
_19184_/CLK                             0.750000    9.414867   -8.664867 (VIOLATED)
_19424_/CLK                             0.750000    9.414859   -8.664859 (VIOLATED)
_19448_/CLK                             0.750000    9.414845   -8.664845 (VIOLATED)
_18939_/CLK                             0.750000    9.414816   -8.664816 (VIOLATED)
_19020_/CLK                             0.750000    9.414816   -8.664816 (VIOLATED)
_18755_/CLK                             0.750000    9.414806   -8.664806 (VIOLATED)
_18796_/CLK                             0.750000    9.414814   -8.664814 (VIOLATED)
_19407_/CLK                             0.750000    9.414778   -8.664778 (VIOLATED)
_18754_/CLK                             0.750000    9.414729   -8.664729 (VIOLATED)
_18759_/CLK                             0.750000    9.414731   -8.664730 (VIOLATED)
_18812_/CLK                             0.750000    9.414731   -8.664730 (VIOLATED)
_19010_/CLK                             0.750000    9.414727   -8.664727 (VIOLATED)
_19150_/CLK                             0.750000    9.414725   -8.664725 (VIOLATED)
_19278_/CLK                             0.750000    9.414725   -8.664725 (VIOLATED)
_19464_/CLK                             0.750000    9.414731   -8.664730 (VIOLATED)
_18801_/CLK                             0.750000    9.414713   -8.664713 (VIOLATED)
_19049_/CLK                             0.750000    9.414715   -8.664715 (VIOLATED)
_19081_/CLK                             0.750000    9.414710   -8.664710 (VIOLATED)
_19087_/CLK                             0.750000    9.414705   -8.664705 (VIOLATED)
_19453_/CLK                             0.750000    9.414714   -8.664714 (VIOLATED)
_19406_/CLK                             0.750000    9.414686   -8.664686 (VIOLATED)
_18762_/CLK                             0.750000    9.414618   -8.664618 (VIOLATED)
_19227_/CLK                             0.750000    9.414615   -8.664615 (VIOLATED)
_19414_/CLK                             0.750000    9.414618   -8.664618 (VIOLATED)
_19286_/CLK                             0.750000    9.414600   -8.664600 (VIOLATED)
_18775_/CLK                             0.750000    9.414568   -8.664568 (VIOLATED)
_19158_/CLK                             0.750000    9.414563   -8.664562 (VIOLATED)
_19427_/CLK                             0.750000    9.414569   -8.664569 (VIOLATED)
_19447_/CLK                             0.750000    9.414570   -8.664570 (VIOLATED)
_19208_/CLK                             0.750000    9.414494   -8.664494 (VIOLATED)
_19439_/CLK                             0.750000    9.414492   -8.664492 (VIOLATED)
_18804_/CLK                             0.750000    9.414437   -8.664437 (VIOLATED)
_19355_/CLK                             0.750000    9.414392   -8.664392 (VIOLATED)
_19488_/CLK                             0.750000    9.414394   -8.664393 (VIOLATED)
_18820_/CLK                             0.750000    9.414343   -8.664343 (VIOLATED)
_19456_/CLK                             0.750000    9.414344   -8.664344 (VIOLATED)
_19472_/CLK                             0.750000    9.414344   -8.664344 (VIOLATED)
_19216_/CLK                             0.750000    9.414321   -8.664321 (VIOLATED)
_19344_/CLK                             0.750000    9.414274   -8.664274 (VIOLATED)
_19352_/CLK                             0.750000    9.414249   -8.664249 (VIOLATED)
_19060_/CLK                             0.750000    9.414236   -8.664236 (VIOLATED)
_19463_/CLK                             0.750000    9.414235   -8.664235 (VIOLATED)
_19480_/CLK                             0.750000    9.414215   -8.664215 (VIOLATED)
_18767_/CLK                             0.750000    9.414207   -8.664207 (VIOLATED)
_18788_/CLK                             0.750000    9.414206   -8.664206 (VIOLATED)
_18882_/CLK                             0.750000    9.414207   -8.664207 (VIOLATED)
_19044_/CLK                             0.750000    9.414201   -8.664200 (VIOLATED)
_19419_/CLK                             0.750000    9.414207   -8.664207 (VIOLATED)
_19440_/CLK                             0.750000    9.414207   -8.664207 (VIOLATED)
_19163_/CLK                             0.750000    9.414188   -8.664187 (VIOLATED)
_19291_/CLK                             0.750000    9.414194   -8.664194 (VIOLATED)
_19299_/CLK                             0.750000    9.414191   -8.664191 (VIOLATED)
_19023_/CLK                             0.750000    9.414175   -8.664175 (VIOLATED)
_19171_/CLK                             0.750000    9.414177   -8.664177 (VIOLATED)
_19192_/CLK                             0.750000    9.414174   -8.664174 (VIOLATED)
_19200_/CLK                             0.750000    9.414170   -8.664170 (VIOLATED)
_19320_/CLK                             0.750000    9.414173   -8.664173 (VIOLATED)
_19328_/CLK                             0.750000    9.414171   -8.664171 (VIOLATED)
_19336_/CLK                             0.750000    9.414169   -8.664169 (VIOLATED)
_19431_/CLK                             0.750000    9.414172   -8.664172 (VIOLATED)
_18770_/CLK                             0.750000    9.414147   -8.664147 (VIOLATED)
_19422_/CLK                             0.750000    9.414152   -8.664152 (VIOLATED)
_19018_/CLK                             0.750000    9.414139   -8.664139 (VIOLATED)
_19435_/CLK                             0.750000    9.414140   -8.664140 (VIOLATED)
_19166_/CLK                             0.750000    9.414124   -8.664123 (VIOLATED)
_18828_/CLK                             0.750000    9.414113   -8.664113 (VIOLATED)
_19430_/CLK                             0.750000    9.414105   -8.664105 (VIOLATED)
_19462_/CLK                             0.750000    9.414098   -8.664097 (VIOLATED)
_18779_/CLK                             0.750000    9.414088   -8.664088 (VIOLATED)
_18783_/CLK                             0.750000    9.414074   -8.664074 (VIOLATED)
_19455_/CLK                             0.750000    9.414042   -8.664042 (VIOLATED)
_19487_/CLK                             0.750000    9.413994   -8.663994 (VIOLATED)
_19471_/CLK                             0.750000    9.413968   -8.663968 (VIOLATED)
_18835_/CLK                             0.750000    9.413913   -8.663913 (VIOLATED)
_19219_/CLK                             0.750000    9.413916   -8.663916 (VIOLATED)
_19475_/CLK                             0.750000    9.413915   -8.663915 (VIOLATED)
_18819_/CLK                             0.750000    9.413888   -8.663888 (VIOLATED)
_18771_/CLK                             0.750000    9.413867   -8.663867 (VIOLATED)
_19015_/CLK                             0.750000    9.413867   -8.663867 (VIOLATED)
_19052_/CLK                             0.750000    9.413869   -8.663869 (VIOLATED)
_19294_/CLK                             0.750000    9.413864   -8.663863 (VIOLATED)
_19423_/CLK                             0.750000    9.413869   -8.663869 (VIOLATED)
_19302_/CLK                             0.750000    9.413860   -8.663860 (VIOLATED)
_18778_/CLK                             0.750000    9.413848   -8.663848 (VIOLATED)
_18787_/CLK                             0.750000    9.413854   -8.663854 (VIOLATED)
_18810_/CLK                             0.750000    9.413846   -8.663846 (VIOLATED)
_19035_/CLK                             0.750000    9.413838   -8.663837 (VIOLATED)
_18811_/CLK                             0.750000    9.413761   -8.663761 (VIOLATED)
_19075_/CLK                             0.750000    9.413763   -8.663763 (VIOLATED)
_19359_/CLK                             0.750000    9.413764   -8.663764 (VIOLATED)
_19063_/CLK                             0.750000    9.413730   -8.663730 (VIOLATED)
_19071_/CLK                             0.750000    9.413728   -8.663728 (VIOLATED)
_19211_/CLK                             0.750000    9.413727   -8.663727 (VIOLATED)
_19339_/CLK                             0.750000    9.413724   -8.663724 (VIOLATED)
_19347_/CLK                             0.750000    9.413722   -8.663721 (VIOLATED)
_19027_/CLK                             0.750000    9.413673   -8.663673 (VIOLATED)
_19043_/CLK                             0.750000    9.413676   -8.663676 (VIOLATED)
_19167_/CLK                             0.750000    9.413682   -8.663682 (VIOLATED)
_19175_/CLK                             0.750000    9.413681   -8.663681 (VIOLATED)
_19183_/CLK                             0.750000    9.413679   -8.663679 (VIOLATED)
_19303_/CLK                             0.750000    9.413680   -8.663680 (VIOLATED)
_19034_/CLK                             0.750000    9.413668   -8.663668 (VIOLATED)
_19066_/CLK                             0.750000    9.413662   -8.663662 (VIOLATED)
_19067_/CLK                             0.750000    9.413591   -8.663591 (VIOLATED)
_18876_/CLK                             0.750000    9.413549   -8.663549 (VIOLATED)
_19119_/CLK                             0.750000    9.413547   -8.663547 (VIOLATED)
_19120_/CLK                             0.750000    9.413548   -8.663548 (VIOLATED)
_19121_/CLK                             0.750000    9.413548   -8.663548 (VIOLATED)
_19215_/CLK                             0.750000    9.413522   -8.663522 (VIOLATED)
_19223_/CLK                             0.750000    9.413523   -8.663523 (VIOLATED)
_19231_/CLK                             0.750000    9.413526   -8.663526 (VIOLATED)
_19343_/CLK                             0.750000    9.413524   -8.663524 (VIOLATED)
_19351_/CLK                             0.750000    9.413526   -8.663526 (VIOLATED)
_19059_/CLK                             0.750000    9.413456   -8.663456 (VIOLATED)
_19207_/CLK                             0.750000    9.413439   -8.663439 (VIOLATED)
_19079_/CLK                             0.750000    9.413426   -8.663426 (VIOLATED)
_18791_/CLK                             0.750000    9.413389   -8.663389 (VIOLATED)
_18795_/CLK                             0.750000    9.413386   -8.663385 (VIOLATED)
_19051_/CLK                             0.750000    9.413381   -8.663381 (VIOLATED)
_19191_/CLK                             0.750000    9.413386   -8.663385 (VIOLATED)
_19311_/CLK                             0.750000    9.413386   -8.663386 (VIOLATED)
_19443_/CLK                             0.750000    9.413389   -8.663389 (VIOLATED)
_19199_/CLK                             0.750000    9.413376   -8.663376 (VIOLATED)
_19335_/CLK                             0.750000    9.413369   -8.663369 (VIOLATED)
_19479_/CLK                             0.750000    9.413282   -8.663282 (VIOLATED)
_18827_/CLK                             0.750000    9.413184   -8.663184 (VIOLATED)
_19478_/CLK                             0.750000    9.413143   -8.663143 (VIOLATED)
_19486_/CLK                             0.750000    9.413020   -8.663020 (VIOLATED)
_19451_/CLK                             0.750000    9.413003   -8.663003 (VIOLATED)
_18834_/CLK                             0.750000    9.412878   -8.662878 (VIOLATED)
_18926_/CLK                             0.750000    9.412813   -8.662813 (VIOLATED)
_18927_/CLK                             0.750000    9.412808   -8.662808 (VIOLATED)
_18928_/CLK                             0.750000    9.412812   -8.662812 (VIOLATED)
_18929_/CLK                             0.750000    9.412814   -8.662814 (VIOLATED)
_18931_/CLK                             0.750000    9.412817   -8.662816 (VIOLATED)
_18932_/CLK                             0.750000    9.412817   -8.662816 (VIOLATED)
_18933_/CLK                             0.750000    9.412817   -8.662816 (VIOLATED)
_19047_/CLK                             0.750000    9.412802   -8.662802 (VIOLATED)
_19187_/CLK                             0.750000    9.412796   -8.662796 (VIOLATED)
_18786_/CLK                             0.750000    9.412779   -8.662778 (VIOLATED)
_19039_/CLK                             0.750000    9.412786   -8.662786 (VIOLATED)
_19323_/CLK                             0.750000    9.412791   -8.662790 (VIOLATED)
_19531_/CLK                             0.750000    9.412786   -8.662786 (VIOLATED)
_18794_/CLK                             0.750000    9.412768   -8.662768 (VIOLATED)
_19026_/CLK                             0.750000    9.412777   -8.662777 (VIOLATED)
_19174_/CLK                             0.750000    9.412781   -8.662781 (VIOLATED)
_19179_/CLK                             0.750000    9.412785   -8.662785 (VIOLATED)
_19195_/CLK                             0.750000    9.412789   -8.662789 (VIOLATED)
_19031_/CLK                             0.750000    9.412772   -8.662772 (VIOLATED)
_19055_/CLK                             0.750000    9.412779   -8.662778 (VIOLATED)
_19319_/CLK                             0.750000    9.412776   -8.662776 (VIOLATED)
_19327_/CLK                             0.750000    9.412774   -8.662774 (VIOLATED)
_19438_/CLK                             0.750000    9.412778   -8.662777 (VIOLATED)
_19446_/CLK                             0.750000    9.412771   -8.662771 (VIOLATED)
_19331_/CLK                             0.750000    9.412763   -8.662763 (VIOLATED)
_18799_/CLK                             0.750000    9.412752   -8.662751 (VIOLATED)
_18803_/CLK                             0.750000    9.412758   -8.662758 (VIOLATED)
_18818_/CLK                             0.750000    9.412750   -8.662750 (VIOLATED)
_19454_/CLK                             0.750000    9.412758   -8.662758 (VIOLATED)
_19470_/CLK                             0.750000    9.412761   -8.662761 (VIOLATED)
_19203_/CLK                             0.750000    9.412745   -8.662745 (VIOLATED)
_19358_/CLK                             0.750000    9.412735   -8.662735 (VIOLATED)
_19230_/CLK                             0.750000    9.412714   -8.662713 (VIOLATED)
_19090_/CLK                             0.750000    9.412658   -8.662658 (VIOLATED)
_19222_/CLK                             0.750000    9.412497   -8.662497 (VIOLATED)
_19350_/CLK                             0.750000    9.412498   -8.662498 (VIOLATED)
_18823_/CLK                             0.750000    9.412485   -8.662485 (VIOLATED)
_18870_/CLK                             0.750000    9.412435   -8.662435 (VIOLATED)
_18871_/CLK                             0.750000    9.412433   -8.662433 (VIOLATED)
_18872_/CLK                             0.750000    9.412433   -8.662433 (VIOLATED)
_18873_/CLK                             0.750000    9.412433   -8.662433 (VIOLATED)
_18874_/CLK                             0.750000    9.412433   -8.662433 (VIOLATED)
_18910_/CLK                             0.750000    9.412435   -8.662435 (VIOLATED)
_18965_/CLK                             0.750000    9.412430   -8.662430 (VIOLATED)
_19082_/CLK                             0.750000    9.412435   -8.662435 (VIOLATED)
_19118_/CLK                             0.750000    9.412431   -8.662431 (VIOLATED)
_19530_/CLK                             0.750000    9.412436   -8.662436 (VIOLATED)
_18825_/CLK                             0.750000    9.412420   -8.662420 (VIOLATED)
_18953_/CLK                             0.750000    9.412416   -8.662416 (VIOLATED)
_18911_/CLK                             0.750000    9.412364   -8.662363 (VIOLATED)
_18916_/CLK                             0.750000    9.412363   -8.662363 (VIOLATED)
_18918_/CLK                             0.750000    9.412360   -8.662360 (VIOLATED)
_18921_/CLK                             0.750000    9.412361   -8.662361 (VIOLATED)
_18922_/CLK                             0.750000    9.412357   -8.662357 (VIOLATED)
_18925_/CLK                             0.750000    9.412364   -8.662363 (VIOLATED)
_18930_/CLK                             0.750000    9.412354   -8.662354 (VIOLATED)
_19310_/CLK                             0.750000    9.412352   -8.662352 (VIOLATED)
_19318_/CLK                             0.750000    9.412351   -8.662351 (VIOLATED)
_19326_/CLK                             0.750000    9.412344   -8.662344 (VIOLATED)
_18802_/CLK                             0.750000    9.412325   -8.662325 (VIOLATED)
_19042_/CLK                             0.750000    9.412333   -8.662333 (VIOLATED)
_19050_/CLK                             0.750000    9.412327   -8.662327 (VIOLATED)
_19182_/CLK                             0.750000    9.412329   -8.662329 (VIOLATED)
_19190_/CLK                             0.750000    9.412329   -8.662329 (VIOLATED)
_19307_/CLK                             0.750000    9.412333   -8.662333 (VIOLATED)
_19315_/CLK                             0.750000    9.412333   -8.662333 (VIOLATED)
_19334_/CLK                             0.750000    9.412338   -8.662337 (VIOLATED)
_19058_/CLK                             0.750000    9.412319   -8.662319 (VIOLATED)
_19198_/CLK                             0.750000    9.412325   -8.662325 (VIOLATED)
_19206_/CLK                             0.750000    9.412319   -8.662319 (VIOLATED)
_19342_/CLK                             0.750000    9.412321   -8.662321 (VIOLATED)
_19214_/CLK                             0.750000    9.412305   -8.662305 (VIOLATED)
_19074_/CLK                             0.750000    9.412287   -8.662286 (VIOLATED)
_18826_/CLK                             0.750000    9.412273   -8.662272 (VIOLATED)
_18951_/CLK                             0.750000    9.412265   -8.662265 (VIOLATED)
_18954_/CLK                             0.750000    9.412201   -8.662201 (VIOLATED)
_18912_/CLK                             0.750000    9.409112   -8.659112 (VIOLATED)
_18914_/CLK                             0.750000    9.409112   -8.659112 (VIOLATED)
_18915_/CLK                             0.750000    9.409113   -8.659113 (VIOLATED)
_18919_/CLK                             0.750000    9.409118   -8.659118 (VIOLATED)
_18920_/CLK                             0.750000    9.409119   -8.659119 (VIOLATED)
_18923_/CLK                             0.750000    9.409114   -8.659114 (VIOLATED)
_18924_/CLK                             0.750000    9.409119   -8.659118 (VIOLATED)
_18917_/CLK                             0.750000    9.409068   -8.659068 (VIOLATED)
_18913_/CLK                             0.750000    9.408394   -8.658393 (VIOLATED)
_18875_/CLK                             0.750000    9.406241   -8.656241 (VIOLATED)
_18950_/CLK                             0.750000    9.405911   -8.655910 (VIOLATED)
_18959_/CLK                             0.750000    9.405573   -8.655573 (VIOLATED)
_18964_/CLK                             0.750000    9.404987   -8.654987 (VIOLATED)
_18963_/CLK                             0.750000    9.404192   -8.654192 (VIOLATED)
_18952_/CLK                             0.750000    9.404013   -8.654013 (VIOLATED)
_18955_/CLK                             0.750000    9.404010   -8.654010 (VIOLATED)
_18956_/CLK                             0.750000    9.404010   -8.654010 (VIOLATED)
_18957_/CLK                             0.750000    9.404010   -8.654009 (VIOLATED)
_18960_/CLK                             0.750000    9.404009   -8.654009 (VIOLATED)
_18962_/CLK                             0.750000    9.404009   -8.654009 (VIOLATED)
_18958_/CLK                             0.750000    9.402623   -8.652623 (VIOLATED)
clk                                     0.750000    9.402222   -8.652222 (VIOLATED)
_18908_/RESET_B                         0.750000    9.242334   -8.492334 (VIOLATED)
_18976_/RESET_B                         0.750000    9.242329   -8.492329 (VIOLATED)
_18978_/RESET_B                         0.750000    9.242330   -8.492330 (VIOLATED)
_18980_/RESET_B                         0.750000    9.242331   -8.492331 (VIOLATED)
_18979_/RESET_B                         0.750000    9.242313   -8.492313 (VIOLATED)
_18862_/RESET_B                         0.750000    9.242276   -8.492276 (VIOLATED)
_18863_/RESET_B                         0.750000    9.242268   -8.492268 (VIOLATED)
_18865_/RESET_B                         0.750000    9.242269   -8.492269 (VIOLATED)
_18982_/RESET_B                         0.750000    9.242275   -8.492275 (VIOLATED)
_18868_/RESET_B                         0.750000    9.242262   -8.492262 (VIOLATED)
_18864_/RESET_B                         0.750000    9.242241   -8.492241 (VIOLATED)
_18867_/RESET_B                         0.750000    9.242234   -8.492234 (VIOLATED)
_18866_/RESET_B                         0.750000    9.242208   -8.492208 (VIOLATED)
_18902_/RESET_B                         0.750000    9.241940   -8.491940 (VIOLATED)
_18869_/RESET_B                         0.750000    9.241861   -8.491861 (VIOLATED)
_18942_/RESET_B                         0.750000    9.241810   -8.491810 (VIOLATED)
_18899_/RESET_B                         0.750000    9.241765   -8.491765 (VIOLATED)
_18900_/RESET_B                         0.750000    9.241773   -8.491773 (VIOLATED)
_18892_/RESET_B                         0.750000    9.241752   -8.491752 (VIOLATED)
_18944_/RESET_B                         0.750000    9.241742   -8.491742 (VIOLATED)
_18975_/RESET_B                         0.750000    9.241735   -8.491735 (VIOLATED)
_18909_/RESET_B                         0.750000    9.241674   -8.491674 (VIOLATED)
_18946_/RESET_B                         0.750000    9.241672   -8.491672 (VIOLATED)
_18948_/RESET_B                         0.750000    9.241671   -8.491671 (VIOLATED)
_18893_/RESET_B                         0.750000    9.241653   -8.491652 (VIOLATED)
_18995_/RESET_B                         0.750000    9.241650   -8.491650 (VIOLATED)
_18886_/RESET_B                         0.750000    9.241634   -8.491634 (VIOLATED)
_18907_/RESET_B                         0.750000    9.241624   -8.491624 (VIOLATED)
_18947_/RESET_B                         0.750000    9.241606   -8.491606 (VIOLATED)
_18974_/RESET_B                         0.750000    9.241602   -8.491602 (VIOLATED)
_18981_/RESET_B                         0.750000    9.241599   -8.491599 (VIOLATED)
_18903_/RESET_B                         0.750000    9.241564   -8.491564 (VIOLATED)
_18906_/RESET_B                         0.750000    9.241564   -8.491564 (VIOLATED)
_18889_/RESET_B                         0.750000    9.241553   -8.491553 (VIOLATED)
_18890_/RESET_B                         0.750000    9.241519   -8.491519 (VIOLATED)
_18994_/RESET_B                         0.750000    9.241508   -8.491508 (VIOLATED)
_19098_/RESET_B                         0.750000    9.241477   -8.491477 (VIOLATED)
_18993_/RESET_B                         0.750000    9.241460   -8.491460 (VIOLATED)
_18905_/RESET_B                         0.750000    9.241446   -8.491446 (VIOLATED)
_18989_/RESET_B                         0.750000    9.241444   -8.491444 (VIOLATED)
_18987_/RESET_B                         0.750000    9.241428   -8.491428 (VIOLATED)
_18859_/RESET_B                         0.750000    9.241394   -8.491394 (VIOLATED)
_18737_/RESET_B                         0.750000    9.241374   -8.491374 (VIOLATED)
_18861_/RESET_B                         0.750000    9.241367   -8.491367 (VIOLATED)
_18738_/RESET_B                         0.750000    9.241349   -8.491349 (VIOLATED)
_18949_/RESET_B                         0.750000    9.241330   -8.491329 (VIOLATED)
_18984_/RESET_B                         0.750000    9.241330   -8.491329 (VIOLATED)
_18985_/RESET_B                         0.750000    9.241332   -8.491332 (VIOLATED)
_18988_/RESET_B                         0.750000    9.241320   -8.491320 (VIOLATED)
_18986_/RESET_B                         0.750000    9.241306   -8.491306 (VIOLATED)
_19115_/RESET_B                         0.750000    9.241315   -8.491315 (VIOLATED)
_19127_/RESET_B                         0.750000    9.241318   -8.491317 (VIOLATED)
_19128_/RESET_B                         0.750000    9.241318   -8.491318 (VIOLATED)
_18735_/RESET_B                         0.750000    9.241286   -8.491286 (VIOLATED)
_18858_/RESET_B                         0.750000    9.241286   -8.491286 (VIOLATED)
_18991_/RESET_B                         0.750000    9.241286   -8.491286 (VIOLATED)
_18856_/RESET_B                         0.750000    9.241275   -8.491275 (VIOLATED)
_19009_/RESET_B                         0.750000    9.241282   -8.491282 (VIOLATED)
_19116_/RESET_B                         0.750000    9.241244   -8.491244 (VIOLATED)
_19126_/RESET_B                         0.750000    9.241243   -8.491243 (VIOLATED)
_19113_/RESET_B                         0.750000    9.241235   -8.491235 (VIOLATED)
_19117_/RESET_B                         0.750000    9.241238   -8.491238 (VIOLATED)
_19129_/RESET_B                         0.750000    9.241242   -8.491242 (VIOLATED)
_19125_/RESET_B                         0.750000    9.241228   -8.491228 (VIOLATED)
_19099_/RESET_B                         0.750000    9.241197   -8.491197 (VIOLATED)
_19112_/RESET_B                         0.750000    9.241193   -8.491193 (VIOLATED)
_19114_/RESET_B                         0.750000    9.241195   -8.491195 (VIOLATED)
_18851_/RESET_B                         0.750000    9.241137   -8.491137 (VIOLATED)
_18983_/RESET_B                         0.750000    9.241138   -8.491138 (VIOLATED)
_18992_/RESET_B                         0.750000    9.241141   -8.491141 (VIOLATED)
_19111_/RESET_B                         0.750000    9.241137   -8.491136 (VIOLATED)
_19123_/RESET_B                         0.750000    9.241135   -8.491135 (VIOLATED)
_19124_/RESET_B                         0.750000    9.241138   -8.491138 (VIOLATED)
_19097_/RESET_B                         0.750000    9.241125   -8.491125 (VIOLATED)
_19122_/RESET_B                         0.750000    9.241120   -8.491120 (VIOLATED)
_18850_/RESET_B                         0.750000    9.241075   -8.491075 (VIOLATED)
_19094_/RESET_B                         0.750000    9.241069   -8.491069 (VIOLATED)
_19102_/RESET_B                         0.750000    9.241072   -8.491072 (VIOLATED)
_19110_/RESET_B                         0.750000    9.241059   -8.491058 (VIOLATED)
_18734_/RESET_B                         0.750000    9.241038   -8.491038 (VIOLATED)
_19006_/RESET_B                         0.750000    9.241043   -8.491043 (VIOLATED)
_18857_/RESET_B                         0.750000    9.241034   -8.491033 (VIOLATED)
_18846_/RESET_B                         0.750000    9.240973   -8.490973 (VIOLATED)
_18854_/RESET_B                         0.750000    9.240950   -8.490950 (VIOLATED)
_18990_/RESET_B                         0.750000    9.240952   -8.490952 (VIOLATED)
_18843_/RESET_B                         0.750000    9.240893   -8.490893 (VIOLATED)
_18838_/RESET_B                         0.750000    9.240661   -8.490661 (VIOLATED)
_18758_/RESET_B                         0.750000    9.240594   -8.490594 (VIOLATED)
_19096_/RESET_B                         0.750000    9.240582   -8.490582 (VIOLATED)
_18739_/RESET_B                         0.750000    9.240494   -8.490494 (VIOLATED)
_18840_/RESET_B                         0.750000    9.240491   -8.490491 (VIOLATED)
_18848_/RESET_B                         0.750000    9.240489   -8.490489 (VIOLATED)
_18998_/RESET_B                         0.750000    9.240478   -8.490478 (VIOLATED)
_19104_/RESET_B                         0.750000    9.240482   -8.490482 (VIOLATED)
_18844_/RESET_B                         0.750000    9.240425   -8.490425 (VIOLATED)
_19106_/RESET_B                         0.750000    9.240240   -8.490240 (VIOLATED)
_18852_/RESET_B                         0.750000    9.240224   -8.490224 (VIOLATED)
_18853_/RESET_B                         0.750000    9.240218   -8.490217 (VIOLATED)
_18855_/RESET_B                         0.750000    9.240221   -8.490221 (VIOLATED)
_18969_/RESET_B                         0.750000    9.240217   -8.490217 (VIOLATED)
_18977_/RESET_B                         0.750000    9.240218   -8.490218 (VIOLATED)
_18841_/RESET_B                         0.750000    9.240202   -8.490202 (VIOLATED)
_19095_/RESET_B                         0.750000    9.240200   -8.490200 (VIOLATED)
_19103_/RESET_B                         0.750000    9.240191   -8.490191 (VIOLATED)
_19100_/RESET_B                         0.750000    9.240167   -8.490166 (VIOLATED)
_18742_/RESET_B                         0.750000    9.240155   -8.490155 (VIOLATED)
_18750_/RESET_B                         0.750000    9.240091   -8.490091 (VIOLATED)
_19105_/RESET_B                         0.750000    9.240076   -8.490075 (VIOLATED)
_19108_/RESET_B                         0.750000    9.240033   -8.490033 (VIOLATED)
_18849_/RESET_B                         0.750000    9.240011   -8.490011 (VIOLATED)
_19101_/RESET_B                         0.750000    9.239926   -8.489926 (VIOLATED)
_19001_/RESET_B                         0.750000    9.239843   -8.489842 (VIOLATED)
_18832_/RESET_B                         0.750000    9.239826   -8.489826 (VIOLATED)
_19088_/RESET_B                         0.750000    9.239827   -8.489827 (VIOLATED)
_19107_/RESET_B                         0.750000    9.239820   -8.489820 (VIOLATED)
_18839_/RESET_B                         0.750000    9.239792   -8.489791 (VIOLATED)
_18845_/RESET_B                         0.750000    9.239728   -8.489728 (VIOLATED)
_18847_/RESET_B                         0.750000    9.239626   -8.489626 (VIOLATED)
_18860_/RESET_B                         0.750000    9.239635   -8.489635 (VIOLATED)
_18753_/RESET_B                         0.750000    9.239496   -8.489496 (VIOLATED)
_18997_/RESET_B                         0.750000    9.239355   -8.489355 (VIOLATED)
_18761_/RESET_B                         0.750000    9.239269   -8.489269 (VIOLATED)
_18757_/RESET_B                         0.750000    9.239153   -8.489153 (VIOLATED)
_19013_/RESET_B                         0.750000    9.239150   -8.489150 (VIOLATED)
_18741_/RESET_B                         0.750000    9.239084   -8.489084 (VIOLATED)
_19109_/RESET_B                         0.750000    9.238985   -8.488985 (VIOLATED)
_18885_/RESET_B                         0.750000    9.238641   -8.488640 (VIOLATED)
_19004_/RESET_B                         0.750000    9.238645   -8.488645 (VIOLATED)
_19045_/RESET_B                         0.750000    9.238629   -8.488629 (VIOLATED)
_18749_/RESET_B                         0.750000    9.238322   -8.488322 (VIOLATED)
_18748_/RESET_B                         0.750000    9.237915   -8.487915 (VIOLATED)
_18769_/RESET_B                         0.750000    9.237907   -8.487907 (VIOLATED)
_18773_/RESET_B                         0.750000    9.237910   -8.487910 (VIOLATED)
_19037_/RESET_B                         0.750000    9.237819   -8.487819 (VIOLATED)
_18745_/RESET_B                         0.750000    9.237689   -8.487689 (VIOLATED)
_18877_/RESET_B                         0.750000    9.237697   -8.487696 (VIOLATED)
_19003_/RESET_B                         0.750000    9.237693   -8.487693 (VIOLATED)
_19005_/RESET_B                         0.750000    9.237696   -8.487696 (VIOLATED)
_19025_/RESET_B                         0.750000    9.237677   -8.487677 (VIOLATED)
_19029_/RESET_B                         0.750000    9.237506   -8.487506 (VIOLATED)
_19077_/RESET_B                         0.750000    9.237226   -8.487226 (VIOLATED)
_18765_/RESET_B                         0.750000    9.237121   -8.487121 (VIOLATED)
_18781_/RESET_B                         0.750000    9.237117   -8.487117 (VIOLATED)
_18813_/RESET_B                         0.750000    9.236575   -8.486575 (VIOLATED)
_19069_/RESET_B                         0.750000    9.236157   -8.486156 (VIOLATED)
_18777_/RESET_B                         0.750000    9.236085   -8.486085 (VIOLATED)
_18806_/RESET_B                         0.750000    9.235654   -8.485654 (VIOLATED)
_19078_/RESET_B                         0.750000    9.235656   -8.485656 (VIOLATED)
_18814_/RESET_B                         0.750000    9.235646   -8.485646 (VIOLATED)
_18830_/RESET_B                         0.750000    9.235654   -8.485654 (VIOLATED)
_18774_/RESET_B                         0.750000    9.235635   -8.485635 (VIOLATED)
_18837_/RESET_B                         0.750000    9.235640   -8.485640 (VIOLATED)
_18821_/RESET_B                         0.750000    9.234695   -8.484695 (VIOLATED)
_18743_/RESET_B                         0.750000    9.234376   -8.484376 (VIOLATED)
_18789_/RESET_B                         0.750000    9.234160   -8.484160 (VIOLATED)
_18805_/RESET_B                         0.750000    9.233955   -8.483955 (VIOLATED)
_19021_/RESET_B                         0.750000    9.233001   -8.483001 (VIOLATED)
_18797_/RESET_B                         0.750000    9.232963   -8.482962 (VIOLATED)
_18891_/RESET_B                         0.750000    9.232605   -8.482605 (VIOLATED)
_18934_/RESET_B                         0.750000    9.232594   -8.482594 (VIOLATED)
_18937_/RESET_B                         0.750000    9.232592   -8.482592 (VIOLATED)
_18938_/RESET_B                         0.750000    9.232598   -8.482598 (VIOLATED)
_18895_/RESET_B                         0.750000    9.232582   -8.482582 (VIOLATED)
_18896_/RESET_B                         0.750000    9.232575   -8.482575 (VIOLATED)
_18894_/RESET_B                         0.750000    9.232559   -8.482559 (VIOLATED)
_18740_/RESET_B                         0.750000    9.232540   -8.482540 (VIOLATED)
_18842_/RESET_B                         0.750000    9.232542   -8.482542 (VIOLATED)
_18901_/RESET_B                         0.750000    9.232541   -8.482541 (VIOLATED)
_18887_/RESET_B                         0.750000    9.232529   -8.482529 (VIOLATED)
_18888_/RESET_B                         0.750000    9.232533   -8.482533 (VIOLATED)
_18970_/RESET_B                         0.750000    9.232534   -8.482534 (VIOLATED)
_18996_/RESET_B                         0.750000    9.232539   -8.482539 (VIOLATED)
_18936_/RESET_B                         0.750000    9.232525   -8.482525 (VIOLATED)
_19080_/RESET_B                         0.750000    9.232531   -8.482531 (VIOLATED)
_18941_/RESET_B                         0.750000    9.232519   -8.482519 (VIOLATED)
_18736_/RESET_B                         0.750000    9.232496   -8.482496 (VIOLATED)
_18935_/RESET_B                         0.750000    9.232483   -8.482483 (VIOLATED)
_18966_/RESET_B                         0.750000    9.232470   -8.482470 (VIOLATED)
_18971_/RESET_B                         0.750000    9.232474   -8.482474 (VIOLATED)
_18968_/RESET_B                         0.750000    9.232392   -8.482392 (VIOLATED)
_19072_/RESET_B                         0.750000    9.232383   -8.482383 (VIOLATED)
_18766_/RESET_B                         0.750000    9.232342   -8.482342 (VIOLATED)
_18972_/RESET_B                         0.750000    9.232347   -8.482347 (VIOLATED)
_19061_/RESET_B                         0.750000    9.232343   -8.482343 (VIOLATED)
_19093_/RESET_B                         0.750000    9.232336   -8.482336 (VIOLATED)
_19085_/RESET_B                         0.750000    9.232327   -8.482327 (VIOLATED)
_18829_/RESET_B                         0.750000    9.232317   -8.482316 (VIOLATED)
_19053_/RESET_B                         0.750000    9.232295   -8.482295 (VIOLATED)
_18967_/RESET_B                         0.750000    9.232272   -8.482272 (VIOLATED)
_19040_/RESET_B                         0.750000    9.232233   -8.482233 (VIOLATED)
_18816_/RESET_B                         0.750000    9.232199   -8.482199 (VIOLATED)
_18904_/RESET_B                         0.750000    9.232200   -8.482199 (VIOLATED)
_19064_/RESET_B                         0.750000    9.232202   -8.482202 (VIOLATED)
_19008_/RESET_B                         0.750000    9.232190   -8.482190 (VIOLATED)
_19000_/RESET_B                         0.750000    9.232158   -8.482158 (VIOLATED)
_19056_/RESET_B                         0.750000    9.232129   -8.482129 (VIOLATED)
_19032_/RESET_B                         0.750000    9.232099   -8.482099 (VIOLATED)
_18973_/RESET_B                         0.750000    9.232025   -8.482025 (VIOLATED)
_18820_/RESET_B                         0.750000    9.232017   -8.482017 (VIOLATED)
_19024_/RESET_B                         0.750000    9.232006   -8.482006 (VIOLATED)
_19076_/RESET_B                         0.750000    9.232013   -8.482013 (VIOLATED)
_18776_/RESET_B                         0.750000    9.231894   -8.481894 (VIOLATED)
_18744_/RESET_B                         0.750000    9.231861   -8.481861 (VIOLATED)
_18760_/RESET_B                         0.750000    9.231780   -8.481780 (VIOLATED)
_18836_/RESET_B                         0.750000    9.231748   -8.481747 (VIOLATED)
_19016_/RESET_B                         0.750000    9.231713   -8.481713 (VIOLATED)
_18768_/RESET_B                         0.750000    9.231642   -8.481642 (VIOLATED)
_18808_/RESET_B                         0.750000    9.231647   -8.481647 (VIOLATED)
_18878_/RESET_B                         0.750000    9.231643   -8.481643 (VIOLATED)
_18880_/RESET_B                         0.750000    9.231643   -8.481643 (VIOLATED)
_19012_/RESET_B                         0.750000    9.231638   -8.481638 (VIOLATED)
_19048_/RESET_B                         0.750000    9.231643   -8.481643 (VIOLATED)
_18752_/RESET_B                         0.750000    9.231621   -8.481621 (VIOLATED)
_18940_/RESET_B                         0.750000    9.231623   -8.481623 (VIOLATED)
_18824_/RESET_B                         0.750000    9.231530   -8.481530 (VIOLATED)
_18809_/RESET_B                         0.750000    9.231462   -8.481462 (VIOLATED)
_19033_/RESET_B                         0.750000    9.231463   -8.481463 (VIOLATED)
_18763_/RESET_B                         0.750000    9.231360   -8.481360 (VIOLATED)
_19011_/RESET_B                         0.750000    9.231359   -8.481359 (VIOLATED)
_19092_/RESET_B                         0.750000    9.231229   -8.481229 (VIOLATED)
_18764_/RESET_B                         0.750000    9.231148   -8.481148 (VIOLATED)
_19007_/RESET_B                         0.750000    9.231125   -8.481125 (VIOLATED)
_18792_/RESET_B                         0.750000    9.231100   -8.481100 (VIOLATED)
_18881_/RESET_B                         0.750000    9.231104   -8.481104 (VIOLATED)
_18897_/RESET_B                         0.750000    9.231104   -8.481104 (VIOLATED)
_18780_/RESET_B                         0.750000    9.231087   -8.481087 (VIOLATED)
_18784_/RESET_B                         0.750000    9.231091   -8.481091 (VIOLATED)
_18756_/RESET_B                         0.750000    9.231075   -8.481075 (VIOLATED)
_18879_/RESET_B                         0.750000    9.231074   -8.481074 (VIOLATED)
_18883_/RESET_B                         0.750000    9.231078   -8.481078 (VIOLATED)
_18884_/RESET_B                         0.750000    9.231078   -8.481078 (VIOLATED)
_18898_/RESET_B                         0.750000    9.231077   -8.481077 (VIOLATED)
_18747_/RESET_B                         0.750000    9.231050   -8.481050 (VIOLATED)
_19036_/RESET_B                         0.750000    9.231054   -8.481054 (VIOLATED)
_18751_/RESET_B                         0.750000    9.231032   -8.481032 (VIOLATED)
_19068_/RESET_B                         0.750000    9.230975   -8.480975 (VIOLATED)
_18999_/RESET_B                         0.750000    9.230873   -8.480873 (VIOLATED)
_18800_/RESET_B                         0.750000    9.230720   -8.480720 (VIOLATED)
_19030_/RESET_B                         0.750000    9.230714   -8.480714 (VIOLATED)
_19038_/RESET_B                         0.750000    9.230706   -8.480706 (VIOLATED)
_19062_/RESET_B                         0.750000    9.230711   -8.480711 (VIOLATED)
_19070_/RESET_B                         0.750000    9.230713   -8.480713 (VIOLATED)
_19084_/RESET_B                         0.750000    9.230713   -8.480713 (VIOLATED)
_19086_/RESET_B                         0.750000    9.230701   -8.480701 (VIOLATED)
_19054_/RESET_B                         0.750000    9.230689   -8.480689 (VIOLATED)
_18782_/RESET_B                         0.750000    9.230648   -8.480647 (VIOLATED)
_19022_/RESET_B                         0.750000    9.230656   -8.480656 (VIOLATED)
_19014_/RESET_B                         0.750000    9.230629   -8.480629 (VIOLATED)
_19046_/RESET_B                         0.750000    9.230635   -8.480635 (VIOLATED)
_18798_/RESET_B                         0.750000    9.230610   -8.480610 (VIOLATED)
_18790_/RESET_B                         0.750000    9.230600   -8.480600 (VIOLATED)
_18812_/RESET_B                         0.750000    9.230577   -8.480577 (VIOLATED)
_19017_/RESET_B                         0.750000    9.230571   -8.480571 (VIOLATED)
_18759_/RESET_B                         0.750000    9.230562   -8.480562 (VIOLATED)
_18822_/RESET_B                         0.750000    9.230551   -8.480551 (VIOLATED)
_18833_/RESET_B                         0.750000    9.230529   -8.480529 (VIOLATED)
_19019_/RESET_B                         0.750000    9.230510   -8.480510 (VIOLATED)
_19089_/RESET_B                         0.750000    9.230509   -8.480509 (VIOLATED)
_19065_/RESET_B                         0.750000    9.230494   -8.480494 (VIOLATED)
_18746_/RESET_B                         0.750000    9.230474   -8.480474 (VIOLATED)
_18945_/RESET_B                         0.750000    9.230478   -8.480478 (VIOLATED)
_19002_/RESET_B                         0.750000    9.230473   -8.480473 (VIOLATED)
_18961_/RESET_B                         0.750000    9.230463   -8.480463 (VIOLATED)
_19010_/RESET_B                         0.750000    9.230391   -8.480391 (VIOLATED)
_18817_/RESET_B                         0.750000    9.230342   -8.480342 (VIOLATED)
_18755_/RESET_B                         0.750000    9.230231   -8.480231 (VIOLATED)
_18754_/RESET_B                         0.750000    9.230153   -8.480153 (VIOLATED)
_19057_/RESET_B                         0.750000    9.229937   -8.479937 (VIOLATED)
_19073_/RESET_B                         0.750000    9.229793   -8.479793 (VIOLATED)
_18762_/RESET_B                         0.750000    9.229763   -8.479763 (VIOLATED)
_18804_/RESET_B                         0.750000    9.229486   -8.479486 (VIOLATED)
_18772_/RESET_B                         0.750000    9.229440   -8.479440 (VIOLATED)
_18796_/RESET_B                         0.750000    9.229438   -8.479438 (VIOLATED)
_19020_/RESET_B                         0.750000    9.229437   -8.479437 (VIOLATED)
_19028_/RESET_B                         0.750000    9.229442   -8.479442 (VIOLATED)
_18882_/RESET_B                         0.750000    9.229428   -8.479428 (VIOLATED)
_18939_/RESET_B                         0.750000    9.229435   -8.479435 (VIOLATED)
_18767_/RESET_B                         0.750000    9.229417   -8.479417 (VIOLATED)
_18788_/RESET_B                         0.750000    9.229412   -8.479412 (VIOLATED)
_19044_/RESET_B                         0.750000    9.229399   -8.479399 (VIOLATED)
_18775_/RESET_B                         0.750000    9.229368   -8.479367 (VIOLATED)
_19023_/RESET_B                         0.750000    9.229339   -8.479339 (VIOLATED)
_18770_/RESET_B                         0.750000    9.229307   -8.479307 (VIOLATED)
_19018_/RESET_B                         0.750000    9.229308   -8.479308 (VIOLATED)
_19041_/RESET_B                         0.750000    9.229310   -8.479310 (VIOLATED)
_19060_/RESET_B                         0.750000    9.229281   -8.479281 (VIOLATED)
_19075_/RESET_B                         0.750000    9.229120   -8.479120 (VIOLATED)
_19091_/RESET_B                         0.750000    9.229118   -8.479118 (VIOLATED)
_18771_/RESET_B                         0.750000    9.229036   -8.479036 (VIOLATED)
_19015_/RESET_B                         0.750000    9.229036   -8.479036 (VIOLATED)
_19052_/RESET_B                         0.750000    9.229037   -8.479037 (VIOLATED)
_18779_/RESET_B                         0.750000    9.228977   -8.478977 (VIOLATED)
_18785_/RESET_B                         0.750000    9.228888   -8.478888 (VIOLATED)
_18783_/RESET_B                         0.750000    9.228799   -8.478798 (VIOLATED)
_18828_/RESET_B                         0.750000    9.228760   -8.478759 (VIOLATED)
_18835_/RESET_B                         0.750000    9.228553   -8.478552 (VIOLATED)
_18819_/RESET_B                         0.750000    9.228513   -8.478513 (VIOLATED)
_18807_/RESET_B                         0.750000    9.228452   -8.478452 (VIOLATED)
_18778_/RESET_B                         0.750000    9.228427   -8.478427 (VIOLATED)
_18787_/RESET_B                         0.750000    9.228429   -8.478429 (VIOLATED)
_18810_/RESET_B                         0.750000    9.228427   -8.478427 (VIOLATED)
_19035_/RESET_B                         0.750000    9.228423   -8.478423 (VIOLATED)
_18811_/RESET_B                         0.750000    9.228310   -8.478310 (VIOLATED)
_19067_/RESET_B                         0.750000    9.228057   -8.478057 (VIOLATED)
_19083_/RESET_B                         0.750000    9.228064   -8.478064 (VIOLATED)
_19027_/RESET_B                         0.750000    9.227894   -8.477893 (VIOLATED)
_19034_/RESET_B                         0.750000    9.227891   -8.477891 (VIOLATED)
_19043_/RESET_B                         0.750000    9.227894   -8.477894 (VIOLATED)
_19066_/RESET_B                         0.750000    9.227888   -8.477888 (VIOLATED)
_18815_/RESET_B                         0.750000    9.227746   -8.477746 (VIOLATED)
_18831_/RESET_B                         0.750000    9.227749   -8.477749 (VIOLATED)
_18943_/RESET_B                         0.750000    9.227748   -8.477748 (VIOLATED)
_19059_/RESET_B                         0.750000    9.227729   -8.477729 (VIOLATED)
_18791_/RESET_B                         0.750000    9.227680   -8.477680 (VIOLATED)
_18795_/RESET_B                         0.750000    9.227678   -8.477678 (VIOLATED)
_19051_/RESET_B                         0.750000    9.227673   -8.477673 (VIOLATED)
_19063_/RESET_B                         0.750000    9.227572   -8.477572 (VIOLATED)
_18827_/RESET_B                         0.750000    9.227403   -8.477403 (VIOLATED)
_18803_/RESET_B                         0.750000    9.227330   -8.477330 (VIOLATED)
_19071_/RESET_B                         0.750000    9.227242   -8.477242 (VIOLATED)
_18799_/RESET_B                         0.750000    9.227029   -8.477029 (VIOLATED)
_18926_/RESET_B                         0.750000    9.226980   -8.476980 (VIOLATED)
_18931_/RESET_B                         0.750000    9.226988   -8.476987 (VIOLATED)
_18932_/RESET_B                         0.750000    9.226989   -8.476989 (VIOLATED)
_18933_/RESET_B                         0.750000    9.226989   -8.476988 (VIOLATED)
_19039_/RESET_B                         0.750000    9.226987   -8.476987 (VIOLATED)
_19531_/RESET_B                         0.750000    9.226986   -8.476986 (VIOLATED)
_18927_/RESET_B                         0.750000    9.226971   -8.476971 (VIOLATED)
_18928_/RESET_B                         0.750000    9.226978   -8.476978 (VIOLATED)
_18929_/RESET_B                         0.750000    9.226982   -8.476982 (VIOLATED)
_19047_/RESET_B                         0.750000    9.226956   -8.476956 (VIOLATED)
_18786_/RESET_B                         0.750000    9.226934   -8.476934 (VIOLATED)
_18794_/RESET_B                         0.750000    9.226926   -8.476926 (VIOLATED)
_19031_/RESET_B                         0.750000    9.226932   -8.476932 (VIOLATED)
_18834_/RESET_B                         0.750000    9.226916   -8.476916 (VIOLATED)
_19026_/RESET_B                         0.750000    9.226921   -8.476921 (VIOLATED)
_19055_/RESET_B                         0.750000    9.226922   -8.476922 (VIOLATED)
_18818_/RESET_B                         0.750000    9.226888   -8.476888 (VIOLATED)
_19090_/RESET_B                         0.750000    9.226347   -8.476347 (VIOLATED)
_18930_/RESET_B                         0.750000    9.225853   -8.475853 (VIOLATED)
_19042_/RESET_B                         0.750000    9.225852   -8.475852 (VIOLATED)
_19050_/RESET_B                         0.750000    9.225845   -8.475845 (VIOLATED)
_19058_/RESET_B                         0.750000    9.225837   -8.475836 (VIOLATED)
_19082_/RESET_B                         0.750000    9.225664   -8.475664 (VIOLATED)
_18826_/RESET_B                         0.750000    9.225182   -8.475182 (VIOLATED)
_18802_/RESET_B                         0.750000    9.225134   -8.475134 (VIOLATED)
_19074_/RESET_B                         0.750000    9.225131   -8.475131 (VIOLATED)
_18954_/RESET_B                         0.750000    9.224989   -8.474989 (VIOLATED)
_18793_/RESET_B                         0.750000    9.224724   -8.474724 (VIOLATED)
_18801_/RESET_B                         0.750000    9.224720   -8.474720 (VIOLATED)
_19049_/RESET_B                         0.750000    9.224723   -8.474723 (VIOLATED)
_19081_/RESET_B                         0.750000    9.224716   -8.474716 (VIOLATED)
_19087_/RESET_B                         0.750000    9.224711   -8.474711 (VIOLATED)
_18870_/RESET_B                         0.750000    9.224697   -8.474697 (VIOLATED)
_18876_/RESET_B                         0.750000    9.224705   -8.474705 (VIOLATED)
_18871_/RESET_B                         0.750000    9.224693   -8.474693 (VIOLATED)
_18872_/RESET_B                         0.750000    9.224694   -8.474694 (VIOLATED)
_18873_/RESET_B                         0.750000    9.224694   -8.474694 (VIOLATED)
_18874_/RESET_B                         0.750000    9.224693   -8.474693 (VIOLATED)
_18910_/RESET_B                         0.750000    9.224697   -8.474697 (VIOLATED)
_19119_/RESET_B                         0.750000    9.224700   -8.474700 (VIOLATED)
_19120_/RESET_B                         0.750000    9.224703   -8.474703 (VIOLATED)
_19121_/RESET_B                         0.750000    9.224704   -8.474704 (VIOLATED)
_18965_/RESET_B                         0.750000    9.224689   -8.474689 (VIOLATED)
_19118_/RESET_B                         0.750000    9.224691   -8.474691 (VIOLATED)
_19530_/RESET_B                         0.750000    9.224698   -8.474698 (VIOLATED)
_18825_/RESET_B                         0.750000    9.224675   -8.474675 (VIOLATED)
_19079_/RESET_B                         0.750000    9.224680   -8.474680 (VIOLATED)
_18953_/RESET_B                         0.750000    9.224670   -8.474670 (VIOLATED)
_18823_/RESET_B                         0.750000    9.224657   -8.474657 (VIOLATED)
_18951_/RESET_B                         0.750000    9.224648   -8.474647 (VIOLATED)
_18911_/RESET_B                         0.750000    9.222621   -8.472621 (VIOLATED)
_18912_/RESET_B                         0.750000    9.222612   -8.472612 (VIOLATED)
_18914_/RESET_B                         0.750000    9.222613   -8.472613 (VIOLATED)
_18915_/RESET_B                         0.750000    9.222619   -8.472619 (VIOLATED)
_18916_/RESET_B                         0.750000    9.222620   -8.472620 (VIOLATED)
_18918_/RESET_B                         0.750000    9.222623   -8.472623 (VIOLATED)
_18919_/RESET_B                         0.750000    9.222618   -8.472618 (VIOLATED)
_18920_/RESET_B                         0.750000    9.222621   -8.472621 (VIOLATED)
_18921_/RESET_B                         0.750000    9.222623   -8.472623 (VIOLATED)
_18922_/RESET_B                         0.750000    9.222624   -8.472624 (VIOLATED)
_18923_/RESET_B                         0.750000    9.222615   -8.472615 (VIOLATED)
_18924_/RESET_B                         0.750000    9.222621   -8.472621 (VIOLATED)
_18925_/RESET_B                         0.750000    9.222619   -8.472619 (VIOLATED)
_18917_/RESET_B                         0.750000    9.222514   -8.472513 (VIOLATED)
_18913_/RESET_B                         0.750000    9.222026   -8.472026 (VIOLATED)
_18875_/RESET_B                         0.750000    9.220485   -8.470485 (VIOLATED)
_18950_/RESET_B                         0.750000    9.220251   -8.470251 (VIOLATED)
_18959_/RESET_B                         0.750000    9.220013   -8.470013 (VIOLATED)
_18964_/RESET_B                         0.750000    9.219603   -8.469603 (VIOLATED)
_18963_/RESET_B                         0.750000    9.219052   -8.469052 (VIOLATED)
_18952_/RESET_B                         0.750000    9.218937   -8.468937 (VIOLATED)
_18955_/RESET_B                         0.750000    9.218934   -8.468934 (VIOLATED)
_18956_/RESET_B                         0.750000    9.218933   -8.468933 (VIOLATED)
_18957_/RESET_B                         0.750000    9.218932   -8.468932 (VIOLATED)
_18960_/RESET_B                         0.750000    9.218931   -8.468931 (VIOLATED)
_18962_/RESET_B                         0.750000    9.218931   -8.468931 (VIOLATED)
_18958_/RESET_B                         0.750000    9.218038   -8.468038 (VIOLATED)
_09509_/X                               0.750000    9.217883   -8.467883 (VIOLATED)
_19146_/RESET_B                         0.750000    8.095236   -7.345236 (VIOLATED)
_19250_/RESET_B                         0.750000    8.095241   -7.345240 (VIOLATED)
_19378_/RESET_B                         0.750000    8.095237   -7.345237 (VIOLATED)
_19130_/RESET_B                         0.750000    8.095222   -7.345222 (VIOLATED)
_19138_/RESET_B                         0.750000    8.095226   -7.345226 (VIOLATED)
_19234_/RESET_B                         0.750000    8.095221   -7.345221 (VIOLATED)
_19242_/RESET_B                         0.750000    8.095223   -7.345223 (VIOLATED)
_19258_/RESET_B                         0.750000    8.095220   -7.345220 (VIOLATED)
_19370_/RESET_B                         0.750000    8.095223   -7.345223 (VIOLATED)
_19266_/RESET_B                         0.750000    8.095209   -7.345209 (VIOLATED)
_19362_/RESET_B                         0.750000    8.095216   -7.345215 (VIOLATED)
_19154_/RESET_B                         0.750000    8.095199   -7.345199 (VIOLATED)
_19282_/RESET_B                         0.750000    8.095193   -7.345193 (VIOLATED)
_19274_/RESET_B                         0.750000    8.095162   -7.345162 (VIOLATED)
_19410_/RESET_B                         0.750000    8.095100   -7.345100 (VIOLATED)
_19253_/RESET_B                         0.750000    8.095084   -7.345084 (VIOLATED)
_19257_/RESET_B                         0.750000    8.095091   -7.345091 (VIOLATED)
_19377_/RESET_B                         0.750000    8.095086   -7.345086 (VIOLATED)
_19385_/RESET_B                         0.750000    8.095092   -7.345092 (VIOLATED)
_19386_/RESET_B                         0.750000    8.095089   -7.345089 (VIOLATED)
_19498_/RESET_B                         0.750000    8.095086   -7.345086 (VIOLATED)
_19509_/RESET_B                         0.750000    8.095087   -7.345088 (VIOLATED)
_19513_/RESET_B                         0.750000    8.095084   -7.345084 (VIOLATED)
_19381_/RESET_B                         0.750000    8.095067   -7.345067 (VIOLATED)
_19373_/RESET_B                         0.750000    8.095043   -7.345043 (VIOLATED)
_19252_/RESET_B                         0.750000    8.094989   -7.344989 (VIOLATED)
_19365_/RESET_B                         0.750000    8.094996   -7.344996 (VIOLATED)
_19380_/RESET_B                         0.750000    8.094990   -7.344990 (VIOLATED)
_19255_/RESET_B                         0.750000    8.094978   -7.344978 (VIOLATED)
_19383_/RESET_B                         0.750000    8.094981   -7.344981 (VIOLATED)
_19254_/RESET_B                         0.750000    8.094970   -7.344969 (VIOLATED)
_19382_/RESET_B                         0.750000    8.094968   -7.344967 (VIOLATED)
_19251_/RESET_B                         0.750000    8.094957   -7.344957 (VIOLATED)
_19379_/RESET_B                         0.750000    8.094957   -7.344957 (VIOLATED)
_19245_/RESET_B                         0.750000    8.094946   -7.344946 (VIOLATED)
_19256_/RESET_B                         0.750000    8.094952   -7.344952 (VIOLATED)
_19384_/RESET_B                         0.750000    8.094949   -7.344949 (VIOLATED)
_19374_/RESET_B                         0.750000    8.094917   -7.344917 (VIOLATED)
_19237_/RESET_B                         0.750000    8.094906   -7.344905 (VIOLATED)
_19372_/RESET_B                         0.750000    8.094908   -7.344908 (VIOLATED)
_19494_/RESET_B                         0.750000    8.094908   -7.344908 (VIOLATED)
_19366_/RESET_B                         0.750000    8.094894   -7.344895 (VIOLATED)
_19495_/RESET_B                         0.750000    8.094900   -7.344900 (VIOLATED)
_19503_/RESET_B                         0.750000    8.094906   -7.344905 (VIOLATED)
_19364_/RESET_B                         0.750000    8.094880   -7.344881 (VIOLATED)
_19133_/RESET_B                         0.750000    8.094872   -7.344872 (VIOLATED)
_19141_/RESET_B                         0.750000    8.094873   -7.344873 (VIOLATED)
_19261_/RESET_B                         0.750000    8.094871   -7.344871 (VIOLATED)
_19375_/RESET_B                         0.750000    8.094875   -7.344875 (VIOLATED)
_19504_/RESET_B                         0.750000    8.094877   -7.344877 (VIOLATED)
_19269_/RESET_B                         0.750000    8.094867   -7.344866 (VIOLATED)
_19220_/RESET_B                         0.750000    8.094854   -7.344855 (VIOLATED)
_19348_/RESET_B                         0.750000    8.094855   -7.344856 (VIOLATED)
_19212_/RESET_B                         0.750000    8.094841   -7.344841 (VIOLATED)
_19340_/RESET_B                         0.750000    8.094842   -7.344842 (VIOLATED)
_19367_/RESET_B                         0.750000    8.094842   -7.344842 (VIOLATED)
_19388_/RESET_B                         0.750000    8.094850   -7.344850 (VIOLATED)
_19390_/RESET_B                         0.750000    8.094843   -7.344843 (VIOLATED)
_19392_/RESET_B                         0.750000    8.094843   -7.344843 (VIOLATED)
_19228_/RESET_B                         0.750000    8.094829   -7.344829 (VIOLATED)
_19356_/RESET_B                         0.750000    8.094831   -7.344831 (VIOLATED)
_19493_/RESET_B                         0.750000    8.094821   -7.344821 (VIOLATED)
_19371_/RESET_B                         0.750000    8.094805   -7.344805 (VIOLATED)
_19391_/RESET_B                         0.750000    8.094793   -7.344793 (VIOLATED)
_19376_/RESET_B                         0.750000    8.094777   -7.344778 (VIOLATED)
_19492_/RESET_B                         0.750000    8.094758   -7.344758 (VIOLATED)
_19204_/RESET_B                         0.750000    8.094749   -7.344749 (VIOLATED)
_19332_/RESET_B                         0.750000    8.094752   -7.344753 (VIOLATED)
_19148_/RESET_B                         0.750000    8.094736   -7.344736 (VIOLATED)
_19389_/RESET_B                         0.750000    8.094738   -7.344738 (VIOLATED)
_19468_/RESET_B                         0.750000    8.094725   -7.344725 (VIOLATED)
_19500_/RESET_B                         0.750000    8.094713   -7.344714 (VIOLATED)
_19368_/RESET_B                         0.750000    8.094702   -7.344702 (VIOLATED)
_19132_/RESET_B                         0.750000    8.094672   -7.344672 (VIOLATED)
_19140_/RESET_B                         0.750000    8.094677   -7.344677 (VIOLATED)
_19260_/RESET_B                         0.750000    8.094654   -7.344654 (VIOLATED)
_19180_/RESET_B                         0.750000    8.094595   -7.344594 (VIOLATED)
_19235_/RESET_B                         0.750000    8.094596   -7.344595 (VIOLATED)
_19243_/RESET_B                         0.750000    8.094600   -7.344600 (VIOLATED)
_19248_/RESET_B                         0.750000    8.094597   -7.344597 (VIOLATED)
_19172_/RESET_B                         0.750000    8.094586   -7.344586 (VIOLATED)
_19188_/RESET_B                         0.750000    8.094592   -7.344592 (VIOLATED)
_19196_/RESET_B                         0.750000    8.094597   -7.344597 (VIOLATED)
_19363_/RESET_B                         0.750000    8.094593   -7.344593 (VIOLATED)
_19268_/RESET_B                         0.750000    8.094581   -7.344580 (VIOLATED)
_19300_/RESET_B                         0.750000    8.094583   -7.344582 (VIOLATED)
_19308_/RESET_B                         0.750000    8.094583   -7.344583 (VIOLATED)
_19316_/RESET_B                         0.750000    8.094582   -7.344581 (VIOLATED)
_19324_/RESET_B                         0.750000    8.094584   -7.344584 (VIOLATED)
_19164_/RESET_B                         0.750000    8.094571   -7.344572 (VIOLATED)
_19292_/RESET_B                         0.750000    8.094573   -7.344573 (VIOLATED)
_19501_/RESET_B                         0.750000    8.094577   -7.344577 (VIOLATED)
_19276_/RESET_B                         0.750000    8.094565   -7.344565 (VIOLATED)
_19240_/RESET_B                         0.750000    8.094557   -7.344556 (VIOLATED)
_19284_/RESET_B                         0.750000    8.094553   -7.344553 (VIOLATED)
_19156_/RESET_B                         0.750000    8.094532   -7.344532 (VIOLATED)
_19236_/RESET_B                         0.750000    8.094533   -7.344533 (VIOLATED)
_19244_/RESET_B                         0.750000    8.094534   -7.344534 (VIOLATED)
_19238_/RESET_B                         0.750000    8.094523   -7.344523 (VIOLATED)
_19246_/RESET_B                         0.750000    8.094528   -7.344528 (VIOLATED)
_19387_/RESET_B                         0.750000    8.094516   -7.344515 (VIOLATED)
_19396_/RESET_B                         0.750000    8.094500   -7.344500 (VIOLATED)
_19428_/RESET_B                         0.750000    8.094492   -7.344492 (VIOLATED)
_19510_/RESET_B                         0.750000    8.094495   -7.344495 (VIOLATED)
_19491_/RESET_B                         0.750000    8.094440   -7.344441 (VIOLATED)
_19241_/RESET_B                         0.750000    8.094431   -7.344431 (VIOLATED)
_19249_/RESET_B                         0.750000    8.094433   -7.344433 (VIOLATED)
_19369_/RESET_B                         0.750000    8.094430   -7.344430 (VIOLATED)
_19143_/RESET_B                         0.750000    8.094405   -7.344405 (VIOLATED)
_19136_/RESET_B                         0.750000    8.094351   -7.344351 (VIOLATED)
_19144_/RESET_B                         0.750000    8.094346   -7.344346 (VIOLATED)
_19499_/RESET_B                         0.750000    8.094320   -7.344320 (VIOLATED)
_19512_/RESET_B                         0.750000    8.094304   -7.344304 (VIOLATED)
_19264_/RESET_B                         0.750000    8.094261   -7.344261 (VIOLATED)
_19497_/RESET_B                         0.750000    8.094259   -7.344259 (VIOLATED)
_19135_/RESET_B                         0.750000    8.094222   -7.344223 (VIOLATED)
_19263_/RESET_B                         0.750000    8.094222   -7.344223 (VIOLATED)
_19484_/RESET_B                         0.750000    8.094226   -7.344226 (VIOLATED)
_19149_/RESET_B                         0.750000    8.094208   -7.344208 (VIOLATED)
_19490_/RESET_B                         0.750000    8.094205   -7.344204 (VIOLATED)
_19506_/RESET_B                         0.750000    8.094207   -7.344206 (VIOLATED)
_19511_/RESET_B                         0.750000    8.094211   -7.344211 (VIOLATED)
_19157_/RESET_B                         0.750000    8.094188   -7.344188 (VIOLATED)
_19277_/RESET_B                         0.750000    8.094192   -7.344191 (VIOLATED)
_19285_/RESET_B                         0.750000    8.094167   -7.344166 (VIOLATED)
_19502_/RESET_B                         0.750000    8.094172   -7.344172 (VIOLATED)
_19293_/RESET_B                         0.750000    8.094161   -7.344161 (VIOLATED)
_19271_/RESET_B                         0.750000    8.094143   -7.344142 (VIOLATED)
_19272_/RESET_B                         0.750000    8.094144   -7.344144 (VIOLATED)
_19413_/RESET_B                         0.750000    8.094137   -7.344137 (VIOLATED)
_19496_/RESET_B                         0.750000    8.094135   -7.344135 (VIOLATED)
_19247_/RESET_B                         0.750000    8.094088   -7.344087 (VIOLATED)
_19505_/RESET_B                         0.750000    8.094067   -7.344067 (VIOLATED)
_19239_/RESET_B                         0.750000    8.094050   -7.344050 (VIOLATED)
_19409_/RESET_B                         0.750000    8.093709   -7.343709 (VIOLATED)
_19161_/RESET_B                         0.750000    8.093130   -7.343130 (VIOLATED)
_19400_/RESET_B                         0.750000    8.092998   -7.342998 (VIOLATED)
_19508_/RESET_B                         0.750000    8.092996   -7.342996 (VIOLATED)
_19289_/RESET_B                         0.750000    8.092987   -7.342987 (VIOLATED)
_19297_/RESET_B                         0.750000    8.092990   -7.342989 (VIOLATED)
_19137_/RESET_B                         0.750000    8.092733   -7.342734 (VIOLATED)
_19145_/RESET_B                         0.750000    8.092733   -7.342733 (VIOLATED)
_19265_/RESET_B                         0.750000    8.092734   -7.342735 (VIOLATED)
_19405_/RESET_B                         0.750000    8.092738   -7.342738 (VIOLATED)
_19273_/RESET_B                         0.750000    8.092723   -7.342723 (VIOLATED)
_19281_/RESET_B                         0.750000    8.092713   -7.342713 (VIOLATED)
_19153_/RESET_B                         0.750000    8.092701   -7.342701 (VIOLATED)
_19393_/RESET_B                         0.750000    8.092702   -7.342702 (VIOLATED)
_19401_/RESET_B                         0.750000    8.092675   -7.342675 (VIOLATED)
_19185_/RESET_B                         0.750000    8.092646   -7.342646 (VIOLATED)
_19425_/RESET_B                         0.750000    8.092632   -7.342632 (VIOLATED)
_19421_/RESET_B                         0.750000    8.092524   -7.342523 (VIOLATED)
_19177_/RESET_B                         0.750000    8.092146   -7.342146 (VIOLATED)
_19169_/RESET_B                         0.750000    8.092017   -7.342017 (VIOLATED)
_19305_/RESET_B                         0.750000    8.092010   -7.342010 (VIOLATED)
_19165_/RESET_B                         0.750000    8.091455   -7.341455 (VIOLATED)
_19173_/RESET_B                         0.750000    8.091453   -7.341452 (VIOLATED)
_19301_/RESET_B                         0.750000    8.091453   -7.341452 (VIOLATED)
_19309_/RESET_B                         0.750000    8.091447   -7.341447 (VIOLATED)
_19465_/RESET_B                         0.750000    8.091435   -7.341435 (VIOLATED)
_19433_/RESET_B                         0.750000    8.091424   -7.341424 (VIOLATED)
_19152_/RESET_B                         0.750000    8.091322   -7.341321 (VIOLATED)
_19280_/RESET_B                         0.750000    8.091322   -7.341321 (VIOLATED)
_19404_/RESET_B                         0.750000    8.091315   -7.341315 (VIOLATED)
_19160_/RESET_B                         0.750000    8.091297   -7.341297 (VIOLATED)
_19288_/RESET_B                         0.750000    8.091301   -7.341301 (VIOLATED)
_19296_/RESET_B                         0.750000    8.091300   -7.341300 (VIOLATED)
_19432_/RESET_B                         0.750000    8.091307   -7.341306 (VIOLATED)
_19444_/RESET_B                         0.750000    8.091313   -7.341313 (VIOLATED)
_19436_/RESET_B                         0.750000    8.091292   -7.341292 (VIOLATED)
_19159_/RESET_B                         0.750000    8.091269   -7.341269 (VIOLATED)
_19287_/RESET_B                         0.750000    8.091253   -7.341253 (VIOLATED)
_19295_/RESET_B                         0.750000    8.091258   -7.341258 (VIOLATED)
_19408_/RESET_B                         0.750000    8.091259   -7.341259 (VIOLATED)
_19151_/RESET_B                         0.750000    8.091205   -7.341204 (VIOLATED)
_19270_/RESET_B                         0.750000    8.091195   -7.341196 (VIOLATED)
_19279_/RESET_B                         0.750000    8.091191   -7.341191 (VIOLATED)
_19412_/RESET_B                         0.750000    8.091164   -7.341164 (VIOLATED)
_19420_/RESET_B                         0.750000    8.091166   -7.341166 (VIOLATED)
_19416_/RESET_B                         0.750000    8.091156   -7.341156 (VIOLATED)
_19460_/RESET_B                         0.750000    8.091159   -7.341159 (VIOLATED)
_19476_/RESET_B                         0.750000    8.091150   -7.341150 (VIOLATED)
_19415_/RESET_B                         0.750000    8.091119   -7.341119 (VIOLATED)
_19262_/RESET_B                         0.750000    8.091092   -7.341093 (VIOLATED)
_19134_/RESET_B                         0.750000    8.091070   -7.341070 (VIOLATED)
_19417_/RESET_B                         0.750000    8.091011   -7.341011 (VIOLATED)
_19131_/RESET_B                         0.750000    8.090975   -7.340974 (VIOLATED)
_19399_/RESET_B                         0.750000    8.090969   -7.340969 (VIOLATED)
_19259_/RESET_B                         0.750000    8.090959   -7.340958 (VIOLATED)
_19449_/RESET_B                         0.750000    8.090858   -7.340859 (VIOLATED)
_19139_/RESET_B                         0.750000    8.090664   -7.340663 (VIOLATED)
_19267_/RESET_B                         0.750000    8.090663   -7.340662 (VIOLATED)
_19313_/RESET_B                         0.750000    8.090668   -7.340668 (VIOLATED)
_19507_/RESET_B                         0.750000    8.090653   -7.340653 (VIOLATED)
_19489_/RESET_B                         0.750000    8.090454   -7.340454 (VIOLATED)
_19473_/RESET_B                         0.750000    8.089897   -7.339897 (VIOLATED)
_19441_/RESET_B                         0.750000    8.089815   -7.339815 (VIOLATED)
_19217_/RESET_B                         0.750000    8.089541   -7.339541 (VIOLATED)
_19345_/RESET_B                         0.750000    8.089540   -7.339541 (VIOLATED)
_19353_/RESET_B                         0.750000    8.089542   -7.339542 (VIOLATED)
_19361_/RESET_B                         0.750000    8.089544   -7.339544 (VIOLATED)
_19457_/RESET_B                         0.750000    8.089533   -7.339533 (VIOLATED)
_19142_/RESET_B                         0.750000    8.089282   -7.339283 (VIOLATED)
_19452_/RESET_B                         0.750000    8.089278   -7.339278 (VIOLATED)
_19464_/RESET_B                         0.750000    8.089285   -7.339285 (VIOLATED)
_19395_/RESET_B                         0.750000    8.089260   -7.339260 (VIOLATED)
_19398_/RESET_B                         0.750000    8.089257   -7.339257 (VIOLATED)
_19411_/RESET_B                         0.750000    8.089254   -7.339255 (VIOLATED)
_19481_/RESET_B                         0.750000    8.088993   -7.338993 (VIOLATED)
_19209_/RESET_B                         0.750000    8.088602   -7.338602 (VIOLATED)
_19337_/RESET_B                         0.750000    8.088601   -7.338601 (VIOLATED)
_19329_/RESET_B                         0.750000    8.088353   -7.338353 (VIOLATED)
_19201_/RESET_B                         0.750000    8.088006   -7.338006 (VIOLATED)
_19321_/RESET_B                         0.750000    8.087841   -7.337841 (VIOLATED)
_19193_/RESET_B                         0.750000    8.087664   -7.337664 (VIOLATED)
_19218_/RESET_B                         0.750000    8.087348   -7.337348 (VIOLATED)
_19226_/RESET_B                         0.750000    8.087351   -7.337350 (VIOLATED)
_19338_/RESET_B                         0.750000    8.087348   -7.337348 (VIOLATED)
_19346_/RESET_B                         0.750000    8.087352   -7.337351 (VIOLATED)
_19354_/RESET_B                         0.750000    8.087351   -7.337350 (VIOLATED)
_19514_/RESET_B                         0.750000    8.087354   -7.337354 (VIOLATED)
_19515_/RESET_B                         0.750000    8.087354   -7.337354 (VIOLATED)
_19210_/RESET_B                         0.750000    8.087337   -7.337337 (VIOLATED)
_19516_/RESET_B                         0.750000    8.087324   -7.337324 (VIOLATED)
_19517_/RESET_B                         0.750000    8.087325   -7.337325 (VIOLATED)
_19518_/RESET_B                         0.750000    8.087320   -7.337320 (VIOLATED)
_19330_/RESET_B                         0.750000    8.087308   -7.337308 (VIOLATED)
_19519_/RESET_B                         0.750000    8.087290   -7.337290 (VIOLATED)
_19520_/RESET_B                         0.750000    8.087289   -7.337289 (VIOLATED)
_19202_/RESET_B                         0.750000    8.087275   -7.337274 (VIOLATED)
_19394_/RESET_B                         0.750000    8.087276   -7.337276 (VIOLATED)
_19397_/RESET_B                         0.750000    8.087276   -7.337276 (VIOLATED)
_19402_/RESET_B                         0.750000    8.087271   -7.337271 (VIOLATED)
_19429_/RESET_B                         0.750000    8.087273   -7.337272 (VIOLATED)
_19434_/RESET_B                         0.750000    8.087263   -7.337263 (VIOLATED)
_19458_/RESET_B                         0.750000    8.087256   -7.337256 (VIOLATED)
_19426_/RESET_B                         0.750000    8.087237   -7.337238 (VIOLATED)
_19482_/RESET_B                         0.750000    8.087245   -7.337245 (VIOLATED)
_19178_/RESET_B                         0.750000    8.087228   -7.337228 (VIOLATED)
_19466_/RESET_B                         0.750000    8.087232   -7.337232 (VIOLATED)
_19170_/RESET_B                         0.750000    8.087209   -7.337208 (VIOLATED)
_19194_/RESET_B                         0.750000    8.087210   -7.337209 (VIOLATED)
_19162_/RESET_B                         0.750000    8.087198   -7.337198 (VIOLATED)
_19306_/RESET_B                         0.750000    8.087203   -7.337203 (VIOLATED)
_19322_/RESET_B                         0.750000    8.087210   -7.337209 (VIOLATED)
_19290_/RESET_B                         0.750000    8.087177   -7.337177 (VIOLATED)
_19298_/RESET_B                         0.750000    8.087177   -7.337177 (VIOLATED)
_19526_/RESET_B                         0.750000    8.087183   -7.337183 (VIOLATED)
_19527_/RESET_B                         0.750000    8.087190   -7.337190 (VIOLATED)
_19524_/RESET_B                         0.750000    8.087173   -7.337172 (VIOLATED)
_19525_/RESET_B                         0.750000    8.087080   -7.337080 (VIOLATED)
_19450_/RESET_B                         0.750000    8.086991   -7.336991 (VIOLATED)
_19418_/RESET_B                         0.750000    8.086901   -7.336901 (VIOLATED)
_19233_/RESET_B                         0.750000    8.086572   -7.336572 (VIOLATED)
_19225_/RESET_B                         0.750000    8.085851   -7.335850 (VIOLATED)
_19521_/RESET_B                         0.750000    8.085361   -7.335360 (VIOLATED)
_19522_/RESET_B                         0.750000    8.085359   -7.335358 (VIOLATED)
_19523_/RESET_B                         0.750000    8.085359   -7.335358 (VIOLATED)
_19528_/RESET_B                         0.750000    8.085350   -7.335351 (VIOLATED)
_19186_/RESET_B                         0.750000    8.085339   -7.335339 (VIOLATED)
_19314_/RESET_B                         0.750000    8.085336   -7.335336 (VIOLATED)
_19442_/RESET_B                         0.750000    8.085285   -7.335286 (VIOLATED)
_19485_/RESET_B                         0.750000    8.085268   -7.335268 (VIOLATED)
_19474_/RESET_B                         0.750000    8.085256   -7.335255 (VIOLATED)
_19529_/RESET_B                         0.750000    8.085258   -7.335259 (VIOLATED)
_19360_/RESET_B                         0.750000    8.085123   -7.335123 (VIOLATED)
_19461_/RESET_B                         0.750000    8.085084   -7.335084 (VIOLATED)
_19181_/RESET_B                         0.750000    8.084144   -7.334143 (VIOLATED)
_19224_/RESET_B                         0.750000    8.084056   -7.334055 (VIOLATED)
_19232_/RESET_B                         0.750000    8.084052   -7.334052 (VIOLATED)
_19352_/RESET_B                         0.750000    8.084057   -7.334057 (VIOLATED)
_19469_/RESET_B                         0.750000    8.083546   -7.333546 (VIOLATED)
_19357_/RESET_B                         0.750000    8.082427   -7.332428 (VIOLATED)
_19147_/RESET_B                         0.750000    8.082130   -7.332130 (VIOLATED)
_19168_/RESET_B                         0.750000    8.082129   -7.332129 (VIOLATED)
_19176_/RESET_B                         0.750000    8.082135   -7.332135 (VIOLATED)
_19275_/RESET_B                         0.750000    8.082129   -7.332130 (VIOLATED)
_19304_/RESET_B                         0.750000    8.082135   -7.332135 (VIOLATED)
_19312_/RESET_B                         0.750000    8.082135   -7.332135 (VIOLATED)
_19155_/RESET_B                         0.750000    8.082121   -7.332121 (VIOLATED)
_19184_/RESET_B                         0.750000    8.082119   -7.332119 (VIOLATED)
_19283_/RESET_B                         0.750000    8.082118   -7.332118 (VIOLATED)
_19403_/RESET_B                         0.750000    8.082126   -7.332125 (VIOLATED)
_19424_/RESET_B                         0.750000    8.082106   -7.332106 (VIOLATED)
_19229_/RESET_B                         0.750000    8.082098   -7.332098 (VIOLATED)
_19448_/RESET_B                         0.750000    8.082094   -7.332094 (VIOLATED)
_19407_/RESET_B                         0.750000    8.082059   -7.332059 (VIOLATED)
_19419_/RESET_B                         0.750000    8.082043   -7.332043 (VIOLATED)
_19440_/RESET_B                         0.750000    8.082043   -7.332043 (VIOLATED)
_19406_/RESET_B                         0.750000    8.082004   -7.332004 (VIOLATED)
_19150_/RESET_B                         0.750000    8.081988   -7.331988 (VIOLATED)
_19278_/RESET_B                         0.750000    8.081987   -7.331988 (VIOLATED)
_19414_/RESET_B                         0.750000    8.081967   -7.331967 (VIOLATED)
_19286_/RESET_B                         0.750000    8.081947   -7.331947 (VIOLATED)
_19427_/RESET_B                         0.750000    8.081944   -7.331944 (VIOLATED)
_19447_/RESET_B                         0.750000    8.081945   -7.331945 (VIOLATED)
_19158_/RESET_B                         0.750000    8.081919   -7.331918 (VIOLATED)
_19208_/RESET_B                         0.750000    8.081872   -7.331872 (VIOLATED)
_19439_/RESET_B                         0.750000    8.081872   -7.331872 (VIOLATED)
_19163_/RESET_B                         0.750000    8.081842   -7.331842 (VIOLATED)
_19291_/RESET_B                         0.750000    8.081844   -7.331844 (VIOLATED)
_19299_/RESET_B                         0.750000    8.081844   -7.331844 (VIOLATED)
_19171_/RESET_B                         0.750000    8.081836   -7.331836 (VIOLATED)
_19336_/RESET_B                         0.750000    8.081830   -7.331830 (VIOLATED)
_19422_/RESET_B                         0.750000    8.081805   -7.331805 (VIOLATED)
_19192_/RESET_B                         0.750000    8.081748   -7.331748 (VIOLATED)
_19200_/RESET_B                         0.750000    8.081743   -7.331743 (VIOLATED)
_19320_/RESET_B                         0.750000    8.081746   -7.331746 (VIOLATED)
_19328_/RESET_B                         0.750000    8.081741   -7.331742 (VIOLATED)
_19423_/RESET_B                         0.750000    8.081732   -7.331732 (VIOLATED)
_19166_/RESET_B                         0.750000    8.081716   -7.331716 (VIOLATED)
_19430_/RESET_B                         0.750000    8.081677   -7.331678 (VIOLATED)
_19349_/RESET_B                         0.750000    8.081656   -7.331656 (VIOLATED)
_19294_/RESET_B                         0.750000    8.081641   -7.331641 (VIOLATED)
_19462_/RESET_B                         0.750000    8.081636   -7.331636 (VIOLATED)
_19456_/RESET_B                         0.750000    8.081589   -7.331589 (VIOLATED)
_19472_/RESET_B                         0.750000    8.081591   -7.331591 (VIOLATED)
_19216_/RESET_B                         0.750000    8.081578   -7.331578 (VIOLATED)
_19488_/RESET_B                         0.750000    8.081586   -7.331585 (VIOLATED)
_19344_/RESET_B                         0.750000    8.081573   -7.331573 (VIOLATED)
_19463_/RESET_B                         0.750000    8.081569   -7.331568 (VIOLATED)
_19431_/RESET_B                         0.750000    8.081558   -7.331558 (VIOLATED)
_19480_/RESET_B                         0.750000    8.081564   -7.331564 (VIOLATED)
_19435_/RESET_B                         0.750000    8.081549   -7.331549 (VIOLATED)
_19455_/RESET_B                         0.750000    8.081521   -7.331521 (VIOLATED)
_19471_/RESET_B                         0.750000    8.081473   -7.331473 (VIOLATED)
_19487_/RESET_B                         0.750000    8.081371   -7.331371 (VIOLATED)
_19483_/RESET_B                         0.750000    8.081213   -7.331213 (VIOLATED)
_19475_/RESET_B                         0.750000    8.081149   -7.331149 (VIOLATED)
_19205_/RESET_B                         0.750000    8.081103   -7.331103 (VIOLATED)
_19213_/RESET_B                         0.750000    8.081104   -7.331104 (VIOLATED)
_19221_/RESET_B                         0.750000    8.081105   -7.331105 (VIOLATED)
_19437_/RESET_B                         0.750000    8.080988   -7.330987 (VIOLATED)
_19341_/RESET_B                         0.750000    8.080753   -7.330753 (VIOLATED)
_19333_/RESET_B                         0.750000    8.080250   -7.330249 (VIOLATED)
_19197_/RESET_B                         0.750000    8.080096   -7.330096 (VIOLATED)
_19445_/RESET_B                         0.750000    8.080097   -7.330097 (VIOLATED)
_19325_/RESET_B                         0.750000    8.079770   -7.329770 (VIOLATED)
_19189_/RESET_B                         0.750000    8.079585   -7.329585 (VIOLATED)
_19215_/RESET_B                         0.750000    8.079395   -7.329395 (VIOLATED)
_19223_/RESET_B                         0.750000    8.079393   -7.329393 (VIOLATED)
_19231_/RESET_B                         0.750000    8.079387   -7.329387 (VIOLATED)
_19343_/RESET_B                         0.750000    8.079392   -7.329392 (VIOLATED)
_19351_/RESET_B                         0.750000    8.079391   -7.329391 (VIOLATED)
_19359_/RESET_B                         0.750000    8.079391   -7.329391 (VIOLATED)
_19459_/RESET_B                         0.750000    8.079375   -7.329376 (VIOLATED)
_19467_/RESET_B                         0.750000    8.079359   -7.329359 (VIOLATED)
_19317_/RESET_B                         0.750000    8.079247   -7.329247 (VIOLATED)
_19453_/RESET_B                         0.750000    8.078444   -7.328444 (VIOLATED)
_19477_/RESET_B                         0.750000    8.078116   -7.328116 (VIOLATED)
_19227_/RESET_B                         0.750000    8.077409   -7.327409 (VIOLATED)
_19355_/RESET_B                         0.750000    8.077189   -7.327190 (VIOLATED)
_19167_/RESET_B                         0.750000    8.077091   -7.327091 (VIOLATED)
_19175_/RESET_B                         0.750000    8.077088   -7.327088 (VIOLATED)
_19302_/RESET_B                         0.750000    8.077093   -7.327093 (VIOLATED)
_19183_/RESET_B                         0.750000    8.077084   -7.327083 (VIOLATED)
_19303_/RESET_B                         0.750000    8.077085   -7.327086 (VIOLATED)
_19443_/RESET_B                         0.750000    8.077077   -7.327077 (VIOLATED)
_19191_/RESET_B                         0.750000    8.077063   -7.327063 (VIOLATED)
_19311_/RESET_B                         0.750000    8.077067   -7.327067 (VIOLATED)
_19319_/RESET_B                         0.750000    8.077048   -7.327048 (VIOLATED)
_19438_/RESET_B                         0.750000    8.077050   -7.327050 (VIOLATED)
_19199_/RESET_B                         0.750000    8.077032   -7.327032 (VIOLATED)
_19327_/RESET_B                         0.750000    8.077034   -7.327034 (VIOLATED)
_19335_/RESET_B                         0.750000    8.077033   -7.327033 (VIOLATED)
_19446_/RESET_B                         0.750000    8.077014   -7.327014 (VIOLATED)
_19470_/RESET_B                         0.750000    8.076988   -7.326988 (VIOLATED)
_19207_/RESET_B                         0.750000    8.076979   -7.326978 (VIOLATED)
_19451_/RESET_B                         0.750000    8.076975   -7.326975 (VIOLATED)
_19454_/RESET_B                         0.750000    8.076976   -7.326976 (VIOLATED)
_19478_/RESET_B                         0.750000    8.076978   -7.326977 (VIOLATED)
_19479_/RESET_B                         0.750000    8.076977   -7.326977 (VIOLATED)
_19486_/RESET_B                         0.750000    8.076975   -7.326975 (VIOLATED)
_19310_/RESET_B                         0.750000    8.076958   -7.326958 (VIOLATED)
_19318_/RESET_B                         0.750000    8.076958   -7.326958 (VIOLATED)
_19326_/RESET_B                         0.750000    8.076956   -7.326956 (VIOLATED)
_19307_/RESET_B                         0.750000    8.076948   -7.326948 (VIOLATED)
_19174_/RESET_B                         0.750000    8.076941   -7.326940 (VIOLATED)
_19179_/RESET_B                         0.750000    8.076942   -7.326942 (VIOLATED)
_19182_/RESET_B                         0.750000    8.076948   -7.326948 (VIOLATED)
_19187_/RESET_B                         0.750000    8.076943   -7.326944 (VIOLATED)
_19190_/RESET_B                         0.750000    8.076948   -7.326948 (VIOLATED)
_19315_/RESET_B                         0.750000    8.076947   -7.326947 (VIOLATED)
_19334_/RESET_B                         0.750000    8.076953   -7.326952 (VIOLATED)
_19195_/RESET_B                         0.750000    8.076939   -7.326938 (VIOLATED)
_19198_/RESET_B                         0.750000    8.076945   -7.326945 (VIOLATED)
_19203_/RESET_B                         0.750000    8.076938   -7.326938 (VIOLATED)
_19206_/RESET_B                         0.750000    8.076942   -7.326942 (VIOLATED)
_19323_/RESET_B                         0.750000    8.076941   -7.326940 (VIOLATED)
_19342_/RESET_B                         0.750000    8.076942   -7.326943 (VIOLATED)
_19214_/RESET_B                         0.750000    8.076931   -7.326931 (VIOLATED)
_19331_/RESET_B                         0.750000    8.076917   -7.326916 (VIOLATED)
_19350_/RESET_B                         0.750000    8.076907   -7.326907 (VIOLATED)
_19222_/RESET_B                         0.750000    8.076898   -7.326898 (VIOLATED)
_19358_/RESET_B                         0.750000    8.076904   -7.326905 (VIOLATED)
_19230_/RESET_B                         0.750000    8.076860   -7.326860 (VIOLATED)
_19211_/RESET_B                         0.750000    8.076757   -7.326757 (VIOLATED)
_19219_/RESET_B                         0.750000    8.076723   -7.326723 (VIOLATED)
_19339_/RESET_B                         0.750000    8.076727   -7.326727 (VIOLATED)
_19347_/RESET_B                         0.750000    8.076689   -7.326689 (VIOLATED)
_09509_/B                               0.750000    8.068771   -7.318771 (VIOLATED)
rst_n                                   0.750000    8.068714   -7.318714 (VIOLATED)
_17861_/A2                              0.750000    6.341323   -5.591323 (VIOLATED)
_17873_/A2                              0.750000    6.341322   -5.591322 (VIOLATED)
_17881_/A2                              0.750000    6.341323   -5.591323 (VIOLATED)
_17906_/A2                              0.750000    6.341327   -5.591327 (VIOLATED)
_17912_/A2                              0.750000    6.341326   -5.591326 (VIOLATED)
_18090_/A2                              0.750000    6.341326   -5.591326 (VIOLATED)
_18122_/A2                              0.750000    6.341326   -5.591326 (VIOLATED)
_18131_/A2                              0.750000    6.341322   -5.591322 (VIOLATED)
_18147_/B2                              0.750000    6.341323   -5.591323 (VIOLATED)
_18149_/B2                              0.750000    6.341319   -5.591319 (VIOLATED)
_18150_/B1                              0.750000    6.341319   -5.591319 (VIOLATED)
_18151_/B1                              0.750000    6.341320   -5.591320 (VIOLATED)
_18152_/B1                              0.750000    6.341321   -5.591321 (VIOLATED)
_17854_/A2                              0.750000    6.341310   -5.591310 (VIOLATED)
_18118_/A2                              0.750000    6.341311   -5.591311 (VIOLATED)
_18129_/A2                              0.750000    6.341314   -5.591314 (VIOLATED)
_18124_/A2                              0.750000    6.341307   -5.591307 (VIOLATED)
_18144_/B2                              0.750000    6.341311   -5.591311 (VIOLATED)
_18145_/B1                              0.750000    6.341309   -5.591309 (VIOLATED)
_18120_/A2                              0.750000    6.341299   -5.591299 (VIOLATED)
_17857_/A2                              0.750000    6.341289   -5.591289 (VIOLATED)
_17864_/A2                              0.750000    6.341291   -5.591290 (VIOLATED)
_17867_/A2                              0.750000    6.341291   -5.591290 (VIOLATED)
_17870_/A2                              0.750000    6.341292   -5.591292 (VIOLATED)
_17883_/A2                              0.750000    6.341291   -5.591291 (VIOLATED)
_18092_/A2                              0.750000    6.341291   -5.591290 (VIOLATED)
_17876_/A2                              0.750000    6.341285   -5.591284 (VIOLATED)
_18095_/A2                              0.750000    6.341290   -5.591290 (VIOLATED)
_18127_/A2                              0.750000    6.341292   -5.591291 (VIOLATED)
_17878_/A2                              0.750000    6.341261   -5.591261 (VIOLATED)
_17886_/A2                              0.750000    6.341236   -5.591236 (VIOLATED)
_18057_/A2                              0.750000    6.341209   -5.591209 (VIOLATED)
_17875_/A2                              0.750000    6.341200   -5.591200 (VIOLATED)
_18085_/A2                              0.750000    6.341203   -5.591203 (VIOLATED)
_18101_/A2                              0.750000    6.341203   -5.591203 (VIOLATED)
_18117_/A2                              0.750000    6.341202   -5.591202 (VIOLATED)
_17890_/A2                              0.750000    6.341194   -5.591194 (VIOLATED)
_17811_/A2                              0.750000    6.341183   -5.591183 (VIOLATED)
_17836_/A2                              0.750000    6.341184   -5.591184 (VIOLATED)
_18086_/A2                              0.750000    6.341176   -5.591176 (VIOLATED)
_18040_/A2                              0.750000    6.341169   -5.591169 (VIOLATED)
_18102_/A2                              0.750000    6.341175   -5.591175 (VIOLATED)
_18096_/A2                              0.750000    6.341169   -5.591168 (VIOLATED)
_18024_/A2                              0.750000    6.341157   -5.591157 (VIOLATED)
_18109_/A2                              0.750000    6.341158   -5.591158 (VIOLATED)
_18112_/A2                              0.750000    6.341163   -5.591163 (VIOLATED)
_18110_/A2                              0.750000    6.341149   -5.591149 (VIOLATED)
_17884_/C1                              0.750000    6.341136   -5.591136 (VIOLATED)
_18072_/A2                              0.750000    6.341140   -5.591140 (VIOLATED)
_18088_/A2                              0.750000    6.341141   -5.591141 (VIOLATED)
_18104_/A2                              0.750000    6.341141   -5.591141 (VIOLATED)
_17910_/A2                              0.750000    6.341130   -5.591129 (VIOLATED)
_17894_/A2                              0.750000    6.341119   -5.591119 (VIOLATED)
_17977_/A2                              0.750000    6.341116   -5.591116 (VIOLATED)
_18009_/A2                              0.750000    6.341104   -5.591103 (VIOLATED)
_17960_/A2                              0.750000    6.341090   -5.591090 (VIOLATED)
_17943_/A2                              0.750000    6.341055   -5.591055 (VIOLATED)
_17927_/A2                              0.750000    6.341008   -5.591008 (VIOLATED)
_17992_/A2                              0.750000    6.340992   -5.590992 (VIOLATED)
_17918_/A2                              0.750000    6.340955   -5.590954 (VIOLATED)
_17892_/A2                              0.750000    6.340841   -5.590841 (VIOLATED)
_17909_/A2                              0.750000    6.340839   -5.590839 (VIOLATED)
_18032_/A2                              0.750000    6.340841   -5.590841 (VIOLATED)
_17969_/A2                              0.750000    6.340833   -5.590833 (VIOLATED)
_17952_/A2                              0.750000    6.340784   -5.590784 (VIOLATED)
_17898_/A2                              0.750000    6.340750   -5.590750 (VIOLATED)
_17915_/A2                              0.750000    6.340749   -5.590749 (VIOLATED)
_17935_/A2                              0.750000    6.340736   -5.590736 (VIOLATED)
_17985_/A2                              0.750000    6.340669   -5.590669 (VIOLATED)
_17941_/A2                              0.750000    6.340597   -5.590597 (VIOLATED)
_18098_/A2                              0.750000    6.340586   -5.590586 (VIOLATED)
_18107_/A2                              0.750000    6.340586   -5.590586 (VIOLATED)
_17550_/A2                              0.750000    6.340577   -5.590577 (VIOLATED)
_17889_/A2                              0.750000    6.340582   -5.590582 (VIOLATED)
_17897_/A2                              0.750000    6.340585   -5.590585 (VIOLATED)
_17903_/A2                              0.750000    6.340578   -5.590578 (VIOLATED)
_17920_/A2                              0.750000    6.340579   -5.590579 (VIOLATED)
_17987_/A2                              0.750000    6.340575   -5.590575 (VIOLATED)
_18114_/A2                              0.750000    6.340580   -5.590580 (VIOLATED)
_17525_/A2                              0.750000    6.340568   -5.590568 (VIOLATED)
_17900_/C1                              0.750000    6.340569   -5.590569 (VIOLATED)
_17904_/A2                              0.750000    6.340569   -5.590569 (VIOLATED)
_17917_/A2                              0.750000    6.340570   -5.590570 (VIOLATED)
_17945_/A2                              0.750000    6.340568   -5.590567 (VIOLATED)
_17953_/A2                              0.750000    6.340567   -5.590567 (VIOLATED)
_17971_/A2                              0.750000    6.340568   -5.590568 (VIOLATED)
_18016_/A2                              0.750000    6.340566   -5.590566 (VIOLATED)
_18050_/A2                              0.750000    6.340561   -5.590561 (VIOLATED)
_17930_/A2                              0.750000    6.340548   -5.590547 (VIOLATED)
_18035_/A2                              0.750000    6.340549   -5.590549 (VIOLATED)
_17924_/A2                              0.750000    6.340529   -5.590529 (VIOLATED)
_17932_/C1                              0.750000    6.340529   -5.590529 (VIOLATED)
_17955_/A2                              0.750000    6.340528   -5.590528 (VIOLATED)
_17972_/A2                              0.750000    6.340528   -5.590528 (VIOLATED)
_18000_/A2                              0.750000    6.340530   -5.590530 (VIOLATED)
_18004_/A2                              0.750000    6.340525   -5.590525 (VIOLATED)
_18018_/A2                              0.750000    6.340526   -5.590526 (VIOLATED)
_18021_/A2                              0.750000    6.340528   -5.590528 (VIOLATED)
_18036_/A2                              0.750000    6.340529   -5.590529 (VIOLATED)
_18052_/A2                              0.750000    6.340529   -5.590529 (VIOLATED)
_18069_/A2                              0.750000    6.340528   -5.590528 (VIOLATED)
_17922_/A2                              0.750000    6.340518   -5.590518 (VIOLATED)
_17938_/A2                              0.750000    6.340521   -5.590521 (VIOLATED)
_17989_/A2                              0.750000    6.340518   -5.590518 (VIOLATED)
_18002_/A2                              0.750000    6.340517   -5.590517 (VIOLATED)
_18066_/A2                              0.750000    6.340517   -5.590517 (VIOLATED)
_18083_/A2                              0.750000    6.340511   -5.590511 (VIOLATED)
_17928_/A2                              0.750000    6.340499   -5.590499 (VIOLATED)
_17962_/A2                              0.750000    6.340496   -5.590495 (VIOLATED)
_17967_/A2                              0.750000    6.340480   -5.590480 (VIOLATED)
_18026_/A2                              0.750000    6.340481   -5.590481 (VIOLATED)
_18074_/A2                              0.750000    6.340476   -5.590476 (VIOLATED)
_17786_/A2                              0.750000    6.340469   -5.590469 (VIOLATED)
_17937_/A2                              0.750000    6.340461   -5.590461 (VIOLATED)
_17732_/A2                              0.750000    6.340452   -5.590452 (VIOLATED)
_17950_/A2                              0.750000    6.340453   -5.590453 (VIOLATED)
_17965_/A2                              0.750000    6.340453   -5.590453 (VIOLATED)
_18029_/A2                              0.750000    6.340456   -5.590456 (VIOLATED)
_18049_/A2                              0.750000    6.340460   -5.590460 (VIOLATED)
_18064_/A2                              0.750000    6.340458   -5.590458 (VIOLATED)
_18080_/A2                              0.750000    6.340459   -5.590459 (VIOLATED)
_18010_/A2                              0.750000    6.340441   -5.590441 (VIOLATED)
_18030_/A2                              0.750000    6.340444   -5.590444 (VIOLATED)
_18042_/A2                              0.750000    6.340438   -5.590438 (VIOLATED)
_17978_/A2                              0.750000    6.340427   -5.590427 (VIOLATED)
_17999_/A2                              0.750000    6.340431   -5.590431 (VIOLATED)
_18014_/A2                              0.750000    6.340431   -5.590431 (VIOLATED)
_18046_/A2                              0.750000    6.340408   -5.590408 (VIOLATED)
_18079_/A2                              0.750000    6.340412   -5.590412 (VIOLATED)
_18063_/A2                              0.750000    6.340386   -5.590386 (VIOLATED)
_17725_/A2                              0.750000    6.340354   -5.590353 (VIOLATED)
_18023_/A2                              0.750000    6.340348   -5.590347 (VIOLATED)
_18038_/A2                              0.750000    6.340325   -5.590325 (VIOLATED)
_17778_/C1                              0.750000    6.340307   -5.590307 (VIOLATED)
_17994_/A2                              0.750000    6.340302   -5.590302 (VIOLATED)
_18058_/A2                              0.750000    6.340302   -5.590302 (VIOLATED)
_18070_/A2                              0.750000    6.340302   -5.590301 (VIOLATED)
_09498_/Y                               0.750000    6.340294   -5.590294 (VIOLATED)
_09504_/A                               0.750000    6.340294   -5.590294 (VIOLATED)
_17752_/A2                              0.750000    6.340294   -5.590294 (VIOLATED)
_17759_/A2                              0.750000    6.340294   -5.590294 (VIOLATED)
_17763_/A2                              0.750000    6.340294   -5.590294 (VIOLATED)
_17779_/A2                              0.750000    6.340294   -5.590294 (VIOLATED)
_17948_/A2                              0.750000    6.340294   -5.590294 (VIOLATED)
_17958_/A2                              0.750000    6.340294   -5.590294 (VIOLATED)
_17975_/A2                              0.750000    6.340294   -5.590294 (VIOLATED)
_17981_/A2                              0.750000    6.340294   -5.590294 (VIOLATED)
_17991_/A2                              0.750000    6.340294   -5.590294 (VIOLATED)
_18006_/A2                              0.750000    6.340294   -5.590294 (VIOLATED)
_18013_/A2                              0.750000    6.340294   -5.590294 (VIOLATED)
_18045_/A2                              0.750000    6.340294   -5.590294 (VIOLATED)
_18054_/A2                              0.750000    6.340294   -5.590294 (VIOLATED)
_18060_/A2                              0.750000    6.340294   -5.590294 (VIOLATED)
_18076_/A2                              0.750000    6.340294   -5.590294 (VIOLATED)
_18132_/A0                              0.750000    6.340294   -5.590294 (VIOLATED)
_18157_/A2                              0.750000    4.989884   -4.239884 (VIOLATED)
_18173_/A2                              0.750000    4.989883   -4.239883 (VIOLATED)
_18181_/A2                              0.750000    4.989884   -4.239884 (VIOLATED)
_18189_/A2                              0.750000    4.989882   -4.239882 (VIOLATED)
_18263_/A2                              0.750000    4.989880   -4.239880 (VIOLATED)
_18285_/A2                              0.750000    4.989884   -4.239884 (VIOLATED)
_18293_/A2                              0.750000    4.989884   -4.239884 (VIOLATED)
_18294_/A2                              0.750000    4.989885   -4.239885 (VIOLATED)
_18295_/A2                              0.750000    4.989887   -4.239887 (VIOLATED)
_18288_/A2                              0.750000    4.989880   -4.239880 (VIOLATED)
_18296_/A2                              0.750000    4.989883   -4.239883 (VIOLATED)
_18297_/A2                              0.750000    4.989887   -4.239887 (VIOLATED)
_18298_/A2                              0.750000    4.989887   -4.239887 (VIOLATED)
_18299_/A2                              0.750000    4.989886   -4.239886 (VIOLATED)
_18300_/A2                              0.750000    4.989885   -4.239884 (VIOLATED)
_18161_/A2                              0.750000    4.989874   -4.239874 (VIOLATED)
_18163_/A2                              0.750000    4.989878   -4.239877 (VIOLATED)
_18175_/A2                              0.750000    4.989876   -4.239876 (VIOLATED)
_18176_/A2                              0.750000    4.989879   -4.239879 (VIOLATED)
_18183_/A2                              0.750000    4.989877   -4.239877 (VIOLATED)
_18167_/A2                              0.750000    4.989872   -4.239871 (VIOLATED)
_18207_/A2                              0.750000    4.989875   -4.239875 (VIOLATED)
_18215_/A2                              0.750000    4.989875   -4.239875 (VIOLATED)
_18223_/A2                              0.750000    4.989875   -4.239875 (VIOLATED)
_18231_/A2                              0.750000    4.989875   -4.239875 (VIOLATED)
_18239_/A2                              0.750000    4.989879   -4.239879 (VIOLATED)
_18247_/A2                              0.750000    4.989879   -4.239879 (VIOLATED)
_18255_/A2                              0.750000    4.989880   -4.239880 (VIOLATED)
_18169_/A2                              0.750000    4.989870   -4.239870 (VIOLATED)
_18178_/A2                              0.750000    4.989872   -4.239871 (VIOLATED)
_18179_/A2                              0.750000    4.989872   -4.239871 (VIOLATED)
_18184_/A2                              0.750000    4.989872   -4.239871 (VIOLATED)
_18191_/A2                              0.750000    4.989873   -4.239873 (VIOLATED)
_18199_/A2                              0.750000    4.989874   -4.239874 (VIOLATED)
_18286_/A2                              0.750000    4.989870   -4.239870 (VIOLATED)
_18287_/A2                              0.750000    4.989871   -4.239871 (VIOLATED)
_18289_/A2                              0.750000    4.989870   -4.239870 (VIOLATED)
_18291_/A2                              0.750000    4.989869   -4.239869 (VIOLATED)
_18192_/A2                              0.750000    4.989863   -4.239863 (VIOLATED)
_18290_/A2                              0.750000    4.989865   -4.239864 (VIOLATED)
_18292_/A2                              0.750000    4.989866   -4.239866 (VIOLATED)
_18188_/A2                              0.750000    4.989854   -4.239854 (VIOLATED)
_18196_/A2                              0.750000    4.989857   -4.239857 (VIOLATED)
_18209_/A2                              0.750000    4.989858   -4.239858 (VIOLATED)
_18214_/A2                              0.750000    4.989858   -4.239858 (VIOLATED)
_18217_/A2                              0.750000    4.989859   -4.239859 (VIOLATED)
_18222_/A2                              0.750000    4.989858   -4.239858 (VIOLATED)
_18225_/A2                              0.750000    4.989859   -4.239859 (VIOLATED)
_18230_/A2                              0.750000    4.989858   -4.239858 (VIOLATED)
_18233_/A2                              0.750000    4.989859   -4.239859 (VIOLATED)
_18238_/A2                              0.750000    4.989856   -4.239856 (VIOLATED)
_18241_/A2                              0.750000    4.989859   -4.239859 (VIOLATED)
_18249_/A2                              0.750000    4.989858   -4.239858 (VIOLATED)
_18265_/A2                              0.750000    4.989856   -4.239856 (VIOLATED)
_18171_/A2                              0.750000    4.989850   -4.239850 (VIOLATED)
_18180_/A2                              0.750000    4.989850   -4.239850 (VIOLATED)
_18246_/A2                              0.750000    4.989853   -4.239853 (VIOLATED)
_18257_/A2                              0.750000    4.989857   -4.239857 (VIOLATED)
_18204_/A2                              0.750000    4.989847   -4.239847 (VIOLATED)
_18254_/A2                              0.750000    4.989851   -4.239851 (VIOLATED)
_18212_/A2                              0.750000    4.989846   -4.239846 (VIOLATED)
_18220_/A2                              0.750000    4.989850   -4.239850 (VIOLATED)
_18262_/A2                              0.750000    4.989851   -4.239851 (VIOLATED)
_18266_/A2                              0.750000    4.989845   -4.239845 (VIOLATED)
_18159_/A2                              0.750000    4.989838   -4.239838 (VIOLATED)
_18165_/A2                              0.750000    4.989838   -4.239838 (VIOLATED)
_18174_/A2                              0.750000    4.989839   -4.239839 (VIOLATED)
_18177_/A2                              0.750000    4.989840   -4.239839 (VIOLATED)
_18182_/A2                              0.750000    4.989840   -4.239840 (VIOLATED)
_18186_/A2                              0.750000    4.989840   -4.239839 (VIOLATED)
_18187_/A2                              0.750000    4.989841   -4.239841 (VIOLATED)
_18190_/A2                              0.750000    4.989841   -4.239841 (VIOLATED)
_18194_/A2                              0.750000    4.989840   -4.239840 (VIOLATED)
_18195_/A2                              0.750000    4.989841   -4.239841 (VIOLATED)
_18203_/A2                              0.750000    4.989841   -4.239841 (VIOLATED)
_18211_/A2                              0.750000    4.989841   -4.239841 (VIOLATED)
_18219_/A2                              0.750000    4.989841   -4.239841 (VIOLATED)
_18224_/A2                              0.750000    4.989844   -4.239844 (VIOLATED)
_18242_/A2                              0.750000    4.989845   -4.239845 (VIOLATED)
_18250_/A2                              0.750000    4.989845   -4.239845 (VIOLATED)
_18258_/A2                              0.750000    4.989845   -4.239845 (VIOLATED)
_18200_/A2                              0.750000    4.989837   -4.239837 (VIOLATED)
_18232_/A2                              0.750000    4.989840   -4.239840 (VIOLATED)
_18240_/A2                              0.750000    4.989837   -4.239837 (VIOLATED)
_18248_/A2                              0.750000    4.989837   -4.239837 (VIOLATED)
_18256_/A2                              0.750000    4.989836   -4.239836 (VIOLATED)
_18234_/A2                              0.750000    4.989831   -4.239831 (VIOLATED)
_18264_/A2                              0.750000    4.989833   -4.239832 (VIOLATED)
_18193_/A2                              0.750000    4.989826   -4.239826 (VIOLATED)
_18198_/A2                              0.750000    4.989827   -4.239827 (VIOLATED)
_18201_/A2                              0.750000    4.989828   -4.239828 (VIOLATED)
_18202_/A2                              0.750000    4.989830   -4.239830 (VIOLATED)
_18206_/A2                              0.750000    4.989827   -4.239827 (VIOLATED)
_18208_/A2                              0.750000    4.989830   -4.239830 (VIOLATED)
_18210_/A2                              0.750000    4.989830   -4.239830 (VIOLATED)
_18218_/A2                              0.750000    4.989830   -4.239830 (VIOLATED)
_18226_/A2                              0.750000    4.989831   -4.239831 (VIOLATED)
_18185_/A2                              0.750000    4.989820   -4.239820 (VIOLATED)
_18216_/A2                              0.750000    4.989823   -4.239823 (VIOLATED)
_18227_/A2                              0.750000    4.989827   -4.239827 (VIOLATED)
_18235_/A2                              0.750000    4.989827   -4.239827 (VIOLATED)
_18243_/A2                              0.750000    4.989827   -4.239826 (VIOLATED)
_18251_/A2                              0.750000    4.989827   -4.239827 (VIOLATED)
_18259_/A2                              0.750000    4.989823   -4.239823 (VIOLATED)
_18267_/A2                              0.750000    4.989823   -4.239823 (VIOLATED)
_18228_/A2                              0.750000    4.989813   -4.239813 (VIOLATED)
_18236_/A2                              0.750000    4.989813   -4.239813 (VIOLATED)
_18244_/A2                              0.750000    4.989813   -4.239813 (VIOLATED)
_18252_/A2                              0.750000    4.989813   -4.239813 (VIOLATED)
_18260_/A2                              0.750000    4.989816   -4.239816 (VIOLATED)
_18268_/A2                              0.750000    4.989815   -4.239815 (VIOLATED)
_18725_/B                               0.750000    4.989801   -4.239801 (VIOLATED)
_18155_/Y                               0.750000    4.989796   -4.239796 (VIOLATED)
_18197_/A2                              0.750000    4.989796   -4.239796 (VIOLATED)
_18205_/A2                              0.750000    4.989796   -4.239796 (VIOLATED)
_18213_/A2                              0.750000    4.989796   -4.239796 (VIOLATED)
_18221_/A2                              0.750000    4.989796   -4.239796 (VIOLATED)
_18229_/A2                              0.750000    4.989796   -4.239796 (VIOLATED)
_18237_/A2                              0.750000    4.989796   -4.239796 (VIOLATED)
_18245_/A2                              0.750000    4.989796   -4.239796 (VIOLATED)
_18253_/A2                              0.750000    4.989796   -4.239796 (VIOLATED)
_18261_/A2                              0.750000    4.989796   -4.239796 (VIOLATED)
_18733_/A3                              0.750000    4.989796   -4.239796 (VIOLATED)
_17490_/S                               0.750000    4.979959   -4.229958 (VIOLATED)
_18092_/B1                              0.750000    4.979958   -4.229958 (VIOLATED)
_17481_/S                               0.750000    4.979953   -4.229953 (VIOLATED)
_17865_/B1                              0.750000    4.979956   -4.229956 (VIOLATED)
_17883_/B1                              0.750000    4.979959   -4.229958 (VIOLATED)
_18127_/B1                              0.750000    4.979957   -4.229957 (VIOLATED)
_17868_/B1                              0.750000    4.979950   -4.229950 (VIOLATED)
_18120_/B1                              0.750000    4.979948   -4.229948 (VIOLATED)
_18124_/B1                              0.750000    4.979950   -4.229950 (VIOLATED)
_18129_/B1                              0.750000    4.979951   -4.229951 (VIOLATED)
_17855_/B1                              0.750000    4.979942   -4.229942 (VIOLATED)
_17876_/B1                              0.750000    4.979942   -4.229942 (VIOLATED)
_18095_/B1                              0.750000    4.979943   -4.229943 (VIOLATED)
_17838_/S                               0.750000    4.979935   -4.229935 (VIOLATED)
_17841_/S                               0.750000    4.979934   -4.229934 (VIOLATED)
_17862_/B1                              0.750000    4.979937   -4.229937 (VIOLATED)
_17484_/S                               0.750000    4.979930   -4.229930 (VIOLATED)
_17496_/S                               0.750000    4.979928   -4.229928 (VIOLATED)
_17878_/B1                              0.750000    4.979930   -4.229930 (VIOLATED)
_17886_/B1                              0.750000    4.979928   -4.229928 (VIOLATED)
_17813_/S                               0.750000    4.979923   -4.229923 (VIOLATED)
_17831_/S                               0.750000    4.979927   -4.229926 (VIOLATED)
_17816_/S                               0.750000    4.979892   -4.229892 (VIOLATED)
_17844_/S                               0.750000    4.979845   -4.229845 (VIOLATED)
_17847_/S                               0.750000    4.979825   -4.229825 (VIOLATED)
_17852_/B1                              0.750000    4.979826   -4.229826 (VIOLATED)
_18118_/B1                              0.750000    4.979826   -4.229826 (VIOLATED)
_17828_/S                               0.750000    4.979795   -4.229795 (VIOLATED)
_17808_/B                               0.750000    4.979766   -4.229766 (VIOLATED)
_17833_/B                               0.750000    4.979766   -4.229766 (VIOLATED)
_18086_/B1                              0.750000    4.979739   -4.229738 (VIOLATED)
_17487_/S                               0.750000    4.979732   -4.229732 (VIOLATED)
_17858_/B                               0.750000    4.979729   -4.229729 (VIOLATED)
_17881_/B1                              0.750000    4.979732   -4.229732 (VIOLATED)
_17871_/B1                              0.750000    4.979726   -4.229726 (VIOLATED)
_17912_/B1                              0.750000    4.979727   -4.229727 (VIOLATED)
_18122_/B1                              0.750000    4.979726   -4.229725 (VIOLATED)
_18131_/B1                              0.750000    4.979727   -4.229727 (VIOLATED)
_18090_/B1                              0.750000    4.979719   -4.229719 (VIOLATED)
_18102_/B1                              0.750000    4.979721   -4.229721 (VIOLATED)
_17478_/S                               0.750000    4.979709   -4.229709 (VIOLATED)
_17825_/S                               0.750000    4.979711   -4.229711 (VIOLATED)
_17850_/S                               0.750000    4.979710   -4.229710 (VIOLATED)
_17906_/B1                              0.750000    4.979710   -4.229710 (VIOLATED)
_18085_/B1                              0.750000    4.979708   -4.229708 (VIOLATED)
_18101_/B1                              0.750000    4.979709   -4.229709 (VIOLATED)
_18117_/B1                              0.750000    4.979708   -4.229708 (VIOLATED)
_17875_/B1                              0.750000    4.979703   -4.229703 (VIOLATED)
_17800_/S                               0.750000    4.979694   -4.229694 (VIOLATED)
_17493_/S                               0.750000    4.979688   -4.229688 (VIOLATED)
_17552_/S                               0.750000    4.979689   -4.229689 (VIOLATED)
_17803_/S                               0.750000    4.979688   -4.229687 (VIOLATED)
_17806_/S                               0.750000    4.979688   -4.229688 (VIOLATED)
_17819_/S                               0.750000    4.979681   -4.229681 (VIOLATED)
_18088_/B1                              0.750000    4.979685   -4.229685 (VIOLATED)
_18104_/B1                              0.750000    4.979681   -4.229681 (VIOLATED)
_18096_/B1                              0.750000    4.979676   -4.229676 (VIOLATED)
_17890_/B1                              0.750000    4.979663   -4.229663 (VIOLATED)
_18109_/B1                              0.750000    4.979661   -4.229661 (VIOLATED)
_17527_/S                               0.750000    4.979656   -4.229656 (VIOLATED)
_18112_/B1                              0.750000    4.979648   -4.229648 (VIOLATED)
_17502_/S                               0.750000    4.979625   -4.229625 (VIOLATED)
_17781_/S                               0.750000    4.979599   -4.229599 (VIOLATED)
_18072_/B1                              0.750000    4.979599   -4.229599 (VIOLATED)
_18110_/B1                              0.750000    4.979597   -4.229597 (VIOLATED)
_18107_/B1                              0.750000    4.979578   -4.229578 (VIOLATED)
_17822_/S                               0.750000    4.979541   -4.229541 (VIOLATED)
_18098_/B1                              0.750000    4.979542   -4.229542 (VIOLATED)
_17511_/S                               0.750000    4.979446   -4.229446 (VIOLATED)
_17536_/S                               0.750000    4.979444   -4.229444 (VIOLATED)
_17897_/B1                              0.750000    4.979446   -4.229446 (VIOLATED)
_17561_/S                               0.750000    4.979440   -4.229440 (VIOLATED)
_17499_/S                               0.750000    4.979337   -4.229337 (VIOLATED)
_17889_/B1                              0.750000    4.979337   -4.229337 (VIOLATED)
_18114_/B1                              0.750000    4.979325   -4.229325 (VIOLATED)
_17547_/C                               0.750000    4.979241   -4.229241 (VIOLATED)
_17920_/B1                              0.750000    4.979244   -4.229244 (VIOLATED)
_17987_/B1                              0.750000    4.979141   -4.229141 (VIOLATED)
_17520_/S                               0.750000    4.978991   -4.228991 (VIOLATED)
_17573_/S                               0.750000    4.978989   -4.228989 (VIOLATED)
_17903_/B1                              0.750000    4.978991   -4.228991 (VIOLATED)
_17971_/B1                              0.750000    4.978993   -4.228993 (VIOLATED)
_17585_/S                               0.750000    4.978983   -4.228982 (VIOLATED)
_17597_/S                               0.750000    4.978985   -4.228985 (VIOLATED)
_17621_/S                               0.750000    4.978977   -4.228977 (VIOLATED)
_17953_/B1                              0.750000    4.978966   -4.228966 (VIOLATED)
_17522_/C                               0.750000    4.978957   -4.228957 (VIOLATED)
_17904_/B1                              0.750000    4.978958   -4.228958 (VIOLATED)
_17945_/B1                              0.750000    4.978955   -4.228955 (VIOLATED)
_18050_/B1                              0.750000    4.978883   -4.228883 (VIOLATED)
_17609_/S                               0.750000    4.978860   -4.228860 (VIOLATED)
_17717_/S                               0.750000    4.978776   -4.228775 (VIOLATED)
_18035_/B1                              0.750000    4.978763   -4.228763 (VIOLATED)
_17505_/S                               0.750000    4.978701   -4.228701 (VIOLATED)
_17744_/S                               0.750000    4.978676   -4.228676 (VIOLATED)
_17797_/S                               0.750000    4.978653   -4.228653 (VIOLATED)
_17645_/S                               0.750000    4.978556   -4.228556 (VIOLATED)
_17702_/S                               0.750000    4.978540   -4.228540 (VIOLATED)
_17727_/S                               0.750000    4.978544   -4.228544 (VIOLATED)
_18024_/B1                              0.750000    4.978539   -4.228539 (VIOLATED)
_18040_/B1                              0.750000    4.978541   -4.228541 (VIOLATED)
_18057_/B1                              0.750000    4.978544   -4.228544 (VIOLATED)
_17910_/B1                              0.750000    4.978535   -4.228535 (VIOLATED)
_17894_/B1                              0.750000    4.978530   -4.228530 (VIOLATED)
_17977_/B1                              0.750000    4.978532   -4.228532 (VIOLATED)
_17960_/B1                              0.750000    4.978527   -4.228527 (VIOLATED)
_18009_/B1                              0.750000    4.978529   -4.228529 (VIOLATED)
_17943_/B1                              0.750000    4.978518   -4.228518 (VIOLATED)
_17508_/S                               0.750000    4.978511   -4.228511 (VIOLATED)
_17582_/S                               0.750000    4.978513   -4.228513 (VIOLATED)
_17558_/S                               0.750000    4.978509   -4.228509 (VIOLATED)
_17606_/S                               0.750000    4.978511   -4.228510 (VIOLATED)
_17533_/S                               0.750000    4.978504   -4.228504 (VIOLATED)
_17927_/B1                              0.750000    4.978507   -4.228507 (VIOLATED)
_17992_/B1                              0.750000    4.978502   -4.228502 (VIOLATED)
_17693_/S                               0.750000    4.978493   -4.228493 (VIOLATED)
_17918_/B1                              0.750000    4.978483   -4.228483 (VIOLATED)
_17654_/S                               0.750000    4.978471   -4.228471 (VIOLATED)
_17576_/S                               0.750000    4.978453   -4.228452 (VIOLATED)
_17630_/S                               0.750000    4.978453   -4.228452 (VIOLATED)
_18018_/B1                              0.750000    4.978452   -4.228451 (VIOLATED)
_17545_/S                               0.750000    4.978445   -4.228445 (VIOLATED)
_17567_/S                               0.750000    4.978428   -4.228428 (VIOLATED)
_17618_/S                               0.750000    4.978432   -4.228432 (VIOLATED)
_17754_/S                               0.750000    4.978429   -4.228429 (VIOLATED)
_17916_/B2                              0.750000    4.978428   -4.228428 (VIOLATED)
_17542_/S                               0.750000    4.978424   -4.228424 (VIOLATED)
_17570_/S                               0.750000    4.978427   -4.228427 (VIOLATED)
_17530_/S                               0.750000    4.978407   -4.228407 (VIOLATED)
_17909_/B1                              0.750000    4.978390   -4.228390 (VIOLATED)
_17517_/S                               0.750000    4.978365   -4.228365 (VIOLATED)
_18032_/B1                              0.750000    4.978356   -4.228355 (VIOLATED)
_18066_/B1                              0.750000    4.978355   -4.228354 (VIOLATED)
_18083_/B1                              0.750000    4.978355   -4.228355 (VIOLATED)
_17892_/B1                              0.750000    4.978345   -4.228345 (VIOLATED)
_17555_/S                               0.750000    4.978328   -4.228328 (VIOLATED)
_17594_/S                               0.750000    4.978332   -4.228332 (VIOLATED)
_17678_/S                               0.750000    4.978330   -4.228330 (VIOLATED)
_17952_/B1                              0.750000    4.978331   -4.228331 (VIOLATED)
_17969_/B1                              0.750000    4.978332   -4.228332 (VIOLATED)
_17669_/S                               0.750000    4.978319   -4.228319 (VIOLATED)
_17714_/S                               0.750000    4.978317   -4.228317 (VIOLATED)
_17937_/B1                              0.750000    4.978319   -4.228319 (VIOLATED)
_18002_/B1                              0.750000    4.978318   -4.228318 (VIOLATED)
_17771_/S                               0.750000    4.978312   -4.228312 (VIOLATED)
_17514_/S                               0.750000    4.978295   -4.228295 (VIOLATED)
_17898_/B1                              0.750000    4.978294   -4.228294 (VIOLATED)
_17741_/S                               0.750000    4.978271   -4.228271 (VIOLATED)
_17915_/B1                              0.750000    4.978271   -4.228271 (VIOLATED)
_18049_/B1                              0.750000    4.978271   -4.228271 (VIOLATED)
_17600_/S                               0.750000    4.978252   -4.228252 (VIOLATED)
_17696_/S                               0.750000    4.978252   -4.228251 (VIOLATED)
_17720_/S                               0.750000    4.978252   -4.228251 (VIOLATED)
_17539_/S                               0.750000    4.978246   -4.228246 (VIOLATED)
_17774_/S                               0.750000    4.978251   -4.228251 (VIOLATED)
_17955_/B1                              0.750000    4.978251   -4.228251 (VIOLATED)
_17972_/B1                              0.750000    4.978244   -4.228244 (VIOLATED)
_18021_/B1                              0.750000    4.978248   -4.228248 (VIOLATED)
_18036_/B1                              0.750000    4.978250   -4.228250 (VIOLATED)
_18052_/B1                              0.750000    4.978251   -4.228251 (VIOLATED)
_18069_/B1                              0.750000    4.978242   -4.228242 (VIOLATED)
_17794_/S                               0.750000    4.978238   -4.228238 (VIOLATED)
_18004_/B1                              0.750000    4.978237   -4.228237 (VIOLATED)
_17938_/B1                              0.750000    4.978224   -4.228224 (VIOLATED)
_17564_/S                               0.750000    4.978216   -4.228216 (VIOLATED)
_17624_/S                               0.750000    4.978219   -4.228219 (VIOLATED)
_17922_/B1                              0.750000    4.978214   -4.228214 (VIOLATED)
_17989_/B1                              0.750000    4.978215   -4.228215 (VIOLATED)
_17648_/S                               0.750000    4.978206   -4.228206 (VIOLATED)
_17672_/S                               0.750000    4.978209   -4.228209 (VIOLATED)
_17603_/S                               0.750000    4.978190   -4.228190 (VIOLATED)
_17747_/S                               0.750000    4.978188   -4.228188 (VIOLATED)
_17928_/B1                              0.750000    4.978191   -4.228191 (VIOLATED)
_17579_/S                               0.750000    4.978179   -4.228179 (VIOLATED)
_17642_/S                               0.750000    4.978176   -4.228176 (VIOLATED)
_17935_/B1                              0.750000    4.978180   -4.228180 (VIOLATED)
_17962_/B1                              0.750000    4.978178   -4.228178 (VIOLATED)
_17985_/B1                              0.750000    4.978178   -4.228178 (VIOLATED)
_17941_/B1                              0.750000    4.978166   -4.228166 (VIOLATED)
_17690_/S                               0.750000    4.978144   -4.228144 (VIOLATED)
_17588_/S                               0.750000    4.978124   -4.228124 (VIOLATED)
_17705_/S                               0.750000    4.978127   -4.228127 (VIOLATED)
_18016_/B1                              0.750000    4.978114   -4.228114 (VIOLATED)
_18080_/B1                              0.750000    4.978118   -4.228118 (VIOLATED)
_17930_/B1                              0.750000    4.978106   -4.228106 (VIOLATED)
_17591_/S                               0.750000    4.978076   -4.228076 (VIOLATED)
_17666_/S                               0.750000    4.978077   -4.228077 (VIOLATED)
_17783_/B                               0.750000    4.978080   -4.228080 (VIOLATED)
_17924_/B1                              0.750000    4.978076   -4.228076 (VIOLATED)
_18000_/B1                              0.750000    4.978077   -4.228077 (VIOLATED)
_18026_/B1                              0.750000    4.978079   -4.228079 (VIOLATED)
_18074_/B1                              0.750000    4.978080   -4.228080 (VIOLATED)
_17615_/S                               0.750000    4.978045   -4.228045 (VIOLATED)
_17612_/S                               0.750000    4.978023   -4.228023 (VIOLATED)
_17708_/S                               0.750000    4.978023   -4.228023 (VIOLATED)
_17966_/B2                              0.750000    4.978016   -4.228016 (VIOLATED)
_17729_/B                               0.750000    4.978006   -4.228005 (VIOLATED)
_17738_/S                               0.750000    4.977981   -4.227981 (VIOLATED)
_18010_/B1                              0.750000    4.977968   -4.227968 (VIOLATED)
_18042_/B1                              0.750000    4.977956   -4.227956 (VIOLATED)
_17768_/S                               0.750000    4.977942   -4.227942 (VIOLATED)
_17791_/S                               0.750000    4.977942   -4.227942 (VIOLATED)
_18064_/B1                              0.750000    4.977942   -4.227942 (VIOLATED)
_17711_/S                               0.750000    4.977922   -4.227921 (VIOLATED)
_18046_/B1                              0.750000    4.977921   -4.227921 (VIOLATED)
_18079_/B1                              0.750000    4.977917   -4.227917 (VIOLATED)
_17978_/B1                              0.750000    4.977900   -4.227900 (VIOLATED)
_17633_/S                               0.750000    4.977801   -4.227801 (VIOLATED)
_17657_/S                               0.750000    4.977728   -4.227728 (VIOLATED)
_17994_/B1                              0.750000    4.977703   -4.227703 (VIOLATED)
_17639_/S                               0.750000    4.977684   -4.227684 (VIOLATED)
_17687_/S                               0.750000    4.977684   -4.227684 (VIOLATED)
_17699_/S                               0.750000    4.977683   -4.227683 (VIOLATED)
_17722_/C                               0.750000    4.977681   -4.227681 (VIOLATED)
_17765_/S                               0.750000    4.977683   -4.227683 (VIOLATED)
_17949_/B2                              0.750000    4.977684   -4.227684 (VIOLATED)
_17998_/B2                              0.750000    4.977684   -4.227684 (VIOLATED)
_18014_/B1                              0.750000    4.977684   -4.227684 (VIOLATED)
_18023_/B1                              0.750000    4.977682   -4.227682 (VIOLATED)
_18028_/B2                              0.750000    4.977684   -4.227684 (VIOLATED)
_18030_/B1                              0.750000    4.977684   -4.227684 (VIOLATED)
_18063_/B1                              0.750000    4.977683   -4.227683 (VIOLATED)
_17681_/S                               0.750000    4.977675   -4.227675 (VIOLATED)
_17475_/X                               0.750000    4.977657   -4.227657 (VIOLATED)
_17627_/S                               0.750000    4.977657   -4.227657 (VIOLATED)
_17636_/S                               0.750000    4.977657   -4.227657 (VIOLATED)
_17651_/S                               0.750000    4.977657   -4.227657 (VIOLATED)
_17660_/S                               0.750000    4.977657   -4.227657 (VIOLATED)
_17663_/S                               0.750000    4.977657   -4.227657 (VIOLATED)
_17675_/S                               0.750000    4.977657   -4.227657 (VIOLATED)
_17684_/S                               0.750000    4.977657   -4.227657 (VIOLATED)
_17760_/C                               0.750000    4.977657   -4.227657 (VIOLATED)
_17776_/B1                              0.750000    4.977657   -4.227657 (VIOLATED)
_17788_/S                               0.750000    4.977657   -4.227657 (VIOLATED)
_17958_/B1                              0.750000    4.977657   -4.227657 (VIOLATED)
_17975_/B1                              0.750000    4.977657   -4.227657 (VIOLATED)
_17980_/B2                              0.750000    4.977657   -4.227657 (VIOLATED)
_17991_/B1                              0.750000    4.977657   -4.227657 (VIOLATED)
_18006_/B1                              0.750000    4.977657   -4.227657 (VIOLATED)
_18012_/B2                              0.750000    4.977657   -4.227657 (VIOLATED)
_18038_/B1                              0.750000    4.977657   -4.227657 (VIOLATED)
_18044_/B2                              0.750000    4.977657   -4.227657 (VIOLATED)
_18054_/B1                              0.750000    4.977657   -4.227657 (VIOLATED)
_18058_/B1                              0.750000    4.977657   -4.227657 (VIOLATED)
_18060_/B1                              0.750000    4.977657   -4.227657 (VIOLATED)
_18070_/B1                              0.750000    4.977657   -4.227657 (VIOLATED)
_18076_/B1                              0.750000    4.977657   -4.227657 (VIOLATED)
_18138_/A                               0.750000    4.977657   -4.227657 (VIOLATED)
_18140_/B1                              0.750000    4.977657   -4.227657 (VIOLATED)
_18387_/A2                              0.750000    4.849139   -4.099139 (VIOLATED)
_18395_/A2                              0.750000    4.849139   -4.099139 (VIOLATED)
_18403_/A2                              0.750000    4.849139   -4.099138 (VIOLATED)
_18427_/A2                              0.750000    4.849137   -4.099137 (VIOLATED)
_18430_/A2                              0.750000    4.849134   -4.099134 (VIOLATED)
_18431_/A2                              0.750000    4.849133   -4.099133 (VIOLATED)
_18435_/A2                              0.750000    4.849137   -4.099137 (VIOLATED)
_18437_/A2                              0.750000    4.849136   -4.099136 (VIOLATED)
_18438_/A2                              0.750000    4.849137   -4.099137 (VIOLATED)
_18439_/A2                              0.750000    4.849135   -4.099135 (VIOLATED)
_18304_/B1                              0.750000    4.849126   -4.099126 (VIOLATED)
_18313_/A2                              0.750000    4.849126   -4.099126 (VIOLATED)
_18321_/A2                              0.750000    4.849124   -4.099124 (VIOLATED)
_18329_/A2                              0.750000    4.849125   -4.099125 (VIOLATED)
_18425_/A2                              0.750000    4.849127   -4.099127 (VIOLATED)
_18426_/A2                              0.750000    4.849131   -4.099131 (VIOLATED)
_18429_/A2                              0.750000    4.849135   -4.099135 (VIOLATED)
_18432_/A2                              0.750000    4.849131   -4.099131 (VIOLATED)
_18434_/A2                              0.750000    4.849133   -4.099133 (VIOLATED)
_18428_/A2                              0.750000    4.849126   -4.099126 (VIOLATED)
_18433_/A2                              0.750000    4.849127   -4.099127 (VIOLATED)
_18436_/A2                              0.750000    4.849128   -4.099128 (VIOLATED)
_18440_/A2                              0.750000    4.849132   -4.099132 (VIOLATED)
_18307_/B1                              0.750000    4.849106   -4.099106 (VIOLATED)
_18316_/A2                              0.750000    4.849106   -4.099106 (VIOLATED)
_18324_/A2                              0.750000    4.849081   -4.099081 (VIOLATED)
_18332_/A2                              0.750000    4.849068   -4.099068 (VIOLATED)
_18306_/B1                              0.750000    4.849059   -4.099059 (VIOLATED)
_18340_/A2                              0.750000    4.849062   -4.099062 (VIOLATED)
_18309_/B1                              0.750000    4.849057   -4.099057 (VIOLATED)
_18310_/B1                              0.750000    4.849055   -4.099055 (VIOLATED)
_18315_/A2                              0.750000    4.849059   -4.099059 (VIOLATED)
_18318_/A2                              0.750000    4.849055   -4.099055 (VIOLATED)
_18319_/A2                              0.750000    4.849055   -4.099055 (VIOLATED)
_18323_/A2                              0.750000    4.849059   -4.099059 (VIOLATED)
_18311_/B1                              0.750000    4.849049   -4.099048 (VIOLATED)
_18320_/A2                              0.750000    4.849049   -4.099048 (VIOLATED)
_18328_/A2                              0.750000    4.849046   -4.099046 (VIOLATED)
_18336_/A2                              0.750000    4.849048   -4.099048 (VIOLATED)
_18344_/A2                              0.750000    4.849049   -4.099048 (VIOLATED)
_18354_/A2                              0.750000    4.849049   -4.099048 (VIOLATED)
_18357_/A2                              0.750000    4.849051   -4.099051 (VIOLATED)
_18362_/A2                              0.750000    4.849049   -4.099048 (VIOLATED)
_18365_/A2                              0.750000    4.849050   -4.099050 (VIOLATED)
_18370_/A2                              0.750000    4.849048   -4.099048 (VIOLATED)
_18373_/A2                              0.750000    4.849050   -4.099050 (VIOLATED)
_18397_/A2                              0.750000    4.849048   -4.099048 (VIOLATED)
_18331_/A2                              0.750000    4.849043   -4.099043 (VIOLATED)
_18339_/A2                              0.750000    4.849043   -4.099043 (VIOLATED)
_18347_/A2                              0.750000    4.849043   -4.099043 (VIOLATED)
_18355_/A2                              0.750000    4.849042   -4.099042 (VIOLATED)
_18378_/A2                              0.750000    4.849046   -4.099046 (VIOLATED)
_18379_/A2                              0.750000    4.849046   -4.099046 (VIOLATED)
_18381_/A2                              0.750000    4.849050   -4.099050 (VIOLATED)
_18389_/A2                              0.750000    4.849049   -4.099048 (VIOLATED)
_18327_/A2                              0.750000    4.849038   -4.099038 (VIOLATED)
_18358_/A2                              0.750000    4.849040   -4.099040 (VIOLATED)
_18363_/A2                              0.750000    4.849042   -4.099042 (VIOLATED)
_18366_/A2                              0.750000    4.849040   -4.099040 (VIOLATED)
_18371_/A2                              0.750000    4.849044   -4.099044 (VIOLATED)
_18374_/A2                              0.750000    4.849040   -4.099040 (VIOLATED)
_18335_/A2                              0.750000    4.849034   -4.099034 (VIOLATED)
_18343_/A2                              0.750000    4.849034   -4.099034 (VIOLATED)
_18382_/A2                              0.750000    4.849036   -4.099036 (VIOLATED)
_18386_/A2                              0.750000    4.849035   -4.099035 (VIOLATED)
_18394_/A2                              0.750000    4.849034   -4.099034 (VIOLATED)
_18364_/A2                              0.750000    4.849030   -4.099030 (VIOLATED)
_18402_/A2                              0.750000    4.849033   -4.099033 (VIOLATED)
_18405_/A2                              0.750000    4.849035   -4.099035 (VIOLATED)
_18334_/A2                              0.750000    4.849024   -4.099024 (VIOLATED)
_18342_/A2                              0.750000    4.849025   -4.099025 (VIOLATED)
_18372_/A2                              0.750000    4.849029   -4.099029 (VIOLATED)
_18380_/A2                              0.750000    4.849028   -4.099028 (VIOLATED)
_18388_/A2                              0.750000    4.849027   -4.099027 (VIOLATED)
_18390_/A2                              0.750000    4.849028   -4.099028 (VIOLATED)
_18396_/A2                              0.750000    4.849026   -4.099026 (VIOLATED)
_18398_/A2                              0.750000    4.849024   -4.099024 (VIOLATED)
_18404_/A2                              0.750000    4.849026   -4.099026 (VIOLATED)
_18326_/A2                              0.750000    4.849020   -4.099020 (VIOLATED)
_18406_/A2                              0.750000    4.849019   -4.099019 (VIOLATED)
_18308_/B1                              0.750000    4.849014   -4.099014 (VIOLATED)
_18317_/A2                              0.750000    4.849017   -4.099017 (VIOLATED)
_18348_/A2                              0.750000    4.849013   -4.099013 (VIOLATED)
_18305_/B1                              0.750000    4.849004   -4.099003 (VIOLATED)
_18314_/A2                              0.750000    4.849004   -4.099003 (VIOLATED)
_18322_/A2                              0.750000    4.849006   -4.099006 (VIOLATED)
_18330_/A2                              0.750000    4.849007   -4.099007 (VIOLATED)
_18351_/A2                              0.750000    4.849008   -4.099008 (VIOLATED)
_18352_/A2                              0.750000    4.849011   -4.099011 (VIOLATED)
_18356_/A2                              0.750000    4.849005   -4.099005 (VIOLATED)
_18359_/A2                              0.750000    4.849008   -4.099008 (VIOLATED)
_18360_/A2                              0.750000    4.848997   -4.098996 (VIOLATED)
_18391_/A2                              0.750000    4.848993   -4.098993 (VIOLATED)
_18399_/A2                              0.750000    4.848994   -4.098994 (VIOLATED)
_18407_/A2                              0.750000    4.848988   -4.098988 (VIOLATED)
_18341_/A2                              0.750000    4.848981   -4.098981 (VIOLATED)
_18349_/A2                              0.750000    4.848981   -4.098981 (VIOLATED)
_18350_/A2                              0.750000    4.848981   -4.098981 (VIOLATED)
_18338_/A2                              0.750000    4.848976   -4.098976 (VIOLATED)
_18346_/A2                              0.750000    4.848977   -4.098977 (VIOLATED)
_18367_/A2                              0.750000    4.848978   -4.098978 (VIOLATED)
_18375_/A2                              0.750000    4.848978   -4.098978 (VIOLATED)
_18383_/A2                              0.750000    4.848979   -4.098979 (VIOLATED)
_18333_/A2                              0.750000    4.848971   -4.098971 (VIOLATED)
_18325_/A2                              0.750000    4.848967   -4.098967 (VIOLATED)
_18368_/A2                              0.750000    4.848968   -4.098968 (VIOLATED)
_18376_/A2                              0.750000    4.848961   -4.098961 (VIOLATED)
_18392_/A2                              0.750000    4.848965   -4.098964 (VIOLATED)
_18400_/A2                              0.750000    4.848965   -4.098964 (VIOLATED)
_18408_/A2                              0.750000    4.848965   -4.098964 (VIOLATED)
_18384_/A2                              0.750000    4.848951   -4.098951 (VIOLATED)
_18337_/A2                              0.750000    4.848887   -4.098886 (VIOLATED)
_18345_/A2                              0.750000    4.848884   -4.098884 (VIOLATED)
_18303_/Y                               0.750000    4.848872   -4.098872 (VIOLATED)
_18353_/A2                              0.750000    4.848872   -4.098872 (VIOLATED)
_18361_/A2                              0.750000    4.848872   -4.098872 (VIOLATED)
_18369_/A2                              0.750000    4.848872   -4.098872 (VIOLATED)
_18377_/A2                              0.750000    4.848872   -4.098872 (VIOLATED)
_18385_/A2                              0.750000    4.848872   -4.098872 (VIOLATED)
_18393_/A2                              0.750000    4.848872   -4.098872 (VIOLATED)
_18401_/A2                              0.750000    4.848872   -4.098872 (VIOLATED)
_18173_/B1                              0.750000    4.655070   -3.905070 (VIOLATED)
_18181_/B1                              0.750000    4.655070   -3.905070 (VIOLATED)
_18189_/B1                              0.750000    4.655069   -3.905069 (VIOLATED)
_18209_/B1                              0.750000    4.655070   -3.905070 (VIOLATED)
_18214_/B1                              0.750000    4.655071   -3.905071 (VIOLATED)
_18217_/B1                              0.750000    4.655073   -3.905073 (VIOLATED)
_18222_/B1                              0.750000    4.655071   -3.905071 (VIOLATED)
_18225_/B1                              0.750000    4.655073   -3.905073 (VIOLATED)
_18230_/B1                              0.750000    4.655071   -3.905071 (VIOLATED)
_18233_/B1                              0.750000    4.655073   -3.905072 (VIOLATED)
_18238_/B1                              0.750000    4.655068   -3.905068 (VIOLATED)
_18241_/B1                              0.750000    4.655072   -3.905072 (VIOLATED)
_18249_/B1                              0.750000    4.655071   -3.905071 (VIOLATED)
_18270_/A2                              0.750000    4.655070   -3.905070 (VIOLATED)
_18293_/B1                              0.750000    4.655070   -3.905070 (VIOLATED)
_18239_/B1                              0.750000    4.655064   -3.905064 (VIOLATED)
_18263_/B1                              0.750000    4.655066   -3.905066 (VIOLATED)
_18265_/B1                              0.750000    4.655068   -3.905068 (VIOLATED)
_18294_/B1                              0.750000    4.655069   -3.905069 (VIOLATED)
_18295_/B1                              0.750000    4.655072   -3.905071 (VIOLATED)
_18297_/B1                              0.750000    4.655071   -3.905071 (VIOLATED)
_18298_/B1                              0.750000    4.655071   -3.905071 (VIOLATED)
_18296_/B1                              0.750000    4.655066   -3.905066 (VIOLATED)
_18299_/B1                              0.750000    4.655070   -3.905070 (VIOLATED)
_18300_/B1                              0.750000    4.655068   -3.905068 (VIOLATED)
_18175_/B1                              0.750000    4.655060   -3.905060 (VIOLATED)
_18183_/B1                              0.750000    4.655062   -3.905062 (VIOLATED)
_18176_/B1                              0.750000    4.655058   -3.905058 (VIOLATED)
_18207_/B1                              0.750000    4.655060   -3.905060 (VIOLATED)
_18215_/B1                              0.750000    4.655060   -3.905060 (VIOLATED)
_18223_/B1                              0.750000    4.655060   -3.905060 (VIOLATED)
_18231_/B1                              0.750000    4.655060   -3.905060 (VIOLATED)
_18246_/B1                              0.750000    4.655064   -3.905063 (VIOLATED)
_18247_/B1                              0.750000    4.655065   -3.905065 (VIOLATED)
_18255_/B1                              0.750000    4.655066   -3.905066 (VIOLATED)
_18257_/B1                              0.750000    4.655069   -3.905069 (VIOLATED)
_18254_/B1                              0.750000    4.655060   -3.905060 (VIOLATED)
_18178_/B1                              0.750000    4.655056   -3.905056 (VIOLATED)
_18262_/B1                              0.750000    4.655059   -3.905059 (VIOLATED)
_18179_/B1                              0.750000    4.655054   -3.905054 (VIOLATED)
_18191_/B1                              0.750000    4.655057   -3.905057 (VIOLATED)
_18199_/B1                              0.750000    4.655059   -3.905059 (VIOLATED)
_18276_/A2                              0.750000    4.655057   -3.905057 (VIOLATED)
_18184_/B1                              0.750000    4.655051   -3.905051 (VIOLATED)
_18224_/B1                              0.750000    4.655048   -3.905048 (VIOLATED)
_18242_/B1                              0.750000    4.655050   -3.905050 (VIOLATED)
_18250_/B1                              0.750000    4.655050   -3.905050 (VIOLATED)
_18258_/B1                              0.750000    4.655050   -3.905050 (VIOLATED)
_18266_/B1                              0.750000    4.655049   -3.905049 (VIOLATED)
_18272_/A2                              0.750000    4.655052   -3.905052 (VIOLATED)
_18274_/A2                              0.750000    4.655049   -3.905049 (VIOLATED)
_18278_/A2                              0.750000    4.655049   -3.905049 (VIOLATED)
_18192_/B1                              0.750000    4.655043   -3.905043 (VIOLATED)
_18232_/B1                              0.750000    4.655042   -3.905042 (VIOLATED)
_18280_/A2                              0.750000    4.655044   -3.905044 (VIOLATED)
_18282_/A2                              0.750000    4.655047   -3.905047 (VIOLATED)
_18284_/A2                              0.750000    4.655045   -3.905045 (VIOLATED)
_18188_/B1                              0.750000    4.655034   -3.905033 (VIOLATED)
_18196_/B1                              0.750000    4.655036   -3.905036 (VIOLATED)
_18240_/B1                              0.750000    4.655037   -3.905037 (VIOLATED)
_18248_/B1                              0.750000    4.655036   -3.905036 (VIOLATED)
_18256_/B1                              0.750000    4.655035   -3.905035 (VIOLATED)
_18194_/B1                              0.750000    4.655029   -3.905029 (VIOLATED)
_18195_/B1                              0.750000    4.655031   -3.905031 (VIOLATED)
_18264_/B1                              0.750000    4.655030   -3.905030 (VIOLATED)
_18180_/B1                              0.750000    4.655025   -3.905025 (VIOLATED)
_18186_/B1                              0.750000    4.655028   -3.905028 (VIOLATED)
_18187_/B1                              0.750000    4.655031   -3.905031 (VIOLATED)
_18204_/B1                              0.750000    4.655025   -3.905025 (VIOLATED)
_18220_/B1                              0.750000    4.655027   -3.905027 (VIOLATED)
_18202_/B1                              0.750000    4.655019   -3.905019 (VIOLATED)
_18210_/B1                              0.750000    4.655019   -3.905019 (VIOLATED)
_18212_/B1                              0.750000    4.655023   -3.905023 (VIOLATED)
_18218_/B1                              0.750000    4.655020   -3.905020 (VIOLATED)
_18226_/B1                              0.750000    4.655021   -3.905020 (VIOLATED)
_18234_/B1                              0.750000    4.655021   -3.905021 (VIOLATED)
_18193_/B1                              0.750000    4.655011   -3.905011 (VIOLATED)
_18198_/B1                              0.750000    4.655014   -3.905014 (VIOLATED)
_18201_/B1                              0.750000    4.655015   -3.905015 (VIOLATED)
_18206_/B1                              0.750000    4.655014   -3.905014 (VIOLATED)
_18200_/B1                              0.750000    4.655009   -3.905009 (VIOLATED)
_18216_/B1                              0.750000    4.655013   -3.905012 (VIOLATED)
_18227_/B1                              0.750000    4.655015   -3.905014 (VIOLATED)
_18235_/B1                              0.750000    4.655015   -3.905014 (VIOLATED)
_18243_/B1                              0.750000    4.655013   -3.905013 (VIOLATED)
_18251_/B1                              0.750000    4.655014   -3.905013 (VIOLATED)
_18259_/B1                              0.750000    4.655013   -3.905013 (VIOLATED)
_18267_/B1                              0.750000    4.655013   -3.905012 (VIOLATED)
_18174_/B1                              0.750000    4.655004   -3.905004 (VIOLATED)
_18203_/B1                              0.750000    4.655007   -3.905007 (VIOLATED)
_18177_/B1                              0.750000    4.655003   -3.905003 (VIOLATED)
_18182_/B1                              0.750000    4.655005   -3.905005 (VIOLATED)
_18211_/B1                              0.750000    4.655007   -3.905007 (VIOLATED)
_18219_/B1                              0.750000    4.655007   -3.905007 (VIOLATED)
_18185_/B1                              0.750000    4.655003   -3.905003 (VIOLATED)
_18190_/B1                              0.750000    4.655006   -3.905006 (VIOLATED)
_18260_/B1                              0.750000    4.654999   -3.904999 (VIOLATED)
_18268_/B1                              0.750000    4.654998   -3.904998 (VIOLATED)
_18208_/B1                              0.750000    4.654993   -3.904992 (VIOLATED)
_18228_/B1                              0.750000    4.654992   -3.904992 (VIOLATED)
_18236_/B1                              0.750000    4.654990   -3.904990 (VIOLATED)
_18244_/B1                              0.750000    4.654978   -3.904978 (VIOLATED)
_18252_/B1                              0.750000    4.654970   -3.904970 (VIOLATED)
_18172_/Y                               0.750000    4.654927   -3.904927 (VIOLATED)
_18197_/B1                              0.750000    4.654927   -3.904927 (VIOLATED)
_18205_/B1                              0.750000    4.654927   -3.904927 (VIOLATED)
_18213_/B1                              0.750000    4.654927   -3.904927 (VIOLATED)
_18221_/B1                              0.750000    4.654927   -3.904927 (VIOLATED)
_18229_/B1                              0.750000    4.654927   -3.904927 (VIOLATED)
_18237_/B1                              0.750000    4.654927   -3.904927 (VIOLATED)
_18245_/B1                              0.750000    4.654927   -3.904927 (VIOLATED)
_18253_/B1                              0.750000    4.654927   -3.904927 (VIOLATED)
_18261_/B1                              0.750000    4.654927   -3.904927 (VIOLATED)
_18313_/B1                              0.750000    4.622527   -3.872527 (VIOLATED)
_18321_/B1                              0.750000    4.622526   -3.872526 (VIOLATED)
_18329_/B1                              0.750000    4.622526   -3.872526 (VIOLATED)
_18379_/B1                              0.750000    4.622526   -3.872526 (VIOLATED)
_18387_/B1                              0.750000    4.622526   -3.872525 (VIOLATED)
_18395_/B1                              0.750000    4.622525   -3.872525 (VIOLATED)
_18433_/B1                              0.750000    4.622528   -3.872528 (VIOLATED)
_18403_/B1                              0.750000    4.622524   -3.872524 (VIOLATED)
_18410_/A2                              0.750000    4.622527   -3.872527 (VIOLATED)
_18434_/B1                              0.750000    4.622527   -3.872527 (VIOLATED)
_18435_/B1                              0.750000    4.622530   -3.872530 (VIOLATED)
_18437_/B1                              0.750000    4.622530   -3.872530 (VIOLATED)
_18438_/B1                              0.750000    4.622530   -3.872530 (VIOLATED)
_18439_/B1                              0.750000    4.622528   -3.872528 (VIOLATED)
_18414_/A2                              0.750000    4.622521   -3.872521 (VIOLATED)
_18436_/B1                              0.750000    4.622522   -3.872522 (VIOLATED)
_18440_/B1                              0.750000    4.622525   -3.872525 (VIOLATED)
_18416_/A2                              0.750000    4.622518   -3.872518 (VIOLATED)
_18418_/A2                              0.750000    4.622519   -3.872519 (VIOLATED)
_18420_/A2                              0.750000    4.622516   -3.872516 (VIOLATED)
_18316_/B1                              0.750000    4.622509   -3.872509 (VIOLATED)
_18422_/A2                              0.750000    4.622511   -3.872511 (VIOLATED)
_18412_/A2                              0.750000    4.622503   -3.872503 (VIOLATED)
_18324_/B1                              0.750000    4.622495   -3.872495 (VIOLATED)
_18424_/A2                              0.750000    4.622496   -3.872496 (VIOLATED)
_18332_/B1                              0.750000    4.622483   -3.872483 (VIOLATED)
_18340_/B1                              0.750000    4.622476   -3.872476 (VIOLATED)
_18315_/B1                              0.750000    4.622467   -3.872467 (VIOLATED)
_18323_/B1                              0.750000    4.622467   -3.872467 (VIOLATED)
_18331_/B1                              0.750000    4.622468   -3.872467 (VIOLATED)
_18339_/B1                              0.750000    4.622469   -3.872469 (VIOLATED)
_18347_/B1                              0.750000    4.622469   -3.872470 (VIOLATED)
_18354_/B1                              0.750000    4.622466   -3.872466 (VIOLATED)
_18355_/B1                              0.750000    4.622469   -3.872470 (VIOLATED)
_18357_/B1                              0.750000    4.622468   -3.872468 (VIOLATED)
_18362_/B1                              0.750000    4.622466   -3.872466 (VIOLATED)
_18363_/B1                              0.750000    4.622469   -3.872470 (VIOLATED)
_18365_/B1                              0.750000    4.622468   -3.872468 (VIOLATED)
_18371_/B1                              0.750000    4.622469   -3.872470 (VIOLATED)
_18370_/B1                              0.750000    4.622466   -3.872466 (VIOLATED)
_18373_/B1                              0.750000    4.622468   -3.872468 (VIOLATED)
_18381_/B1                              0.750000    4.622468   -3.872467 (VIOLATED)
_18378_/B1                              0.750000    4.622463   -3.872463 (VIOLATED)
_18389_/B1                              0.750000    4.622467   -3.872467 (VIOLATED)
_18397_/B1                              0.750000    4.622465   -3.872465 (VIOLATED)
_18318_/B1                              0.750000    4.622459   -3.872459 (VIOLATED)
_18319_/B1                              0.750000    4.622460   -3.872460 (VIOLATED)
_18320_/B1                              0.750000    4.622461   -3.872461 (VIOLATED)
_18328_/B1                              0.750000    4.622458   -3.872458 (VIOLATED)
_18358_/B1                              0.750000    4.622457   -3.872457 (VIOLATED)
_18366_/B1                              0.750000    4.622457   -3.872457 (VIOLATED)
_18374_/B1                              0.750000    4.622457   -3.872457 (VIOLATED)
_18327_/B1                              0.750000    4.622451   -3.872451 (VIOLATED)
_18335_/B1                              0.750000    4.622450   -3.872450 (VIOLATED)
_18382_/B1                              0.750000    4.622453   -3.872453 (VIOLATED)
_18336_/B1                              0.750000    4.622448   -3.872448 (VIOLATED)
_18342_/B1                              0.750000    4.622448   -3.872448 (VIOLATED)
_18343_/B1                              0.750000    4.622450   -3.872450 (VIOLATED)
_18344_/B1                              0.750000    4.622449   -3.872449 (VIOLATED)
_18386_/B1                              0.750000    4.622451   -3.872451 (VIOLATED)
_18394_/B1                              0.750000    4.622451   -3.872451 (VIOLATED)
_18402_/B1                              0.750000    4.622450   -3.872450 (VIOLATED)
_18405_/B1                              0.750000    4.622452   -3.872452 (VIOLATED)
_18317_/B1                              0.750000    4.622444   -3.872444 (VIOLATED)
_18326_/B1                              0.750000    4.622446   -3.872446 (VIOLATED)
_18334_/B1                              0.750000    4.622447   -3.872447 (VIOLATED)
_18364_/B1                              0.750000    4.622446   -3.872446 (VIOLATED)
_18372_/B1                              0.750000    4.622446   -3.872446 (VIOLATED)
_18352_/B1                              0.750000    4.622441   -3.872441 (VIOLATED)
_18380_/B1                              0.750000    4.622444   -3.872444 (VIOLATED)
_18388_/B1                              0.750000    4.622443   -3.872442 (VIOLATED)
_18390_/B1                              0.750000    4.622444   -3.872444 (VIOLATED)
_18396_/B1                              0.750000    4.622442   -3.872442 (VIOLATED)
_18398_/B1                              0.750000    4.622441   -3.872441 (VIOLATED)
_18404_/B1                              0.750000    4.622442   -3.872442 (VIOLATED)
_18406_/B1                              0.750000    4.622435   -3.872434 (VIOLATED)
_18348_/B1                              0.750000    4.622430   -3.872430 (VIOLATED)
_18356_/B1                              0.750000    4.622421   -3.872421 (VIOLATED)
_18351_/B1                              0.750000    4.622405   -3.872405 (VIOLATED)
_18359_/B1                              0.750000    4.622405   -3.872405 (VIOLATED)
_18391_/B1                              0.750000    4.622406   -3.872406 (VIOLATED)
_18399_/B1                              0.750000    4.622408   -3.872408 (VIOLATED)
_18314_/B1                              0.750000    4.622401   -3.872401 (VIOLATED)
_18322_/B1                              0.750000    4.622404   -3.872404 (VIOLATED)
_18330_/B1                              0.750000    4.622405   -3.872405 (VIOLATED)
_18360_/B1                              0.750000    4.622399   -3.872399 (VIOLATED)
_18407_/B1                              0.750000    4.622401   -3.872401 (VIOLATED)
_18341_/B1                              0.750000    4.622394   -3.872394 (VIOLATED)
_18349_/B1                              0.750000    4.622394   -3.872394 (VIOLATED)
_18350_/B1                              0.750000    4.622394   -3.872394 (VIOLATED)
_18338_/B1                              0.750000    4.622388   -3.872388 (VIOLATED)
_18346_/B1                              0.750000    4.622389   -3.872389 (VIOLATED)
_18367_/B1                              0.750000    4.622391   -3.872391 (VIOLATED)
_18375_/B1                              0.750000    4.622391   -3.872391 (VIOLATED)
_18383_/B1                              0.750000    4.622392   -3.872391 (VIOLATED)
_18333_/B1                              0.750000    4.622384   -3.872383 (VIOLATED)
_18325_/B1                              0.750000    4.622379   -3.872379 (VIOLATED)
_18368_/B1                              0.750000    4.622379   -3.872379 (VIOLATED)
_18376_/B1                              0.750000    4.622373   -3.872372 (VIOLATED)
_18392_/B1                              0.750000    4.622375   -3.872375 (VIOLATED)
_18400_/B1                              0.750000    4.622375   -3.872375 (VIOLATED)
_18408_/B1                              0.750000    4.622375   -3.872375 (VIOLATED)
_18384_/B1                              0.750000    4.622361   -3.872361 (VIOLATED)
_18337_/B1                              0.750000    4.622293   -3.872293 (VIOLATED)
_18345_/B1                              0.750000    4.622290   -3.872290 (VIOLATED)
_18312_/Y                               0.750000    4.622272   -3.872272 (VIOLATED)
_18353_/B1                              0.750000    4.622272   -3.872272 (VIOLATED)
_18361_/B1                              0.750000    4.622272   -3.872272 (VIOLATED)
_18369_/B1                              0.750000    4.622272   -3.872272 (VIOLATED)
_18377_/B1                              0.750000    4.622272   -3.872272 (VIOLATED)
_18385_/B1                              0.750000    4.622272   -3.872272 (VIOLATED)
_18393_/B1                              0.750000    4.622272   -3.872272 (VIOLATED)
_18401_/B1                              0.750000    4.622272   -3.872272 (VIOLATED)
_18269_/B                               0.750000    4.025217   -3.275217 (VIOLATED)
_18409_/B                               0.750000    4.025217   -3.275217 (VIOLATED)
_18441_/B                               0.750000    4.025207   -3.275206 (VIOLATED)
_18666_/B                               0.750000    4.025198   -3.275198 (VIOLATED)
_18688_/B                               0.750000    4.025202   -3.275202 (VIOLATED)
_18417_/B                               0.750000    4.025185   -3.275185 (VIOLATED)
_18660_/B                               0.750000    4.025184   -3.275184 (VIOLATED)
_18696_/B                               0.750000    4.025187   -3.275187 (VIOLATED)
_18446_/B                               0.750000    4.025179   -3.275179 (VIOLATED)
_18676_/B                               0.750000    4.025182   -3.275182 (VIOLATED)
_18454_/B                               0.750000    4.025177   -3.275176 (VIOLATED)
_18658_/B                               0.750000    4.025177   -3.275176 (VIOLATED)
_18450_/B                               0.750000    4.025169   -3.275169 (VIOLATED)
_18490_/B                               0.750000    4.025169   -3.275169 (VIOLATED)
_18415_/B                               0.750000    4.025156   -3.275156 (VIOLATED)
_18413_/B                               0.750000    4.025143   -3.275142 (VIOLATED)
_18275_/B                               0.750000    4.025132   -3.275132 (VIOLATED)
_18678_/B                               0.750000    4.025117   -3.275117 (VIOLATED)
_18656_/B                               0.750000    4.025112   -3.275112 (VIOLATED)
_18419_/B                               0.750000    4.025097   -3.275097 (VIOLATED)
_18448_/B                               0.750000    4.025086   -3.275086 (VIOLATED)
_18271_/B                               0.750000    4.025053   -3.275053 (VIOLATED)
_18421_/B                               0.750000    4.025038   -3.275038 (VIOLATED)
_18411_/B                               0.750000    4.025024   -3.275024 (VIOLATED)
_18452_/B                               0.750000    4.024973   -3.274973 (VIOLATED)
_18654_/B                               0.750000    4.024970   -3.274969 (VIOLATED)
_18606_/B                               0.750000    4.024965   -3.274965 (VIOLATED)
_18670_/B                               0.750000    4.024957   -3.274957 (VIOLATED)
_18281_/B                               0.750000    4.024951   -3.274951 (VIOLATED)
_18273_/B                               0.750000    4.024943   -3.274943 (VIOLATED)
_18277_/B                               0.750000    4.024941   -3.274941 (VIOLATED)
_18444_/B                               0.750000    4.024930   -3.274930 (VIOLATED)
_18690_/B                               0.750000    4.024897   -3.274896 (VIOLATED)
_18652_/B                               0.750000    4.024830   -3.274830 (VIOLATED)
_18650_/B                               0.750000    4.024802   -3.274801 (VIOLATED)
_18682_/B                               0.750000    4.024804   -3.274804 (VIOLATED)
_18672_/B                               0.750000    4.024793   -3.274792 (VIOLATED)
_18423_/B                               0.750000    4.024786   -3.274786 (VIOLATED)
_18283_/B                               0.750000    4.024782   -3.274781 (VIOLATED)
_18664_/B                               0.750000    4.024761   -3.274761 (VIOLATED)
_18496_/B                               0.750000    4.024749   -3.274749 (VIOLATED)
_18680_/B                               0.750000    4.024745   -3.274745 (VIOLATED)
_18668_/B                               0.750000    4.024731   -3.274731 (VIOLATED)
_18694_/B                               0.750000    4.024692   -3.274692 (VIOLATED)
_18692_/B                               0.750000    4.024582   -3.274582 (VIOLATED)
_18674_/B                               0.750000    4.024542   -3.274542 (VIOLATED)
_18279_/B                               0.750000    4.024416   -3.274416 (VIOLATED)
_18488_/B                               0.750000    4.024375   -3.274375 (VIOLATED)
_18662_/B                               0.750000    4.024263   -3.274263 (VIOLATED)
_18686_/B                               0.750000    4.024079   -3.274079 (VIOLATED)
_18638_/B                               0.750000    4.023991   -3.273990 (VIOLATED)
_18462_/B                               0.750000    4.023987   -3.273987 (VIOLATED)
_18470_/B                               0.750000    4.023989   -3.273989 (VIOLATED)
_18526_/B                               0.750000    4.023981   -3.273981 (VIOLATED)
_18494_/B                               0.750000    4.023966   -3.273966 (VIOLATED)
_18542_/B                               0.750000    4.023964   -3.273964 (VIOLATED)
_18510_/B                               0.750000    4.023960   -3.273959 (VIOLATED)
_18534_/B                               0.750000    4.023962   -3.273962 (VIOLATED)
_18558_/B                               0.750000    4.023958   -3.273958 (VIOLATED)
_18478_/B                               0.750000    4.023950   -3.273950 (VIOLATED)
_18590_/B                               0.750000    4.023949   -3.273949 (VIOLATED)
_18622_/B                               0.750000    4.023926   -3.273926 (VIOLATED)
_18480_/B                               0.750000    4.023829   -3.273829 (VIOLATED)
_18456_/B                               0.750000    4.023819   -3.273819 (VIOLATED)
_18472_/B                               0.750000    4.023806   -3.273806 (VIOLATED)
_18520_/B                               0.750000    4.023789   -3.273789 (VIOLATED)
_18512_/B                               0.750000    4.023776   -3.273776 (VIOLATED)
_18500_/B                               0.750000    4.023674   -3.273674 (VIOLATED)
_18486_/B                               0.750000    4.023280   -3.273279 (VIOLATED)
_18502_/B                               0.750000    4.023269   -3.273269 (VIOLATED)
_18468_/B                               0.750000    4.023058   -3.273058 (VIOLATED)
_18476_/B                               0.750000    4.022699   -3.272699 (VIOLATED)
_18598_/B                               0.750000    4.022694   -3.272693 (VIOLATED)
_18574_/B                               0.750000    4.022679   -3.272679 (VIOLATED)
_18474_/B                               0.750000    4.022638   -3.272638 (VIOLATED)
_18538_/B                               0.750000    4.022635   -3.272636 (VIOLATED)
_18586_/B                               0.750000    4.022633   -3.272633 (VIOLATED)
_18634_/B                               0.750000    4.022625   -3.272625 (VIOLATED)
_18458_/B                               0.750000    4.022617   -3.272617 (VIOLATED)
_18602_/B                               0.750000    4.022621   -3.272620 (VIOLATED)
_18464_/B                               0.750000    4.022614   -3.272614 (VIOLATED)
_18522_/B                               0.750000    4.022607   -3.272607 (VIOLATED)
_18528_/B                               0.750000    4.022605   -3.272605 (VIOLATED)
_18648_/B                               0.750000    4.022537   -3.272537 (VIOLATED)
_18536_/B                               0.750000    4.022509   -3.272509 (VIOLATED)
_18600_/B                               0.750000    4.022511   -3.272510 (VIOLATED)
_18504_/B                               0.750000    4.022505   -3.272505 (VIOLATED)
_18568_/B                               0.750000    4.022494   -3.272494 (VIOLATED)
_18684_/B                               0.750000    4.022487   -3.272487 (VIOLATED)
_18584_/B                               0.750000    4.022440   -3.272440 (VIOLATED)
_18552_/B                               0.750000    4.022435   -3.272434 (VIOLATED)
_18616_/B                               0.750000    4.022438   -3.272438 (VIOLATED)
_18460_/B                               0.750000    4.022367   -3.272367 (VIOLATED)
_18632_/B                               0.750000    4.022347   -3.272347 (VIOLATED)
_18492_/B                               0.750000    4.022338   -3.272338 (VIOLATED)
_18466_/B                               0.750000    4.022240   -3.272239 (VIOLATED)
_18614_/B                               0.750000    4.021444   -3.271444 (VIOLATED)
_18498_/B                               0.750000    4.021290   -3.271290 (VIOLATED)
_18582_/B                               0.750000    4.021195   -3.271195 (VIOLATED)
_18646_/B                               0.750000    4.020935   -3.270934 (VIOLATED)
_18596_/B                               0.750000    4.020527   -3.270527 (VIOLATED)
_18630_/B                               0.750000    4.020361   -3.270361 (VIOLATED)
_18532_/B                               0.750000    4.020288   -3.270288 (VIOLATED)
_18540_/B                               0.750000    4.020185   -3.270185 (VIOLATED)
_18518_/B                               0.750000    4.020144   -3.270143 (VIOLATED)
_18566_/B                               0.750000    4.020143   -3.270143 (VIOLATED)
_18484_/B                               0.750000    4.020136   -3.270136 (VIOLATED)
_18508_/B                               0.750000    4.020127   -3.270127 (VIOLATED)
_18550_/B                               0.750000    4.020126   -3.270127 (VIOLATED)
_18482_/B                               0.750000    4.020116   -3.270116 (VIOLATED)
_18564_/B                               0.750000    4.020106   -3.270106 (VIOLATED)
_18524_/B                               0.750000    4.020100   -3.270099 (VIOLATED)
_18548_/B                               0.750000    4.020048   -3.270047 (VIOLATED)
_18514_/B                               0.750000    4.020019   -3.270019 (VIOLATED)
_18516_/B                               0.750000    4.019997   -3.269997 (VIOLATED)
_18530_/B                               0.750000    4.019968   -3.269968 (VIOLATED)
_18594_/B                               0.750000    4.019951   -3.269951 (VIOLATED)
_18580_/B                               0.750000    4.019885   -3.269885 (VIOLATED)
_18612_/B                               0.750000    4.019757   -3.269757 (VIOLATED)
_18644_/B                               0.750000    4.019488   -3.269488 (VIOLATED)
_18705_/B                               0.750000    4.019252   -3.269252 (VIOLATED)
_18717_/B                               0.750000    4.019249   -3.269249 (VIOLATED)
_18570_/B                               0.750000    4.019230   -3.269230 (VIOLATED)
_18506_/B                               0.750000    4.019225   -3.269225 (VIOLATED)
_18554_/B                               0.750000    4.019215   -3.269214 (VIOLATED)
_18640_/B                               0.750000    4.019215   -3.269214 (VIOLATED)
_18618_/B                               0.750000    4.019203   -3.269203 (VIOLATED)
_18592_/B                               0.750000    4.019179   -3.269179 (VIOLATED)
_18608_/B                               0.750000    4.019133   -3.269133 (VIOLATED)
_18636_/B                               0.750000    4.019094   -3.269094 (VIOLATED)
_18620_/B                               0.750000    4.018911   -3.268911 (VIOLATED)
_18544_/B                               0.750000    4.018573   -3.268573 (VIOLATED)
_18588_/B                               0.750000    4.018282   -3.268282 (VIOLATED)
_18604_/B                               0.750000    4.018137   -3.268137 (VIOLATED)
_18560_/B                               0.750000    4.017379   -3.267379 (VIOLATED)
_18442_/B                               0.750000    4.016849   -3.266849 (VIOLATED)
_18556_/B                               0.750000    4.016850   -3.266850 (VIOLATED)
_18546_/B                               0.750000    4.016847   -3.266846 (VIOLATED)
_18576_/B                               0.750000    4.016841   -3.266842 (VIOLATED)
_18562_/B                               0.750000    4.016834   -3.266834 (VIOLATED)
_18610_/B                               0.750000    4.016827   -3.266826 (VIOLATED)
_18578_/B                               0.750000    4.016822   -3.266822 (VIOLATED)
_18572_/B                               0.750000    4.016811   -3.266811 (VIOLATED)
_18626_/B                               0.750000    4.016813   -3.266813 (VIOLATED)
_18628_/B                               0.750000    4.016814   -3.266814 (VIOLATED)
_18642_/B                               0.750000    4.016811   -3.266811 (VIOLATED)
_18624_/B                               0.750000    4.016750   -3.266750 (VIOLATED)
_18168_/B                               0.750000    4.014970   -3.264970 (VIOLATED)
_18166_/B                               0.750000    4.014965   -3.264965 (VIOLATED)
_18164_/B                               0.750000    4.014942   -3.264942 (VIOLATED)
_18160_/B                               0.750000    4.014884   -3.264884 (VIOLATED)
_18158_/B                               0.750000    4.014877   -3.264877 (VIOLATED)
_18170_/B                               0.750000    4.014855   -3.264855 (VIOLATED)
_18156_/B                               0.750000    4.014840   -3.264840 (VIOLATED)
_18162_/B                               0.750000    4.014662   -3.264662 (VIOLATED)
_09511_/X                               0.750000    4.013896   -3.263896 (VIOLATED)
_17619_/S                               0.750000    3.228243   -2.478243 (VIOLATED)
_17832_/S                               0.750000    3.228240   -2.478240 (VIOLATED)
_17839_/S                               0.750000    3.228240   -2.478240 (VIOLATED)
_17845_/S                               0.750000    3.228241   -2.478241 (VIOLATED)
_17842_/S                               0.750000    3.228230   -2.478230 (VIOLATED)
_17479_/S                               0.750000    3.228201   -2.478201 (VIOLATED)
_17851_/S                               0.750000    3.228201   -2.478201 (VIOLATED)
_17482_/S                               0.750000    3.228193   -2.478193 (VIOLATED)
_17488_/S                               0.750000    3.228194   -2.478194 (VIOLATED)
_17497_/S                               0.750000    3.228189   -2.478189 (VIOLATED)
_17485_/S                               0.750000    3.228171   -2.478171 (VIOLATED)
_17494_/S                               0.750000    3.228166   -2.478166 (VIOLATED)
_17491_/S                               0.750000    3.228144   -2.478144 (VIOLATED)
_17601_/S                               0.750000    3.227916   -2.477916 (VIOLATED)
_17500_/S                               0.750000    3.227850   -2.477849 (VIOLATED)
_17721_/S                               0.750000    3.227803   -2.477803 (VIOLATED)
_17885_/A2                              0.750000    3.227646   -2.477646 (VIOLATED)
_17745_/S                               0.750000    3.227517   -2.477517 (VIOLATED)
_17595_/S                               0.750000    3.227467   -2.477467 (VIOLATED)
_17592_/S                               0.750000    3.227461   -2.477461 (VIOLATED)
_17571_/S                               0.750000    3.227450   -2.477450 (VIOLATED)
_17728_/S                               0.750000    3.227440   -2.477440 (VIOLATED)
_17829_/S                               0.750000    3.227435   -2.477435 (VIOLATED)
_17622_/S                               0.750000    3.227392   -2.477393 (VIOLATED)
_17742_/S                               0.750000    3.227390   -2.477390 (VIOLATED)
_17736_/A2                              0.750000    3.227385   -2.477385 (VIOLATED)
_17574_/S                               0.750000    3.227376   -2.477377 (VIOLATED)
_17739_/S                               0.750000    3.227371   -2.477372 (VIOLATED)
_17553_/S                               0.750000    3.227362   -2.477362 (VIOLATED)
_17616_/S                               0.750000    3.227348   -2.477348 (VIOLATED)
_17848_/S                               0.750000    3.227340   -2.477341 (VIOLATED)
_17826_/S                               0.750000    3.227313   -2.477313 (VIOLATED)
_17562_/S                               0.750000    3.227246   -2.477246 (VIOLATED)
_17565_/S                               0.750000    3.227247   -2.477247 (VIOLATED)
_17604_/S                               0.750000    3.227244   -2.477244 (VIOLATED)
_17613_/S                               0.750000    3.227243   -2.477243 (VIOLATED)
_17568_/S                               0.750000    3.227042   -2.477042 (VIOLATED)
_17709_/S                               0.750000    3.226769   -2.476769 (VIOLATED)
_17697_/S                               0.750000    3.226709   -2.476709 (VIOLATED)
_17706_/S                               0.750000    3.226684   -2.476684 (VIOLATED)
_17580_/S                               0.750000    3.226565   -2.476565 (VIOLATED)
_17583_/S                               0.750000    3.226516   -2.476516 (VIOLATED)
_17577_/S                               0.750000    3.226397   -2.476397 (VIOLATED)
_17598_/S                               0.750000    3.226292   -2.476292 (VIOLATED)
_17814_/S                               0.750000    3.226247   -2.476247 (VIOLATED)
_17610_/S                               0.750000    3.226239   -2.476239 (VIOLATED)
_18142_/B1                              0.750000    3.226229   -2.476229 (VIOLATED)
_17703_/S                               0.750000    3.226203   -2.476203 (VIOLATED)
_17559_/S                               0.750000    3.226183   -2.476183 (VIOLATED)
_17556_/S                               0.750000    3.226178   -2.476178 (VIOLATED)
_17718_/S                               0.750000    3.226181   -2.476181 (VIOLATED)
_17700_/S                               0.750000    3.226066   -2.476066 (VIOLATED)
_17817_/S                               0.750000    3.226040   -2.476040 (VIOLATED)
_17801_/S                               0.750000    3.226026   -2.476026 (VIOLATED)
_17807_/S                               0.750000    3.225817   -2.475817 (VIOLATED)
_17820_/S                               0.750000    3.225709   -2.475709 (VIOLATED)
_17607_/S                               0.750000    3.225615   -2.475615 (VIOLATED)
_17804_/S                               0.750000    3.225535   -2.475534 (VIOLATED)
_17823_/S                               0.750000    3.225191   -2.475191 (VIOLATED)
_17534_/S                               0.750000    3.224830   -2.474831 (VIOLATED)
_17528_/S                               0.750000    3.224802   -2.474802 (VIOLATED)
_17537_/S                               0.750000    3.224652   -2.474652 (VIOLATED)
_17715_/S                               0.750000    3.224636   -2.474636 (VIOLATED)
_17586_/S                               0.750000    3.224628   -2.474628 (VIOLATED)
_17916_/C1                              0.750000    3.224466   -2.474466 (VIOLATED)
_17546_/S                               0.750000    3.224361   -2.474361 (VIOLATED)
_17543_/S                               0.750000    3.224351   -2.474351 (VIOLATED)
_17589_/S                               0.750000    3.224307   -2.474307 (VIOLATED)
_17531_/S                               0.750000    3.224227   -2.474227 (VIOLATED)
_17712_/S                               0.750000    3.223767   -2.473767 (VIOLATED)
_17540_/S                               0.750000    3.223696   -2.473696 (VIOLATED)
_17949_/C1                              0.750000    3.222844   -2.472844 (VIOLATED)
_17983_/S                               0.750000    3.222769   -2.472769 (VIOLATED)
_17966_/C1                              0.750000    3.222684   -2.472684 (VIOLATED)
_18028_/C1                              0.750000    3.222636   -2.472636 (VIOLATED)
_17998_/C1                              0.750000    3.222483   -2.472483 (VIOLATED)
_17652_/S                               0.750000    3.222289   -2.472289 (VIOLATED)
_17655_/S                               0.750000    3.222290   -2.472290 (VIOLATED)
_17667_/S                               0.750000    3.222289   -2.472289 (VIOLATED)
_17631_/S                               0.750000    3.222286   -2.472286 (VIOLATED)
_17664_/S                               0.750000    3.222286   -2.472286 (VIOLATED)
_17637_/S                               0.750000    3.222284   -2.472284 (VIOLATED)
_17628_/S                               0.750000    3.222280   -2.472280 (VIOLATED)
_17640_/S                               0.750000    3.222281   -2.472281 (VIOLATED)
_17670_/S                               0.750000    3.222281   -2.472281 (VIOLATED)
_17643_/S                               0.750000    3.222279   -2.472279 (VIOLATED)
_17649_/S                               0.750000    3.222274   -2.472275 (VIOLATED)
_17658_/S                               0.750000    3.222276   -2.472276 (VIOLATED)
_17661_/S                               0.750000    3.222271   -2.472271 (VIOLATED)
_17673_/S                               0.750000    3.222269   -2.472269 (VIOLATED)
_17688_/S                               0.750000    3.222270   -2.472270 (VIOLATED)
_17691_/S                               0.750000    3.222271   -2.472271 (VIOLATED)
_17694_/S                               0.750000    3.222271   -2.472271 (VIOLATED)
_17676_/S                               0.750000    3.222266   -2.472266 (VIOLATED)
_17679_/S                               0.750000    3.222269   -2.472269 (VIOLATED)
_17682_/S                               0.750000    3.222269   -2.472269 (VIOLATED)
_17685_/S                               0.750000    3.222267   -2.472267 (VIOLATED)
_17980_/C1                              0.750000    3.222261   -2.472262 (VIOLATED)
_17997_/S                               0.750000    3.222243   -2.472243 (VIOLATED)
_18012_/C1                              0.750000    3.222203   -2.472203 (VIOLATED)
_18044_/C1                              0.750000    3.222112   -2.472112 (VIOLATED)
_17755_/S                               0.750000    3.222013   -2.472013 (VIOLATED)
_17766_/S                               0.750000    3.222012   -2.472012 (VIOLATED)
_17769_/S                               0.750000    3.222012   -2.472012 (VIOLATED)
_17772_/S                               0.750000    3.222011   -2.472011 (VIOLATED)
_17782_/S                               0.750000    3.222011   -2.472011 (VIOLATED)
_17775_/S                               0.750000    3.222008   -2.472008 (VIOLATED)
_17789_/S                               0.750000    3.222011   -2.472011 (VIOLATED)
_17792_/S                               0.750000    3.222006   -2.472006 (VIOLATED)
_17795_/S                               0.750000    3.222002   -2.472002 (VIOLATED)
_17518_/S                               0.750000    3.221995   -2.471995 (VIOLATED)
_17748_/S                               0.750000    3.221996   -2.471996 (VIOLATED)
_17634_/S                               0.750000    3.221985   -2.471985 (VIOLATED)
_17646_/S                               0.750000    3.221983   -2.471984 (VIOLATED)
_17506_/S                               0.750000    3.221969   -2.471969 (VIOLATED)
_17509_/S                               0.750000    3.221970   -2.471970 (VIOLATED)
_17515_/S                               0.750000    3.221969   -2.471968 (VIOLATED)
_17798_/S                               0.750000    3.221965   -2.471965 (VIOLATED)
_17503_/S                               0.750000    3.221950   -2.471950 (VIOLATED)
_17512_/S                               0.750000    3.221951   -2.471951 (VIOLATED)
_17625_/S                               0.750000    3.221950   -2.471950 (VIOLATED)
_09499_/X                               0.750000    3.221944   -2.471944 (VIOLATED)
_17521_/S                               0.750000    3.221944   -2.471944 (VIOLATED)
_17901_/A2                              0.750000    3.221944   -2.471944 (VIOLATED)
_17933_/A2                              0.750000    3.221944   -2.471944 (VIOLATED)
_18134_/C                               0.750000    3.221944   -2.471944 (VIOLATED)
_18135_/A2                              0.750000    3.221944   -2.471944 (VIOLATED)
_10854_/S                               0.750000    2.845397   -2.095397 (VIOLATED)
_17474_/S                               0.750000    2.845398   -2.095398 (VIOLATED)
_10257_/S                               0.750000    2.845386   -2.095386 (VIOLATED)
_17452_/S                               0.750000    2.845386   -2.095386 (VIOLATED)
_17380_/S                               0.750000    2.845381   -2.095381 (VIOLATED)
_17429_/S                               0.750000    2.845381   -2.095381 (VIOLATED)
_17328_/S                               0.750000    2.845359   -2.095359 (VIOLATED)
_12381_/S                               0.750000    2.845356   -2.095356 (VIOLATED)
_17417_/S                               0.750000    2.845336   -2.095336 (VIOLATED)
_17436_/S                               0.750000    2.845335   -2.095335 (VIOLATED)
_17424_/S                               0.750000    2.845332   -2.095332 (VIOLATED)
_17348_/S                               0.750000    2.845301   -2.095301 (VIOLATED)
_11531_/S                               0.750000    2.845273   -2.095273 (VIOLATED)
_11952_/S                               0.750000    2.845272   -2.095273 (VIOLATED)
_17400_/S                               0.750000    2.845245   -2.095245 (VIOLATED)
_17374_/S                               0.750000    2.845186   -2.095186 (VIOLATED)
_11007_/S                               0.750000    2.845176   -2.095176 (VIOLATED)
_17464_/S                               0.750000    2.845177   -2.095177 (VIOLATED)
_10484_/S                               0.750000    2.845173   -2.095173 (VIOLATED)
_17441_/S                               0.750000    2.845174   -2.095174 (VIOLATED)
_17458_/S                               0.750000    2.845175   -2.095175 (VIOLATED)
_17336_/S                               0.750000    2.845169   -2.095169 (VIOLATED)
_17407_/S                               0.750000    2.845160   -2.095160 (VIOLATED)
_17412_/S                               0.750000    2.845160   -2.095160 (VIOLATED)
_17387_/S                               0.750000    2.845155   -2.095154 (VIOLATED)
_17355_/S                               0.750000    2.845148   -2.095148 (VIOLATED)
_11312_/S                               0.750000    2.845134   -2.095134 (VIOLATED)
_16749_/S                               0.750000    2.845133   -2.095133 (VIOLATED)
_17469_/S                               0.750000    2.845130   -2.095130 (VIOLATED)
_10687_/S                               0.750000    2.845120   -2.095120 (VIOLATED)
_17361_/S                               0.750000    2.845120   -2.095121 (VIOLATED)
_11168_/S                               0.750000    2.845073   -2.095073 (VIOLATED)
_17341_/S                               0.750000    2.845071   -2.095071 (VIOLATED)
_12266_/B                               0.750000    2.845065   -2.095066 (VIOLATED)
_17367_/S                               0.750000    2.845051   -2.095051 (VIOLATED)
_17392_/S                               0.750000    2.845048   -2.095049 (VIOLATED)
_15790_/S                               0.750000    2.845030   -2.095030 (VIOLATED)
_11788_/S                               0.750000    2.844979   -2.094979 (VIOLATED)
_11635_/S                               0.750000    2.844955   -2.094955 (VIOLATED)
_14133_/S                               0.750000    2.844947   -2.094947 (VIOLATED)
_14111_/S                               0.750000    2.844945   -2.094945 (VIOLATED)
_13670_/S                               0.750000    2.844922   -2.094923 (VIOLATED)
_12492_/S                               0.750000    2.844916   -2.094916 (VIOLATED)
_12686_/S                               0.750000    2.844876   -2.094875 (VIOLATED)
_15732_/S                               0.750000    2.844873   -2.094873 (VIOLATED)
_12057_/S                               0.750000    2.844861   -2.094861 (VIOLATED)
_14168_/S                               0.750000    2.844837   -2.094837 (VIOLATED)
_15851_/S                               0.750000    2.844834   -2.094834 (VIOLATED)
_12098_/S                               0.750000    2.844795   -2.094795 (VIOLATED)
_12537_/S                               0.750000    2.844794   -2.094794 (VIOLATED)
_11415_/S                               0.750000    2.844789   -2.094789 (VIOLATED)
_11835_/B                               0.750000    2.844781   -2.094781 (VIOLATED)
_12613_/S                               0.750000    2.844780   -2.094780 (VIOLATED)
_11675_/S                               0.750000    2.844773   -2.094773 (VIOLATED)
_14142_/S                               0.750000    2.844754   -2.094754 (VIOLATED)
_11752_/S                               0.750000    2.844718   -2.094718 (VIOLATED)
_12650_/S                               0.750000    2.844715   -2.094715 (VIOLATED)
_15766_/S                               0.750000    2.844712   -2.094712 (VIOLATED)
_13536_/S                               0.750000    2.844687   -2.094687 (VIOLATED)
_14236_/S                               0.750000    2.844683   -2.094683 (VIOLATED)
_14186_/S                               0.750000    2.844679   -2.094679 (VIOLATED)
_15719_/S                               0.750000    2.844679   -2.094679 (VIOLATED)
_16424_/S                               0.750000    2.844679   -2.094679 (VIOLATED)
_14161_/S                               0.750000    2.844675   -2.094675 (VIOLATED)
_15772_/S                               0.750000    2.844676   -2.094676 (VIOLATED)
_12215_/S                               0.750000    2.844673   -2.094673 (VIOLATED)
_14117_/S                               0.750000    2.844671   -2.094671 (VIOLATED)
_17322_/S                               0.750000    2.844661   -2.094661 (VIOLATED)
_12009_/S                               0.750000    2.844621   -2.094621 (VIOLATED)
_15826_/S                               0.750000    2.844604   -2.094604 (VIOLATED)
_11584_/S                               0.750000    2.844511   -2.094511 (VIOLATED)
_11714_/S                               0.750000    2.844511   -2.094511 (VIOLATED)
_14220_/S                               0.750000    2.844511   -2.094511 (VIOLATED)
_15144_/S                               0.750000    2.844508   -2.094508 (VIOLATED)
_12443_/S                               0.750000    2.844501   -2.094501 (VIOLATED)
_15760_/S                               0.750000    2.844503   -2.094503 (VIOLATED)
_15713_/S                               0.750000    2.844482   -2.094482 (VIOLATED)
_14044_/S                               0.750000    2.844419   -2.094419 (VIOLATED)
_12179_/S                               0.750000    2.844416   -2.094416 (VIOLATED)
_14259_/S                               0.750000    2.844417   -2.094417 (VIOLATED)
_12139_/S                               0.750000    2.844383   -2.094383 (VIOLATED)
_14265_/S                               0.750000    2.844322   -2.094322 (VIOLATED)
_12575_/S                               0.750000    2.844249   -2.094249 (VIOLATED)
_15821_/S                               0.750000    2.844235   -2.094235 (VIOLATED)
_13388_/S                               0.750000    2.844213   -2.094213 (VIOLATED)
_14213_/S                               0.750000    2.844213   -2.094213 (VIOLATED)
_14125_/S                               0.750000    2.844207   -2.094207 (VIOLATED)
_15651_/S                               0.750000    2.844092   -2.094092 (VIOLATED)
_13798_/S                               0.750000    2.843943   -2.093943 (VIOLATED)
_13919_/S                               0.750000    2.843803   -2.093803 (VIOLATED)
_14155_/S                               0.750000    2.843796   -2.093796 (VIOLATED)
_14180_/S                               0.750000    2.843714   -2.093714 (VIOLATED)
_15879_/S                               0.750000    2.843686   -2.093686 (VIOLATED)
_13217_/S                               0.750000    2.843668   -2.093668 (VIOLATED)
_14174_/S                               0.750000    2.843666   -2.093666 (VIOLATED)
_14822_/S                               0.750000    2.843666   -2.093666 (VIOLATED)
_14225_/S                               0.750000    2.843663   -2.093663 (VIOLATED)
_15834_/S                               0.750000    2.843655   -2.093655 (VIOLATED)
_16881_/S                               0.750000    2.843656   -2.093656 (VIOLATED)
_15884_/S                               0.750000    2.843651   -2.093651 (VIOLATED)
_17257_/S                               0.750000    2.843650   -2.093650 (VIOLATED)
_15741_/S                               0.750000    2.843644   -2.093644 (VIOLATED)
_15800_/S                               0.750000    2.843625   -2.093625 (VIOLATED)
_17139_/S                               0.750000    2.843600   -2.093600 (VIOLATED)
_15816_/S                               0.750000    2.843568   -2.093569 (VIOLATED)
_14149_/S                               0.750000    2.843549   -2.093549 (VIOLATED)
_14207_/S                               0.750000    2.843549   -2.093549 (VIOLATED)
_15747_/S                               0.750000    2.843548   -2.093549 (VIOLATED)
_15754_/S                               0.750000    2.843467   -2.093467 (VIOLATED)
_15874_/S                               0.750000    2.843239   -2.093239 (VIOLATED)
_15529_/S                               0.750000    2.843182   -2.093182 (VIOLATED)
_14201_/S                               0.750000    2.843137   -2.093136 (VIOLATED)
_14230_/S                               0.750000    2.843138   -2.093138 (VIOLATED)
_14254_/S                               0.750000    2.843138   -2.093138 (VIOLATED)
_19531_/D                               0.750000    2.843136   -2.093136 (VIOLATED)
_14248_/S                               0.750000    2.843132   -2.093132 (VIOLATED)
_17010_/S                               0.750000    2.843111   -2.093111 (VIOLATED)
_14982_/S                               0.750000    2.843088   -2.093088 (VIOLATED)
_15810_/A2                              0.750000    2.843046   -2.093046 (VIOLATED)
_15809_/A                               0.750000    2.843006   -2.093006 (VIOLATED)
_15405_/S                               0.750000    2.842980   -2.092980 (VIOLATED)
_15868_/B                               0.750000    2.842937   -2.092937 (VIOLATED)
_09503_/Y                               0.750000    2.842927   -2.092927 (VIOLATED)
_09504_/B                               0.750000    2.842927   -2.092927 (VIOLATED)
_14193_/S                               0.750000    2.842927   -2.092927 (VIOLATED)
_14243_/S                               0.750000    2.842927   -2.092927 (VIOLATED)
_15273_/S                               0.750000    2.842927   -2.092927 (VIOLATED)
_15726_/S                               0.750000    2.842927   -2.092927 (VIOLATED)
_15782_/B                               0.750000    2.842927   -2.092927 (VIOLATED)
_16591_/S                               0.750000    2.842927   -2.092927 (VIOLATED)
_18133_/A                               0.750000    2.842927   -2.092927 (VIOLATED)
_18140_/C1                              0.750000    2.842927   -2.092927 (VIOLATED)
_16422_/S                               0.750000    2.835693   -2.085693 (VIOLATED)
_17378_/S                               0.750000    2.835695   -2.085695 (VIOLATED)
_17326_/S                               0.750000    2.835692   -2.085693 (VIOLATED)
_17427_/S                               0.750000    2.835694   -2.085694 (VIOLATED)
_16589_/S                               0.750000    2.835681   -2.085681 (VIOLATED)
_17385_/S                               0.750000    2.835682   -2.085682 (VIOLATED)
_17333_/B1                              0.750000    2.835672   -2.085672 (VIOLATED)
_17334_/B1                              0.750000    2.835673   -2.085673 (VIOLATED)
_16747_/S                               0.750000    2.835653   -2.085653 (VIOLATED)
_17439_/S                               0.750000    2.835644   -2.085644 (VIOLATED)
_17339_/S                               0.750000    2.835642   -2.085641 (VIOLATED)
_17390_/S                               0.750000    2.835629   -2.085629 (VIOLATED)
_16879_/S                               0.750000    2.835596   -2.085596 (VIOLATED)
_17405_/S                               0.750000    2.835597   -2.085597 (VIOLATED)
_17442_/A                               0.750000    2.835594   -2.085594 (VIOLATED)
_17450_/A1                              0.750000    2.835593   -2.085593 (VIOLATED)
_17320_/S                               0.750000    2.835586   -2.085587 (VIOLATED)
_17346_/A1                              0.750000    2.835584   -2.085584 (VIOLATED)
_17371_/B1                              0.750000    2.835583   -2.085583 (VIOLATED)
_17372_/A1                              0.750000    2.835583   -2.085583 (VIOLATED)
_17398_/S                               0.750000    2.835582   -2.085582 (VIOLATED)
_17472_/S                               0.750000    2.835578   -2.085578 (VIOLATED)
_17008_/S                               0.750000    2.835575   -2.085575 (VIOLATED)
_17456_/S                               0.750000    2.835574   -2.085574 (VIOLATED)
_17421_/B1                              0.750000    2.835569   -2.085570 (VIOLATED)
_17255_/S                               0.750000    2.835552   -2.085553 (VIOLATED)
_17353_/S                               0.750000    2.835552   -2.085553 (VIOLATED)
_17415_/S                               0.750000    2.835551   -2.085551 (VIOLATED)
_17365_/S                               0.750000    2.835547   -2.085547 (VIOLATED)
_17467_/S                               0.750000    2.835549   -2.085549 (VIOLATED)
_17462_/S                               0.750000    2.835525   -2.085525 (VIOLATED)
_17410_/S                               0.750000    2.835521   -2.085522 (VIOLATED)
_17137_/A1                              0.750000    2.835508   -2.085508 (VIOLATED)
_17359_/S                               0.750000    2.835500   -2.085500 (VIOLATED)
_10817_/S                               0.750000    2.835360   -2.085360 (VIOLATED)
_12063_/S                               0.750000    2.835320   -2.085320 (VIOLATED)
_11639_/S                               0.750000    2.835317   -2.085317 (VIOLATED)
_12263_/S                               0.750000    2.835234   -2.085234 (VIOLATED)
_11957_/S                               0.750000    2.835202   -2.085202 (VIOLATED)
_12384_/S                               0.750000    2.835202   -2.085202 (VIOLATED)
_12654_/A1                              0.750000    2.835201   -2.085201 (VIOLATED)
_10147_/S                               0.750000    2.835198   -2.085198 (VIOLATED)
_11418_/S                               0.750000    2.835197   -2.085197 (VIOLATED)
_11536_/S                               0.750000    2.835197   -2.085197 (VIOLATED)
_11840_/S                               0.750000    2.835195   -2.085195 (VIOLATED)
_12270_/S                               0.750000    2.835196   -2.085196 (VIOLATED)
_10641_/S                               0.750000    2.835172   -2.085172 (VIOLATED)
_12446_/S                               0.750000    2.835150   -2.085150 (VIOLATED)
_12013_/S                               0.750000    2.835142   -2.085142 (VIOLATED)
_11279_/S                               0.750000    2.835117   -2.085117 (VIOLATED)
_10975_/S                               0.750000    2.835100   -2.085100 (VIOLATED)
_12103_/S                               0.750000    2.835098   -2.085098 (VIOLATED)
_12539_/S                               0.750000    2.835088   -2.085088 (VIOLATED)
_11712_/S                               0.750000    2.835061   -2.085061 (VIOLATED)
_18144_/A2                              0.750000    2.835004   -2.085004 (VIOLATED)
_18145_/A3                              0.750000    2.835003   -2.085003 (VIOLATED)
_18150_/A3                              0.750000    2.835004   -2.085004 (VIOLATED)
_18147_/A2                              0.750000    2.835002   -2.085002 (VIOLATED)
_18151_/A3                              0.750000    2.835004   -2.085004 (VIOLATED)
_18152_/A3                              0.750000    2.835003   -2.085003 (VIOLATED)
_18149_/A2                              0.750000    2.834999   -2.084999 (VIOLATED)
_11380_/S                               0.750000    2.834948   -2.084948 (VIOLATED)
_11792_/S                               0.750000    2.834946   -2.084946 (VIOLATED)
_11786_/S                               0.750000    2.834914   -2.084914 (VIOLATED)
_12616_/S                               0.750000    2.834916   -2.084916 (VIOLATED)
_12578_/S                               0.750000    2.834888   -2.084888 (VIOLATED)
_11135_/S                               0.750000    2.834880   -2.084880 (VIOLATED)
_11718_/S                               0.750000    2.834879   -2.084879 (VIOLATED)
_12143_/S                               0.750000    2.834803   -2.084803 (VIOLATED)
_12183_/S                               0.750000    2.834682   -2.084682 (VIOLATED)
_14126_/A                               0.750000    2.833057   -2.083057 (VIOLATED)
_14131_/A1                              0.750000    2.833056   -2.083056 (VIOLATED)
_14159_/S                               0.750000    2.832753   -2.082753 (VIOLATED)
_14172_/S                               0.750000    2.832089   -2.082089 (VIOLATED)
_14211_/S                               0.750000    2.832021   -2.082021 (VIOLATED)
_14166_/S                               0.750000    2.831990   -2.081990 (VIOLATED)
_14223_/S                               0.750000    2.831921   -2.081921 (VIOLATED)
_14263_/S                               0.750000    2.831887   -2.081888 (VIOLATED)
_14109_/S                               0.750000    2.831821   -2.081821 (VIOLATED)
_14042_/S                               0.750000    2.831689   -2.081690 (VIOLATED)
_14257_/S                               0.750000    2.831673   -2.081673 (VIOLATED)
_13917_/S                               0.750000    2.831578   -2.081578 (VIOLATED)
_14205_/S                               0.750000    2.831549   -2.081549 (VIOLATED)
_14152_/B1                              0.750000    2.831522   -2.081522 (VIOLATED)
_13386_/S                               0.750000    2.831475   -2.081475 (VIOLATED)
_14123_/S                               0.750000    2.831474   -2.081474 (VIOLATED)
_14178_/S                               0.750000    2.831475   -2.081475 (VIOLATED)
_14184_/S                               0.750000    2.831475   -2.081475 (VIOLATED)
_13215_/S                               0.750000    2.831470   -2.081470 (VIOLATED)
_14115_/S                               0.750000    2.831470   -2.081470 (VIOLATED)
_14234_/S                               0.750000    2.831464   -2.081464 (VIOLATED)
_14147_/S                               0.750000    2.831439   -2.081439 (VIOLATED)
_14252_/A1                              0.750000    2.831339   -2.081340 (VIOLATED)
_13534_/S                               0.750000    2.831326   -2.081326 (VIOLATED)
_13668_/S                               0.750000    2.831323   -2.081324 (VIOLATED)
_14191_/A1                              0.750000    2.831325   -2.081325 (VIOLATED)
_14228_/S                               0.750000    2.831325   -2.081325 (VIOLATED)
_14241_/S                               0.750000    2.831322   -2.081322 (VIOLATED)
_14199_/S                               0.750000    2.831306   -2.081306 (VIOLATED)
_14246_/S                               0.750000    2.831248   -2.081248 (VIOLATED)
_15780_/A1                              0.750000    2.830866   -2.080866 (VIOLATED)
_15773_/A                               0.750000    2.830859   -2.080860 (VIOLATED)
_15527_/S                               0.750000    2.830828   -2.080828 (VIOLATED)
_15724_/S                               0.750000    2.830827   -2.080827 (VIOLATED)
_15730_/S                               0.750000    2.830828   -2.080828 (VIOLATED)
_15752_/S                               0.750000    2.830828   -2.080827 (VIOLATED)
_15788_/S                               0.750000    2.830829   -2.080829 (VIOLATED)
_15814_/S                               0.750000    2.830828   -2.080828 (VIOLATED)
_14820_/S                               0.750000    2.830825   -2.080825 (VIOLATED)
_15819_/S                               0.750000    2.830827   -2.080827 (VIOLATED)
_15842_/B1                              0.750000    2.830827   -2.080827 (VIOLATED)
_15849_/S                               0.750000    2.830829   -2.080829 (VIOLATED)
_15872_/S                               0.750000    2.830827   -2.080827 (VIOLATED)
_15271_/S                               0.750000    2.830824   -2.080824 (VIOLATED)
_15403_/S                               0.750000    2.830825   -2.080824 (VIOLATED)
_15649_/S                               0.750000    2.830825   -2.080825 (VIOLATED)
_15711_/S                               0.750000    2.830824   -2.080824 (VIOLATED)
_15717_/S                               0.750000    2.830824   -2.080824 (VIOLATED)
_15745_/S                               0.750000    2.830825   -2.080824 (VIOLATED)
_15758_/S                               0.750000    2.830825   -2.080825 (VIOLATED)
_15877_/S                               0.750000    2.830826   -2.080826 (VIOLATED)
_15764_/S                               0.750000    2.830823   -2.080824 (VIOLATED)
_15770_/S                               0.750000    2.830825   -2.080825 (VIOLATED)
_15806_/A                               0.750000    2.830824   -2.080824 (VIOLATED)
_15807_/A1                              0.750000    2.830824   -2.080824 (VIOLATED)
_15824_/S                               0.750000    2.830825   -2.080825 (VIOLATED)
_15856_/A                               0.750000    2.830822   -2.080823 (VIOLATED)
_15861_/A                               0.750000    2.830824   -2.080824 (VIOLATED)
_15858_/A1                              0.750000    2.830822   -2.080822 (VIOLATED)
_15867_/A1                              0.750000    2.830824   -2.080824 (VIOLATED)
_15882_/S                               0.750000    2.830825   -2.080825 (VIOLATED)
_09501_/X                               0.750000    2.830817   -2.080817 (VIOLATED)
_18093_/A1                              0.750000    2.111551   -1.361551 (VIOLATED)
_17867_/B2                              0.750000    2.111549   -1.361549 (VIOLATED)
_17870_/B2                              0.750000    2.111546   -1.361546 (VIOLATED)
_17873_/B2                              0.750000    2.111539   -1.361539 (VIOLATED)
_18150_/A1                              0.750000    2.111539   -1.361539 (VIOLATED)
_18151_/A1                              0.750000    2.111540   -1.361540 (VIOLATED)
_18152_/A1                              0.750000    2.111537   -1.361537 (VIOLATED)
_17877_/A1                              0.750000    2.111534   -1.361534 (VIOLATED)
_17857_/B2                              0.750000    2.111532   -1.361533 (VIOLATED)
_17864_/B2                              0.750000    2.111530   -1.361530 (VIOLATED)
_18149_/A1                              0.750000    2.111527   -1.361527 (VIOLATED)
_18121_/A1                              0.750000    2.111525   -1.361525 (VIOLATED)
_18125_/A1                              0.750000    2.111520   -1.361519 (VIOLATED)
_18147_/A1                              0.750000    2.111513   -1.361513 (VIOLATED)
_18145_/A1                              0.750000    2.111510   -1.361510 (VIOLATED)
_17854_/B2                              0.750000    2.111505   -1.361505 (VIOLATED)
_18119_/A1                              0.750000    2.111505   -1.361505 (VIOLATED)
_18144_/A1                              0.750000    2.111504   -1.361504 (VIOLATED)
_17907_/A1                              0.750000    2.111502   -1.361502 (VIOLATED)
_17913_/A1                              0.750000    2.111501   -1.361501 (VIOLATED)
_18123_/A1                              0.750000    2.111500   -1.361500 (VIOLATED)
_18091_/A1                              0.750000    2.111483   -1.361483 (VIOLATED)
_17860_/B1                              0.750000    2.111427   -1.361427 (VIOLATED)
_17835_/B1                              0.750000    2.111364   -1.361364 (VIOLATED)
_17810_/B1                              0.750000    2.111342   -1.361342 (VIOLATED)
_17891_/A1                              0.750000    2.111341   -1.361341 (VIOLATED)
_18087_/A1                              0.750000    2.111271   -1.361272 (VIOLATED)
_18103_/A1                              0.750000    2.111244   -1.361244 (VIOLATED)
_18097_/A1                              0.750000    2.111205   -1.361205 (VIOLATED)
_17879_/A1                              0.750000    2.111196   -1.361196 (VIOLATED)
_17887_/A1                              0.750000    2.111194   -1.361194 (VIOLATED)
_18025_/A1                              0.750000    2.111185   -1.361185 (VIOLATED)
_18041_/A1                              0.750000    2.111185   -1.361185 (VIOLATED)
_17911_/A1                              0.750000    2.111181   -1.361181 (VIOLATED)
_18089_/A1                              0.750000    2.111179   -1.361179 (VIOLATED)
_18105_/A1                              0.750000    2.111173   -1.361173 (VIOLATED)
_17895_/A1                              0.750000    2.111171   -1.361171 (VIOLATED)
_18113_/A1                              0.750000    2.111156   -1.361156 (VIOLATED)
_18073_/A1                              0.750000    2.111150   -1.361150 (VIOLATED)
_18099_/A1                              0.750000    2.111125   -1.361125 (VIOLATED)
_18111_/A1                              0.750000    2.111120   -1.361120 (VIOLATED)
_17921_/A1                              0.750000    2.110926   -1.360926 (VIOLATED)
_18115_/A1                              0.750000    2.110909   -1.360909 (VIOLATED)
_17549_/B1                              0.750000    2.110843   -1.360843 (VIOLATED)
_17524_/B1                              0.750000    2.110757   -1.360757 (VIOLATED)
_17905_/A1                              0.750000    2.110757   -1.360757 (VIOLATED)
_17954_/A1                              0.750000    2.110652   -1.360652 (VIOLATED)
_18051_/A1                              0.750000    2.110595   -1.360596 (VIOLATED)
_17919_/A1                              0.750000    2.110341   -1.360341 (VIOLATED)
_17993_/A1                              0.750000    2.110342   -1.360342 (VIOLATED)
_17916_/A1                              0.750000    2.110328   -1.360328 (VIOLATED)
_18033_/A1                              0.750000    2.110238   -1.360238 (VIOLATED)
_17893_/A1                              0.750000    2.110195   -1.360195 (VIOLATED)
_17899_/A1                              0.750000    2.110062   -1.360062 (VIOLATED)
_18003_/A1                              0.750000    2.109716   -1.359717 (VIOLATED)
_18019_/A1                              0.750000    2.109690   -1.359690 (VIOLATED)
_18067_/A1                              0.750000    2.109688   -1.359688 (VIOLATED)
_18081_/A1                              0.750000    2.109586   -1.359586 (VIOLATED)
_18065_/A1                              0.750000    2.109527   -1.359527 (VIOLATED)
_09362_/A                               0.750000    2.109522   -1.359522 (VIOLATED)
_09507_/A                               0.750000    2.109523   -1.359523 (VIOLATED)
_17956_/A1                              0.750000    2.109521   -1.359521 (VIOLATED)
_18037_/A1                              0.750000    2.109521   -1.359521 (VIOLATED)
_18053_/A1                              0.750000    2.109522   -1.359522 (VIOLATED)
_18154_/A                               0.750000    2.109523   -1.359523 (VIOLATED)
_18302_/A                               0.750000    2.109521   -1.359521 (VIOLATED)
_17973_/A1                              0.750000    2.109518   -1.359518 (VIOLATED)
_18005_/A1                              0.750000    2.109518   -1.359518 (VIOLATED)
_17939_/A1                              0.750000    2.109507   -1.359507 (VIOLATED)
_17923_/A1                              0.750000    2.109498   -1.359498 (VIOLATED)
_17929_/A1                              0.750000    2.109479   -1.359479 (VIOLATED)
_18075_/A1                              0.750000    2.109468   -1.359468 (VIOLATED)
_18027_/A1                              0.750000    2.109463   -1.359463 (VIOLATED)
_17785_/B1                              0.750000    2.109455   -1.359455 (VIOLATED)
_17731_/B1                              0.750000    2.109449   -1.359449 (VIOLATED)
_18011_/A1                              0.750000    2.109446   -1.359446 (VIOLATED)
_18043_/A1                              0.750000    2.109421   -1.359421 (VIOLATED)
_17925_/A1                              0.750000    2.109416   -1.359416 (VIOLATED)
_17931_/A1                              0.750000    2.109416   -1.359416 (VIOLATED)
_18001_/A1                              0.750000    2.109416   -1.359416 (VIOLATED)
_18017_/A1                              0.750000    2.109417   -1.359417 (VIOLATED)
_17949_/A1                              0.750000    2.109412   -1.359412 (VIOLATED)
_17982_/B1                              0.750000    2.109412   -1.359412 (VIOLATED)
_17966_/A1                              0.750000    2.109406   -1.359406 (VIOLATED)
_17964_/B1                              0.750000    2.109405   -1.359405 (VIOLATED)
_17998_/A1                              0.750000    2.109406   -1.359406 (VIOLATED)
_18015_/A1                              0.750000    2.109405   -1.359405 (VIOLATED)
_18028_/A1                              0.750000    2.109405   -1.359405 (VIOLATED)
_18031_/A1                              0.750000    2.109403   -1.359403 (VIOLATED)
_18047_/A1                              0.750000    2.109395   -1.359395 (VIOLATED)
_17979_/A1                              0.750000    2.109365   -1.359365 (VIOLATED)
_17995_/A1                              0.750000    2.109209   -1.359209 (VIOLATED)
_18059_/A1                              0.750000    2.109160   -1.359160 (VIOLATED)
_17724_/B1                              0.750000    2.109153   -1.359152 (VIOLATED)
_18039_/A1                              0.750000    2.109153   -1.359152 (VIOLATED)
_18071_/A1                              0.750000    2.109152   -1.359152 (VIOLATED)
_09498_/A                               0.750000    2.109123   -1.359123 (VIOLATED)
_09499_/A                               0.750000    2.109121   -1.359120 (VIOLATED)
_17734_/B1                              0.750000    2.109120   -1.359120 (VIOLATED)
_17947_/B1                              0.750000    2.109121   -1.359120 (VIOLATED)
_17980_/A1                              0.750000    2.109121   -1.359121 (VIOLATED)
_17996_/B1                              0.750000    2.109121   -1.359120 (VIOLATED)
_18007_/A1                              0.750000    2.109121   -1.359120 (VIOLATED)
_18012_/A1                              0.750000    2.109120   -1.359120 (VIOLATED)
_18044_/A1                              0.750000    2.109119   -1.359119 (VIOLATED)
_17751_/B1                              0.750000    2.109117   -1.359117 (VIOLATED)
_17762_/B1                              0.750000    2.109119   -1.359119 (VIOLATED)
_18061_/A1                              0.750000    2.109119   -1.359119 (VIOLATED)
_18077_/A1                              0.750000    2.109119   -1.359119 (VIOLATED)
_09502_/A                               0.750000    2.109116   -1.359116 (VIOLATED)
_17758_/B1                              0.750000    2.109116   -1.359116 (VIOLATED)
_18055_/A1                              0.750000    2.109117   -1.359117 (VIOLATED)
_18132_/A1                              0.750000    2.109114   -1.359115 (VIOLATED)
_19530_/Q                               0.750000    2.109111   -1.359111 (VIOLATED)
_19545_/A                               0.750000    2.109111   -1.359111 (VIOLATED)
_18447_/B1                              0.750000    1.965895   -1.215895 (VIOLATED)
_18455_/B1                              0.750000    1.965894   -1.215894 (VIOLATED)
_18451_/B1                              0.750000    1.965893   -1.215893 (VIOLATED)
_18659_/B1                              0.750000    1.965894   -1.215894 (VIOLATED)
_18661_/B1                              0.750000    1.965895   -1.215895 (VIOLATED)
_18677_/B1                              0.750000    1.965895   -1.215895 (VIOLATED)
_18679_/B1                              0.750000    1.965891   -1.215891 (VIOLATED)
_18453_/B1                              0.750000    1.965885   -1.215885 (VIOLATED)
_18655_/B1                              0.750000    1.965883   -1.215883 (VIOLATED)
_18607_/B1                              0.750000    1.965878   -1.215878 (VIOLATED)
_18671_/B1                              0.750000    1.965873   -1.215873 (VIOLATED)
_18443_/B1                              0.750000    1.965868   -1.215868 (VIOLATED)
_18667_/B1                              0.750000    1.965869   -1.215869 (VIOLATED)
_18697_/B1                              0.750000    1.965870   -1.215870 (VIOLATED)
_18689_/B1                              0.750000    1.965868   -1.215868 (VIOLATED)
_18491_/B1                              0.750000    1.965864   -1.215864 (VIOLATED)
_18445_/B1                              0.750000    1.965862   -1.215862 (VIOLATED)
_18657_/B1                              0.750000    1.965852   -1.215852 (VIOLATED)
_18449_/B1                              0.750000    1.965849   -1.215849 (VIOLATED)
_18691_/B1                              0.750000    1.965847   -1.215847 (VIOLATED)
_18651_/B1                              0.750000    1.965839   -1.215839 (VIOLATED)
_18673_/B1                              0.750000    1.965840   -1.215840 (VIOLATED)
_18683_/B1                              0.750000    1.965839   -1.215839 (VIOLATED)
_18653_/B1                              0.750000    1.965835   -1.215835 (VIOLATED)
_18675_/B1                              0.750000    1.965826   -1.215826 (VIOLATED)
_18693_/B1                              0.750000    1.965826   -1.215826 (VIOLATED)
_18695_/B1                              0.750000    1.965825   -1.215825 (VIOLATED)
_18665_/B1                              0.750000    1.965822   -1.215822 (VIOLATED)
_18669_/B1                              0.750000    1.965820   -1.215820 (VIOLATED)
_18681_/B1                              0.750000    1.965806   -1.215806 (VIOLATED)
_18497_/B1                              0.750000    1.965785   -1.215785 (VIOLATED)
_18481_/B1                              0.750000    1.965765   -1.215765 (VIOLATED)
_18457_/B1                              0.750000    1.965752   -1.215752 (VIOLATED)
_18473_/B1                              0.750000    1.965712   -1.215712 (VIOLATED)
_18521_/B1                              0.750000    1.965671   -1.215671 (VIOLATED)
_18489_/B1                              0.750000    1.965663   -1.215663 (VIOLATED)
_18663_/B1                              0.750000    1.965663   -1.215663 (VIOLATED)
_18687_/B1                              0.750000    1.965661   -1.215661 (VIOLATED)
_18471_/B1                              0.750000    1.965659   -1.215659 (VIOLATED)
_18501_/B1                              0.750000    1.965657   -1.215657 (VIOLATED)
_18513_/B1                              0.750000    1.965652   -1.215652 (VIOLATED)
_18537_/B1                              0.750000    1.965601   -1.215601 (VIOLATED)
_18505_/B1                              0.750000    1.965583   -1.215583 (VIOLATED)
_18469_/B1                              0.750000    1.965569   -1.215570 (VIOLATED)
_18459_/B1                              0.750000    1.965543   -1.215543 (VIOLATED)
_18465_/B1                              0.750000    1.965543   -1.215543 (VIOLATED)
_18539_/B1                              0.750000    1.965544   -1.215544 (VIOLATED)
_18587_/B1                              0.750000    1.965544   -1.215544 (VIOLATED)
_18475_/B1                              0.750000    1.965542   -1.215542 (VIOLATED)
_18603_/B1                              0.750000    1.965542   -1.215542 (VIOLATED)
_18635_/B1                              0.750000    1.965543   -1.215543 (VIOLATED)
_18523_/B1                              0.750000    1.965541   -1.215541 (VIOLATED)
_18529_/B1                              0.750000    1.965540   -1.215540 (VIOLATED)
_18569_/B1                              0.750000    1.965537   -1.215537 (VIOLATED)
_18601_/B1                              0.750000    1.965535   -1.215535 (VIOLATED)
_18649_/B1                              0.750000    1.965534   -1.215534 (VIOLATED)
_18685_/B1                              0.750000    1.965525   -1.215525 (VIOLATED)
_18553_/B1                              0.750000    1.965484   -1.215484 (VIOLATED)
_18585_/B1                              0.750000    1.965485   -1.215485 (VIOLATED)
_18617_/B1                              0.750000    1.965484   -1.215484 (VIOLATED)
_18461_/B1                              0.750000    1.965455   -1.215455 (VIOLATED)
_18493_/B1                              0.750000    1.965439   -1.215439 (VIOLATED)
_18633_/B1                              0.750000    1.965433   -1.215433 (VIOLATED)
_18467_/B1                              0.750000    1.965416   -1.215416 (VIOLATED)
_18463_/B1                              0.750000    1.965362   -1.215362 (VIOLATED)
_18527_/B1                              0.750000    1.965362   -1.215362 (VIOLATED)
_18639_/B1                              0.750000    1.965363   -1.215363 (VIOLATED)
_18495_/B1                              0.750000    1.965360   -1.215360 (VIOLATED)
_18591_/B1                              0.750000    1.965358   -1.215358 (VIOLATED)
_18623_/B1                              0.750000    1.965356   -1.215356 (VIOLATED)
_18479_/B1                              0.750000    1.965353   -1.215353 (VIOLATED)
_18511_/B1                              0.750000    1.965352   -1.215352 (VIOLATED)
_18559_/B1                              0.750000    1.965350   -1.215350 (VIOLATED)
_18535_/B1                              0.750000    1.965348   -1.215348 (VIOLATED)
_18543_/B1                              0.750000    1.965345   -1.215345 (VIOLATED)
_18487_/B1                              0.750000    1.965338   -1.215338 (VIOLATED)
_18503_/B1                              0.750000    1.965334   -1.215334 (VIOLATED)
_18615_/B1                              0.750000    1.965330   -1.215330 (VIOLATED)
_18477_/B1                              0.750000    1.965326   -1.215326 (VIOLATED)
_18575_/B1                              0.750000    1.965320   -1.215320 (VIOLATED)
_18599_/B1                              0.750000    1.965320   -1.215320 (VIOLATED)
_18519_/B1                              0.750000    1.965312   -1.215312 (VIOLATED)
_18567_/B1                              0.750000    1.965309   -1.215309 (VIOLATED)
_18733_/B1                              0.750000    1.965307   -1.215307 (VIOLATED)
_18507_/B1                              0.750000    1.965304   -1.215304 (VIOLATED)
_18555_/B1                              0.750000    1.965304   -1.215304 (VIOLATED)
_18571_/B1                              0.750000    1.965304   -1.215304 (VIOLATED)
_18641_/B1                              0.750000    1.965303   -1.215303 (VIOLATED)
_18485_/B1                              0.750000    1.965301   -1.215301 (VIOLATED)
_18619_/B1                              0.750000    1.965302   -1.215302 (VIOLATED)
_18583_/B1                              0.750000    1.965299   -1.215299 (VIOLATED)
_18593_/B1                              0.750000    1.965298   -1.215298 (VIOLATED)
_18509_/B1                              0.750000    1.965292   -1.215292 (VIOLATED)
_18551_/B1                              0.750000    1.965291   -1.215291 (VIOLATED)
_18647_/B1                              0.750000    1.965286   -1.215286 (VIOLATED)
_18483_/B1                              0.750000    1.965283   -1.215283 (VIOLATED)
_18565_/B1                              0.750000    1.965278   -1.215278 (VIOLATED)
_18525_/B1                              0.750000    1.965274   -1.215274 (VIOLATED)
_18499_/B1                              0.750000    1.965261   -1.215261 (VIOLATED)
_18549_/B1                              0.750000    1.965253   -1.215253 (VIOLATED)
_18515_/B1                              0.750000    1.965214   -1.215214 (VIOLATED)
_18531_/B1                              0.750000    1.965185   -1.215185 (VIOLATED)
_18533_/B1                              0.750000    1.965186   -1.215186 (VIOLATED)
_18541_/B1                              0.750000    1.965186   -1.215186 (VIOLATED)
_18581_/B1                              0.750000    1.965186   -1.215186 (VIOLATED)
_18595_/B1                              0.750000    1.965186   -1.215186 (VIOLATED)
_18597_/B1                              0.750000    1.965186   -1.215186 (VIOLATED)
_18631_/B1                              0.750000    1.965186   -1.215186 (VIOLATED)
_18517_/B1                              0.750000    1.965146   -1.215146 (VIOLATED)
_18545_/B1                              0.750000    1.965082   -1.215082 (VIOLATED)
_18621_/B1                              0.750000    1.965082   -1.215082 (VIOLATED)
_18637_/B1                              0.750000    1.965082   -1.215082 (VIOLATED)
_18645_/B1                              0.750000    1.965083   -1.215083 (VIOLATED)
_18561_/B1                              0.750000    1.965081   -1.215081 (VIOLATED)
_18577_/B1                              0.750000    1.965081   -1.215081 (VIOLATED)
_18589_/B1                              0.750000    1.965082   -1.215082 (VIOLATED)
_18605_/B1                              0.750000    1.965081   -1.215082 (VIOLATED)
_18609_/B1                              0.750000    1.965082   -1.215082 (VIOLATED)
_18613_/B1                              0.750000    1.965083   -1.215083 (VIOLATED)
_18625_/B1                              0.750000    1.965081   -1.215081 (VIOLATED)
_18627_/B1                              0.750000    1.965081   -1.215081 (VIOLATED)
_18442_/X                               0.750000    1.965078   -1.215078 (VIOLATED)
_18547_/B1                              0.750000    1.965078   -1.215078 (VIOLATED)
_18557_/B1                              0.750000    1.965078   -1.215078 (VIOLATED)
_18563_/B1                              0.750000    1.965078   -1.215078 (VIOLATED)
_18573_/B1                              0.750000    1.965078   -1.215078 (VIOLATED)
_18579_/B1                              0.750000    1.965078   -1.215078 (VIOLATED)
_18611_/B1                              0.750000    1.965078   -1.215078 (VIOLATED)
_18629_/B1                              0.750000    1.965078   -1.215078 (VIOLATED)
_18643_/B1                              0.750000    1.965078   -1.215078 (VIOLATED)
_18447_/A1_N                            0.750000    1.790156   -1.040156 (VIOLATED)
_18455_/A1_N                            0.750000    1.790156   -1.040156 (VIOLATED)
_18661_/A1_N                            0.750000    1.790156   -1.040156 (VIOLATED)
_18659_/A1_N                            0.750000    1.790155   -1.040155 (VIOLATED)
_18677_/A1_N                            0.750000    1.790156   -1.040156 (VIOLATED)
_18451_/A1_N                            0.750000    1.790154   -1.040154 (VIOLATED)
_18679_/A1_N                            0.750000    1.790152   -1.040152 (VIOLATED)
_18453_/A1_N                            0.750000    1.790145   -1.040145 (VIOLATED)
_18655_/A1_N                            0.750000    1.790143   -1.040143 (VIOLATED)
_18607_/A1_N                            0.750000    1.790137   -1.040137 (VIOLATED)
_18671_/A1_N                            0.750000    1.790132   -1.040132 (VIOLATED)
_18697_/A1_N                            0.750000    1.790128   -1.040128 (VIOLATED)
_18443_/A1_N                            0.750000    1.790126   -1.040126 (VIOLATED)
_18667_/A1_N                            0.750000    1.790127   -1.040127 (VIOLATED)
_18689_/A1_N                            0.750000    1.790127   -1.040127 (VIOLATED)
_18491_/A1_N                            0.750000    1.790122   -1.040122 (VIOLATED)
_18445_/A1_N                            0.750000    1.790119   -1.040119 (VIOLATED)
_18657_/A1_N                            0.750000    1.790108   -1.040108 (VIOLATED)
_18449_/A1_N                            0.750000    1.790105   -1.040105 (VIOLATED)
_18691_/A1_N                            0.750000    1.790103   -1.040103 (VIOLATED)
_18651_/A1_N                            0.750000    1.790094   -1.040094 (VIOLATED)
_18673_/A1_N                            0.750000    1.790095   -1.040095 (VIOLATED)
_18683_/A1_N                            0.750000    1.790094   -1.040094 (VIOLATED)
_18653_/A1_N                            0.750000    1.790089   -1.040089 (VIOLATED)
_18675_/A1_N                            0.750000    1.790079   -1.040079 (VIOLATED)
_18693_/A1_N                            0.750000    1.790079   -1.040079 (VIOLATED)
_18695_/A1_N                            0.750000    1.790078   -1.040078 (VIOLATED)
_18665_/A1_N                            0.750000    1.790074   -1.040074 (VIOLATED)
_18669_/A1_N                            0.750000    1.790072   -1.040072 (VIOLATED)
_18681_/A1_N                            0.750000    1.790057   -1.040057 (VIOLATED)
_18497_/A1_N                            0.750000    1.790034   -1.040034 (VIOLATED)
_18481_/A1_N                            0.750000    1.790010   -1.040010 (VIOLATED)
_18457_/A1_N                            0.750000    1.789996   -1.039996 (VIOLATED)
_18473_/A1_N                            0.750000    1.789952   -1.039952 (VIOLATED)
_18521_/A1_N                            0.750000    1.789905   -1.039905 (VIOLATED)
_18489_/A1_N                            0.750000    1.789896   -1.039896 (VIOLATED)
_18663_/A1_N                            0.750000    1.789896   -1.039896 (VIOLATED)
_18687_/A1_N                            0.750000    1.789894   -1.039894 (VIOLATED)
_18471_/A1_N                            0.750000    1.789892   -1.039892 (VIOLATED)
_18501_/A1_N                            0.750000    1.789890   -1.039890 (VIOLATED)
_18513_/A1_N                            0.750000    1.789883   -1.039883 (VIOLATED)
_18537_/A1_N                            0.750000    1.789827   -1.039827 (VIOLATED)
_18505_/A1_N                            0.750000    1.789806   -1.039806 (VIOLATED)
_18469_/A1_N                            0.750000    1.789791   -1.039791 (VIOLATED)
_18539_/A1_N                            0.750000    1.789761   -1.039761 (VIOLATED)
_18459_/A1_N                            0.750000    1.789760   -1.039760 (VIOLATED)
_18465_/A1_N                            0.750000    1.789760   -1.039760 (VIOLATED)
_18587_/A1_N                            0.750000    1.789761   -1.039761 (VIOLATED)
_18475_/A1_N                            0.750000    1.789759   -1.039759 (VIOLATED)
_18603_/A1_N                            0.750000    1.789760   -1.039760 (VIOLATED)
_18635_/A1_N                            0.750000    1.789760   -1.039760 (VIOLATED)
_18523_/A1_N                            0.750000    1.789758   -1.039758 (VIOLATED)
_18529_/A1_N                            0.750000    1.789757   -1.039757 (VIOLATED)
_18569_/A1_N                            0.750000    1.789754   -1.039754 (VIOLATED)
_18601_/A1_N                            0.750000    1.789751   -1.039751 (VIOLATED)
_18649_/A1_N                            0.750000    1.789751   -1.039751 (VIOLATED)
_18685_/A1_N                            0.750000    1.789740   -1.039740 (VIOLATED)
_18553_/A1_N                            0.750000    1.789693   -1.039693 (VIOLATED)
_18585_/A1_N                            0.750000    1.789694   -1.039694 (VIOLATED)
_18617_/A1_N                            0.750000    1.789694   -1.039694 (VIOLATED)
_18461_/A1_N                            0.750000    1.789660   -1.039660 (VIOLATED)
_18493_/A1_N                            0.750000    1.789643   -1.039643 (VIOLATED)
_18633_/A1_N                            0.750000    1.789636   -1.039636 (VIOLATED)
_18467_/A1_N                            0.750000    1.789616   -1.039616 (VIOLATED)
_18463_/A1_N                            0.750000    1.789559   -1.039559 (VIOLATED)
_18639_/A1_N                            0.750000    1.789560   -1.039560 (VIOLATED)
_18527_/A1_N                            0.750000    1.789558   -1.039558 (VIOLATED)
_18495_/A1_N                            0.750000    1.789556   -1.039556 (VIOLATED)
_18591_/A1_N                            0.750000    1.789554   -1.039554 (VIOLATED)
_18623_/A1_N                            0.750000    1.789552   -1.039552 (VIOLATED)
_18479_/A1_N                            0.750000    1.789548   -1.039548 (VIOLATED)
_18511_/A1_N                            0.750000    1.789547   -1.039547 (VIOLATED)
_18559_/A1_N                            0.750000    1.789545   -1.039545 (VIOLATED)
_18535_/A1_N                            0.750000    1.789542   -1.039542 (VIOLATED)
_18543_/A1_N                            0.750000    1.789539   -1.039539 (VIOLATED)
_18487_/A1_N                            0.750000    1.789531   -1.039531 (VIOLATED)
_18503_/A1_N                            0.750000    1.789526   -1.039526 (VIOLATED)
_18477_/A1_N                            0.750000    1.789517   -1.039517 (VIOLATED)
_18615_/A1_N                            0.750000    1.789517   -1.039517 (VIOLATED)
_18575_/A1_N                            0.750000    1.789510   -1.039510 (VIOLATED)
_18599_/A1_N                            0.750000    1.789510   -1.039510 (VIOLATED)
_18519_/A1_N                            0.750000    1.789500   -1.039500 (VIOLATED)
_18567_/A1_N                            0.750000    1.789496   -1.039496 (VIOLATED)
_18485_/A1_N                            0.750000    1.789488   -1.039488 (VIOLATED)
_18583_/A1_N                            0.750000    1.789481   -1.039481 (VIOLATED)
_18509_/A1_N                            0.750000    1.789476   -1.039476 (VIOLATED)
_18551_/A1_N                            0.750000    1.789475   -1.039475 (VIOLATED)
_18483_/A1_N                            0.750000    1.789467   -1.039467 (VIOLATED)
_18647_/A1_N                            0.750000    1.789463   -1.039463 (VIOLATED)
_18565_/A1_N                            0.750000    1.789461   -1.039461 (VIOLATED)
_18525_/A1_N                            0.750000    1.789456   -1.039456 (VIOLATED)
_18499_/A1_N                            0.750000    1.789441   -1.039441 (VIOLATED)
_18549_/A1_N                            0.750000    1.789431   -1.039431 (VIOLATED)
_18515_/A1_N                            0.750000    1.789388   -1.039388 (VIOLATED)
_18597_/A1_N                            0.750000    1.789375   -1.039375 (VIOLATED)
_18517_/A1_N                            0.750000    1.789312   -1.039312 (VIOLATED)
_18442_/A                               0.750000    1.788518   -1.038518 (VIOLATED)
_18507_/A1_N                            0.750000    1.788518   -1.038518 (VIOLATED)
_18531_/A1_N                            0.750000    1.788518   -1.038518 (VIOLATED)
_18533_/A1_N                            0.750000    1.788518   -1.038518 (VIOLATED)
_18541_/A1_N                            0.750000    1.788518   -1.038518 (VIOLATED)
_18545_/A1_N                            0.750000    1.788518   -1.038518 (VIOLATED)
_18547_/A1_N                            0.750000    1.788518   -1.038518 (VIOLATED)
_18555_/A1_N                            0.750000    1.788518   -1.038518 (VIOLATED)
_18557_/A1_N                            0.750000    1.788518   -1.038518 (VIOLATED)
_18561_/A1_N                            0.750000    1.788518   -1.038518 (VIOLATED)
_18563_/A1_N                            0.750000    1.788518   -1.038518 (VIOLATED)
_18571_/A1_N                            0.750000    1.788518   -1.038518 (VIOLATED)
_18573_/A1_N                            0.750000    1.788518   -1.038518 (VIOLATED)
_18577_/A1_N                            0.750000    1.788518   -1.038518 (VIOLATED)
_18579_/A1_N                            0.750000    1.788518   -1.038518 (VIOLATED)
_18581_/A1_N                            0.750000    1.788518   -1.038518 (VIOLATED)
_18589_/A1_N                            0.750000    1.788518   -1.038518 (VIOLATED)
_18593_/A1_N                            0.750000    1.788518   -1.038518 (VIOLATED)
_18595_/A1_N                            0.750000    1.788518   -1.038518 (VIOLATED)
_18605_/A1_N                            0.750000    1.788518   -1.038518 (VIOLATED)
_18609_/A1_N                            0.750000    1.788518   -1.038518 (VIOLATED)
_18611_/A1_N                            0.750000    1.788518   -1.038518 (VIOLATED)
_18613_/A1_N                            0.750000    1.788518   -1.038518 (VIOLATED)
_18619_/A1_N                            0.750000    1.788518   -1.038518 (VIOLATED)
_18621_/A1_N                            0.750000    1.788518   -1.038518 (VIOLATED)
_18625_/A1_N                            0.750000    1.788518   -1.038518 (VIOLATED)
_18627_/A1_N                            0.750000    1.788518   -1.038518 (VIOLATED)
_18629_/A1_N                            0.750000    1.788518   -1.038518 (VIOLATED)
_18631_/A1_N                            0.750000    1.788518   -1.038518 (VIOLATED)
_18637_/A1_N                            0.750000    1.788518   -1.038518 (VIOLATED)
_18641_/A1_N                            0.750000    1.788518   -1.038518 (VIOLATED)
_18643_/A1_N                            0.750000    1.788518   -1.038518 (VIOLATED)
_18645_/A1_N                            0.750000    1.788518   -1.038518 (VIOLATED)
_18724_/B1_N                            0.750000    1.788518   -1.038518 (VIOLATED)
_19531_/Q                               0.750000    1.788518   -1.038518 (VIOLATED)
_17882_/A                               0.750000    1.615178   -0.865178 (VIOLATED)
_18126_/A                               0.750000    1.615175   -0.865175 (VIOLATED)
_18094_/A                               0.750000    1.615174   -0.865174 (VIOLATED)
_18128_/A                               0.750000    1.615169   -0.865169 (VIOLATED)
_17880_/A                               0.750000    1.615163   -0.865163 (VIOLATED)
_18130_/A                               0.750000    1.615161   -0.865161 (VIOLATED)
_18100_/A                               0.750000    1.615156   -0.865156 (VIOLATED)
_18084_/A                               0.750000    1.615155   -0.865155 (VIOLATED)
_18116_/A                               0.750000    1.615154   -0.865154 (VIOLATED)
_17874_/A                               0.750000    1.615148   -0.865148 (VIOLATED)
_18142_/A1                              0.750000    1.615148   -0.865148 (VIOLATED)
_17884_/A1                              0.750000    1.615086   -0.865086 (VIOLATED)
_18108_/A                               0.750000    1.615085   -0.865085 (VIOLATED)
_18106_/A                               0.750000    1.615078   -0.865078 (VIOLATED)
_18056_/A                               0.750000    1.615049   -0.865049 (VIOLATED)
_17896_/A                               0.750000    1.615044   -0.865044 (VIOLATED)
_17976_/A                               0.750000    1.615043   -0.865043 (VIOLATED)
_18008_/A                               0.750000    1.615041   -0.865041 (VIOLATED)
_17959_/A                               0.750000    1.615040   -0.865040 (VIOLATED)
_17942_/A                               0.750000    1.615035   -0.865035 (VIOLATED)
_17926_/A                               0.750000    1.615025   -0.865025 (VIOLATED)
_17888_/A                               0.750000    1.615012   -0.865012 (VIOLATED)
_17902_/A                               0.750000    1.615002   -0.865002 (VIOLATED)
_17900_/A1                              0.750000    1.614986   -0.864986 (VIOLATED)
_17986_/A                               0.750000    1.614970   -0.864970 (VIOLATED)
_17944_/A                               0.750000    1.614961   -0.864961 (VIOLATED)
_17970_/A                               0.750000    1.614961   -0.864961 (VIOLATED)
_17908_/A                               0.750000    1.614924   -0.864924 (VIOLATED)
_17968_/A                               0.750000    1.614924   -0.864924 (VIOLATED)
_18034_/A                               0.750000    1.614903   -0.864904 (VIOLATED)
_17974_/A                               0.750000    1.614892   -0.864892 (VIOLATED)
_17990_/A                               0.750000    1.614892   -0.864892 (VIOLATED)
_17957_/A                               0.750000    1.614890   -0.864890 (VIOLATED)
_17475_/A                               0.750000    1.614887   -0.864887 (VIOLATED)
_17476_/A                               0.750000    1.614887   -0.864887 (VIOLATED)
_18022_/A                               0.750000    1.614885   -0.864885 (VIOLATED)
_18062_/A                               0.750000    1.614881   -0.864881 (VIOLATED)
_17914_/A                               0.750000    1.614877   -0.864877 (VIOLATED)
_17951_/A                               0.750000    1.614877   -0.864877 (VIOLATED)
_17934_/A                               0.750000    1.614875   -0.864875 (VIOLATED)
_18078_/A                               0.750000    1.614873   -0.864873 (VIOLATED)
_17984_/A                               0.750000    1.614872   -0.864872 (VIOLATED)
_17932_/A1                              0.750000    1.614866   -0.864867 (VIOLATED)
_17940_/A                               0.750000    1.614866   -0.864867 (VIOLATED)
_17936_/A                               0.750000    1.614857   -0.864857 (VIOLATED)
_18048_/A                               0.750000    1.614856   -0.864856 (VIOLATED)
_17961_/A                               0.750000    1.614841   -0.864841 (VIOLATED)
_18082_/A                               0.750000    1.614834   -0.864834 (VIOLATED)
_17988_/A                               0.750000    1.614821   -0.864821 (VIOLATED)
_18020_/A                               0.750000    1.614821   -0.864821 (VIOLATED)
_09362_/Y                               0.750000    1.614812   -0.864812 (VIOLATED)
_18068_/A                               0.750000    1.614812   -0.864812 (VIOLATED)
_18153_/A                               0.750000    1.614812   -0.864812 (VIOLATED)
_18301_/A                               0.750000    1.614812   -0.864812 (VIOLATED)
_14437_/A                               0.750000    1.551410   -0.801410 (VIOLATED)
_14482_/B1                              0.750000    1.551410   -0.801410 (VIOLATED)
_14485_/A1                              0.750000    1.551410   -0.801410 (VIOLATED)
_15044_/S0                              0.750000    1.551407   -0.801408 (VIOLATED)
_15022_/A                               0.750000    1.551405   -0.801405 (VIOLATED)
_15020_/C1                              0.750000    1.551404   -0.801404 (VIOLATED)
_14445_/A                               0.750000    1.551403   -0.801403 (VIOLATED)
_14917_/B1                              0.750000    1.551402   -0.801402 (VIOLATED)
_14441_/A1                              0.750000    1.551401   -0.801401 (VIOLATED)
_14462_/A1                              0.750000    1.551401   -0.801401 (VIOLATED)
_15511_/C1                              0.750000    1.551398   -0.801398 (VIOLATED)
_15564_/B1                              0.750000    1.551399   -0.801399 (VIOLATED)
_15583_/A1                              0.750000    1.551399   -0.801399 (VIOLATED)
_14464_/A                               0.750000    1.551394   -0.801394 (VIOLATED)
_15510_/B1                              0.750000    1.551393   -0.801393 (VIOLATED)
_15513_/C1                              0.750000    1.551393   -0.801393 (VIOLATED)
_15580_/A1                              0.750000    1.551393   -0.801393 (VIOLATED)
_14476_/A                               0.750000    1.551391   -0.801391 (VIOLATED)
_14481_/A1                              0.750000    1.551391   -0.801391 (VIOLATED)
_15258_/C1                              0.750000    1.551391   -0.801391 (VIOLATED)
_15514_/A1                              0.750000    1.551391   -0.801391 (VIOLATED)
_15259_/B1                              0.750000    1.551391   -0.801391 (VIOLATED)
_15261_/A1                              0.750000    1.551391   -0.801391 (VIOLATED)
_15017_/C1                              0.750000    1.551389   -0.801389 (VIOLATED)
_15245_/A1                              0.750000    1.551389   -0.801389 (VIOLATED)
_15568_/B1                              0.750000    1.551389   -0.801389 (VIOLATED)
_15571_/C1                              0.750000    1.551388   -0.801388 (VIOLATED)
_15519_/A                               0.750000    1.551385   -0.801385 (VIOLATED)
_14736_/B1                              0.750000    1.551382   -0.801382 (VIOLATED)
_15520_/A1                              0.750000    1.551380   -0.801380 (VIOLATED)
_15323_/A1                              0.750000    1.551377   -0.801377 (VIOLATED)
_15502_/C1                              0.750000    1.551371   -0.801371 (VIOLATED)
_15324_/A1                              0.750000    1.551366   -0.801366 (VIOLATED)
_15499_/A1                              0.750000    1.551365   -0.801366 (VIOLATED)
_15570_/C1                              0.750000    1.551365   -0.801365 (VIOLATED)
_15309_/A                               0.750000    1.551360   -0.801360 (VIOLATED)
_15310_/A1                              0.750000    1.551352   -0.801352 (VIOLATED)
_15509_/A1                              0.750000    1.551349   -0.801349 (VIOLATED)
_15508_/C1                              0.750000    1.551348   -0.801348 (VIOLATED)
_14426_/B1                              0.750000    1.551347   -0.801347 (VIOLATED)
_15305_/B1                              0.750000    1.551344   -0.801344 (VIOLATED)
_15325_/C1                              0.750000    1.551316   -0.801316 (VIOLATED)
_14744_/B                               0.750000    1.551307   -0.801307 (VIOLATED)
_14763_/A1                              0.750000    1.551308   -0.801308 (VIOLATED)
_14904_/C1                              0.750000    1.551308   -0.801308 (VIOLATED)
_15505_/B1                              0.750000    1.551282   -0.801282 (VIOLATED)
_14759_/A1                              0.750000    1.551262   -0.801262 (VIOLATED)
_15318_/C1                              0.750000    1.551246   -0.801246 (VIOLATED)
_14748_/C1                              0.750000    1.551245   -0.801245 (VIOLATED)
_14934_/B                               0.750000    1.551245   -0.801245 (VIOLATED)
_15303_/B1                              0.750000    1.551244   -0.801245 (VIOLATED)
_15304_/C1                              0.750000    1.551245   -0.801245 (VIOLATED)
_15569_/C1                              0.750000    1.551245   -0.801245 (VIOLATED)
_15321_/B2                              0.750000    1.551243   -0.801243 (VIOLATED)
_15327_/B1                              0.750000    1.551241   -0.801241 (VIOLATED)
_14760_/A1                              0.750000    1.551190   -0.801190 (VIOLATED)
_15033_/C                               0.750000    1.551188   -0.801188 (VIOLATED)
_15256_/B1                              0.750000    1.551188   -0.801188 (VIOLATED)
_15257_/C1                              0.750000    1.551188   -0.801188 (VIOLATED)
_14390_/B1                              0.750000    1.551187   -0.801187 (VIOLATED)
_15521_/B2                              0.750000    1.551188   -0.801188 (VIOLATED)
_14400_/A1                              0.750000    1.551186   -0.801186 (VIOLATED)
_14422_/B1                              0.750000    1.551185   -0.801185 (VIOLATED)
_14726_/B1                              0.750000    1.551180   -0.801180 (VIOLATED)
_15263_/A1                              0.750000    1.551180   -0.801180 (VIOLATED)
_14719_/B1                              0.750000    1.551177   -0.801177 (VIOLATED)
_15025_/C1                              0.750000    1.551175   -0.801175 (VIOLATED)
_15027_/C                               0.750000    1.551175   -0.801175 (VIOLATED)
_15029_/C1                              0.750000    1.551175   -0.801175 (VIOLATED)
_15249_/B1                              0.750000    1.551173   -0.801173 (VIOLATED)
_15251_/A1                              0.750000    1.551173   -0.801173 (VIOLATED)
_14722_/B1                              0.750000    1.551168   -0.801168 (VIOLATED)
_14468_/A                               0.750000    1.551157   -0.801157 (VIOLATED)
_15034_/C1                              0.750000    1.551141   -0.801141 (VIOLATED)
_14919_/A1                              0.750000    1.551140   -0.801140 (VIOLATED)
_15560_/D1                              0.750000    1.551140   -0.801140 (VIOLATED)
_15308_/A2                              0.750000    1.551131   -0.801131 (VIOLATED)
_14731_/A1                              0.750000    1.551130   -0.801130 (VIOLATED)
_14739_/D1                              0.750000    1.551130   -0.801130 (VIOLATED)
_14932_/C1                              0.750000    1.551130   -0.801130 (VIOLATED)
_15574_/B1                              0.750000    1.551131   -0.801131 (VIOLATED)
_14924_/A                               0.750000    1.551129   -0.801129 (VIOLATED)
_14909_/A                               0.750000    1.551115   -0.801115 (VIOLATED)
_14907_/A                               0.750000    1.551109   -0.801109 (VIOLATED)
_09451_/A                               0.750000    1.551092   -0.801092 (VIOLATED)
_17763_/A1                              0.750000    1.550652   -0.800652 (VIOLATED)
_18954_/Q                               0.750000    1.550652   -0.800652 (VIOLATED)
_17200_/C1                              0.750000    1.458575   -0.708575 (VIOLATED)
_16009_/B1                              0.750000    1.458574   -0.708574 (VIOLATED)
_17074_/A                               0.750000    1.458572   -0.708572 (VIOLATED)
_16725_/B1                              0.750000    1.458571   -0.708571 (VIOLATED)
_17089_/B2                              0.750000    1.458569   -0.708569 (VIOLATED)
_16018_/B2                              0.750000    1.458568   -0.708568 (VIOLATED)
_17086_/A1                              0.750000    1.458566   -0.708566 (VIOLATED)
_17199_/A                               0.750000    1.458566   -0.708566 (VIOLATED)
_17205_/A                               0.750000    1.458566   -0.708566 (VIOLATED)
_16565_/A                               0.750000    1.458563   -0.708563 (VIOLATED)
_16566_/C1                              0.750000    1.458563   -0.708563 (VIOLATED)
_17075_/C1                              0.750000    1.458562   -0.708563 (VIOLATED)
_16736_/B1                              0.750000    1.458562   -0.708562 (VIOLATED)
_17198_/C1                              0.750000    1.458562   -0.708562 (VIOLATED)
_17214_/C1                              0.750000    1.458559   -0.708559 (VIOLATED)
_16082_/B1                              0.750000    1.458556   -0.708556 (VIOLATED)
_16844_/A                               0.750000    1.458556   -0.708556 (VIOLATED)
_16578_/A1                              0.750000    1.458548   -0.708548 (VIOLATED)
_16723_/C1                              0.750000    1.458548   -0.708548 (VIOLATED)
_16869_/C1                              0.750000    1.458548   -0.708548 (VIOLATED)
_16007_/A                               0.750000    1.458546   -0.708546 (VIOLATED)
_17077_/A                               0.750000    1.458546   -0.708546 (VIOLATED)
_16394_/C1                              0.750000    1.458542   -0.708542 (VIOLATED)
_16707_/C1                              0.750000    1.458542   -0.708542 (VIOLATED)
_16713_/B                               0.750000    1.458538   -0.708538 (VIOLATED)
_16719_/C1                              0.750000    1.458538   -0.708538 (VIOLATED)
_16405_/A1                              0.750000    1.458536   -0.708536 (VIOLATED)
_16851_/A1                              0.750000    1.458536   -0.708536 (VIOLATED)
_16564_/B1                              0.750000    1.458535   -0.708535 (VIOLATED)
_16870_/B1                              0.750000    1.458535   -0.708535 (VIOLATED)
_16721_/B1                              0.750000    1.458533   -0.708533 (VIOLATED)
_17096_/B1                              0.750000    1.458532   -0.708532 (VIOLATED)
_17085_/C1                              0.750000    1.458525   -0.708525 (VIOLATED)
_16052_/C1                              0.750000    1.458517   -0.708517 (VIOLATED)
_16374_/B1                              0.750000    1.458516   -0.708516 (VIOLATED)
_16025_/A1                              0.750000    1.458515   -0.708515 (VIOLATED)
_16847_/A1_N                            0.750000    1.458514   -0.708514 (VIOLATED)
_16730_/C1                              0.750000    1.458512   -0.708512 (VIOLATED)
_09479_/A                               0.750000    1.458511   -0.708511 (VIOLATED)
_17202_/C1                              0.750000    1.458511   -0.708511 (VIOLATED)
_16376_/A1                              0.750000    1.458510   -0.708510 (VIOLATED)
_16042_/A1                              0.750000    1.458506   -0.708506 (VIOLATED)
_16942_/B1                              0.750000    1.458505   -0.708505 (VIOLATED)
_16956_/A1                              0.750000    1.458500   -0.708500 (VIOLATED)
_16739_/A1                              0.750000    1.458499   -0.708499 (VIOLATED)
_17097_/C1                              0.750000    1.458495   -0.708495 (VIOLATED)
_16861_/B1                              0.750000    1.458493   -0.708493 (VIOLATED)
_16854_/B2                              0.750000    1.458485   -0.708485 (VIOLATED)
_16064_/C1                              0.750000    1.458480   -0.708480 (VIOLATED)
_16382_/A1                              0.750000    1.458480   -0.708480 (VIOLATED)
_16581_/A                               0.750000    1.458476   -0.708476 (VIOLATED)
_16950_/A1                              0.750000    1.458462   -0.708462 (VIOLATED)
_17092_/B1                              0.750000    1.458462   -0.708462 (VIOLATED)
_16850_/A                               0.750000    1.458459   -0.708459 (VIOLATED)
_16397_/A2                              0.750000    1.458457   -0.708457 (VIOLATED)
_16962_/A1                              0.750000    1.458456   -0.708456 (VIOLATED)
_16410_/B                               0.750000    1.458455   -0.708455 (VIOLATED)
_16867_/C1                              0.750000    1.458451   -0.708451 (VIOLATED)
_16023_/B1                              0.750000    1.458446   -0.708446 (VIOLATED)
_16079_/A_N                             0.750000    1.458435   -0.708435 (VIOLATED)
_16090_/A1                              0.750000    1.458430   -0.708430 (VIOLATED)
_16963_/A1                              0.750000    1.458409   -0.708409 (VIOLATED)
_16413_/D1                              0.750000    1.458400   -0.708400 (VIOLATED)
_16941_/B1                              0.750000    1.458400   -0.708400 (VIOLATED)
_16412_/A1                              0.750000    1.458386   -0.708386 (VIOLATED)
_16411_/C1                              0.750000    1.458378   -0.708378 (VIOLATED)
_17218_/C1                              0.750000    1.458365   -0.708365 (VIOLATED)
_16381_/A                               0.750000    1.458363   -0.708363 (VIOLATED)
_16077_/B1                              0.750000    1.458358   -0.708358 (VIOLATED)
_17217_/C1                              0.750000    1.458340   -0.708340 (VIOLATED)
_16096_/C1                              0.750000    1.458329   -0.708329 (VIOLATED)
_16949_/B1                              0.750000    1.458329   -0.708329 (VIOLATED)
_16948_/A1                              0.750000    1.458328   -0.708328 (VIOLATED)
_16068_/A1                              0.750000    1.458326   -0.708326 (VIOLATED)
_16945_/B2                              0.750000    1.458323   -0.708324 (VIOLATED)
_16093_/A                               0.750000    1.458302   -0.708302 (VIOLATED)
_17864_/A1                              0.750000    1.455875   -0.705875 (VIOLATED)
_18986_/Q                               0.750000    1.455875   -0.705875 (VIOLATED)
_09638_/A                               0.750000    1.413639   -0.663639 (VIOLATED)
_09642_/B1                              0.750000    1.413640   -0.663640 (VIOLATED)
_09657_/A                               0.750000    1.413639   -0.663639 (VIOLATED)
_09717_/A                               0.750000    1.413636   -0.663636 (VIOLATED)
_09367_/A                               0.750000    1.413627   -0.663627 (VIOLATED)
_09663_/B1_N                            0.750000    1.413626   -0.663626 (VIOLATED)
_09679_/A                               0.750000    1.413623   -0.663623 (VIOLATED)
_11187_/B1                              0.750000    1.413618   -0.663618 (VIOLATED)
_10698_/A1                              0.750000    1.413617   -0.663617 (VIOLATED)
_10710_/A1                              0.750000    1.413612   -0.663612 (VIOLATED)
_10696_/A1                              0.750000    1.413602   -0.663602 (VIOLATED)
_09691_/B                               0.750000    1.413590   -0.663590 (VIOLATED)
_09699_/A                               0.750000    1.413586   -0.663586 (VIOLATED)
_09693_/A                               0.750000    1.413562   -0.663562 (VIOLATED)
_09714_/A1                              0.750000    1.413526   -0.663526 (VIOLATED)
_09673_/B1                              0.750000    1.413520   -0.663520 (VIOLATED)
_09700_/B1                              0.750000    1.413495   -0.663495 (VIOLATED)
_10711_/A1                              0.750000    1.413495   -0.663495 (VIOLATED)
_11188_/A1                              0.750000    1.413491   -0.663491 (VIOLATED)
_09689_/A1                              0.750000    1.413479   -0.663479 (VIOLATED)
_10688_/A1                              0.750000    1.413479   -0.663479 (VIOLATED)
_09748_/A                               0.750000    1.413437   -0.663437 (VIOLATED)
_10859_/A1                              0.750000    1.413435   -0.663435 (VIOLATED)
_10856_/B2                              0.750000    1.413433   -0.663433 (VIOLATED)
_10407_/A1                              0.750000    1.413406   -0.663406 (VIOLATED)
_10413_/A1                              0.750000    1.413405   -0.663405 (VIOLATED)
_10867_/A                               0.750000    1.413403   -0.663403 (VIOLATED)
_09761_/B1                              0.750000    1.413398   -0.663398 (VIOLATED)
_10397_/A1                              0.750000    1.413398   -0.663398 (VIOLATED)
_10691_/B1                              0.750000    1.413306   -0.663306 (VIOLATED)
_09738_/C                               0.750000    1.413275   -0.663275 (VIOLATED)
_09747_/B1                              0.750000    1.413260   -0.663260 (VIOLATED)
_10703_/B2                              0.750000    1.413260   -0.663260 (VIOLATED)
_09721_/A                               0.750000    1.413257   -0.663257 (VIOLATED)
_10503_/A1                              0.750000    1.413246   -0.663246 (VIOLATED)
_09653_/A                               0.750000    1.413245   -0.663245 (VIOLATED)
_11034_/A1                              0.750000    1.413244   -0.663244 (VIOLATED)
_09640_/B1_N                            0.750000    1.413239   -0.663239 (VIOLATED)
_10514_/A1                              0.750000    1.413233   -0.663233 (VIOLATED)
_09667_/B                               0.750000    1.413232   -0.663232 (VIOLATED)
_09757_/A                               0.750000    1.413224   -0.663224 (VIOLATED)
_09637_/B                               0.750000    1.413220   -0.663220 (VIOLATED)
_10497_/A1                              0.750000    1.413205   -0.663205 (VIOLATED)
_09702_/A                               0.750000    1.413187   -0.663187 (VIOLATED)
_09711_/A                               0.750000    1.413180   -0.663180 (VIOLATED)
_09767_/A1                              0.750000    1.413180   -0.663180 (VIOLATED)
_11016_/B2                              0.750000    1.413173   -0.663173 (VIOLATED)
_09701_/A1                              0.750000    1.413128   -0.663128 (VIOLATED)
_11026_/A                               0.750000    1.413115   -0.663115 (VIOLATED)
_09681_/A                               0.750000    1.413114   -0.663114 (VIOLATED)
_11027_/A1                              0.750000    1.413115   -0.663115 (VIOLATED)
_09734_/A1                              0.750000    1.413065   -0.663065 (VIOLATED)
_09685_/A                               0.750000    1.412918   -0.662918 (VIOLATED)
_10402_/A                               0.750000    1.412916   -0.662916 (VIOLATED)
_11192_/A1                              0.750000    1.412916   -0.662916 (VIOLATED)
_09639_/A                               0.750000    1.412913   -0.662913 (VIOLATED)
_10401_/A1                              0.750000    1.412899   -0.662899 (VIOLATED)
_11183_/A                               0.750000    1.412896   -0.662896 (VIOLATED)
_09760_/A1                              0.750000    1.412880   -0.662880 (VIOLATED)
_09735_/A                               0.750000    1.412857   -0.662857 (VIOLATED)
_11178_/A1                              0.750000    1.412667   -0.662667 (VIOLATED)
_11169_/A1                              0.750000    1.412647   -0.662647 (VIOLATED)
_11170_/A1                              0.750000    1.412646   -0.662646 (VIOLATED)
_09705_/A_N                             0.750000    1.412645   -0.662645 (VIOLATED)
_09731_/B1                              0.750000    1.412644   -0.662644 (VIOLATED)
_09720_/B1                              0.750000    1.412638   -0.662638 (VIOLATED)
_11021_/A1                              0.750000    1.412632   -0.662632 (VIOLATED)
_11024_/A                               0.750000    1.412627   -0.662627 (VIOLATED)
_09768_/A                               0.750000    1.412584   -0.662584 (VIOLATED)
_17586_/A0                              0.750000    1.408853   -0.658853 (VIOLATED)
_18897_/Q                               0.750000    1.408853   -0.658853 (VIOLATED)
_09450_/A                               0.750000    1.407693   -0.657693 (VIOLATED)
_14444_/B1                              0.750000    1.407694   -0.657694 (VIOLATED)
_14449_/A                               0.750000    1.407691   -0.657691 (VIOLATED)
_14450_/A1                              0.750000    1.407691   -0.657691 (VIOLATED)
_14482_/A1                              0.750000    1.407691   -0.657691 (VIOLATED)
_14483_/A1                              0.750000    1.407691   -0.657691 (VIOLATED)
_14484_/A1                              0.750000    1.407690   -0.657690 (VIOLATED)
_15040_/A1                              0.750000    1.407681   -0.657681 (VIOLATED)
_14434_/A_N                             0.750000    1.407676   -0.657676 (VIOLATED)
_15020_/A1                              0.750000    1.407676   -0.657676 (VIOLATED)
_14751_/A                               0.750000    1.407674   -0.657674 (VIOLATED)
_14473_/A                               0.750000    1.407669   -0.657669 (VIOLATED)
_14730_/A                               0.750000    1.407661   -0.657661 (VIOLATED)
_15562_/B1                              0.750000    1.407661   -0.657661 (VIOLATED)
_14745_/B1                              0.750000    1.407660   -0.657660 (VIOLATED)
_15504_/A1                              0.750000    1.407660   -0.657660 (VIOLATED)
_14403_/B1_N                            0.750000    1.407659   -0.657659 (VIOLATED)
_15572_/A                               0.750000    1.407658   -0.657658 (VIOLATED)
_15568_/A1                              0.750000    1.407649   -0.657649 (VIOLATED)
_14430_/A                               0.750000    1.407642   -0.657642 (VIOLATED)
_14458_/A1                              0.750000    1.407642   -0.657642 (VIOLATED)
_15511_/A1                              0.750000    1.407641   -0.657641 (VIOLATED)
_14410_/B1                              0.750000    1.407639   -0.657639 (VIOLATED)
_15513_/A1                              0.750000    1.407638   -0.657638 (VIOLATED)
_14926_/B                               0.750000    1.407619   -0.657619 (VIOLATED)
_14927_/A1                              0.750000    1.407612   -0.657612 (VIOLATED)
_15507_/A2                              0.750000    1.407595   -0.657595 (VIOLATED)
_14423_/B1_N                            0.750000    1.407565   -0.657565 (VIOLATED)
_15577_/A2                              0.750000    1.407566   -0.657566 (VIOLATED)
_14402_/B1_N                            0.750000    1.407564   -0.657564 (VIOLATED)
_14904_/A1                              0.750000    1.407564   -0.657564 (VIOLATED)
_14753_/A1                              0.750000    1.407563   -0.657563 (VIOLATED)
_14752_/A1                              0.750000    1.407560   -0.657560 (VIOLATED)
_14471_/A                               0.750000    1.407542   -0.657542 (VIOLATED)
_14475_/B1                              0.750000    1.407541   -0.657541 (VIOLATED)
_14915_/A                               0.750000    1.407541   -0.657541 (VIOLATED)
_15021_/A_N                             0.750000    1.407541   -0.657541 (VIOLATED)
_14478_/B1                              0.750000    1.407540   -0.657540 (VIOLATED)
_14916_/A1                              0.750000    1.407539   -0.657539 (VIOLATED)
_14432_/B1_N                            0.750000    1.407533   -0.657533 (VIOLATED)
_15497_/A1                              0.750000    1.407531   -0.657531 (VIOLATED)
_14456_/C1                              0.750000    1.407525   -0.657525 (VIOLATED)
_15032_/A                               0.750000    1.407525   -0.657525 (VIOLATED)
_15302_/B1                              0.750000    1.407524   -0.657525 (VIOLATED)
_14448_/B                               0.750000    1.407524   -0.657524 (VIOLATED)
_15570_/A1                              0.750000    1.407524   -0.657524 (VIOLATED)
_15258_/A1                              0.750000    1.407521   -0.657521 (VIOLATED)
_14389_/A                               0.750000    1.407521   -0.657520 (VIOLATED)
_14425_/A                               0.750000    1.407520   -0.657520 (VIOLATED)
_14747_/A                               0.750000    1.407517   -0.657517 (VIOLATED)
_14737_/A                               0.750000    1.407516   -0.657516 (VIOLATED)
_15256_/A1                              0.750000    1.407507   -0.657507 (VIOLATED)
_14906_/A                               0.750000    1.407501   -0.657502 (VIOLATED)
_14465_/B                               0.750000    1.407501   -0.657501 (VIOLATED)
_14378_/B                               0.750000    1.407493   -0.657493 (VIOLATED)
_14399_/A                               0.750000    1.407492   -0.657492 (VIOLATED)
_14398_/C1                              0.750000    1.407483   -0.657483 (VIOLATED)
_14935_/A1                              0.750000    1.407472   -0.657472 (VIOLATED)
_14421_/B1                              0.750000    1.407465   -0.657465 (VIOLATED)
_15569_/A1                              0.750000    1.407465   -0.657465 (VIOLATED)
_15241_/A                               0.750000    1.407452   -0.657452 (VIOLATED)
_14733_/A                               0.750000    1.407450   -0.657450 (VIOLATED)
_14746_/B1                              0.750000    1.407450   -0.657450 (VIOLATED)
_14742_/A                               0.750000    1.407450   -0.657450 (VIOLATED)
_14932_/A1                              0.750000    1.407450   -0.657450 (VIOLATED)
_14439_/B1                              0.750000    1.407449   -0.657449 (VIOLATED)
_14453_/A                               0.750000    1.407448   -0.657448 (VIOLATED)
_15248_/A                               0.750000    1.407443   -0.657443 (VIOLATED)
_14920_/B                               0.750000    1.407441   -0.657441 (VIOLATED)
_15250_/A                               0.750000    1.407442   -0.657442 (VIOLATED)
_14438_/A                               0.750000    1.407438   -0.657438 (VIOLATED)
_14911_/B2                              0.750000    1.407415   -0.657415 (VIOLATED)
_15034_/A1                              0.750000    1.407416   -0.657416 (VIOLATED)
_14923_/B                               0.750000    1.407411   -0.657411 (VIOLATED)
_14913_/A1                              0.750000    1.407399   -0.657399 (VIOLATED)
_14433_/B1_N                            0.750000    1.407394   -0.657394 (VIOLATED)
_14379_/B                               0.750000    1.407385   -0.657385 (VIOLATED)
_14727_/B                               0.750000    1.407385   -0.657385 (VIOLATED)
_14922_/A                               0.750000    1.407378   -0.657378 (VIOLATED)
_14467_/B                               0.750000    1.407369   -0.657369 (VIOLATED)
_14459_/B                               0.750000    1.407339   -0.657339 (VIOLATED)
_17759_/A1                              0.750000    1.406808   -0.656808 (VIOLATED)
_18953_/Q                               0.750000    1.406808   -0.656808 (VIOLATED)
_10163_/B1                              0.750000    1.390542   -0.640542 (VIOLATED)
_10168_/A_N                             0.750000    1.390542   -0.640542 (VIOLATED)
_10461_/A                               0.750000    1.390542   -0.640542 (VIOLATED)
_09395_/A                               0.750000    1.390541   -0.640541 (VIOLATED)
_10462_/A1                              0.750000    1.390542   -0.640542 (VIOLATED)
_10463_/B1                              0.750000    1.390542   -0.640542 (VIOLATED)
_10176_/B1                              0.750000    1.390540   -0.640540 (VIOLATED)
_10180_/A                               0.750000    1.390540   -0.640541 (VIOLATED)
_10193_/A                               0.750000    1.390541   -0.640541 (VIOLATED)
_10206_/A                               0.750000    1.390541   -0.640541 (VIOLATED)
_10210_/B                               0.750000    1.390541   -0.640541 (VIOLATED)
_10828_/C1                              0.750000    1.390540   -0.640540 (VIOLATED)
_10836_/A1                              0.750000    1.390540   -0.640540 (VIOLATED)
_10837_/B                               0.750000    1.390541   -0.640541 (VIOLATED)
_10224_/A1                              0.750000    1.390540   -0.640540 (VIOLATED)
_10218_/A1                              0.750000    1.390538   -0.640539 (VIOLATED)
_10435_/B1_N                            0.750000    1.390537   -0.640537 (VIOLATED)
_10244_/A1                              0.750000    1.390536   -0.640536 (VIOLATED)
_10445_/A                               0.750000    1.390535   -0.640535 (VIOLATED)
_10672_/A1                              0.750000    1.390534   -0.640534 (VIOLATED)
_10976_/S1                              0.750000    1.390533   -0.640533 (VIOLATED)
_10977_/A1                              0.750000    1.390533   -0.640533 (VIOLATED)
_10192_/A                               0.750000    1.390532   -0.640532 (VIOLATED)
_10229_/B                               0.750000    1.390532   -0.640532 (VIOLATED)
_10230_/B                               0.750000    1.390532   -0.640532 (VIOLATED)
_10431_/A1                              0.750000    1.390532   -0.640532 (VIOLATED)
_10450_/A1                              0.750000    1.390531   -0.640531 (VIOLATED)
_10433_/A                               0.750000    1.390530   -0.640530 (VIOLATED)
_11139_/A1                              0.750000    1.390530   -0.640530 (VIOLATED)
_10220_/A                               0.750000    1.390527   -0.640527 (VIOLATED)
_10228_/A1                              0.750000    1.390526   -0.640526 (VIOLATED)
_10236_/A                               0.750000    1.390527   -0.640527 (VIOLATED)
_10217_/B                               0.750000    1.390524   -0.640524 (VIOLATED)
_10232_/A                               0.750000    1.390524   -0.640524 (VIOLATED)
_10235_/A                               0.750000    1.390523   -0.640523 (VIOLATED)
_10167_/A                               0.750000    1.390521   -0.640521 (VIOLATED)
_10169_/A_N                             0.750000    1.390522   -0.640522 (VIOLATED)
_10172_/B                               0.750000    1.390520   -0.640520 (VIOLATED)
_10205_/A                               0.750000    1.390520   -0.640520 (VIOLATED)
_10240_/B1_N                            0.750000    1.390520   -0.640520 (VIOLATED)
_10990_/A1                              0.750000    1.390520   -0.640520 (VIOLATED)
_10655_/C                               0.750000    1.390517   -0.640517 (VIOLATED)
_10470_/A1                              0.750000    1.390516   -0.640516 (VIOLATED)
_10474_/B1                              0.750000    1.390516   -0.640516 (VIOLATED)
_11296_/A1                              0.750000    1.390516   -0.640516 (VIOLATED)
_10659_/A                               0.750000    1.390515   -0.640515 (VIOLATED)
_10660_/A1                              0.750000    1.390514   -0.640515 (VIOLATED)
_10658_/A1                              0.750000    1.390510   -0.640510 (VIOLATED)
_10670_/A                               0.750000    1.390510   -0.640510 (VIOLATED)
_11402_/A1                              0.750000    1.390491   -0.640491 (VIOLATED)
_10456_/B1                              0.750000    1.390486   -0.640486 (VIOLATED)
_10467_/A1                              0.750000    1.390486   -0.640486 (VIOLATED)
_11152_/A1                              0.750000    1.390485   -0.640485 (VIOLATED)
_11401_/A1                              0.750000    1.390483   -0.640483 (VIOLATED)
_11399_/B                               0.750000    1.390477   -0.640477 (VIOLATED)
_10166_/A                               0.750000    1.390469   -0.640469 (VIOLATED)
_10839_/A1                              0.750000    1.390469   -0.640469 (VIOLATED)
_11148_/A1                              0.750000    1.390469   -0.640469 (VIOLATED)
_11403_/A1                              0.750000    1.390470   -0.640470 (VIOLATED)
_10223_/A                               0.750000    1.390468   -0.640468 (VIOLATED)
_10164_/B1                              0.750000    1.390465   -0.640465 (VIOLATED)
_10663_/A                               0.750000    1.390465   -0.640465 (VIOLATED)
_11294_/A                               0.750000    1.390465   -0.640465 (VIOLATED)
_11295_/B2                              0.750000    1.390465   -0.640465 (VIOLATED)
_10823_/C1                              0.750000    1.390464   -0.640464 (VIOLATED)
_11137_/A1                              0.750000    1.390464   -0.640464 (VIOLATED)
_11136_/A1                              0.750000    1.390463   -0.640463 (VIOLATED)
_10191_/B1                              0.750000    1.390462   -0.640462 (VIOLATED)
_10183_/A                               0.750000    1.390462   -0.640462 (VIOLATED)
_10185_/A                               0.750000    1.390462   -0.640462 (VIOLATED)
_10209_/B                               0.750000    1.390462   -0.640462 (VIOLATED)
_10436_/B                               0.750000    1.390462   -0.640462 (VIOLATED)
_10437_/B                               0.750000    1.390462   -0.640462 (VIOLATED)
_10446_/B1                              0.750000    1.390462   -0.640462 (VIOLATED)
_10449_/A_N                             0.750000    1.390462   -0.640462 (VIOLATED)
_10643_/B1                              0.750000    1.390462   -0.640462 (VIOLATED)
_10653_/B1                              0.750000    1.390462   -0.640462 (VIOLATED)
_10827_/A                               0.750000    1.390462   -0.640462 (VIOLATED)
_10831_/A1                              0.750000    1.390462   -0.640462 (VIOLATED)
_11281_/B1                              0.750000    1.390462   -0.640462 (VIOLATED)
_11385_/A1                              0.750000    1.390462   -0.640462 (VIOLATED)
_17928_/A1                              0.750000    1.390462   -0.640462 (VIOLATED)
_19017_/Q                               0.750000    1.390462   -0.640462 (VIOLATED)
_10507_/B1                              0.750000    1.358398   -0.608398 (VIOLATED)
_10510_/A                               0.750000    1.358398   -0.608398 (VIOLATED)
_09725_/A                               0.750000    1.358396   -0.608396 (VIOLATED)
_09656_/A1                              0.750000    1.358395   -0.608395 (VIOLATED)
_09665_/A                               0.750000    1.358393   -0.608393 (VIOLATED)
_10698_/C1                              0.750000    1.358373   -0.608373 (VIOLATED)
_10700_/C1                              0.750000    1.358373   -0.608373 (VIOLATED)
_10490_/B1                              0.750000    1.358371   -0.608371 (VIOLATED)
_10518_/B2                              0.750000    1.358370   -0.608370 (VIOLATED)
_09714_/C1                              0.750000    1.358368   -0.608368 (VIOLATED)
_09684_/A1                              0.750000    1.358328   -0.608329 (VIOLATED)
_09683_/A1                              0.750000    1.358327   -0.608327 (VIOLATED)
_10710_/C1                              0.750000    1.358295   -0.608295 (VIOLATED)
_10696_/C1                              0.750000    1.358294   -0.608294 (VIOLATED)
_10697_/A1                              0.750000    1.358294   -0.608294 (VIOLATED)
_10874_/S                               0.750000    1.358294   -0.608294 (VIOLATED)
_10875_/A1_N                            0.750000    1.358294   -0.608294 (VIOLATED)
_09691_/A_N                             0.750000    1.358292   -0.608292 (VIOLATED)
_09693_/B                               0.750000    1.358288   -0.608288 (VIOLATED)
_09723_/B1                              0.750000    1.358285   -0.608285 (VIOLATED)
_10708_/C1                              0.750000    1.358276   -0.608276 (VIOLATED)
_10516_/A1                              0.750000    1.358268   -0.608268 (VIOLATED)
_10499_/A                               0.750000    1.358266   -0.608266 (VIOLATED)
_10408_/B1                              0.750000    1.358265   -0.608265 (VIOLATED)
_10501_/B1                              0.750000    1.358263   -0.608264 (VIOLATED)
_10406_/A                               0.750000    1.358261   -0.608261 (VIOLATED)
_11010_/C1                              0.750000    1.358260   -0.608260 (VIOLATED)
_11015_/C1                              0.750000    1.358256   -0.608256 (VIOLATED)
_11019_/A1                              0.750000    1.358250   -0.608251 (VIOLATED)
_11016_/C1                              0.750000    1.358247   -0.608247 (VIOLATED)
_10423_/B1                              0.750000    1.358245   -0.608245 (VIOLATED)
_10486_/B1                              0.750000    1.358240   -0.608240 (VIOLATED)
_09712_/A                               0.750000    1.358236   -0.608236 (VIOLATED)
_10690_/B2                              0.750000    1.358235   -0.608235 (VIOLATED)
_11189_/B2                              0.750000    1.358233   -0.608233 (VIOLATED)
_10705_/A1_N                            0.750000    1.358222   -0.608222 (VIOLATED)
_10857_/A1                              0.750000    1.358222   -0.608222 (VIOLATED)
_09754_/B1                              0.750000    1.358218   -0.608218 (VIOLATED)
_11018_/C1                              0.750000    1.358212   -0.608212 (VIOLATED)
_10877_/B1                              0.750000    1.358183   -0.608183 (VIOLATED)
_10881_/A1                              0.750000    1.358184   -0.608184 (VIOLATED)
_09737_/B1                              0.750000    1.358158   -0.608158 (VIOLATED)
_10703_/C1                              0.750000    1.358090   -0.608090 (VIOLATED)
_10410_/A                               0.750000    1.358089   -0.608089 (VIOLATED)
_10414_/B2                              0.750000    1.358088   -0.608088 (VIOLATED)
_10873_/B2                              0.750000    1.358006   -0.608006 (VIOLATED)
_11023_/B1                              0.750000    1.357949   -0.607949 (VIOLATED)
_09703_/B1                              0.750000    1.357948   -0.607948 (VIOLATED)
_11029_/A1                              0.750000    1.357947   -0.607947 (VIOLATED)
_09773_/A1                              0.750000    1.357940   -0.607940 (VIOLATED)
_09734_/C1                              0.750000    1.357925   -0.607925 (VIOLATED)
_09765_/A                               0.750000    1.357850   -0.607850 (VIOLATED)
_09762_/C1                              0.750000    1.357749   -0.607749 (VIOLATED)
_09746_/B1                              0.750000    1.357629   -0.607629 (VIOLATED)
_11190_/B1                              0.750000    1.357629   -0.607629 (VIOLATED)
_09766_/A                               0.750000    1.357627   -0.607627 (VIOLATED)
_10425_/A1                              0.750000    1.357625   -0.607625 (VIOLATED)
_09370_/A                               0.750000    1.357620   -0.607620 (VIOLATED)
_10400_/B                               0.750000    1.357618   -0.607619 (VIOLATED)
_11169_/C1                              0.750000    1.357618   -0.607618 (VIOLATED)
_11173_/A                               0.750000    1.357619   -0.607619 (VIOLATED)
_11009_/B1                              0.750000    1.357615   -0.607615 (VIOLATED)
_10393_/A                               0.750000    1.357594   -0.607594 (VIOLATED)
_11176_/A1                              0.750000    1.357588   -0.607588 (VIOLATED)
_11021_/B1                              0.750000    1.357512   -0.607512 (VIOLATED)
_11181_/B1                              0.750000    1.357429   -0.607429 (VIOLATED)
_11184_/C1                              0.750000    1.357429   -0.607429 (VIOLATED)
_11178_/C1                              0.750000    1.357405   -0.607405 (VIOLATED)
_09978_/B                               0.750000    1.356373   -0.606373 (VIOLATED)
_10000_/A1                              0.750000    1.356372   -0.606372 (VIOLATED)
_11073_/B                               0.750000    1.356372   -0.606372 (VIOLATED)
_09999_/A1                              0.750000    1.356369   -0.606369 (VIOLATED)
_09998_/A1                              0.750000    1.356367   -0.606367 (VIOLATED)
_09903_/B1_N                            0.750000    1.356361   -0.606361 (VIOLATED)
_09987_/B                               0.750000    1.356351   -0.606351 (VIOLATED)
_11090_/A2                              0.750000    1.356348   -0.606348 (VIOLATED)
_09922_/A                               0.750000    1.356336   -0.606336 (VIOLATED)
_10269_/B1                              0.750000    1.356336   -0.606336 (VIOLATED)
_10538_/A1                              0.750000    1.356336   -0.606336 (VIOLATED)
_10260_/B2                              0.750000    1.356335   -0.606335 (VIOLATED)
_11094_/A1                              0.750000    1.356331   -0.606331 (VIOLATED)
_10536_/A                               0.750000    1.356329   -0.606329 (VIOLATED)
_11233_/C1                              0.750000    1.356327   -0.606327 (VIOLATED)
_11082_/A2                              0.750000    1.356324   -0.606324 (VIOLATED)
_09956_/A1                              0.750000    1.356313   -0.606313 (VIOLATED)
_09920_/B                               0.750000    1.356310   -0.606310 (VIOLATED)
_09951_/A2                              0.750000    1.356303   -0.606303 (VIOLATED)
_10766_/A                               0.750000    1.356302   -0.606302 (VIOLATED)
_09914_/B1_N                            0.750000    1.356278   -0.606278 (VIOLATED)
_09921_/B                               0.750000    1.356267   -0.606267 (VIOLATED)
_09880_/B1_N                            0.750000    1.356260   -0.606260 (VIOLATED)
_09990_/B1                              0.750000    1.356260   -0.606260 (VIOLATED)
_09374_/A                               0.750000    1.356259   -0.606259 (VIOLATED)
_09971_/B                               0.750000    1.356258   -0.606258 (VIOLATED)
_10919_/A1                              0.750000    1.356257   -0.606257 (VIOLATED)
_09909_/B                               0.750000    1.356255   -0.606255 (VIOLATED)
_10923_/A1                              0.750000    1.356252   -0.606252 (VIOLATED)
_09941_/B1_N                            0.750000    1.356244   -0.606244 (VIOLATED)
_10917_/A1                              0.750000    1.356244   -0.606244 (VIOLATED)
_09918_/B                               0.750000    1.356240   -0.606240 (VIOLATED)
_09981_/B                               0.750000    1.356240   -0.606240 (VIOLATED)
_10281_/A1                              0.750000    1.356227   -0.606227 (VIOLATED)
_10266_/A1                              0.750000    1.356224   -0.606224 (VIOLATED)
_10540_/B2                              0.750000    1.356224   -0.606224 (VIOLATED)
_09907_/A                               0.750000    1.356223   -0.606223 (VIOLATED)
_10012_/B                               0.750000    1.356219   -0.606219 (VIOLATED)
_10280_/A1                              0.750000    1.356211   -0.606211 (VIOLATED)
_10016_/B1                              0.750000    1.356202   -0.606202 (VIOLATED)
_11243_/A1                              0.750000    1.356198   -0.606198 (VIOLATED)
_11236_/A1                              0.750000    1.356188   -0.606188 (VIOLATED)
_09962_/B1                              0.750000    1.356180   -0.606180 (VIOLATED)
_11239_/A                               0.750000    1.356180   -0.606180 (VIOLATED)
_10284_/A                               0.750000    1.356167   -0.606167 (VIOLATED)
_10528_/A                               0.750000    1.356147   -0.606147 (VIOLATED)
_11085_/B1                              0.750000    1.355417   -0.605417 (VIOLATED)
_10753_/A1                              0.750000    1.355416   -0.605416 (VIOLATED)
_09979_/A                               0.750000    1.355415   -0.605415 (VIOLATED)
_10022_/A1                              0.750000    1.355399   -0.605399 (VIOLATED)
_10263_/A                               0.750000    1.355379   -0.605379 (VIOLATED)
_09945_/B                               0.750000    1.355372   -0.605372 (VIOLATED)
_11245_/B1                              0.750000    1.355368   -0.605368 (VIOLATED)
_10290_/C                               0.750000    1.355365   -0.605365 (VIOLATED)
_10526_/A1                              0.750000    1.355366   -0.605366 (VIOLATED)
_09901_/B                               0.750000    1.355362   -0.605362 (VIOLATED)
_09959_/A                               0.750000    1.355362   -0.605362 (VIOLATED)
_09896_/A1                              0.750000    1.355362   -0.605362 (VIOLATED)
_09881_/B                               0.750000    1.355358   -0.605358 (VIOLATED)
_10295_/A1                              0.750000    1.355350   -0.605350 (VIOLATED)
_10017_/B1                              0.750000    1.355335   -0.605335 (VIOLATED)
_09910_/B                               0.750000    1.355315   -0.605315 (VIOLATED)
_09908_/A                               0.750000    1.355305   -0.605305 (VIOLATED)
_09982_/A1                              0.750000    1.355305   -0.605305 (VIOLATED)
_11226_/A1                              0.750000    1.355305   -0.605305 (VIOLATED)
_10021_/A                               0.750000    1.355302   -0.605302 (VIOLATED)
_09973_/A1                              0.750000    1.355276   -0.605276 (VIOLATED)
_09947_/A                               0.750000    1.355272   -0.605272 (VIOLATED)
_10771_/A                               0.750000    1.355272   -0.605272 (VIOLATED)
_11224_/A1                              0.750000    1.355272   -0.605272 (VIOLATED)
_09965_/A1                              0.750000    1.355258   -0.605258 (VIOLATED)
_09986_/A_N                             0.750000    1.355234   -0.605234 (VIOLATED)
_10751_/A                               0.750000    1.355234   -0.605234 (VIOLATED)
_09967_/A                               0.750000    1.355222   -0.605222 (VIOLATED)
_09970_/A1                              0.750000    1.355162   -0.605162 (VIOLATED)
_09961_/B1                              0.750000    1.355132   -0.605132 (VIOLATED)
_17562_/A0                              0.750000    1.354379   -0.604379 (VIOLATED)
_18889_/Q                               0.750000    1.354379   -0.604379 (VIOLATED)
_17589_/A0                              0.750000    1.354008   -0.604008 (VIOLATED)
_18898_/Q                               0.750000    1.354008   -0.604008 (VIOLATED)
_11894_/A                               0.750000    1.352507   -0.602507 (VIOLATED)
_11905_/A1                              0.750000    1.352507   -0.602507 (VIOLATED)
_12147_/A1                              0.750000    1.352506   -0.602506 (VIOLATED)
_12195_/C1                              0.750000    1.352504   -0.602504 (VIOLATED)
_12020_/S0                              0.750000    1.352504   -0.602504 (VIOLATED)
_12042_/B1                              0.750000    1.352504   -0.602504 (VIOLATED)
_09403_/A                               0.750000    1.352500   -0.602500 (VIOLATED)
_11943_/A                               0.750000    1.352500   -0.602500 (VIOLATED)
_12196_/A1                              0.750000    1.352500   -0.602500 (VIOLATED)
_12151_/A1                              0.750000    1.352499   -0.602499 (VIOLATED)
_11922_/A1                              0.750000    1.352497   -0.602498 (VIOLATED)
_12104_/C1                              0.750000    1.352494   -0.602494 (VIOLATED)
_12184_/C1                              0.750000    1.352485   -0.602485 (VIOLATED)
_12186_/B                               0.750000    1.352485   -0.602485 (VIOLATED)
_11938_/A_N                             0.750000    1.352479   -0.602479 (VIOLATED)
_11988_/A1                              0.750000    1.352478   -0.602478 (VIOLATED)
_12039_/B1                              0.750000    1.352479   -0.602479 (VIOLATED)
_12040_/C1                              0.750000    1.352478   -0.602478 (VIOLATED)
_11965_/A1                              0.750000    1.352458   -0.602458 (VIOLATED)
_11969_/B1                              0.750000    1.352437   -0.602437 (VIOLATED)
_11878_/B1                              0.750000    1.352429   -0.602429 (VIOLATED)
_11908_/C1                              0.750000    1.352429   -0.602429 (VIOLATED)
_12194_/A1                              0.750000    1.352427   -0.602427 (VIOLATED)
_12226_/C1                              0.750000    1.352427   -0.602427 (VIOLATED)
_11855_/B                               0.750000    1.352426   -0.602426 (VIOLATED)
_11937_/A_N                             0.750000    1.352424   -0.602424 (VIOLATED)
_12161_/A                               0.750000    1.352420   -0.602420 (VIOLATED)
_11987_/C1                              0.750000    1.352418   -0.602418 (VIOLATED)
_12163_/A                               0.750000    1.352419   -0.602419 (VIOLATED)
_12030_/C1                              0.750000    1.352416   -0.602416 (VIOLATED)
_12048_/A1                              0.750000    1.352415   -0.602415 (VIOLATED)
_12089_/C1                              0.750000    1.352415   -0.602415 (VIOLATED)
_12026_/A1                              0.750000    1.352414   -0.602414 (VIOLATED)
_12166_/C1                              0.750000    1.352413   -0.602413 (VIOLATED)
_12198_/C1                              0.750000    1.352409   -0.602409 (VIOLATED)
_12217_/C1                              0.750000    1.352409   -0.602409 (VIOLATED)
_12199_/C1                              0.750000    1.352403   -0.602403 (VIOLATED)
_11929_/A1                              0.750000    1.352391   -0.602391 (VIOLATED)
_12160_/C1                              0.750000    1.352388   -0.602388 (VIOLATED)
_12107_/A1                              0.750000    1.352387   -0.602387 (VIOLATED)
_11924_/C1                              0.750000    1.352386   -0.602386 (VIOLATED)
_12201_/A                               0.750000    1.352378   -0.602378 (VIOLATED)
_11856_/B                               0.750000    1.352370   -0.602370 (VIOLATED)
_11978_/C1                              0.750000    1.352371   -0.602371 (VIOLATED)
_12206_/B2                              0.750000    1.352369   -0.602369 (VIOLATED)
_12230_/B1                              0.750000    1.352369   -0.602369 (VIOLATED)
_12148_/B1_N                            0.750000    1.352363   -0.602364 (VIOLATED)
_12024_/B1                              0.750000    1.352352   -0.602352 (VIOLATED)
_11939_/A1                              0.750000    1.352351   -0.602351 (VIOLATED)
_12122_/B1                              0.750000    1.352351   -0.602351 (VIOLATED)
_11936_/A                               0.750000    1.352350   -0.602350 (VIOLATED)
_12111_/C1                              0.750000    1.352349   -0.602349 (VIOLATED)
_11898_/A1                              0.750000    1.352347   -0.602347 (VIOLATED)
_11979_/C1                              0.750000    1.352346   -0.602346 (VIOLATED)
_11975_/A1                              0.750000    1.352340   -0.602340 (VIOLATED)
_12080_/C1                              0.750000    1.352329   -0.602329 (VIOLATED)
_11998_/A1                              0.750000    1.352327   -0.602327 (VIOLATED)
_11895_/B1                              0.750000    1.352322   -0.602322 (VIOLATED)
_12086_/A                               0.750000    1.352319   -0.602319 (VIOLATED)
_12128_/A1                              0.750000    1.352313   -0.602313 (VIOLATED)
_12067_/C1                              0.750000    1.352311   -0.602311 (VIOLATED)
_12075_/A1                              0.750000    1.352311   -0.602311 (VIOLATED)
_11915_/B1                              0.750000    1.352310   -0.602310 (VIOLATED)
_12110_/C1                              0.750000    1.352296   -0.602296 (VIOLATED)
_12229_/B1                              0.750000    1.352289   -0.602289 (VIOLATED)
_12037_/A1                              0.750000    1.352288   -0.602288 (VIOLATED)
_12234_/B1                              0.750000    1.352261   -0.602261 (VIOLATED)
_11996_/S0                              0.750000    1.352246   -0.602246 (VIOLATED)
_12078_/C1                              0.750000    1.352246   -0.602246 (VIOLATED)
_12081_/A                               0.750000    1.352246   -0.602246 (VIOLATED)
_12082_/B                               0.750000    1.352246   -0.602246 (VIOLATED)
_12073_/B2                              0.750000    1.352243   -0.602243 (VIOLATED)
_12219_/C1                              0.750000    1.352242   -0.602242 (VIOLATED)
_12232_/B2                              0.750000    1.352240   -0.602240 (VIOLATED)
_11914_/B1                              0.750000    1.352240   -0.602240 (VIOLATED)
_11706_/A                               0.750000    1.352031   -0.602031 (VIOLATED)
_17898_/A1                              0.750000    1.352031   -0.602031 (VIOLATED)
_19002_/Q                               0.750000    1.352031   -0.602031 (VIOLATED)
_09831_/B1                              0.750000    1.324977   -0.574977 (VIOLATED)
_11214_/A1                              0.750000    1.324976   -0.574976 (VIOLATED)
_09382_/A                               0.750000    1.324975   -0.574975 (VIOLATED)
_09781_/B                               0.750000    1.324972   -0.574972 (VIOLATED)
_11213_/A1                              0.750000    1.324970   -0.574970 (VIOLATED)
_09818_/A1                              0.750000    1.324963   -0.574963 (VIOLATED)
_10580_/A1                              0.750000    1.324963   -0.574963 (VIOLATED)
_09794_/A                               0.750000    1.324960   -0.574960 (VIOLATED)
_09822_/B                               0.750000    1.324946   -0.574946 (VIOLATED)
_09824_/B1                              0.750000    1.324945   -0.574945 (VIOLATED)
_09823_/B1                              0.750000    1.324944   -0.574944 (VIOLATED)
_10889_/A                               0.750000    1.324944   -0.574944 (VIOLATED)
_11218_/B2                              0.750000    1.324943   -0.574943 (VIOLATED)
_10571_/B1_N                            0.750000    1.324939   -0.574939 (VIOLATED)
_10790_/A1                              0.750000    1.324938   -0.574938 (VIOLATED)
_09827_/A                               0.750000    1.324936   -0.574936 (VIOLATED)
_10898_/A1                              0.750000    1.324929   -0.574929 (VIOLATED)
_09833_/B                               0.750000    1.324913   -0.574913 (VIOLATED)
_09785_/B1                              0.750000    1.324882   -0.574882 (VIOLATED)
_09834_/B                               0.750000    1.324874   -0.574874 (VIOLATED)
_10791_/A2                              0.750000    1.324874   -0.574874 (VIOLATED)
_09864_/A                               0.750000    1.324872   -0.574872 (VIOLATED)
_10353_/B1                              0.750000    1.324870   -0.574870 (VIOLATED)
_10803_/A2                              0.750000    1.324861   -0.574861 (VIOLATED)
_10890_/B1                              0.750000    1.324855   -0.574855 (VIOLATED)
_09783_/B                               0.750000    1.324844   -0.574844 (VIOLATED)
_10342_/B                               0.750000    1.324844   -0.574845 (VIOLATED)
_09861_/B1                              0.750000    1.324843   -0.574843 (VIOLATED)
_09793_/B                               0.750000    1.324839   -0.574839 (VIOLATED)
_10804_/B2                              0.750000    1.324839   -0.574839 (VIOLATED)
_10794_/A1                              0.750000    1.324829   -0.574829 (VIOLATED)
_09799_/A                               0.750000    1.324822   -0.574822 (VIOLATED)
_10380_/A1                              0.750000    1.324818   -0.574818 (VIOLATED)
_11040_/B2                              0.750000    1.324815   -0.574815 (VIOLATED)
_10594_/A1                              0.750000    1.324810   -0.574810 (VIOLATED)
_09858_/A                               0.750000    1.324808   -0.574808 (VIOLATED)
_10583_/B                               0.750000    1.324793   -0.574793 (VIOLATED)
_09782_/B                               0.750000    1.324767   -0.574767 (VIOLATED)
_10581_/C1                              0.750000    1.324766   -0.574766 (VIOLATED)
_09813_/A                               0.750000    1.324765   -0.574765 (VIOLATED)
_09847_/B                               0.750000    1.324765   -0.574765 (VIOLATED)
_09839_/A1                              0.750000    1.324764   -0.574764 (VIOLATED)
_09854_/B                               0.750000    1.324759   -0.574759 (VIOLATED)
_11330_/A1                              0.750000    1.324759   -0.574759 (VIOLATED)
_11041_/A                               0.750000    1.324751   -0.574751 (VIOLATED)
_11044_/A1                              0.750000    1.324744   -0.574744 (VIOLATED)
_11329_/A1                              0.750000    1.324741   -0.574741 (VIOLATED)
_11315_/B2                              0.750000    1.324729   -0.574729 (VIOLATED)
_11320_/A1                              0.750000    1.324686   -0.574686 (VIOLATED)
_10899_/A1                              0.750000    1.324685   -0.574685 (VIOLATED)
_10346_/B2                              0.750000    1.324656   -0.574656 (VIOLATED)
_10372_/A1                              0.750000    1.324609   -0.574609 (VIOLATED)
_10576_/A1                              0.750000    1.324608   -0.574608 (VIOLATED)
_10797_/C1                              0.750000    1.324609   -0.574609 (VIOLATED)
_11335_/A1                              0.750000    1.324541   -0.574541 (VIOLATED)
_09842_/A                               0.750000    1.323721   -0.573721 (VIOLATED)
_10564_/C                               0.750000    1.323720   -0.573720 (VIOLATED)
_10589_/A1                              0.750000    1.323720   -0.573720 (VIOLATED)
_09860_/B1                              0.750000    1.323720   -0.573720 (VIOLATED)
_09850_/A_N                             0.750000    1.323717   -0.573717 (VIOLATED)
_09840_/B1_N                            0.750000    1.323712   -0.573712 (VIOLATED)
_10561_/B                               0.750000    1.323712   -0.573712 (VIOLATED)
_11056_/A2                              0.750000    1.323712   -0.573713 (VIOLATED)
_10341_/B                               0.750000    1.323706   -0.573706 (VIOLATED)
_09798_/A_N                             0.750000    1.323691   -0.573691 (VIOLATED)
_09849_/A_N                             0.750000    1.323691   -0.573691 (VIOLATED)
_09801_/B                               0.750000    1.323688   -0.573688 (VIOLATED)
_10345_/A1                              0.750000    1.323683   -0.573683 (VIOLATED)
_10371_/B1_N                            0.750000    1.323683   -0.573683 (VIOLATED)
_10364_/B                               0.750000    1.323676   -0.573676 (VIOLATED)
_10358_/B1                              0.750000    1.323667   -0.573667 (VIOLATED)
_17836_/A1                              0.750000    1.322828   -0.572828 (VIOLATED)
_18977_/Q                               0.750000    1.322828   -0.572828 (VIOLATED)
_12299_/B                               0.750000    1.322402   -0.572402 (VIOLATED)
_12300_/B                               0.750000    1.322402   -0.572402 (VIOLATED)
_12289_/A                               0.750000    1.322401   -0.572401 (VIOLATED)
_12301_/A1                              0.750000    1.322401   -0.572401 (VIOLATED)
_12350_/A_N                             0.750000    1.322402   -0.572402 (VIOLATED)
_12507_/A1                              0.750000    1.322402   -0.572402 (VIOLATED)
_12333_/C1                              0.750000    1.322401   -0.572401 (VIOLATED)
_12339_/A                               0.750000    1.322401   -0.572401 (VIOLATED)
_12450_/A1                              0.750000    1.322401   -0.572401 (VIOLATED)
_12584_/A1                              0.750000    1.322401   -0.572401 (VIOLATED)
_12587_/A1                              0.750000    1.322401   -0.572401 (VIOLATED)
_12595_/A1                              0.750000    1.322401   -0.572401 (VIOLATED)
_12498_/A1                              0.750000    1.322400   -0.572400 (VIOLATED)
_12622_/A1                              0.750000    1.322400   -0.572400 (VIOLATED)
_12399_/A                               0.750000    1.322396   -0.572396 (VIOLATED)
_12312_/A_N                             0.750000    1.322394   -0.572394 (VIOLATED)
_12334_/B                               0.750000    1.322394   -0.572394 (VIOLATED)
_12336_/B                               0.750000    1.322394   -0.572394 (VIOLATED)
_12499_/C1                              0.750000    1.322395   -0.572395 (VIOLATED)
_12342_/B1                              0.750000    1.322394   -0.572394 (VIOLATED)
_12421_/A1                              0.750000    1.322394   -0.572394 (VIOLATED)
_12432_/B1                              0.750000    1.322394   -0.572394 (VIOLATED)
_12545_/A                               0.750000    1.322394   -0.572394 (VIOLATED)
_12285_/B                               0.750000    1.322393   -0.572393 (VIOLATED)
_12393_/B1                              0.750000    1.322393   -0.572393 (VIOLATED)
_12311_/B                               0.750000    1.322392   -0.572392 (VIOLATED)
_12513_/B1                              0.750000    1.322392   -0.572392 (VIOLATED)
_12518_/A1                              0.750000    1.322392   -0.572392 (VIOLATED)
_12634_/A                               0.750000    1.322392   -0.572392 (VIOLATED)
_12581_/B1                              0.750000    1.322391   -0.572391 (VIOLATED)
_12638_/A1                              0.750000    1.322391   -0.572391 (VIOLATED)
_12639_/A1                              0.750000    1.322391   -0.572391 (VIOLATED)
_12403_/A2                              0.750000    1.322391   -0.572391 (VIOLATED)
_12406_/B1_N                            0.750000    1.322389   -0.572389 (VIOLATED)
_12410_/A1                              0.750000    1.322389   -0.572389 (VIOLATED)
_12458_/B                               0.750000    1.322389   -0.572389 (VIOLATED)
_12618_/B1                              0.750000    1.322389   -0.572389 (VIOLATED)
_12405_/B1_N                            0.750000    1.322388   -0.572388 (VIOLATED)
_12553_/A1                              0.750000    1.322388   -0.572388 (VIOLATED)
_12554_/A1                              0.750000    1.322388   -0.572388 (VIOLATED)
_12675_/A1                              0.750000    1.322388   -0.572388 (VIOLATED)
_12321_/A2                              0.750000    1.322387   -0.572387 (VIOLATED)
_12325_/B1                              0.750000    1.322387   -0.572387 (VIOLATED)
_12340_/A                               0.750000    1.322387   -0.572387 (VIOLATED)
_12426_/B1                              0.750000    1.322387   -0.572387 (VIOLATED)
_12526_/A1                              0.750000    1.322387   -0.572387 (VIOLATED)
_12549_/A2                              0.750000    1.322387   -0.572387 (VIOLATED)
_12389_/B                               0.750000    1.322386   -0.572386 (VIOLATED)
_12290_/A                               0.750000    1.322385   -0.572385 (VIOLATED)
_12459_/A1                              0.750000    1.322386   -0.572386 (VIOLATED)
_12619_/A1                              0.750000    1.322386   -0.572386 (VIOLATED)
_12666_/A1                              0.750000    1.322386   -0.572386 (VIOLATED)
_09410_/A                               0.750000    1.322383   -0.572383 (VIOLATED)
_12288_/B                               0.750000    1.322383   -0.572383 (VIOLATED)
_12291_/A                               0.750000    1.322383   -0.572383 (VIOLATED)
_12313_/A                               0.750000    1.322383   -0.572383 (VIOLATED)
_12314_/A                               0.750000    1.322383   -0.572383 (VIOLATED)
_12318_/B                               0.750000    1.322384   -0.572384 (VIOLATED)
_12320_/B                               0.750000    1.322383   -0.572383 (VIOLATED)
_12328_/B1                              0.750000    1.322383   -0.572383 (VIOLATED)
_12335_/B                               0.750000    1.322383   -0.572383 (VIOLATED)
_12341_/C                               0.750000    1.322383   -0.572383 (VIOLATED)
_12349_/A1                              0.750000    1.322383   -0.572383 (VIOLATED)
_12351_/A1                              0.750000    1.322383   -0.572383 (VIOLATED)
_12357_/A                               0.750000    1.322383   -0.572383 (VIOLATED)
_12362_/B1_N                            0.750000    1.322383   -0.572383 (VIOLATED)
_12364_/A                               0.750000    1.322383   -0.572383 (VIOLATED)
_12390_/A1                              0.750000    1.322383   -0.572383 (VIOLATED)
_12391_/A                               0.750000    1.322383   -0.572383 (VIOLATED)
_12452_/B1                              0.750000    1.322383   -0.572383 (VIOLATED)
_12508_/A1                              0.750000    1.322383   -0.572383 (VIOLATED)
_12510_/B1                              0.750000    1.322383   -0.572383 (VIOLATED)
_12524_/A                               0.750000    1.322383   -0.572383 (VIOLATED)
_12579_/A1                              0.750000    1.322383   -0.572383 (VIOLATED)
_12660_/A1                              0.750000    1.322383   -0.572383 (VIOLATED)
_12661_/A1                              0.750000    1.322383   -0.572383 (VIOLATED)
_17912_/A1                              0.750000    1.322383   -0.572383 (VIOLATED)
_19009_/Q                               0.750000    1.322383   -0.572383 (VIOLATED)
_09473_/A                               0.750000    1.317288   -0.567288 (VIOLATED)
_15966_/B1                              0.750000    1.317288   -0.567288 (VIOLATED)
_16766_/C1                              0.750000    1.317288   -0.567288 (VIOLATED)
_15962_/C1                              0.750000    1.317287   -0.567287 (VIOLATED)
_16769_/A1                              0.750000    1.317288   -0.567288 (VIOLATED)
_15907_/B                               0.750000    1.317286   -0.567286 (VIOLATED)
_15908_/B                               0.750000    1.317286   -0.567286 (VIOLATED)
_15941_/A_N                             0.750000    1.317286   -0.567287 (VIOLATED)
_16217_/A1                              0.750000    1.317286   -0.567286 (VIOLATED)
_15980_/A1                              0.750000    1.317285   -0.567285 (VIOLATED)
_15981_/A1                              0.750000    1.317285   -0.567285 (VIOLATED)
_16434_/C1                              0.750000    1.317286   -0.567286 (VIOLATED)
_16901_/B1                              0.750000    1.317285   -0.567285 (VIOLATED)
_16902_/A                               0.750000    1.317285   -0.567285 (VIOLATED)
_16905_/A1                              0.750000    1.317285   -0.567285 (VIOLATED)
_17147_/B1                              0.750000    1.317285   -0.567285 (VIOLATED)
_15952_/A1                              0.750000    1.317283   -0.567283 (VIOLATED)
_17034_/A1_N                            0.750000    1.317283   -0.567283 (VIOLATED)
_15942_/A_N                             0.750000    1.317278   -0.567278 (VIOLATED)
_16227_/A                               0.750000    1.317279   -0.567279 (VIOLATED)
_16426_/A                               0.750000    1.317279   -0.567279 (VIOLATED)
_16437_/C1                              0.750000    1.317278   -0.567278 (VIOLATED)
_17013_/A                               0.750000    1.317277   -0.567277 (VIOLATED)
_15902_/B1                              0.750000    1.317269   -0.567269 (VIOLATED)
_17028_/B1                              0.750000    1.317268   -0.567268 (VIOLATED)
_16755_/B1                              0.750000    1.317267   -0.567267 (VIOLATED)
_17151_/C1                              0.750000    1.317267   -0.567267 (VIOLATED)
_17153_/C1                              0.750000    1.317267   -0.567267 (VIOLATED)
_16428_/A1                              0.750000    1.317263   -0.567263 (VIOLATED)
_16441_/A1                              0.750000    1.317259   -0.567259 (VIOLATED)
_15988_/A1                              0.750000    1.317240   -0.567240 (VIOLATED)
_16232_/A1                              0.750000    1.317233   -0.567233 (VIOLATED)
_17037_/A1_N                            0.750000    1.317233   -0.567233 (VIOLATED)
_17038_/A1                              0.750000    1.317233   -0.567234 (VIOLATED)
_15926_/B1                              0.750000    1.317232   -0.567232 (VIOLATED)
_16606_/B1                              0.750000    1.317233   -0.567233 (VIOLATED)
_16243_/B1                              0.750000    1.317232   -0.567232 (VIOLATED)
_16445_/B1                              0.750000    1.317231   -0.567231 (VIOLATED)
_16885_/A                               0.750000    1.317229   -0.567229 (VIOLATED)
_16894_/B2                              0.750000    1.317229   -0.567229 (VIOLATED)
_16460_/A2                              0.750000    1.317227   -0.567227 (VIOLATED)
_16446_/C1                              0.750000    1.317225   -0.567225 (VIOLATED)
_17022_/A2                              0.750000    1.317225   -0.567225 (VIOLATED)
_15972_/A                               0.750000    1.317224   -0.567224 (VIOLATED)
_17158_/C1                              0.750000    1.317225   -0.567225 (VIOLATED)
_16250_/B1                              0.750000    1.317223   -0.567223 (VIOLATED)
_16452_/A                               0.750000    1.317219   -0.567219 (VIOLATED)
_16454_/A1                              0.750000    1.317219   -0.567219 (VIOLATED)
_16235_/B1                              0.750000    1.317218   -0.567218 (VIOLATED)
_16239_/C1                              0.750000    1.317214   -0.567214 (VIOLATED)
_16461_/A                               0.750000    1.317214   -0.567214 (VIOLATED)
_16888_/B1                              0.750000    1.317213   -0.567213 (VIOLATED)
_16891_/B1                              0.750000    1.317214   -0.567214 (VIOLATED)
_16615_/B1                              0.750000    1.317212   -0.567212 (VIOLATED)
_16892_/A1                              0.750000    1.317213   -0.567213 (VIOLATED)
_16211_/B1                              0.750000    1.317211   -0.567211 (VIOLATED)
_17039_/A1                              0.750000    1.317211   -0.567211 (VIOLATED)
_16605_/C1                              0.750000    1.317208   -0.567208 (VIOLATED)
_16617_/C1                              0.750000    1.317205   -0.567205 (VIOLATED)
_17142_/B1                              0.750000    1.317196   -0.567196 (VIOLATED)
_17159_/A1                              0.750000    1.317194   -0.567194 (VIOLATED)
_17141_/B1                              0.750000    1.317183   -0.567183 (VIOLATED)
_17144_/C1                              0.750000    1.317181   -0.567181 (VIOLATED)
_17027_/C1                              0.750000    1.317173   -0.567173 (VIOLATED)
_16221_/C1                              0.750000    1.317158   -0.567158 (VIOLATED)
_16598_/B1                              0.750000    1.317158   -0.567158 (VIOLATED)
_16599_/B1                              0.750000    1.317158   -0.567158 (VIOLATED)
_16750_/B1                              0.750000    1.317158   -0.567158 (VIOLATED)
_16752_/A1                              0.750000    1.317158   -0.567158 (VIOLATED)
_16246_/A                               0.750000    1.317157   -0.567157 (VIOLATED)
_16247_/C1                              0.750000    1.317157   -0.567157 (VIOLATED)
_17015_/C1                              0.750000    1.317157   -0.567157 (VIOLATED)
_16623_/C1                              0.750000    1.317156   -0.567156 (VIOLATED)
_16592_/B1                              0.750000    1.317155   -0.567155 (VIOLATED)
_16757_/B1                              0.750000    1.317152   -0.567152 (VIOLATED)
_17012_/C1                              0.750000    1.317152   -0.567152 (VIOLATED)
_17491_/A0                              0.750000    1.317091   -0.567091 (VIOLATED)
_18866_/Q                               0.750000    1.317091   -0.567091 (VIOLATED)
_12471_/A                               0.750000    1.282587   -0.532587 (VIOLATED)
_12472_/B1                              0.750000    1.282587   -0.532587 (VIOLATED)
_12410_/B1                              0.750000    1.282586   -0.532586 (VIOLATED)
_12618_/C1                              0.750000    1.282586   -0.532586 (VIOLATED)
_12659_/A1_N                            0.750000    1.282585   -0.532585 (VIOLATED)
_12475_/C1                              0.750000    1.282579   -0.532579 (VIOLATED)
_12582_/B1                              0.750000    1.282579   -0.532579 (VIOLATED)
_12639_/C1                              0.750000    1.282578   -0.532578 (VIOLATED)
_12638_/C1                              0.750000    1.282577   -0.532577 (VIOLATED)
_12625_/C1                              0.750000    1.282569   -0.532569 (VIOLATED)
_12457_/B1                              0.750000    1.282568   -0.532568 (VIOLATED)
_12397_/C1                              0.750000    1.282559   -0.532559 (VIOLATED)
_12303_/A1                              0.750000    1.282543   -0.532543 (VIOLATED)
_12302_/A                               0.750000    1.282542   -0.532542 (VIOLATED)
_12451_/B1                              0.750000    1.282537   -0.532537 (VIOLATED)
_12595_/B1                              0.750000    1.282535   -0.532535 (VIOLATED)
_12598_/B                               0.750000    1.282514   -0.532514 (VIOLATED)
_12435_/A1                              0.750000    1.282512   -0.532512 (VIOLATED)
_12592_/A                               0.750000    1.282511   -0.532511 (VIOLATED)
_12420_/C1                              0.750000    1.282508   -0.532508 (VIOLATED)
_12599_/A                               0.750000    1.282500   -0.532500 (VIOLATED)
_12370_/A1                              0.750000    1.282445   -0.532445 (VIOLATED)
_12369_/A1                              0.750000    1.282440   -0.532440 (VIOLATED)
_12417_/A                               0.750000    1.282409   -0.532409 (VIOLATED)
_12346_/A                               0.750000    1.282398   -0.532398 (VIOLATED)
_12389_/A_N                             0.750000    1.282392   -0.532392 (VIOLATED)
_12593_/C1                              0.750000    1.282391   -0.532391 (VIOLATED)
_12594_/A                               0.750000    1.282391   -0.532391 (VIOLATED)
_12483_/B1                              0.750000    1.282388   -0.532388 (VIOLATED)
_12518_/C1                              0.750000    1.282388   -0.532388 (VIOLATED)
_12557_/C1                              0.750000    1.282388   -0.532388 (VIOLATED)
_12408_/C1                              0.750000    1.282386   -0.532386 (VIOLATED)
_12404_/A2                              0.750000    1.282384   -0.532384 (VIOLATED)
_12291_/B                               0.750000    1.282380   -0.532380 (VIOLATED)
_12412_/A1                              0.750000    1.282379   -0.532379 (VIOLATED)
_12551_/A1                              0.750000    1.282377   -0.532377 (VIOLATED)
_12347_/A                               0.750000    1.282376   -0.532376 (VIOLATED)
_12316_/A1                              0.750000    1.282373   -0.532373 (VIOLATED)
_12418_/A                               0.750000    1.282366   -0.532366 (VIOLATED)
_12516_/C1                              0.750000    1.282360   -0.532360 (VIOLATED)
_12553_/B1                              0.750000    1.282351   -0.532351 (VIOLATED)
_12552_/C1                              0.750000    1.282351   -0.532351 (VIOLATED)
_12673_/A1                              0.750000    1.282346   -0.532346 (VIOLATED)
_12503_/B1                              0.750000    1.282326   -0.532326 (VIOLATED)
_12290_/B                               0.750000    1.282310   -0.532310 (VIOLATED)
_12663_/C1                              0.750000    1.282297   -0.532297 (VIOLATED)
_12526_/C1                              0.750000    1.282296   -0.532296 (VIOLATED)
_12508_/C1                              0.750000    1.282286   -0.532286 (VIOLATED)
_12511_/A1                              0.750000    1.282286   -0.532286 (VIOLATED)
_12543_/C1                              0.750000    1.282284   -0.532284 (VIOLATED)
_12666_/C1                              0.750000    1.282278   -0.532278 (VIOLATED)
_12517_/B                               0.750000    1.282273   -0.532273 (VIOLATED)
_12307_/A                               0.750000    1.282231   -0.532231 (VIOLATED)
_12349_/B1                              0.750000    1.282193   -0.532193 (VIOLATED)
_12329_/C1                              0.750000    1.282192   -0.532192 (VIOLATED)
_12523_/C1                              0.750000    1.282094   -0.532094 (VIOLATED)
_12365_/C1                              0.750000    1.282048   -0.532048 (VIOLATED)
_12366_/A1                              0.750000    1.282028   -0.532028 (VIOLATED)
_12642_/A1                              0.750000    1.281999   -0.531999 (VIOLATED)
_12671_/S0                              0.750000    1.281997   -0.531997 (VIOLATED)
_12660_/C1                              0.750000    1.281996   -0.531996 (VIOLATED)
_12559_/B1                              0.750000    1.281990   -0.531990 (VIOLATED)
_12461_/A                               0.750000    1.281965   -0.531965 (VIOLATED)
_12462_/A1                              0.750000    1.281957   -0.531957 (VIOLATED)
_09411_/A                               0.750000    1.281919   -0.531919 (VIOLATED)
_12358_/B1                              0.750000    1.281915   -0.531915 (VIOLATED)
_12392_/C1                              0.750000    1.281910   -0.531910 (VIOLATED)
_12390_/C1                              0.750000    1.281908   -0.531908 (VIOLATED)
_12454_/C1                              0.750000    1.281833   -0.531833 (VIOLATED)
_12137_/A                               0.750000    1.279553   -0.529553 (VIOLATED)
_17915_/A1                              0.750000    1.279553   -0.529553 (VIOLATED)
_19010_/Q                               0.750000    1.279553   -0.529553 (VIOLATED)
_16480_/B1                              0.750000    1.272898   -0.522898 (VIOLATED)
_17182_/A1                              0.750000    1.272898   -0.522898 (VIOLATED)
_16197_/B1_N                            0.750000    1.272896   -0.522896 (VIOLATED)
_17173_/A1                              0.750000    1.272896   -0.522896 (VIOLATED)
_17184_/A                               0.750000    1.272896   -0.522896 (VIOLATED)
_16136_/A_N                             0.750000    1.272895   -0.522895 (VIOLATED)
_16171_/A_N                             0.750000    1.272895   -0.522895 (VIOLATED)
_17290_/A1                              0.750000    1.272892   -0.522892 (VIOLATED)
_17049_/A1                              0.750000    1.272890   -0.522890 (VIOLATED)
_17174_/A1                              0.750000    1.272885   -0.522885 (VIOLATED)
_17050_/A1                              0.750000    1.272884   -0.522884 (VIOLATED)
_17047_/A                               0.750000    1.272878   -0.522878 (VIOLATED)
_16111_/A                               0.750000    1.272866   -0.522866 (VIOLATED)
_16152_/B1_N                            0.750000    1.272866   -0.522866 (VIOLATED)
_17298_/B2                              0.750000    1.272866   -0.522866 (VIOLATED)
_17054_/A1                              0.750000    1.272865   -0.522865 (VIOLATED)
_16188_/A                               0.750000    1.272864   -0.522864 (VIOLATED)
_17190_/A1                              0.750000    1.272864   -0.522864 (VIOLATED)
_17042_/A1                              0.750000    1.272859   -0.522859 (VIOLATED)
_16672_/A1                              0.750000    1.272855   -0.522855 (VIOLATED)
_17188_/A1                              0.750000    1.272848   -0.522848 (VIOLATED)
_17058_/B2                              0.750000    1.272847   -0.522847 (VIOLATED)
_17068_/A1                              0.750000    1.272842   -0.522842 (VIOLATED)
_17045_/A                               0.750000    1.272830   -0.522830 (VIOLATED)
_17172_/A1                              0.750000    1.272830   -0.522830 (VIOLATED)
_16477_/A1                              0.750000    1.272829   -0.522829 (VIOLATED)
_16478_/A1                              0.750000    1.272827   -0.522827 (VIOLATED)
_16159_/B                               0.750000    1.272826   -0.522826 (VIOLATED)
_16800_/A1                              0.750000    1.272822   -0.522822 (VIOLATED)
_16801_/A1                              0.750000    1.272822   -0.522822 (VIOLATED)
_16975_/A1                              0.750000    1.272821   -0.522821 (VIOLATED)
_16805_/A                               0.750000    1.272820   -0.522820 (VIOLATED)
_16503_/A                               0.750000    1.272818   -0.522818 (VIOLATED)
_16674_/B                               0.750000    1.272818   -0.522818 (VIOLATED)
_16157_/B2                              0.750000    1.272816   -0.522816 (VIOLATED)
_16158_/B                               0.750000    1.272798   -0.522798 (VIOLATED)
_16100_/A                               0.750000    1.272787   -0.522787 (VIOLATED)
_16795_/A1                              0.750000    1.272777   -0.522777 (VIOLATED)
_16691_/A1                              0.750000    1.272773   -0.522773 (VIOLATED)
_16185_/S                               0.750000    1.272733   -0.522733 (VIOLATED)
_16777_/A                               0.750000    1.272733   -0.522733 (VIOLATED)
_16684_/A1                              0.750000    1.272732   -0.522732 (VIOLATED)
_16695_/A1                              0.750000    1.272717   -0.522717 (VIOLATED)
_16681_/A1                              0.750000    1.272657   -0.522657 (VIOLATED)
_16165_/A                               0.750000    1.272643   -0.522643 (VIOLATED)
_16141_/A                               0.750000    1.272637   -0.522637 (VIOLATED)
_16796_/A1                              0.750000    1.272637   -0.522637 (VIOLATED)
_16166_/C1                              0.750000    1.272635   -0.522635 (VIOLATED)
_16682_/A1                              0.750000    1.272634   -0.522634 (VIOLATED)
_16201_/A                               0.750000    1.272633   -0.522633 (VIOLATED)
_16787_/A                               0.750000    1.272632   -0.522632 (VIOLATED)
_16797_/A1                              0.750000    1.272633   -0.522633 (VIOLATED)
_16127_/A1                              0.750000    1.272632   -0.522632 (VIOLATED)
_16143_/B                               0.750000    1.272632   -0.522632 (VIOLATED)
_16172_/A_N                             0.750000    1.272632   -0.522632 (VIOLATED)
_16191_/B2                              0.750000    1.272632   -0.522632 (VIOLATED)
_16481_/A1                              0.750000    1.272631   -0.522631 (VIOLATED)
_16473_/A1                              0.750000    1.272629   -0.522629 (VIOLATED)
_16785_/A                               0.750000    1.272628   -0.522628 (VIOLATED)
_16791_/A1                              0.750000    1.272628   -0.522628 (VIOLATED)
_16174_/B1_N                            0.750000    1.272616   -0.522616 (VIOLATED)
_16981_/B2                              0.750000    1.272616   -0.522616 (VIOLATED)
_16476_/A1                              0.750000    1.272608   -0.522608 (VIOLATED)
_16778_/C1                              0.750000    1.272598   -0.522598 (VIOLATED)
_16179_/D                               0.750000    1.272594   -0.522594 (VIOLATED)
_16471_/A                               0.750000    1.272588   -0.522588 (VIOLATED)
_16180_/A1                              0.750000    1.272580   -0.522580 (VIOLATED)
_16498_/B1                              0.750000    1.272559   -0.522559 (VIOLATED)
_09490_/A                               0.750000    1.272554   -0.522554 (VIOLATED)
_16195_/B                               0.750000    1.272527   -0.522527 (VIOLATED)
_16492_/A                               0.750000    1.272504   -0.522504 (VIOLATED)
_16491_/A1                              0.750000    1.272472   -0.522472 (VIOLATED)
_16483_/A1                              0.750000    1.272471   -0.522471 (VIOLATED)
_16110_/A                               0.750000    1.272468   -0.522468 (VIOLATED)
_17610_/A0                              0.750000    1.272055   -0.522055 (VIOLATED)
_18905_/Q                               0.750000    1.272055   -0.522055 (VIOLATED)
_16675_/A                               0.750000    1.260464   -0.510464 (VIOLATED)
_17168_/B1                              0.750000    1.260464   -0.510464 (VIOLATED)
_17310_/A1                              0.750000    1.260464   -0.510464 (VIOLATED)
_17174_/C1                              0.750000    1.260463   -0.510463 (VIOLATED)
_17050_/C1                              0.750000    1.260461   -0.510461 (VIOLATED)
_17053_/A                               0.750000    1.260456   -0.510456 (VIOLATED)
_17066_/A1                              0.750000    1.260456   -0.510456 (VIOLATED)
_17054_/C1                              0.750000    1.260454   -0.510454 (VIOLATED)
_17061_/A1                              0.750000    1.260443   -0.510443 (VIOLATED)
_17057_/C1                              0.750000    1.260442   -0.510442 (VIOLATED)
_17069_/A                               0.750000    1.260437   -0.510437 (VIOLATED)
_17070_/A1                              0.750000    1.260421   -0.510421 (VIOLATED)
_16804_/C1                              0.750000    1.260415   -0.510415 (VIOLATED)
_17187_/A                               0.750000    1.260408   -0.510408 (VIOLATED)
_16983_/B1                              0.750000    1.260407   -0.510407 (VIOLATED)
_17182_/B1                              0.750000    1.260406   -0.510406 (VIOLATED)
_17173_/C1                              0.750000    1.260405   -0.510405 (VIOLATED)
_17185_/A1                              0.750000    1.260405   -0.510405 (VIOLATED)
_17289_/B1                              0.750000    1.260405   -0.510405 (VIOLATED)
_09489_/A                               0.750000    1.260402   -0.510402 (VIOLATED)
_17291_/A1                              0.750000    1.260402   -0.510402 (VIOLATED)
_17172_/C1                              0.750000    1.260400   -0.510400 (VIOLATED)
_17169_/C1                              0.750000    1.260395   -0.510395 (VIOLATED)
_17299_/A                               0.750000    1.260395   -0.510395 (VIOLATED)
_16690_/C1                              0.750000    1.260394   -0.510394 (VIOLATED)
_16158_/A_N                             0.750000    1.260390   -0.510390 (VIOLATED)
_16162_/B1                              0.750000    1.260382   -0.510382 (VIOLATED)
_16163_/A1                              0.750000    1.260379   -0.510379 (VIOLATED)
_16161_/A1                              0.750000    1.260373   -0.510373 (VIOLATED)
_16972_/A1                              0.750000    1.260367   -0.510367 (VIOLATED)
_16170_/B1                              0.750000    1.260356   -0.510356 (VIOLATED)
_16674_/A                               0.750000    1.260353   -0.510353 (VIOLATED)
_16676_/A1                              0.750000    1.260345   -0.510345 (VIOLATED)
_16689_/C1                              0.750000    1.260338   -0.510338 (VIOLATED)
_16508_/A1                              0.750000    1.260337   -0.510337 (VIOLATED)
_17056_/C1                              0.750000    1.260337   -0.510337 (VIOLATED)
_16801_/C1                              0.750000    1.260336   -0.510336 (VIOLATED)
_16986_/C1                              0.750000    1.260336   -0.510336 (VIOLATED)
_16989_/B1                              0.750000    1.260335   -0.510335 (VIOLATED)
_16502_/B1                              0.750000    1.260334   -0.510334 (VIOLATED)
_16673_/C                               0.750000    1.260327   -0.510327 (VIOLATED)
_16142_/C1                              0.750000    1.260321   -0.510321 (VIOLATED)
_16798_/C1                              0.750000    1.260321   -0.510321 (VIOLATED)
_16701_/S                               0.750000    1.260312   -0.510312 (VIOLATED)
_16467_/B1                              0.750000    1.260306   -0.510306 (VIOLATED)
_16470_/A1                              0.750000    1.260305   -0.510305 (VIOLATED)
_16669_/A                               0.750000    1.260303   -0.510303 (VIOLATED)
_16807_/A1                              0.750000    1.260304   -0.510304 (VIOLATED)
_16687_/A1                              0.750000    1.260303   -0.510303 (VIOLATED)
_16695_/C1                              0.750000    1.260302   -0.510302 (VIOLATED)
_16702_/B2                              0.750000    1.260303   -0.510303 (VIOLATED)
_16496_/A1                              0.750000    1.260301   -0.510301 (VIOLATED)
_16202_/C1                              0.750000    1.260298   -0.510298 (VIOLATED)
_16472_/A                               0.750000    1.260299   -0.510299 (VIOLATED)
_16200_/A                               0.750000    1.260298   -0.510298 (VIOLATED)
_17297_/A1                              0.750000    1.260291   -0.510292 (VIOLATED)
_16193_/B1                              0.750000    1.260278   -0.510278 (VIOLATED)
_16782_/B1                              0.750000    1.260275   -0.510275 (VIOLATED)
_16186_/B2                              0.750000    1.260268   -0.510268 (VIOLATED)
_16993_/A                               0.750000    1.260249   -0.510249 (VIOLATED)
_16789_/D1                              0.750000    1.260243   -0.510243 (VIOLATED)
_16137_/C1                              0.750000    1.260242   -0.510242 (VIOLATED)
_16138_/A1                              0.750000    1.260235   -0.510235 (VIOLATED)
_16182_/A                               0.750000    1.260226   -0.510226 (VIOLATED)
_17303_/A1                              0.750000    1.260226   -0.510226 (VIOLATED)
_16996_/A1                              0.750000    1.260213   -0.510213 (VIOLATED)
_17613_/A0                              0.750000    1.259849   -0.509849 (VIOLATED)
_18906_/Q                               0.750000    1.259849   -0.509849 (VIOLATED)
_14279_/B                               0.750000    1.255402   -0.505402 (VIOLATED)
_15419_/A1                              0.750000    1.255402   -0.505402 (VIOLATED)
_15417_/A1                              0.750000    1.255401   -0.505401 (VIOLATED)
_15530_/C1                              0.750000    1.255402   -0.505402 (VIOLATED)
_15553_/B1                              0.750000    1.255402   -0.505402 (VIOLATED)
_14287_/B                               0.750000    1.255401   -0.505401 (VIOLATED)
_14365_/A1                              0.750000    1.255400   -0.505400 (VIOLATED)
_14370_/A1                              0.750000    1.255400   -0.505400 (VIOLATED)
_15147_/C1                              0.750000    1.255400   -0.505400 (VIOLATED)
_15537_/B1                              0.750000    1.255400   -0.505400 (VIOLATED)
_15542_/C1                              0.750000    1.255400   -0.505400 (VIOLATED)
_15555_/A1                              0.750000    1.255400   -0.505400 (VIOLATED)
_14351_/B1                              0.750000    1.255399   -0.505399 (VIOLATED)
_15428_/A1                              0.750000    1.255399   -0.505399 (VIOLATED)
_15549_/B1                              0.750000    1.255399   -0.505399 (VIOLATED)
_14953_/A1                              0.750000    1.255397   -0.505397 (VIOLATED)
_14772_/A                               0.750000    1.255396   -0.505396 (VIOLATED)
_14944_/B1                              0.750000    1.255396   -0.505396 (VIOLATED)
_15003_/C1                              0.750000    1.255396   -0.505396 (VIOLATED)
_15170_/A1                              0.750000    1.255396   -0.505396 (VIOLATED)
_15292_/A1                              0.750000    1.255396   -0.505396 (VIOLATED)
_15556_/B2                              0.750000    1.255396   -0.505396 (VIOLATED)
_15532_/A1                              0.750000    1.255395   -0.505395 (VIOLATED)
_14324_/A1                              0.750000    1.255394   -0.505394 (VIOLATED)
_14813_/B1                              0.750000    1.255394   -0.505394 (VIOLATED)
_15407_/A1                              0.750000    1.255394   -0.505394 (VIOLATED)
_14356_/A                               0.750000    1.255392   -0.505392 (VIOLATED)
_14809_/A                               0.750000    1.255393   -0.505393 (VIOLATED)
_14956_/A                               0.750000    1.255393   -0.505393 (VIOLATED)
_15001_/A1                              0.750000    1.255393   -0.505393 (VIOLATED)
_15000_/C1                              0.750000    1.255392   -0.505392 (VIOLATED)
_09446_/A                               0.750000    1.255390   -0.505390 (VIOLATED)
_14278_/B1                              0.750000    1.255390   -0.505390 (VIOLATED)
_14286_/B                               0.750000    1.255390   -0.505390 (VIOLATED)
_14308_/A1                              0.750000    1.255390   -0.505390 (VIOLATED)
_14326_/C1                              0.750000    1.255390   -0.505390 (VIOLATED)
_14337_/C1                              0.750000    1.255390   -0.505390 (VIOLATED)
_14340_/B1                              0.750000    1.255390   -0.505390 (VIOLATED)
_14777_/C1                              0.750000    1.255390   -0.505390 (VIOLATED)
_14781_/C1                              0.750000    1.255390   -0.505390 (VIOLATED)
_14787_/B2                              0.750000    1.255390   -0.505390 (VIOLATED)
_14793_/B1                              0.750000    1.255390   -0.505390 (VIOLATED)
_14795_/A1                              0.750000    1.255390   -0.505390 (VIOLATED)
_14804_/A1                              0.750000    1.255390   -0.505390 (VIOLATED)
_14806_/C1                              0.750000    1.255390   -0.505390 (VIOLATED)
_14946_/C1                              0.750000    1.255390   -0.505390 (VIOLATED)
_14947_/B1                              0.750000    1.255390   -0.505390 (VIOLATED)
_14967_/B1                              0.750000    1.255390   -0.505390 (VIOLATED)
_14968_/C1                              0.750000    1.255390   -0.505390 (VIOLATED)
_14977_/A1                              0.750000    1.255390   -0.505390 (VIOLATED)
_14983_/A                               0.750000    1.255390   -0.505390 (VIOLATED)
_14985_/A1                              0.750000    1.255390   -0.505390 (VIOLATED)
_14986_/B1                              0.750000    1.255390   -0.505390 (VIOLATED)
_14987_/C1                              0.750000    1.255390   -0.505390 (VIOLATED)
_14991_/A                               0.750000    1.255390   -0.505390 (VIOLATED)
_14992_/C1                              0.750000    1.255390   -0.505390 (VIOLATED)
_15010_/C1                              0.750000    1.255390   -0.505390 (VIOLATED)
_15015_/A1                              0.750000    1.255390   -0.505390 (VIOLATED)
_15149_/B1                              0.750000    1.255390   -0.505390 (VIOLATED)
_15151_/C1                              0.750000    1.255390   -0.505390 (VIOLATED)
_15153_/A1                              0.750000    1.255390   -0.505390 (VIOLATED)
_15157_/A1                              0.750000    1.255390   -0.505390 (VIOLATED)
_15163_/A1                              0.750000    1.255390   -0.505390 (VIOLATED)
_15277_/A1                              0.750000    1.255390   -0.505390 (VIOLATED)
_15282_/B1                              0.750000    1.255390   -0.505390 (VIOLATED)
_15284_/B1                              0.750000    1.255390   -0.505390 (VIOLATED)
_15285_/B1                              0.750000    1.255390   -0.505390 (VIOLATED)
_15295_/C1                              0.750000    1.255390   -0.505390 (VIOLATED)
_15413_/A1                              0.750000    1.255390   -0.505390 (VIOLATED)
_15423_/B1                              0.750000    1.255390   -0.505390 (VIOLATED)
_15548_/A1                              0.750000    1.255390   -0.505390 (VIOLATED)
_17789_/A0                              0.750000    1.255390   -0.505390 (VIOLATED)
_18962_/Q                               0.750000    1.255390   -0.505390 (VIOLATED)
_16027_/B1                              0.750000    1.252072   -0.502072 (VIOLATED)
_16032_/A                               0.750000    1.252071   -0.502071 (VIOLATED)
_16015_/B1_N                            0.750000    1.252071   -0.502071 (VIOLATED)
_16048_/B1_N                            0.750000    1.252071   -0.502071 (VIOLATED)
_16384_/A1                              0.750000    1.252068   -0.502068 (VIOLATED)
_16726_/A1                              0.750000    1.252067   -0.502067 (VIOLATED)
_16946_/B1                              0.750000    1.252067   -0.502067 (VIOLATED)
_16398_/A                               0.750000    1.252066   -0.502066 (VIOLATED)
_17075_/B2                              0.750000    1.252067   -0.502067 (VIOLATED)
_16063_/B                               0.750000    1.252066   -0.502066 (VIOLATED)
_16004_/B1                              0.750000    1.252063   -0.502063 (VIOLATED)
_16009_/A1                              0.750000    1.252060   -0.502060 (VIOLATED)
_17206_/A1                              0.750000    1.252052   -0.502052 (VIOLATED)
_16387_/B                               0.750000    1.252050   -0.502050 (VIOLATED)
_16855_/A                               0.750000    1.252048   -0.502048 (VIOLATED)
_17214_/A1                              0.750000    1.252020   -0.502020 (VIOLATED)
_16568_/B1                              0.750000    1.251986   -0.501986 (VIOLATED)
_16869_/A1                              0.750000    1.251980   -0.501980 (VIOLATED)
_16035_/B                               0.750000    1.251948   -0.501948 (VIOLATED)
_16719_/A1                              0.750000    1.251948   -0.501948 (VIOLATED)
_16005_/B                               0.750000    1.251947   -0.501947 (VIOLATED)
_16712_/A1                              0.750000    1.251945   -0.501945 (VIOLATED)
_17076_/B                               0.750000    1.251942   -0.501942 (VIOLATED)
_16074_/B1                              0.750000    1.251937   -0.501937 (VIOLATED)
_17085_/A1                              0.750000    1.251937   -0.501937 (VIOLATED)
_17084_/A1                              0.750000    1.251936   -0.501936 (VIOLATED)
_16711_/A_N                             0.750000    1.251929   -0.501929 (VIOLATED)
_16053_/B1                              0.750000    1.251924   -0.501924 (VIOLATED)
_16374_/A1                              0.750000    1.251924   -0.501924 (VIOLATED)
_16047_/A                               0.750000    1.251922   -0.501922 (VIOLATED)
_16033_/B                               0.750000    1.251921   -0.501921 (VIOLATED)
_16563_/B                               0.750000    1.251920   -0.501920 (VIOLATED)
_16028_/C1                              0.750000    1.251916   -0.501916 (VIOLATED)
_16041_/A1                              0.750000    1.251915   -0.501915 (VIOLATED)
_16954_/A2                              0.750000    1.251910   -0.501910 (VIOLATED)
_16095_/B                               0.750000    1.251908   -0.501908 (VIOLATED)
_16372_/A                               0.750000    1.251901   -0.501901 (VIOLATED)
_16051_/A1                              0.750000    1.251896   -0.501896 (VIOLATED)
_16553_/A1                              0.750000    1.251891   -0.501892 (VIOLATED)
_16964_/A1                              0.750000    1.251890   -0.501890 (VIOLATED)
_16064_/A1                              0.750000    1.251885   -0.501885 (VIOLATED)
_16860_/C                               0.750000    1.251883   -0.501883 (VIOLATED)
_16566_/A1                              0.750000    1.251883   -0.501883 (VIOLATED)
_16400_/A                               0.750000    1.251881   -0.501881 (VIOLATED)
_16022_/B1_N                            0.750000    1.251877   -0.501877 (VIOLATED)
_16554_/B1                              0.750000    1.251877   -0.501877 (VIOLATED)
_16576_/A2                              0.750000    1.251876   -0.501876 (VIOLATED)
_16371_/A                               0.750000    1.251874   -0.501874 (VIOLATED)
_16404_/A                               0.750000    1.251868   -0.501868 (VIOLATED)
_16036_/B                               0.750000    1.251865   -0.501865 (VIOLATED)
_16087_/B1                              0.750000    1.251860   -0.501860 (VIOLATED)
_17081_/C1                              0.750000    1.251854   -0.501854 (VIOLATED)
_16957_/B1                              0.750000    1.251842   -0.501842 (VIOLATED)
_16737_/B2                              0.750000    1.251823   -0.501823 (VIOLATED)
_16073_/B1_N                            0.750000    1.251792   -0.501792 (VIOLATED)
_16397_/A1                              0.750000    1.251771   -0.501771 (VIOLATED)
_16076_/C1                              0.750000    1.251768   -0.501768 (VIOLATED)
_16030_/A                               0.750000    1.251767   -0.501767 (VIOLATED)
_16061_/B                               0.750000    1.251767   -0.501767 (VIOLATED)
_09478_/A                               0.750000    1.251766   -0.501766 (VIOLATED)
_16034_/B                               0.750000    1.251765   -0.501765 (VIOLATED)
_16049_/A_N                             0.750000    1.251763   -0.501763 (VIOLATED)
_16408_/A                               0.750000    1.251753   -0.501753 (VIOLATED)
_16079_/B                               0.750000    1.251714   -0.501714 (VIOLATED)
_16409_/A                               0.750000    1.251711   -0.501711 (VIOLATED)
_16380_/A                               0.750000    1.251627   -0.501627 (VIOLATED)
_16864_/A                               0.750000    1.251594   -0.501594 (VIOLATED)
_17218_/A1                              0.750000    1.251579   -0.501579 (VIOLATED)
_16845_/B2                              0.750000    1.251572   -0.501572 (VIOLATED)
_16037_/B1_N                            0.750000    1.251543   -0.501543 (VIOLATED)
_17861_/A1                              0.750000    1.249420   -0.499420 (VIOLATED)
_18985_/Q                               0.750000    1.249420   -0.499420 (VIOLATED)
_10464_/A                               0.750000    1.238225   -0.488225 (VIOLATED)
_10465_/A1                              0.750000    1.238225   -0.488225 (VIOLATED)
_10994_/C1                              0.750000    1.238225   -0.488225 (VIOLATED)
_09394_/A                               0.750000    1.238223   -0.488223 (VIOLATED)
_10211_/A1                              0.750000    1.238223   -0.488223 (VIOLATED)
_10210_/A                               0.750000    1.238222   -0.488222 (VIOLATED)
_10224_/B1                              0.750000    1.238222   -0.488222 (VIOLATED)
_10207_/A                               0.750000    1.238221   -0.488221 (VIOLATED)
_10208_/A1                              0.750000    1.238221   -0.488221 (VIOLATED)
_11406_/A1                              0.750000    1.238221   -0.488221 (VIOLATED)
_10981_/B1                              0.750000    1.238218   -0.488218 (VIOLATED)
_10845_/A1                              0.750000    1.238210   -0.488210 (VIOLATED)
_10979_/A                               0.750000    1.238206   -0.488206 (VIOLATED)
_10244_/B1                              0.750000    1.238205   -0.488205 (VIOLATED)
_10233_/B1                              0.750000    1.238196   -0.488196 (VIOLATED)
_10237_/A                               0.750000    1.238196   -0.488196 (VIOLATED)
_11280_/C1                              0.750000    1.238196   -0.488196 (VIOLATED)
_10246_/C1                              0.750000    1.238194   -0.488194 (VIOLATED)
_11140_/C1                              0.750000    1.238193   -0.488193 (VIOLATED)
_10181_/A                               0.750000    1.238189   -0.488189 (VIOLATED)
_10443_/B1                              0.750000    1.238190   -0.488190 (VIOLATED)
_10985_/A1                              0.750000    1.238190   -0.488190 (VIOLATED)
_11284_/C1                              0.750000    1.238190   -0.488190 (VIOLATED)
_10447_/A                               0.750000    1.238189   -0.488189 (VIOLATED)
_11141_/B1                              0.750000    1.238187   -0.488187 (VIOLATED)
_10174_/B2                              0.750000    1.238184   -0.488185 (VIOLATED)
_10170_/A                               0.750000    1.238183   -0.488183 (VIOLATED)
_10459_/A                               0.750000    1.238180   -0.488180 (VIOLATED)
_10470_/B1                              0.750000    1.238178   -0.488178 (VIOLATED)
_10660_/C1                              0.750000    1.238178   -0.488178 (VIOLATED)
_10671_/A1                              0.750000    1.238178   -0.488179 (VIOLATED)
_10986_/C1                              0.750000    1.238176   -0.488177 (VIOLATED)
_10666_/A1                              0.750000    1.238176   -0.488176 (VIOLATED)
_11137_/C1                              0.750000    1.238171   -0.488171 (VIOLATED)
_10647_/C1                              0.750000    1.238169   -0.488169 (VIOLATED)
_11159_/A1                              0.750000    1.238168   -0.488168 (VIOLATED)
_11295_/C1                              0.750000    1.238168   -0.488168 (VIOLATED)
_11303_/A1                              0.750000    1.238168   -0.488168 (VIOLATED)
_10438_/B1                              0.750000    1.238161   -0.488161 (VIOLATED)
_11300_/A1                              0.750000    1.238160   -0.488160 (VIOLATED)
_11158_/A1                              0.750000    1.238160   -0.488160 (VIOLATED)
_11298_/B2                              0.750000    1.238160   -0.488160 (VIOLATED)
_11156_/A1                              0.750000    1.238153   -0.488153 (VIOLATED)
_11146_/A1                              0.750000    1.238149   -0.488149 (VIOLATED)
_10829_/D                               0.750000    1.238147   -0.488147 (VIOLATED)
_11149_/C1                              0.750000    1.238146   -0.488146 (VIOLATED)
_11150_/A                               0.750000    1.238147   -0.488147 (VIOLATED)
_10654_/A                               0.750000    1.238144   -0.488144 (VIOLATED)
_10676_/A1                              0.750000    1.238144   -0.488144 (VIOLATED)
_11402_/C1                              0.750000    1.238143   -0.488143 (VIOLATED)
_11151_/B1                              0.750000    1.238142   -0.488142 (VIOLATED)
_11404_/C1                              0.750000    1.238141   -0.488141 (VIOLATED)
_10824_/A1                              0.750000    1.238140   -0.488140 (VIOLATED)
_11383_/C1                              0.750000    1.238137   -0.488137 (VIOLATED)
_10841_/A1                              0.750000    1.238134   -0.488134 (VIOLATED)
_10842_/A1                              0.750000    1.238133   -0.488133 (VIOLATED)
_10209_/A                               0.750000    1.238130   -0.488130 (VIOLATED)
_10436_/A_N                             0.750000    1.238130   -0.488130 (VIOLATED)
_11385_/C1                              0.750000    1.238130   -0.488130 (VIOLATED)
_10646_/A1                              0.750000    1.238129   -0.488129 (VIOLATED)
_11285_/B1                              0.750000    1.238129   -0.488129 (VIOLATED)
_11289_/B2                              0.750000    1.238128   -0.488128 (VIOLATED)
_11393_/B1                              0.750000    1.238126   -0.488126 (VIOLATED)
_10821_/C1                              0.750000    1.238113   -0.488113 (VIOLATED)
_12573_/A                               0.750000    1.238027   -0.488027 (VIOLATED)
_17930_/A1                              0.750000    1.238027   -0.488027 (VIOLATED)
_19018_/Q                               0.750000    1.238027   -0.488027 (VIOLATED)
_09421_/A                               0.750000    1.219211   -0.469211 (VIOLATED)
_12712_/B                               0.750000    1.219211   -0.469211 (VIOLATED)
_12713_/B                               0.750000    1.219211   -0.469211 (VIOLATED)
_12744_/A                               0.750000    1.219211   -0.469211 (VIOLATED)
_12749_/A                               0.750000    1.219211   -0.469211 (VIOLATED)
_12753_/A1                              0.750000    1.219211   -0.469211 (VIOLATED)
_12772_/B1                              0.750000    1.219211   -0.469211 (VIOLATED)
_12778_/B1                              0.750000    1.219211   -0.469211 (VIOLATED)
_12789_/A1                              0.750000    1.219211   -0.469211 (VIOLATED)
_12797_/C1                              0.750000    1.219211   -0.469211 (VIOLATED)
_12802_/B                               0.750000    1.219211   -0.469211 (VIOLATED)
_12804_/A                               0.750000    1.219211   -0.469211 (VIOLATED)
_12813_/A1                              0.750000    1.219211   -0.469211 (VIOLATED)
_12815_/B1                              0.750000    1.219211   -0.469211 (VIOLATED)
_12817_/A1                              0.750000    1.219211   -0.469211 (VIOLATED)
_12824_/A1                              0.750000    1.219211   -0.469211 (VIOLATED)
_12826_/B1                              0.750000    1.219211   -0.469211 (VIOLATED)
_12834_/C1                              0.750000    1.219211   -0.469211 (VIOLATED)
_13219_/A                               0.750000    1.219211   -0.469211 (VIOLATED)
_13221_/A1                              0.750000    1.219211   -0.469211 (VIOLATED)
_13224_/B1                              0.750000    1.219211   -0.469211 (VIOLATED)
_13226_/A1                              0.750000    1.219211   -0.469211 (VIOLATED)
_13230_/A                               0.750000    1.219211   -0.469211 (VIOLATED)
_13236_/A1                              0.750000    1.219211   -0.469211 (VIOLATED)
_13238_/B1                              0.750000    1.219211   -0.469211 (VIOLATED)
_13243_/B1                              0.750000    1.219211   -0.469211 (VIOLATED)
_13254_/A                               0.750000    1.219211   -0.469211 (VIOLATED)
_13256_/A1                              0.750000    1.219211   -0.469211 (VIOLATED)
_13390_/A1                              0.750000    1.219211   -0.469211 (VIOLATED)
_13393_/C1                              0.750000    1.219211   -0.469211 (VIOLATED)
_13398_/A1                              0.750000    1.219211   -0.469211 (VIOLATED)
_13401_/D1                              0.750000    1.219211   -0.469211 (VIOLATED)
_13405_/B1                              0.750000    1.219211   -0.469211 (VIOLATED)
_13406_/C1                              0.750000    1.219211   -0.469211 (VIOLATED)
_13411_/A                               0.750000    1.219211   -0.469211 (VIOLATED)
_13412_/A                               0.750000    1.219211   -0.469211 (VIOLATED)
_13413_/C1                              0.750000    1.219211   -0.469211 (VIOLATED)
_13415_/A1                              0.750000    1.219211   -0.469211 (VIOLATED)
_13538_/C1                              0.750000    1.219211   -0.469211 (VIOLATED)
_13544_/A1                              0.750000    1.219211   -0.469211 (VIOLATED)
_13546_/C1                              0.750000    1.219211   -0.469211 (VIOLATED)
_13547_/A1                              0.750000    1.219211   -0.469211 (VIOLATED)
_13548_/C1                              0.750000    1.219211   -0.469211 (VIOLATED)
_13550_/A2                              0.750000    1.219211   -0.469211 (VIOLATED)
_13553_/A                               0.750000    1.219211   -0.469211 (VIOLATED)
_13556_/B                               0.750000    1.219211   -0.469211 (VIOLATED)
_13560_/B1                              0.750000    1.219211   -0.469211 (VIOLATED)
_13561_/B                               0.750000    1.219211   -0.469211 (VIOLATED)
_13564_/B1                              0.750000    1.219211   -0.469211 (VIOLATED)
_13768_/C1                              0.750000    1.219211   -0.469211 (VIOLATED)
_13772_/B2                              0.750000    1.219211   -0.469211 (VIOLATED)
_13774_/B1                              0.750000    1.219211   -0.469211 (VIOLATED)
_13777_/B1                              0.750000    1.219211   -0.469211 (VIOLATED)
_13783_/C1                              0.750000    1.219211   -0.469211 (VIOLATED)
_13789_/B1                              0.750000    1.219211   -0.469211 (VIOLATED)
_13791_/C1                              0.750000    1.219211   -0.469211 (VIOLATED)
_13799_/A1_N                            0.750000    1.219211   -0.469211 (VIOLATED)
_13805_/C1                              0.750000    1.219211   -0.469211 (VIOLATED)
_13808_/A1                              0.750000    1.219211   -0.469211 (VIOLATED)
_13814_/S1                              0.750000    1.219211   -0.469211 (VIOLATED)
_13816_/C1                              0.750000    1.219211   -0.469211 (VIOLATED)
_13820_/B1                              0.750000    1.219211   -0.469211 (VIOLATED)
_13920_/A                               0.750000    1.219211   -0.469211 (VIOLATED)
_13924_/C1                              0.750000    1.219211   -0.469211 (VIOLATED)
_13927_/B1                              0.750000    1.219211   -0.469211 (VIOLATED)
_13929_/A1                              0.750000    1.219211   -0.469211 (VIOLATED)
_13930_/A                               0.750000    1.219211   -0.469211 (VIOLATED)
_13931_/B                               0.750000    1.219211   -0.469211 (VIOLATED)
_13937_/B1                              0.750000    1.219211   -0.469211 (VIOLATED)
_13939_/A1                              0.750000    1.219211   -0.469211 (VIOLATED)
_13941_/A1                              0.750000    1.219211   -0.469211 (VIOLATED)
_13944_/C1                              0.750000    1.219211   -0.469211 (VIOLATED)
_17685_/A0                              0.750000    1.219211   -0.469211 (VIOLATED)
_18930_/Q                               0.750000    1.219211   -0.469211 (VIOLATED)
_13512_/A                               0.750000    1.211522   -0.461522 (VIOLATED)
_13513_/A1                              0.750000    1.211522   -0.461522 (VIOLATED)
_13583_/A1                              0.750000    1.211523   -0.461523 (VIOLATED)
_13587_/A                               0.750000    1.211522   -0.461522 (VIOLATED)
_13888_/A1                              0.750000    1.211522   -0.461522 (VIOLATED)
_13014_/A                               0.750000    1.211521   -0.461521 (VIOLATED)
_13516_/B1                              0.750000    1.211520   -0.461520 (VIOLATED)
_13515_/A1                              0.750000    1.211520   -0.461520 (VIOLATED)
_13345_/B                               0.750000    1.211517   -0.461517 (VIOLATED)
_13517_/A1                              0.750000    1.211517   -0.461517 (VIOLATED)
_13576_/A1                              0.750000    1.211515   -0.461515 (VIOLATED)
_13010_/A1                              0.750000    1.211511   -0.461511 (VIOLATED)
_13589_/A1                              0.750000    1.211510   -0.461510 (VIOLATED)
_13028_/A1                              0.750000    1.211507   -0.461507 (VIOLATED)
_13991_/A1                              0.750000    1.211507   -0.461507 (VIOLATED)
_13007_/A                               0.750000    1.211506   -0.461506 (VIOLATED)
_13337_/A1                              0.750000    1.211506   -0.461506 (VIOLATED)
_13982_/A1                              0.750000    1.211504   -0.461505 (VIOLATED)
_13989_/A1                              0.750000    1.211501   -0.461501 (VIOLATED)
_13908_/A1                              0.750000    1.211500   -0.461500 (VIOLATED)
_13909_/A                               0.750000    1.211501   -0.461501 (VIOLATED)
_13985_/A1                              0.750000    1.211501   -0.461501 (VIOLATED)
_12996_/A                               0.750000    1.211500   -0.461500 (VIOLATED)
_13895_/A                               0.750000    1.211498   -0.461498 (VIOLATED)
_12995_/C1                              0.750000    1.211495   -0.461495 (VIOLATED)
_13033_/C1                              0.750000    1.211495   -0.461495 (VIOLATED)
_13038_/A                               0.750000    1.211496   -0.461496 (VIOLATED)
_13901_/A1                              0.750000    1.211496   -0.461496 (VIOLATED)
_13042_/A                               0.750000    1.211494   -0.461494 (VIOLATED)
_13031_/B1_N                            0.750000    1.211494   -0.461494 (VIOLATED)
_13349_/A                               0.750000    1.211493   -0.461494 (VIOLATED)
_14066_/B2                              0.750000    1.211493   -0.461494 (VIOLATED)
_13343_/B1_N                            0.750000    1.211492   -0.461492 (VIOLATED)
_13569_/A1                              0.750000    1.211490   -0.461490 (VIOLATED)
_12982_/A_N                             0.750000    1.211490   -0.461490 (VIOLATED)
_13376_/A                               0.750000    1.211489   -0.461489 (VIOLATED)
_13740_/C                               0.750000    1.211488   -0.461488 (VIOLATED)
_14047_/A1                              0.750000    1.211488   -0.461488 (VIOLATED)
_14064_/B2                              0.750000    1.211488   -0.461488 (VIOLATED)
_13013_/A                               0.750000    1.211487   -0.461487 (VIOLATED)
_13025_/B1                              0.750000    1.211487   -0.461487 (VIOLATED)
_13009_/A                               0.750000    1.211483   -0.461484 (VIOLATED)
_13377_/A                               0.750000    1.211483   -0.461483 (VIOLATED)
_13017_/A1                              0.750000    1.211483   -0.461483 (VIOLATED)
_13742_/A                               0.750000    1.211483   -0.461483 (VIOLATED)
_09438_/A                               0.750000    1.211482   -0.461482 (VIOLATED)
_13016_/A                               0.750000    1.211481   -0.461481 (VIOLATED)
_13026_/B1                              0.750000    1.211481   -0.461481 (VIOLATED)
_13334_/B                               0.750000    1.211481   -0.461481 (VIOLATED)
_13360_/A                               0.750000    1.211480   -0.461480 (VIOLATED)
_13364_/A                               0.750000    1.211480   -0.461481 (VIOLATED)
_13378_/B2                              0.750000    1.211481   -0.461481 (VIOLATED)
_13748_/A1                              0.750000    1.211481   -0.461481 (VIOLATED)
_13988_/B2                              0.750000    1.211479   -0.461479 (VIOLATED)
_14069_/A1                              0.750000    1.211479   -0.461479 (VIOLATED)
_13598_/A1                              0.750000    1.211477   -0.461477 (VIOLATED)
_13525_/A1                              0.750000    1.211476   -0.461476 (VIOLATED)
_13379_/A                               0.750000    1.211476   -0.461476 (VIOLATED)
_13500_/B1                              0.750000    1.211475   -0.461475 (VIOLATED)
_13578_/A1                              0.750000    1.211475   -0.461475 (VIOLATED)
_12959_/B                               0.750000    1.211474   -0.461474 (VIOLATED)
_12981_/A_N                             0.750000    1.211473   -0.461473 (VIOLATED)
_13354_/A0                              0.750000    1.211473   -0.461473 (VIOLATED)
_14071_/S                               0.750000    1.211473   -0.461473 (VIOLATED)
_12979_/B1_N                            0.750000    1.211472   -0.461472 (VIOLATED)
_13006_/A                               0.750000    1.211471   -0.461471 (VIOLATED)
_13998_/A1                              0.750000    1.211471   -0.461471 (VIOLATED)
_12980_/A1                              0.750000    1.211468   -0.461468 (VIOLATED)
_12992_/A                               0.750000    1.211468   -0.461468 (VIOLATED)
_13526_/A1                              0.750000    1.211467   -0.461467 (VIOLATED)
_13044_/A                               0.750000    1.211466   -0.461466 (VIOLATED)
_13523_/A1                              0.750000    1.211463   -0.461463 (VIOLATED)
_13522_/A1                              0.750000    1.211456   -0.461456 (VIOLATED)
_17811_/A1                              0.750000    1.211341   -0.461341 (VIOLATED)
_18969_/Q                               0.750000    1.211341   -0.461341 (VIOLATED)
_09402_/A                               0.750000    1.210979   -0.460979 (VIOLATED)
_11845_/A_N                             0.750000    1.210979   -0.460979 (VIOLATED)
_11847_/A                               0.750000    1.210979   -0.460979 (VIOLATED)
_11849_/A                               0.750000    1.210979   -0.460979 (VIOLATED)
_11850_/A                               0.750000    1.210979   -0.460979 (VIOLATED)
_11855_/A                               0.750000    1.210979   -0.460979 (VIOLATED)
_11856_/A                               0.750000    1.210979   -0.460979 (VIOLATED)
_11874_/B1_N                            0.750000    1.210979   -0.460979 (VIOLATED)
_11875_/A                               0.750000    1.210979   -0.460979 (VIOLATED)
_11888_/B1_N                            0.750000    1.210979   -0.460979 (VIOLATED)
_11890_/B                               0.750000    1.210979   -0.460979 (VIOLATED)
_11891_/B                               0.750000    1.210979   -0.460979 (VIOLATED)
_11892_/A                               0.750000    1.210979   -0.460979 (VIOLATED)
_11893_/A                               0.750000    1.210979   -0.460979 (VIOLATED)
_11901_/B                               0.750000    1.210979   -0.460979 (VIOLATED)
_11903_/A                               0.750000    1.210979   -0.460979 (VIOLATED)
_11904_/B                               0.750000    1.210979   -0.460979 (VIOLATED)
_11908_/A1                              0.750000    1.210979   -0.460979 (VIOLATED)
_11914_/A1                              0.750000    1.210979   -0.460979 (VIOLATED)
_11915_/A1                              0.750000    1.210979   -0.460979 (VIOLATED)
_11918_/A                               0.750000    1.210979   -0.460979 (VIOLATED)
_11921_/A                               0.750000    1.210979   -0.460979 (VIOLATED)
_11923_/A                               0.750000    1.210979   -0.460979 (VIOLATED)
_11926_/B                               0.750000    1.210979   -0.460979 (VIOLATED)
_11927_/B1_N                            0.750000    1.210979   -0.460979 (VIOLATED)
_11931_/B1                              0.750000    1.210979   -0.460979 (VIOLATED)
_11932_/B1                              0.750000    1.210979   -0.460979 (VIOLATED)
_11937_/B                               0.750000    1.210979   -0.460979 (VIOLATED)
_11938_/B                               0.750000    1.210979   -0.460979 (VIOLATED)
_11958_/B                               0.750000    1.210979   -0.460979 (VIOLATED)
_11959_/B                               0.750000    1.210979   -0.460979 (VIOLATED)
_11961_/A2                              0.750000    1.210979   -0.460979 (VIOLATED)
_11966_/A1                              0.750000    1.210979   -0.460979 (VIOLATED)
_11969_/A1                              0.750000    1.210979   -0.460979 (VIOLATED)
_11972_/B1                              0.750000    1.210979   -0.460979 (VIOLATED)
_11983_/A1                              0.750000    1.210979   -0.460979 (VIOLATED)
_11984_/A                               0.750000    1.210979   -0.460979 (VIOLATED)
_11994_/A                               0.750000    1.210979   -0.460979 (VIOLATED)
_12017_/A                               0.750000    1.210979   -0.460979 (VIOLATED)
_12018_/A1                              0.750000    1.210979   -0.460979 (VIOLATED)
_12021_/A                               0.750000    1.210979   -0.460979 (VIOLATED)
_12024_/A1                              0.750000    1.210979   -0.460979 (VIOLATED)
_12025_/A2                              0.750000    1.210979   -0.460979 (VIOLATED)
_12032_/B1                              0.750000    1.210979   -0.460979 (VIOLATED)
_12034_/A1_N                            0.750000    1.210979   -0.460979 (VIOLATED)
_12045_/A                               0.750000    1.210979   -0.460979 (VIOLATED)
_12064_/A1                              0.750000    1.210979   -0.460979 (VIOLATED)
_12066_/B1                              0.750000    1.210979   -0.460979 (VIOLATED)
_12070_/C1                              0.750000    1.210979   -0.460979 (VIOLATED)
_12079_/A1                              0.750000    1.210979   -0.460979 (VIOLATED)
_12082_/A                               0.750000    1.210979   -0.460979 (VIOLATED)
_12089_/A1                              0.750000    1.210979   -0.460979 (VIOLATED)
_12105_/A1                              0.750000    1.210979   -0.460979 (VIOLATED)
_12119_/A1                              0.750000    1.210979   -0.460979 (VIOLATED)
_12120_/A1                              0.750000    1.210979   -0.460979 (VIOLATED)
_12129_/A1                              0.750000    1.210979   -0.460979 (VIOLATED)
_12130_/A1                              0.750000    1.210979   -0.460979 (VIOLATED)
_12145_/A1                              0.750000    1.210979   -0.460979 (VIOLATED)
_12148_/A2                              0.750000    1.210979   -0.460979 (VIOLATED)
_12149_/A1_N                            0.750000    1.210979   -0.460979 (VIOLATED)
_12153_/A1                              0.750000    1.210979   -0.460979 (VIOLATED)
_12155_/A1                              0.750000    1.210979   -0.460979 (VIOLATED)
_12159_/A1                              0.750000    1.210979   -0.460979 (VIOLATED)
_12160_/A1                              0.750000    1.210979   -0.460979 (VIOLATED)
_12164_/B                               0.750000    1.210979   -0.460979 (VIOLATED)
_12184_/A1                              0.750000    1.210979   -0.460979 (VIOLATED)
_12186_/A                               0.750000    1.210979   -0.460979 (VIOLATED)
_12188_/A1                              0.750000    1.210979   -0.460979 (VIOLATED)
_12191_/A1                              0.750000    1.210979   -0.460979 (VIOLATED)
_12198_/A1                              0.750000    1.210979   -0.460979 (VIOLATED)
_12200_/B2                              0.750000    1.210979   -0.460979 (VIOLATED)
_12226_/A1                              0.750000    1.210979   -0.460979 (VIOLATED)
_12244_/A1                              0.750000    1.210979   -0.460979 (VIOLATED)
_17897_/A1                              0.750000    1.210979   -0.460979 (VIOLATED)
_19001_/Q                               0.750000    1.210979   -0.460979 (VIOLATED)
_10545_/C1                              0.750000    1.196545   -0.446545 (VIOLATED)
_11076_/B2                              0.750000    1.196545   -0.446545 (VIOLATED)
_11078_/A1                              0.750000    1.196544   -0.446544 (VIOLATED)
_09932_/B1                              0.750000    1.196542   -0.446542 (VIOLATED)
_11079_/B2                              0.750000    1.196539   -0.446539 (VIOLATED)
_10924_/B1                              0.750000    1.196535   -0.446535 (VIOLATED)
_11077_/A1                              0.750000    1.196534   -0.446534 (VIOLATED)
_09375_/A                               0.750000    1.196531   -0.446531 (VIOLATED)
_09988_/A                               0.750000    1.196531   -0.446531 (VIOLATED)
_10926_/A1                              0.750000    1.196529   -0.446529 (VIOLATED)
_10923_/C1                              0.750000    1.196527   -0.446527 (VIOLATED)
_10928_/B2                              0.750000    1.196527   -0.446527 (VIOLATED)
_11091_/B1                              0.750000    1.196527   -0.446527 (VIOLATED)
_09972_/A                               0.750000    1.196525   -0.446525 (VIOLATED)
_09934_/A                               0.750000    1.196520   -0.446520 (VIOLATED)
_10544_/D1                              0.750000    1.196515   -0.446515 (VIOLATED)
_10922_/B1                              0.750000    1.196510   -0.446510 (VIOLATED)
_10538_/C1                              0.750000    1.196502   -0.446502 (VIOLATED)
_10261_/S                               0.750000    1.196495   -0.446495 (VIOLATED)
_10264_/B1                              0.750000    1.196484   -0.446484 (VIOLATED)
_10541_/B1                              0.750000    1.196484   -0.446484 (VIOLATED)
_11095_/A1                              0.750000    1.196483   -0.446483 (VIOLATED)
_11092_/A1                              0.750000    1.196478   -0.446478 (VIOLATED)
_10542_/A1                              0.750000    1.196473   -0.446473 (VIOLATED)
_10547_/A                               0.750000    1.196452   -0.446452 (VIOLATED)
_10935_/A                               0.750000    1.196451   -0.446451 (VIOLATED)
_10941_/A1                              0.750000    1.196451   -0.446451 (VIOLATED)
_10533_/B1                              0.750000    1.196446   -0.446446 (VIOLATED)
_09935_/A1                              0.750000    1.196412   -0.446412 (VIOLATED)
_10767_/A1                              0.750000    1.196400   -0.446400 (VIOLATED)
_10281_/C1                              0.750000    1.196364   -0.446364 (VIOLATED)
_11093_/C1                              0.750000    1.196363   -0.446363 (VIOLATED)
_09984_/C1                              0.750000    1.196352   -0.446352 (VIOLATED)
_09993_/B1                              0.750000    1.196342   -0.446342 (VIOLATED)
_10013_/A                               0.750000    1.196298   -0.446299 (VIOLATED)
_10019_/A1                              0.750000    1.196299   -0.446299 (VIOLATED)
_10024_/C1                              0.750000    1.196298   -0.446298 (VIOLATED)
_10754_/B1                              0.750000    1.196296   -0.446296 (VIOLATED)
_10755_/A1                              0.750000    1.196293   -0.446293 (VIOLATED)
_10530_/C1                              0.750000    1.196290   -0.446290 (VIOLATED)
_10286_/A                               0.750000    1.196285   -0.446285 (VIOLATED)
_10296_/A1                              0.750000    1.196262   -0.446262 (VIOLATED)
_10297_/A1                              0.750000    1.196262   -0.446262 (VIOLATED)
_10526_/C1                              0.750000    1.196260   -0.446260 (VIOLATED)
_10552_/A1                              0.750000    1.196259   -0.446259 (VIOLATED)
_11088_/B2                              0.750000    1.196238   -0.446238 (VIOLATED)
_10271_/C1                              0.750000    1.196200   -0.446200 (VIOLATED)
_11070_/B1                              0.750000    1.196175   -0.446175 (VIOLATED)
_09901_/A_N                             0.750000    1.196172   -0.446172 (VIOLATED)
_11246_/A1                              0.750000    1.196172   -0.446172 (VIOLATED)
_09982_/B1                              0.750000    1.196096   -0.446096 (VIOLATED)
_11232_/A1                              0.750000    1.196090   -0.446090 (VIOLATED)
_11226_/C1                              0.750000    1.196069   -0.446069 (VIOLATED)
_11225_/A1                              0.750000    1.196057   -0.446057 (VIOLATED)
_09911_/C1                              0.750000    1.196049   -0.446049 (VIOLATED)
_10758_/A                               0.750000    1.196049   -0.446049 (VIOLATED)
_10752_/A1                              0.750000    1.196048   -0.446048 (VIOLATED)
_10773_/C1                              0.750000    1.196048   -0.446048 (VIOLATED)
_09965_/C1                              0.750000    1.196047   -0.446047 (VIOLATED)
_10750_/B1                              0.750000    1.196045   -0.446045 (VIOLATED)
_10768_/B1                              0.750000    1.196041   -0.446041 (VIOLATED)
_10772_/C1                              0.750000    1.196024   -0.446024 (VIOLATED)
_10760_/A                               0.750000    1.195994   -0.445994 (VIOLATED)
_10769_/B1                              0.750000    1.195994   -0.445994 (VIOLATED)
_09948_/A1                              0.750000    1.195966   -0.445966 (VIOLATED)
_17565_/A0                              0.750000    1.195340   -0.445340 (VIOLATED)
_18890_/Q                               0.750000    1.195340   -0.445340 (VIOLATED)
_16288_/A                               0.750000    1.187792   -0.437792 (VIOLATED)
_16293_/A                               0.750000    1.187792   -0.437792 (VIOLATED)
_16363_/A                               0.750000    1.187792   -0.437792 (VIOLATED)
_16820_/B2                              0.750000    1.187791   -0.437791 (VIOLATED)
_17106_/A1                              0.750000    1.187790   -0.437790 (VIOLATED)
_17272_/A1                              0.750000    1.187788   -0.437788 (VIOLATED)
_16822_/A                               0.750000    1.187788   -0.437788 (VIOLATED)
_16352_/C1                              0.750000    1.187787   -0.437787 (VIOLATED)
_16633_/A1                              0.750000    1.187787   -0.437787 (VIOLATED)
_16292_/A                               0.750000    1.187786   -0.437786 (VIOLATED)
_16647_/C1                              0.750000    1.187786   -0.437786 (VIOLATED)
_17247_/C1                              0.750000    1.187786   -0.437786 (VIOLATED)
_16645_/A1                              0.750000    1.187783   -0.437783 (VIOLATED)
_16634_/B1                              0.750000    1.187783   -0.437783 (VIOLATED)
_16657_/B1                              0.750000    1.187778   -0.437778 (VIOLATED)
_17119_/C1                              0.750000    1.187778   -0.437778 (VIOLATED)
_16549_/A1                              0.750000    1.187777   -0.437777 (VIOLATED)
_16920_/B1                              0.750000    1.187773   -0.437773 (VIOLATED)
_17278_/B1                              0.750000    1.187773   -0.437773 (VIOLATED)
_16932_/C1                              0.750000    1.187772   -0.437772 (VIOLATED)
_16361_/A                               0.750000    1.187770   -0.437770 (VIOLATED)
_17236_/C1                              0.750000    1.187770   -0.437770 (VIOLATED)
_16834_/C1                              0.750000    1.187769   -0.437769 (VIOLATED)
_17283_/B1                              0.750000    1.187769   -0.437769 (VIOLATED)
_17259_/B1                              0.750000    1.187764   -0.437764 (VIOLATED)
_17262_/A1                              0.750000    1.187761   -0.437761 (VIOLATED)
_16279_/B1                              0.750000    1.187759   -0.437759 (VIOLATED)
_16362_/A1                              0.750000    1.187758   -0.437758 (VIOLATED)
_16839_/C1                              0.750000    1.187758   -0.437758 (VIOLATED)
_17284_/C1                              0.750000    1.187757   -0.437757 (VIOLATED)
_17261_/B1                              0.750000    1.187756   -0.437756 (VIOLATED)
_16829_/B1                              0.750000    1.187746   -0.437746 (VIOLATED)
_16826_/A1                              0.750000    1.187746   -0.437746 (VIOLATED)
_16831_/A                               0.750000    1.187746   -0.437746 (VIOLATED)
_17260_/C1                              0.750000    1.187745   -0.437745 (VIOLATED)
_16515_/B1                              0.750000    1.187745   -0.437745 (VIOLATED)
_16517_/A1                              0.750000    1.187744   -0.437745 (VIOLATED)
_17242_/B1                              0.750000    1.187744   -0.437744 (VIOLATED)
_17243_/A1                              0.750000    1.187743   -0.437743 (VIOLATED)
_16518_/B1                              0.750000    1.187742   -0.437742 (VIOLATED)
_16538_/B1                              0.750000    1.187742   -0.437743 (VIOLATED)
_16537_/C1                              0.750000    1.187742   -0.437742 (VIOLATED)
_16306_/A                               0.750000    1.187739   -0.437739 (VIOLATED)
_16312_/C1                              0.750000    1.187739   -0.437739 (VIOLATED)
_16911_/B1                              0.750000    1.187739   -0.437739 (VIOLATED)
_16337_/A1                              0.750000    1.187738   -0.437738 (VIOLATED)
_16528_/A1                              0.750000    1.187737   -0.437737 (VIOLATED)
_16322_/D                               0.750000    1.187737   -0.437737 (VIOLATED)
_17239_/A1                              0.750000    1.187737   -0.437737 (VIOLATED)
_16534_/A1                              0.750000    1.187727   -0.437727 (VIOLATED)
_16653_/B1                              0.750000    1.187725   -0.437725 (VIOLATED)
_16330_/B1                              0.750000    1.187722   -0.437722 (VIOLATED)
_09484_/A                               0.750000    1.187722   -0.437722 (VIOLATED)
_16289_/A_N                             0.750000    1.187722   -0.437722 (VIOLATED)
_16334_/B1                              0.750000    1.187722   -0.437722 (VIOLATED)
_16650_/C1                              0.750000    1.187722   -0.437722 (VIOLATED)
_16656_/B1                              0.750000    1.187722   -0.437722 (VIOLATED)
_16664_/A1                              0.750000    1.187722   -0.437722 (VIOLATED)
_16912_/B                               0.750000    1.187722   -0.437722 (VIOLATED)
_17103_/B2                              0.750000    1.187722   -0.437722 (VIOLATED)
_17112_/A1                              0.750000    1.187722   -0.437722 (VIOLATED)
_17113_/C1                              0.750000    1.187722   -0.437722 (VIOLATED)
_17115_/A                               0.750000    1.187722   -0.437722 (VIOLATED)
_17128_/A1                              0.750000    1.187722   -0.437722 (VIOLATED)
_17226_/A1                              0.750000    1.187722   -0.437722 (VIOLATED)
_17229_/A                               0.750000    1.187722   -0.437722 (VIOLATED)
_17230_/A1                              0.750000    1.187722   -0.437722 (VIOLATED)
_17270_/A1                              0.750000    1.187722   -0.437722 (VIOLATED)
_18946_/Q                               0.750000    1.187722   -0.437722 (VIOLATED)
_09431_/A                               0.750000    1.186583   -0.436583 (VIOLATED)
_12839_/A                               0.750000    1.186583   -0.436583 (VIOLATED)
_12858_/A                               0.750000    1.186583   -0.436583 (VIOLATED)
_12859_/A                               0.750000    1.186583   -0.436583 (VIOLATED)
_12881_/A                               0.750000    1.186583   -0.436583 (VIOLATED)
_12894_/A1                              0.750000    1.186583   -0.436583 (VIOLATED)
_12911_/B1                              0.750000    1.186583   -0.436583 (VIOLATED)
_12919_/A                               0.750000    1.186583   -0.436583 (VIOLATED)
_12920_/A1                              0.750000    1.186583   -0.436583 (VIOLATED)
_12923_/C1                              0.750000    1.186583   -0.436583 (VIOLATED)
_12938_/B1                              0.750000    1.186583   -0.436583 (VIOLATED)
_12940_/A1                              0.750000    1.186583   -0.436583 (VIOLATED)
_13298_/B1                              0.750000    1.186583   -0.436583 (VIOLATED)
_13302_/A1                              0.750000    1.186583   -0.436583 (VIOLATED)
_13304_/C1                              0.750000    1.186583   -0.436583 (VIOLATED)
_13305_/B1                              0.750000    1.186583   -0.436583 (VIOLATED)
_13307_/A                               0.750000    1.186583   -0.436583 (VIOLATED)
_13309_/A1                              0.750000    1.186583   -0.436583 (VIOLATED)
_13314_/B1                              0.750000    1.186583   -0.436583 (VIOLATED)
_13315_/A1                              0.750000    1.186583   -0.436583 (VIOLATED)
_13317_/B1                              0.750000    1.186583   -0.436583 (VIOLATED)
_13321_/A                               0.750000    1.186583   -0.436583 (VIOLATED)
_13324_/A1                              0.750000    1.186583   -0.436583 (VIOLATED)
_13328_/B1                              0.750000    1.186583   -0.436583 (VIOLATED)
_13453_/A                               0.750000    1.186583   -0.436583 (VIOLATED)
_13454_/B                               0.750000    1.186583   -0.436583 (VIOLATED)
_13457_/B1                              0.750000    1.186583   -0.436583 (VIOLATED)
_13459_/B1                              0.750000    1.186583   -0.436583 (VIOLATED)
_13462_/B1                              0.750000    1.186583   -0.436583 (VIOLATED)
_13463_/B1                              0.750000    1.186583   -0.436583 (VIOLATED)
_13469_/A1                              0.750000    1.186583   -0.436583 (VIOLATED)
_13472_/C1                              0.750000    1.186583   -0.436583 (VIOLATED)
_13484_/B1                              0.750000    1.186583   -0.436583 (VIOLATED)
_13634_/C1                              0.750000    1.186583   -0.436583 (VIOLATED)
_13635_/A                               0.750000    1.186583   -0.436583 (VIOLATED)
_13637_/C1                              0.750000    1.186583   -0.436583 (VIOLATED)
_13640_/B1                              0.750000    1.186583   -0.436583 (VIOLATED)
_13642_/A1                              0.750000    1.186583   -0.436583 (VIOLATED)
_13644_/A                               0.750000    1.186583   -0.436583 (VIOLATED)
_13651_/A1                              0.750000    1.186583   -0.436583 (VIOLATED)
_13654_/B1                              0.750000    1.186583   -0.436583 (VIOLATED)
_13701_/A1                              0.750000    1.186583   -0.436583 (VIOLATED)
_13704_/B1                              0.750000    1.186583   -0.436583 (VIOLATED)
_13707_/B1                              0.750000    1.186583   -0.436583 (VIOLATED)
_13717_/A1                              0.750000    1.186583   -0.436583 (VIOLATED)
_13719_/A                               0.750000    1.186583   -0.436583 (VIOLATED)
_13720_/A                               0.750000    1.186583   -0.436583 (VIOLATED)
_13726_/A1                              0.750000    1.186583   -0.436583 (VIOLATED)
_13858_/A                               0.750000    1.186583   -0.436583 (VIOLATED)
_13859_/D1                              0.750000    1.186583   -0.436583 (VIOLATED)
_13863_/C1                              0.750000    1.186583   -0.436583 (VIOLATED)
_13869_/C1                              0.750000    1.186583   -0.436583 (VIOLATED)
_13873_/C1                              0.750000    1.186583   -0.436583 (VIOLATED)
_13876_/A                               0.750000    1.186583   -0.436583 (VIOLATED)
_13878_/A1                              0.750000    1.186583   -0.436583 (VIOLATED)
_13951_/C                               0.750000    1.186583   -0.436583 (VIOLATED)
_13960_/A1                              0.750000    1.186583   -0.436583 (VIOLATED)
_13961_/C1                              0.750000    1.186583   -0.436583 (VIOLATED)
_13965_/B1                              0.750000    1.186583   -0.436583 (VIOLATED)
_13967_/C1                              0.750000    1.186583   -0.436583 (VIOLATED)
_13969_/A                               0.750000    1.186583   -0.436583 (VIOLATED)
_13973_/B1                              0.750000    1.186583   -0.436583 (VIOLATED)
_13974_/A1                              0.750000    1.186583   -0.436583 (VIOLATED)
_13977_/A1                              0.750000    1.186583   -0.436583 (VIOLATED)
_14079_/B1                              0.750000    1.186583   -0.436583 (VIOLATED)
_14087_/C1                              0.750000    1.186583   -0.436583 (VIOLATED)
_14095_/C1                              0.750000    1.186583   -0.436583 (VIOLATED)
_14100_/C1                              0.750000    1.186583   -0.436583 (VIOLATED)
_17540_/A0                              0.750000    1.186583   -0.436583 (VIOLATED)
_18882_/Q                               0.750000    1.186583   -0.436583 (VIOLATED)
_10130_/A                               0.750000    1.181685   -0.431685 (VIOLATED)
_11121_/A1                              0.750000    1.181685   -0.431685 (VIOLATED)
_10309_/A1                              0.750000    1.181684   -0.431684 (VIOLATED)
_10723_/B1                              0.750000    1.181684   -0.431684 (VIOLATED)
_10726_/B1                              0.750000    1.181684   -0.431684 (VIOLATED)
_11101_/A1                              0.750000    1.181684   -0.431684 (VIOLATED)
_11117_/A1                              0.750000    1.181684   -0.431684 (VIOLATED)
_10076_/A                               0.750000    1.181683   -0.431683 (VIOLATED)
_10077_/A1                              0.750000    1.181683   -0.431683 (VIOLATED)
_10046_/B                               0.750000    1.181682   -0.431682 (VIOLATED)
_11104_/A1                              0.750000    1.181681   -0.431681 (VIOLATED)
_10068_/A                               0.750000    1.181680   -0.431680 (VIOLATED)
_10316_/A                               0.750000    1.181680   -0.431680 (VIOLATED)
_11102_/A1                              0.750000    1.181680   -0.431680 (VIOLATED)
_10139_/A                               0.750000    1.181679   -0.431679 (VIOLATED)
_10050_/B1_N                            0.750000    1.181677   -0.431677 (VIOLATED)
_10074_/A_N                             0.750000    1.181677   -0.431677 (VIOLATED)
_10075_/A_N                             0.750000    1.181677   -0.431677 (VIOLATED)
_10303_/A0                              0.750000    1.181677   -0.431677 (VIOLATED)
_10304_/A1                              0.750000    1.181677   -0.431677 (VIOLATED)
_10332_/A                               0.750000    1.181677   -0.431677 (VIOLATED)
_10326_/A                               0.750000    1.181676   -0.431676 (VIOLATED)
_10048_/A                               0.750000    1.181675   -0.431675 (VIOLATED)
_10955_/B1                              0.750000    1.181675   -0.431675 (VIOLATED)
_11269_/A1                              0.750000    1.181676   -0.431676 (VIOLATED)
_10322_/A1                              0.750000    1.181674   -0.431674 (VIOLATED)
_11357_/A1                              0.750000    1.181674   -0.431674 (VIOLATED)
_11128_/A                               0.750000    1.181673   -0.431673 (VIOLATED)
_10070_/A1                              0.750000    1.181672   -0.431672 (VIOLATED)
_10609_/A1                              0.750000    1.181670   -0.431670 (VIOLATED)
_10106_/A1                              0.750000    1.181665   -0.431665 (VIOLATED)
_10110_/B1                              0.750000    1.181665   -0.431665 (VIOLATED)
_10625_/A1                              0.750000    1.181665   -0.431665 (VIOLATED)
_10045_/B                               0.750000    1.181664   -0.431664 (VIOLATED)
_10614_/A                               0.750000    1.181665   -0.431665 (VIOLATED)
_10096_/A1                              0.750000    1.181663   -0.431663 (VIOLATED)
_11125_/A1                              0.750000    1.181662   -0.431662 (VIOLATED)
_09387_/A                               0.750000    1.181662   -0.431662 (VIOLATED)
_10040_/A                               0.750000    1.181662   -0.431662 (VIOLATED)
_10043_/A                               0.750000    1.181662   -0.431662 (VIOLATED)
_10047_/B                               0.750000    1.181662   -0.431662 (VIOLATED)
_10051_/A1                              0.750000    1.181662   -0.431662 (VIOLATED)
_10056_/B                               0.750000    1.181662   -0.431662 (VIOLATED)
_10062_/B                               0.750000    1.181662   -0.431662 (VIOLATED)
_10072_/A                               0.750000    1.181662   -0.431662 (VIOLATED)
_10082_/A1                              0.750000    1.181662   -0.431662 (VIOLATED)
_10084_/A                               0.750000    1.181662   -0.431662 (VIOLATED)
_10085_/A                               0.750000    1.181662   -0.431662 (VIOLATED)
_10089_/A                               0.750000    1.181662   -0.431662 (VIOLATED)
_10092_/A                               0.750000    1.181662   -0.431662 (VIOLATED)
_10100_/B1                              0.750000    1.181662   -0.431662 (VIOLATED)
_10114_/A                               0.750000    1.181662   -0.431662 (VIOLATED)
_10120_/B1_N                            0.750000    1.181662   -0.431662 (VIOLATED)
_10123_/A                               0.750000    1.181662   -0.431662 (VIOLATED)
_10318_/A1                              0.750000    1.181662   -0.431662 (VIOLATED)
_10331_/B2                              0.750000    1.181662   -0.431662 (VIOLATED)
_10611_/A1                              0.750000    1.181662   -0.431662 (VIOLATED)
_10613_/A                               0.750000    1.181662   -0.431662 (VIOLATED)
_10621_/A1                              0.750000    1.181662   -0.431662 (VIOLATED)
_10716_/B1                              0.750000    1.181662   -0.431662 (VIOLATED)
_10734_/A1                              0.750000    1.181662   -0.431662 (VIOLATED)
_10738_/A                               0.750000    1.181662   -0.431662 (VIOLATED)
_10741_/A1                              0.750000    1.181662   -0.431662 (VIOLATED)
_10946_/A1                              0.750000    1.181662   -0.431662 (VIOLATED)
_10952_/A1                              0.750000    1.181662   -0.431662 (VIOLATED)
_10956_/S1                              0.750000    1.181662   -0.431662 (VIOLATED)
_11253_/A1                              0.750000    1.181662   -0.431662 (VIOLATED)
_11256_/A1                              0.750000    1.181662   -0.431662 (VIOLATED)
_11267_/A1                              0.750000    1.181662   -0.431662 (VIOLATED)
_11362_/A1                              0.750000    1.181662   -0.431662 (VIOLATED)
_11364_/B2                              0.750000    1.181662   -0.431662 (VIOLATED)
_17706_/A0                              0.750000    1.181662   -0.431662 (VIOLATED)
_18937_/Q                               0.750000    1.181662   -0.431662 (VIOLATED)
_14134_/B                               0.750000    1.177372   -0.427371 (VIOLATED)
_14144_/B                               0.750000    1.177369   -0.427369 (VIOLATED)
_14119_/B                               0.750000    1.177364   -0.427364 (VIOLATED)
_14113_/A                               0.750000    1.177362   -0.427362 (VIOLATED)
_14106_/A                               0.750000    1.177355   -0.427355 (VIOLATED)
_14214_/B                               0.750000    1.177344   -0.427344 (VIOLATED)
_14166_/A0                              0.750000    1.177331   -0.427331 (VIOLATED)
_14077_/Y                               0.750000    1.177202   -0.427202 (VIOLATED)
_09425_/A                               0.750000    1.175238   -0.425238 (VIOLATED)
_13092_/B                               0.750000    1.175238   -0.425238 (VIOLATED)
_13109_/A                               0.750000    1.175238   -0.425238 (VIOLATED)
_13132_/A                               0.750000    1.175234   -0.425234 (VIOLATED)
_13187_/C1                              0.750000    1.175234   -0.425234 (VIOLATED)
_13439_/A1                              0.750000    1.175234   -0.425234 (VIOLATED)
_13678_/A1                              0.750000    1.175233   -0.425233 (VIOLATED)
_13067_/A                               0.750000    1.175229   -0.425229 (VIOLATED)
_13280_/B                               0.750000    1.175229   -0.425229 (VIOLATED)
_13281_/A                               0.750000    1.175228   -0.425228 (VIOLATED)
_13286_/A1                              0.750000    1.175228   -0.425228 (VIOLATED)
_13283_/C1                              0.750000    1.175221   -0.425221 (VIOLATED)
_13441_/A1                              0.750000    1.175214   -0.425214 (VIOLATED)
_13079_/A                               0.750000    1.175214   -0.425214 (VIOLATED)
_13075_/B1_N                            0.750000    1.175207   -0.425207 (VIOLATED)
_13178_/B1                              0.750000    1.175206   -0.425206 (VIOLATED)
_13423_/A                               0.750000    1.175207   -0.425207 (VIOLATED)
_13424_/A1                              0.750000    1.175206   -0.425206 (VIOLATED)
_13836_/B                               0.750000    1.175199   -0.425199 (VIOLATED)
_13826_/B2                              0.750000    1.175186   -0.425186 (VIOLATED)
_13189_/A                               0.750000    1.175185   -0.425185 (VIOLATED)
_13444_/A1                              0.750000    1.175185   -0.425185 (VIOLATED)
_13190_/A1                              0.750000    1.175184   -0.425184 (VIOLATED)
_13122_/A                               0.750000    1.175184   -0.425184 (VIOLATED)
_13126_/A                               0.750000    1.175184   -0.425184 (VIOLATED)
_13693_/B2                              0.750000    1.175183   -0.425183 (VIOLATED)
_13421_/A1                              0.750000    1.175182   -0.425182 (VIOLATED)
_13174_/A                               0.750000    1.175180   -0.425180 (VIOLATED)
_13604_/B1                              0.750000    1.175180   -0.425180 (VIOLATED)
_13623_/A                               0.750000    1.175180   -0.425180 (VIOLATED)
_13091_/B                               0.750000    1.175178   -0.425178 (VIOLATED)
_13851_/A1                              0.750000    1.175171   -0.425171 (VIOLATED)
_14029_/A2                              0.750000    1.175161   -0.425161 (VIOLATED)
_13090_/B                               0.750000    1.175159   -0.425158 (VIOLATED)
_13121_/B                               0.750000    1.175159   -0.425158 (VIOLATED)
_13123_/A1                              0.750000    1.175158   -0.425158 (VIOLATED)
_13621_/A                               0.750000    1.175158   -0.425158 (VIOLATED)
_13288_/B2                              0.750000    1.175157   -0.425157 (VIOLATED)
_13068_/A_N                             0.750000    1.175156   -0.425156 (VIOLATED)
_13117_/A                               0.750000    1.175155   -0.425155 (VIOLATED)
_13118_/A                               0.750000    1.175154   -0.425154 (VIOLATED)
_13270_/A1                              0.750000    1.175155   -0.425155 (VIOLATED)
_13681_/A1                              0.750000    1.175153   -0.425153 (VIOLATED)
_14028_/A1                              0.750000    1.175152   -0.425152 (VIOLATED)
_14012_/A1                              0.750000    1.175147   -0.425147 (VIOLATED)
_13164_/B                               0.750000    1.175146   -0.425146 (VIOLATED)
_13071_/A                               0.750000    1.175144   -0.425144 (VIOLATED)
_13135_/B1_N                            0.750000    1.175142   -0.425142 (VIOLATED)
_13611_/A                               0.750000    1.175139   -0.425139 (VIOLATED)
_13841_/A2                              0.750000    1.175133   -0.425133 (VIOLATED)
_13142_/A                               0.750000    1.175123   -0.425123 (VIOLATED)
_13263_/A1                              0.750000    1.175122   -0.425122 (VIOLATED)
_13099_/B                               0.750000    1.175122   -0.425122 (VIOLATED)
_13101_/B                               0.750000    1.175122   -0.425122 (VIOLATED)
_13141_/A1                              0.750000    1.175122   -0.425122 (VIOLATED)
_13260_/A                               0.750000    1.175122   -0.425122 (VIOLATED)
_13102_/B                               0.750000    1.175121   -0.425121 (VIOLATED)
_13110_/B1_N                            0.750000    1.175121   -0.425121 (VIOLATED)
_13843_/A1                              0.750000    1.175121   -0.425122 (VIOLATED)
_13136_/B1_N                            0.750000    1.175121   -0.425121 (VIOLATED)
_13140_/A                               0.750000    1.175121   -0.425121 (VIOLATED)
_13614_/B2                              0.750000    1.175121   -0.425121 (VIOLATED)
_13144_/A1                              0.750000    1.175120   -0.425120 (VIOLATED)
_13151_/B2                              0.750000    1.175120   -0.425120 (VIOLATED)
_13152_/A1                              0.750000    1.175120   -0.425120 (VIOLATED)
_13072_/B                               0.750000    1.175114   -0.425114 (VIOLATED)
_13278_/A1                              0.750000    1.175114   -0.425114 (VIOLATED)
_13840_/A1                              0.750000    1.175113   -0.425113 (VIOLATED)
_17658_/A0                              0.750000    1.175077   -0.425077 (VIOLATED)
_18921_/Q                               0.750000    1.175077   -0.425077 (VIOLATED)
_10373_/A                               0.750000    1.169670   -0.419670 (VIOLATED)
_10375_/A1                              0.750000    1.169670   -0.419670 (VIOLATED)
_10558_/A                               0.750000    1.169670   -0.419670 (VIOLATED)
_10561_/A                               0.750000    1.169670   -0.419670 (VIOLATED)
_10563_/C1                              0.750000    1.169670   -0.419670 (VIOLATED)
_10599_/A1                              0.750000    1.169670   -0.419670 (VIOLATED)
_11057_/A1                              0.750000    1.169670   -0.419670 (VIOLATED)
_11063_/B1                              0.750000    1.169670   -0.419670 (VIOLATED)
_11065_/A                               0.750000    1.169670   -0.419670 (VIOLATED)
_09380_/A                               0.750000    1.169669   -0.419669 (VIOLATED)
_09795_/B1                              0.750000    1.169669   -0.419669 (VIOLATED)
_09805_/A                               0.750000    1.169669   -0.419669 (VIOLATED)
_09819_/B2                              0.750000    1.169669   -0.419669 (VIOLATED)
_09828_/B1                              0.750000    1.169669   -0.419669 (VIOLATED)
_09829_/A1                              0.750000    1.169669   -0.419669 (VIOLATED)
_09835_/A1                              0.750000    1.169669   -0.419669 (VIOLATED)
_09839_/B1                              0.750000    1.169669   -0.419669 (VIOLATED)
_09855_/C1                              0.750000    1.169669   -0.419669 (VIOLATED)
_09863_/A                               0.750000    1.169669   -0.419669 (VIOLATED)
_09866_/C1                              0.750000    1.169669   -0.419669 (VIOLATED)
_09870_/C1                              0.750000    1.169669   -0.419669 (VIOLATED)
_09872_/A                               0.750000    1.169669   -0.419669 (VIOLATED)
_10347_/B2                              0.750000    1.169669   -0.419669 (VIOLATED)
_10351_/A1                              0.750000    1.169669   -0.419669 (VIOLATED)
_10354_/A                               0.750000    1.169669   -0.419669 (VIOLATED)
_10355_/A                               0.750000    1.169669   -0.419669 (VIOLATED)
_10360_/A                               0.750000    1.169669   -0.419669 (VIOLATED)
_10362_/A                               0.750000    1.169669   -0.419669 (VIOLATED)
_10364_/A                               0.750000    1.169669   -0.419669 (VIOLATED)
_10370_/A1                              0.750000    1.169669   -0.419669 (VIOLATED)
_10381_/A                               0.750000    1.169669   -0.419669 (VIOLATED)
_10383_/A1                              0.750000    1.169669   -0.419669 (VIOLATED)
_10569_/B1                              0.750000    1.169669   -0.419669 (VIOLATED)
_10576_/C1                              0.750000    1.169669   -0.419669 (VIOLATED)
_10580_/B1                              0.750000    1.169669   -0.419669 (VIOLATED)
_10588_/B1                              0.750000    1.169669   -0.419669 (VIOLATED)
_10590_/A                               0.750000    1.169669   -0.419669 (VIOLATED)
_10594_/C1                              0.750000    1.169669   -0.419669 (VIOLATED)
_10596_/A1                              0.750000    1.169669   -0.419669 (VIOLATED)
_10781_/B1                              0.750000    1.169669   -0.419669 (VIOLATED)
_10785_/C1                              0.750000    1.169669   -0.419669 (VIOLATED)
_10788_/C1                              0.750000    1.169669   -0.419669 (VIOLATED)
_10790_/C1                              0.750000    1.169669   -0.419669 (VIOLATED)
_10791_/A1                              0.750000    1.169669   -0.419669 (VIOLATED)
_10796_/C1                              0.750000    1.169669   -0.419669 (VIOLATED)
_10799_/B1                              0.750000    1.169669   -0.419669 (VIOLATED)
_10810_/A1                              0.750000    1.169669   -0.419669 (VIOLATED)
_10885_/B2                              0.750000    1.169669   -0.419669 (VIOLATED)
_10886_/C1                              0.750000    1.169669   -0.419669 (VIOLATED)
_10891_/B1                              0.750000    1.169669   -0.419669 (VIOLATED)
_10892_/A1                              0.750000    1.169669   -0.419669 (VIOLATED)
_10893_/B1                              0.750000    1.169669   -0.419669 (VIOLATED)
_10901_/A1                              0.750000    1.169669   -0.419669 (VIOLATED)
_10905_/C1                              0.750000    1.169669   -0.419669 (VIOLATED)
_10907_/A                               0.750000    1.169669   -0.419669 (VIOLATED)
_11045_/A1                              0.750000    1.169669   -0.419669 (VIOLATED)
_11049_/A1                              0.750000    1.169669   -0.419669 (VIOLATED)
_11050_/C1                              0.750000    1.169669   -0.419669 (VIOLATED)
_11055_/B2                              0.750000    1.169669   -0.419669 (VIOLATED)
_11060_/C1                              0.750000    1.169669   -0.419669 (VIOLATED)
_11201_/B2                              0.750000    1.169669   -0.419669 (VIOLATED)
_11204_/B2                              0.750000    1.169669   -0.419669 (VIOLATED)
_11208_/A1                              0.750000    1.169669   -0.419669 (VIOLATED)
_11216_/B1                              0.750000    1.169669   -0.419669 (VIOLATED)
_11218_/C1                              0.750000    1.169669   -0.419669 (VIOLATED)
_11221_/A1                              0.750000    1.169669   -0.419669 (VIOLATED)
_11317_/C1                              0.750000    1.169669   -0.419669 (VIOLATED)
_11324_/A1                              0.750000    1.169669   -0.419669 (VIOLATED)
_11329_/C1                              0.750000    1.169669   -0.419669 (VIOLATED)
_11333_/C1                              0.750000    1.169669   -0.419669 (VIOLATED)
_11338_/B2                              0.750000    1.169669   -0.419669 (VIOLATED)
_17839_/A0                              0.750000    1.169669   -0.419669 (VIOLATED)
_18978_/Q                               0.750000    1.169669   -0.419669 (VIOLATED)
_17433_/B1                              0.750000    1.160901   -0.410901 (VIOLATED)
_17434_/B1                              0.750000    1.160902   -0.410902 (VIOLATED)
_17345_/B1                              0.750000    1.160896   -0.410896 (VIOLATED)
_17447_/B1                              0.750000    1.160895   -0.410895 (VIOLATED)
_17448_/A                               0.750000    1.160895   -0.410895 (VIOLATED)
_17422_/A1                              0.750000    1.160883   -0.410883 (VIOLATED)
_10428_/S                               0.750000    1.160859   -0.410859 (VIOLATED)
_17136_/B1                              0.750000    1.160859   -0.410859 (VIOLATED)
_11588_/B1                              0.750000    1.160855   -0.410855 (VIOLATED)
_11589_/A1                              0.750000    1.160854   -0.410854 (VIOLATED)
_12496_/B1                              0.750000    1.160839   -0.410839 (VIOLATED)
_12497_/B1                              0.750000    1.160838   -0.410838 (VIOLATED)
_12653_/B1                              0.750000    1.160800   -0.410800 (VIOLATED)
_14218_/A1                              0.750000    1.160246   -0.410246 (VIOLATED)
_14217_/B1                              0.750000    1.160245   -0.410245 (VIOLATED)
_14153_/A1                              0.750000    1.160185   -0.410185 (VIOLATED)
_14139_/B1                              0.750000    1.160169   -0.410169 (VIOLATED)
_14190_/B1                              0.750000    1.160169   -0.410169 (VIOLATED)
_14140_/A1                              0.750000    1.160169   -0.410169 (VIOLATED)
_13796_/S                               0.750000    1.160165   -0.410165 (VIOLATED)
_14251_/B1                              0.750000    1.160145   -0.410145 (VIOLATED)
_15781_/A1                              0.750000    1.160043   -0.410043 (VIOLATED)
_15779_/A                               0.750000    1.160042   -0.410042 (VIOLATED)
_14980_/S                               0.750000    1.160037   -0.410037 (VIOLATED)
_15141_/B1                              0.750000    1.160037   -0.410037 (VIOLATED)
_15142_/A1                              0.750000    1.160037   -0.410037 (VIOLATED)
_15797_/B1                              0.750000    1.160036   -0.410036 (VIOLATED)
_15798_/A1                              0.750000    1.160036   -0.410036 (VIOLATED)
_15827_/A                               0.750000    1.160037   -0.410037 (VIOLATED)
_15832_/A1                              0.750000    1.160037   -0.410037 (VIOLATED)
_15805_/A                               0.750000    1.160035   -0.410035 (VIOLATED)
_15808_/A1                              0.750000    1.160035   -0.410036 (VIOLATED)
_15733_/A                               0.750000    1.160035   -0.410035 (VIOLATED)
_15739_/A1                              0.750000    1.160035   -0.410035 (VIOLATED)
_15835_/A                               0.750000    1.160035   -0.410035 (VIOLATED)
_15865_/A                               0.750000    1.160035   -0.410035 (VIOLATED)
_15866_/A1                              0.750000    1.160034   -0.410034 (VIOLATED)
_15852_/A                               0.750000    1.160033   -0.410033 (VIOLATED)
_15857_/A1                              0.750000    1.160033   -0.410033 (VIOLATED)
_09502_/B                               0.750000    1.160032   -0.410032 (VIOLATED)
_09500_/X                               0.750000    1.160028   -0.410028 (VIOLATED)
_09470_/A                               0.750000    1.154721   -0.404721 (VIOLATED)
_16230_/B1_N                            0.750000    1.154721   -0.404721 (VIOLATED)
_15908_/A                               0.750000    1.154720   -0.404720 (VIOLATED)
_15941_/B                               0.750000    1.154720   -0.404720 (VIOLATED)
_15971_/A                               0.750000    1.154720   -0.404720 (VIOLATED)
_16223_/B1                              0.750000    1.154719   -0.404719 (VIOLATED)
_16429_/B1                              0.750000    1.154716   -0.404716 (VIOLATED)
_15942_/B                               0.750000    1.154716   -0.404716 (VIOLATED)
_15951_/A1                              0.750000    1.154715   -0.404715 (VIOLATED)
_15903_/A                               0.750000    1.154714   -0.404714 (VIOLATED)
_15907_/A                               0.750000    1.154714   -0.404714 (VIOLATED)
_17011_/A0                              0.750000    1.154713   -0.404713 (VIOLATED)
_16228_/A                               0.750000    1.154712   -0.404712 (VIOLATED)
_15963_/A                               0.750000    1.154710   -0.404711 (VIOLATED)
_16766_/A1                              0.750000    1.154711   -0.404711 (VIOLATED)
_15964_/C                               0.750000    1.154710   -0.404710 (VIOLATED)
_15965_/C                               0.750000    1.154710   -0.404710 (VIOLATED)
_15966_/A1                              0.750000    1.154710   -0.404710 (VIOLATED)
_16773_/A1_N                            0.750000    1.154708   -0.404708 (VIOLATED)
_15924_/B1_N                            0.750000    1.154708   -0.404708 (VIOLATED)
_16764_/A1                              0.750000    1.154707   -0.404707 (VIOLATED)
_16772_/A1                              0.750000    1.154706   -0.404706 (VIOLATED)
_17146_/A1                              0.750000    1.154705   -0.404705 (VIOLATED)
_15979_/A0                              0.750000    1.154704   -0.404704 (VIOLATED)
_15975_/A                               0.750000    1.154703   -0.404703 (VIOLATED)
_15943_/B                               0.750000    1.154700   -0.404700 (VIOLATED)
_17143_/A1                              0.750000    1.154700   -0.404700 (VIOLATED)
_15901_/A                               0.750000    1.154699   -0.404699 (VIOLATED)
_15986_/B1                              0.750000    1.154696   -0.404696 (VIOLATED)
_17151_/A1                              0.750000    1.154695   -0.404695 (VIOLATED)
_16425_/A                               0.750000    1.154694   -0.404694 (VIOLATED)
_16621_/A1                              0.750000    1.154692   -0.404692 (VIOLATED)
_17021_/B2                              0.750000    1.154692   -0.404692 (VIOLATED)
_16754_/C1                              0.750000    1.154691   -0.404691 (VIOLATED)
_17152_/A1                              0.750000    1.154691   -0.404691 (VIOLATED)
_17014_/A1                              0.750000    1.154688   -0.404689 (VIOLATED)
_16456_/A                               0.750000    1.154688   -0.404688 (VIOLATED)
_16240_/D1                              0.750000    1.154684   -0.404684 (VIOLATED)
_16882_/A                               0.750000    1.154684   -0.404684 (VIOLATED)
_17025_/A1                              0.750000    1.154683   -0.404683 (VIOLATED)
_16459_/A                               0.750000    1.154681   -0.404681 (VIOLATED)
_16605_/A1                              0.750000    1.154681   -0.404681 (VIOLATED)
_16615_/A1                              0.750000    1.154681   -0.404681 (VIOLATED)
_15959_/B1_N                            0.750000    1.154680   -0.404680 (VIOLATED)
_17157_/A                               0.750000    1.154676   -0.404676 (VIOLATED)
_16234_/A                               0.750000    1.154675   -0.404675 (VIOLATED)
_16610_/A                               0.750000    1.154670   -0.404670 (VIOLATED)
_15982_/B1                              0.750000    1.154670   -0.404670 (VIOLATED)
_17144_/A1                              0.750000    1.154663   -0.404663 (VIOLATED)
_15925_/B1_N                            0.750000    1.154660   -0.404660 (VIOLATED)
_16210_/B1                              0.750000    1.154660   -0.404660 (VIOLATED)
_16224_/C1                              0.750000    1.154660   -0.404660 (VIOLATED)
_15922_/A                               0.750000    1.154659   -0.404659 (VIOLATED)
_17140_/C1                              0.750000    1.154659   -0.404659 (VIOLATED)
_16593_/A                               0.750000    1.154659   -0.404659 (VIOLATED)
_16899_/A                               0.750000    1.154658   -0.404658 (VIOLATED)
_16432_/A                               0.750000    1.154646   -0.404646 (VIOLATED)
_17017_/A                               0.750000    1.154646   -0.404646 (VIOLATED)
_17015_/A1                              0.750000    1.154643   -0.404643 (VIOLATED)
_17016_/C1                              0.750000    1.154643   -0.404643 (VIOLATED)
_15927_/B                               0.750000    1.154642   -0.404642 (VIOLATED)
_15918_/B1_N                            0.750000    1.154641   -0.404641 (VIOLATED)
_17012_/A1                              0.750000    1.154641   -0.404641 (VIOLATED)
_16594_/A_N                             0.750000    1.154641   -0.404641 (VIOLATED)
_15904_/A                               0.750000    1.154639   -0.404639 (VIOLATED)
_15937_/A                               0.750000    1.154639   -0.404639 (VIOLATED)
_15960_/B1_N                            0.750000    1.154639   -0.404639 (VIOLATED)
_16222_/B1                              0.750000    1.154639   -0.404639 (VIOLATED)
_16599_/A1                              0.750000    1.154639   -0.404639 (VIOLATED)
_17488_/A0                              0.750000    1.154639   -0.404639 (VIOLATED)
_18865_/Q                               0.750000    1.154639   -0.404639 (VIOLATED)
_14302_/A                               0.750000    1.148514   -0.398514 (VIOLATED)
_14358_/A                               0.750000    1.148514   -0.398514 (VIOLATED)
_14361_/A                               0.750000    1.148514   -0.398514 (VIOLATED)
_14769_/A                               0.750000    1.148514   -0.398514 (VIOLATED)
_14770_/A                               0.750000    1.148514   -0.398514 (VIOLATED)
_15537_/A1                              0.750000    1.148513   -0.398513 (VIOLATED)
_14309_/B                               0.750000    1.148511   -0.398511 (VIOLATED)
_15534_/A1                              0.750000    1.148500   -0.398500 (VIOLATED)
_15274_/A                               0.750000    1.148498   -0.398498 (VIOLATED)
_15530_/A1                              0.750000    1.148497   -0.398497 (VIOLATED)
_14998_/A                               0.750000    1.148496   -0.398496 (VIOLATED)
_15535_/A1                              0.750000    1.148496   -0.398496 (VIOLATED)
_14339_/A                               0.750000    1.148495   -0.398495 (VIOLATED)
_15415_/B1                              0.750000    1.148494   -0.398494 (VIOLATED)
_15426_/A                               0.750000    1.148494   -0.398494 (VIOLATED)
_15411_/A                               0.750000    1.148492   -0.398492 (VIOLATED)
_15416_/A1                              0.750000    1.148492   -0.398492 (VIOLATED)
_14348_/A                               0.750000    1.148488   -0.398488 (VIOLATED)
_15166_/C1                              0.750000    1.148488   -0.398488 (VIOLATED)
_14347_/B1                              0.750000    1.148487   -0.398487 (VIOLATED)
_14344_/B1                              0.750000    1.148486   -0.398486 (VIOLATED)
_14287_/A                               0.750000    1.148486   -0.398486 (VIOLATED)
_14779_/B1                              0.750000    1.148484   -0.398484 (VIOLATED)
_14316_/B1                              0.750000    1.148477   -0.398477 (VIOLATED)
_14349_/A                               0.750000    1.148477   -0.398477 (VIOLATED)
_15422_/C1                              0.750000    1.148476   -0.398476 (VIOLATED)
_14325_/A                               0.750000    1.148475   -0.398475 (VIOLATED)
_15423_/A1                              0.750000    1.148475   -0.398475 (VIOLATED)
_14323_/A                               0.750000    1.148470   -0.398470 (VIOLATED)
_14766_/C                               0.750000    1.148469   -0.398469 (VIOLATED)
_14314_/C1                              0.750000    1.148467   -0.398467 (VIOLATED)
_14315_/A1                              0.750000    1.148459   -0.398459 (VIOLATED)
_14961_/A                               0.750000    1.148459   -0.398459 (VIOLATED)
_14332_/C                               0.750000    1.148454   -0.398454 (VIOLATED)
_14997_/A                               0.750000    1.148409   -0.398410 (VIOLATED)
_14810_/A1                              0.750000    1.148407   -0.398407 (VIOLATED)
_14965_/A                               0.750000    1.148361   -0.398361 (VIOLATED)
_14322_/B1                              0.750000    1.148285   -0.398285 (VIOLATED)
_14353_/A                               0.750000    1.148282   -0.398282 (VIOLATED)
_14286_/A                               0.750000    1.148252   -0.398252 (VIOLATED)
_14280_/A                               0.750000    1.148157   -0.398157 (VIOLATED)
_15161_/A1                              0.750000    1.148156   -0.398156 (VIOLATED)
_14974_/A                               0.750000    1.148155   -0.398155 (VIOLATED)
_15158_/A1                              0.750000    1.148153   -0.398153 (VIOLATED)
_14338_/A                               0.750000    1.148151   -0.398151 (VIOLATED)
_14294_/B1_N                            0.750000    1.148150   -0.398150 (VIOLATED)
_14949_/A1                              0.750000    1.148148   -0.398148 (VIOLATED)
_15531_/A1                              0.750000    1.148147   -0.398147 (VIOLATED)
_14797_/C1                              0.750000    1.148146   -0.398146 (VIOLATED)
_14317_/B1_N                            0.750000    1.148144   -0.398144 (VIOLATED)
_15408_/A1                              0.750000    1.148144   -0.398144 (VIOLATED)
_14298_/B1_N                            0.750000    1.148141   -0.398141 (VIOLATED)
_15294_/A1                              0.750000    1.148141   -0.398141 (VIOLATED)
_14780_/B1                              0.750000    1.148141   -0.398141 (VIOLATED)
_14303_/A                               0.750000    1.148139   -0.398139 (VIOLATED)
_14791_/A                               0.750000    1.148140   -0.398140 (VIOLATED)
_15011_/B2                              0.750000    1.148135   -0.398135 (VIOLATED)
_09442_/A                               0.750000    1.148134   -0.398134 (VIOLATED)
_14300_/B                               0.750000    1.148134   -0.398134 (VIOLATED)
_14990_/B2                              0.750000    1.148117   -0.398117 (VIOLATED)
_14792_/B1                              0.750000    1.148116   -0.398116 (VIOLATED)
_14789_/B1_N                            0.750000    1.148107   -0.398107 (VIOLATED)
_15008_/A1                              0.750000    1.148089   -0.398089 (VIOLATED)
_17786_/A1                              0.750000    1.147493   -0.397493 (VIOLATED)
_18961_/Q                               0.750000    1.147493   -0.397493 (VIOLATED)
_16657_/A2                              0.750000    1.145909   -0.395909 (VIOLATED)
_16329_/B1                              0.750000    1.145909   -0.395909 (VIOLATED)
_16303_/B                               0.750000    1.145908   -0.395908 (VIOLATED)
_16317_/B1_N                            0.750000    1.145898   -0.395898 (VIOLATED)
_16816_/B2                              0.750000    1.145893   -0.395893 (VIOLATED)
_16328_/B1                              0.750000    1.145888   -0.395888 (VIOLATED)
_16269_/A_N                             0.750000    1.145883   -0.395883 (VIOLATED)
_16548_/A1                              0.750000    1.145877   -0.395877 (VIOLATED)
_16320_/B                               0.750000    1.145871   -0.395871 (VIOLATED)
_16342_/B1                              0.750000    1.145865   -0.395865 (VIOLATED)
_16821_/C1                              0.750000    1.145862   -0.395862 (VIOLATED)
_16819_/B1                              0.750000    1.145853   -0.395853 (VIOLATED)
_16360_/A                               0.750000    1.145845   -0.395845 (VIOLATED)
_16293_/B                               0.750000    1.145845   -0.395845 (VIOLATED)
_16643_/B1                              0.750000    1.145841   -0.395841 (VIOLATED)
_16634_/A2                              0.750000    1.145839   -0.395839 (VIOLATED)
_16273_/B                               0.750000    1.145839   -0.395839 (VIOLATED)
_17274_/A1                              0.750000    1.145837   -0.395837 (VIOLATED)
_16635_/A                               0.750000    1.145836   -0.395836 (VIOLATED)
_17236_/A1                              0.750000    1.145830   -0.395830 (VIOLATED)
_16356_/A                               0.750000    1.145827   -0.395827 (VIOLATED)
_16292_/B                               0.750000    1.145823   -0.395823 (VIOLATED)
_16291_/A                               0.750000    1.145816   -0.395816 (VIOLATED)
_16357_/A1                              0.750000    1.145803   -0.395803 (VIOLATED)
_16323_/A                               0.750000    1.145795   -0.395795 (VIOLATED)
_17278_/A1                              0.750000    1.145792   -0.395793 (VIOLATED)
_16932_/B2                              0.750000    1.145765   -0.395765 (VIOLATED)
_16839_/A1                              0.750000    1.145758   -0.395758 (VIOLATED)
_17117_/A1                              0.750000    1.145727   -0.395727 (VIOLATED)
_16267_/B                               0.750000    1.145725   -0.395725 (VIOLATED)
_16359_/A                               0.750000    1.145681   -0.395681 (VIOLATED)
_16514_/A1                              0.750000    1.145680   -0.395680 (VIOLATED)
_16830_/A                               0.750000    1.145678   -0.395678 (VIOLATED)
_17284_/A1                              0.750000    1.145672   -0.395673 (VIOLATED)
_16304_/B1_N                            0.750000    1.145671   -0.395672 (VIOLATED)
_16825_/B                               0.750000    1.145669   -0.395669 (VIOLATED)
_16523_/A1                              0.750000    1.145656   -0.395656 (VIOLATED)
_16311_/A                               0.750000    1.145630   -0.395630 (VIOLATED)
_17227_/A                               0.750000    1.145490   -0.395490 (VIOLATED)
_16332_/A_N                             0.750000    1.145443   -0.395443 (VIOLATED)
_17101_/A2                              0.750000    1.145443   -0.395443 (VIOLATED)
_17107_/A1                              0.750000    1.145424   -0.395424 (VIOLATED)
_09486_/A                               0.750000    1.145394   -0.395395 (VIOLATED)
_16926_/A1                              0.750000    1.145372   -0.395372 (VIOLATED)
_17241_/A                               0.750000    1.145358   -0.395358 (VIOLATED)
_16268_/A                               0.750000    1.145358   -0.395358 (VIOLATED)
_16536_/A                               0.750000    1.145354   -0.395354 (VIOLATED)
_16302_/B                               0.750000    1.145346   -0.395346 (VIOLATED)
_16531_/B                               0.750000    1.145344   -0.395344 (VIOLATED)
_16650_/A1                              0.750000    1.145344   -0.395344 (VIOLATED)
_16532_/B                               0.750000    1.145341   -0.395341 (VIOLATED)
_16333_/A_N                             0.750000    1.145339   -0.395339 (VIOLATED)
_17109_/A1                              0.750000    1.145324   -0.395324 (VIOLATED)
_16656_/A1                              0.750000    1.145322   -0.395322 (VIOLATED)
_16316_/B1_N                            0.750000    1.145299   -0.395299 (VIOLATED)
_16289_/B                               0.750000    1.145256   -0.395256 (VIOLATED)
_17732_/A1                              0.750000    1.142699   -0.392699 (VIOLATED)
_18945_/Q                               0.750000    1.142699   -0.392699 (VIOLATED)
_13120_/A1                              0.750000    1.139369   -0.389369 (VIOLATED)
_13199_/A                               0.750000    1.139369   -0.389369 (VIOLATED)
_13439_/B1                              0.750000    1.139369   -0.389369 (VIOLATED)
_13684_/B1                              0.750000    1.139369   -0.389369 (VIOLATED)
_13191_/A1                              0.750000    1.139368   -0.389368 (VIOLATED)
_13206_/A                               0.750000    1.139367   -0.389367 (VIOLATED)
_13207_/A1                              0.750000    1.139367   -0.389367 (VIOLATED)
_13287_/C1                              0.750000    1.139366   -0.389366 (VIOLATED)
_13673_/B1                              0.750000    1.139365   -0.389365 (VIOLATED)
_13290_/C1                              0.750000    1.139364   -0.389364 (VIOLATED)
_13175_/A                               0.750000    1.139363   -0.389363 (VIOLATED)
_13292_/A1                              0.750000    1.139359   -0.389359 (VIOLATED)
_13696_/A1                              0.750000    1.139348   -0.389348 (VIOLATED)
_13441_/C1                              0.750000    1.139347   -0.389347 (VIOLATED)
_13445_/B1                              0.750000    1.139347   -0.389347 (VIOLATED)
_13210_/A1                              0.750000    1.139346   -0.389346 (VIOLATED)
_13426_/A2                              0.750000    1.139346   -0.389346 (VIOLATED)
_13432_/C1                              0.750000    1.139346   -0.389346 (VIOLATED)
_13181_/B1                              0.750000    1.139345   -0.389345 (VIOLATED)
_13428_/B1                              0.750000    1.139345   -0.389345 (VIOLATED)
_13838_/A1                              0.750000    1.139344   -0.389344 (VIOLATED)
_13185_/B1                              0.750000    1.139339   -0.389339 (VIOLATED)
_13849_/A1                              0.750000    1.139339   -0.389339 (VIOLATED)
_13826_/C1                              0.750000    1.139339   -0.389339 (VIOLATED)
_13828_/A                               0.750000    1.139339   -0.389339 (VIOLATED)
_13830_/A1                              0.750000    1.139339   -0.389339 (VIOLATED)
_13123_/B1                              0.750000    1.139336   -0.389336 (VIOLATED)
_13622_/A1                              0.750000    1.139336   -0.389336 (VIOLATED)
_13127_/A1                              0.750000    1.139336   -0.389336 (VIOLATED)
_13421_/C1                              0.750000    1.139336   -0.389336 (VIOLATED)
_13119_/C1                              0.750000    1.139335   -0.389335 (VIOLATED)
_13422_/A1                              0.750000    1.139335   -0.389335 (VIOLATED)
_13688_/A1                              0.750000    1.139335   -0.389335 (VIOLATED)
_14019_/C1                              0.750000    1.139334   -0.389334 (VIOLATED)
_13676_/B1                              0.750000    1.139333   -0.389333 (VIOLATED)
_13602_/B1                              0.750000    1.139332   -0.389332 (VIOLATED)
_13605_/C1                              0.750000    1.139332   -0.389332 (VIOLATED)
_13177_/A                               0.750000    1.139331   -0.389331 (VIOLATED)
_13606_/A1                              0.750000    1.139332   -0.389332 (VIOLATED)
_13851_/C1                              0.750000    1.139328   -0.389328 (VIOLATED)
_14026_/B1                              0.750000    1.139327   -0.389327 (VIOLATED)
_14036_/C1                              0.750000    1.139327   -0.389327 (VIOLATED)
_13689_/B1                              0.750000    1.139325   -0.389326 (VIOLATED)
_14015_/A                               0.750000    1.139321   -0.389321 (VIOLATED)
_14011_/A                               0.750000    1.139319   -0.389319 (VIOLATED)
_14030_/A1                              0.750000    1.139316   -0.389316 (VIOLATED)
_13204_/B1                              0.750000    1.139311   -0.389311 (VIOLATED)
_13080_/A1                              0.750000    1.139295   -0.389295 (VIOLATED)
_13104_/B1                              0.750000    1.139280   -0.389280 (VIOLATED)
_13271_/S                               0.750000    1.139280   -0.389280 (VIOLATED)
_13618_/B1                              0.750000    1.139279   -0.389279 (VIOLATED)
_13273_/C1                              0.750000    1.139279   -0.389279 (VIOLATED)
_14020_/A                               0.750000    1.139279   -0.389279 (VIOLATED)
_13148_/B1                              0.750000    1.139278   -0.389278 (VIOLATED)
_13266_/A1                              0.750000    1.139277   -0.389277 (VIOLATED)
_13149_/A                               0.750000    1.139276   -0.389276 (VIOLATED)
_13169_/B1                              0.750000    1.139276   -0.389276 (VIOLATED)
_13138_/B1                              0.750000    1.139275   -0.389275 (VIOLATED)
_13144_/C1                              0.750000    1.139275   -0.389275 (VIOLATED)
_13610_/B1                              0.750000    1.139275   -0.389275 (VIOLATED)
_13616_/A1                              0.750000    1.139276   -0.389276 (VIOLATED)
_13153_/A1                              0.750000    1.139274   -0.389274 (VIOLATED)
_13844_/A1                              0.750000    1.139275   -0.389275 (VIOLATED)
_13845_/A1                              0.750000    1.139272   -0.389273 (VIOLATED)
_14034_/A                               0.750000    1.139272   -0.389272 (VIOLATED)
_09426_/A                               0.750000    1.139262   -0.389262 (VIOLATED)
_17661_/A0                              0.750000    1.139222   -0.389222 (VIOLATED)
_18922_/Q                               0.750000    1.139222   -0.389222 (VIOLATED)
_11476_/C                               0.750000    1.121107   -0.371107 (VIOLATED)
_11482_/B                               0.750000    1.121107   -0.371107 (VIOLATED)
_11553_/A1                              0.750000    1.121107   -0.371107 (VIOLATED)
_11570_/A1                              0.750000    1.121105   -0.371105 (VIOLATED)
_11429_/A_N                             0.750000    1.121104   -0.371104 (VIOLATED)
_11456_/B                               0.750000    1.121104   -0.371104 (VIOLATED)
_11517_/B                               0.750000    1.121104   -0.371104 (VIOLATED)
_11542_/A                               0.750000    1.121104   -0.371104 (VIOLATED)
_11804_/A1                              0.750000    1.121104   -0.371104 (VIOLATED)
_11460_/B1_N                            0.750000    1.121103   -0.371103 (VIOLATED)
_11471_/B2                              0.750000    1.121102   -0.371102 (VIOLATED)
_11500_/A                               0.750000    1.121102   -0.371102 (VIOLATED)
_11726_/A1                              0.750000    1.121102   -0.371102 (VIOLATED)
_11728_/A1                              0.750000    1.121102   -0.371102 (VIOLATED)
_11680_/A1                              0.750000    1.121099   -0.371099 (VIOLATED)
_11448_/A                               0.750000    1.121094   -0.371094 (VIOLATED)
_11541_/B1_N                            0.750000    1.121094   -0.371094 (VIOLATED)
_11617_/A1                              0.750000    1.121094   -0.371094 (VIOLATED)
_11572_/A1                              0.750000    1.121093   -0.371093 (VIOLATED)
_11817_/A1                              0.750000    1.121093   -0.371093 (VIOLATED)
_11818_/A1                              0.750000    1.121093   -0.371093 (VIOLATED)
_11652_/C1                              0.750000    1.121092   -0.371092 (VIOLATED)
_11684_/A                               0.750000    1.121092   -0.371092 (VIOLATED)
_11683_/A                               0.750000    1.121091   -0.371092 (VIOLATED)
_11658_/A                               0.750000    1.121078   -0.371078 (VIOLATED)
_11444_/B                               0.750000    1.121075   -0.371075 (VIOLATED)
_11457_/A                               0.750000    1.121075   -0.371075 (VIOLATED)
_11564_/A2                              0.750000    1.121076   -0.371076 (VIOLATED)
_11597_/A                               0.750000    1.121074   -0.371074 (VIOLATED)
_11567_/B1                              0.750000    1.121073   -0.371073 (VIOLATED)
_11569_/A                               0.750000    1.121071   -0.371072 (VIOLATED)
_11474_/B                               0.750000    1.121067   -0.371067 (VIOLATED)
_11622_/A1                              0.750000    1.121067   -0.371067 (VIOLATED)
_11753_/A1                              0.750000    1.121067   -0.371067 (VIOLATED)
_11686_/A1                              0.750000    1.121065   -0.371065 (VIOLATED)
_11479_/B1                              0.750000    1.121063   -0.371063 (VIOLATED)
_11771_/A1                              0.750000    1.121063   -0.371063 (VIOLATED)
_11641_/B1                              0.750000    1.121062   -0.371062 (VIOLATED)
_11732_/A1                              0.750000    1.121062   -0.371062 (VIOLATED)
_11592_/A1                              0.750000    1.121061   -0.371061 (VIOLATED)
_11642_/C1                              0.750000    1.121058   -0.371058 (VIOLATED)
_11660_/A1                              0.750000    1.121058   -0.371058 (VIOLATED)
_11425_/A                               0.750000    1.121056   -0.371056 (VIOLATED)
_09396_/A                               0.750000    1.121049   -0.371049 (VIOLATED)
_11497_/B                               0.750000    1.121049   -0.371049 (VIOLATED)
_11550_/A                               0.750000    1.121049   -0.371049 (VIOLATED)
_11428_/A1                              0.750000    1.121048   -0.371048 (VIOLATED)
_11502_/B1                              0.750000    1.121048   -0.371048 (VIOLATED)
_11441_/A                               0.750000    1.121047   -0.371047 (VIOLATED)
_11522_/A1                              0.750000    1.121045   -0.371046 (VIOLATED)
_11667_/A1                              0.750000    1.121043   -0.371043 (VIOLATED)
_11459_/B                               0.750000    1.121042   -0.371042 (VIOLATED)
_11494_/A1                              0.750000    1.121034   -0.371034 (VIOLATED)
_11607_/A                               0.750000    1.121031   -0.371031 (VIOLATED)
_11688_/A1                              0.750000    1.121026   -0.371026 (VIOLATED)
_11478_/B1                              0.750000    1.121024   -0.371024 (VIOLATED)
_11602_/A1                              0.750000    1.121023   -0.371023 (VIOLATED)
_11499_/A                               0.750000    1.121021   -0.371021 (VIOLATED)
_11508_/A                               0.750000    1.121018   -0.371018 (VIOLATED)
_11600_/B1                              0.750000    1.121012   -0.371012 (VIOLATED)
_11611_/A                               0.750000    1.121010   -0.371010 (VIOLATED)
_11496_/A                               0.750000    1.121007   -0.371007 (VIOLATED)
_11486_/A_N                             0.750000    1.120985   -0.370985 (VIOLATED)
_11518_/B1                              0.750000    1.120977   -0.370977 (VIOLATED)
_17881_/A1                              0.750000    1.120905   -0.370905 (VIOLATED)
_18993_/Q                               0.750000    1.120905   -0.370905 (VIOLATED)
_10720_/B                               0.750000    1.118313   -0.368313 (VIOLATED)
_11105_/C1                              0.750000    1.118313   -0.368313 (VIOLATED)
_11123_/C1                              0.750000    1.118313   -0.368313 (VIOLATED)
_11119_/C1                              0.750000    1.118312   -0.368312 (VIOLATED)
_10131_/A                               0.750000    1.118311   -0.368311 (VIOLATED)
_11115_/A1                              0.750000    1.118311   -0.368311 (VIOLATED)
_11114_/B1                              0.750000    1.118311   -0.368311 (VIOLATED)
_10129_/A                               0.750000    1.118310   -0.368310 (VIOLATED)
_10140_/A1                              0.750000    1.118310   -0.368310 (VIOLATED)
_10309_/C1                              0.750000    1.118310   -0.368310 (VIOLATED)
_10725_/A1                              0.750000    1.118310   -0.368310 (VIOLATED)
_10328_/B1                              0.750000    1.118309   -0.368309 (VIOLATED)
_11349_/C1                              0.750000    1.118309   -0.368309 (VIOLATED)
_11350_/A1                              0.750000    1.118308   -0.368309 (VIOLATED)
_11370_/C1                              0.750000    1.118309   -0.368309 (VIOLATED)
_11371_/B1                              0.750000    1.118309   -0.368309 (VIOLATED)
_11102_/C1                              0.750000    1.118307   -0.368308 (VIOLATED)
_11358_/C1                              0.750000    1.118308   -0.368308 (VIOLATED)
_10324_/C1                              0.750000    1.118307   -0.368307 (VIOLATED)
_10305_/B2                              0.750000    1.118306   -0.368306 (VIOLATED)
_11129_/A1                              0.750000    1.118306   -0.368306 (VIOLATED)
_10118_/A                               0.750000    1.118306   -0.368306 (VIOLATED)
_11270_/A1                              0.750000    1.118304   -0.368304 (VIOLATED)
_10078_/A1                              0.750000    1.118303   -0.368303 (VIOLATED)
_10101_/B1                              0.750000    1.118303   -0.368303 (VIOLATED)
_10610_/C1                              0.750000    1.118303   -0.368303 (VIOLATED)
_10306_/B1                              0.750000    1.118299   -0.368299 (VIOLATED)
_10624_/A                               0.750000    1.118299   -0.368299 (VIOLATED)
_09386_/A                               0.750000    1.118298   -0.368298 (VIOLATED)
_10056_/A_N                             0.750000    1.118298   -0.368298 (VIOLATED)
_10062_/A                               0.750000    1.118298   -0.368298 (VIOLATED)
_10086_/A                               0.750000    1.118298   -0.368298 (VIOLATED)
_10087_/A1                              0.750000    1.118298   -0.368298 (VIOLATED)
_10119_/B2                              0.750000    1.118298   -0.368298 (VIOLATED)
_10124_/A1                              0.750000    1.118298   -0.368298 (VIOLATED)
_10317_/A                               0.750000    1.118298   -0.368298 (VIOLATED)
_10335_/B1                              0.750000    1.118298   -0.368298 (VIOLATED)
_10603_/C1                              0.750000    1.118298   -0.368298 (VIOLATED)
_10607_/B1                              0.750000    1.118298   -0.368298 (VIOLATED)
_10611_/B1                              0.750000    1.118298   -0.368298 (VIOLATED)
_10616_/B2                              0.750000    1.118298   -0.368298 (VIOLATED)
_10618_/C1                              0.750000    1.118298   -0.368298 (VIOLATED)
_10622_/A1                              0.750000    1.118298   -0.368298 (VIOLATED)
_10623_/A1                              0.750000    1.118298   -0.368298 (VIOLATED)
_10714_/B1                              0.750000    1.118298   -0.368298 (VIOLATED)
_10719_/D                               0.750000    1.118298   -0.368298 (VIOLATED)
_10735_/A1                              0.750000    1.118298   -0.368298 (VIOLATED)
_10739_/A1                              0.750000    1.118298   -0.368298 (VIOLATED)
_10741_/B1                              0.750000    1.118298   -0.368298 (VIOLATED)
_10946_/B1                              0.750000    1.118298   -0.368298 (VIOLATED)
_10950_/B2                              0.750000    1.118298   -0.368298 (VIOLATED)
_10953_/B1                              0.750000    1.118298   -0.368298 (VIOLATED)
_10957_/B1                              0.750000    1.118298   -0.368298 (VIOLATED)
_10961_/C1                              0.750000    1.118298   -0.368298 (VIOLATED)
_10962_/B1                              0.750000    1.118298   -0.368298 (VIOLATED)
_10965_/C1                              0.750000    1.118298   -0.368298 (VIOLATED)
_11125_/B1                              0.750000    1.118298   -0.368298 (VIOLATED)
_11253_/C1                              0.750000    1.118298   -0.368298 (VIOLATED)
_11255_/B2                              0.750000    1.118298   -0.368298 (VIOLATED)
_11264_/B                               0.750000    1.118298   -0.368298 (VIOLATED)
_11267_/C1                              0.750000    1.118298   -0.368298 (VIOLATED)
_11273_/B1                              0.750000    1.118298   -0.368298 (VIOLATED)
_11274_/A1                              0.750000    1.118298   -0.368298 (VIOLATED)
_11354_/A                               0.750000    1.118298   -0.368298 (VIOLATED)
_11366_/A1                              0.750000    1.118298   -0.368298 (VIOLATED)
_17709_/A0                              0.750000    1.118298   -0.368298 (VIOLATED)
_18938_/Q                               0.750000    1.118298   -0.368298 (VIOLATED)
_16735_/A1                              0.750000    1.116594   -0.366594 (VIOLATED)
_17080_/A1                              0.750000    1.116593   -0.366594 (VIOLATED)
_16003_/C                               0.750000    1.116593   -0.366593 (VIOLATED)
_16015_/A2                              0.750000    1.116592   -0.366592 (VIOLATED)
_16048_/A2                              0.750000    1.116592   -0.366592 (VIOLATED)
_16031_/A                               0.750000    1.116590   -0.366590 (VIOLATED)
_16027_/A1                              0.750000    1.116586   -0.366586 (VIOLATED)
_15991_/B                               0.750000    1.116580   -0.366580 (VIOLATED)
_17203_/A1                              0.750000    1.116576   -0.366576 (VIOLATED)
_16039_/B                               0.750000    1.116569   -0.366569 (VIOLATED)
_16081_/C                               0.750000    1.116562   -0.366562 (VIOLATED)
_16011_/B                               0.750000    1.116550   -0.366550 (VIOLATED)
_16399_/C                               0.750000    1.116549   -0.366549 (VIOLATED)
_16393_/A1                              0.750000    1.116536   -0.366536 (VIOLATED)
_16022_/A2                              0.750000    1.116534   -0.366534 (VIOLATED)
_16026_/A_N                             0.750000    1.116521   -0.366521 (VIOLATED)
_16012_/A1                              0.750000    1.116477   -0.366477 (VIOLATED)
_17201_/A1                              0.750000    1.116476   -0.366476 (VIOLATED)
_16040_/B1_N                            0.750000    1.116476   -0.366476 (VIOLATED)
_16387_/A_N                             0.750000    1.116476   -0.366476 (VIOLATED)
_15993_/A_N                             0.750000    1.116474   -0.366474 (VIOLATED)
_16021_/A2                              0.750000    1.116473   -0.366473 (VIOLATED)
_16946_/A1                              0.750000    1.116467   -0.366467 (VIOLATED)
_16046_/S                               0.750000    1.116456   -0.366456 (VIOLATED)
_16059_/B                               0.750000    1.116456   -0.366456 (VIOLATED)
_16053_/A2                              0.750000    1.116450   -0.366450 (VIOLATED)
_16008_/B                               0.750000    1.116441   -0.366441 (VIOLATED)
_16033_/A                               0.750000    1.116438   -0.366438 (VIOLATED)
_16069_/B                               0.750000    1.116437   -0.366437 (VIOLATED)
_16070_/B                               0.750000    1.116437   -0.366437 (VIOLATED)
_16013_/B                               0.750000    1.116434   -0.366434 (VIOLATED)
_16001_/A                               0.750000    1.116423   -0.366423 (VIOLATED)
_16028_/A1                              0.750000    1.116414   -0.366414 (VIOLATED)
_16568_/A2                              0.750000    1.116402   -0.366402 (VIOLATED)
_16717_/B2                              0.750000    1.116401   -0.366401 (VIOLATED)
_16029_/A1                              0.750000    1.116401   -0.366401 (VIOLATED)
_16708_/A2                              0.750000    1.116399   -0.366399 (VIOLATED)
_16954_/A1                              0.750000    1.116397   -0.366397 (VIOLATED)
_16711_/B                               0.750000    1.116394   -0.366394 (VIOLATED)
_16852_/A1                              0.750000    1.116385   -0.366385 (VIOLATED)
_16014_/B                               0.750000    1.116374   -0.366374 (VIOLATED)
_16002_/C                               0.750000    1.115640   -0.365640 (VIOLATED)
_16086_/A1                              0.750000    1.115628   -0.365628 (VIOLATED)
_16370_/B                               0.750000    1.115585   -0.365585 (VIOLATED)
_15996_/A                               0.750000    1.115572   -0.365572 (VIOLATED)
_16386_/A                               0.750000    1.115562   -0.365562 (VIOLATED)
_16076_/A1                              0.750000    1.115550   -0.365550 (VIOLATED)
_16061_/A                               0.750000    1.115508   -0.365509 (VIOLATED)
_16030_/C_N                             0.750000    1.115492   -0.365492 (VIOLATED)
_16034_/A                               0.750000    1.115473   -0.365473 (VIOLATED)
_16058_/A_N                             0.750000    1.115459   -0.365459 (VIOLATED)
_16065_/C_N                             0.750000    1.115458   -0.365458 (VIOLATED)
_16010_/B                               0.750000    1.115457   -0.365457 (VIOLATED)
_16092_/A                               0.750000    1.115451   -0.365451 (VIOLATED)
_15992_/A_N                             0.750000    1.115449   -0.365449 (VIOLATED)
_17857_/A1                              0.750000    1.114357   -0.364357 (VIOLATED)
_18984_/Q                               0.750000    1.114357   -0.364357 (VIOLATED)
_14521_/A                               0.750000    1.113209   -0.363209 (VIOLATED)
_15439_/A1                              0.750000    1.113209   -0.363209 (VIOLATED)
_14547_/B                               0.750000    1.113208   -0.363208 (VIOLATED)
_14862_/A1                              0.750000    1.113208   -0.363208 (VIOLATED)
_15380_/A1                              0.750000    1.113209   -0.363209 (VIOLATED)
_14520_/A_N                             0.750000    1.113208   -0.363208 (VIOLATED)
_14588_/B                               0.750000    1.113208   -0.363208 (VIOLATED)
_14874_/A                               0.750000    1.113207   -0.363207 (VIOLATED)
_14875_/B1                              0.750000    1.113206   -0.363206 (VIOLATED)
_14886_/A1                              0.750000    1.113204   -0.363204 (VIOLATED)
_14867_/A1                              0.750000    1.113203   -0.363203 (VIOLATED)
_14497_/B1_N                            0.750000    1.113201   -0.363201 (VIOLATED)
_14581_/A                               0.750000    1.113201   -0.363201 (VIOLATED)
_15368_/A1                              0.750000    1.113197   -0.363197 (VIOLATED)
_14493_/B                               0.750000    1.113194   -0.363194 (VIOLATED)
_14562_/A1                              0.750000    1.113194   -0.363194 (VIOLATED)
_14589_/B                               0.750000    1.113195   -0.363195 (VIOLATED)
_14572_/B1_N                            0.750000    1.113194   -0.363194 (VIOLATED)
_14576_/B1_N                            0.750000    1.113194   -0.363194 (VIOLATED)
_15443_/A1                              0.750000    1.113194   -0.363194 (VIOLATED)
_14494_/B                               0.750000    1.113193   -0.363193 (VIOLATED)
_14541_/B1                              0.750000    1.113194   -0.363194 (VIOLATED)
_14570_/A                               0.750000    1.113193   -0.363193 (VIOLATED)
_14582_/A                               0.750000    1.113192   -0.363192 (VIOLATED)
_15449_/A1_N                            0.750000    1.113191   -0.363191 (VIOLATED)
_14525_/A                               0.750000    1.113190   -0.363190 (VIOLATED)
_14552_/A_N                             0.750000    1.113189   -0.363189 (VIOLATED)
_14892_/A                               0.750000    1.113189   -0.363189 (VIOLATED)
_15626_/B2                              0.750000    1.113189   -0.363189 (VIOLATED)
_14506_/A                               0.750000    1.113188   -0.363188 (VIOLATED)
_14516_/A                               0.750000    1.113188   -0.363188 (VIOLATED)
_14548_/B                               0.750000    1.113188   -0.363188 (VIOLATED)
_14554_/A                               0.750000    1.113188   -0.363188 (VIOLATED)
_15196_/A1                              0.750000    1.113187   -0.363187 (VIOLATED)
_15197_/A1                              0.750000    1.113187   -0.363187 (VIOLATED)
_15640_/A1                              0.750000    1.113187   -0.363187 (VIOLATED)
_14519_/A                               0.750000    1.113186   -0.363186 (VIOLATED)
_14522_/A                               0.750000    1.113186   -0.363186 (VIOLATED)
_14553_/A_N                             0.750000    1.113186   -0.363186 (VIOLATED)
_14543_/A                               0.750000    1.113186   -0.363186 (VIOLATED)
_15451_/A1                              0.750000    1.113186   -0.363186 (VIOLATED)
_15687_/A1                              0.750000    1.113186   -0.363186 (VIOLATED)
_15129_/B1                              0.750000    1.113185   -0.363185 (VIOLATED)
_15178_/A1                              0.750000    1.113185   -0.363185 (VIOLATED)
_14567_/C1                              0.750000    1.113185   -0.363185 (VIOLATED)
_15100_/B2                              0.750000    1.113185   -0.363185 (VIOLATED)
_15128_/A1                              0.750000    1.113185   -0.363185 (VIOLATED)
_15130_/A1                              0.750000    1.113185   -0.363185 (VIOLATED)
_15191_/C                               0.750000    1.113184   -0.363184 (VIOLATED)
_15192_/C1                              0.750000    1.113184   -0.363184 (VIOLATED)
_15186_/A1                              0.750000    1.113183   -0.363183 (VIOLATED)
_09464_/A                               0.750000    1.113183   -0.363183 (VIOLATED)
_14534_/A                               0.750000    1.113183   -0.363183 (VIOLATED)
_14564_/A                               0.750000    1.113183   -0.363183 (VIOLATED)
_15182_/A1                              0.750000    1.113182   -0.363182 (VIOLATED)
_15187_/A1                              0.750000    1.113182   -0.363182 (VIOLATED)
_15385_/B2                              0.750000    1.113181   -0.363181 (VIOLATED)
_15132_/A1                              0.750000    1.113181   -0.363180 (VIOLATED)
_15184_/A1                              0.750000    1.113181   -0.363180 (VIOLATED)
_14889_/B2                              0.750000    1.113178   -0.363178 (VIOLATED)
_15634_/A1                              0.750000    1.113178   -0.363178 (VIOLATED)
_14527_/A                               0.750000    1.113178   -0.363178 (VIOLATED)
_14873_/A                               0.750000    1.113178   -0.363178 (VIOLATED)
_14890_/A                               0.750000    1.113178   -0.363178 (VIOLATED)
_15134_/A                               0.750000    1.113178   -0.363178 (VIOLATED)
_15434_/A1                              0.750000    1.113178   -0.363178 (VIOLATED)
_17512_/A0                              0.750000    1.113178   -0.363178 (VIOLATED)
_18873_/Q                               0.750000    1.113178   -0.363178 (VIOLATED)
_09650_/A                               0.750000    1.111290   -0.361290 (VIOLATED)
_09651_/A                               0.750000    1.111290   -0.361290 (VIOLATED)
_11032_/A1                              0.750000    1.111290   -0.361290 (VIOLATED)
_09633_/A                               0.750000    1.111287   -0.361287 (VIOLATED)
_09629_/A                               0.750000    1.111284   -0.361284 (VIOLATED)
_09636_/A                               0.750000    1.111284   -0.361284 (VIOLATED)
_09661_/A                               0.750000    1.111284   -0.361284 (VIOLATED)
_09675_/C                               0.750000    1.111284   -0.361284 (VIOLATED)
_09645_/B                               0.750000    1.111281   -0.361281 (VIOLATED)
_09635_/A                               0.750000    1.111280   -0.361280 (VIOLATED)
_09648_/A_N                             0.750000    1.111271   -0.361271 (VIOLATED)
_09668_/A1                              0.750000    1.111261   -0.361261 (VIOLATED)
_09714_/A2                              0.750000    1.111260   -0.361260 (VIOLATED)
_09646_/A_N                             0.750000    1.111258   -0.361258 (VIOLATED)
_09626_/B                               0.750000    1.111257   -0.361257 (VIOLATED)
_09719_/A                               0.750000    1.111254   -0.361254 (VIOLATED)
_09659_/A                               0.750000    1.111253   -0.361253 (VIOLATED)
_09628_/A                               0.750000    1.111242   -0.361242 (VIOLATED)
_09700_/A1                              0.750000    1.111216   -0.361216 (VIOLATED)
_09686_/C_N                             0.750000    1.111178   -0.361178 (VIOLATED)
_10866_/A                               0.750000    1.111158   -0.361158 (VIOLATED)
_09619_/A                               0.750000    1.111119   -0.361119 (VIOLATED)
_09643_/A                               0.750000    1.111119   -0.361119 (VIOLATED)
_09634_/A1                              0.750000    1.111118   -0.361118 (VIOLATED)
_09632_/A                               0.750000    1.111068   -0.361068 (VIOLATED)
_09649_/A_N                             0.750000    1.111016   -0.361016 (VIOLATED)
_09763_/A1                              0.750000    1.110978   -0.360978 (VIOLATED)
_09640_/A1                              0.750000    1.110971   -0.360971 (VIOLATED)
_09713_/A_N                             0.750000    1.110966   -0.360966 (VIOLATED)
_11008_/A1                              0.750000    1.110966   -0.360966 (VIOLATED)
_10860_/A1                              0.750000    1.110965   -0.360965 (VIOLATED)
_11010_/A1                              0.750000    1.110965   -0.360965 (VIOLATED)
_10864_/A                               0.750000    1.110962   -0.360962 (VIOLATED)
_11015_/A1                              0.750000    1.110961   -0.360961 (VIOLATED)
_09742_/A                               0.750000    1.110955   -0.360955 (VIOLATED)
_09762_/A2                              0.750000    1.110947   -0.360947 (VIOLATED)
_09620_/A                               0.750000    1.110946   -0.360946 (VIOLATED)
_09697_/A                               0.750000    1.110941   -0.360941 (VIOLATED)
_09752_/A1                              0.750000    1.110933   -0.360933 (VIOLATED)
_11026_/B                               0.750000    1.110931   -0.360931 (VIOLATED)
_09658_/A                               0.750000    1.110909   -0.360909 (VIOLATED)
_09731_/A1                              0.750000    1.110899   -0.360899 (VIOLATED)
_11175_/A1                              0.750000    1.110888   -0.360888 (VIOLATED)
_09720_/A1                              0.750000    1.110885   -0.360885 (VIOLATED)
_09676_/C                               0.750000    1.110882   -0.360882 (VIOLATED)
_11021_/A2                              0.750000    1.110870   -0.360870 (VIOLATED)
_09698_/A                               0.750000    1.110864   -0.360864 (VIOLATED)
_09677_/A                               0.750000    1.110841   -0.360841 (VIOLATED)
_09660_/A                               0.750000    1.110840   -0.360840 (VIOLATED)
_09627_/B                               0.750000    1.110834   -0.360834 (VIOLATED)
_09722_/B1_N                            0.750000    1.110826   -0.360826 (VIOLATED)
_09768_/B                               0.750000    1.110810   -0.360810 (VIOLATED)
_17583_/A0                              0.750000    1.109976   -0.359976 (VIOLATED)
_18896_/Q                               0.750000    1.109976   -0.359976 (VIOLATED)
_11810_/B2                              0.750000    1.108163   -0.358163 (VIOLATED)
_11566_/A1                              0.750000    1.108162   -0.358162 (VIOLATED)
_11653_/C1                              0.750000    1.108161   -0.358161 (VIOLATED)
_11572_/C1                              0.750000    1.108160   -0.358160 (VIOLATED)
_11482_/A_N                             0.750000    1.108158   -0.358158 (VIOLATED)
_11484_/A1                              0.750000    1.108158   -0.358158 (VIOLATED)
_11556_/A1                              0.750000    1.108158   -0.358158 (VIOLATED)
_11552_/A                               0.750000    1.108157   -0.358157 (VIOLATED)
_11481_/A                               0.750000    1.108156   -0.358156 (VIOLATED)
_11555_/A1                              0.750000    1.108156   -0.358156 (VIOLATED)
_11723_/C1                              0.750000    1.108152   -0.358152 (VIOLATED)
_11472_/A1                              0.750000    1.108151   -0.358151 (VIOLATED)
_11500_/B                               0.750000    1.108151   -0.358151 (VIOLATED)
_11568_/A                               0.750000    1.108151   -0.358151 (VIOLATED)
_11624_/A1                              0.750000    1.108150   -0.358150 (VIOLATED)
_11766_/A2                              0.750000    1.108150   -0.358150 (VIOLATED)
_11685_/A1                              0.750000    1.108149   -0.358149 (VIOLATED)
_11773_/A                               0.750000    1.108149   -0.358149 (VIOLATED)
_11804_/C1                              0.750000    1.108150   -0.358150 (VIOLATED)
_11650_/C1                              0.750000    1.108149   -0.358149 (VIOLATED)
_11657_/C1                              0.750000    1.108148   -0.358148 (VIOLATED)
_11681_/C1                              0.750000    1.108147   -0.358147 (VIOLATED)
_11742_/A1                              0.750000    1.108147   -0.358147 (VIOLATED)
_11771_/B1                              0.750000    1.108144   -0.358144 (VIOLATED)
_11767_/B1                              0.750000    1.108143   -0.358143 (VIOLATED)
_11697_/A1                              0.750000    1.108139   -0.358139 (VIOLATED)
_11521_/B1                              0.750000    1.108138   -0.358138 (VIOLATED)
_11447_/A1                              0.750000    1.108137   -0.358137 (VIOLATED)
_11558_/A1                              0.750000    1.108137   -0.358138 (VIOLATED)
_11733_/C1                              0.750000    1.108136   -0.358136 (VIOLATED)
_11795_/C1                              0.750000    1.108136   -0.358136 (VIOLATED)
_11698_/A1                              0.750000    1.108134   -0.358134 (VIOLATED)
_11817_/C1                              0.750000    1.108134   -0.358134 (VIOLATED)
_11428_/B1                              0.750000    1.108129   -0.358129 (VIOLATED)
_11676_/C1                              0.750000    1.108129   -0.358129 (VIOLATED)
_11805_/C1                              0.750000    1.108127   -0.358127 (VIOLATED)
_11643_/D                               0.750000    1.108125   -0.358125 (VIOLATED)
_11721_/C1                              0.750000    1.108125   -0.358125 (VIOLATED)
_11737_/B                               0.750000    1.108125   -0.358125 (VIOLATED)
_11738_/B                               0.750000    1.108125   -0.358125 (VIOLATED)
_11599_/C1                              0.750000    1.108124   -0.358124 (VIOLATED)
_11491_/A1                              0.750000    1.108123   -0.358123 (VIOLATED)
_11667_/C1                              0.750000    1.108121   -0.358121 (VIOLATED)
_11662_/A1                              0.750000    1.108119   -0.358119 (VIOLATED)
_11665_/A1                              0.750000    1.108118   -0.358118 (VIOLATED)
_11687_/B1                              0.750000    1.108117   -0.358117 (VIOLATED)
_11755_/A1                              0.750000    1.108118   -0.358118 (VIOLATED)
_11757_/A1                              0.750000    1.108118   -0.358118 (VIOLATED)
_11762_/A1                              0.750000    1.108113   -0.358113 (VIOLATED)
_11664_/C1                              0.750000    1.108111   -0.358111 (VIOLATED)
_11501_/B1                              0.750000    1.108109   -0.358109 (VIOLATED)
_11495_/A                               0.750000    1.108108   -0.358108 (VIOLATED)
_11592_/B1                              0.750000    1.108106   -0.358106 (VIOLATED)
_11498_/A1                              0.750000    1.108105   -0.358105 (VIOLATED)
_11646_/A1                              0.750000    1.108102   -0.358102 (VIOLATED)
_11499_/B                               0.750000    1.108096   -0.358096 (VIOLATED)
_11602_/C1                              0.750000    1.108089   -0.358089 (VIOLATED)
_11619_/A1                              0.750000    1.108089   -0.358089 (VIOLATED)
_11607_/B                               0.750000    1.108088   -0.358088 (VIOLATED)
_11645_/A                               0.750000    1.108070   -0.358070 (VIOLATED)
_11594_/B1                              0.750000    1.108069   -0.358069 (VIOLATED)
_11615_/S0                              0.750000    1.108069   -0.358069 (VIOLATED)
_11764_/A1                              0.750000    1.108053   -0.358053 (VIOLATED)
_11520_/B1                              0.750000    1.108039   -0.358039 (VIOLATED)
_09397_/A                               0.750000    1.107749   -0.357749 (VIOLATED)
_17883_/A1                              0.750000    1.107749   -0.357749 (VIOLATED)
_18994_/Q                               0.750000    1.107749   -0.357749 (VIOLATED)
_19547_/A                               0.750000    1.101473   -0.351473 (VIOLATED)
_09510_/B                               0.750000    1.101472   -0.351472 (VIOLATED)
_09508_/Y                               0.750000    1.101448   -0.351448 (VIOLATED)
_10163_/A1                              0.750000    1.089468   -0.339468 (VIOLATED)
_10202_/A_N                             0.750000    1.089467   -0.339467 (VIOLATED)
_10222_/A                               0.750000    1.089467   -0.339467 (VIOLATED)
_10429_/A                               0.750000    1.089467   -0.339467 (VIOLATED)
_10159_/A                               0.750000    1.089465   -0.339465 (VIOLATED)
_10178_/A_N                             0.750000    1.089463   -0.339463 (VIOLATED)
_10171_/C_N                             0.750000    1.089463   -0.339463 (VIOLATED)
_10177_/A_N                             0.750000    1.089461   -0.339461 (VIOLATED)
_10828_/A1                              0.750000    1.089459   -0.339459 (VIOLATED)
_10189_/C_N                             0.750000    1.089452   -0.339452 (VIOLATED)
_10161_/A                               0.750000    1.089439   -0.339439 (VIOLATED)
_10151_/A                               0.750000    1.089438   -0.339438 (VIOLATED)
_10188_/C_N                             0.750000    1.089439   -0.339439 (VIOLATED)
_10152_/A                               0.750000    1.089438   -0.339438 (VIOLATED)
_10199_/A1                              0.750000    1.089437   -0.339437 (VIOLATED)
_10150_/B                               0.750000    1.089436   -0.339436 (VIOLATED)
_10187_/B                               0.750000    1.089437   -0.339437 (VIOLATED)
_10214_/A                               0.750000    1.089437   -0.339437 (VIOLATED)
_10221_/A                               0.750000    1.089431   -0.339431 (VIOLATED)
_10978_/A                               0.750000    1.089420   -0.339420 (VIOLATED)
_10442_/A                               0.750000    1.089415   -0.339415 (VIOLATED)
_10204_/A                               0.750000    1.089409   -0.339409 (VIOLATED)
_10215_/A                               0.750000    1.089406   -0.339406 (VIOLATED)
_11296_/A2                              0.750000    1.089395   -0.339395 (VIOLATED)
_10149_/B                               0.750000    1.089394   -0.339394 (VIOLATED)
_10162_/A                               0.750000    1.089391   -0.339391 (VIOLATED)
_10228_/A2                              0.750000    1.089377   -0.339377 (VIOLATED)
_10235_/B                               0.750000    1.089377   -0.339377 (VIOLATED)
_10217_/A_N                             0.750000    1.089373   -0.339374 (VIOLATED)
_10165_/A1                              0.750000    1.089373   -0.339373 (VIOLATED)
_10216_/A                               0.750000    1.089365   -0.339365 (VIOLATED)
_10164_/A1                              0.750000    1.089359   -0.339359 (VIOLATED)
_10430_/A                               0.750000    1.089342   -0.339342 (VIOLATED)
_10240_/A1                              0.750000    1.089331   -0.339331 (VIOLATED)
_10201_/A                               0.750000    1.089320   -0.339320 (VIOLATED)
_10155_/A                               0.750000    1.089309   -0.339309 (VIOLATED)
_10186_/B                               0.750000    1.089302   -0.339302 (VIOLATED)
_10198_/A                               0.750000    1.089229   -0.339229 (VIOLATED)
_10652_/A_N                             0.750000    1.089161   -0.339161 (VIOLATED)
_10158_/A                               0.750000    1.089156   -0.339156 (VIOLATED)
_10182_/C                               0.750000    1.089156   -0.339156 (VIOLATED)
_10160_/A                               0.750000    1.089155   -0.339155 (VIOLATED)
_10200_/A                               0.750000    1.089155   -0.339155 (VIOLATED)
_10642_/A                               0.750000    1.089154   -0.339154 (VIOLATED)
_11282_/A1                              0.750000    1.089153   -0.339153 (VIOLATED)
_10446_/A1                              0.750000    1.089136   -0.339136 (VIOLATED)
_10234_/A                               0.750000    1.089132   -0.339132 (VIOLATED)
_10184_/A                               0.750000    1.089123   -0.339123 (VIOLATED)
_10984_/A1                              0.750000    1.089118   -0.339118 (VIOLATED)
_10203_/A_N                             0.750000    1.089079   -0.339079 (VIOLATED)
_14616_/B                               0.750000    1.088972   -0.338972 (VIOLATED)
_15073_/A2                              0.750000    1.088972   -0.338972 (VIOLATED)
_15083_/A                               0.750000    1.088972   -0.338972 (VIOLATED)
_15085_/A                               0.750000    1.088972   -0.338972 (VIOLATED)
_15465_/B1                              0.750000    1.088972   -0.338972 (VIOLATED)
_14851_/B1                              0.750000    1.088971   -0.338971 (VIOLATED)
_15671_/B1                              0.750000    1.088971   -0.338972 (VIOLATED)
_14649_/A_N                             0.750000    1.088971   -0.338971 (VIOLATED)
_15483_/A1                              0.750000    1.088970   -0.338970 (VIOLATED)
_14658_/B                               0.750000    1.088970   -0.338970 (VIOLATED)
_15345_/A2                              0.750000    1.088968   -0.338968 (VIOLATED)
_14635_/A                               0.750000    1.088968   -0.338968 (VIOLATED)
_14663_/A_N                             0.750000    1.088966   -0.338966 (VIOLATED)
_15673_/B2                              0.750000    1.088965   -0.338965 (VIOLATED)
_14671_/B                               0.750000    1.088964   -0.338964 (VIOLATED)
_14654_/B                               0.750000    1.088963   -0.338963 (VIOLATED)
_15597_/A                               0.750000    1.088962   -0.338962 (VIOLATED)
_14605_/B1_N                            0.750000    1.088961   -0.338961 (VIOLATED)
_14704_/A                               0.750000    1.088961   -0.338962 (VIOLATED)
_15057_/A                               0.750000    1.088961   -0.338962 (VIOLATED)
_15216_/B2                              0.750000    1.088961   -0.338961 (VIOLATED)
_15342_/A                               0.750000    1.088960   -0.338960 (VIOLATED)
_15600_/A1                              0.750000    1.088960   -0.338960 (VIOLATED)
_14652_/B                               0.750000    1.088960   -0.338960 (VIOLATED)
_14604_/B                               0.750000    1.088959   -0.338959 (VIOLATED)
_14662_/A_N                             0.750000    1.088960   -0.338960 (VIOLATED)
_14691_/B1_N                            0.750000    1.088959   -0.338960 (VIOLATED)
_14693_/A                               0.750000    1.088960   -0.338960 (VIOLATED)
_14701_/B                               0.750000    1.088959   -0.338959 (VIOLATED)
_15612_/A1                              0.750000    1.088959   -0.338959 (VIOLATED)
_15070_/A3                              0.750000    1.088959   -0.338959 (VIOLATED)
_14613_/B                               0.750000    1.088958   -0.338958 (VIOLATED)
_14665_/A1                              0.750000    1.088957   -0.338957 (VIOLATED)
_15087_/A1                              0.750000    1.088958   -0.338958 (VIOLATED)
_15480_/A2                              0.750000    1.088957   -0.338957 (VIOLATED)
_15606_/B2                              0.750000    1.088957   -0.338957 (VIOLATED)
_09459_/A                               0.750000    1.088957   -0.338957 (VIOLATED)
_14606_/B1_N                            0.750000    1.088957   -0.338957 (VIOLATED)
_14621_/A                               0.750000    1.088957   -0.338957 (VIOLATED)
_14624_/B1                              0.750000    1.088957   -0.338957 (VIOLATED)
_14625_/B1                              0.750000    1.088957   -0.338957 (VIOLATED)
_14639_/B1                              0.750000    1.088957   -0.338957 (VIOLATED)
_14648_/B1                              0.750000    1.088957   -0.338957 (VIOLATED)
_14661_/A_N                             0.750000    1.088957   -0.338957 (VIOLATED)
_14679_/B1                              0.750000    1.088957   -0.338957 (VIOLATED)
_14680_/B1_N                            0.750000    1.088957   -0.338957 (VIOLATED)
_14685_/C1                              0.750000    1.088957   -0.338957 (VIOLATED)
_14826_/A1                              0.750000    1.088957   -0.338957 (VIOLATED)
_14827_/C1                              0.750000    1.088957   -0.338957 (VIOLATED)
_14829_/A1                              0.750000    1.088957   -0.338957 (VIOLATED)
_14831_/B1                              0.750000    1.088957   -0.338957 (VIOLATED)
_14852_/B1                              0.750000    1.088957   -0.338957 (VIOLATED)
_14856_/A                               0.750000    1.088957   -0.338957 (VIOLATED)
_15053_/A                               0.750000    1.088957   -0.338957 (VIOLATED)
_15075_/A1                              0.750000    1.088957   -0.338957 (VIOLATED)
_15077_/A                               0.750000    1.088957   -0.338957 (VIOLATED)
_15226_/A1                              0.750000    1.088957   -0.338957 (VIOLATED)
_15228_/B2                              0.750000    1.088957   -0.338957 (VIOLATED)
_15232_/A                               0.750000    1.088957   -0.338957 (VIOLATED)
_15335_/A1                              0.750000    1.088957   -0.338957 (VIOLATED)
_15488_/A1                              0.750000    1.088957   -0.338957 (VIOLATED)
_15590_/B                               0.750000    1.088957   -0.338957 (VIOLATED)
_15594_/A1                              0.750000    1.088957   -0.338957 (VIOLATED)
_15609_/A2                              0.750000    1.088957   -0.338957 (VIOLATED)
_15652_/A1                              0.750000    1.088957   -0.338957 (VIOLATED)
_15667_/A1                              0.750000    1.088957   -0.338957 (VIOLATED)
_17634_/A0                              0.750000    1.088957   -0.338957 (VIOLATED)
_18913_/Q                               0.750000    1.088957   -0.338957 (VIOLATED)
_12490_/A                               0.750000    1.088389   -0.338389 (VIOLATED)
_17927_/A1                              0.750000    1.088389   -0.338389 (VIOLATED)
_19016_/Q                               0.750000    1.088389   -0.338389 (VIOLATED)
_14658_/A                               0.750000    1.083313   -0.333313 (VIOLATED)
_15346_/B2                              0.750000    1.083313   -0.333313 (VIOLATED)
_15470_/A1                              0.750000    1.083313   -0.333313 (VIOLATED)
_14649_/B                               0.750000    1.083312   -0.333312 (VIOLATED)
_15484_/A                               0.750000    1.083312   -0.333312 (VIOLATED)
_15477_/A                               0.750000    1.083311   -0.333311 (VIOLATED)
_14654_/A                               0.750000    1.083310   -0.333310 (VIOLATED)
_14675_/A1                              0.750000    1.083309   -0.333309 (VIOLATED)
_15211_/A                               0.750000    1.083309   -0.333309 (VIOLATED)
_15612_/C1                              0.750000    1.083310   -0.333310 (VIOLATED)
_15662_/B1                              0.750000    1.083310   -0.333310 (VIOLATED)
_15610_/C1                              0.750000    1.083309   -0.333309 (VIOLATED)
_15485_/C1                              0.750000    1.083308   -0.333308 (VIOLATED)
_14651_/A                               0.750000    1.083307   -0.333307 (VIOLATED)
_14664_/C1                              0.750000    1.083308   -0.333308 (VIOLATED)
_14641_/C1                              0.750000    1.083307   -0.333307 (VIOLATED)
_15069_/A                               0.750000    1.083306   -0.333306 (VIOLATED)
_15332_/B1                              0.750000    1.083307   -0.333307 (VIOLATED)
_15333_/A1                              0.750000    1.083307   -0.333307 (VIOLATED)
_14849_/B2                              0.750000    1.083305   -0.333305 (VIOLATED)
_15218_/B2                              0.750000    1.083305   -0.333305 (VIOLATED)
_14845_/A1                              0.750000    1.083303   -0.333303 (VIOLATED)
_15064_/A1                              0.750000    1.083302   -0.333302 (VIOLATED)
_15087_/C1                              0.750000    1.083302   -0.333302 (VIOLATED)
_14833_/B1                              0.750000    1.083301   -0.333301 (VIOLATED)
_14832_/A                               0.750000    1.083301   -0.333301 (VIOLATED)
_14618_/D1                              0.750000    1.083300   -0.333300 (VIOLATED)
_15655_/A                               0.750000    1.083299   -0.333299 (VIOLATED)
_15663_/A1                              0.750000    1.083299   -0.333299 (VIOLATED)
_15668_/B1                              0.750000    1.083299   -0.333299 (VIOLATED)
_15358_/B1                              0.750000    1.083297   -0.333297 (VIOLATED)
_15357_/C1                              0.750000    1.083297   -0.333297 (VIOLATED)
_14628_/A                               0.750000    1.083296   -0.333296 (VIOLATED)
_15339_/A                               0.750000    1.083296   -0.333296 (VIOLATED)
_09456_/A                               0.750000    1.083295   -0.333295 (VIOLATED)
_14829_/B1                              0.750000    1.083295   -0.333295 (VIOLATED)
_15073_/B1                              0.750000    1.083295   -0.333295 (VIOLATED)
_15670_/A                               0.750000    1.083295   -0.333295 (VIOLATED)
_14694_/A                               0.750000    1.083294   -0.333294 (VIOLATED)
_15084_/B1                              0.750000    1.083295   -0.333295 (VIOLATED)
_14652_/A_N                             0.750000    1.083294   -0.333294 (VIOLATED)
_14698_/D1                              0.750000    1.083293   -0.333293 (VIOLATED)
_14712_/A1                              0.750000    1.083292   -0.333293 (VIOLATED)
_15210_/A1                              0.750000    1.083293   -0.333293 (VIOLATED)
_14707_/B1                              0.750000    1.083290   -0.333290 (VIOLATED)
_15075_/B1                              0.750000    1.083290   -0.333290 (VIOLATED)
_15070_/B1                              0.750000    1.083289   -0.333289 (VIOLATED)
_15068_/A                               0.750000    1.083288   -0.333288 (VIOLATED)
_15052_/B1                              0.750000    1.083285   -0.333285 (VIOLATED)
_15062_/B1                              0.750000    1.083284   -0.333284 (VIOLATED)
_15089_/A                               0.750000    1.083284   -0.333284 (VIOLATED)
_15224_/C1                              0.750000    1.083284   -0.333284 (VIOLATED)
_15590_/A                               0.750000    1.083284   -0.333284 (VIOLATED)
_15591_/A                               0.750000    1.083284   -0.333284 (VIOLATED)
_15594_/C1                              0.750000    1.083284   -0.333284 (VIOLATED)
_15353_/C1                              0.750000    1.083283   -0.333283 (VIOLATED)
_15604_/B2                              0.750000    1.083283   -0.333283 (VIOLATED)
_15607_/A1                              0.750000    1.083283   -0.333283 (VIOLATED)
_14687_/B1                              0.750000    1.083282   -0.333282 (VIOLATED)
_14828_/C1                              0.750000    1.083282   -0.333282 (VIOLATED)
_14840_/B2                              0.750000    1.083282   -0.333282 (VIOLATED)
_14858_/A1                              0.750000    1.083282   -0.333282 (VIOLATED)
_15088_/A                               0.750000    1.083282   -0.333282 (VIOLATED)
_15222_/A                               0.750000    1.083282   -0.333282 (VIOLATED)
_15228_/C1                              0.750000    1.083282   -0.333282 (VIOLATED)
_17637_/A0                              0.750000    1.083282   -0.333282 (VIOLATED)
_18914_/Q                               0.750000    1.083282   -0.333282 (VIOLATED)
_14544_/A                               0.750000    1.061021   -0.311021 (VIOLATED)
_14547_/A                               0.750000    1.061020   -0.311020 (VIOLATED)
_14588_/A_N                             0.750000    1.061020   -0.311021 (VIOLATED)
_14860_/B1                              0.750000    1.061020   -0.311020 (VIOLATED)
_15440_/C1                              0.750000    1.061020   -0.311020 (VIOLATED)
_15120_/C1                              0.750000    1.061020   -0.311020 (VIOLATED)
_15381_/A1                              0.750000    1.061020   -0.311020 (VIOLATED)
_15373_/D                               0.750000    1.061019   -0.311019 (VIOLATED)
_14880_/A1                              0.750000    1.061019   -0.311019 (VIOLATED)
_14877_/B1                              0.750000    1.061018   -0.311018 (VIOLATED)
_14575_/C1                              0.750000    1.061017   -0.311017 (VIOLATED)
_14884_/B1                              0.750000    1.061017   -0.311017 (VIOLATED)
_15692_/A1                              0.750000    1.061017   -0.311017 (VIOLATED)
_09463_/A                               0.750000    1.061016   -0.311016 (VIOLATED)
_15682_/C1                              0.750000    1.061016   -0.311016 (VIOLATED)
_15684_/A                               0.750000    1.061015   -0.311015 (VIOLATED)
_15200_/A1                              0.750000    1.061015   -0.311015 (VIOLATED)
_15444_/A1                              0.750000    1.061014   -0.311014 (VIOLATED)
_14593_/A1                              0.750000    1.061012   -0.311012 (VIOLATED)
_15117_/B1                              0.750000    1.061012   -0.311012 (VIOLATED)
_15698_/B1                              0.750000    1.061012   -0.311012 (VIOLATED)
_14868_/B1                              0.750000    1.061010   -0.311010 (VIOLATED)
_15462_/B2                              0.750000    1.061010   -0.311011 (VIOLATED)
_14563_/B1                              0.750000    1.061010   -0.311010 (VIOLATED)
_14579_/C1                              0.750000    1.061010   -0.311010 (VIOLATED)
_15622_/A1                              0.750000    1.061009   -0.311009 (VIOLATED)
_15701_/A                               0.750000    1.061010   -0.311010 (VIOLATED)
_15371_/B1                              0.750000    1.061009   -0.311009 (VIOLATED)
_15372_/A1                              0.750000    1.061009   -0.311009 (VIOLATED)
_15445_/A                               0.750000    1.061009   -0.311009 (VIOLATED)
_14586_/A1                              0.750000    1.061008   -0.311008 (VIOLATED)
_15107_/C1                              0.750000    1.061007   -0.311007 (VIOLATED)
_15459_/B1                              0.750000    1.061006   -0.311006 (VIOLATED)
_15460_/C1                              0.750000    1.061003   -0.311003 (VIOLATED)
_15456_/C1                              0.750000    1.061002   -0.311002 (VIOLATED)
_15641_/C1                              0.750000    1.061002   -0.311002 (VIOLATED)
_15642_/A1                              0.750000    1.061002   -0.311002 (VIOLATED)
_14548_/A                               0.750000    1.060993   -0.310993 (VIOLATED)
_15124_/A1                              0.750000    1.060993   -0.310993 (VIOLATED)
_15100_/C1                              0.750000    1.060992   -0.310992 (VIOLATED)
_15703_/C1                              0.750000    1.060993   -0.310993 (VIOLATED)
_15704_/A1                              0.750000    1.060993   -0.310993 (VIOLATED)
_14518_/B1                              0.750000    1.060992   -0.310992 (VIOLATED)
_14528_/C1                              0.750000    1.060992   -0.310992 (VIOLATED)
_15386_/B1                              0.750000    1.060992   -0.310992 (VIOLATED)
_14537_/B1                              0.750000    1.060984   -0.310984 (VIOLATED)
_14895_/B1                              0.750000    1.060984   -0.310984 (VIOLATED)
_15115_/A1                              0.750000    1.060984   -0.310984 (VIOLATED)
_15123_/C1                              0.750000    1.060984   -0.310984 (VIOLATED)
_15131_/B1                              0.750000    1.060984   -0.310984 (VIOLATED)
_15181_/A1                              0.750000    1.060984   -0.310984 (VIOLATED)
_15183_/B1                              0.750000    1.060984   -0.310984 (VIOLATED)
_15186_/D1                              0.750000    1.060984   -0.310984 (VIOLATED)
_15190_/B2                              0.750000    1.060984   -0.310984 (VIOLATED)
_15199_/C1                              0.750000    1.060984   -0.310984 (VIOLATED)
_15392_/A                               0.750000    1.060984   -0.310984 (VIOLATED)
_15435_/B1                              0.750000    1.060984   -0.310984 (VIOLATED)
_15451_/C1                              0.750000    1.060984   -0.310984 (VIOLATED)
_15617_/C1                              0.750000    1.060984   -0.310984 (VIOLATED)
_15625_/B2                              0.750000    1.060984   -0.310984 (VIOLATED)
_15634_/C1                              0.750000    1.060984   -0.310984 (VIOLATED)
_15638_/C1                              0.750000    1.060984   -0.310984 (VIOLATED)
_17515_/A0                              0.750000    1.060984   -0.310984 (VIOLATED)
_18874_/Q                               0.750000    1.060984   -0.310984 (VIOLATED)
_16526_/A1                              0.750000    1.039484   -0.289484 (VIOLATED)
_16345_/A1                              0.750000    1.039482   -0.289482 (VIOLATED)
_16271_/B                               0.750000    1.039477   -0.289477 (VIOLATED)
_16260_/B                               0.750000    1.039476   -0.289476 (VIOLATED)
_16329_/A2                              0.750000    1.039476   -0.289476 (VIOLATED)
_16657_/A1                              0.750000    1.039474   -0.289474 (VIOLATED)
_16307_/B                               0.750000    1.039464   -0.289464 (VIOLATED)
_16648_/A                               0.750000    1.039463   -0.289463 (VIOLATED)
_16314_/B                               0.750000    1.039462   -0.289462 (VIOLATED)
_16272_/B                               0.750000    1.039462   -0.289462 (VIOLATED)
_16815_/A1                              0.750000    1.039461   -0.289461 (VIOLATED)
_16263_/A_N                             0.750000    1.039460   -0.289460 (VIOLATED)
_16256_/B                               0.750000    1.039460   -0.289460 (VIOLATED)
_16310_/B                               0.750000    1.039449   -0.289449 (VIOLATED)
_17119_/A1                              0.750000    1.039449   -0.289449 (VIOLATED)
_16317_/A2                              0.750000    1.039440   -0.289440 (VIOLATED)
_16315_/B                               0.750000    1.039431   -0.289431 (VIOLATED)
_16325_/B                               0.750000    1.039412   -0.289412 (VIOLATED)
_16328_/A2                              0.750000    1.039411   -0.289411 (VIOLATED)
_16277_/A_N                             0.750000    1.039405   -0.289405 (VIOLATED)
_16324_/B                               0.750000    1.039405   -0.289405 (VIOLATED)
_16259_/B                               0.750000    1.039389   -0.289389 (VIOLATED)
_16634_/A1                              0.750000    1.039373   -0.289373 (VIOLATED)
_16320_/A                               0.750000    1.039349   -0.289349 (VIOLATED)
_16284_/B                               0.750000    1.039336   -0.289336 (VIOLATED)
_16309_/B                               0.750000    1.039335   -0.289335 (VIOLATED)
_16257_/A_N                             0.750000    1.039329   -0.289329 (VIOLATED)
_16308_/B                               0.750000    1.039286   -0.289286 (VIOLATED)
_16304_/A2                              0.750000    1.039160   -0.289160 (VIOLATED)
_16262_/A_N                             0.750000    1.039100   -0.289100 (VIOLATED)
_16525_/A1                              0.750000    1.038973   -0.288973 (VIOLATED)
_17241_/C_N                             0.750000    1.038877   -0.288877 (VIOLATED)
_16276_/A                               0.750000    1.038876   -0.288876 (VIOLATED)
_16302_/A_N                             0.750000    1.038874   -0.288874 (VIOLATED)
_16255_/B                               0.750000    1.038872   -0.288872 (VIOLATED)
_16327_/B                               0.750000    1.038866   -0.288866 (VIOLATED)
_16333_/B                               0.750000    1.038853   -0.288853 (VIOLATED)
_17116_/A1                              0.750000    1.038716   -0.288716 (VIOLATED)
_16319_/A                               0.750000    1.038622   -0.288623 (VIOLATED)
_16332_/B                               0.750000    1.038622   -0.288622 (VIOLATED)
_16316_/A2                              0.750000    1.038570   -0.288570 (VIOLATED)
_16258_/A_N                             0.750000    1.038549   -0.288549 (VIOLATED)
_16275_/C_N                             0.750000    1.038519   -0.288519 (VIOLATED)
_17725_/A1                              0.750000    1.035671   -0.285671 (VIOLATED)
_18943_/Q                               0.750000    1.035671   -0.285671 (VIOLATED)
_09650_/C_N                             0.750000    1.024295   -0.274295 (VIOLATED)
_09651_/C_N                             0.750000    1.024295   -0.274295 (VIOLATED)
_09663_/A2                              0.750000    1.024294   -0.274294 (VIOLATED)
_09675_/A_N                             0.750000    1.024293   -0.274293 (VIOLATED)
_09661_/B                               0.750000    1.024293   -0.274293 (VIOLATED)
_09625_/B                               0.750000    1.024291   -0.274291 (VIOLATED)
_09679_/B                               0.750000    1.024291   -0.274291 (VIOLATED)
_09648_/B                               0.750000    1.024287   -0.274287 (VIOLATED)
_09719_/C                               0.750000    1.024276   -0.274276 (VIOLATED)
_09369_/A                               0.750000    1.024258   -0.274258 (VIOLATED)
_09626_/A_N                             0.750000    1.024256   -0.274256 (VIOLATED)
_09659_/B                               0.750000    1.024254   -0.274254 (VIOLATED)
_09622_/B                               0.750000    1.024246   -0.274246 (VIOLATED)
_09688_/A                               0.750000    1.024225   -0.274225 (VIOLATED)
_09761_/A2                              0.750000    1.024191   -0.274191 (VIOLATED)
_09736_/B2                              0.750000    1.024165   -0.274165 (VIOLATED)
_09686_/B                               0.750000    1.024143   -0.274143 (VIOLATED)
_10422_/A2                              0.750000    1.024142   -0.274142 (VIOLATED)
_09747_/A1                              0.750000    1.024140   -0.274140 (VIOLATED)
_09619_/B                               0.750000    1.024138   -0.274138 (VIOLATED)
_09685_/B                               0.750000    1.024136   -0.274136 (VIOLATED)
_09649_/B                               0.750000    1.024110   -0.274111 (VIOLATED)
_09677_/C                               0.750000    1.024055   -0.274055 (VIOLATED)
_09660_/B                               0.750000    1.024054   -0.274054 (VIOLATED)
_09627_/A_N                             0.750000    1.024032   -0.274032 (VIOLATED)
_09724_/A1                              0.750000    1.024031   -0.274031 (VIOLATED)
_09640_/A2                              0.750000    1.024030   -0.274030 (VIOLATED)
_09667_/A_N                             0.750000    1.024027   -0.274027 (VIOLATED)
_09770_/A1                              0.750000    1.024020   -0.274020 (VIOLATED)
_11008_/B2                              0.750000    1.024020   -0.274020 (VIOLATED)
_09621_/B                               0.750000    1.024014   -0.274014 (VIOLATED)
_09620_/B                               0.750000    1.023999   -0.273999 (VIOLATED)
_09704_/A1                              0.750000    1.023994   -0.273994 (VIOLATED)
_11180_/A                               0.750000    1.023994   -0.273994 (VIOLATED)
_09722_/A2                              0.750000    1.023993   -0.273993 (VIOLATED)
_09631_/B                               0.750000    1.023976   -0.273977 (VIOLATED)
_09658_/B                               0.750000    1.023975   -0.273975 (VIOLATED)
_09630_/B                               0.750000    1.023973   -0.273973 (VIOLATED)
_09705_/B                               0.750000    1.023969   -0.273969 (VIOLATED)
_09623_/B                               0.750000    1.023965   -0.273965 (VIOLATED)
_09731_/A2                              0.750000    1.023965   -0.273965 (VIOLATED)
_09676_/A_N                             0.750000    1.023950   -0.273950 (VIOLATED)
_11022_/A1                              0.750000    1.023932   -0.273932 (VIOLATED)
_09624_/B                               0.750000    1.023911   -0.273911 (VIOLATED)
_17580_/A0                              0.750000    1.023215   -0.273215 (VIOLATED)
_18895_/Q                               0.750000    1.023215   -0.273215 (VIOLATED)
_14386_/B                               0.750000    1.021307   -0.271307 (VIOLATED)
_14393_/C                               0.750000    1.021307   -0.271307 (VIOLATED)
_14403_/A2                              0.750000    1.021307   -0.271307 (VIOLATED)
_14413_/B                               0.750000    1.021307   -0.271307 (VIOLATED)
_14454_/C                               0.750000    1.021307   -0.271307 (VIOLATED)
_14414_/A_N                             0.750000    1.021307   -0.271307 (VIOLATED)
_14407_/B                               0.750000    1.021305   -0.271305 (VIOLATED)
_14423_/A2                              0.750000    1.021304   -0.271305 (VIOLATED)
_14418_/C                               0.750000    1.021304   -0.271304 (VIOLATED)
_14402_/A2                              0.750000    1.021303   -0.271303 (VIOLATED)
_14388_/A                               0.750000    1.021299   -0.271299 (VIOLATED)
_14463_/A                               0.750000    1.021295   -0.271295 (VIOLATED)
_14375_/B                               0.750000    1.021294   -0.271294 (VIOLATED)
_14721_/A                               0.750000    1.021294   -0.271295 (VIOLATED)
_14389_/C_N                             0.750000    1.021294   -0.271294 (VIOLATED)
_14377_/A                               0.750000    1.021290   -0.271290 (VIOLATED)
_14447_/C_N                             0.750000    1.021290   -0.271290 (VIOLATED)
_15302_/A1                              0.750000    1.021290   -0.271290 (VIOLATED)
_14374_/B                               0.750000    1.021289   -0.271289 (VIOLATED)
_14411_/A2                              0.750000    1.021289   -0.271289 (VIOLATED)
_14392_/A_N                             0.750000    1.021288   -0.271288 (VIOLATED)
_14395_/B                               0.750000    1.021288   -0.271288 (VIOLATED)
_14396_/B                               0.750000    1.021288   -0.271288 (VIOLATED)
_14416_/B                               0.750000    1.021288   -0.271288 (VIOLATED)
_14444_/A1                              0.750000    1.021288   -0.271288 (VIOLATED)
_15021_/B                               0.750000    1.021288   -0.271288 (VIOLATED)
_14420_/A                               0.750000    1.021286   -0.271286 (VIOLATED)
_15511_/B2                              0.750000    1.021286   -0.271287 (VIOLATED)
_14401_/B                               0.750000    1.021285   -0.271285 (VIOLATED)
_14391_/A_N                             0.750000    1.021285   -0.271285 (VIOLATED)
_14446_/C_N                             0.750000    1.021283   -0.271283 (VIOLATED)
_14432_/A2                              0.750000    1.021283   -0.271283 (VIOLATED)
_14429_/A1                              0.750000    1.021280   -0.271280 (VIOLATED)
_14387_/B                               0.750000    1.021278   -0.271278 (VIOLATED)
_14456_/A1                              0.750000    1.021277   -0.271277 (VIOLATED)
_14415_/B                               0.750000    1.021275   -0.271275 (VIOLATED)
_14406_/B                               0.750000    1.021272   -0.271272 (VIOLATED)
_14373_/B                               0.750000    1.021269   -0.271269 (VIOLATED)
_14378_/A                               0.750000    1.021269   -0.271269 (VIOLATED)
_14379_/A                               0.750000    1.021269   -0.271269 (VIOLATED)
_14390_/A1                              0.750000    1.021269   -0.271269 (VIOLATED)
_14394_/C                               0.750000    1.021269   -0.271269 (VIOLATED)
_14397_/B                               0.750000    1.021269   -0.271269 (VIOLATED)
_14398_/A1                              0.750000    1.021269   -0.271269 (VIOLATED)
_14412_/A1                              0.750000    1.021269   -0.271269 (VIOLATED)
_14417_/C                               0.750000    1.021269   -0.271269 (VIOLATED)
_14431_/B                               0.750000    1.021269   -0.271269 (VIOLATED)
_14433_/A2                              0.750000    1.021269   -0.271269 (VIOLATED)
_14439_/A2                              0.750000    1.021269   -0.271269 (VIOLATED)
_14720_/A1                              0.750000    1.021269   -0.271269 (VIOLATED)
_14722_/A1                              0.750000    1.021269   -0.271269 (VIOLATED)
_14727_/A                               0.750000    1.021269   -0.271269 (VIOLATED)
_14923_/A_N                             0.750000    1.021269   -0.271269 (VIOLATED)
_15024_/A1                              0.750000    1.021269   -0.271269 (VIOLATED)
_15029_/A1                              0.750000    1.021269   -0.271269 (VIOLATED)
_15560_/A1                              0.750000    1.021269   -0.271269 (VIOLATED)
_17755_/A0                              0.750000    1.021269   -0.271269 (VIOLATED)
_18952_/Q                               0.750000    1.021269   -0.271269 (VIOLATED)
_12273_/B                               0.750000    1.019728   -0.269728 (VIOLATED)
_12323_/A                               0.750000    1.019728   -0.269728 (VIOLATED)
_12334_/A                               0.750000    1.019727   -0.269727 (VIOLATED)
_12281_/B                               0.750000    1.019725   -0.269725 (VIOLATED)
_12342_/A1                              0.750000    1.019724   -0.269724 (VIOLATED)
_12393_/A1                              0.750000    1.019717   -0.269717 (VIOLATED)
_12430_/B                               0.750000    1.019696   -0.269696 (VIOLATED)
_12406_/A1                              0.750000    1.019688   -0.269688 (VIOLATED)
_12458_/C_N                             0.750000    1.019683   -0.269684 (VIOLATED)
_12405_/A1                              0.750000    1.019678   -0.269679 (VIOLATED)
_12282_/B                               0.750000    1.019678   -0.269678 (VIOLATED)
_12319_/A                               0.750000    1.019676   -0.269677 (VIOLATED)
_12352_/A                               0.750000    1.019677   -0.269677 (VIOLATED)
_12322_/A                               0.750000    1.019675   -0.269675 (VIOLATED)
_12295_/A_N                             0.750000    1.019600   -0.269600 (VIOLATED)
_12320_/A_N                             0.750000    1.019591   -0.269591 (VIOLATED)
_12286_/A                               0.750000    1.019567   -0.269567 (VIOLATED)
_12333_/A1                              0.750000    1.019566   -0.269566 (VIOLATED)
_12350_/B                               0.750000    1.019563   -0.269563 (VIOLATED)
_12330_/A                               0.750000    1.019554   -0.269554 (VIOLATED)
_12275_/B                               0.750000    1.019541   -0.269541 (VIOLATED)
_12308_/A                               0.750000    1.019529   -0.269529 (VIOLATED)
_12403_/A1                              0.750000    1.019526   -0.269526 (VIOLATED)
_12272_/B                               0.750000    1.019524   -0.269524 (VIOLATED)
_12353_/A                               0.750000    1.019521   -0.269521 (VIOLATED)
_12280_/B                               0.750000    1.019520   -0.269520 (VIOLATED)
_12305_/B                               0.750000    1.019519   -0.269519 (VIOLATED)
_12341_/A                               0.750000    1.019517   -0.269517 (VIOLATED)
_12287_/A                               0.750000    1.019516   -0.269517 (VIOLATED)
_12279_/A_N                             0.750000    1.019516   -0.269516 (VIOLATED)
_12354_/C_N                             0.750000    1.019515   -0.269515 (VIOLATED)
_12283_/B                               0.750000    1.019511   -0.269511 (VIOLATED)
_12294_/A_N                             0.750000    1.019511   -0.269511 (VIOLATED)
_12362_/A2                              0.750000    1.019509   -0.269509 (VIOLATED)
_12431_/A                               0.750000    1.019507   -0.269507 (VIOLATED)
_12331_/A_N                             0.750000    1.019496   -0.269496 (VIOLATED)
_12348_/A2                              0.750000    1.019482   -0.269482 (VIOLATED)
_12388_/A                               0.750000    1.019469   -0.269469 (VIOLATED)
_12335_/A                               0.750000    1.019438   -0.269438 (VIOLATED)
_12274_/B                               0.750000    1.019422   -0.269422 (VIOLATED)
_12278_/B                               0.750000    1.019418   -0.269418 (VIOLATED)
_12007_/A                               0.750000    1.018656   -0.268656 (VIOLATED)
_17909_/A1                              0.750000    1.018656   -0.268656 (VIOLATED)
_19007_/Q                               0.750000    1.018656   -0.268656 (VIOLATED)
_12858_/B                               0.750000    1.017813   -0.267813 (VIOLATED)
_12862_/A_N                             0.750000    1.017813   -0.267813 (VIOLATED)
_13296_/B1                              0.750000    1.017813   -0.267813 (VIOLATED)
_13953_/A                               0.750000    1.017813   -0.267813 (VIOLATED)
_12878_/B1_N                            0.750000    1.017812   -0.267812 (VIOLATED)
_13873_/A1                              0.750000    1.017812   -0.267812 (VIOLATED)
_13867_/A                               0.750000    1.017812   -0.267812 (VIOLATED)
_13708_/A                               0.750000    1.017811   -0.267811 (VIOLATED)
_12892_/C1                              0.750000    1.017810   -0.267810 (VIOLATED)
_13713_/A1                              0.750000    1.017810   -0.267810 (VIOLATED)
_12893_/A                               0.750000    1.017809   -0.267809 (VIOLATED)
_13457_/A2                              0.750000    1.017809   -0.267809 (VIOLATED)
_13458_/A                               0.750000    1.017804   -0.267804 (VIOLATED)
_13459_/A1                              0.750000    1.017799   -0.267799 (VIOLATED)
_09433_/A                               0.750000    1.017797   -0.267797 (VIOLATED)
_12860_/A_N                             0.750000    1.017797   -0.267797 (VIOLATED)
_12903_/B                               0.750000    1.017796   -0.267796 (VIOLATED)
_13650_/A1                              0.750000    1.017796   -0.267796 (VIOLATED)
_12909_/B1                              0.750000    1.017795   -0.267795 (VIOLATED)
_13959_/A1                              0.750000    1.017795   -0.267795 (VIOLATED)
_12908_/B1                              0.750000    1.017795   -0.267795 (VIOLATED)
_12891_/A                               0.750000    1.017794   -0.267794 (VIOLATED)
_13647_/A1                              0.750000    1.017793   -0.267793 (VIOLATED)
_13955_/A1                              0.750000    1.017793   -0.267793 (VIOLATED)
_12875_/B                               0.750000    1.017791   -0.267791 (VIOLATED)
_12923_/B2                              0.750000    1.017790   -0.267790 (VIOLATED)
_13313_/C1                              0.750000    1.017790   -0.267790 (VIOLATED)
_13950_/C1                              0.750000    1.017788   -0.267788 (VIOLATED)
_13478_/B1                              0.750000    1.017787   -0.267787 (VIOLATED)
_13633_/B1                              0.750000    1.017786   -0.267786 (VIOLATED)
_13967_/A1                              0.750000    1.017786   -0.267786 (VIOLATED)
_13634_/B2                              0.750000    1.017783   -0.267783 (VIOLATED)
_12943_/B1                              0.750000    1.017782   -0.267782 (VIOLATED)
_13699_/A1                              0.750000    1.017781   -0.267781 (VIOLATED)
_13301_/A1                              0.750000    1.017780   -0.267780 (VIOLATED)
_13875_/B                               0.750000    1.017772   -0.267772 (VIOLATED)
_12863_/B                               0.750000    1.017767   -0.267767 (VIOLATED)
_12901_/B                               0.750000    1.017767   -0.267767 (VIOLATED)
_13648_/C1                              0.750000    1.017766   -0.267766 (VIOLATED)
_13653_/A2                              0.750000    1.017766   -0.267766 (VIOLATED)
_12864_/A                               0.750000    1.017761   -0.267761 (VIOLATED)
_12866_/A                               0.750000    1.017761   -0.267761 (VIOLATED)
_12930_/A                               0.750000    1.017761   -0.267761 (VIOLATED)
_12904_/B                               0.750000    1.017761   -0.267761 (VIOLATED)
_12926_/B1                              0.750000    1.017760   -0.267760 (VIOLATED)
_12840_/B                               0.750000    1.017760   -0.267760 (VIOLATED)
_12914_/A                               0.750000    1.017760   -0.267760 (VIOLATED)
_12859_/B                               0.750000    1.017759   -0.267759 (VIOLATED)
_12876_/B                               0.750000    1.017759   -0.267759 (VIOLATED)
_12877_/B                               0.750000    1.017759   -0.267759 (VIOLATED)
_13484_/A3                              0.750000    1.017757   -0.267757 (VIOLATED)
_12927_/A                               0.750000    1.017756   -0.267756 (VIOLATED)
_12938_/A1                              0.750000    1.017756   -0.267756 (VIOLATED)
_12936_/A                               0.750000    1.017756   -0.267756 (VIOLATED)
_12937_/A                               0.750000    1.017756   -0.267756 (VIOLATED)
_13303_/A                               0.750000    1.017751   -0.267751 (VIOLATED)
_12861_/A_N                             0.750000    1.017749   -0.267749 (VIOLATED)
_12865_/A_N                             0.750000    1.017749   -0.267749 (VIOLATED)
_17537_/A0                              0.750000    1.017748   -0.267748 (VIOLATED)
_18881_/Q                               0.750000    1.017748   -0.267748 (VIOLATED)
_09953_/B                               0.750000    1.005886   -0.255886 (VIOLATED)
_09885_/B                               0.750000    1.005885   -0.255885 (VIOLATED)
_09955_/A2                              0.750000    1.005885   -0.255885 (VIOLATED)
_09898_/A_N                             0.750000    1.005884   -0.255884 (VIOLATED)
_09903_/A2                              0.750000    1.005884   -0.255884 (VIOLATED)
_09886_/B                               0.750000    1.005880   -0.255880 (VIOLATED)
_09905_/C_N                             0.750000    1.005876   -0.255876 (VIOLATED)
_09892_/B                               0.750000    1.005871   -0.255871 (VIOLATED)
_09987_/A                               0.750000    1.005871   -0.255871 (VIOLATED)
_09897_/A_N                             0.750000    1.005869   -0.255869 (VIOLATED)
_09878_/B                               0.750000    1.005868   -0.255868 (VIOLATED)
_09900_/B                               0.750000    1.005859   -0.255859 (VIOLATED)
_09884_/B                               0.750000    1.005835   -0.255835 (VIOLATED)
_09899_/B                               0.750000    1.005829   -0.255829 (VIOLATED)
_10544_/A1                              0.750000    1.005813   -0.255813 (VIOLATED)
_10545_/A1                              0.750000    1.005811   -0.255811 (VIOLATED)
_11072_/B2                              0.750000    1.005811   -0.255811 (VIOLATED)
_09880_/A2                              0.750000    1.005808   -0.255807 (VIOLATED)
_09990_/A2                              0.750000    1.005806   -0.255807 (VIOLATED)
_09909_/A                               0.750000    1.005805   -0.255805 (VIOLATED)
_09941_/A2                              0.750000    1.005800   -0.255800 (VIOLATED)
_09904_/A_N                             0.750000    1.005795   -0.255795 (VIOLATED)
_10014_/A                               0.750000    1.005762   -0.255762 (VIOLATED)
_10012_/C_N                             0.750000    1.005759   -0.255759 (VIOLATED)
_10016_/A1                              0.750000    1.005728   -0.255728 (VIOLATED)
_10931_/A                               0.750000    1.005719   -0.255719 (VIOLATED)
_09373_/A                               0.750000    1.005716   -0.255716 (VIOLATED)
_10009_/A                               0.750000    1.005716   -0.255716 (VIOLATED)
_09891_/A                               0.750000    1.005712   -0.255712 (VIOLATED)
_09914_/A2                              0.750000    1.005710   -0.255710 (VIOLATED)
_09894_/B1                              0.750000    1.005694   -0.255694 (VIOLATED)
_09933_/B                               0.750000    1.005630   -0.255630 (VIOLATED)
_09945_/A                               0.750000    1.005582   -0.255582 (VIOLATED)
_09928_/C                               0.750000    1.005517   -0.255517 (VIOLATED)
_10017_/A2                              0.750000    1.005517   -0.255517 (VIOLATED)
_09924_/C                               0.750000    1.005516   -0.255516 (VIOLATED)
_11245_/A1                              0.750000    1.005513   -0.255513 (VIOLATED)
_09912_/A                               0.750000    1.005507   -0.255507 (VIOLATED)
_09910_/A                               0.750000    1.005480   -0.255480 (VIOLATED)
_09950_/A                               0.750000    1.005436   -0.255436 (VIOLATED)
_09879_/B                               0.750000    1.005424   -0.255424 (VIOLATED)
_09926_/B                               0.750000    1.005381   -0.255381 (VIOLATED)
_09927_/B                               0.750000    1.005345   -0.255345 (VIOLATED)
_09906_/C_N                             0.750000    1.005260   -0.255260 (VIOLATED)
_09960_/C                               0.750000    1.005252   -0.255252 (VIOLATED)
_09969_/B                               0.750000    1.005252   -0.255252 (VIOLATED)
_09887_/B                               0.750000    1.005251   -0.255251 (VIOLATED)
_17559_/A0                              0.750000    1.004571   -0.254571 (VIOLATED)
_18888_/Q                               0.750000    1.004571   -0.254571 (VIOLATED)
_11455_/B                               0.750000    0.986524   -0.236524 (VIOLATED)
_11432_/A_N                             0.750000    0.986523   -0.236523 (VIOLATED)
_11480_/A1                              0.750000    0.986522   -0.236522 (VIOLATED)
_11449_/B                               0.750000    0.986521   -0.236521 (VIOLATED)
_11422_/B                               0.750000    0.986520   -0.236520 (VIOLATED)
_11444_/A                               0.750000    0.986520   -0.236520 (VIOLATED)
_11475_/B                               0.750000    0.986520   -0.236520 (VIOLATED)
_11488_/B                               0.750000    0.986510   -0.236510 (VIOLATED)
_11476_/B                               0.750000    0.986509   -0.236509 (VIOLATED)
_13028_/B1                              0.750000    0.986504   -0.236504 (VIOLATED)
_13492_/B1                              0.750000    0.986504   -0.236504 (VIOLATED)
_13495_/A1                              0.750000    0.986504   -0.236504 (VIOLATED)
_13589_/C1                              0.750000    0.986504   -0.236504 (VIOLATED)
_13981_/C1                              0.750000    0.986504   -0.236504 (VIOLATED)
_13991_/C1                              0.750000    0.986504   -0.236504 (VIOLATED)
_13336_/C1                              0.750000    0.986503   -0.236503 (VIOLATED)
_13027_/A                               0.750000    0.986502   -0.236502 (VIOLATED)
_13498_/B1                              0.750000    0.986502   -0.236502 (VIOLATED)
_13011_/A1                              0.750000    0.986501   -0.236501 (VIOLATED)
_13030_/B2                              0.750000    0.986500   -0.236500 (VIOLATED)
_13000_/A                               0.750000    0.986500   -0.236500 (VIOLATED)
_13040_/A1                              0.750000    0.986500   -0.236500 (VIOLATED)
_13504_/A1                              0.750000    0.986500   -0.236500 (VIOLATED)
_13506_/B                               0.750000    0.986500   -0.236500 (VIOLATED)
_13896_/C1                              0.750000    0.986500   -0.236500 (VIOLATED)
_13902_/B1                              0.750000    0.986500   -0.236500 (VIOLATED)
_13019_/B1                              0.750000    0.986499   -0.236499 (VIOLATED)
_13573_/B2                              0.750000    0.986499   -0.236499 (VIOLATED)
_13997_/C1                              0.750000    0.986499   -0.236499 (VIOLATED)
_13998_/C1                              0.750000    0.986498   -0.236498 (VIOLATED)
_13004_/A1                              0.750000    0.986498   -0.236498 (VIOLATED)
_13525_/B1                              0.750000    0.986497   -0.236497 (VIOLATED)
_12994_/A1                              0.750000    0.986497   -0.236497 (VIOLATED)
_13045_/C1                              0.750000    0.986496   -0.236496 (VIOLATED)
_13046_/A1                              0.750000    0.986495   -0.236495 (VIOLATED)
_13521_/D1                              0.750000    0.986493   -0.236493 (VIOLATED)
_13049_/A                               0.750000    0.986493   -0.236493 (VIOLATED)
_09437_/A                               0.750000    0.986492   -0.236492 (VIOLATED)
_13052_/A1                              0.750000    0.986492   -0.236492 (VIOLATED)
_13334_/A_N                             0.750000    0.986492   -0.236492 (VIOLATED)
_13345_/A                               0.750000    0.986492   -0.236492 (VIOLATED)
_13347_/A1                              0.750000    0.986492   -0.236492 (VIOLATED)
_13350_/B1                              0.750000    0.986492   -0.236492 (VIOLATED)
_13352_/C1                              0.750000    0.986492   -0.236492 (VIOLATED)
_13355_/B1                              0.750000    0.986492   -0.236492 (VIOLATED)
_13359_/B                               0.750000    0.986492   -0.236492 (VIOLATED)
_13368_/C1                              0.750000    0.986492   -0.236492 (VIOLATED)
_13370_/B                               0.750000    0.986492   -0.236492 (VIOLATED)
_13381_/A2                              0.750000    0.986492   -0.236492 (VIOLATED)
_13505_/B                               0.750000    0.986492   -0.236492 (VIOLATED)
_13514_/A                               0.750000    0.986492   -0.236492 (VIOLATED)
_13524_/C1                              0.750000    0.986492   -0.236492 (VIOLATED)
_13582_/A1                              0.750000    0.986492   -0.236492 (VIOLATED)
_13596_/C1                              0.750000    0.986492   -0.236492 (VIOLATED)
_13733_/B                               0.750000    0.986492   -0.236492 (VIOLATED)
_13735_/A1                              0.750000    0.986492   -0.236492 (VIOLATED)
_13736_/A                               0.750000    0.986492   -0.236492 (VIOLATED)
_13741_/C1                              0.750000    0.986492   -0.236492 (VIOLATED)
_13752_/C1                              0.750000    0.986492   -0.236492 (VIOLATED)
_13758_/A1                              0.750000    0.986492   -0.236492 (VIOLATED)
_13760_/A1                              0.750000    0.986492   -0.236492 (VIOLATED)
_13889_/C1                              0.750000    0.986492   -0.236492 (VIOLATED)
_13995_/B1                              0.750000    0.986492   -0.236492 (VIOLATED)
_14047_/B1                              0.750000    0.986492   -0.236492 (VIOLATED)
_14056_/A1                              0.750000    0.986492   -0.236492 (VIOLATED)
_14065_/A1                              0.750000    0.986492   -0.236492 (VIOLATED)
_17814_/A0                              0.750000    0.986492   -0.236492 (VIOLATED)
_18970_/Q                               0.750000    0.986492   -0.236492 (VIOLATED)
_11420_/B                               0.750000    0.986478   -0.236478 (VIOLATED)
_11591_/A_N                             0.750000    0.986466   -0.236466 (VIOLATED)
_11451_/A                               0.750000    0.986461   -0.236461 (VIOLATED)
_11546_/B                               0.750000    0.986461   -0.236461 (VIOLATED)
_11454_/B                               0.750000    0.986460   -0.236460 (VIOLATED)
_11545_/B                               0.750000    0.986454   -0.236454 (VIOLATED)
_11469_/A                               0.750000    0.986453   -0.236453 (VIOLATED)
_11541_/A2                              0.750000    0.986453   -0.236453 (VIOLATED)
_11419_/B                               0.750000    0.986439   -0.236439 (VIOLATED)
_11431_/A_N                             0.750000    0.986430   -0.236430 (VIOLATED)
_11590_/A_N                             0.750000    0.986415   -0.236415 (VIOLATED)
_11452_/A                               0.750000    0.986384   -0.236384 (VIOLATED)
_11421_/B                               0.750000    0.986375   -0.236375 (VIOLATED)
_11427_/A_N                             0.750000    0.986375   -0.236375 (VIOLATED)
_11453_/B                               0.750000    0.986375   -0.236375 (VIOLATED)
_11497_/A                               0.750000    0.986375   -0.236375 (VIOLATED)
_11502_/A1                              0.750000    0.986373   -0.236373 (VIOLATED)
_11437_/B                               0.750000    0.986373   -0.236373 (VIOLATED)
_11656_/A1                              0.750000    0.986373   -0.236373 (VIOLATED)
_11424_/B1_N                            0.750000    0.986371   -0.236371 (VIOLATED)
_11479_/A2                              0.750000    0.986371   -0.236371 (VIOLATED)
_11769_/A1                              0.750000    0.986371   -0.236371 (VIOLATED)
_11426_/A_N                             0.750000    0.986371   -0.236371 (VIOLATED)
_11641_/A1                              0.750000    0.986371   -0.236371 (VIOLATED)
_11537_/A1                              0.750000    0.986370   -0.236370 (VIOLATED)
_11642_/A1                              0.750000    0.986366   -0.236366 (VIOLATED)
_11601_/A                               0.750000    0.986366   -0.236366 (VIOLATED)
_11436_/B                               0.750000    0.986363   -0.236363 (VIOLATED)
_11445_/A                               0.750000    0.986348   -0.236348 (VIOLATED)
_11720_/S                               0.750000    0.986348   -0.236349 (VIOLATED)
_11478_/A2                              0.750000    0.986330   -0.236330 (VIOLATED)
_11489_/B                               0.750000    0.986325   -0.236325 (VIOLATED)
_11501_/A1                              0.750000    0.986322   -0.236322 (VIOLATED)
_12304_/B                               0.750000    0.986320   -0.236320 (VIOLATED)
_12323_/B                               0.750000    0.986319   -0.236319 (VIOLATED)
_12297_/B                               0.750000    0.986319   -0.236319 (VIOLATED)
_12293_/B                               0.750000    0.986318   -0.236318 (VIOLATED)
_12342_/A2                              0.750000    0.986317   -0.236317 (VIOLATED)
_12298_/B                               0.750000    0.986316   -0.236316 (VIOLATED)
_09409_/A                               0.750000    0.986315   -0.236315 (VIOLATED)
_12286_/B                               0.750000    0.986315   -0.236315 (VIOLATED)
_12596_/A1                              0.750000    0.986313   -0.236313 (VIOLATED)
_12393_/A2                              0.750000    0.986312   -0.236312 (VIOLATED)
_12285_/A                               0.750000    0.986310   -0.236310 (VIOLATED)
_11509_/C                               0.750000    0.986291   -0.236291 (VIOLATED)
_11450_/B                               0.750000    0.986289   -0.236289 (VIOLATED)
_11463_/C_N                             0.750000    0.986288   -0.236288 (VIOLATED)
_11440_/B                               0.750000    0.986284   -0.236284 (VIOLATED)
_12430_/A_N                             0.750000    0.986282   -0.236282 (VIOLATED)
_12406_/A2                              0.750000    0.986273   -0.236273 (VIOLATED)
_11514_/C                               0.750000    0.986271   -0.236271 (VIOLATED)
_12458_/A                               0.750000    0.986268   -0.236268 (VIOLATED)
_12405_/A2                              0.750000    0.986263   -0.236263 (VIOLATED)
_12322_/B                               0.750000    0.986262   -0.236262 (VIOLATED)
_12352_/B                               0.750000    0.986261   -0.236261 (VIOLATED)
_12546_/A1                              0.750000    0.986234   -0.236234 (VIOLATED)
_12295_/B                               0.750000    0.986198   -0.236198 (VIOLATED)
_12292_/B                               0.750000    0.986196   -0.236197 (VIOLATED)
_12395_/A                               0.750000    0.986181   -0.236181 (VIOLATED)
_12499_/A1                              0.750000    0.986174   -0.236174 (VIOLATED)
_12547_/A1                              0.750000    0.986168   -0.236168 (VIOLATED)
_12563_/B2                              0.750000    0.986160   -0.236160 (VIOLATED)
_12550_/A                               0.750000    0.986149   -0.236149 (VIOLATED)
_12275_/A_N                             0.750000    0.986081   -0.236081 (VIOLATED)
_12325_/A1                              0.750000    0.986081   -0.236081 (VIOLATED)
_12386_/A1                              0.750000    0.986081   -0.236081 (VIOLATED)
_12277_/A_N                             0.750000    0.986078   -0.236078 (VIOLATED)
_12305_/C_N                             0.750000    0.986076   -0.236076 (VIOLATED)
_12353_/B                               0.750000    0.986075   -0.236075 (VIOLATED)
_12315_/A                               0.750000    0.986073   -0.236073 (VIOLATED)
_12294_/B                               0.750000    0.986072   -0.236072 (VIOLATED)
_12341_/B                               0.750000    0.986072   -0.236072 (VIOLATED)
_12354_/B                               0.750000    0.986072   -0.236072 (VIOLATED)
_12276_/A_N                             0.750000    0.986072   -0.236072 (VIOLATED)
_12287_/B                               0.750000    0.986072   -0.236072 (VIOLATED)
_12288_/A                               0.750000    0.986071   -0.236071 (VIOLATED)
_12580_/A2                              0.750000    0.986068   -0.236068 (VIOLATED)
_12331_/B                               0.750000    0.986055   -0.236055 (VIOLATED)
_12361_/A1                              0.750000    0.986050   -0.236050 (VIOLATED)
_12387_/A1                              0.750000    0.986047   -0.236047 (VIOLATED)
_12348_/B1_N                            0.750000    0.986044   -0.236044 (VIOLATED)
_12296_/B                               0.750000    0.986034   -0.236034 (VIOLATED)
_12274_/A_N                             0.750000    0.986010   -0.236010 (VIOLATED)
_10685_/A                               0.750000    0.985936   -0.235936 (VIOLATED)
_17878_/A1                              0.750000    0.985936   -0.235936 (VIOLATED)
_18992_/Q                               0.750000    0.985936   -0.235936 (VIOLATED)
_12055_/A                               0.750000    0.985700   -0.235700 (VIOLATED)
_17910_/A1                              0.750000    0.985700   -0.235700 (VIOLATED)
_19008_/Q                               0.750000    0.985700   -0.235700 (VIOLATED)
_09877_/A_N                             0.750000    0.980948   -0.230948 (VIOLATED)
_09893_/B                               0.750000    0.980948   -0.230948 (VIOLATED)
_09971_/A_N                             0.750000    0.980946   -0.230946 (VIOLATED)
_09931_/B                               0.750000    0.980943   -0.230943 (VIOLATED)
_11073_/A                               0.750000    0.980941   -0.230941 (VIOLATED)
_11069_/A1_N                            0.750000    0.980936   -0.230936 (VIOLATED)
_09903_/A1                              0.750000    0.980935   -0.230935 (VIOLATED)
_09953_/A                               0.750000    0.980936   -0.230936 (VIOLATED)
_09955_/A1                              0.750000    0.980935   -0.230935 (VIOLATED)
_09886_/A                               0.750000    0.980931   -0.230932 (VIOLATED)
_09978_/A                               0.750000    0.980931   -0.230931 (VIOLATED)
_09905_/B                               0.750000    0.980923   -0.230923 (VIOLATED)
_09930_/B                               0.750000    0.980921   -0.230921 (VIOLATED)
_09904_/B                               0.750000    0.980921   -0.230921 (VIOLATED)
_09918_/A_N                             0.750000    0.980920   -0.230920 (VIOLATED)
_11090_/A1                              0.750000    0.980916   -0.230916 (VIOLATED)
_09899_/A                               0.750000    0.980916   -0.230916 (VIOLATED)
_09892_/A                               0.750000    0.980911   -0.230912 (VIOLATED)
_09987_/C_N                             0.750000    0.980911   -0.230911 (VIOLATED)
_09900_/A                               0.750000    0.980907   -0.230907 (VIOLATED)
_09878_/A_N                             0.750000    0.980907   -0.230907 (VIOLATED)
_09889_/B                               0.750000    0.980871   -0.230871 (VIOLATED)
_09876_/A_N                             0.750000    0.980869   -0.230869 (VIOLATED)
_09883_/B                               0.750000    0.980863   -0.230863 (VIOLATED)
_09914_/A1                              0.750000    0.980818   -0.230818 (VIOLATED)
_09928_/B                               0.750000    0.980755   -0.230755 (VIOLATED)
_09894_/A2                              0.750000    0.980735   -0.230735 (VIOLATED)
_09962_/A2                              0.750000    0.980735   -0.230735 (VIOLATED)
_10007_/A                               0.750000    0.980733   -0.230733 (VIOLATED)
_10020_/A1                              0.750000    0.980732   -0.230732 (VIOLATED)
_10530_/A1                              0.750000    0.980728   -0.230728 (VIOLATED)
_10525_/A1                              0.750000    0.980727   -0.230727 (VIOLATED)
_10290_/B                               0.750000    0.980726   -0.230726 (VIOLATED)
_10292_/A1                              0.750000    0.980724   -0.230724 (VIOLATED)
_10289_/A                               0.750000    0.980719   -0.230719 (VIOLATED)
_10017_/A1                              0.750000    0.980716   -0.230716 (VIOLATED)
_09924_/B                               0.750000    0.980706   -0.230706 (VIOLATED)
_09881_/A                               0.750000    0.980686   -0.230686 (VIOLATED)
_09882_/B                               0.750000    0.980576   -0.230576 (VIOLATED)
_09986_/B                               0.750000    0.980576   -0.230576 (VIOLATED)
_09968_/A                               0.750000    0.980574   -0.230574 (VIOLATED)
_09906_/B                               0.750000    0.980570   -0.230570 (VIOLATED)
_09969_/C_N                             0.750000    0.980570   -0.230570 (VIOLATED)
_09961_/A2                              0.750000    0.980568   -0.230568 (VIOLATED)
_09890_/B                               0.750000    0.980564   -0.230564 (VIOLATED)
_09887_/A                               0.750000    0.980562   -0.230562 (VIOLATED)
_09960_/B                               0.750000    0.980560   -0.230560 (VIOLATED)
_17553_/A0                              0.750000    0.980174   -0.230174 (VIOLATED)
_18886_/Q                               0.750000    0.980174   -0.230174 (VIOLATED)
_10163_/A2                              0.750000    0.978235   -0.228235 (VIOLATED)
_10462_/A2                              0.750000    0.978235   -0.228235 (VIOLATED)
_10202_/B                               0.750000    0.978235   -0.228235 (VIOLATED)
_10222_/C_N                             0.750000    0.978234   -0.228234 (VIOLATED)
_10429_/B                               0.750000    0.978234   -0.228234 (VIOLATED)
_10153_/B                               0.750000    0.978233   -0.228233 (VIOLATED)
_10176_/A2                              0.750000    0.978230   -0.228230 (VIOLATED)
_10148_/A_N                             0.750000    0.978228   -0.228228 (VIOLATED)
_10161_/B                               0.750000    0.978228   -0.228228 (VIOLATED)
_10189_/B                               0.750000    0.978225   -0.228225 (VIOLATED)
_10188_/B                               0.750000    0.978213   -0.228213 (VIOLATED)
_10150_/A_N                             0.750000    0.978213   -0.228213 (VIOLATED)
_10190_/B                               0.750000    0.978213   -0.228213 (VIOLATED)
_10214_/B                               0.750000    0.978213   -0.228213 (VIOLATED)
_10157_/B                               0.750000    0.978213   -0.228213 (VIOLATED)
_10221_/C_N                             0.750000    0.978209   -0.228209 (VIOLATED)
_10175_/B                               0.750000    0.978203   -0.228203 (VIOLATED)
_10435_/A2                              0.750000    0.978202   -0.228202 (VIOLATED)
_10215_/B                               0.750000    0.978195   -0.228195 (VIOLATED)
_10149_/A_N                             0.750000    0.978190   -0.228190 (VIOLATED)
_10162_/B                               0.750000    0.978182   -0.228182 (VIOLATED)
_10989_/A2                              0.750000    0.978167   -0.228167 (VIOLATED)
_10658_/A2                              0.750000    0.978152   -0.228152 (VIOLATED)
_10216_/B                               0.750000    0.978151   -0.228151 (VIOLATED)
_10651_/A1                              0.750000    0.978151   -0.228151 (VIOLATED)
_10172_/A_N                             0.750000    0.978149   -0.228149 (VIOLATED)
_10240_/A2                              0.750000    0.978145   -0.228145 (VIOLATED)
_10667_/A                               0.750000    0.978141   -0.228141 (VIOLATED)
_10156_/B                               0.750000    0.978132   -0.228132 (VIOLATED)
_10182_/A_N                             0.750000    0.978132   -0.228132 (VIOLATED)
_10665_/A1                              0.750000    0.978130   -0.228130 (VIOLATED)
_10164_/A2                              0.750000    0.978129   -0.228129 (VIOLATED)
_11145_/A1                              0.750000    0.978129   -0.228129 (VIOLATED)
_10430_/B                               0.750000    0.978129   -0.228129 (VIOLATED)
_10446_/A2                              0.750000    0.978128   -0.228128 (VIOLATED)
_11302_/A2                              0.750000    0.978127   -0.228127 (VIOLATED)
_10449_/B                               0.750000    0.978125   -0.228125 (VIOLATED)
_10154_/B                               0.750000    0.978124   -0.228124 (VIOLATED)
_10184_/C                               0.750000    0.978124   -0.228124 (VIOLATED)
_10203_/B                               0.750000    0.978121   -0.228121 (VIOLATED)
_10823_/A1                              0.750000    0.978121   -0.228121 (VIOLATED)
_10821_/A1                              0.750000    0.978119   -0.228119 (VIOLATED)
_10191_/A2                              0.750000    0.978117   -0.228117 (VIOLATED)
_10652_/C                               0.750000    0.978116   -0.228116 (VIOLATED)
_10213_/A                               0.750000    0.978115   -0.228115 (VIOLATED)
_10166_/B                               0.750000    0.978096   -0.228096 (VIOLATED)
_12441_/A                               0.750000    0.977996   -0.227996 (VIOLATED)
_17924_/A1                              0.750000    0.977996   -0.227996 (VIOLATED)
_19015_/Q                               0.750000    0.977996   -0.227996 (VIOLATED)
_15993_/B                               0.750000    0.974532   -0.224532 (VIOLATED)
_16021_/B1_N                            0.750000    0.974532   -0.224532 (VIOLATED)
_16044_/A                               0.750000    0.974529   -0.224529 (VIOLATED)
_15998_/B                               0.750000    0.974528   -0.224528 (VIOLATED)
_16063_/A                               0.750000    0.974527   -0.224527 (VIOLATED)
_16048_/A1                              0.750000    0.974523   -0.224523 (VIOLATED)
_16003_/A_N                             0.750000    0.974522   -0.224522 (VIOLATED)
_15999_/A                               0.750000    0.974522   -0.224522 (VIOLATED)
_16000_/A                               0.750000    0.974507   -0.224507 (VIOLATED)
_16081_/A                               0.750000    0.974479   -0.224479 (VIOLATED)
_14667_/A                               0.750000    0.974475   -0.224475 (VIOLATED)
_15660_/B2                              0.750000    0.974475   -0.224475 (VIOLATED)
_14607_/A_N                             0.750000    0.974474   -0.224474 (VIOLATED)
_14615_/A                               0.750000    0.974474   -0.224474 (VIOLATED)
_14620_/A                               0.750000    0.974474   -0.224474 (VIOLATED)
_16011_/A                               0.750000    0.974472   -0.224472 (VIOLATED)
_14700_/A                               0.750000    0.974472   -0.224472 (VIOLATED)
_09457_/A                               0.750000    0.974472   -0.224472 (VIOLATED)
_14605_/A1                              0.750000    0.974472   -0.224472 (VIOLATED)
_15475_/A1                              0.750000    0.974472   -0.224472 (VIOLATED)
_16399_/A                               0.750000    0.974471   -0.224471 (VIOLATED)
_14678_/A                               0.750000    0.974468   -0.224468 (VIOLATED)
_14643_/A_N                             0.750000    0.974466   -0.224466 (VIOLATED)
_14644_/B                               0.750000    0.974466   -0.224466 (VIOLATED)
_14695_/A1                              0.750000    0.974466   -0.224466 (VIOLATED)
_14610_/A                               0.750000    0.974463   -0.224463 (VIOLATED)
_14646_/A                               0.750000    0.974462   -0.224462 (VIOLATED)
_14650_/A1                              0.750000    0.974462   -0.224462 (VIOLATED)
_14668_/A                               0.750000    0.974460   -0.224460 (VIOLATED)
_14662_/C                               0.750000    0.974460   -0.224460 (VIOLATED)
_15472_/A                               0.750000    0.974460   -0.224460 (VIOLATED)
_14622_/A                               0.750000    0.974459   -0.224459 (VIOLATED)
_14701_/A                               0.750000    0.974455   -0.224455 (VIOLATED)
_14603_/A                               0.750000    0.974453   -0.224453 (VIOLATED)
_14602_/A                               0.750000    0.974452   -0.224452 (VIOLATED)
_14606_/A1                              0.750000    0.974452   -0.224452 (VIOLATED)
_14608_/A_N                             0.750000    0.974452   -0.224452 (VIOLATED)
_14609_/B                               0.750000    0.974452   -0.224452 (VIOLATED)
_14614_/A                               0.750000    0.974452   -0.224452 (VIOLATED)
_14619_/A                               0.750000    0.974452   -0.224452 (VIOLATED)
_14623_/C                               0.750000    0.974452   -0.224452 (VIOLATED)
_14624_/A1                              0.750000    0.974452   -0.224452 (VIOLATED)
_14625_/A1                              0.750000    0.974452   -0.224452 (VIOLATED)
_14642_/A_N                             0.750000    0.974452   -0.224452 (VIOLATED)
_14647_/B1_N                            0.750000    0.974452   -0.224452 (VIOLATED)
_14648_/A1                              0.750000    0.974452   -0.224452 (VIOLATED)
_14656_/A                               0.750000    0.974452   -0.224452 (VIOLATED)
_14666_/A                               0.750000    0.974452   -0.224452 (VIOLATED)
_14669_/A                               0.750000    0.974452   -0.224452 (VIOLATED)
_14680_/A1                              0.750000    0.974452   -0.224452 (VIOLATED)
_14684_/A                               0.750000    0.974452   -0.224452 (VIOLATED)
_14702_/C                               0.750000    0.974452   -0.224452 (VIOLATED)
_14703_/C                               0.750000    0.974452   -0.224452 (VIOLATED)
_14831_/A1                              0.750000    0.974452   -0.224452 (VIOLATED)
_14836_/A1                              0.750000    0.974452   -0.224452 (VIOLATED)
_15070_/A1                              0.750000    0.974452   -0.224452 (VIOLATED)
_15214_/A                               0.750000    0.974452   -0.224452 (VIOLATED)
_15215_/A1                              0.750000    0.974452   -0.224452 (VIOLATED)
_15337_/B2                              0.750000    0.974452   -0.224452 (VIOLATED)
_15491_/B2                              0.750000    0.974452   -0.224452 (VIOLATED)
_17631_/A0                              0.750000    0.974452   -0.224452 (VIOLATED)
_18912_/Q                               0.750000    0.974452   -0.224452 (VIOLATED)
_16026_/C                               0.750000    0.974447   -0.224447 (VIOLATED)
_15995_/A_N                             0.750000    0.974446   -0.224446 (VIOLATED)
_16053_/A1                              0.750000    0.974446   -0.224446 (VIOLATED)
_16008_/A                               0.750000    0.974444   -0.224444 (VIOLATED)
_16013_/A_N                             0.750000    0.974442   -0.224442 (VIOLATED)
_16019_/A                               0.750000    0.974442   -0.224442 (VIOLATED)
_16557_/A1                              0.750000    0.974442   -0.224442 (VIOLATED)
_16395_/A                               0.750000    0.974441   -0.224441 (VIOLATED)
_16095_/C                               0.750000    0.974428   -0.224428 (VIOLATED)
_16002_/A_N                             0.750000    0.974422   -0.224422 (VIOLATED)
_16014_/A_N                             0.750000    0.974422   -0.224422 (VIOLATED)
_16040_/A1                              0.750000    0.974402   -0.224402 (VIOLATED)
_16072_/A                               0.750000    0.974400   -0.224400 (VIOLATED)
_16005_/A_N                             0.750000    0.974396   -0.224396 (VIOLATED)
_15997_/B                               0.750000    0.974384   -0.224384 (VIOLATED)
_16059_/A                               0.750000    0.974375   -0.224375 (VIOLATED)
_16074_/A1                              0.750000    0.974375   -0.224375 (VIOLATED)
_16711_/D                               0.750000    0.974349   -0.224349 (VIOLATED)
_16043_/A                               0.750000    0.974344   -0.224344 (VIOLATED)
_16563_/A                               0.750000    0.974341   -0.224341 (VIOLATED)
_17081_/A1                              0.750000    0.974330   -0.224330 (VIOLATED)
_16087_/A1                              0.750000    0.974329   -0.224329 (VIOLATED)
_16370_/C_N                             0.750000    0.974329   -0.224329 (VIOLATED)
_15994_/A_N                             0.750000    0.974327   -0.224327 (VIOLATED)
_16073_/A1                              0.750000    0.974320   -0.224320 (VIOLATED)
_16075_/A1                              0.750000    0.974304   -0.224304 (VIOLATED)
_16396_/A1                              0.750000    0.974297   -0.224297 (VIOLATED)
_09476_/A                               0.750000    0.974288   -0.224288 (VIOLATED)
_16065_/A                               0.750000    0.974283   -0.224283 (VIOLATED)
_16037_/A1                              0.750000    0.974277   -0.224277 (VIOLATED)
_16010_/A                               0.750000    0.974260   -0.224260 (VIOLATED)
_15992_/B                               0.750000    0.974198   -0.224198 (VIOLATED)
_17854_/A1                              0.750000    0.973167   -0.223167 (VIOLATED)
_18983_/Q                               0.750000    0.973167   -0.223167 (VIOLATED)
_09931_/A                               0.750000    0.971903   -0.221903 (VIOLATED)
_10003_/A                               0.750000    0.971903   -0.221903 (VIOLATED)
_09880_/A1                              0.750000    0.971902   -0.221902 (VIOLATED)
_09893_/A                               0.750000    0.971902   -0.221902 (VIOLATED)
_09971_/C                               0.750000    0.971902   -0.221902 (VIOLATED)
_09990_/A1                              0.750000    0.971902   -0.221902 (VIOLATED)
_09877_/B                               0.750000    0.971901   -0.221901 (VIOLATED)
_09980_/A                               0.750000    0.971899   -0.221899 (VIOLATED)
_09941_/A1                              0.750000    0.971884   -0.221884 (VIOLATED)
_09930_/A                               0.750000    0.971884   -0.221884 (VIOLATED)
_09884_/A_N                             0.750000    0.971878   -0.221878 (VIOLATED)
_09899_/C_N                             0.750000    0.971877   -0.221877 (VIOLATED)
_09981_/A_N                             0.750000    0.971874   -0.221874 (VIOLATED)
_10547_/D_N                             0.750000    0.971855   -0.221855 (VIOLATED)
_10012_/A                               0.750000    0.971853   -0.221853 (VIOLATED)
_09962_/A1                              0.750000    0.971821   -0.221821 (VIOLATED)
_09885_/A_N                             0.750000    0.971816   -0.221816 (VIOLATED)
_10273_/A1                              0.750000    0.971816   -0.221816 (VIOLATED)
_09898_/B                               0.750000    0.971816   -0.221816 (VIOLATED)
_09955_/B1_N                            0.750000    0.971815   -0.221815 (VIOLATED)
_09905_/A                               0.750000    0.971811   -0.221811 (VIOLATED)
_09897_/B                               0.750000    0.971809   -0.221809 (VIOLATED)
_09900_/C_N                             0.750000    0.971805   -0.221805 (VIOLATED)
_09889_/A                               0.750000    0.971796   -0.221796 (VIOLATED)
_09876_/B                               0.750000    0.971795   -0.221795 (VIOLATED)
_09883_/A_N                             0.750000    0.971790   -0.221790 (VIOLATED)
_09933_/A                               0.750000    0.971779   -0.221779 (VIOLATED)
_09920_/A                               0.750000    0.971778   -0.221778 (VIOLATED)
_09921_/A                               0.750000    0.971761   -0.221761 (VIOLATED)
_09894_/A1                              0.750000    0.971759   -0.221759 (VIOLATED)
_10290_/A_N                             0.750000    0.971749   -0.221749 (VIOLATED)
_09928_/A                               0.750000    0.971726   -0.221726 (VIOLATED)
_09924_/A_N                             0.750000    0.971695   -0.221695 (VIOLATED)
_10004_/A1                              0.750000    0.971687   -0.221687 (VIOLATED)
_09879_/A                               0.750000    0.971679   -0.221679 (VIOLATED)
_10259_/B                               0.750000    0.971672   -0.221672 (VIOLATED)
_09882_/A_N                             0.750000    0.971663   -0.221663 (VIOLATED)
_09926_/A                               0.750000    0.971654   -0.221654 (VIOLATED)
_09927_/A                               0.750000    0.971633   -0.221633 (VIOLATED)
_09960_/A                               0.750000    0.971619   -0.221619 (VIOLATED)
_09969_/A                               0.750000    0.971619   -0.221619 (VIOLATED)
_09890_/A                               0.750000    0.971613   -0.221613 (VIOLATED)
_09906_/A                               0.750000    0.971589   -0.221589 (VIOLATED)
_09961_/A1                              0.750000    0.971586   -0.221586 (VIOLATED)
_17556_/A0                              0.750000    0.970910   -0.220910 (VIOLATED)
_18887_/Q                               0.750000    0.970910   -0.220910 (VIOLATED)
_14392_/B                               0.750000    0.953669   -0.203670 (VIOLATED)
_14416_/C_N                             0.750000    0.953669   -0.203669 (VIOLATED)
_15021_/C                               0.750000    0.953669   -0.203670 (VIOLATED)
_14376_/B                               0.750000    0.953669   -0.203669 (VIOLATED)
_14411_/A1                              0.750000    0.953666   -0.203666 (VIOLATED)
_14434_/B                               0.750000    0.953662   -0.203662 (VIOLATED)
_14447_/B                               0.750000    0.953660   -0.203660 (VIOLATED)
_14472_/A                               0.750000    0.953654   -0.203654 (VIOLATED)
_14478_/A2                              0.750000    0.953653   -0.203653 (VIOLATED)
_14382_/A_N                             0.750000    0.953652   -0.203652 (VIOLATED)
_14386_/A                               0.750000    0.953652   -0.203652 (VIOLATED)
_14446_/B                               0.750000    0.953652   -0.203652 (VIOLATED)
_14403_/A1                              0.750000    0.953652   -0.203652 (VIOLATED)
_14454_/B                               0.750000    0.953651   -0.203651 (VIOLATED)
_14393_/B                               0.750000    0.953650   -0.203650 (VIOLATED)
_14413_/A                               0.750000    0.953650   -0.203650 (VIOLATED)
_14401_/A                               0.750000    0.953648   -0.203648 (VIOLATED)
_14435_/A1                              0.750000    0.953647   -0.203647 (VIOLATED)
_14414_/B                               0.750000    0.953645   -0.203645 (VIOLATED)
_15041_/A1                              0.750000    0.953644   -0.203644 (VIOLATED)
_14407_/A                               0.750000    0.953641   -0.203641 (VIOLATED)
_14423_/A1                              0.750000    0.953638   -0.203638 (VIOLATED)
_14375_/A_N                             0.750000    0.953637   -0.203637 (VIOLATED)
_14418_/B                               0.750000    0.953637   -0.203637 (VIOLATED)
_14926_/A                               0.750000    0.953633   -0.203633 (VIOLATED)
_15507_/A1                              0.750000    0.953631   -0.203631 (VIOLATED)
_14402_/A1                              0.750000    0.953628   -0.203628 (VIOLATED)
_14404_/B                               0.750000    0.953620   -0.203620 (VIOLATED)
_14465_/A_N                             0.750000    0.953590   -0.203590 (VIOLATED)
_14387_/A                               0.750000    0.953582   -0.203582 (VIOLATED)
_14415_/C_N                             0.750000    0.953582   -0.203582 (VIOLATED)
_14406_/A                               0.750000    0.953581   -0.203581 (VIOLATED)
_14398_/B2                              0.750000    0.953576   -0.203576 (VIOLATED)
_14385_/B                               0.750000    0.953551   -0.203551 (VIOLATED)
_14394_/B                               0.750000    0.953551   -0.203551 (VIOLATED)
_14405_/B                               0.750000    0.953550   -0.203550 (VIOLATED)
_14383_/A_N                             0.750000    0.953549   -0.203549 (VIOLATED)
_14397_/A_N                             0.750000    0.953548   -0.203548 (VIOLATED)
_09449_/A                               0.750000    0.953545   -0.203545 (VIOLATED)
_14384_/B                               0.750000    0.953544   -0.203544 (VIOLATED)
_14741_/A                               0.750000    0.953542   -0.203542 (VIOLATED)
_14381_/B                               0.750000    0.953542   -0.203542 (VIOLATED)
_14417_/B                               0.750000    0.953535   -0.203535 (VIOLATED)
_15559_/A                               0.750000    0.953534   -0.203535 (VIOLATED)
_15308_/A1                              0.750000    0.953531   -0.203531 (VIOLATED)
_14467_/A_N                             0.750000    0.953528   -0.203528 (VIOLATED)
_17748_/A0                              0.750000    0.953439   -0.203439 (VIOLATED)
_18950_/Q                               0.750000    0.953439   -0.203439 (VIOLATED)
_12757_/B                               0.750000    0.951341   -0.201342 (VIOLATED)
_13218_/A1                              0.750000    0.951341   -0.201341 (VIOLATED)
_09418_/A                               0.750000    0.951341   -0.201341 (VIOLATED)
_12712_/A                               0.750000    0.951341   -0.201341 (VIOLATED)
_12763_/A                               0.750000    0.951341   -0.201341 (VIOLATED)
_13549_/A                               0.750000    0.951339   -0.201339 (VIOLATED)
_12823_/A1                              0.750000    0.951337   -0.201337 (VIOLATED)
_12822_/A                               0.750000    0.951336   -0.201336 (VIOLATED)
_13937_/A1                              0.750000    0.951333   -0.201333 (VIOLATED)
_12721_/A                               0.750000    0.951331   -0.201332 (VIOLATED)
_13818_/A1                              0.750000    0.951332   -0.201332 (VIOLATED)
_12762_/A                               0.750000    0.951331   -0.201331 (VIOLATED)
_12737_/A                               0.750000    0.951331   -0.201331 (VIOLATED)
_12723_/A_N                             0.750000    0.951330   -0.201330 (VIOLATED)
_12758_/B1_N                            0.750000    0.951330   -0.201331 (VIOLATED)
_13820_/A1                              0.750000    0.951330   -0.201331 (VIOLATED)
_12801_/B1                              0.750000    0.951330   -0.201330 (VIOLATED)
_13396_/B                               0.750000    0.951329   -0.201330 (VIOLATED)
_13800_/A1                              0.750000    0.951329   -0.201329 (VIOLATED)
_13924_/A1                              0.750000    0.951327   -0.201327 (VIOLATED)
_13926_/B1                              0.750000    0.951326   -0.201326 (VIOLATED)
_12767_/C1                              0.750000    0.951323   -0.201323 (VIOLATED)
_12777_/A                               0.750000    0.951323   -0.201323 (VIOLATED)
_13392_/B2                              0.750000    0.951323   -0.201323 (VIOLATED)
_13399_/A1                              0.750000    0.951323   -0.201323 (VIOLATED)
_13393_/A1                              0.750000    0.951323   -0.201323 (VIOLATED)
_13406_/B2                              0.750000    0.951321   -0.201322 (VIOLATED)
_12739_/A                               0.750000    0.951319   -0.201319 (VIOLATED)
_12748_/A1                              0.750000    0.951319   -0.201319 (VIOLATED)
_12761_/B1                              0.750000    0.951317   -0.201317 (VIOLATED)
_12693_/B1                              0.750000    0.951317   -0.201317 (VIOLATED)
_12710_/A                               0.750000    0.951317   -0.201317 (VIOLATED)
_12713_/A                               0.750000    0.951317   -0.201317 (VIOLATED)
_12719_/B                               0.750000    0.951317   -0.201317 (VIOLATED)
_12722_/A                               0.750000    0.951317   -0.201317 (VIOLATED)
_12729_/A                               0.750000    0.951317   -0.201317 (VIOLATED)
_12731_/A1                              0.750000    0.951317   -0.201317 (VIOLATED)
_12732_/A1                              0.750000    0.951317   -0.201317 (VIOLATED)
_12742_/B1_N                            0.750000    0.951317   -0.201317 (VIOLATED)
_12756_/B                               0.750000    0.951317   -0.201317 (VIOLATED)
_12771_/A                               0.750000    0.951317   -0.201317 (VIOLATED)
_12773_/B1_N                            0.750000    0.951317   -0.201317 (VIOLATED)
_12786_/A                               0.750000    0.951317   -0.201317 (VIOLATED)
_13229_/B1                              0.750000    0.951317   -0.201317 (VIOLATED)
_13241_/A1                              0.750000    0.951317   -0.201317 (VIOLATED)
_13242_/B1                              0.750000    0.951317   -0.201317 (VIOLATED)
_13250_/A                               0.750000    0.951317   -0.201317 (VIOLATED)
_13251_/A1                              0.750000    0.951317   -0.201317 (VIOLATED)
_13252_/A                               0.750000    0.951317   -0.201317 (VIOLATED)
_13409_/A                               0.750000    0.951317   -0.201317 (VIOLATED)
_13414_/A1                              0.750000    0.951317   -0.201317 (VIOLATED)
_13548_/A1                              0.750000    0.951317   -0.201317 (VIOLATED)
_13782_/A1                              0.750000    0.951317   -0.201317 (VIOLATED)
_13811_/A1                              0.750000    0.951317   -0.201317 (VIOLATED)
_13944_/B2                              0.750000    0.951317   -0.201317 (VIOLATED)
_17682_/A0                              0.750000    0.951317   -0.201317 (VIOLATED)
_18929_/Q                               0.750000    0.951317   -0.201317 (VIOLATED)
_12794_/A                               0.750000    0.947692   -0.197692 (VIOLATED)
_12704_/A                               0.750000    0.947691   -0.197691 (VIOLATED)
_12690_/A                               0.750000    0.947691   -0.197691 (VIOLATED)
_12706_/A_N                             0.750000    0.947690   -0.197690 (VIOLATED)
_12716_/A                               0.750000    0.947689   -0.197689 (VIOLATED)
_12717_/A                               0.750000    0.947689   -0.197689 (VIOLATED)
_12787_/C                               0.750000    0.947689   -0.197689 (VIOLATED)
_13218_/B2                              0.750000    0.947689   -0.197689 (VIOLATED)
_12776_/A_N                             0.750000    0.947688   -0.197688 (VIOLATED)
_13541_/A1                              0.750000    0.947688   -0.197688 (VIOLATED)
_12699_/B                               0.750000    0.947687   -0.197687 (VIOLATED)
_12726_/C_N                             0.750000    0.947687   -0.197687 (VIOLATED)
_13792_/B2                              0.750000    0.947686   -0.197686 (VIOLATED)
_12827_/A1                              0.750000    0.947686   -0.197686 (VIOLATED)
_12688_/A                               0.750000    0.947686   -0.197686 (VIOLATED)
_09419_/A                               0.750000    0.947685   -0.197685 (VIOLATED)
_12725_/A                               0.750000    0.947681   -0.197681 (VIOLATED)
_12747_/A                               0.750000    0.947671   -0.197671 (VIOLATED)
_12801_/A1                              0.750000    0.947671   -0.197671 (VIOLATED)
_12758_/A1                              0.750000    0.947671   -0.197671 (VIOLATED)
_12746_/A                               0.750000    0.947669   -0.197669 (VIOLATED)
_13820_/A2                              0.750000    0.947667   -0.197667 (VIOLATED)
_12806_/A1                              0.750000    0.947659   -0.197659 (VIOLATED)
_12687_/A                               0.750000    0.947645   -0.197645 (VIOLATED)
_12689_/A                               0.750000    0.947645   -0.197645 (VIOLATED)
_12691_/A                               0.750000    0.947645   -0.197645 (VIOLATED)
_12692_/A                               0.750000    0.947645   -0.197645 (VIOLATED)
_12693_/A1                              0.750000    0.947645   -0.197645 (VIOLATED)
_12698_/B                               0.750000    0.947645   -0.197645 (VIOLATED)
_12703_/A                               0.750000    0.947645   -0.197645 (VIOLATED)
_12705_/A_N                             0.750000    0.947645   -0.197645 (VIOLATED)
_12707_/A                               0.750000    0.947645   -0.197645 (VIOLATED)
_12708_/A                               0.750000    0.947645   -0.197645 (VIOLATED)
_12709_/C                               0.750000    0.947645   -0.197645 (VIOLATED)
_12714_/A_N                             0.750000    0.947645   -0.197645 (VIOLATED)
_12715_/A                               0.750000    0.947645   -0.197645 (VIOLATED)
_12724_/B                               0.750000    0.947645   -0.197645 (VIOLATED)
_12728_/A                               0.750000    0.947645   -0.197645 (VIOLATED)
_12730_/A                               0.750000    0.947645   -0.197645 (VIOLATED)
_12743_/A                               0.750000    0.947645   -0.197645 (VIOLATED)
_12779_/A1                              0.750000    0.947645   -0.197645 (VIOLATED)
_12784_/A1                              0.750000    0.947645   -0.197645 (VIOLATED)
_12805_/A                               0.750000    0.947645   -0.197645 (VIOLATED)
_13786_/A1                              0.750000    0.947645   -0.197645 (VIOLATED)
_17679_/A0                              0.750000    0.947645   -0.197645 (VIOLATED)
_18928_/Q                               0.750000    0.947645   -0.197645 (VIOLATED)
_15468_/A1                              0.750000    0.942391   -0.192391 (VIOLATED)
_14851_/A1                              0.750000    0.942391   -0.192391 (VIOLATED)
_14630_/A_N                             0.750000    0.942389   -0.192389 (VIOLATED)
_14634_/A                               0.750000    0.942387   -0.192387 (VIOLATED)
_14633_/A                               0.750000    0.942386   -0.192386 (VIOLATED)
_14610_/B                               0.750000    0.942380   -0.192380 (VIOLATED)
_15476_/C1                              0.750000    0.942377   -0.192377 (VIOLATED)
_14668_/B                               0.750000    0.942376   -0.192376 (VIOLATED)
_15059_/A1                              0.750000    0.942375   -0.192375 (VIOLATED)
_14662_/B                               0.750000    0.942369   -0.192369 (VIOLATED)
_14691_/A1                              0.750000    0.942363   -0.192363 (VIOLATED)
_14604_/A                               0.750000    0.942359   -0.192359 (VIOLATED)
_15070_/A2                              0.750000    0.942342   -0.192342 (VIOLATED)
_14837_/A1                              0.750000    0.942322   -0.192322 (VIOLATED)
_09458_/A                               0.750000    0.942316   -0.192316 (VIOLATED)
_14618_/A1                              0.750000    0.942315   -0.192315 (VIOLATED)
_14632_/B                               0.750000    0.942299   -0.192299 (VIOLATED)
_14683_/A1                              0.750000    0.942276   -0.192276 (VIOLATED)
_14703_/B                               0.750000    0.942274   -0.192274 (VIOLATED)
_14669_/B                               0.750000    0.942273   -0.192273 (VIOLATED)
_14687_/A1                              0.750000    0.942273   -0.192273 (VIOLATED)
_14835_/A                               0.750000    0.942272   -0.192272 (VIOLATED)
_14661_/B                               0.750000    0.942271   -0.192271 (VIOLATED)
_15088_/B                               0.750000    0.942271   -0.192271 (VIOLATED)
_15089_/B                               0.750000    0.942271   -0.192271 (VIOLATED)
_14638_/A                               0.750000    0.942269   -0.192269 (VIOLATED)
_15490_/A2                              0.750000    0.942255   -0.192255 (VIOLATED)
_15345_/B2                              0.750000    0.942252   -0.192252 (VIOLATED)
_14620_/B                               0.750000    0.942252   -0.192252 (VIOLATED)
_14615_/B                               0.750000    0.942252   -0.192252 (VIOLATED)
_14607_/B                               0.750000    0.942251   -0.192251 (VIOLATED)
_14671_/A_N                             0.750000    0.942250   -0.192250 (VIOLATED)
_15660_/A1                              0.750000    0.942250   -0.192250 (VIOLATED)
_14645_/A                               0.750000    0.942250   -0.192250 (VIOLATED)
_15609_/A1                              0.750000    0.942238   -0.192238 (VIOLATED)
_14647_/A1                              0.750000    0.942238   -0.192238 (VIOLATED)
_14623_/A_N                             0.750000    0.942236   -0.192236 (VIOLATED)
_14609_/A_N                             0.750000    0.942223   -0.192223 (VIOLATED)
_14631_/A_N                             0.750000    0.942222   -0.192222 (VIOLATED)
_14702_/B                               0.750000    0.942222   -0.192222 (VIOLATED)
_14608_/B                               0.750000    0.942220   -0.192220 (VIOLATED)
_14614_/B                               0.750000    0.942216   -0.192216 (VIOLATED)
_14852_/A1                              0.750000    0.942215   -0.192215 (VIOLATED)
_14619_/B                               0.750000    0.942214   -0.192214 (VIOLATED)
_14639_/A1                              0.750000    0.942212   -0.192212 (VIOLATED)
_17625_/A0                              0.750000    0.942121   -0.192121 (VIOLATED)
_18910_/Q                               0.750000    0.942121   -0.192121 (VIOLATED)
_16661_/B2                              0.750000    0.939833   -0.189833 (VIOLATED)
_16928_/B                               0.750000    0.939833   -0.189833 (VIOLATED)
_16319_/B                               0.750000    0.939833   -0.189833 (VIOLATED)
_17109_/A2                              0.750000    0.939833   -0.189833 (VIOLATED)
_17116_/A3                              0.750000    0.939833   -0.189833 (VIOLATED)
_16653_/A1                              0.750000    0.939833   -0.189833 (VIOLATED)
_17102_/A2                              0.750000    0.939833   -0.189833 (VIOLATED)
_16287_/B                               0.750000    0.939833   -0.189833 (VIOLATED)
_16915_/B2                              0.750000    0.939832   -0.189832 (VIOLATED)
_16525_/A2                              0.750000    0.939831   -0.189831 (VIOLATED)
_16305_/A                               0.750000    0.939829   -0.189829 (VIOLATED)
_16320_/C                               0.750000    0.939827   -0.189827 (VIOLATED)
_16634_/A3                              0.750000    0.939827   -0.189827 (VIOLATED)
_16286_/Y                               0.750000    0.939825   -0.189825 (VIOLATED)
_16345_/A2                              0.750000    0.939825   -0.189825 (VIOLATED)
_16348_/A                               0.750000    0.939825   -0.189825 (VIOLATED)
_16526_/A2                              0.750000    0.939825   -0.189825 (VIOLATED)
_16539_/B                               0.750000    0.939825   -0.189825 (VIOLATED)
_16815_/A2                              0.750000    0.939825   -0.189825 (VIOLATED)
_12703_/B                               0.750000    0.936760   -0.186760 (VIOLATED)
_12731_/A3                              0.750000    0.936760   -0.186760 (VIOLATED)
_12759_/B2                              0.750000    0.936760   -0.186760 (VIOLATED)
_13559_/A2                              0.750000    0.936760   -0.186760 (VIOLATED)
_13786_/A2                              0.750000    0.936760   -0.186760 (VIOLATED)
_12702_/Y                               0.750000    0.936758   -0.186758 (VIOLATED)
_12704_/B                               0.750000    0.936758   -0.186758 (VIOLATED)
_12767_/A2                              0.750000    0.936758   -0.186758 (VIOLATED)
_12794_/B                               0.750000    0.936758   -0.186758 (VIOLATED)
_12798_/A2                              0.750000    0.936758   -0.186758 (VIOLATED)
_12831_/A2                              0.750000    0.936758   -0.186758 (VIOLATED)
_13541_/A2                              0.750000    0.936758   -0.186758 (VIOLATED)
_13817_/A1                              0.750000    0.936758   -0.186758 (VIOLATED)
_13938_/A                               0.750000    0.936758   -0.186758 (VIOLATED)
_13942_/A2                              0.750000    0.936758   -0.186758 (VIOLATED)
_11432_/B                               0.750000    0.933795   -0.183795 (VIOLATED)
_11422_/A_N                             0.750000    0.933795   -0.183795 (VIOLATED)
_11476_/A                               0.750000    0.933794   -0.183794 (VIOLATED)
_11475_/A                               0.750000    0.933794   -0.183794 (VIOLATED)
_11488_/A                               0.750000    0.933794   -0.183794 (VIOLATED)
_11439_/A_N                             0.750000    0.933794   -0.183794 (VIOLATED)
_11564_/A1                              0.750000    0.933791   -0.183791 (VIOLATED)
_11652_/A1                              0.750000    0.933775   -0.183775 (VIOLATED)
_11423_/B                               0.750000    0.933773   -0.183773 (VIOLATED)
_11460_/A2                              0.750000    0.933771   -0.183771 (VIOLATED)
_11456_/A_N                             0.750000    0.933771   -0.183771 (VIOLATED)
_11546_/A                               0.750000    0.933770   -0.183770 (VIOLATED)
_11545_/A                               0.750000    0.933768   -0.183768 (VIOLATED)
_11591_/B                               0.750000    0.933768   -0.183768 (VIOLATED)
_11541_/A1                              0.750000    0.933766   -0.183766 (VIOLATED)
_11538_/A                               0.750000    0.933747   -0.183747 (VIOLATED)
_11431_/B                               0.750000    0.933739   -0.183739 (VIOLATED)
_11590_/B                               0.750000    0.933726   -0.183726 (VIOLATED)
_11466_/B                               0.750000    0.933697   -0.183697 (VIOLATED)
_11474_/A                               0.750000    0.933697   -0.183697 (VIOLATED)
_11479_/A1                              0.750000    0.933695   -0.183695 (VIOLATED)
_11478_/A1                              0.750000    0.933692   -0.183692 (VIOLATED)
_11424_/A2                              0.750000    0.933691   -0.183691 (VIOLATED)
_11443_/B                               0.750000    0.933689   -0.183689 (VIOLATED)
_11437_/C_N                             0.750000    0.933688   -0.183688 (VIOLATED)
_11539_/A1                              0.750000    0.933688   -0.183688 (VIOLATED)
_11421_/A_N                             0.750000    0.933684   -0.183684 (VIOLATED)
_11442_/B                               0.750000    0.933681   -0.183681 (VIOLATED)
_11489_/A                               0.750000    0.933671   -0.183671 (VIOLATED)
_11434_/B                               0.750000    0.933660   -0.183660 (VIOLATED)
_11436_/C_N                             0.750000    0.933660   -0.183660 (VIOLATED)
_11563_/C_N                             0.750000    0.933659   -0.183659 (VIOLATED)
_11504_/A                               0.750000    0.933651   -0.183651 (VIOLATED)
_11435_/B                               0.750000    0.933648   -0.183648 (VIOLATED)
_11509_/B                               0.750000    0.933639   -0.183639 (VIOLATED)
_11486_/B                               0.750000    0.933638   -0.183638 (VIOLATED)
_11463_/B                               0.750000    0.933636   -0.183636 (VIOLATED)
_11440_/A_N                             0.750000    0.933631   -0.183631 (VIOLATED)
_11518_/A2                              0.750000    0.933624   -0.183624 (VIOLATED)
_11514_/B                               0.750000    0.933623   -0.183623 (VIOLATED)
_10482_/A                               0.750000    0.933376   -0.183376 (VIOLATED)
_17876_/A1                              0.750000    0.933376   -0.183376 (VIOLATED)
_18991_/Q                               0.750000    0.933376   -0.183376 (VIOLATED)
_17778_/Y                               0.750000    0.926233   -0.176233 (VIOLATED)
_17779_/B1                              0.750000    0.926233   -0.176233 (VIOLATED)
_16119_/A                               0.750000    0.917252   -0.167252 (VIOLATED)
_16113_/B                               0.750000    0.917251   -0.167251 (VIOLATED)
_16124_/A                               0.750000    0.917251   -0.167251 (VIOLATED)
_16152_/A1                              0.750000    0.917250   -0.167250 (VIOLATED)
_16153_/A                               0.750000    0.917249   -0.167249 (VIOLATED)
_17065_/A1                              0.750000    0.917239   -0.167239 (VIOLATED)
_16128_/B                               0.750000    0.917239   -0.167239 (VIOLATED)
_16115_/A_N                             0.750000    0.917225   -0.167225 (VIOLATED)
_16129_/B                               0.750000    0.917200   -0.167200 (VIOLATED)
_16155_/A                               0.750000    0.917192   -0.167192 (VIOLATED)
_16123_/A                               0.750000    0.917188   -0.167188 (VIOLATED)
_16480_/A1                              0.750000    0.917188   -0.167188 (VIOLATED)
_16135_/A                               0.750000    0.917187   -0.167187 (VIOLATED)
_16121_/A                               0.750000    0.917187   -0.167187 (VIOLATED)
_16117_/A                               0.750000    0.917186   -0.167186 (VIOLATED)
_16168_/C_N                             0.750000    0.917182   -0.167182 (VIOLATED)
_16118_/A                               0.750000    0.917171   -0.167171 (VIOLATED)
_17044_/A2                              0.750000    0.917155   -0.167155 (VIOLATED)
_17189_/A1                              0.750000    0.917152   -0.167152 (VIOLATED)
_16132_/B1_N                            0.750000    0.917148   -0.167148 (VIOLATED)
_16139_/A                               0.750000    0.917147   -0.167147 (VIOLATED)
_16100_/B                               0.750000    0.917146   -0.167146 (VIOLATED)
_16466_/A1                              0.750000    0.917115   -0.167115 (VIOLATED)
_16107_/A                               0.750000    0.917113   -0.167113 (VIOLATED)
_16140_/A                               0.750000    0.917094   -0.167094 (VIOLATED)
_16199_/A1                              0.750000    0.917093   -0.167093 (VIOLATED)
_16141_/B                               0.750000    0.917089   -0.167089 (VIOLATED)
_16174_/A1                              0.750000    0.917075   -0.167075 (VIOLATED)
_16803_/A1                              0.750000    0.917066   -0.167066 (VIOLATED)
_16106_/A                               0.750000    0.917066   -0.167066 (VIOLATED)
_16114_/A                               0.750000    0.917057   -0.167057 (VIOLATED)
_16191_/A1                              0.750000    0.917055   -0.167055 (VIOLATED)
_16792_/A1                              0.750000    0.917031   -0.167031 (VIOLATED)
_16125_/C                               0.750000    0.917019   -0.167019 (VIOLATED)
_16108_/A_N                             0.750000    0.917018   -0.167018 (VIOLATED)
_16778_/A1                              0.750000    0.917018   -0.167018 (VIOLATED)
_16156_/A                               0.750000    0.917017   -0.167017 (VIOLATED)
_16179_/A_N                             0.750000    0.917017   -0.167017 (VIOLATED)
_16180_/A2                              0.750000    0.917017   -0.167017 (VIOLATED)
_16131_/B1_N                            0.750000    0.917014   -0.167014 (VIOLATED)
_16109_/A_N                             0.750000    0.917009   -0.167009 (VIOLATED)
_16116_/A_N                             0.750000    0.916988   -0.166988 (VIOLATED)
_16134_/A                               0.750000    0.916956   -0.166956 (VIOLATED)
_17607_/A0                              0.750000    0.916131   -0.166131 (VIOLATED)
_18904_/Q                               0.750000    0.916131   -0.166131 (VIOLATED)
_09625_/A                               0.750000    0.908052   -0.158052 (VIOLATED)
_09645_/A_N                             0.750000    0.908051   -0.158051 (VIOLATED)
_09635_/B                               0.750000    0.908050   -0.158050 (VIOLATED)
_09629_/B                               0.750000    0.908049   -0.158049 (VIOLATED)
_09636_/B                               0.750000    0.908049   -0.158049 (VIOLATED)
_09663_/A1                              0.750000    0.908048   -0.158048 (VIOLATED)
_09675_/B                               0.750000    0.908046   -0.158046 (VIOLATED)
_09650_/B                               0.750000    0.908035   -0.158035 (VIOLATED)
_09651_/B                               0.750000    0.908032   -0.158032 (VIOLATED)
_09670_/A1                              0.750000    0.908017   -0.158017 (VIOLATED)
_09368_/A                               0.750000    0.908002   -0.158002 (VIOLATED)
_09646_/B                               0.750000    0.907984   -0.157984 (VIOLATED)
_09719_/B                               0.750000    0.907983   -0.157983 (VIOLATED)
_09628_/B                               0.750000    0.907981   -0.157981 (VIOLATED)
_09622_/A                               0.750000    0.907975   -0.157975 (VIOLATED)
_11455_/A                               0.750000    0.907972   -0.157972 (VIOLATED)
_11449_/A                               0.750000    0.907971   -0.157971 (VIOLATED)
_09687_/A                               0.750000    0.907968   -0.157968 (VIOLATED)
_11565_/A1                              0.750000    0.907967   -0.157967 (VIOLATED)
_11439_/B                               0.750000    0.907966   -0.157966 (VIOLATED)
_10514_/B2                              0.750000    0.907962   -0.157962 (VIOLATED)
_09761_/A1                              0.750000    0.907957   -0.157957 (VIOLATED)
_11423_/A                               0.750000    0.907956   -0.157956 (VIOLATED)
_11454_/A                               0.750000    0.907949   -0.157949 (VIOLATED)
_11429_/B                               0.750000    0.907949   -0.157949 (VIOLATED)
_11460_/A1                              0.750000    0.907949   -0.157949 (VIOLATED)
_11803_/A1                              0.750000    0.907947   -0.157947 (VIOLATED)
_09686_/A                               0.750000    0.907946   -0.157946 (VIOLATED)
_11517_/A                               0.750000    0.907942   -0.157942 (VIOLATED)
_10422_/A1                              0.750000    0.907941   -0.157941 (VIOLATED)
_09637_/A_N                             0.750000    0.907940   -0.157940 (VIOLATED)
_09643_/B                               0.750000    0.907926   -0.157926 (VIOLATED)
_09390_/A                               0.750000    0.907914   -0.157914 (VIOLATED)
_11590_/C                               0.750000    0.907911   -0.157911 (VIOLATED)
_11420_/A_N                             0.750000    0.907910   -0.157910 (VIOLATED)
_11591_/C                               0.750000    0.907910   -0.157910 (VIOLATED)
_11690_/A1                              0.750000    0.907907   -0.157907 (VIOLATED)
_11458_/A                               0.750000    0.907904   -0.157904 (VIOLATED)
_09621_/A                               0.750000    0.907902   -0.157902 (VIOLATED)
_09702_/B                               0.750000    0.907893   -0.157893 (VIOLATED)
_11016_/A1                              0.750000    0.907893   -0.157893 (VIOLATED)
_10421_/A1                              0.750000    0.907884   -0.157884 (VIOLATED)
_11434_/A_N                             0.750000    0.907883   -0.157883 (VIOLATED)
_11436_/A                               0.750000    0.907883   -0.157883 (VIOLATED)
_09639_/B                               0.750000    0.907880   -0.157880 (VIOLATED)
_09677_/B                               0.750000    0.907880   -0.157880 (VIOLATED)
_11600_/A1                              0.750000    0.907873   -0.157873 (VIOLATED)
_09703_/A1                              0.750000    0.907863   -0.157863 (VIOLATED)
_11435_/A_N                             0.750000    0.907857   -0.157857 (VIOLATED)
_11450_/A                               0.750000    0.907856   -0.157856 (VIOLATED)
_11462_/A                               0.750000    0.907853   -0.157853 (VIOLATED)
_11466_/A                               0.750000    0.907853   -0.157853 (VIOLATED)
_11442_/A                               0.750000    0.907849   -0.157849 (VIOLATED)
_11426_/B                               0.750000    0.907848   -0.157848 (VIOLATED)
_11424_/A1                              0.750000    0.907848   -0.157848 (VIOLATED)
_11427_/B                               0.750000    0.907848   -0.157848 (VIOLATED)
_11443_/A                               0.750000    0.907847   -0.157847 (VIOLATED)
_11453_/A                               0.750000    0.907847   -0.157847 (VIOLATED)
_11437_/A                               0.750000    0.907845   -0.157845 (VIOLATED)
_11518_/A1                              0.750000    0.907841   -0.157841 (VIOLATED)
_11514_/A                               0.750000    0.907840   -0.157840 (VIOLATED)
_11430_/A                               0.750000    0.907838   -0.157838 (VIOLATED)
_11805_/A1                              0.750000    0.907838   -0.157838 (VIOLATED)
_09623_/A                               0.750000    0.907835   -0.157835 (VIOLATED)
_11459_/A_N                             0.750000    0.907835   -0.157835 (VIOLATED)
_11440_/C                               0.750000    0.907828   -0.157828 (VIOLATED)
_11463_/A                               0.750000    0.907821   -0.157821 (VIOLATED)
_09631_/A_N                             0.750000    0.907820   -0.157820 (VIOLATED)
_11509_/A_N                             0.750000    0.907815   -0.157815 (VIOLATED)
_09630_/A_N                             0.750000    0.907813   -0.157813 (VIOLATED)
_09676_/B                               0.750000    0.907771   -0.157771 (VIOLATED)
_09720_/A2                              0.750000    0.907771   -0.157771 (VIOLATED)
_11021_/A3                              0.750000    0.907739   -0.157739 (VIOLATED)
_09722_/A1                              0.750000    0.907713   -0.157713 (VIOLATED)
_09768_/C_N                             0.750000    0.907712   -0.157712 (VIOLATED)
_09624_/A                               0.750000    0.907711   -0.157711 (VIOLATED)
_10255_/A                               0.750000    0.907681   -0.157681 (VIOLATED)
_17875_/A1                              0.750000    0.907681   -0.157681 (VIOLATED)
_18990_/Q                               0.750000    0.907681   -0.157681 (VIOLATED)
_14511_/A                               0.750000    0.907424   -0.157424 (VIOLATED)
_14510_/A                               0.750000    0.907424   -0.157424 (VIOLATED)
_14520_/B                               0.750000    0.907424   -0.157424 (VIOLATED)
_14492_/B                               0.750000    0.907423   -0.157423 (VIOLATED)
_14549_/A1                              0.750000    0.907422   -0.157422 (VIOLATED)
_15694_/B2                              0.750000    0.907420   -0.157420 (VIOLATED)
_14896_/A2                              0.750000    0.907419   -0.157419 (VIOLATED)
_14496_/A                               0.750000    0.907416   -0.157416 (VIOLATED)
_15439_/B1                              0.750000    0.907413   -0.157413 (VIOLATED)
_14491_/B                               0.750000    0.907408   -0.157408 (VIOLATED)
_15443_/B2                              0.750000    0.907408   -0.157408 (VIOLATED)
_14490_/B                               0.750000    0.907407   -0.157407 (VIOLATED)
_14493_/A_N                             0.750000    0.907406   -0.157406 (VIOLATED)
_14497_/A1                              0.750000    0.907406   -0.157406 (VIOLATED)
_14488_/A_N                             0.750000    0.907405   -0.157405 (VIOLATED)
_14576_/A1                              0.750000    0.907404   -0.157405 (VIOLATED)
_14489_/B                               0.750000    0.907400   -0.157400 (VIOLATED)
_14494_/A_N                             0.750000    0.907387   -0.157387 (VIOLATED)
_14523_/A                               0.750000    0.907384   -0.157384 (VIOLATED)
_14892_/C                               0.750000    0.907375   -0.157375 (VIOLATED)
_14865_/A1                              0.750000    0.907373   -0.157373 (VIOLATED)
_14500_/B                               0.750000    0.907372   -0.157372 (VIOLATED)
_14554_/C                               0.750000    0.907372   -0.157372 (VIOLATED)
_14524_/A                               0.750000    0.907372   -0.157372 (VIOLATED)
_14566_/A                               0.750000    0.907371   -0.157371 (VIOLATED)
_14567_/A1                              0.750000    0.907369   -0.157369 (VIOLATED)
_14504_/B                               0.750000    0.907368   -0.157368 (VIOLATED)
_15702_/A1                              0.750000    0.907368   -0.157368 (VIOLATED)
_14871_/B                               0.750000    0.907368   -0.157368 (VIOLATED)
_15129_/A1                              0.750000    0.907368   -0.157368 (VIOLATED)
_14531_/B                               0.750000    0.907367   -0.157367 (VIOLATED)
_14565_/A                               0.750000    0.907368   -0.157368 (VIOLATED)
_15114_/A1                              0.750000    0.907367   -0.157368 (VIOLATED)
_09466_/A                               0.750000    0.907367   -0.157367 (VIOLATED)
_14502_/B                               0.750000    0.907367   -0.157367 (VIOLATED)
_14505_/B                               0.750000    0.907367   -0.157367 (VIOLATED)
_14509_/A_N                             0.750000    0.907367   -0.157367 (VIOLATED)
_14530_/B                               0.750000    0.907367   -0.157367 (VIOLATED)
_14534_/B                               0.750000    0.907367   -0.157367 (VIOLATED)
_14560_/B                               0.750000    0.907367   -0.157367 (VIOLATED)
_15187_/B2                              0.750000    0.907367   -0.157367 (VIOLATED)
_15638_/B2                              0.750000    0.907367   -0.157367 (VIOLATED)
_17503_/A0                              0.750000    0.907367   -0.157367 (VIOLATED)
_18870_/Q                               0.750000    0.907367   -0.157367 (VIOLATED)
_17577_/A0                              0.750000    0.907025   -0.157025 (VIOLATED)
_18894_/Q                               0.750000    0.907025   -0.157025 (VIOLATED)
_14411_/B1_N                            0.750000    0.904879   -0.154879 (VIOLATED)
_14374_/A_N                             0.750000    0.904879   -0.154879 (VIOLATED)
_14376_/A                               0.750000    0.904878   -0.154878 (VIOLATED)
_14395_/A                               0.750000    0.904877   -0.154877 (VIOLATED)
_14392_/C                               0.750000    0.904877   -0.154877 (VIOLATED)
_14416_/A                               0.750000    0.904876   -0.154877 (VIOLATED)
_15021_/D                               0.750000    0.904876   -0.154876 (VIOLATED)
_14396_/A                               0.750000    0.904876   -0.154876 (VIOLATED)
_14478_/A1                              0.750000    0.904867   -0.154867 (VIOLATED)
_14391_/B                               0.750000    0.904864   -0.154864 (VIOLATED)
_14446_/A                               0.750000    0.904861   -0.154861 (VIOLATED)
_14432_/A1                              0.750000    0.904856   -0.154856 (VIOLATED)
_14448_/A                               0.750000    0.904851   -0.154851 (VIOLATED)
_14382_/B                               0.750000    0.904845   -0.154845 (VIOLATED)
_14454_/A                               0.750000    0.904845   -0.154845 (VIOLATED)
_14393_/A_N                             0.750000    0.904844   -0.154844 (VIOLATED)
_14413_/C_N                             0.750000    0.904843   -0.154843 (VIOLATED)
_14404_/A                               0.750000    0.904841   -0.154841 (VIOLATED)
_14418_/A                               0.750000    0.904841   -0.154841 (VIOLATED)
_14415_/A                               0.750000    0.904840   -0.154840 (VIOLATED)
_14408_/A                               0.750000    0.904839   -0.154839 (VIOLATED)
_15577_/A1                              0.750000    0.904839   -0.154839 (VIOLATED)
_14409_/A                               0.750000    0.904829   -0.154829 (VIOLATED)
_14447_/A                               0.750000    0.904825   -0.154825 (VIOLATED)
_14410_/A1                              0.750000    0.904822   -0.154822 (VIOLATED)
_15317_/A1                              0.750000    0.904799   -0.154800 (VIOLATED)
_14933_/A1                              0.750000    0.904794   -0.154794 (VIOLATED)
_14930_/A1                              0.750000    0.904786   -0.154786 (VIOLATED)
_14385_/A                               0.750000    0.904717   -0.154717 (VIOLATED)
_14394_/A_N                             0.750000    0.904718   -0.154718 (VIOLATED)
_14405_/A                               0.750000    0.904717   -0.154717 (VIOLATED)
_14439_/A1                              0.750000    0.904715   -0.154715 (VIOLATED)
_14383_/B                               0.750000    0.904714   -0.154714 (VIOLATED)
_14397_/C                               0.750000    0.904713   -0.154713 (VIOLATED)
_14384_/A                               0.750000    0.904704   -0.154704 (VIOLATED)
_14381_/A_N                             0.750000    0.904699   -0.154699 (VIOLATED)
_14923_/C                               0.750000    0.904693   -0.154693 (VIOLATED)
_14431_/A                               0.750000    0.904691   -0.154691 (VIOLATED)
_14417_/A                               0.750000    0.904683   -0.154683 (VIOLATED)
_14467_/C                               0.750000    0.904672   -0.154672 (VIOLATED)
_14373_/A_N                             0.750000    0.904671   -0.154671 (VIOLATED)
_14433_/A1                              0.750000    0.904664   -0.154664 (VIOLATED)
_14459_/A_N                             0.750000    0.904664   -0.154664 (VIOLATED)
_17752_/A1                              0.750000    0.904407   -0.154407 (VIOLATED)
_18951_/Q                               0.750000    0.904407   -0.154407 (VIOLATED)
_11851_/A_N                             0.750000    0.894922   -0.144922 (VIOLATED)
_11873_/B                               0.750000    0.894922   -0.144922 (VIOLATED)
_11861_/A_N                             0.750000    0.894921   -0.144921 (VIOLATED)
_11925_/B                               0.750000    0.894921   -0.144921 (VIOLATED)
_11844_/C_N                             0.750000    0.894919   -0.144919 (VIOLATED)
_12066_/A1                              0.750000    0.894919   -0.144919 (VIOLATED)
_12077_/A1                              0.750000    0.894918   -0.144918 (VIOLATED)
_11867_/A                               0.750000    0.894912   -0.144912 (VIOLATED)
_12148_/A1                              0.750000    0.894907   -0.144907 (VIOLATED)
_11870_/B                               0.750000    0.894904   -0.144904 (VIOLATED)
_11874_/A2                              0.750000    0.894900   -0.144900 (VIOLATED)
_11916_/B                               0.750000    0.894900   -0.144900 (VIOLATED)
_11860_/B                               0.750000    0.894899   -0.144899 (VIOLATED)
_11883_/B                               0.750000    0.894899   -0.144899 (VIOLATED)
_11882_/C                               0.750000    0.894898   -0.144898 (VIOLATED)
_11880_/B                               0.750000    0.894897   -0.144897 (VIOLATED)
_11900_/A                               0.750000    0.894892   -0.144892 (VIOLATED)
_11872_/A                               0.750000    0.894890   -0.144890 (VIOLATED)
_11871_/A                               0.750000    0.894889   -0.144889 (VIOLATED)
_11878_/A1                              0.750000    0.894889   -0.144889 (VIOLATED)
_12144_/A1                              0.750000    0.894886   -0.144886 (VIOLATED)
_11881_/B                               0.750000    0.894885   -0.144885 (VIOLATED)
_11877_/A                               0.750000    0.894883   -0.144883 (VIOLATED)
_11868_/A                               0.750000    0.894883   -0.144883 (VIOLATED)
_11842_/B                               0.750000    0.894878   -0.144878 (VIOLATED)
_11963_/B                               0.750000    0.894876   -0.144876 (VIOLATED)
_12199_/A1                              0.750000    0.894872   -0.144872 (VIOLATED)
_11931_/A2                              0.750000    0.894866   -0.144866 (VIOLATED)
_12162_/A1                              0.750000    0.894862   -0.144862 (VIOLATED)
_12022_/B2                              0.750000    0.894859   -0.144859 (VIOLATED)
_11888_/A2                              0.750000    0.894823   -0.144823 (VIOLATED)
_11896_/C                               0.750000    0.894821   -0.144821 (VIOLATED)
_12070_/A1                              0.750000    0.894821   -0.144821 (VIOLATED)
_11981_/A1                              0.750000    0.894820   -0.144820 (VIOLATED)
_11841_/B                               0.750000    0.894819   -0.144819 (VIOLATED)
_11913_/B1_N                            0.750000    0.894819   -0.144819 (VIOLATED)
_12023_/A_N                             0.750000    0.894818   -0.144818 (VIOLATED)
_11852_/A_N                             0.750000    0.894817   -0.144817 (VIOLATED)
_12127_/A                               0.750000    0.894814   -0.144814 (VIOLATED)
_11876_/A                               0.750000    0.894813   -0.144813 (VIOLATED)
_11862_/A_N                             0.750000    0.894810   -0.144810 (VIOLATED)
_11869_/B                               0.750000    0.894805   -0.144805 (VIOLATED)
_11932_/A2                              0.750000    0.894800   -0.144800 (VIOLATED)
_11897_/A                               0.750000    0.894799   -0.144799 (VIOLATED)
_11901_/A                               0.750000    0.894798   -0.144798 (VIOLATED)
_11843_/B                               0.750000    0.894784   -0.144784 (VIOLATED)
_11633_/A                               0.750000    0.894672   -0.144672 (VIOLATED)
_17894_/A1                              0.750000    0.894672   -0.144672 (VIOLATED)
_19000_/Q                               0.750000    0.894672   -0.144672 (VIOLATED)
_10787_/A2                              0.750000    0.884158   -0.134158 (VIOLATED)
_09861_/A2                              0.750000    0.884157   -0.134157 (VIOLATED)
_11218_/B1                              0.750000    0.884157   -0.134157 (VIOLATED)
_10900_/B1                              0.750000    0.884157   -0.134157 (VIOLATED)
_11316_/A2                              0.750000    0.884155   -0.134155 (VIOLATED)
_11322_/A0                              0.750000    0.884156   -0.134156 (VIOLATED)
_10359_/A0                              0.750000    0.884155   -0.134155 (VIOLATED)
_10369_/B                               0.750000    0.884154   -0.134154 (VIOLATED)
_09855_/A2                              0.750000    0.884154   -0.134154 (VIOLATED)
_09853_/Y                               0.750000    0.884152   -0.134152 (VIOLATED)
_09860_/A2                              0.750000    0.884152   -0.134152 (VIOLATED)
_10344_/A2                              0.750000    0.884152   -0.134152 (VIOLATED)
_10562_/B                               0.750000    0.884152   -0.134152 (VIOLATED)
_10597_/A2                              0.750000    0.884152   -0.134152 (VIOLATED)
_11056_/A3                              0.750000    0.884152   -0.134152 (VIOLATED)
_11327_/A2                              0.750000    0.884152   -0.134152 (VIOLATED)
_11331_/B                               0.750000    0.884152   -0.134152 (VIOLATED)
_17185_/C1                              0.750000    0.882184   -0.132184 (VIOLATED)
_09488_/A                               0.750000    0.882184   -0.132184 (VIOLATED)
_17062_/B1                              0.750000    0.882181   -0.132181 (VIOLATED)
_17063_/A1                              0.750000    0.882180   -0.132180 (VIOLATED)
_17176_/A1                              0.750000    0.882175   -0.132175 (VIOLATED)
_17315_/A1                              0.750000    0.882171   -0.132171 (VIOLATED)
_17310_/C1                              0.750000    0.882165   -0.132165 (VIOLATED)
_17055_/A1                              0.750000    0.882164   -0.132164 (VIOLATED)
_17295_/C1                              0.750000    0.882162   -0.132162 (VIOLATED)
_17065_/C1                              0.750000    0.882161   -0.132162 (VIOLATED)
_17300_/A1                              0.750000    0.882157   -0.132157 (VIOLATED)
_17060_/A1                              0.750000    0.882154   -0.132154 (VIOLATED)
_17194_/A1                              0.750000    0.882152   -0.132152 (VIOLATED)
_17067_/B1                              0.750000    0.882150   -0.132151 (VIOLATED)
_17070_/B1                              0.750000    0.882148   -0.132148 (VIOLATED)
_17193_/B1                              0.750000    0.882146   -0.132146 (VIOLATED)
_16976_/C1                              0.750000    0.882126   -0.132126 (VIOLATED)
_16984_/A1                              0.750000    0.882118   -0.132118 (VIOLATED)
_17177_/B1                              0.750000    0.882107   -0.132107 (VIOLATED)
_16506_/A                               0.750000    0.882103   -0.132103 (VIOLATED)
_16802_/B1                              0.750000    0.882103   -0.132103 (VIOLATED)
_16501_/B1                              0.750000    0.882102   -0.132102 (VIOLATED)
_17000_/A1                              0.750000    0.882096   -0.132096 (VIOLATED)
_16699_/A1                              0.750000    0.882094   -0.132094 (VIOLATED)
_16696_/B1                              0.750000    0.882092   -0.132092 (VIOLATED)
_16795_/C1                              0.750000    0.882082   -0.132082 (VIOLATED)
_16797_/B1                              0.750000    0.882060   -0.132060 (VIOLATED)
_16678_/A1                              0.750000    0.882059   -0.132059 (VIOLATED)
_16671_/C1                              0.750000    0.882056   -0.132056 (VIOLATED)
_16684_/B1                              0.750000    0.882053   -0.132053 (VIOLATED)
_16499_/A                               0.750000    0.882018   -0.132018 (VIOLATED)
_16703_/A1                              0.750000    0.882018   -0.132018 (VIOLATED)
_16704_/A1                              0.750000    0.882017   -0.132017 (VIOLATED)
_17297_/C1                              0.750000    0.882006   -0.132006 (VIOLATED)
_16781_/A                               0.750000    0.881976   -0.131976 (VIOLATED)
_16784_/B1                              0.750000    0.881964   -0.131965 (VIOLATED)
_16493_/A                               0.750000    0.881951   -0.131951 (VIOLATED)
_16495_/A1                              0.750000    0.881944   -0.131945 (VIOLATED)
_16485_/C1                              0.750000    0.881944   -0.131944 (VIOLATED)
_16205_/A1                              0.750000    0.881906   -0.131906 (VIOLATED)
_16682_/C1                              0.750000    0.881898   -0.131898 (VIOLATED)
_16790_/C1                              0.750000    0.881898   -0.131898 (VIOLATED)
_17616_/A0                              0.750000    0.881693   -0.131693 (VIOLATED)
_18907_/Q                               0.750000    0.881693   -0.131693 (VIOLATED)
_10188_/A                               0.750000    0.867052   -0.117053 (VIOLATED)
_10190_/A                               0.750000    0.867052   -0.117052 (VIOLATED)
_10151_/B                               0.750000    0.867052   -0.117052 (VIOLATED)
_10152_/B                               0.750000    0.867052   -0.117052 (VIOLATED)
_10157_/A                               0.750000    0.867051   -0.117051 (VIOLATED)
_10187_/A_N                             0.750000    0.867051   -0.117051 (VIOLATED)
_10214_/C_N                             0.750000    0.867051   -0.117051 (VIOLATED)
_10221_/B                               0.750000    0.867049   -0.117049 (VIOLATED)
_10432_/A1                              0.750000    0.867048   -0.117048 (VIOLATED)
_10461_/B                               0.750000    0.867047   -0.117047 (VIOLATED)
_10463_/A1                              0.750000    0.867047   -0.117047 (VIOLATED)
_10168_/B                               0.750000    0.867047   -0.117047 (VIOLATED)
_10222_/B                               0.750000    0.867047   -0.117047 (VIOLATED)
_10153_/A_N                             0.750000    0.867046   -0.117046 (VIOLATED)
_10159_/B                               0.750000    0.867046   -0.117046 (VIOLATED)
_10175_/A                               0.750000    0.867045   -0.117045 (VIOLATED)
_10178_/B                               0.750000    0.867045   -0.117045 (VIOLATED)
_10177_/B                               0.750000    0.867045   -0.117045 (VIOLATED)
_10435_/A1                              0.750000    0.867045   -0.117045 (VIOLATED)
_10176_/A1                              0.750000    0.867044   -0.117044 (VIOLATED)
_10189_/A                               0.750000    0.867042   -0.117042 (VIOLATED)
_10229_/A_N                             0.750000    0.867041   -0.117041 (VIOLATED)
_10148_/B                               0.750000    0.867039   -0.117039 (VIOLATED)
_10673_/A1                              0.750000    0.867035   -0.117035 (VIOLATED)
_10230_/A_N                             0.750000    0.867035   -0.117035 (VIOLATED)
_10169_/B                               0.750000    0.867022   -0.117022 (VIOLATED)
_10186_/A_N                             0.750000    0.867004   -0.117004 (VIOLATED)
_11404_/A1                              0.750000    0.866999   -0.116999 (VIOLATED)
_10201_/B                               0.750000    0.866998   -0.116998 (VIOLATED)
_10154_/A_N                             0.750000    0.866998   -0.116998 (VIOLATED)
_11152_/A2                              0.750000    0.866997   -0.116997 (VIOLATED)
_11399_/C                               0.750000    0.866995   -0.116995 (VIOLATED)
_10156_/A                               0.750000    0.866993   -0.116993 (VIOLATED)
_10160_/B                               0.750000    0.866993   -0.116993 (VIOLATED)
_10182_/B                               0.750000    0.866993   -0.116993 (VIOLATED)
_10184_/B                               0.750000    0.866993   -0.116993 (VIOLATED)
_10191_/A1                              0.750000    0.866993   -0.116993 (VIOLATED)
_10200_/B                               0.750000    0.866993   -0.116993 (VIOLATED)
_10644_/A2                              0.750000    0.866993   -0.116993 (VIOLATED)
_10652_/B                               0.750000    0.866993   -0.116993 (VIOLATED)
_11297_/B2                              0.750000    0.866993   -0.116993 (VIOLATED)
_11385_/A2                              0.750000    0.866993   -0.116993 (VIOLATED)
_12379_/A                               0.750000    0.866993   -0.116993 (VIOLATED)
_17922_/A1                              0.750000    0.866993   -0.116993 (VIOLATED)
_19014_/Q                               0.750000    0.866993   -0.116993 (VIOLATED)
_15961_/B                               0.750000    0.866583   -0.116583 (VIOLATED)
_15964_/A_N                             0.750000    0.866583   -0.116583 (VIOLATED)
_15931_/A                               0.750000    0.866582   -0.116582 (VIOLATED)
_15898_/A                               0.750000    0.866582   -0.116582 (VIOLATED)
_15947_/C_N                             0.750000    0.866582   -0.116582 (VIOLATED)
_15950_/A                               0.750000    0.866581   -0.116581 (VIOLATED)
_15915_/B1_N                            0.750000    0.866581   -0.116581 (VIOLATED)
_15939_/C                               0.750000    0.866580   -0.116580 (VIOLATED)
_15891_/A                               0.750000    0.866578   -0.116578 (VIOLATED)
_15934_/B1_N                            0.750000    0.866574   -0.116574 (VIOLATED)
_16223_/A1                              0.750000    0.866572   -0.116572 (VIOLATED)
_15914_/B                               0.750000    0.866569   -0.116569 (VIOLATED)
_16434_/A1                              0.750000    0.866569   -0.116569 (VIOLATED)
_15894_/A                               0.750000    0.866565   -0.116565 (VIOLATED)
_15886_/A                               0.750000    0.866565   -0.116565 (VIOLATED)
_15921_/A_N                             0.750000    0.866558   -0.116558 (VIOLATED)
_15928_/A1                              0.750000    0.866552   -0.116552 (VIOLATED)
_16895_/A1                              0.750000    0.866551   -0.116551 (VIOLATED)
_15897_/A                               0.750000    0.866549   -0.116549 (VIOLATED)
_15987_/A                               0.750000    0.866548   -0.116548 (VIOLATED)
_16884_/A1                              0.750000    0.866540   -0.116540 (VIOLATED)
_16215_/A                               0.750000    0.866527   -0.116527 (VIOLATED)
_09471_/A                               0.750000    0.866521   -0.116521 (VIOLATED)
_15900_/C                               0.750000    0.866513   -0.116513 (VIOLATED)
_16219_/A1                              0.750000    0.866505   -0.116505 (VIOLATED)
_15887_/B                               0.750000    0.866498   -0.116498 (VIOLATED)
_16429_/A1                              0.750000    0.866495   -0.116495 (VIOLATED)
_15909_/A_N                             0.750000    0.866494   -0.116494 (VIOLATED)
_15930_/A                               0.750000    0.866494   -0.116494 (VIOLATED)
_15960_/A1                              0.750000    0.866494   -0.116494 (VIOLATED)
_15888_/B                               0.750000    0.866493   -0.116493 (VIOLATED)
_15918_/A1                              0.750000    0.866493   -0.116493 (VIOLATED)
_15945_/A                               0.750000    0.866490   -0.116490 (VIOLATED)
_15959_/A1                              0.750000    0.866489   -0.116489 (VIOLATED)
_17023_/A1                              0.750000    0.866488   -0.116488 (VIOLATED)
_15895_/A_N                             0.750000    0.866486   -0.116486 (VIOLATED)
_15896_/A_N                             0.750000    0.866485   -0.116485 (VIOLATED)
_15906_/A                               0.750000    0.866484   -0.116484 (VIOLATED)
_15913_/B                               0.750000    0.866484   -0.116484 (VIOLATED)
_15910_/A_N                             0.750000    0.866484   -0.116484 (VIOLATED)
_17026_/A1                              0.750000    0.866483   -0.116483 (VIOLATED)
_17016_/A1                              0.750000    0.866481   -0.116481 (VIOLATED)
_16594_/B                               0.750000    0.866477   -0.116477 (VIOLATED)
_15905_/A                               0.750000    0.866475   -0.116475 (VIOLATED)
_15932_/A                               0.750000    0.866475   -0.116475 (VIOLATED)
_15885_/A                               0.750000    0.866474   -0.116474 (VIOLATED)
_16222_/A1                              0.750000    0.866472   -0.116472 (VIOLATED)
_15937_/B                               0.750000    0.866471   -0.116471 (VIOLATED)
_17485_/A0                              0.750000    0.866459   -0.116459 (VIOLATED)
_18864_/Q                               0.750000    0.866459   -0.116459 (VIOLATED)
_09853_/A                               0.750000    0.859829   -0.109829 (VIOLATED)
_09841_/A                               0.750000    0.859828   -0.109828 (VIOLATED)
_09778_/B                               0.750000    0.859828   -0.109828 (VIOLATED)
_09840_/A1                              0.750000    0.859828   -0.109828 (VIOLATED)
_09868_/A_N                             0.750000    0.859827   -0.109827 (VIOLATED)
_09869_/A1                              0.750000    0.859827   -0.109827 (VIOLATED)
_09865_/A                               0.750000    0.859826   -0.109826 (VIOLATED)
_10581_/B2                              0.750000    0.859826   -0.109826 (VIOLATED)
_10568_/A1                              0.750000    0.859824   -0.109824 (VIOLATED)
_09381_/A                               0.750000    0.859824   -0.109824 (VIOLATED)
_09777_/B                               0.750000    0.859824   -0.109824 (VIOLATED)
_09779_/C_N                             0.750000    0.859824   -0.109824 (VIOLATED)
_09780_/C_N                             0.750000    0.859824   -0.109824 (VIOLATED)
_09787_/A_N                             0.750000    0.859824   -0.109824 (VIOLATED)
_09788_/A_N                             0.750000    0.859824   -0.109824 (VIOLATED)
_09789_/A                               0.750000    0.859824   -0.109824 (VIOLATED)
_09790_/A                               0.750000    0.859824   -0.109824 (VIOLATED)
_09791_/A                               0.750000    0.859824   -0.109824 (VIOLATED)
_09792_/A                               0.750000    0.859824   -0.109824 (VIOLATED)
_09809_/A                               0.750000    0.859824   -0.109824 (VIOLATED)
_09810_/A1                              0.750000    0.859824   -0.109824 (VIOLATED)
_09811_/A                               0.750000    0.859824   -0.109824 (VIOLATED)
_09812_/A                               0.750000    0.859824   -0.109824 (VIOLATED)
_09814_/A_N                             0.750000    0.859824   -0.109824 (VIOLATED)
_09815_/A_N                             0.750000    0.859824   -0.109824 (VIOLATED)
_09821_/A1                              0.750000    0.859824   -0.109824 (VIOLATED)
_09822_/A_N                             0.750000    0.859824   -0.109824 (VIOLATED)
_09823_/A1                              0.750000    0.859824   -0.109824 (VIOLATED)
_09824_/A1                              0.750000    0.859824   -0.109824 (VIOLATED)
_09826_/C                               0.750000    0.859824   -0.109824 (VIOLATED)
_09830_/A                               0.750000    0.859824   -0.109824 (VIOLATED)
_09831_/A1                              0.750000    0.859824   -0.109824 (VIOLATED)
_09832_/A                               0.750000    0.859824   -0.109824 (VIOLATED)
_09838_/B1_N                            0.750000    0.859824   -0.109824 (VIOLATED)
_09844_/C                               0.750000    0.859824   -0.109824 (VIOLATED)
_09847_/A                               0.750000    0.859824   -0.109824 (VIOLATED)
_09867_/A                               0.750000    0.859824   -0.109824 (VIOLATED)
_10348_/A1                              0.750000    0.859824   -0.109824 (VIOLATED)
_10358_/A1                              0.750000    0.859824   -0.109824 (VIOLATED)
_10371_/A1                              0.750000    0.859824   -0.109824 (VIOLATED)
_10797_/A1                              0.750000    0.859824   -0.109824 (VIOLATED)
_10809_/A1                              0.750000    0.859824   -0.109824 (VIOLATED)
_10890_/A1                              0.750000    0.859824   -0.109824 (VIOLATED)
_11040_/A1                              0.750000    0.859824   -0.109824 (VIOLATED)
_11050_/A1                              0.750000    0.859824   -0.109824 (VIOLATED)
_17832_/A0                              0.750000    0.859824   -0.109824 (VIOLATED)
_18976_/Q                               0.750000    0.859824   -0.109824 (VIOLATED)
_14304_/B                               0.750000    0.859686   -0.109686 (VIOLATED)
_14358_/C                               0.750000    0.859685   -0.109685 (VIOLATED)
_14291_/B                               0.750000    0.859685   -0.109685 (VIOLATED)
_14784_/B                               0.750000    0.859685   -0.109685 (VIOLATED)
_14360_/A2                              0.750000    0.859684   -0.109684 (VIOLATED)
_14290_/B                               0.750000    0.859684   -0.109684 (VIOLATED)
_15418_/A1                              0.750000    0.859683   -0.109683 (VIOLATED)
_14329_/A                               0.750000    0.859682   -0.109682 (VIOLATED)
_14296_/B                               0.750000    0.859678   -0.109678 (VIOLATED)
_14348_/B                               0.750000    0.859677   -0.109677 (VIOLATED)
_14306_/B                               0.750000    0.859676   -0.109676 (VIOLATED)
_14352_/A_N                             0.750000    0.859676   -0.109676 (VIOLATED)
_14362_/A2                              0.750000    0.859676   -0.109676 (VIOLATED)
_14275_/B                               0.750000    0.859676   -0.109676 (VIOLATED)
_14269_/A_N                             0.750000    0.859676   -0.109676 (VIOLATED)
_14779_/A2                              0.750000    0.859675   -0.109675 (VIOLATED)
_14284_/B                               0.750000    0.859675   -0.109675 (VIOLATED)
_14349_/B                               0.750000    0.859673   -0.109673 (VIOLATED)
_14271_/A_N                             0.750000    0.859672   -0.109672 (VIOLATED)
_14766_/B                               0.750000    0.859671   -0.109671 (VIOLATED)
_14320_/C_N                             0.750000    0.859670   -0.109670 (VIOLATED)
_14332_/B                               0.750000    0.859670   -0.109670 (VIOLATED)
_14815_/A1                              0.750000    0.859670   -0.109670 (VIOLATED)
_15412_/A1                              0.750000    0.859668   -0.109668 (VIOLATED)
_14799_/A                               0.750000    0.859667   -0.109667 (VIOLATED)
_14973_/A1                              0.750000    0.859667   -0.109667 (VIOLATED)
_14342_/C                               0.750000    0.859663   -0.109663 (VIOLATED)
_14270_/A                               0.750000    0.859663   -0.109663 (VIOLATED)
_14317_/A2                              0.750000    0.859661   -0.109661 (VIOLATED)
_14771_/C                               0.750000    0.859661   -0.109661 (VIOLATED)
_14283_/B                               0.750000    0.859657   -0.109658 (VIOLATED)
_14268_/A_N                             0.750000    0.859657   -0.109657 (VIOLATED)
_14312_/B                               0.750000    0.859657   -0.109657 (VIOLATED)
_14300_/A_N                             0.750000    0.859656   -0.109656 (VIOLATED)
_14310_/A2                              0.750000    0.859655   -0.109655 (VIOLATED)
_14343_/C                               0.750000    0.859655   -0.109655 (VIOLATED)
_14297_/B                               0.750000    0.859652   -0.109652 (VIOLATED)
_14313_/B                               0.750000    0.859650   -0.109650 (VIOLATED)
_14272_/A_N                             0.750000    0.859649   -0.109649 (VIOLATED)
_14298_/A2                              0.750000    0.859649   -0.109649 (VIOLATED)
_14780_/A2                              0.750000    0.859649   -0.109649 (VIOLATED)
_14321_/C_N                             0.750000    0.859647   -0.109647 (VIOLATED)
_14328_/A                               0.750000    0.859645   -0.109645 (VIOLATED)
_14803_/A1                              0.750000    0.859645   -0.109645 (VIOLATED)
_14778_/B2                              0.750000    0.859645   -0.109645 (VIOLATED)
_14789_/A2                              0.750000    0.859645   -0.109645 (VIOLATED)
_09445_/A                               0.750000    0.859644   -0.109644 (VIOLATED)
_18959_/Q                               0.750000    0.859644   -0.109644 (VIOLATED)
_14557_/A                               0.750000    0.845078   -0.095078 (VIOLATED)
_14492_/A                               0.750000    0.845078   -0.095078 (VIOLATED)
_14539_/A                               0.750000    0.845078   -0.095078 (VIOLATED)
_14881_/A1                              0.750000    0.845078   -0.095078 (VIOLATED)
_14549_/B1_N                            0.750000    0.845078   -0.095078 (VIOLATED)
_14558_/A                               0.750000    0.845077   -0.095077 (VIOLATED)
_14499_/A_N                             0.750000    0.845076   -0.095076 (VIOLATED)
_09465_/A                               0.750000    0.845074   -0.095074 (VIOLATED)
_15379_/B                               0.750000    0.845073   -0.095073 (VIOLATED)
_14490_/A_N                             0.750000    0.845072   -0.095072 (VIOLATED)
_14572_/A1                              0.750000    0.845072   -0.095072 (VIOLATED)
_14541_/A1                              0.750000    0.845072   -0.095072 (VIOLATED)
_14491_/A                               0.750000    0.845072   -0.095072 (VIOLATED)
_14556_/A                               0.750000    0.845072   -0.095072 (VIOLATED)
_14581_/B                               0.750000    0.845070   -0.095070 (VIOLATED)
_14488_/B                               0.750000    0.845069   -0.095069 (VIOLATED)
_14489_/A_N                             0.750000    0.845066   -0.095066 (VIOLATED)
_14580_/A                               0.750000    0.845063   -0.095063 (VIOLATED)
_14500_/A                               0.750000    0.845059   -0.095059 (VIOLATED)
_14542_/A1                              0.750000    0.845059   -0.095059 (VIOLATED)
_14498_/A_N                             0.750000    0.845059   -0.095059 (VIOLATED)
_14524_/C_N                             0.750000    0.845059   -0.095059 (VIOLATED)
_15450_/A1                              0.750000    0.845058   -0.095058 (VIOLATED)
_14574_/A1                              0.750000    0.845058   -0.095058 (VIOLATED)
_15178_/B2                              0.750000    0.845058   -0.095058 (VIOLATED)
_14540_/A                               0.750000    0.845057   -0.095057 (VIOLATED)
_14514_/B                               0.750000    0.845057   -0.095057 (VIOLATED)
_14871_/A_N                             0.750000    0.845057   -0.095057 (VIOLATED)
_14504_/A                               0.750000    0.845056   -0.095056 (VIOLATED)
_14505_/A                               0.750000    0.845056   -0.095056 (VIOLATED)
_14512_/A                               0.750000    0.845056   -0.095056 (VIOLATED)
_14515_/B                               0.750000    0.845056   -0.095056 (VIOLATED)
_14523_/C_N                             0.750000    0.845056   -0.095056 (VIOLATED)
_14527_/B                               0.750000    0.845056   -0.095056 (VIOLATED)
_14530_/A                               0.750000    0.845056   -0.095056 (VIOLATED)
_14531_/A                               0.750000    0.845056   -0.095056 (VIOLATED)
_14535_/A                               0.750000    0.845056   -0.095056 (VIOLATED)
_14536_/A                               0.750000    0.845056   -0.095056 (VIOLATED)
_14554_/B                               0.750000    0.845056   -0.095056 (VIOLATED)
_14560_/C                               0.750000    0.845056   -0.095056 (VIOLATED)
_14573_/A                               0.750000    0.845056   -0.095056 (VIOLATED)
_14892_/B                               0.750000    0.845056   -0.095056 (VIOLATED)
_15192_/A1                              0.750000    0.845056   -0.095056 (VIOLATED)
_17509_/A0                              0.750000    0.845056   -0.095056 (VIOLATED)
_18872_/Q                               0.750000    0.845056   -0.095056 (VIOLATED)
_11005_/B                               0.750000    0.844886   -0.094886 (VIOLATED)
_13797_/A                               0.750000    0.844824   -0.094824 (VIOLATED)
_11004_/Y                               0.750000    0.844821   -0.094821 (VIOLATED)
_17946_/A                               0.750000    0.844821   -0.094821 (VIOLATED)
_11565_/A2                              0.750000    0.840876   -0.090876 (VIOLATED)
_11547_/A                               0.750000    0.840876   -0.090876 (VIOLATED)
_11598_/C1                              0.750000    0.840875   -0.090875 (VIOLATED)
_11561_/B1                              0.750000    0.840873   -0.090874 (VIOLATED)
_11654_/A1                              0.750000    0.840873   -0.090873 (VIOLATED)
_11678_/A                               0.750000    0.840873   -0.090873 (VIOLATED)
_11570_/C1                              0.750000    0.840873   -0.090873 (VIOLATED)
_11730_/S1                              0.750000    0.840871   -0.090871 (VIOLATED)
_11471_/C1                              0.750000    0.840870   -0.090870 (VIOLATED)
_11794_/C1                              0.750000    0.840870   -0.090870 (VIOLATED)
_11694_/A1                              0.750000    0.840868   -0.090868 (VIOLATED)
_11693_/A1                              0.750000    0.840865   -0.090865 (VIOLATED)
_11818_/C1                              0.750000    0.840851   -0.090851 (VIOLATED)
_11802_/B1                              0.750000    0.840842   -0.090842 (VIOLATED)
_11617_/B1                              0.750000    0.840840   -0.090840 (VIOLATED)
_11691_/B2                              0.750000    0.840826   -0.090826 (VIOLATED)
_11659_/A1                              0.750000    0.840826   -0.090826 (VIOLATED)
_11736_/A                               0.750000    0.840826   -0.090826 (VIOLATED)
_11574_/A1                              0.750000    0.840823   -0.090823 (VIOLATED)
_11765_/A                               0.750000    0.840823   -0.090823 (VIOLATED)
_11798_/B1                              0.750000    0.840822   -0.090822 (VIOLATED)
_11809_/A1                              0.750000    0.840821   -0.090821 (VIOLATED)
_11774_/A1                              0.750000    0.840819   -0.090819 (VIOLATED)
_11622_/C1                              0.750000    0.840814   -0.090814 (VIOLATED)
_11651_/A1                              0.750000    0.840813   -0.090813 (VIOLATED)
_11604_/A                               0.750000    0.840810   -0.090810 (VIOLATED)
_11679_/C1                              0.750000    0.840804   -0.090804 (VIOLATED)
_11744_/A1                              0.750000    0.840802   -0.090802 (VIOLATED)
_11740_/A1                              0.750000    0.840796   -0.090796 (VIOLATED)
_11690_/C1                              0.750000    0.840795   -0.090795 (VIOLATED)
_11743_/A1                              0.750000    0.840789   -0.090789 (VIOLATED)
_11722_/A1                              0.750000    0.840781   -0.090781 (VIOLATED)
_11605_/C1                              0.750000    0.840770   -0.090770 (VIOLATED)
_11770_/B1                              0.750000    0.840753   -0.090753 (VIOLATED)
_11540_/S1                              0.750000    0.840752   -0.090752 (VIOLATED)
_11554_/C1                              0.750000    0.840751   -0.090751 (VIOLATED)
_11806_/A1                              0.750000    0.840751   -0.090751 (VIOLATED)
_11644_/C1                              0.750000    0.840747   -0.090747 (VIOLATED)
_11511_/A1                              0.750000    0.840738   -0.090738 (VIOLATED)
_11760_/B                               0.750000    0.840735   -0.090735 (VIOLATED)
_11505_/A1                              0.750000    0.840734   -0.090734 (VIOLATED)
_11510_/B                               0.750000    0.840734   -0.090734 (VIOLATED)
_11763_/C1                              0.750000    0.840732   -0.090732 (VIOLATED)
_11735_/B1                              0.750000    0.840708   -0.090708 (VIOLATED)
_09397_/Y                               0.750000    0.840421   -0.090421 (VIOLATED)
_11005_/A                               0.750000    0.840421   -0.090421 (VIOLATED)
_09424_/A                               0.750000    0.840270   -0.090270 (VIOLATED)
_13092_/A                               0.750000    0.840270   -0.090270 (VIOLATED)
_13058_/B                               0.750000    0.840270   -0.090270 (VIOLATED)
_13107_/A_N                             0.750000    0.840269   -0.090269 (VIOLATED)
_13684_/A1                              0.750000    0.840268   -0.090269 (VIOLATED)
_13679_/A1                              0.750000    0.840268   -0.090268 (VIOLATED)
_13187_/A1                              0.750000    0.840267   -0.090267 (VIOLATED)
_13063_/B1_N                            0.750000    0.840267   -0.090267 (VIOLATED)
_13112_/B                               0.750000    0.840267   -0.090267 (VIOLATED)
_13059_/B                               0.750000    0.840266   -0.090266 (VIOLATED)
_13133_/A2                              0.750000    0.840266   -0.090266 (VIOLATED)
_13075_/A2                              0.750000    0.840266   -0.090266 (VIOLATED)
_13193_/C                               0.750000    0.840266   -0.090266 (VIOLATED)
_13442_/C1                              0.750000    0.840266   -0.090266 (VIOLATED)
_13178_/A2                              0.750000    0.840265   -0.090265 (VIOLATED)
_13196_/A1                              0.750000    0.840264   -0.090264 (VIOLATED)
_13160_/A                               0.750000    0.840264   -0.090264 (VIOLATED)
_13163_/A1                              0.750000    0.840264   -0.090264 (VIOLATED)
_13065_/A_N                             0.750000    0.840263   -0.090263 (VIOLATED)
_13070_/A_N                             0.750000    0.840262   -0.090262 (VIOLATED)
_13280_/A                               0.750000    0.840258   -0.090258 (VIOLATED)
_13073_/B                               0.750000    0.840257   -0.090257 (VIOLATED)
_13090_/A                               0.750000    0.840257   -0.090257 (VIOLATED)
_13116_/C_N                             0.750000    0.840256   -0.090256 (VIOLATED)
_13081_/B                               0.750000    0.840255   -0.090255 (VIOLATED)
_13111_/B                               0.750000    0.840254   -0.090254 (VIOLATED)
_13145_/A1                              0.750000    0.840253   -0.090253 (VIOLATED)
_13181_/A1                              0.750000    0.840243   -0.090243 (VIOLATED)
_13091_/A                               0.750000    0.840236   -0.090236 (VIOLATED)
_13060_/B                               0.750000    0.840228   -0.090228 (VIOLATED)
_13074_/B                               0.750000    0.840225   -0.090225 (VIOLATED)
_13064_/A_N                             0.750000    0.840222   -0.090222 (VIOLATED)
_13069_/A_N                             0.750000    0.840222   -0.090222 (VIOLATED)
_13078_/B                               0.750000    0.840222   -0.090222 (VIOLATED)
_13082_/B                               0.750000    0.840222   -0.090222 (VIOLATED)
_13085_/C                               0.750000    0.840222   -0.090222 (VIOLATED)
_13093_/B                               0.750000    0.840222   -0.090222 (VIOLATED)
_13094_/B                               0.750000    0.840222   -0.090222 (VIOLATED)
_13102_/A                               0.750000    0.840222   -0.090222 (VIOLATED)
_13110_/A2                              0.750000    0.840222   -0.090222 (VIOLATED)
_13115_/C_N                             0.750000    0.840222   -0.090222 (VIOLATED)
_13131_/A1                              0.750000    0.840222   -0.090222 (VIOLATED)
_13135_/A2                              0.750000    0.840222   -0.090222 (VIOLATED)
_13136_/A2                              0.750000    0.840222   -0.090222 (VIOLATED)
_13192_/C                               0.750000    0.840222   -0.090222 (VIOLATED)
_13615_/A1                              0.750000    0.840222   -0.090222 (VIOLATED)
_17655_/A0                              0.750000    0.840222   -0.090222 (VIOLATED)
_18920_/Q                               0.750000    0.840222   -0.090222 (VIOLATED)
_14824_/B                               0.750000    0.838686   -0.088686 (VIOLATED)
_15827_/B                               0.750000    0.838686   -0.088686 (VIOLATED)
_14765_/B                               0.750000    0.838685   -0.088685 (VIOLATED)
_15767_/B                               0.750000    0.838684   -0.088684 (VIOLATED)
_14764_/Y                               0.750000    0.838674   -0.088674 (VIOLATED)
_15995_/B                               0.750000    0.835608   -0.085608 (VIOLATED)
_16019_/B                               0.750000    0.835607   -0.085607 (VIOLATED)
_16070_/A                               0.750000    0.835607   -0.085607 (VIOLATED)
_09477_/A                               0.750000    0.835606   -0.085606 (VIOLATED)
_16069_/A                               0.750000    0.835606   -0.085606 (VIOLATED)
_16095_/A_N                             0.750000    0.835596   -0.085596 (VIOLATED)
_16002_/B                               0.750000    0.835592   -0.085592 (VIOLATED)
_16035_/A_N                             0.750000    0.835583   -0.085583 (VIOLATED)
_17076_/A                               0.750000    0.835568   -0.085569 (VIOLATED)
_16021_/A1                              0.750000    0.835564   -0.085564 (VIOLATED)
_16044_/B                               0.750000    0.835564   -0.085564 (VIOLATED)
_15998_/A_N                             0.750000    0.835563   -0.085563 (VIOLATED)
_16003_/B                               0.750000    0.835563   -0.085563 (VIOLATED)
_15999_/B                               0.750000    0.835563   -0.085563 (VIOLATED)
_16015_/A1                              0.750000    0.835562   -0.085562 (VIOLATED)
_16000_/B                               0.750000    0.835559   -0.085559 (VIOLATED)
_15991_/A                               0.750000    0.835556   -0.085556 (VIOLATED)
_16711_/C                               0.750000    0.835556   -0.085556 (VIOLATED)
_16039_/A_N                             0.750000    0.835552   -0.085552 (VIOLATED)
_16081_/B                               0.750000    0.835548   -0.085548 (VIOLATED)
_16399_/B                               0.750000    0.835544   -0.085544 (VIOLATED)
_16026_/B                               0.750000    0.835536   -0.085536 (VIOLATED)
_16568_/A1                              0.750000    0.835536   -0.085536 (VIOLATED)
_16022_/A1                              0.750000    0.835534   -0.085534 (VIOLATED)
_16576_/A1                              0.750000    0.835533   -0.085533 (VIOLATED)
_16394_/A1                              0.750000    0.835525   -0.085525 (VIOLATED)
_16040_/A2                              0.750000    0.835505   -0.085505 (VIOLATED)
_15997_/A_N                             0.750000    0.835489   -0.085489 (VIOLATED)
_16059_/C_N                             0.750000    0.835484   -0.085484 (VIOLATED)
_16087_/A2                              0.750000    0.835476   -0.085476 (VIOLATED)
_16370_/A                               0.750000    0.835476   -0.085476 (VIOLATED)
_15994_/B                               0.750000    0.835476   -0.085476 (VIOLATED)
_16413_/A1                              0.750000    0.835474   -0.085474 (VIOLATED)
_16073_/A2                              0.750000    0.835472   -0.085473 (VIOLATED)
_16049_/B                               0.750000    0.835469   -0.085469 (VIOLATED)
_16043_/B                               0.750000    0.835467   -0.085467 (VIOLATED)
_16037_/A2                              0.750000    0.835456   -0.085456 (VIOLATED)
_16065_/B                               0.750000    0.835455   -0.085456 (VIOLATED)
_16058_/B                               0.750000    0.835451   -0.085451 (VIOLATED)
_17851_/A0                              0.750000    0.835338   -0.085338 (VIOLATED)
_18982_/Q                               0.750000    0.835338   -0.085338 (VIOLATED)
_12949_/A                               0.750000    0.833632   -0.083632 (VIOLATED)
_14096_/A1                              0.750000    0.833632   -0.083632 (VIOLATED)
_13296_/A1                              0.750000    0.833632   -0.083632 (VIOLATED)
_12850_/A                               0.750000    0.833632   -0.083632 (VIOLATED)
_14101_/A1                              0.750000    0.833632   -0.083632 (VIOLATED)
_13631_/A                               0.750000    0.833631   -0.083631 (VIOLATED)
_12843_/B                               0.750000    0.833631   -0.083631 (VIOLATED)
_12942_/A                               0.750000    0.833627   -0.083627 (VIOLATED)
_12845_/A                               0.750000    0.833625   -0.083625 (VIOLATED)
_12883_/A                               0.750000    0.833625   -0.083625 (VIOLATED)
_12878_/A1                              0.750000    0.833615   -0.083615 (VIOLATED)
_12888_/A_N                             0.750000    0.833605   -0.083605 (VIOLATED)
_12860_/B                               0.750000    0.833605   -0.083605 (VIOLATED)
_12887_/B1                              0.750000    0.833603   -0.083603 (VIOLATED)
_12909_/A1                              0.750000    0.833594   -0.083594 (VIOLATED)
_13641_/A1                              0.750000    0.833589   -0.083589 (VIOLATED)
_13709_/A1                              0.750000    0.833583   -0.083583 (VIOLATED)
_12867_/B2                              0.750000    0.833558   -0.083558 (VIOLATED)
_12943_/A1                              0.750000    0.833554   -0.083554 (VIOLATED)
_12889_/A_N                             0.750000    0.833534   -0.083535 (VIOLATED)
_12857_/C_N                             0.750000    0.833531   -0.083531 (VIOLATED)
_12852_/A_N                             0.750000    0.833526   -0.083526 (VIOLATED)
_12884_/A                               0.750000    0.833523   -0.083523 (VIOLATED)
_12908_/A1                              0.750000    0.833522   -0.083522 (VIOLATED)
_12875_/A_N                             0.750000    0.833522   -0.083522 (VIOLATED)
_13725_/A1                              0.750000    0.833522   -0.083522 (VIOLATED)
_12849_/A                               0.750000    0.833521   -0.083521 (VIOLATED)
_12855_/B                               0.750000    0.833518   -0.083518 (VIOLATED)
_09432_/A                               0.750000    0.833518   -0.083518 (VIOLATED)
_12876_/A_N                             0.750000    0.833516   -0.083516 (VIOLATED)
_12844_/A                               0.750000    0.833516   -0.083516 (VIOLATED)
_12885_/A                               0.750000    0.833515   -0.083515 (VIOLATED)
_13484_/A1                              0.750000    0.833513   -0.083513 (VIOLATED)
_12948_/A1                              0.750000    0.833512   -0.083512 (VIOLATED)
_12851_/A_N                             0.750000    0.833511   -0.083511 (VIOLATED)
_12934_/A                               0.750000    0.833510   -0.083510 (VIOLATED)
_12842_/B                               0.750000    0.833508   -0.083508 (VIOLATED)
_12932_/C                               0.750000    0.833508   -0.083508 (VIOLATED)
_12882_/A                               0.750000    0.833508   -0.083508 (VIOLATED)
_12898_/A                               0.750000    0.833506   -0.083506 (VIOLATED)
_12897_/A                               0.750000    0.833505   -0.083505 (VIOLATED)
_17534_/A0                              0.750000    0.833496   -0.083496 (VIOLATED)
_18880_/Q                               0.750000    0.833496   -0.083496 (VIOLATED)
_14282_/A                               0.750000    0.832618   -0.082618 (VIOLATED)
_14360_/B1_N                            0.750000    0.832618   -0.082618 (VIOLATED)
_14784_/C                               0.750000    0.832618   -0.082618 (VIOLATED)
_14358_/B                               0.750000    0.832618   -0.082618 (VIOLATED)
_14304_/A                               0.750000    0.832618   -0.082618 (VIOLATED)
_14944_/A1                              0.750000    0.832617   -0.082617 (VIOLATED)
_09443_/A                               0.750000    0.832616   -0.082616 (VIOLATED)
_14352_/C                               0.750000    0.832616   -0.082616 (VIOLATED)
_14273_/B                               0.750000    0.832615   -0.082615 (VIOLATED)
_14347_/A1                              0.750000    0.832615   -0.082615 (VIOLATED)
_14362_/A1                              0.750000    0.832615   -0.082615 (VIOLATED)
_14306_/A                               0.750000    0.832615   -0.082615 (VIOLATED)
_14344_/A1                              0.750000    0.832615   -0.082615 (VIOLATED)
_14266_/A_N                             0.750000    0.832614   -0.082614 (VIOLATED)
_14335_/A                               0.750000    0.832614   -0.082614 (VIOLATED)
_14320_/A                               0.750000    0.832613   -0.082613 (VIOLATED)
_14332_/A_N                             0.750000    0.832613   -0.082613 (VIOLATED)
_14779_/A1                              0.750000    0.832613   -0.082613 (VIOLATED)
_14271_/B                               0.750000    0.832613   -0.082613 (VIOLATED)
_14275_/C_N                             0.750000    0.832613   -0.082613 (VIOLATED)
_15422_/A1                              0.750000    0.832613   -0.082613 (VIOLATED)
_14334_/B                               0.750000    0.832612   -0.082612 (VIOLATED)
_14274_/B                               0.750000    0.832612   -0.082612 (VIOLATED)
_14294_/A1                              0.750000    0.832612   -0.082612 (VIOLATED)
_14267_/A_N                             0.750000    0.832612   -0.082612 (VIOLATED)
_14272_/B                               0.750000    0.832612   -0.082612 (VIOLATED)
_14281_/A                               0.750000    0.832612   -0.082612 (VIOLATED)
_14292_/A                               0.750000    0.832612   -0.082612 (VIOLATED)
_14293_/A                               0.750000    0.832612   -0.082612 (VIOLATED)
_14301_/A1                              0.750000    0.832612   -0.082612 (VIOLATED)
_14310_/B1_N                            0.750000    0.832612   -0.082612 (VIOLATED)
_14312_/A_N                             0.750000    0.832612   -0.082612 (VIOLATED)
_14313_/A_N                             0.750000    0.832612   -0.082612 (VIOLATED)
_14317_/A1                              0.750000    0.832612   -0.082612 (VIOLATED)
_14321_/A                               0.750000    0.832612   -0.082612 (VIOLATED)
_14333_/A                               0.750000    0.832612   -0.082612 (VIOLATED)
_14336_/A                               0.750000    0.832612   -0.082612 (VIOLATED)
_14342_/A                               0.750000    0.832612   -0.082612 (VIOLATED)
_14343_/A                               0.750000    0.832612   -0.082612 (VIOLATED)
_14771_/A                               0.750000    0.832612   -0.082612 (VIOLATED)
_14774_/A1                              0.750000    0.832612   -0.082612 (VIOLATED)
_14778_/A1                              0.750000    0.832612   -0.082612 (VIOLATED)
_14780_/A1                              0.750000    0.832612   -0.082612 (VIOLATED)
_14789_/A1                              0.750000    0.832612   -0.082612 (VIOLATED)
_14797_/A1                              0.750000    0.832612   -0.082612 (VIOLATED)
_17782_/A0                              0.750000    0.832612   -0.082612 (VIOLATED)
_18960_/Q                               0.750000    0.832612   -0.082612 (VIOLATED)
_09808_/B                               0.750000    0.830759   -0.080759 (VIOLATED)
_09792_/B                               0.750000    0.830758   -0.080758 (VIOLATED)
_09788_/B                               0.750000    0.830758   -0.080758 (VIOLATED)
_09802_/B                               0.750000    0.830758   -0.080758 (VIOLATED)
_10787_/A1                              0.750000    0.830756   -0.080756 (VIOLATED)
_09803_/B                               0.750000    0.830754   -0.080754 (VIOLATED)
_09832_/C_N                             0.750000    0.830735   -0.080735 (VIOLATED)
_09824_/A2                              0.750000    0.830730   -0.080730 (VIOLATED)
_09823_/A2                              0.750000    0.830728   -0.080728 (VIOLATED)
_09780_/B                               0.750000    0.830728   -0.080728 (VIOLATED)
_10571_/A2                              0.750000    0.830728   -0.080728 (VIOLATED)
_09787_/B                               0.750000    0.830724   -0.080724 (VIOLATED)
_09783_/A                               0.750000    0.830718   -0.080718 (VIOLATED)
_09796_/A_N                             0.750000    0.830718   -0.080718 (VIOLATED)
_09861_/A1                              0.750000    0.830716   -0.080716 (VIOLATED)
_09791_/B                               0.750000    0.830702   -0.080702 (VIOLATED)
_09816_/B                               0.750000    0.830701   -0.080701 (VIOLATED)
_09789_/B                               0.750000    0.830698   -0.080698 (VIOLATED)
_09785_/A2                              0.750000    0.830691   -0.080691 (VIOLATED)
_09790_/B                               0.750000    0.830682   -0.080682 (VIOLATED)
_09844_/B                               0.750000    0.830641   -0.080641 (VIOLATED)
_09782_/A                               0.750000    0.830630   -0.080630 (VIOLATED)
_09777_/A_N                             0.750000    0.830609   -0.080609 (VIOLATED)
_09807_/B                               0.750000    0.830604   -0.080605 (VIOLATED)
_09868_/C                               0.750000    0.830604   -0.080604 (VIOLATED)
_09797_/A_N                             0.750000    0.830604   -0.080604 (VIOLATED)
_09854_/A_N                             0.750000    0.830603   -0.080603 (VIOLATED)
_09860_/A1                              0.750000    0.830602   -0.080602 (VIOLATED)
_09784_/B                               0.750000    0.830599   -0.080599 (VIOLATED)
_09840_/A2                              0.750000    0.830599   -0.080599 (VIOLATED)
_11056_/A1                              0.750000    0.830599   -0.080599 (VIOLATED)
_09841_/B                               0.750000    0.830599   -0.080599 (VIOLATED)
_09779_/B                               0.750000    0.830598   -0.080598 (VIOLATED)
_11064_/B2                              0.750000    0.830594   -0.080594 (VIOLATED)
_10344_/A1                              0.750000    0.830591   -0.080591 (VIOLATED)
_09798_/B                               0.750000    0.830589   -0.080589 (VIOLATED)
_09801_/A                               0.750000    0.830586   -0.080586 (VIOLATED)
_09838_/A2                              0.750000    0.830581   -0.080581 (VIOLATED)
_09826_/A_N                             0.750000    0.830569   -0.080569 (VIOLATED)
_17826_/A0                              0.750000    0.830497   -0.080497 (VIOLATED)
_18974_/Q                               0.750000    0.830497   -0.080497 (VIOLATED)
_15912_/B                               0.750000    0.830033   -0.080033 (VIOLATED)
_15890_/B                               0.750000    0.830032   -0.080032 (VIOLATED)
_15934_/A2                              0.750000    0.830032   -0.080032 (VIOLATED)
_15971_/B                               0.750000    0.830031   -0.080031 (VIOLATED)
_16230_/A2                              0.750000    0.830030   -0.080030 (VIOLATED)
_15898_/C_N                             0.750000    0.830028   -0.080028 (VIOLATED)
_15923_/B                               0.750000    0.830026   -0.080026 (VIOLATED)
_15947_/B                               0.750000    0.830026   -0.080026 (VIOLATED)
_15939_/B                               0.750000    0.830025   -0.080025 (VIOLATED)
_15915_/A2                              0.750000    0.830025   -0.080025 (VIOLATED)
_15889_/B                               0.750000    0.830025   -0.080025 (VIOLATED)
_15950_/B                               0.750000    0.830025   -0.080025 (VIOLATED)
_15931_/B                               0.750000    0.830021   -0.080021 (VIOLATED)
_15964_/B                               0.750000    0.830015   -0.080015 (VIOLATED)
_15965_/B                               0.750000    0.830015   -0.080015 (VIOLATED)
_15892_/A_N                             0.750000    0.829999   -0.079999 (VIOLATED)
_15930_/B                               0.750000    0.829981   -0.079981 (VIOLATED)
_16223_/A2                              0.750000    0.829976   -0.079976 (VIOLATED)
_16231_/A                               0.750000    0.829974   -0.079974 (VIOLATED)
_15921_/C                               0.750000    0.829974   -0.079974 (VIOLATED)
_15888_/A_N                             0.750000    0.829974   -0.079974 (VIOLATED)
_15924_/A2                              0.750000    0.829973   -0.079973 (VIOLATED)
_15897_/C_N                             0.750000    0.829970   -0.079970 (VIOLATED)
_15899_/B                               0.750000    0.829960   -0.079960 (VIOLATED)
_15959_/A2                              0.750000    0.829952   -0.079952 (VIOLATED)
_15977_/A                               0.750000    0.829939   -0.079939 (VIOLATED)
_16455_/C_N                             0.750000    0.829932   -0.079932 (VIOLATED)
_17144_/B2                              0.750000    0.829930   -0.079930 (VIOLATED)
_15925_/A2                              0.750000    0.829927   -0.079927 (VIOLATED)
_16215_/C                               0.750000    0.829927   -0.079927 (VIOLATED)
_16240_/A1                              0.750000    0.829927   -0.079927 (VIOLATED)
_15900_/A_N                             0.750000    0.829926   -0.079926 (VIOLATED)
_17140_/A1                              0.750000    0.829926   -0.079926 (VIOLATED)
_15887_/A_N                             0.750000    0.829925   -0.079925 (VIOLATED)
_15895_/B                               0.750000    0.829924   -0.079924 (VIOLATED)
_15896_/B                               0.750000    0.829924   -0.079924 (VIOLATED)
_16594_/D                               0.750000    0.829923   -0.079923 (VIOLATED)
_15893_/A_N                             0.750000    0.829922   -0.079922 (VIOLATED)
_15911_/B                               0.750000    0.829922   -0.079922 (VIOLATED)
_15927_/A_N                             0.750000    0.829922   -0.079922 (VIOLATED)
_15932_/B                               0.750000    0.829922   -0.079922 (VIOLATED)
_15937_/C                               0.750000    0.829922   -0.079922 (VIOLATED)
_15960_/A2                              0.750000    0.829922   -0.079922 (VIOLATED)
_16222_/A2                              0.750000    0.829922   -0.079922 (VIOLATED)
_17482_/A0                              0.750000    0.829922   -0.079922 (VIOLATED)
_18863_/Q                               0.750000    0.829922   -0.079922 (VIOLATED)
_13086_/B                               0.750000    0.821771   -0.071771 (VIOLATED)
_13061_/B                               0.750000    0.821771   -0.071771 (VIOLATED)
_13097_/B                               0.750000    0.821770   -0.071770 (VIOLATED)
_13107_/B                               0.750000    0.821770   -0.071770 (VIOLATED)
_13083_/B                               0.750000    0.821769   -0.071769 (VIOLATED)
_13063_/A2                              0.750000    0.821765   -0.071765 (VIOLATED)
_13073_/A                               0.750000    0.821759   -0.071759 (VIOLATED)
_13084_/B                               0.750000    0.821759   -0.071759 (VIOLATED)
_13289_/B2                              0.750000    0.821758   -0.071758 (VIOLATED)
_13065_/B                               0.750000    0.821758   -0.071758 (VIOLATED)
_13081_/A                               0.750000    0.821757   -0.071757 (VIOLATED)
_13108_/A                               0.750000    0.821756   -0.071756 (VIOLATED)
_13077_/A_N                             0.750000    0.821754   -0.071754 (VIOLATED)
_13133_/A1                              0.750000    0.821754   -0.071754 (VIOLATED)
_13075_/A1                              0.750000    0.821754   -0.071754 (VIOLATED)
_13193_/B                               0.750000    0.821754   -0.071754 (VIOLATED)
_13098_/B                               0.750000    0.821754   -0.071754 (VIOLATED)
_13062_/B                               0.750000    0.821751   -0.071751 (VIOLATED)
_13116_/B                               0.750000    0.821751   -0.071751 (VIOLATED)
_14025_/A1                              0.750000    0.821749   -0.071750 (VIOLATED)
_13836_/A                               0.750000    0.821740   -0.071740 (VIOLATED)
_13183_/A                               0.750000    0.821729   -0.071729 (VIOLATED)
_13184_/A                               0.750000    0.821728   -0.071728 (VIOLATED)
_13827_/A1_N                            0.750000    0.821726   -0.071726 (VIOLATED)
_13068_/B                               0.750000    0.821710   -0.071710 (VIOLATED)
_13172_/A1                              0.750000    0.821709   -0.071709 (VIOLATED)
_13060_/A_N                             0.750000    0.821698   -0.071698 (VIOLATED)
_13139_/A                               0.750000    0.821691   -0.071691 (VIOLATED)
_13074_/A                               0.750000    0.821690   -0.071690 (VIOLATED)
_13082_/A                               0.750000    0.821681   -0.071681 (VIOLATED)
_13115_/B                               0.750000    0.821680   -0.071680 (VIOLATED)
_13260_/D_N                             0.750000    0.821679   -0.071679 (VIOLATED)
_13192_/B                               0.750000    0.821679   -0.071679 (VIOLATED)
_13087_/B                               0.750000    0.821679   -0.071679 (VIOLATED)
_13101_/A                               0.750000    0.821678   -0.071678 (VIOLATED)
_13099_/A_N                             0.750000    0.821677   -0.071677 (VIOLATED)
_13102_/C_N                             0.750000    0.821677   -0.071677 (VIOLATED)
_13078_/A                               0.750000    0.821677   -0.071677 (VIOLATED)
_13110_/A1                              0.750000    0.821676   -0.071676 (VIOLATED)
_13064_/B                               0.750000    0.821675   -0.071675 (VIOLATED)
_13085_/B                               0.750000    0.821671   -0.071671 (VIOLATED)
_13146_/A                               0.750000    0.821670   -0.071670 (VIOLATED)
_13076_/A_N                             0.750000    0.821663   -0.071663 (VIOLATED)
_17649_/A0                              0.750000    0.821641   -0.071641 (VIOLATED)
_18918_/Q                               0.750000    0.821641   -0.071641 (VIOLATED)
_16119_/B                               0.750000    0.819525   -0.069525 (VIOLATED)
_16111_/B                               0.750000    0.819525   -0.069525 (VIOLATED)
_16113_/A_N                             0.750000    0.819524   -0.069524 (VIOLATED)
_16152_/A2                              0.750000    0.819524   -0.069524 (VIOLATED)
_17311_/A1                              0.750000    0.819522   -0.069522 (VIOLATED)
_16197_/A2                              0.750000    0.819521   -0.069522 (VIOLATED)
_16136_/B                               0.750000    0.819520   -0.069520 (VIOLATED)
_16102_/B                               0.750000    0.819520   -0.069520 (VIOLATED)
_16130_/B                               0.750000    0.819517   -0.069517 (VIOLATED)
_17042_/B1                              0.750000    0.819515   -0.069515 (VIOLATED)
_16480_/A2                              0.750000    0.819515   -0.069515 (VIOLATED)
_16178_/A                               0.750000    0.819514   -0.069514 (VIOLATED)
_16121_/B                               0.750000    0.819513   -0.069513 (VIOLATED)
_17045_/B                               0.750000    0.819511   -0.069511 (VIOLATED)
_16168_/B                               0.750000    0.819510   -0.069510 (VIOLATED)
_16117_/B                               0.750000    0.819509   -0.069509 (VIOLATED)
_16103_/A_N                             0.750000    0.819509   -0.069509 (VIOLATED)
_16145_/B                               0.750000    0.819509   -0.069509 (VIOLATED)
_16490_/C_N                             0.750000    0.819505   -0.069505 (VIOLATED)
_16118_/B                               0.750000    0.819494   -0.069494 (VIOLATED)
_16101_/B                               0.750000    0.819484   -0.069484 (VIOLATED)
_16132_/A2                              0.750000    0.819475   -0.069475 (VIOLATED)
_16167_/A                               0.750000    0.819475   -0.069475 (VIOLATED)
_16166_/A1                              0.750000    0.819399   -0.069399 (VIOLATED)
_16109_/B                               0.750000    0.819363   -0.069363 (VIOLATED)
_16195_/A_N                             0.750000    0.819363   -0.069363 (VIOLATED)
_16131_/A2                              0.750000    0.819362   -0.069362 (VIOLATED)
_16105_/B                               0.750000    0.819362   -0.069362 (VIOLATED)
_16179_/C                               0.750000    0.819360   -0.069360 (VIOLATED)
_16489_/A                               0.750000    0.819358   -0.069358 (VIOLATED)
_16125_/A_N                             0.750000    0.819357   -0.069357 (VIOLATED)
_16981_/A1                              0.750000    0.819341   -0.069341 (VIOLATED)
_16104_/B                               0.750000    0.819335   -0.069335 (VIOLATED)
_16114_/C_N                             0.750000    0.819331   -0.069331 (VIOLATED)
_16144_/B                               0.750000    0.819326   -0.069326 (VIOLATED)
_16108_/B                               0.750000    0.819321   -0.069321 (VIOLATED)
_17604_/A0                              0.750000    0.819081   -0.069081 (VIOLATED)
_18903_/Q                               0.750000    0.819081   -0.069081 (VIOLATED)
_17208_/B1                              0.750000    0.816194   -0.066194 (VIOLATED)
_17209_/B1                              0.750000    0.816194   -0.066194 (VIOLATED)
_17210_/A1                              0.750000    0.816193   -0.066193 (VIOLATED)
_16018_/C1                              0.750000    0.816185   -0.066185 (VIOLATED)
_17087_/A1                              0.750000    0.816183   -0.066183 (VIOLATED)
_16570_/B1                              0.750000    0.816179   -0.066179 (VIOLATED)
_17207_/C1                              0.750000    0.816179   -0.066179 (VIOLATED)
_16571_/A1                              0.750000    0.816176   -0.066176 (VIOLATED)
_17088_/C1                              0.750000    0.816172   -0.066172 (VIOLATED)
_16741_/S                               0.750000    0.816157   -0.066157 (VIOLATED)
_16573_/A1                              0.750000    0.816153   -0.066153 (VIOLATED)
_16871_/A1                              0.750000    0.816153   -0.066153 (VIOLATED)
_16966_/C1                              0.750000    0.816124   -0.066124 (VIOLATED)
_17094_/A1                              0.750000    0.816113   -0.066113 (VIOLATED)
_16962_/B1                              0.750000    0.816113   -0.066113 (VIOLATED)
_17095_/B1                              0.750000    0.816111   -0.066111 (VIOLATED)
_16418_/A1                              0.750000    0.816092   -0.066092 (VIOLATED)
_16084_/B1                              0.750000    0.816072   -0.066072 (VIOLATED)
_16056_/A1                              0.750000    0.816067   -0.066067 (VIOLATED)
_16025_/C1                              0.750000    0.816067   -0.066067 (VIOLATED)
_16042_/C1                              0.750000    0.816065   -0.066065 (VIOLATED)
_16583_/B1                              0.750000    0.816054   -0.066054 (VIOLATED)
_16857_/S0                              0.750000    0.816054   -0.066054 (VIOLATED)
_16868_/B1                              0.750000    0.816051   -0.066051 (VIOLATED)
_16859_/A                               0.750000    0.816050   -0.066050 (VIOLATED)
_17222_/S0                              0.750000    0.816049   -0.066049 (VIOLATED)
_16960_/C1                              0.750000    0.816044   -0.066044 (VIOLATED)
_16952_/A1                              0.750000    0.816039   -0.066039 (VIOLATED)
_16091_/C1                              0.750000    0.816035   -0.066035 (VIOLATED)
_16951_/B1                              0.750000    0.816033   -0.066033 (VIOLATED)
_09475_/A                               0.750000    0.816031   -0.066031 (VIOLATED)
_16068_/C1                              0.750000    0.816020   -0.066020 (VIOLATED)
_17867_/A1                              0.750000    0.815335   -0.065335 (VIOLATED)
_18987_/Q                               0.750000    0.815335   -0.065335 (VIOLATED)
_09781_/A                               0.750000    0.814523   -0.064523 (VIOLATED)
_09802_/A                               0.750000    0.814523   -0.064523 (VIOLATED)
_09808_/A                               0.750000    0.814523   -0.064523 (VIOLATED)
_09803_/A                               0.750000    0.814522   -0.064522 (VIOLATED)
_09831_/A2                              0.750000    0.814521   -0.064521 (VIOLATED)
_10784_/A1                              0.750000    0.814517   -0.064517 (VIOLATED)
_10575_/A                               0.750000    0.814516   -0.064516 (VIOLATED)
_09832_/B                               0.750000    0.814512   -0.064512 (VIOLATED)
_09811_/B                               0.750000    0.814508   -0.064508 (VIOLATED)
_09830_/B                               0.750000    0.814507   -0.064507 (VIOLATED)
_09796_/B                               0.750000    0.814505   -0.064505 (VIOLATED)
_10342_/A_N                             0.750000    0.814505   -0.064505 (VIOLATED)
_09780_/A                               0.750000    0.814502   -0.064503 (VIOLATED)
_10571_/A1                              0.750000    0.814502   -0.064502 (VIOLATED)
_09793_/A                               0.750000    0.814499   -0.064499 (VIOLATED)
_09815_/B                               0.750000    0.814497   -0.064497 (VIOLATED)
_11062_/A1                              0.750000    0.814496   -0.064496 (VIOLATED)
_09816_/A_N                             0.750000    0.814492   -0.064492 (VIOLATED)
_11048_/A1                              0.750000    0.814487   -0.064487 (VIOLATED)
_09785_/A1                              0.750000    0.814486   -0.064486 (VIOLATED)
_10378_/A                               0.750000    0.814479   -0.064479 (VIOLATED)
_09844_/A_N                             0.750000    0.814462   -0.064462 (VIOLATED)
_10581_/A1                              0.750000    0.814462   -0.064462 (VIOLATED)
_09797_/B                               0.750000    0.814462   -0.064462 (VIOLATED)
_09807_/A                               0.750000    0.814461   -0.064461 (VIOLATED)
_09868_/B                               0.750000    0.814461   -0.064461 (VIOLATED)
_09812_/B                               0.750000    0.814461   -0.064461 (VIOLATED)
_09784_/A                               0.750000    0.814461   -0.064461 (VIOLATED)
_09841_/C_N                             0.750000    0.814460   -0.064460 (VIOLATED)
_09778_/A_N                             0.750000    0.814459   -0.064459 (VIOLATED)
_09853_/B                               0.750000    0.814459   -0.064459 (VIOLATED)
_10341_/A_N                             0.750000    0.814457   -0.064457 (VIOLATED)
_09850_/B                               0.750000    0.814455   -0.064455 (VIOLATED)
_09779_/A                               0.750000    0.814454   -0.064454 (VIOLATED)
_09849_/B                               0.750000    0.814454   -0.064454 (VIOLATED)
_10371_/A2                              0.750000    0.814454   -0.064454 (VIOLATED)
_09814_/B                               0.750000    0.814450   -0.064450 (VIOLATED)
_09826_/B                               0.750000    0.814449   -0.064449 (VIOLATED)
_09838_/A1                              0.750000    0.814449   -0.064449 (VIOLATED)
_10358_/A2                              0.750000    0.814447   -0.064447 (VIOLATED)
_17829_/A0                              0.750000    0.814445   -0.064445 (VIOLATED)
_18975_/Q                               0.750000    0.814445   -0.064445 (VIOLATED)
_12134_/B                               0.750000    0.813960   -0.063960 (VIOLATED)
_12133_/Y                               0.750000    0.813932   -0.063932 (VIOLATED)
_17406_/A                               0.750000    0.813932   -0.063932 (VIOLATED)
_18108_/B                               0.750000    0.813932   -0.063932 (VIOLATED)
_16876_/B                               0.750000    0.813118   -0.063118 (VIOLATED)
_16875_/A                               0.750000    0.813117   -0.063117 (VIOLATED)
_17437_/A                               0.750000    0.813114   -0.063115 (VIOLATED)
_16747_/A0                              0.750000    0.813111   -0.063111 (VIOLATED)
_17337_/B                               0.750000    0.813111   -0.063111 (VIOLATED)
_16627_/Y                               0.750000    0.813061   -0.063061 (VIOLATED)
_12571_/B                               0.750000    0.807584   -0.057584 (VIOLATED)
_12570_/Y                               0.750000    0.807524   -0.057524 (VIOLATED)
_17457_/A                               0.750000    0.807524   -0.057524 (VIOLATED)
_18125_/A2                              0.750000    0.807524   -0.057524 (VIOLATED)
_10597_/B2                              0.750000    0.804295   -0.054295 (VIOLATED)
_10884_/B1                              0.750000    0.804295   -0.054295 (VIOLATED)
_10560_/A1                              0.750000    0.804295   -0.054295 (VIOLATED)
_10374_/A                               0.750000    0.804295   -0.054295 (VIOLATED)
_11051_/B1                              0.750000    0.804294   -0.054294 (VIOLATED)
_10377_/A1                              0.750000    0.804294   -0.054294 (VIOLATED)
_09792_/X                               0.750000    0.804293   -0.054293 (VIOLATED)
_09794_/B                               0.750000    0.804293   -0.054293 (VIOLATED)
_09818_/B2                              0.750000    0.804293   -0.054293 (VIOLATED)
_10780_/A                               0.750000    0.804293   -0.054293 (VIOLATED)
_10788_/A1                              0.750000    0.804293   -0.054293 (VIOLATED)
_10804_/A1                              0.750000    0.804293   -0.054293 (VIOLATED)
_10805_/B1                              0.750000    0.804293   -0.054293 (VIOLATED)
_10807_/A1                              0.750000    0.804293   -0.054293 (VIOLATED)
_11214_/B2                              0.750000    0.804293   -0.054293 (VIOLATED)
_16263_/B                               0.750000    0.803327   -0.053327 (VIOLATED)
_16272_/A_N                             0.750000    0.803326   -0.053327 (VIOLATED)
_16298_/A                               0.750000    0.803326   -0.053327 (VIOLATED)
_16264_/A                               0.750000    0.803326   -0.053326 (VIOLATED)
_16310_/C_N                             0.750000    0.803326   -0.053326 (VIOLATED)
_16315_/A                               0.750000    0.803325   -0.053325 (VIOLATED)
_16631_/A                               0.750000    0.803325   -0.053325 (VIOLATED)
_16277_/C                               0.750000    0.803324   -0.053324 (VIOLATED)
_16325_/A                               0.750000    0.803324   -0.053324 (VIOLATED)
_16646_/A1                              0.750000    0.803324   -0.053324 (VIOLATED)
_17104_/A1                              0.750000    0.803324   -0.053324 (VIOLATED)
_16821_/A1                              0.750000    0.803324   -0.053324 (VIOLATED)
_16342_/A1                              0.750000    0.803324   -0.053324 (VIOLATED)
_16929_/B                               0.750000    0.803323   -0.053323 (VIOLATED)
_16286_/A                               0.750000    0.803323   -0.053323 (VIOLATED)
_16329_/A1                              0.750000    0.803323   -0.053323 (VIOLATED)
_16280_/A_N                             0.750000    0.803323   -0.053323 (VIOLATED)
_16271_/A_N                             0.750000    0.803323   -0.053323 (VIOLATED)
_16309_/C_N                             0.750000    0.803323   -0.053323 (VIOLATED)
_16932_/A1                              0.750000    0.803323   -0.053323 (VIOLATED)
_16314_/A                               0.750000    0.803322   -0.053322 (VIOLATED)
_16301_/A1                              0.750000    0.803322   -0.053322 (VIOLATED)
_16317_/A1                              0.750000    0.803320   -0.053320 (VIOLATED)
_16341_/A                               0.750000    0.803319   -0.053319 (VIOLATED)
_16282_/B                               0.750000    0.803319   -0.053319 (VIOLATED)
_16328_/A1                              0.750000    0.803319   -0.053319 (VIOLATED)
_16324_/A                               0.750000    0.803318   -0.053318 (VIOLATED)
_16630_/A                               0.750000    0.803318   -0.053318 (VIOLATED)
_16267_/A                               0.750000    0.803317   -0.053317 (VIOLATED)
_16262_/B                               0.750000    0.803317   -0.053317 (VIOLATED)
_09485_/A                               0.750000    0.803317   -0.053317 (VIOLATED)
_16265_/A                               0.750000    0.803317   -0.053317 (VIOLATED)
_16266_/A                               0.750000    0.803317   -0.053317 (VIOLATED)
_16275_/A                               0.750000    0.803317   -0.053317 (VIOLATED)
_16281_/A_N                             0.750000    0.803317   -0.053317 (VIOLATED)
_16297_/A                               0.750000    0.803317   -0.053317 (VIOLATED)
_16316_/A1                              0.750000    0.803317   -0.053317 (VIOLATED)
_16327_/C                               0.750000    0.803317   -0.053317 (VIOLATED)
_16334_/A1                              0.750000    0.803317   -0.053317 (VIOLATED)
_16355_/A                               0.750000    0.803317   -0.053317 (VIOLATED)
_16824_/A                               0.750000    0.803317   -0.053317 (VIOLATED)
_16935_/A1                              0.750000    0.803317   -0.053317 (VIOLATED)
_17111_/A1                              0.750000    0.803317   -0.053317 (VIOLATED)
_17126_/A1                              0.750000    0.803317   -0.053317 (VIOLATED)
_17728_/A0                              0.750000    0.803317   -0.053317 (VIOLATED)
_18944_/Q                               0.750000    0.803317   -0.053317 (VIOLATED)
_10032_/B                               0.750000    0.801284   -0.051284 (VIOLATED)
_10104_/A2                              0.750000    0.801283   -0.051283 (VIOLATED)
_10049_/B                               0.750000    0.801282   -0.051282 (VIOLATED)
_10061_/B                               0.750000    0.801280   -0.051280 (VIOLATED)
_10060_/B                               0.750000    0.801279   -0.051279 (VIOLATED)
_10029_/A_N                             0.750000    0.801277   -0.051277 (VIOLATED)
_10103_/A2                              0.750000    0.801277   -0.051277 (VIOLATED)
_10033_/B                               0.750000    0.801275   -0.051275 (VIOLATED)
_10111_/B                               0.750000    0.801272   -0.051272 (VIOLATED)
_10050_/A2                              0.750000    0.801269   -0.051269 (VIOLATED)
_10042_/B                               0.750000    0.801267   -0.051267 (VIOLATED)
_10028_/A_N                             0.750000    0.801252   -0.051252 (VIOLATED)
_10057_/A                               0.750000    0.801245   -0.051245 (VIOLATED)
_10308_/A1                              0.750000    0.801244   -0.051244 (VIOLATED)
_10091_/C_N                             0.750000    0.801242   -0.051242 (VIOLATED)
_10080_/B                               0.750000    0.801241   -0.051241 (VIOLATED)
_10093_/A_N                             0.750000    0.801241   -0.051241 (VIOLATED)
_10044_/B                               0.750000    0.801237   -0.051237 (VIOLATED)
_09389_/A                               0.750000    0.801233   -0.051233 (VIOLATED)
_11351_/A1                              0.750000    0.801219   -0.051219 (VIOLATED)
_10031_/B                               0.750000    0.801219   -0.051219 (VIOLATED)
_10034_/A_N                             0.750000    0.801218   -0.051218 (VIOLATED)
_10609_/C1                              0.750000    0.801215   -0.051215 (VIOLATED)
_10110_/A2                              0.750000    0.801201   -0.051201 (VIOLATED)
_10094_/A_N                             0.750000    0.801185   -0.051185 (VIOLATED)
_10619_/A                               0.750000    0.801179   -0.051179 (VIOLATED)
_10085_/C                               0.750000    0.801175   -0.051175 (VIOLATED)
_10613_/C_N                             0.750000    0.801169   -0.051169 (VIOLATED)
_10040_/B                               0.750000    0.801166   -0.051166 (VIOLATED)
_10738_/C                               0.750000    0.801166   -0.051166 (VIOLATED)
_10330_/A                               0.750000    0.801165   -0.051165 (VIOLATED)
_10053_/B                               0.750000    0.801165   -0.051165 (VIOLATED)
_10047_/A_N                             0.750000    0.801164   -0.051164 (VIOLATED)
_10041_/B                               0.750000    0.801164   -0.051164 (VIOLATED)
_10030_/B                               0.750000    0.801163   -0.051163 (VIOLATED)
_10313_/A1                              0.750000    0.801162   -0.051162 (VIOLATED)
_10035_/A_N                             0.750000    0.801162   -0.051162 (VIOLATED)
_10960_/A                               0.750000    0.801160   -0.051160 (VIOLATED)
_10109_/C                               0.750000    0.801157   -0.051157 (VIOLATED)
_10052_/B                               0.750000    0.801154   -0.051155 (VIOLATED)
_17700_/A0                              0.750000    0.801142   -0.051142 (VIOLATED)
_18935_/Q                               0.750000    0.801142   -0.051142 (VIOLATED)
_11863_/B                               0.750000    0.799808   -0.049808 (VIOLATED)
_11885_/B                               0.750000    0.799806   -0.049806 (VIOLATED)
_11857_/B                               0.750000    0.799804   -0.049804 (VIOLATED)
_11916_/C_N                             0.750000    0.799804   -0.049804 (VIOLATED)
_11883_/A_N                             0.750000    0.799804   -0.049804 (VIOLATED)
_11860_/A                               0.750000    0.799804   -0.049804 (VIOLATED)
_11882_/B                               0.750000    0.799804   -0.049804 (VIOLATED)
_11941_/A                               0.750000    0.799798   -0.049798 (VIOLATED)
_11854_/A                               0.750000    0.799794   -0.049794 (VIOLATED)
_11963_/A                               0.750000    0.799790   -0.049790 (VIOLATED)
_11842_/A_N                             0.750000    0.799789   -0.049790 (VIOLATED)
_11931_/A1                              0.750000    0.799787   -0.049787 (VIOLATED)
_11890_/A                               0.750000    0.799784   -0.049784 (VIOLATED)
_12202_/A1                              0.750000    0.799781   -0.049781 (VIOLATED)
_11961_/A1                              0.750000    0.799779   -0.049779 (VIOLATED)
_12025_/A1                              0.750000    0.799778   -0.049779 (VIOLATED)
_11886_/B                               0.750000    0.799754   -0.049754 (VIOLATED)
_11932_/A1                              0.750000    0.799725   -0.049725 (VIOLATED)
_11858_/B                               0.750000    0.799716   -0.049716 (VIOLATED)
_11874_/A1                              0.750000    0.799716   -0.049716 (VIOLATED)
_11862_/B                               0.750000    0.799711   -0.049711 (VIOLATED)
_11926_/A_N                             0.750000    0.799711   -0.049711 (VIOLATED)
_11891_/A                               0.750000    0.799695   -0.049695 (VIOLATED)
_11960_/A                               0.750000    0.799695   -0.049695 (VIOLATED)
_11844_/B                               0.750000    0.799695   -0.049695 (VIOLATED)
_11861_/B                               0.750000    0.799694   -0.049694 (VIOLATED)
_11859_/B                               0.750000    0.799694   -0.049694 (VIOLATED)
_11864_/B                               0.750000    0.799693   -0.049693 (VIOLATED)
_11873_/A                               0.750000    0.799693   -0.049693 (VIOLATED)
_11927_/A2                              0.750000    0.799692   -0.049692 (VIOLATED)
_11853_/A_N                             0.750000    0.799691   -0.049691 (VIOLATED)
_11896_/B                               0.750000    0.799684   -0.049684 (VIOLATED)
_11841_/A_N                             0.750000    0.799677   -0.049677 (VIOLATED)
_12023_/B                               0.750000    0.799676   -0.049676 (VIOLATED)
_11913_/A2                              0.750000    0.799675   -0.049675 (VIOLATED)
_11582_/A                               0.750000    0.799613   -0.049613 (VIOLATED)
_17892_/A1                              0.750000    0.799613   -0.049613 (VIOLATED)
_18999_/Q                               0.750000    0.799613   -0.049613 (VIOLATED)
_15915_/A1                              0.750000    0.799449   -0.049449 (VIOLATED)
_15950_/C_N                             0.750000    0.799449   -0.049449 (VIOLATED)
_15889_/A_N                             0.750000    0.799449   -0.049449 (VIOLATED)
_15947_/A                               0.750000    0.799449   -0.049449 (VIOLATED)
_15939_/A_N                             0.750000    0.799448   -0.049448 (VIOLATED)
_16214_/A2                              0.750000    0.799448   -0.049448 (VIOLATED)
_15923_/A                               0.750000    0.799447   -0.049447 (VIOLATED)
_15898_/B                               0.750000    0.799445   -0.049445 (VIOLATED)
_16230_/A1                              0.750000    0.799445   -0.049445 (VIOLATED)
_15934_/A1                              0.750000    0.799443   -0.049444 (VIOLATED)
_15912_/A                               0.750000    0.799443   -0.049443 (VIOLATED)
_15890_/A_N                             0.750000    0.799442   -0.049443 (VIOLATED)
_15903_/B                               0.750000    0.799437   -0.049437 (VIOLATED)
_15914_/A_N                             0.750000    0.799437   -0.049437 (VIOLATED)
_15886_/B                               0.750000    0.799430   -0.049430 (VIOLATED)
_15921_/B                               0.750000    0.799428   -0.049428 (VIOLATED)
_15924_/A1                              0.750000    0.799421   -0.049421 (VIOLATED)
_15965_/A_N                             0.750000    0.799421   -0.049421 (VIOLATED)
_15892_/B                               0.750000    0.799421   -0.049421 (VIOLATED)
_15909_/B                               0.750000    0.799420   -0.049420 (VIOLATED)
_15943_/A_N                             0.750000    0.799419   -0.049419 (VIOLATED)
_17153_/A1                              0.750000    0.799418   -0.049418 (VIOLATED)
_17014_/B2                              0.750000    0.799417   -0.049417 (VIOLATED)
_16429_/A2                              0.750000    0.799417   -0.049417 (VIOLATED)
_16754_/A1                              0.750000    0.799417   -0.049417 (VIOLATED)
_16436_/A                               0.750000    0.799417   -0.049417 (VIOLATED)
_15897_/B                               0.750000    0.799408   -0.049409 (VIOLATED)
_09472_/A                               0.750000    0.799390   -0.049390 (VIOLATED)
_16608_/A1                              0.750000    0.799378   -0.049378 (VIOLATED)
_15925_/A1                              0.750000    0.799376   -0.049376 (VIOLATED)
_16215_/B                               0.750000    0.799376   -0.049376 (VIOLATED)
_15900_/B                               0.750000    0.799375   -0.049375 (VIOLATED)
_15906_/B                               0.750000    0.799375   -0.049375 (VIOLATED)
_15913_/A_N                             0.750000    0.799373   -0.049373 (VIOLATED)
_15910_/B                               0.750000    0.799372   -0.049372 (VIOLATED)
_15905_/B                               0.750000    0.799365   -0.049365 (VIOLATED)
_15885_/B                               0.750000    0.799365   -0.049365 (VIOLATED)
_15893_/B                               0.750000    0.799365   -0.049365 (VIOLATED)
_16221_/A1                              0.750000    0.799365   -0.049365 (VIOLATED)
_16432_/B                               0.750000    0.799365   -0.049365 (VIOLATED)
_15904_/B                               0.750000    0.799365   -0.049365 (VIOLATED)
_15911_/A                               0.750000    0.799364   -0.049364 (VIOLATED)
_15918_/A2                              0.750000    0.799364   -0.049364 (VIOLATED)
_16594_/C                               0.750000    0.799364   -0.049364 (VIOLATED)
_16759_/A                               0.750000    0.799364   -0.049364 (VIOLATED)
_17479_/A0                              0.750000    0.799364   -0.049364 (VIOLATED)
_18862_/Q                               0.750000    0.799364   -0.049364 (VIOLATED)
_10063_/B                               0.750000    0.794858   -0.044858 (VIOLATED)
_10051_/A2                              0.750000    0.794857   -0.044857 (VIOLATED)
_10716_/A2                              0.750000    0.794857   -0.044857 (VIOLATED)
_11262_/A2                              0.750000    0.794856   -0.044856 (VIOLATED)
_10083_/B                               0.750000    0.794856   -0.044856 (VIOLATED)
_11253_/B2                              0.750000    0.794855   -0.044855 (VIOLATED)
_11355_/A1                              0.750000    0.794855   -0.044855 (VIOLATED)
_10038_/B                               0.750000    0.794854   -0.044854 (VIOLATED)
_10070_/A2                              0.750000    0.794848   -0.044848 (VIOLATED)
_10325_/B1                              0.750000    0.794845   -0.044845 (VIOLATED)
_10732_/A2                              0.750000    0.794843   -0.044843 (VIOLATED)
_10726_/A1                              0.750000    0.794841   -0.044841 (VIOLATED)
_10069_/B                               0.750000    0.794841   -0.044841 (VIOLATED)
_10033_/X                               0.750000    0.794836   -0.044836 (VIOLATED)
_14663_/B                               0.750000    0.794496   -0.044496 (VIOLATED)
_14667_/B                               0.750000    0.794496   -0.044496 (VIOLATED)
_14645_/B                               0.750000    0.794496   -0.044496 (VIOLATED)
_14633_/B                               0.750000    0.794493   -0.044493 (VIOLATED)
_14655_/A                               0.750000    0.794493   -0.044493 (VIOLATED)
_14634_/B                               0.750000    0.794492   -0.044493 (VIOLATED)
_14643_/B                               0.750000    0.794492   -0.044492 (VIOLATED)
_14644_/A_N                             0.750000    0.794492   -0.044492 (VIOLATED)
_14605_/A2                              0.750000    0.794490   -0.044490 (VIOLATED)
_14630_/B                               0.750000    0.794489   -0.044489 (VIOLATED)
_14616_/A_N                             0.750000    0.794489   -0.044489 (VIOLATED)
_15073_/A1                              0.750000    0.794489   -0.044489 (VIOLATED)
_15466_/A                               0.750000    0.794488   -0.044488 (VIOLATED)
_14668_/C_N                             0.750000    0.794479   -0.044479 (VIOLATED)
_14622_/B                               0.750000    0.794470   -0.044470 (VIOLATED)
_14691_/A2                              0.750000    0.794466   -0.044466 (VIOLATED)
_15473_/A1                              0.750000    0.794464   -0.044464 (VIOLATED)
_14611_/A                               0.750000    0.794460   -0.044460 (VIOLATED)
_14603_/B                               0.750000    0.794459   -0.044459 (VIOLATED)
_14613_/A                               0.750000    0.794451   -0.044451 (VIOLATED)
_14666_/B                               0.750000    0.794450   -0.044450 (VIOLATED)
_15609_/B1                              0.750000    0.794449   -0.044449 (VIOLATED)
_14647_/A2                              0.750000    0.794449   -0.044449 (VIOLATED)
_14623_/B                               0.750000    0.794449   -0.044449 (VIOLATED)
_14606_/A2                              0.750000    0.794443   -0.044443 (VIOLATED)
_14632_/A_N                             0.750000    0.794437   -0.044437 (VIOLATED)
_14602_/B                               0.750000    0.794425   -0.044425 (VIOLATED)
_14624_/A2                              0.750000    0.794425   -0.044425 (VIOLATED)
_14625_/A2                              0.750000    0.794425   -0.044425 (VIOLATED)
_14631_/B                               0.750000    0.794425   -0.044425 (VIOLATED)
_14638_/B                               0.750000    0.794425   -0.044425 (VIOLATED)
_14639_/A2                              0.750000    0.794425   -0.044425 (VIOLATED)
_14642_/B                               0.750000    0.794425   -0.044425 (VIOLATED)
_14669_/C_N                             0.750000    0.794425   -0.044425 (VIOLATED)
_14680_/A2                              0.750000    0.794425   -0.044425 (VIOLATED)
_14702_/A_N                             0.750000    0.794425   -0.044425 (VIOLATED)
_14703_/A_N                             0.750000    0.794425   -0.044425 (VIOLATED)
_14831_/A2                              0.750000    0.794425   -0.044425 (VIOLATED)
_17628_/A0                              0.750000    0.794425   -0.044425 (VIOLATED)
_18911_/Q                               0.750000    0.794425   -0.044425 (VIOLATED)
_12609_/B                               0.750000    0.793928   -0.043928 (VIOLATED)
_12608_/Y                               0.750000    0.793882   -0.043882 (VIOLATED)
_17463_/A                               0.750000    0.793882   -0.043882 (VIOLATED)
_18126_/B                               0.750000    0.793882   -0.043882 (VIOLATED)
_12955_/A_N                             0.750000    0.793699   -0.043699 (VIOLATED)
_12956_/A_N                             0.750000    0.793699   -0.043699 (VIOLATED)
_12959_/A_N                             0.750000    0.793699   -0.043699 (VIOLATED)
_12960_/B                               0.750000    0.793699   -0.043699 (VIOLATED)
_12961_/B                               0.750000    0.793699   -0.043699 (VIOLATED)
_12962_/B                               0.750000    0.793699   -0.043699 (VIOLATED)
_12965_/A                               0.750000    0.793699   -0.043699 (VIOLATED)
_12966_/A                               0.750000    0.793699   -0.043699 (VIOLATED)
_12971_/B                               0.750000    0.793699   -0.043699 (VIOLATED)
_12972_/B                               0.750000    0.793699   -0.043699 (VIOLATED)
_12981_/B                               0.750000    0.793699   -0.043699 (VIOLATED)
_12982_/B                               0.750000    0.793699   -0.043699 (VIOLATED)
_12983_/B                               0.750000    0.793699   -0.043699 (VIOLATED)
_12984_/B                               0.750000    0.793699   -0.043699 (VIOLATED)
_12989_/A                               0.750000    0.793699   -0.043699 (VIOLATED)
_12990_/A_N                             0.750000    0.793699   -0.043699 (VIOLATED)
_12991_/A_N                             0.750000    0.793699   -0.043699 (VIOLATED)
_12995_/A2                              0.750000    0.793699   -0.043699 (VIOLATED)
_12997_/A                               0.750000    0.793699   -0.043699 (VIOLATED)
_12998_/A1                              0.750000    0.793699   -0.043699 (VIOLATED)
_13001_/A                               0.750000    0.793699   -0.043699 (VIOLATED)
_13002_/B                               0.750000    0.793699   -0.043699 (VIOLATED)
_13008_/A                               0.750000    0.793699   -0.043699 (VIOLATED)
_13013_/B                               0.750000    0.793699   -0.043699 (VIOLATED)
_13014_/B                               0.750000    0.793699   -0.043699 (VIOLATED)
_13015_/B                               0.750000    0.793699   -0.043699 (VIOLATED)
_13031_/A2                              0.750000    0.793699   -0.043699 (VIOLATED)
_13033_/B2                              0.750000    0.793699   -0.043699 (VIOLATED)
_13034_/A                               0.750000    0.793699   -0.043699 (VIOLATED)
_13035_/A                               0.750000    0.793699   -0.043699 (VIOLATED)
_13050_/C_N                             0.750000    0.793699   -0.043699 (VIOLATED)
_13339_/A                               0.750000    0.793699   -0.043699 (VIOLATED)
_13343_/A1                              0.750000    0.793699   -0.043699 (VIOLATED)
_13346_/A1                              0.750000    0.793699   -0.043699 (VIOLATED)
_13362_/B                               0.750000    0.793699   -0.043699 (VIOLATED)
_13379_/C                               0.750000    0.793699   -0.043699 (VIOLATED)
_13491_/B                               0.750000    0.793699   -0.043699 (VIOLATED)
_13493_/A1                              0.750000    0.793699   -0.043699 (VIOLATED)
_13741_/A2                              0.750000    0.793699   -0.043699 (VIOLATED)
_13749_/A1                              0.750000    0.793699   -0.043699 (VIOLATED)
_13896_/A1                              0.750000    0.793699   -0.043699 (VIOLATED)
_17801_/A0                              0.750000    0.793699   -0.043699 (VIOLATED)
_18966_/Q                               0.750000    0.793699   -0.043699 (VIOLATED)
_17005_/B                               0.750000    0.789807   -0.039807 (VIOLATED)
_17393_/B                               0.750000    0.789806   -0.039806 (VIOLATED)
_16874_/B                               0.750000    0.789804   -0.039804 (VIOLATED)
_17442_/B                               0.750000    0.789803   -0.039803 (VIOLATED)
_17448_/B                               0.750000    0.789803   -0.039803 (VIOLATED)
_16873_/Y                               0.750000    0.789733   -0.039733 (VIOLATED)
_14352_/B                               0.750000    0.786317   -0.036317 (VIOLATED)
_15166_/A1                              0.750000    0.786317   -0.036317 (VIOLATED)
_14273_/A_N                             0.750000    0.786317   -0.036317 (VIOLATED)
_14347_/A2                              0.750000    0.786317   -0.036317 (VIOLATED)
_14362_/B1                              0.750000    0.786317   -0.036317 (VIOLATED)
_14344_/A2                              0.750000    0.786317   -0.036317 (VIOLATED)
_14269_/B                               0.750000    0.786316   -0.036316 (VIOLATED)
_14284_/A_N                             0.750000    0.786316   -0.036316 (VIOLATED)
_14281_/B                               0.750000    0.786314   -0.036314 (VIOLATED)
_14766_/A_N                             0.750000    0.786312   -0.036312 (VIOLATED)
_14320_/B                               0.750000    0.786310   -0.036310 (VIOLATED)
_14302_/B                               0.750000    0.786309   -0.036310 (VIOLATED)
_15542_/A1                              0.750000    0.786309   -0.036309 (VIOLATED)
_14309_/A_N                             0.750000    0.786309   -0.036309 (VIOLATED)
_14291_/A                               0.750000    0.786309   -0.036309 (VIOLATED)
_14282_/B                               0.750000    0.786309   -0.036309 (VIOLATED)
_14784_/A_N                             0.750000    0.786309   -0.036309 (VIOLATED)
_14360_/A1                              0.750000    0.786308   -0.036308 (VIOLATED)
_14290_/A                               0.750000    0.786308   -0.036308 (VIOLATED)
_14952_/A1                              0.750000    0.786307   -0.036307 (VIOLATED)
_14266_/B                               0.750000    0.786307   -0.036307 (VIOLATED)
_14339_/B                               0.750000    0.786306   -0.036306 (VIOLATED)
_14318_/A                               0.750000    0.786306   -0.036306 (VIOLATED)
_14296_/A                               0.750000    0.786305   -0.036305 (VIOLATED)
_14275_/A                               0.750000    0.786304   -0.036304 (VIOLATED)
_09444_/A                               0.750000    0.786302   -0.036302 (VIOLATED)
_14267_/B                               0.750000    0.786302   -0.036302 (VIOLATED)
_14268_/B                               0.750000    0.786302   -0.036302 (VIOLATED)
_14274_/A_N                             0.750000    0.786302   -0.036302 (VIOLATED)
_14283_/A_N                             0.750000    0.786302   -0.036302 (VIOLATED)
_14292_/B                               0.750000    0.786302   -0.036302 (VIOLATED)
_14293_/B                               0.750000    0.786302   -0.036302 (VIOLATED)
_14294_/A2                              0.750000    0.786302   -0.036302 (VIOLATED)
_14297_/A                               0.750000    0.786302   -0.036302 (VIOLATED)
_14298_/A1                              0.750000    0.786302   -0.036302 (VIOLATED)
_14303_/B                               0.750000    0.786302   -0.036302 (VIOLATED)
_14310_/A1                              0.750000    0.786302   -0.036302 (VIOLATED)
_14321_/B                               0.750000    0.786302   -0.036302 (VIOLATED)
_14340_/A1                              0.750000    0.786302   -0.036302 (VIOLATED)
_14342_/B                               0.750000    0.786302   -0.036302 (VIOLATED)
_14343_/B                               0.750000    0.786302   -0.036302 (VIOLATED)
_14771_/B                               0.750000    0.786302   -0.036302 (VIOLATED)
_14777_/B2                              0.750000    0.786302   -0.036302 (VIOLATED)
_14785_/A2                              0.750000    0.786302   -0.036302 (VIOLATED)
_15408_/B2                              0.750000    0.786302   -0.036302 (VIOLATED)
_17775_/A0                              0.750000    0.786302   -0.036302 (VIOLATED)
_18958_/Q                               0.750000    0.786302   -0.036302 (VIOLATED)
_12924_/A                               0.750000    0.784640   -0.034640 (VIOLATED)
_12850_/B                               0.750000    0.784640   -0.034640 (VIOLATED)
_12925_/A                               0.750000    0.784640   -0.034640 (VIOLATED)
_12856_/A                               0.750000    0.784640   -0.034640 (VIOLATED)
_12845_/B                               0.750000    0.784637   -0.034637 (VIOLATED)
_12862_/B                               0.750000    0.784635   -0.034635 (VIOLATED)
_12871_/A                               0.750000    0.784635   -0.034635 (VIOLATED)
_12888_/B                               0.750000    0.784635   -0.034635 (VIOLATED)
_13297_/A                               0.750000    0.784634   -0.034634 (VIOLATED)
_12878_/A2                              0.750000    0.784633   -0.034633 (VIOLATED)
_12887_/A1                              0.750000    0.784632   -0.034632 (VIOLATED)
_12870_/A                               0.750000    0.784632   -0.034632 (VIOLATED)
_12847_/A_N                             0.750000    0.784627   -0.034627 (VIOLATED)
_12922_/A                               0.750000    0.784599   -0.034599 (VIOLATED)
_13968_/A1                              0.750000    0.784599   -0.034599 (VIOLATED)
_13467_/B2                              0.750000    0.784599   -0.034599 (VIOLATED)
_12933_/A                               0.750000    0.784599   -0.034599 (VIOLATED)
_13478_/A1                              0.750000    0.784597   -0.034597 (VIOLATED)
_13860_/A2                              0.750000    0.784581   -0.034581 (VIOLATED)
_12886_/A                               0.750000    0.784565   -0.034565 (VIOLATED)
_12889_/B                               0.750000    0.784560   -0.034560 (VIOLATED)
_12857_/A                               0.750000    0.784559   -0.034559 (VIOLATED)
_12863_/A                               0.750000    0.784547   -0.034547 (VIOLATED)
_12844_/B                               0.750000    0.784543   -0.034543 (VIOLATED)
_12849_/B                               0.750000    0.784540   -0.034540 (VIOLATED)
_12841_/B                               0.750000    0.784540   -0.034540 (VIOLATED)
_12855_/A_N                             0.750000    0.784540   -0.034540 (VIOLATED)
_12846_/A_N                             0.750000    0.784539   -0.034539 (VIOLATED)
_12877_/A_N                             0.750000    0.784538   -0.034538 (VIOLATED)
_13484_/A2                              0.750000    0.784537   -0.034537 (VIOLATED)
_12932_/B                               0.750000    0.784536   -0.034536 (VIOLATED)
_12934_/B                               0.750000    0.784536   -0.034536 (VIOLATED)
_12897_/B                               0.750000    0.784534   -0.034534 (VIOLATED)
_12861_/B                               0.750000    0.784534   -0.034534 (VIOLATED)
_12898_/B                               0.750000    0.784534   -0.034534 (VIOLATED)
_17528_/A0                              0.750000    0.784528   -0.034529 (VIOLATED)
_18878_/Q                               0.750000    0.784528   -0.034529 (VIOLATED)
_12702_/A                               0.750000    0.783608   -0.033608 (VIOLATED)
_12763_/B                               0.750000    0.783608   -0.033608 (VIOLATED)
_12741_/A                               0.750000    0.783607   -0.033607 (VIOLATED)
_13218_/A2                              0.750000    0.783607   -0.033607 (VIOLATED)
_12787_/A_N                             0.750000    0.783607   -0.033607 (VIOLATED)
_12811_/A2                              0.750000    0.783607   -0.033607 (VIOLATED)
_12690_/B                               0.750000    0.783605   -0.033605 (VIOLATED)
_12697_/B                               0.750000    0.783605   -0.033605 (VIOLATED)
_12701_/A_N                             0.750000    0.783601   -0.033601 (VIOLATED)
_12762_/B                               0.750000    0.783600   -0.033600 (VIOLATED)
_12747_/B                               0.750000    0.783598   -0.033598 (VIOLATED)
_13800_/B2                              0.750000    0.783595   -0.033595 (VIOLATED)
_12746_/B                               0.750000    0.783595   -0.033595 (VIOLATED)
_13820_/A3                              0.750000    0.783594   -0.033594 (VIOLATED)
_12776_/B                               0.750000    0.783590   -0.033590 (VIOLATED)
_12726_/A                               0.750000    0.783590   -0.033590 (VIOLATED)
_13549_/B                               0.750000    0.783590   -0.033590 (VIOLATED)
_09420_/A                               0.750000    0.783590   -0.033590 (VIOLATED)
_12819_/B                               0.750000    0.783589   -0.033590 (VIOLATED)
_13395_/A1                              0.750000    0.783589   -0.033589 (VIOLATED)
_12810_/A                               0.750000    0.783589   -0.033589 (VIOLATED)
_12689_/B                               0.750000    0.783588   -0.033588 (VIOLATED)
_12691_/B                               0.750000    0.783588   -0.033588 (VIOLATED)
_12692_/B                               0.750000    0.783588   -0.033588 (VIOLATED)
_12693_/A2                              0.750000    0.783588   -0.033588 (VIOLATED)
_12696_/B                               0.750000    0.783588   -0.033588 (VIOLATED)
_12700_/A_N                             0.750000    0.783588   -0.033588 (VIOLATED)
_12707_/B                               0.750000    0.783588   -0.033588 (VIOLATED)
_12708_/B                               0.750000    0.783588   -0.033588 (VIOLATED)
_12709_/B                               0.750000    0.783588   -0.033588 (VIOLATED)
_12714_/B                               0.750000    0.783588   -0.033588 (VIOLATED)
_12718_/B                               0.750000    0.783588   -0.033588 (VIOLATED)
_12719_/A_N                             0.750000    0.783588   -0.033588 (VIOLATED)
_12724_/A_N                             0.750000    0.783588   -0.033588 (VIOLATED)
_12735_/A                               0.750000    0.783588   -0.033588 (VIOLATED)
_12740_/A                               0.750000    0.783588   -0.033588 (VIOLATED)
_12742_/A1                              0.750000    0.783588   -0.033588 (VIOLATED)
_12773_/A1                              0.750000    0.783588   -0.033588 (VIOLATED)
_12805_/B                               0.750000    0.783588   -0.033588 (VIOLATED)
_13233_/A1                              0.750000    0.783588   -0.033588 (VIOLATED)
_17673_/A0                              0.750000    0.783588   -0.033588 (VIOLATED)
_18926_/Q                               0.750000    0.783588   -0.033588 (VIOLATED)
_12966_/B                               0.750000    0.783122   -0.033122 (VIOLATED)
_12958_/B                               0.750000    0.783122   -0.033122 (VIOLATED)
_12957_/B                               0.750000    0.783122   -0.033122 (VIOLATED)
_13341_/B                               0.750000    0.783122   -0.033122 (VIOLATED)
_13759_/A1                              0.750000    0.783122   -0.033122 (VIOLATED)
_13002_/C_N                             0.750000    0.783121   -0.033122 (VIOLATED)
_12976_/B                               0.750000    0.783120   -0.033120 (VIOLATED)
_14055_/A1                              0.750000    0.783119   -0.033119 (VIOLATED)
_13343_/A2                              0.750000    0.783119   -0.033119 (VIOLATED)
_13025_/A2                              0.750000    0.783116   -0.033116 (VIOLATED)
_12998_/A2                              0.750000    0.783116   -0.033116 (VIOLATED)
_12970_/A_N                             0.750000    0.783115   -0.033115 (VIOLATED)
_13026_/A2                              0.750000    0.783115   -0.033115 (VIOLATED)
_12956_/B                               0.750000    0.783115   -0.033115 (VIOLATED)
_12989_/B                               0.750000    0.783115   -0.033115 (VIOLATED)
_13741_/A3                              0.750000    0.783114   -0.033114 (VIOLATED)
_12969_/A_N                             0.750000    0.783113   -0.033113 (VIOLATED)
_12978_/B                               0.750000    0.783113   -0.033113 (VIOLATED)
_12988_/B                               0.750000    0.783113   -0.033113 (VIOLATED)
_13050_/B                               0.750000    0.783113   -0.033113 (VIOLATED)
_13035_/B                               0.750000    0.783112   -0.033112 (VIOLATED)
_13362_/C                               0.750000    0.783112   -0.033112 (VIOLATED)
_12979_/A2                              0.750000    0.783110   -0.033110 (VIOLATED)
_12955_/B                               0.750000    0.783110   -0.033110 (VIOLATED)
_12962_/A_N                             0.750000    0.783110   -0.033110 (VIOLATED)
_12965_/B                               0.750000    0.783110   -0.033110 (VIOLATED)
_12987_/B                               0.750000    0.783110   -0.033110 (VIOLATED)
_12995_/B1                              0.750000    0.783110   -0.033110 (VIOLATED)
_12997_/B                               0.750000    0.783110   -0.033110 (VIOLATED)
_13007_/C                               0.750000    0.783110   -0.033110 (VIOLATED)
_13015_/A_N                             0.750000    0.783110   -0.033110 (VIOLATED)
_13033_/A1                              0.750000    0.783110   -0.033110 (VIOLATED)
_13034_/B                               0.750000    0.783110   -0.033110 (VIOLATED)
_13342_/B                               0.750000    0.783110   -0.033110 (VIOLATED)
_13372_/A1                              0.750000    0.783110   -0.033110 (VIOLATED)
_13374_/C_N                             0.750000    0.783110   -0.033110 (VIOLATED)
_13493_/A2                              0.750000    0.783110   -0.033110 (VIOLATED)
_13507_/A                               0.750000    0.783110   -0.033110 (VIOLATED)
_13516_/A1                              0.750000    0.783110   -0.033110 (VIOLATED)
_13523_/C1                              0.750000    0.783110   -0.033110 (VIOLATED)
_13569_/A2                              0.750000    0.783110   -0.033110 (VIOLATED)
_13572_/A1                              0.750000    0.783110   -0.033110 (VIOLATED)
_17804_/A0                              0.750000    0.783110   -0.033110 (VIOLATED)
_18967_/Q                               0.750000    0.783110   -0.033110 (VIOLATED)
_15400_/A                               0.750000    0.782386   -0.032386 (VIOLATED)
_15681_/A                               0.750000    0.782385   -0.032385 (VIOLATED)
_15882_/A0                              0.750000    0.782383   -0.032383 (VIOLATED)
_15207_/A                               0.750000    0.782382   -0.032382 (VIOLATED)
_15822_/A                               0.750000    0.782381   -0.032381 (VIOLATED)
_14824_/A                               0.750000    0.782363   -0.032363 (VIOLATED)
_14600_/A                               0.750000    0.782349   -0.032349 (VIOLATED)
_11080_/A                               0.750000    0.782292   -0.032293 (VIOLATED)
_11081_/A1                              0.750000    0.782291   -0.032291 (VIOLATED)
_09992_/B1                              0.750000    0.782289   -0.032289 (VIOLATED)
_09937_/C1                              0.750000    0.782284   -0.032284 (VIOLATED)
_11235_/C1                              0.750000    0.782278   -0.032278 (VIOLATED)
_11095_/B1                              0.750000    0.782277   -0.032277 (VIOLATED)
_09372_/A                               0.750000    0.782276   -0.032276 (VIOLATED)
_10927_/C1                              0.750000    0.782275   -0.032275 (VIOLATED)
_10546_/C                               0.750000    0.782269   -0.032270 (VIOLATED)
_11092_/B1                              0.750000    0.782269   -0.032269 (VIOLATED)
_10542_/C1                              0.750000    0.782268   -0.032268 (VIOLATED)
_10268_/A1                              0.750000    0.782263   -0.032263 (VIOLATED)
_11089_/A1                              0.750000    0.782255   -0.032255 (VIOLATED)
_09935_/C1                              0.750000    0.782255   -0.032255 (VIOLATED)
_10543_/C1                              0.750000    0.782254   -0.032254 (VIOLATED)
_10535_/C1                              0.750000    0.782247   -0.032247 (VIOLATED)
_14487_/X                               0.750000    0.782245   -0.032245 (VIOLATED)
_10942_/C1                              0.750000    0.782221   -0.032221 (VIOLATED)
_10940_/A1                              0.750000    0.782220   -0.032220 (VIOLATED)
_10941_/D1                              0.750000    0.782219   -0.032220 (VIOLATED)
_10938_/C1                              0.750000    0.782215   -0.032215 (VIOLATED)
_10026_/A1                              0.750000    0.782185   -0.032185 (VIOLATED)
_10025_/B1                              0.750000    0.782178   -0.032178 (VIOLATED)
_10553_/A1                              0.750000    0.782134   -0.032134 (VIOLATED)
_10554_/A1                              0.750000    0.782133   -0.032133 (VIOLATED)
_10777_/B2                              0.750000    0.782132   -0.032132 (VIOLATED)
_10765_/B1                              0.750000    0.782132   -0.032132 (VIOLATED)
_10282_/B1                              0.750000    0.782129   -0.032129 (VIOLATED)
_11244_/B1                              0.750000    0.782128   -0.032128 (VIOLATED)
_10287_/A1                              0.750000    0.782121   -0.032121 (VIOLATED)
_10272_/C1                              0.750000    0.782079   -0.032079 (VIOLATED)
_10295_/C1                              0.750000    0.782072   -0.032073 (VIOLATED)
_10759_/A                               0.750000    0.782047   -0.032047 (VIOLATED)
_11228_/A1                              0.750000    0.781999   -0.031999 (VIOLATED)
_10774_/A                               0.750000    0.781988   -0.031988 (VIOLATED)
_10775_/B2                              0.750000    0.781987   -0.031987 (VIOLATED)
_09958_/B1                              0.750000    0.781947   -0.031948 (VIOLATED)
_09975_/A1                              0.750000    0.781934   -0.031934 (VIOLATED)
_17568_/A0                              0.750000    0.781633   -0.031633 (VIOLATED)
_18891_/Q                               0.750000    0.781633   -0.031633 (VIOLATED)
_11229_/A1                              0.750000    0.780266   -0.030266 (VIOLATED)
_11226_/B1                              0.750000    0.780266   -0.030266 (VIOLATED)
_09973_/A2                              0.750000    0.780266   -0.030266 (VIOLATED)
_09908_/D                               0.750000    0.780265   -0.030265 (VIOLATED)
_11085_/A1                              0.750000    0.780264   -0.030264 (VIOLATED)
_09995_/B                               0.750000    0.780264   -0.030264 (VIOLATED)
_10753_/A2                              0.750000    0.780264   -0.030264 (VIOLATED)
_09907_/C                               0.750000    0.780262   -0.030262 (VIOLATED)
_09905_/Y                               0.750000    0.780260   -0.030260 (VIOLATED)
_09988_/C                               0.750000    0.780260   -0.030260 (VIOLATED)
_10923_/A2                              0.750000    0.780260   -0.030260 (VIOLATED)
_12926_/A2                              0.750000    0.775170   -0.025170 (VIOLATED)
_13720_/B                               0.750000    0.775170   -0.025170 (VIOLATED)
_13657_/A3                              0.750000    0.775170   -0.025170 (VIOLATED)
_12946_/C                               0.750000    0.775170   -0.025170 (VIOLATED)
_12914_/C                               0.750000    0.775170   -0.025170 (VIOLATED)
_13308_/B                               0.750000    0.775169   -0.025169 (VIOLATED)
_13465_/A                               0.750000    0.775169   -0.025169 (VIOLATED)
_12943_/A2                              0.750000    0.775168   -0.025168 (VIOLATED)
_12871_/X                               0.750000    0.775165   -0.025166 (VIOLATED)
_12942_/B                               0.750000    0.775165   -0.025166 (VIOLATED)
_13456_/A2                              0.750000    0.775165   -0.025166 (VIOLATED)
_13638_/B                               0.750000    0.775165   -0.025166 (VIOLATED)
_13641_/A2                              0.750000    0.775165   -0.025166 (VIOLATED)
_14081_/C                               0.750000    0.775165   -0.025166 (VIOLATED)
_12957_/A_N                             0.750000    0.772877   -0.022877 (VIOLATED)
_12958_/A_N                             0.750000    0.772877   -0.022877 (VIOLATED)
_12960_/A                               0.750000    0.772877   -0.022877 (VIOLATED)
_12961_/A                               0.750000    0.772877   -0.022877 (VIOLATED)
_12967_/A                               0.750000    0.772877   -0.022877 (VIOLATED)
_12968_/A                               0.750000    0.772877   -0.022877 (VIOLATED)
_12969_/B                               0.750000    0.772877   -0.022877 (VIOLATED)
_12970_/B                               0.750000    0.772877   -0.022877 (VIOLATED)
_12971_/A                               0.750000    0.772877   -0.022877 (VIOLATED)
_12972_/A                               0.750000    0.772877   -0.022877 (VIOLATED)
_12974_/A                               0.750000    0.772877   -0.022877 (VIOLATED)
_12975_/A                               0.750000    0.772877   -0.022877 (VIOLATED)
_12977_/B                               0.750000    0.772877   -0.022877 (VIOLATED)
_12978_/A                               0.750000    0.772877   -0.022877 (VIOLATED)
_12979_/A1                              0.750000    0.772877   -0.022877 (VIOLATED)
_12983_/A_N                             0.750000    0.772877   -0.022877 (VIOLATED)
_12984_/A_N                             0.750000    0.772877   -0.022877 (VIOLATED)
_12987_/A                               0.750000    0.772877   -0.022877 (VIOLATED)
_12988_/A                               0.750000    0.772877   -0.022877 (VIOLATED)
_12990_/B                               0.750000    0.772877   -0.022877 (VIOLATED)
_12991_/B                               0.750000    0.772877   -0.022877 (VIOLATED)
_12995_/A1                              0.750000    0.772877   -0.022877 (VIOLATED)
_12998_/B1_N                            0.750000    0.772877   -0.022877 (VIOLATED)
_13002_/A                               0.750000    0.772877   -0.022877 (VIOLATED)
_13006_/B                               0.750000    0.772877   -0.022877 (VIOLATED)
_13007_/B                               0.750000    0.772877   -0.022877 (VIOLATED)
_13015_/C                               0.750000    0.772877   -0.022877 (VIOLATED)
_13016_/B                               0.750000    0.772877   -0.022877 (VIOLATED)
_13024_/A1                              0.750000    0.772877   -0.022877 (VIOLATED)
_13025_/A1                              0.750000    0.772877   -0.022877 (VIOLATED)
_13026_/A1                              0.750000    0.772877   -0.022877 (VIOLATED)
_13031_/A1                              0.750000    0.772877   -0.022877 (VIOLATED)
_13034_/C_N                             0.750000    0.772877   -0.022877 (VIOLATED)
_13035_/C_N                             0.750000    0.772877   -0.022877 (VIOLATED)
_13050_/A                               0.750000    0.772877   -0.022877 (VIOLATED)
_13361_/A                               0.750000    0.772877   -0.022877 (VIOLATED)
_13362_/A_N                             0.750000    0.772877   -0.022877 (VIOLATED)
_13379_/B                               0.750000    0.772877   -0.022877 (VIOLATED)
_13493_/B1                              0.750000    0.772877   -0.022877 (VIOLATED)
_13511_/A                               0.750000    0.772877   -0.022877 (VIOLATED)
_13569_/B2                              0.750000    0.772877   -0.022877 (VIOLATED)
_13574_/A1                              0.750000    0.772877   -0.022877 (VIOLATED)
_13583_/B2                              0.750000    0.772877   -0.022877 (VIOLATED)
_13732_/A1                              0.750000    0.772877   -0.022877 (VIOLATED)
_13740_/A_N                             0.750000    0.772877   -0.022877 (VIOLATED)
_17807_/A0                              0.750000    0.772877   -0.022877 (VIOLATED)
_18968_/Q                               0.750000    0.772877   -0.022877 (VIOLATED)
_10697_/C1                              0.750000    0.770548   -0.020548 (VIOLATED)
_10709_/B1                              0.750000    0.770547   -0.020547 (VIOLATED)
_10712_/A1                              0.750000    0.770547   -0.020547 (VIOLATED)
_10695_/A1                              0.750000    0.770543   -0.020543 (VIOLATED)
_11189_/C1                              0.750000    0.770543   -0.020543 (VIOLATED)
_10704_/B1                              0.750000    0.770538   -0.020538 (VIOLATED)
_10413_/C1                              0.750000    0.770537   -0.020537 (VIOLATED)
_10706_/B2                              0.750000    0.770535   -0.020535 (VIOLATED)
_10868_/C1                              0.750000    0.770525   -0.020525 (VIOLATED)
_10424_/B1                              0.750000    0.770524   -0.020524 (VIOLATED)
_11037_/A1                              0.750000    0.770517   -0.020517 (VIOLATED)
_10519_/B1                              0.750000    0.770517   -0.020517 (VIOLATED)
_10520_/A1                              0.750000    0.770516   -0.020516 (VIOLATED)
_10391_/A                               0.750000    0.770514   -0.020514 (VIOLATED)
_09745_/B1                              0.750000    0.770513   -0.020513 (VIOLATED)
_11011_/B1                              0.750000    0.770512   -0.020512 (VIOLATED)
_11014_/A1                              0.750000    0.770511   -0.020511 (VIOLATED)
_09750_/B2                              0.750000    0.770510   -0.020510 (VIOLATED)
_11019_/B1                              0.750000    0.770502   -0.020502 (VIOLATED)
_10862_/A1                              0.750000    0.770502   -0.020502 (VIOLATED)
_10865_/C1                              0.750000    0.770501   -0.020501 (VIOLATED)
_11020_/A1                              0.750000    0.770498   -0.020498 (VIOLATED)
_10419_/A                               0.750000    0.770486   -0.020487 (VIOLATED)
_11033_/B2                              0.750000    0.770481   -0.020481 (VIOLATED)
_10881_/C1                              0.750000    0.770478   -0.020478 (VIOLATED)
_09739_/C1                              0.750000    0.770477   -0.020477 (VIOLATED)
_10876_/A1                              0.750000    0.770476   -0.020477 (VIOLATED)
_09771_/C1                              0.750000    0.770461   -0.020461 (VIOLATED)
_09773_/C1                              0.750000    0.770458   -0.020458 (VIOLATED)
_11171_/C1                              0.750000    0.770430   -0.020430 (VIOLATED)
_10400_/A                               0.750000    0.770406   -0.020406 (VIOLATED)
_09366_/A                               0.750000    0.770406   -0.020406 (VIOLATED)
_11193_/A                               0.750000    0.770405   -0.020405 (VIOLATED)
_11025_/B1                              0.750000    0.770405   -0.020405 (VIOLATED)
_11182_/B1                              0.750000    0.770403   -0.020403 (VIOLATED)
_11177_/B1                              0.750000    0.770399   -0.020399 (VIOLATED)
_17592_/A0                              0.750000    0.770168   -0.020168 (VIOLATED)
_18899_/Q                               0.750000    0.770168   -0.020168 (VIOLATED)
_12533_/B                               0.750000    0.767716   -0.017716 (VIOLATED)
_18123_/A2                              0.750000    0.767659   -0.017660 (VIOLATED)
_12532_/Y                               0.750000    0.767658   -0.017658 (VIOLATED)
_17449_/C1                              0.750000    0.767658   -0.017658 (VIOLATED)
_17450_/C1                              0.750000    0.767658   -0.017658 (VIOLATED)
_10720_/A                               0.750000    0.764624   -0.014624 (VIOLATED)
_09385_/A                               0.750000    0.764623   -0.014623 (VIOLATED)
_11123_/A1                              0.750000    0.764623   -0.014623 (VIOLATED)
_11107_/A1                              0.750000    0.764616   -0.014616 (VIOLATED)
_11116_/A1                              0.750000    0.764612   -0.014612 (VIOLATED)
_10724_/B1                              0.750000    0.764604   -0.014604 (VIOLATED)
_10142_/B1                              0.750000    0.764603   -0.014603 (VIOLATED)
_10329_/A1                              0.750000    0.764592   -0.014592 (VIOLATED)
_10328_/A1                              0.750000    0.764589   -0.014589 (VIOLATED)
_10728_/A                               0.750000    0.764578   -0.014578 (VIOLATED)
_11350_/C1                              0.750000    0.764576   -0.014576 (VIOLATED)
_11118_/C1                              0.750000    0.764571   -0.014571 (VIOLATED)
_10311_/A1                              0.750000    0.764568   -0.014568 (VIOLATED)
_10324_/A1                              0.750000    0.764566   -0.014566 (VIOLATED)
_10322_/C1                              0.750000    0.764547   -0.014547 (VIOLATED)
_11130_/A1                              0.750000    0.764543   -0.014543 (VIOLATED)
_10143_/A1                              0.750000    0.764540   -0.014540 (VIOLATED)
_10319_/A1                              0.750000    0.764516   -0.014516 (VIOLATED)
_10337_/A1                              0.750000    0.764453   -0.014453 (VIOLATED)
_11372_/C1                              0.750000    0.764433   -0.014433 (VIOLATED)
_10335_/A1                              0.750000    0.764430   -0.014430 (VIOLATED)
_10968_/B2                              0.750000    0.764426   -0.014426 (VIOLATED)
_10948_/B1                              0.750000    0.764423   -0.014423 (VIOLATED)
_10958_/B1                              0.750000    0.764422   -0.014422 (VIOLATED)
_11363_/B1                              0.750000    0.764417   -0.014417 (VIOLATED)
_10963_/B1                              0.750000    0.764405   -0.014405 (VIOLATED)
_12439_/B                               0.750000    0.764393   -0.014393 (VIOLATED)
_10959_/A1                              0.750000    0.764387   -0.014387 (VIOLATED)
_11271_/A1                              0.750000    0.764345   -0.014345 (VIOLATED)
_12438_/Y                               0.750000    0.764345   -0.014345 (VIOLATED)
_17435_/A                               0.750000    0.764345   -0.014345 (VIOLATED)
_18119_/A2                              0.750000    0.764345   -0.014345 (VIOLATED)
_10638_/S0                              0.750000    0.764340   -0.014340 (VIOLATED)
_10744_/S0                              0.750000    0.764333   -0.014333 (VIOLATED)
_10722_/A1                              0.750000    0.764330   -0.014330 (VIOLATED)
_10049_/A                               0.750000    0.764058   -0.014058 (VIOLATED)
_10104_/A1                              0.750000    0.764058   -0.014058 (VIOLATED)
_10066_/B                               0.750000    0.764057   -0.014057 (VIOLATED)
_10061_/A                               0.750000    0.764057   -0.014057 (VIOLATED)
_10055_/B                               0.750000    0.764057   -0.014057 (VIOLATED)
_10060_/A                               0.750000    0.764056   -0.014056 (VIOLATED)
_10029_/B                               0.750000    0.764056   -0.014056 (VIOLATED)
_10103_/A1                              0.750000    0.764055   -0.014056 (VIOLATED)
_10332_/C                               0.750000    0.764054   -0.014054 (VIOLATED)
_10033_/A                               0.750000    0.764054   -0.014054 (VIOLATED)
_10111_/A_N                             0.750000    0.764053   -0.014053 (VIOLATED)
_10050_/A1                              0.750000    0.764051   -0.014051 (VIOLATED)
_10074_/B                               0.750000    0.764050   -0.014050 (VIOLATED)
_10075_/B                               0.750000    0.764050   -0.014050 (VIOLATED)
_10054_/B                               0.750000    0.764049   -0.014049 (VIOLATED)
_10134_/A                               0.750000    0.764047   -0.014047 (VIOLATED)
_10028_/B                               0.750000    0.764041   -0.014041 (VIOLATED)
_10031_/A_N                             0.750000    0.764035   -0.014035 (VIOLATED)
_10300_/A                               0.750000    0.764031   -0.014031 (VIOLATED)
_10032_/A                               0.750000    0.764029   -0.014029 (VIOLATED)
_10046_/A_N                             0.750000    0.764028   -0.014028 (VIOLATED)
_10091_/B                               0.750000    0.764026   -0.014026 (VIOLATED)
_10044_/A                               0.750000    0.764026   -0.014026 (VIOLATED)
_10093_/B                               0.750000    0.764025   -0.014025 (VIOLATED)
_10607_/C1                              0.750000    0.764024   -0.014024 (VIOLATED)
_10030_/A_N                             0.750000    0.764020   -0.014020 (VIOLATED)
_10036_/B                               0.750000    0.764020   -0.014020 (VIOLATED)
_10045_/A_N                             0.750000    0.764020   -0.014020 (VIOLATED)
_10058_/A_N                             0.750000    0.764020   -0.014020 (VIOLATED)
_10059_/A_N                             0.750000    0.764020   -0.014020 (VIOLATED)
_10065_/B                               0.750000    0.764020   -0.014020 (VIOLATED)
_10090_/A                               0.750000    0.764020   -0.014020 (VIOLATED)
_10092_/B                               0.750000    0.764020   -0.014020 (VIOLATED)
_10094_/B                               0.750000    0.764020   -0.014020 (VIOLATED)
_10100_/A2                              0.750000    0.764020   -0.014020 (VIOLATED)
_10109_/B                               0.750000    0.764020   -0.014020 (VIOLATED)
_10114_/C                               0.750000    0.764020   -0.014020 (VIOLATED)
_10120_/A2                              0.750000    0.764020   -0.014020 (VIOLATED)
_10336_/A2                              0.750000    0.764020   -0.014020 (VIOLATED)
_10738_/B                               0.750000    0.764020   -0.014020 (VIOLATED)
_17697_/A0                              0.750000    0.764020   -0.014020 (VIOLATED)
_18934_/Q                               0.750000    0.764020   -0.014020 (VIOLATED)
_17712_/A0                              0.750000    0.763886   -0.013886 (VIOLATED)
_18939_/Q                               0.750000    0.763886   -0.013886 (VIOLATED)
_10887_/A1                              0.750000    0.763100   -0.013100 (VIOLATED)
_09871_/B                               0.750000    0.763100   -0.013100 (VIOLATED)
_09845_/A                               0.750000    0.763100   -0.013100 (VIOLATED)
_10343_/B                               0.750000    0.763099   -0.013099 (VIOLATED)
_09841_/Y                               0.750000    0.763098   -0.013098 (VIOLATED)
_09842_/B                               0.750000    0.763098   -0.013098 (VIOLATED)
_10344_/B1                              0.750000    0.763098   -0.013098 (VIOLATED)
_10345_/A4                              0.750000    0.763098   -0.013098 (VIOLATED)
_10558_/B                               0.750000    0.763098   -0.013098 (VIOLATED)
_11041_/C                               0.750000    0.763098   -0.013098 (VIOLATED)
_12589_/A                               0.750000    0.761566   -0.011566 (VIOLATED)
_12590_/B1                              0.750000    0.761566   -0.011566 (VIOLATED)
_12629_/C1                              0.750000    0.761563   -0.011563 (VIOLATED)
_12602_/A1                              0.750000    0.761562   -0.011562 (VIOLATED)
_12600_/C1                              0.750000    0.761562   -0.011562 (VIOLATED)
_12477_/C1                              0.750000    0.761558   -0.011558 (VIOLATED)
_12640_/A                               0.750000    0.761558   -0.011558 (VIOLATED)
_12630_/A1                              0.750000    0.761556   -0.011556 (VIOLATED)
_12621_/B1                              0.750000    0.761541   -0.011541 (VIOLATED)
_12604_/A                               0.750000    0.761528   -0.011528 (VIOLATED)
_12484_/A                               0.750000    0.761515   -0.011515 (VIOLATED)
_12481_/D1                              0.750000    0.761514   -0.011514 (VIOLATED)
_12636_/A                               0.750000    0.761511   -0.011511 (VIOLATED)
_12564_/A1                              0.750000    0.761474   -0.011474 (VIOLATED)
_12555_/A                               0.750000    0.761456   -0.011456 (VIOLATED)
_12567_/B2                              0.750000    0.761454   -0.011454 (VIOLATED)
_12437_/A1                              0.750000    0.761452   -0.011452 (VIOLATED)
_12369_/B1                              0.750000    0.761452   -0.011452 (VIOLATED)
_12529_/B1                              0.750000    0.761450   -0.011450 (VIOLATED)
_12367_/B1                              0.750000    0.761446   -0.011446 (VIOLATED)
_12368_/A1                              0.750000    0.761446   -0.011446 (VIOLATED)
_12374_/C1                              0.750000    0.761445   -0.011445 (VIOLATED)
_12568_/A1                              0.750000    0.761441   -0.011441 (VIOLATED)
_12565_/A1                              0.750000    0.761429   -0.011429 (VIOLATED)
_12542_/C1                              0.750000    0.761426   -0.011426 (VIOLATED)
_12561_/B1                              0.750000    0.761418   -0.011418 (VIOLATED)
_12679_/A1                              0.750000    0.761414   -0.011414 (VIOLATED)
_12678_/B2                              0.750000    0.761414   -0.011414 (VIOLATED)
_09413_/A                               0.750000    0.761403   -0.011403 (VIOLATED)
_12464_/B1                              0.750000    0.761397   -0.011397 (VIOLATED)
_12213_/A                               0.750000    0.760928   -0.010928 (VIOLATED)
_17918_/A1                              0.750000    0.760928   -0.010928 (VIOLATED)
_19012_/Q                               0.750000    0.760928   -0.010928 (VIOLATED)
_10993_/C1                              0.750000    0.759359   -0.009359 (VIOLATED)
_10995_/B1                              0.750000    0.759359   -0.009359 (VIOLATED)
_10208_/C1                              0.750000    0.759357   -0.009357 (VIOLATED)
_10197_/A1                              0.750000    0.759354   -0.009354 (VIOLATED)
_10242_/B1                              0.750000    0.759353   -0.009353 (VIOLATED)
_10248_/B2                              0.750000    0.759353   -0.009353 (VIOLATED)
_10471_/A1                              0.750000    0.759351   -0.009351 (VIOLATED)
_10460_/A                               0.750000    0.759350   -0.009350 (VIOLATED)
_10983_/B1                              0.750000    0.759347   -0.009347 (VIOLATED)
_10980_/C1                              0.750000    0.759347   -0.009347 (VIOLATED)
_10249_/A1                              0.750000    0.759346   -0.009346 (VIOLATED)
_11144_/C1                              0.750000    0.759337   -0.009337 (VIOLATED)
_11000_/A1                              0.750000    0.759335   -0.009335 (VIOLATED)
_10988_/A                               0.750000    0.759321   -0.009321 (VIOLATED)
_10477_/A1                              0.750000    0.759298   -0.009298 (VIOLATED)
_10473_/B1                              0.750000    0.759297   -0.009297 (VIOLATED)
_10676_/C1                              0.750000    0.759295   -0.009295 (VIOLATED)
_09392_/A                               0.750000    0.759292   -0.009292 (VIOLATED)
_11304_/S0                              0.750000    0.759292   -0.009292 (VIOLATED)
_11157_/B1                              0.750000    0.759291   -0.009291 (VIOLATED)
_10832_/C1                              0.750000    0.759291   -0.009291 (VIOLATED)
_11293_/C1                              0.750000    0.759291   -0.009291 (VIOLATED)
_11408_/S0                              0.750000    0.759291   -0.009291 (VIOLATED)
_11160_/A1                              0.750000    0.759291   -0.009291 (VIOLATED)
_11292_/B1                              0.750000    0.759290   -0.009291 (VIOLATED)
_11287_/B1                              0.750000    0.759288   -0.009288 (VIOLATED)
_11289_/C1                              0.750000    0.759284   -0.009284 (VIOLATED)
_11396_/A1                              0.750000    0.759281   -0.009281 (VIOLATED)
_11395_/A                               0.750000    0.759279   -0.009279 (VIOLATED)
_10984_/C1                              0.750000    0.759272   -0.009272 (VIOLATED)
_10847_/A1                              0.750000    0.759264   -0.009264 (VIOLATED)
_12648_/A                               0.750000    0.759048   -0.009048 (VIOLATED)
_17935_/A1                              0.750000    0.759032   -0.009032 (VIOLATED)
_19020_/Q                               0.750000    0.759032   -0.009032 (VIOLATED)
_12688_/B                               0.750000    0.756232   -0.006232 (VIOLATED)
_12726_/B                               0.750000    0.756231   -0.006232 (VIOLATED)
_12776_/C                               0.750000    0.756231   -0.006231 (VIOLATED)
_12717_/B                               0.750000    0.756230   -0.006230 (VIOLATED)
_12716_/B                               0.750000    0.756230   -0.006230 (VIOLATED)
_12702_/B                               0.750000    0.756230   -0.006230 (VIOLATED)
_12741_/B                               0.750000    0.756228   -0.006228 (VIOLATED)
_12757_/A_N                             0.750000    0.756226   -0.006226 (VIOLATED)
_12787_/B                               0.750000    0.756226   -0.006226 (VIOLATED)
_12706_/B                               0.750000    0.756223   -0.006223 (VIOLATED)
_12697_/A_N                             0.750000    0.756222   -0.006222 (VIOLATED)
_12699_/A_N                             0.750000    0.756221   -0.006221 (VIOLATED)
_12721_/B                               0.750000    0.756217   -0.006217 (VIOLATED)
_12701_/B                               0.750000    0.756214   -0.006214 (VIOLATED)
_12801_/A2                              0.750000    0.756214   -0.006214 (VIOLATED)
_12723_/B                               0.750000    0.756213   -0.006214 (VIOLATED)
_12758_/A2                              0.750000    0.756213   -0.006213 (VIOLATED)
_13821_/A2                              0.750000    0.756207   -0.006207 (VIOLATED)
_12687_/B                               0.750000    0.756199   -0.006199 (VIOLATED)
_12691_/C                               0.750000    0.756199   -0.006199 (VIOLATED)
_12696_/A_N                             0.750000    0.756199   -0.006199 (VIOLATED)
_12698_/A_N                             0.750000    0.756199   -0.006199 (VIOLATED)
_12700_/B                               0.750000    0.756199   -0.006199 (VIOLATED)
_12705_/B                               0.750000    0.756199   -0.006199 (VIOLATED)
_12707_/C_N                             0.750000    0.756199   -0.006199 (VIOLATED)
_12708_/C_N                             0.750000    0.756199   -0.006199 (VIOLATED)
_12709_/A_N                             0.750000    0.756199   -0.006199 (VIOLATED)
_12715_/B                               0.750000    0.756199   -0.006199 (VIOLATED)
_12722_/B                               0.750000    0.756199   -0.006199 (VIOLATED)
_12733_/A                               0.750000    0.756199   -0.006199 (VIOLATED)
_12734_/A                               0.750000    0.756199   -0.006199 (VIOLATED)
_12735_/B                               0.750000    0.756199   -0.006199 (VIOLATED)
_12740_/B                               0.750000    0.756199   -0.006199 (VIOLATED)
_12742_/A2                              0.750000    0.756199   -0.006199 (VIOLATED)
_12756_/A_N                             0.750000    0.756199   -0.006199 (VIOLATED)
_12773_/A2                              0.750000    0.756199   -0.006199 (VIOLATED)
_12788_/A                               0.750000    0.756199   -0.006199 (VIOLATED)
_12805_/C                               0.750000    0.756199   -0.006199 (VIOLATED)
_13248_/A                               0.750000    0.756199   -0.006199 (VIOLATED)
_13249_/A1                              0.750000    0.756199   -0.006199 (VIOLATED)
_13926_/A1                              0.750000    0.756199   -0.006199 (VIOLATED)
_17676_/A0                              0.750000    0.756199   -0.006199 (VIOLATED)
_18927_/Q                               0.750000    0.756199   -0.006199 (VIOLATED)
_14510_/B                               0.750000    0.755275   -0.005275 (VIOLATED)
_14511_/B                               0.750000    0.755275   -0.005275 (VIOLATED)
_14557_/B                               0.750000    0.755275   -0.005275 (VIOLATED)
_14549_/A2                              0.750000    0.755274   -0.005274 (VIOLATED)
_14558_/B                               0.750000    0.755272   -0.005273 (VIOLATED)
_14499_/B                               0.750000    0.755272   -0.005272 (VIOLATED)
_14521_/B                               0.750000    0.755270   -0.005270 (VIOLATED)
_14496_/B                               0.750000    0.755270   -0.005270 (VIOLATED)
_14497_/A2                              0.750000    0.755262   -0.005262 (VIOLATED)
_14576_/A2                              0.750000    0.755257   -0.005257 (VIOLATED)
_14572_/A2                              0.750000    0.755256   -0.005256 (VIOLATED)
_14541_/A2                              0.750000    0.755256   -0.005256 (VIOLATED)
_14556_/B                               0.750000    0.755256   -0.005256 (VIOLATED)
_14523_/B                               0.750000    0.755245   -0.005245 (VIOLATED)
_14552_/B                               0.750000    0.755240   -0.005240 (VIOLATED)
_15641_/A1                              0.750000    0.755239   -0.005239 (VIOLATED)
_14554_/D_N                             0.750000    0.755237   -0.005237 (VIOLATED)
_14495_/B                               0.750000    0.755236   -0.005236 (VIOLATED)
_14498_/B                               0.750000    0.755236   -0.005236 (VIOLATED)
_14501_/B                               0.750000    0.755236   -0.005236 (VIOLATED)
_14502_/A_N                             0.750000    0.755236   -0.005236 (VIOLATED)
_14509_/B                               0.750000    0.755236   -0.005236 (VIOLATED)
_14514_/A_N                             0.750000    0.755236   -0.005236 (VIOLATED)
_14515_/A_N                             0.750000    0.755236   -0.005236 (VIOLATED)
_14524_/B                               0.750000    0.755236   -0.005236 (VIOLATED)
_14530_/C_N                             0.750000    0.755236   -0.005236 (VIOLATED)
_14531_/C_N                             0.750000    0.755236   -0.005236 (VIOLATED)
_14540_/B                               0.750000    0.755236   -0.005236 (VIOLATED)
_14553_/B                               0.750000    0.755236   -0.005236 (VIOLATED)
_14560_/A_N                             0.750000    0.755236   -0.005236 (VIOLATED)
_14565_/B                               0.750000    0.755236   -0.005236 (VIOLATED)
_14566_/B                               0.750000    0.755236   -0.005236 (VIOLATED)
_14871_/C                               0.750000    0.755236   -0.005236 (VIOLATED)
_14888_/A                               0.750000    0.755236   -0.005236 (VIOLATED)
_14893_/A1                              0.750000    0.755236   -0.005236 (VIOLATED)
_15101_/A1                              0.750000    0.755236   -0.005236 (VIOLATED)
_15104_/A                               0.750000    0.755236   -0.005236 (VIOLATED)
_15178_/A2                              0.750000    0.755236   -0.005236 (VIOLATED)
_17506_/A0                              0.750000    0.755236   -0.005236 (VIOLATED)
_18871_/Q                               0.750000    0.755236   -0.005236 (VIOLATED)
_16065_/Y                               0.750000    0.754986   -0.004986 (VIOLATED)
_16066_/B                               0.750000    0.754986   -0.004986 (VIOLATED)
_16089_/C                               0.750000    0.754986   -0.004986 (VIOLATED)
_16090_/A3                              0.750000    0.754986   -0.004986 (VIOLATED)
_16093_/C                               0.750000    0.754986   -0.004986 (VIOLATED)
_16401_/A                               0.750000    0.754986   -0.004986 (VIOLATED)
_16408_/C                               0.750000    0.754986   -0.004986 (VIOLATED)
_16409_/D                               0.750000    0.754986   -0.004986 (VIOLATED)
_16845_/B1                              0.750000    0.754986   -0.004986 (VIOLATED)
_16870_/A1                              0.750000    0.754986   -0.004986 (VIOLATED)
_17084_/A2                              0.750000    0.754986   -0.004986 (VIOLATED)
_17215_/A1                              0.750000    0.754986   -0.004986 (VIOLATED)
_17218_/B1                              0.750000    0.754986   -0.004986 (VIOLATED)
_15785_/A                               0.750000    0.754274   -0.004274 (VIOLATED)
_15727_/A                               0.750000    0.754274   -0.004274 (VIOLATED)
_14942_/A                               0.750000    0.754273   -0.004273 (VIOLATED)
_15724_/A0                              0.750000    0.754267   -0.004267 (VIOLATED)
_14940_/A                               0.750000    0.754264   -0.004264 (VIOLATED)
_15839_/B                               0.750000    0.754263   -0.004263 (VIOLATED)
_14902_/Y                               0.750000    0.754246   -0.004246 (VIOLATED)
_09632_/B                               0.750000    0.753231   -0.003231 (VIOLATED)
_10871_/A                               0.750000    0.753231   -0.003231 (VIOLATED)
_09752_/A2                              0.750000    0.753231   -0.003231 (VIOLATED)
_10411_/A1                              0.750000    0.753230   -0.003230 (VIOLATED)
_09742_/B                               0.750000    0.753230   -0.003230 (VIOLATED)
_11010_/A2                              0.750000    0.753229   -0.003229 (VIOLATED)
_09634_/A2                              0.750000    0.753227   -0.003227 (VIOLATED)
_09625_/Y                               0.750000    0.753226   -0.003226 (VIOLATED)
_09633_/B                               0.750000    0.753226   -0.003226 (VIOLATED)
_09700_/A2                              0.750000    0.753226   -0.003226 (VIOLATED)
_09714_/A3                              0.750000    0.753226   -0.003226 (VIOLATED)
_10707_/A1                              0.750000    0.753226   -0.003226 (VIOLATED)
_11032_/A2                              0.750000    0.753226   -0.003226 (VIOLATED)
_14610_/Y                               0.750000    0.750719   -0.000719 (VIOLATED)
_14611_/B                               0.750000    0.750719   -0.000719 (VIOLATED)
_14613_/C                               0.750000    0.750719   -0.000719 (VIOLATED)
_14629_/A                               0.750000    0.750719   -0.000719 (VIOLATED)
_14655_/B                               0.750000    0.750719   -0.000719 (VIOLATED)
_14692_/A                               0.750000    0.750719   -0.000719 (VIOLATED)
_14842_/B                               0.750000    0.750719   -0.000719 (VIOLATED)
_14846_/A                               0.750000    0.750719   -0.000719 (VIOLATED)
_14847_/A1                              0.750000    0.750719   -0.000719 (VIOLATED)
_15067_/A1                              0.750000    0.750719   -0.000719 (VIOLATED)
_15211_/B                               0.750000    0.750719   -0.000719 (VIOLATED)
_15332_/A1                              0.750000    0.750719   -0.000719 (VIOLATED)
_15337_/A2                              0.750000    0.750719   -0.000719 (VIOLATED)
_15473_/A3                              0.750000    0.750719   -0.000719 (VIOLATED)

max fanout

Pin                                   Limit Fanout  Slack
---------------------------------------------------------
clk                                      10    798   -788 (VIOLATED)
rst_n                                    10    401   -391 (VIOLATED)
_09509_/X                                10    398   -388 (VIOLATED)
_17475_/X                                10    248   -238 (VIOLATED)
_09511_/X                                10    155   -145 (VIOLATED)
_09498_/Y                                10    154   -144 (VIOLATED)
_09501_/X                                10    131   -121 (VIOLATED)
_09503_/Y                                10    131   -121 (VIOLATED)
_19531_/Q                                10    130   -120 (VIOLATED)
_18442_/X                                10    129   -119 (VIOLATED)
_09499_/X                                10    126   -116 (VIOLATED)
_18155_/Y                                10    122   -112 (VIOLATED)
_18303_/Y                                10    120   -110 (VIOLATED)
_19530_/Q                                10    114   -104 (VIOLATED)
_18172_/Y                                10    112   -102 (VIOLATED)
_18312_/Y                                10    112   -102 (VIOLATED)
_18954_/Q                                10     86    -76 (VIOLATED)
_18953_/Q                                10     82    -72 (VIOLATED)
_19017_/Q                                10     82    -72 (VIOLATED)
_18866_/Q                                10     77    -67 (VIOLATED)
_18889_/Q                                10     77    -67 (VIOLATED)
_18986_/Q                                10     77    -67 (VIOLATED)
_19002_/Q                                10     77    -67 (VIOLATED)
_19009_/Q                                10     77    -67 (VIOLATED)
_18905_/Q                                10     75    -65 (VIOLATED)
_18969_/Q                                10     74    -64 (VIOLATED)
_19001_/Q                                10     74    -64 (VIOLATED)
_18930_/Q                                10     73    -63 (VIOLATED)
_18937_/Q                                10     72    -62 (VIOLATED)
_18962_/Q                                10     72    -62 (VIOLATED)
_18977_/Q                                10     72    -62 (VIOLATED)
_18978_/Q                                10     72    -62 (VIOLATED)
_18985_/Q                                10     71    -61 (VIOLATED)
_19010_/Q                                10     71    -61 (VIOLATED)
_18865_/Q                                10     70    -60 (VIOLATED)
_18897_/Q                                10     70    -60 (VIOLATED)
_18882_/Q                                10     69    -59 (VIOLATED)
_18898_/Q                                10     69    -59 (VIOLATED)
_18921_/Q                                10     69    -59 (VIOLATED)
_18946_/Q                                10     68    -58 (VIOLATED)
_18873_/Q                                10     67    -57 (VIOLATED)
_18906_/Q                                10     67    -57 (VIOLATED)
_18913_/Q                                10     67    -57 (VIOLATED)
_18922_/Q                                10     67    -57 (VIOLATED)
_18890_/Q                                10     66    -56 (VIOLATED)
_18914_/Q                                10     66    -56 (VIOLATED)
_18938_/Q                                10     66    -56 (VIOLATED)
_18994_/Q                                10     66    -56 (VIOLATED)
_19018_/Q                                10     66    -56 (VIOLATED)
_18993_/Q                                10     65    -55 (VIOLATED)
_18961_/Q                                10     64    -54 (VIOLATED)
_18874_/Q                                10     63    -53 (VIOLATED)
_18881_/Q                                10     59    -49 (VIOLATED)
_18970_/Q                                10     58    -48 (VIOLATED)
_18945_/Q                                10     57    -47 (VIOLATED)
_18952_/Q                                10     57    -47 (VIOLATED)
_18929_/Q                                10     56    -46 (VIOLATED)
_18984_/Q                                10     56    -46 (VIOLATED)
_09362_/Y                                10     53    -43 (VIOLATED)
_18896_/Q                                10     53    -43 (VIOLATED)
_19016_/Q                                10     52    -42 (VIOLATED)
_18864_/Q                                10     49    -39 (VIOLATED)
_18912_/Q                                10     49    -39 (VIOLATED)
_18992_/Q                                10     49    -39 (VIOLATED)
_18886_/Q                                10     48    -38 (VIOLATED)
_18888_/Q                                10     48    -38 (VIOLATED)
_19000_/Q                                10     48    -38 (VIOLATED)
_19015_/Q                                10     48    -38 (VIOLATED)
_18920_/Q                                10     47    -37 (VIOLATED)
_18950_/Q                                10     47    -37 (VIOLATED)
_18959_/Q                                10     47    -37 (VIOLATED)
_19008_/Q                                10     47    -37 (VIOLATED)
_18862_/Q                                10     46    -36 (VIOLATED)
_18910_/Q                                10     46    -36 (VIOLATED)
_18958_/Q                                10     46    -36 (VIOLATED)
_18960_/Q                                10     46    -36 (VIOLATED)
_18968_/Q                                10     46    -36 (VIOLATED)
_18976_/Q                                10     46    -36 (VIOLATED)
_09397_/Y                                10     45    -35 (VIOLATED)
_18863_/Q                                10     45    -35 (VIOLATED)
_18887_/Q                                10     45    -35 (VIOLATED)
_18895_/Q                                10     45    -35 (VIOLATED)
_18928_/Q                                10     45    -35 (VIOLATED)
_18944_/Q                                10     45    -35 (VIOLATED)
_18983_/Q                                10     45    -35 (VIOLATED)
_09375_/Y                                10     44    -34 (VIOLATED)
_09426_/Y                                10     44    -34 (VIOLATED)
_18872_/Q                                10     44    -34 (VIOLATED)
_18904_/Q                                10     44    -34 (VIOLATED)
_18918_/Q                                10     44    -34 (VIOLATED)
_18923_/Q                                10     44    -34 (VIOLATED)
_18943_/Q                                10     44    -34 (VIOLATED)
_18951_/Q                                10     44    -34 (VIOLATED)
_19014_/Q                                10     44    -34 (VIOLATED)
_18870_/Q                                10     43    -33 (VIOLATED)
_18907_/Q                                10     43    -33 (VIOLATED)
_18967_/Q                                10     43    -33 (VIOLATED)
_19007_/Q                                10     43    -33 (VIOLATED)
_09380_/Y                                10     42    -32 (VIOLATED)
_09394_/Y                                10     42    -32 (VIOLATED)
_18880_/Q                                10     42    -32 (VIOLATED)
_18927_/Q                                10     42    -32 (VIOLATED)
_18966_/Q                                10     42    -32 (VIOLATED)
_18991_/Q                                10     42    -32 (VIOLATED)
_18926_/Q                                10     41    -31 (VIOLATED)
_18934_/Q                                10     41    -31 (VIOLATED)
_18935_/Q                                10     41    -31 (VIOLATED)
_18975_/Q                                10     41    -31 (VIOLATED)
_09463_/Y                                10     40    -30 (VIOLATED)
_09500_/X                                10     40    -30 (VIOLATED)
_18936_/Q                                10     40    -30 (VIOLATED)
_18974_/Q                                10     40    -30 (VIOLATED)
_18979_/Q                                10     40    -30 (VIOLATED)
_18982_/Q                                10     40    -30 (VIOLATED)
_18990_/Q                                10     40    -30 (VIOLATED)
_09370_/Y                                10     39    -29 (VIOLATED)
_09456_/Y                                10     39    -29 (VIOLATED)
_18871_/Q                                10     39    -29 (VIOLATED)
_18894_/Q                                10     39    -29 (VIOLATED)
_18911_/Q                                10     39    -29 (VIOLATED)
_09411_/Y                                10     38    -28 (VIOLATED)
_18884_/Q                                10     38    -28 (VIOLATED)
_18891_/Q                                10     38    -28 (VIOLATED)
_18942_/Q                                10     38    -28 (VIOLATED)
_09421_/Y                                10     37    -27 (VIOLATED)
_09446_/Y                                10     37    -27 (VIOLATED)
_18875_/Q                                10     37    -27 (VIOLATED)
_18879_/Q                                10     37    -27 (VIOLATED)
_18899_/Q                                10     37    -27 (VIOLATED)
_18903_/Q                                10     37    -27 (VIOLATED)
_18947_/Q                                10     37    -27 (VIOLATED)
_18999_/Q                                10     37    -27 (VIOLATED)
_09438_/Y                                10     36    -26 (VIOLATED)
_18878_/Q                                10     36    -26 (VIOLATED)
_18919_/Q                                10     36    -26 (VIOLATED)
_09484_/Y                                10     35    -25 (VIOLATED)
_09489_/Y                                10     35    -25 (VIOLATED)
_09431_/Y                                10     34    -24 (VIOLATED)
_18867_/Q                                10     34    -24 (VIOLATED)
_18902_/Q                                10     34    -24 (VIOLATED)
_18998_/Q                                10     34    -24 (VIOLATED)
_18987_/Q                                10     33    -23 (VIOLATED)
_19020_/Q                                10     33    -23 (VIOLATED)
_09396_/Y                                10     32    -22 (VIOLATED)
_09403_/Y                                10     32    -22 (VIOLATED)
_09479_/Y                                10     32    -22 (VIOLATED)
_18939_/Q                                10     32    -22 (VIOLATED)
_18963_/Q                                10     32    -22 (VIOLATED)
_19012_/Q                                10     32    -22 (VIOLATED)
_09473_/Y                                10     31    -21 (VIOLATED)
_18931_/Q                                10     31    -21 (VIOLATED)
_18971_/Q                                10     31    -21 (VIOLATED)
_19004_/Q                                10     31    -21 (VIOLATED)
_19006_/Q                                10     31    -21 (VIOLATED)
_09418_/Y                                10     30    -20 (VIOLATED)
_09464_/Y                                10     30    -20 (VIOLATED)
_18883_/Q                                10     30    -20 (VIOLATED)
_18956_/Q                                10     30    -20 (VIOLATED)
_18988_/Q                                10     30    -20 (VIOLATED)
_09425_/Y                                10     29    -19 (VIOLATED)
_18915_/Q                                10     29    -19 (VIOLATED)
_19003_/Q                                10     29    -19 (VIOLATED)
_19011_/Q                                10     29    -19 (VIOLATED)
_09386_/Y                                10     28    -18 (VIOLATED)
_09478_/Y                                10     28    -18 (VIOLATED)
_09490_/Y                                10     28    -18 (VIOLATED)
_18868_/Q                                10     28    -18 (VIOLATED)
_18924_/Q                                10     28    -18 (VIOLATED)
_18972_/Q                                10     28    -18 (VIOLATED)
_18916_/Q                                10     27    -17 (VIOLATED)
_18932_/Q                                10     27    -17 (VIOLATED)
_18964_/Q                                10     27    -17 (VIOLATED)
_09402_/Y                                10     26    -16 (VIOLATED)
_09451_/Y                                10     26    -16 (VIOLATED)
_09462_/Y                                10     26    -16 (VIOLATED)
_09486_/Y                                10     26    -16 (VIOLATED)
_18955_/Q                                10     26    -16 (VIOLATED)
_18995_/Q                                10     26    -16 (VIOLATED)
_18996_/Q                                10     26    -16 (VIOLATED)
_18877_/Q                                10     25    -15 (VIOLATED)
_18909_/Q                                10     25    -15 (VIOLATED)
_09387_/Y                                10     24    -14 (VIOLATED)
_09433_/Y                                10     24    -14 (VIOLATED)
_09374_/Y                                10     23    -13 (VIOLATED)
_09442_/Y                                10     23    -13 (VIOLATED)
_18153_/X                                10     23    -13 (VIOLATED)
_18301_/X                                10     23    -13 (VIOLATED)
_18940_/Q                                10     23    -13 (VIOLATED)
_09382_/Y                                10     22    -12 (VIOLATED)
_09450_/Y                                10     22    -12 (VIOLATED)
_09488_/Y                                10     21    -11 (VIOLATED)
_19013_/Q                                10     21    -11 (VIOLATED)
_09372_/Y                                10     20    -10 (VIOLATED)
_09459_/Y                                10     20    -10 (VIOLATED)
_19021_/Q                                10     20    -10 (VIOLATED)
_09367_/Y                                10     19     -9 (VIOLATED)
_09379_/Y                                10     19     -9 (VIOLATED)
_09454_/Y                                10     19     -9 (VIOLATED)
_18892_/Q                                10     19     -9 (VIOLATED)
_18900_/Q                                10     19     -9 (VIOLATED)
_18908_/Q                                10     19     -9 (VIOLATED)
_18948_/Q                                10     19     -9 (VIOLATED)
_18949_/Q                                10     19     -9 (VIOLATED)
_18981_/Q                                10     19     -9 (VIOLATED)
_09385_/Y                                10     18     -8 (VIOLATED)
_09410_/Y                                10     18     -8 (VIOLATED)
_09455_/Y                                10     18     -8 (VIOLATED)
_09470_/Y                                10     18     -8 (VIOLATED)
_16286_/Y                                10     18     -8 (VIOLATED)
_18901_/Q                                10     18     -8 (VIOLATED)
_18941_/Q                                10     18     -8 (VIOLATED)
_19529_/Q                                10     18     -8 (VIOLATED)
_09398_/Y                                10     17     -7 (VIOLATED)
_09404_/Y                                10     17     -7 (VIOLATED)
_09416_/Y                                10     17     -7 (VIOLATED)
_09436_/Y                                10     17     -7 (VIOLATED)
_09629_/Y                                10     17     -7 (VIOLATED)
_14619_/Y                                10     17     -7 (VIOLATED)
_18869_/Q                                10     17     -7 (VIOLATED)
_18957_/Q                                10     17     -7 (VIOLATED)
_18965_/Q                                10     17     -7 (VIOLATED)
_18980_/Q                                10     17     -7 (VIOLATED)
_09366_/Y                                10     16     -6 (VIOLATED)
_09395_/Y                                10     16     -6 (VIOLATED)
_09413_/Y                                10     16     -6 (VIOLATED)
_09417_/Y                                10     16     -6 (VIOLATED)
_09437_/Y                                10     16     -6 (VIOLATED)
_09441_/Y                                10     16     -6 (VIOLATED)
_09483_/Y                                10     16     -6 (VIOLATED)
_09853_/Y                                10     16     -6 (VIOLATED)
_12958_/Y                                10     16     -6 (VIOLATED)
_14391_/X                                10     16     -6 (VIOLATED)
_18876_/Q                                10     16     -6 (VIOLATED)
_19019_/Q                                10     16     -6 (VIOLATED)
_09412_/Y                                10     15     -5 (VIOLATED)
_09423_/Y                                10     15     -5 (VIOLATED)
_09447_/Y                                10     15     -5 (VIOLATED)
_09648_/X                                10     15     -5 (VIOLATED)
_14281_/X                                10     15     -5 (VIOLATED)
_18885_/Q                                10     15     -5 (VIOLATED)
_18933_/Q                                10     15     -5 (VIOLATED)
_18989_/Q                                10     15     -5 (VIOLATED)
_19005_/Q                                10     15     -5 (VIOLATED)
_09392_/Y                                10     14     -4 (VIOLATED)
_09440_/Y                                10     14     -4 (VIOLATED)
_09481_/Y                                10     14     -4 (VIOLATED)
_09512_/Y                                10     14     -4 (VIOLATED)
_09636_/X                                10     14     -4 (VIOLATED)
_09792_/X                                10     14     -4 (VIOLATED)
_09897_/X                                10     14     -4 (VIOLATED)
_12297_/Y                                10     14     -4 (VIOLATED)
_12702_/Y                                10     14     -4 (VIOLATED)
_12966_/X                                10     14     -4 (VIOLATED)
_12970_/Y                                10     14     -4 (VIOLATED)
_14396_/Y                                10     14     -4 (VIOLATED)
_18997_/Q                                10     14     -4 (VIOLATED)
_09376_/Y                                10     13     -3 (VIOLATED)
_09393_/Y                                10     13     -3 (VIOLATED)
_09399_/Y                                10     13     -3 (VIOLATED)
_09405_/Y                                10     13     -3 (VIOLATED)
_09406_/Y                                10     13     -3 (VIOLATED)
_09429_/Y                                10     13     -3 (VIOLATED)
_09448_/Y                                10     13     -3 (VIOLATED)
_09468_/Y                                10     13     -3 (VIOLATED)
_09926_/X                                10     13     -3 (VIOLATED)
_10033_/X                                10     13     -3 (VIOLATED)
_11843_/X                                10     13     -3 (VIOLATED)
_12871_/X                                10     13     -3 (VIOLATED)
_12949_/Y                                10     13     -3 (VIOLATED)
_12988_/Y                                10     13     -3 (VIOLATED)
_13069_/X                                10     13     -3 (VIOLATED)
_13370_/Y                                10     13     -3 (VIOLATED)
_14610_/Y                                10     13     -3 (VIOLATED)
_15997_/X                                10     13     -3 (VIOLATED)
_16011_/Y                                10     13     -3 (VIOLATED)
_16105_/X                                10     13     -3 (VIOLATED)
_16272_/Y                                10     13     -3 (VIOLATED)
_18893_/Q                                10     13     -3 (VIOLATED)
_18973_/Q                                10     13     -3 (VIOLATED)
_09364_/Y                                10     12     -2 (VIOLATED)
_09365_/Y                                10     12     -2 (VIOLATED)
_09377_/Y                                10     12     -2 (VIOLATED)
_09432_/Y                                10     12     -2 (VIOLATED)
_09469_/Y                                10     12     -2 (VIOLATED)
_09474_/Y                                10     12     -2 (VIOLATED)
_09485_/Y                                10     12     -2 (VIOLATED)
_09625_/Y                                10     12     -2 (VIOLATED)
_09646_/Y                                10     12     -2 (VIOLATED)
_09667_/X                                10     12     -2 (VIOLATED)
_09790_/Y                                10     12     -2 (VIOLATED)
_10055_/Y                                10     12     -2 (VIOLATED)
_10429_/Y                                10     12     -2 (VIOLATED)
_11455_/Y                                10     12     -2 (VIOLATED)
_11860_/X                                10     12     -2 (VIOLATED)
_11861_/X                                10     12     -2 (VIOLATED)
_11864_/X                                10     12     -2 (VIOLATED)
_12283_/X                                10     12     -2 (VIOLATED)
_12298_/Y                                10     12     -2 (VIOLATED)
_12714_/Y                                10     12     -2 (VIOLATED)
_12851_/X                                10     12     -2 (VIOLATED)
_12972_/Y                                10     12     -2 (VIOLATED)
_12983_/X                                10     12     -2 (VIOLATED)
_13076_/X                                10     12     -2 (VIOLATED)
_13094_/Y                                10     12     -2 (VIOLATED)
_14267_/Y                                10     12     -2 (VIOLATED)
_14306_/X                                10     12     -2 (VIOLATED)
_14510_/Y                                10     12     -2 (VIOLATED)
_14541_/Y                                10     12     -2 (VIOLATED)
_15895_/X                                10     12     -2 (VIOLATED)
_16065_/Y                                10     12     -2 (VIOLATED)
_16108_/X                                10     12     -2 (VIOLATED)
_16116_/Y                                10     12     -2 (VIOLATED)
_16124_/Y                                10     12     -2 (VIOLATED)
_16289_/Y                                10     12     -2 (VIOLATED)
_16293_/X                                10     12     -2 (VIOLATED)
_16325_/Y                                10     12     -2 (VIOLATED)
_17476_/Y                                10     12     -2 (VIOLATED)
_18917_/Q                                10     12     -2 (VIOLATED)
_09371_/Y                                10     11        (VIOLATED)
_09502_/Y                                10     11        (VIOLATED)
_09789_/X                                10     11        (VIOLATED)
_10042_/X                                10     11        (VIOLATED)
_10052_/X                                10     11        (VIOLATED)
_10110_/Y                                10     11        (VIOLATED)
_10151_/X                                10     11        (VIOLATED)
_10215_/X                                10     11        (VIOLATED)
_11427_/Y                                10     11        (VIOLATED)
_11442_/Y                                10     11        (VIOLATED)
_11449_/Y                                10     11        (VIOLATED)
_11488_/X                                10     11        (VIOLATED)
_11852_/Y                                10     11        (VIOLATED)
_12276_/X                                10     11        (VIOLATED)
_12277_/Y                                10     11        (VIOLATED)
_12897_/Y                                10     11        (VIOLATED)
_14273_/X                                10     11        (VIOLATED)
_14283_/X                                10     11        (VIOLATED)
_14558_/Y                                10     11        (VIOLATED)
_14620_/X                                10     11        (VIOLATED)
_15889_/X                                10     11        (VIOLATED)
_15992_/X                                10     11        (VIOLATED)
_16034_/Y                                10     11        (VIOLATED)
_16070_/Y                                10     11        (VIOLATED)
_16110_/Y                                10     11        (VIOLATED)
_16115_/X                                10     11        (VIOLATED)
_16117_/X                                10     11        (VIOLATED)
_16118_/Y                                10     11        (VIOLATED)
_16135_/X                                10     11        (VIOLATED)
_16259_/Y                                10     11        (VIOLATED)
_16260_/X                                10     11        (VIOLATED)
_16302_/X                                10     11        (VIOLATED)
_16324_/X                                10     11        (VIOLATED)
_18302_/X                                10     11        (VIOLATED)
_18925_/Q                                10     11        (VIOLATED)

max capacitance

Pin                                        Limit         Cap       Slack
------------------------------------------------------------------------
clk                                     0.200000    2.111091   -1.911091 (VIOLATED)
_09509_/X                               0.200000    1.874068   -1.674068 (VIOLATED)
rst_n                                   0.200000    1.811102   -1.611102 (VIOLATED)
_17475_/X                               0.200000    1.013273   -0.813273 (VIOLATED)
_09511_/X                               0.200000    0.832841   -0.632841 (VIOLATED)
_09498_/Y                               0.141917    0.621631   -0.479714 (VIOLATED)
_09503_/Y                               0.200000    0.650251   -0.450251 (VIOLATED)
_09499_/X                               0.200000    0.648187   -0.448187 (VIOLATED)
_09501_/X                               0.200000    0.595113   -0.395113 (VIOLATED)
_18155_/Y                               0.141917    0.487986   -0.346069 (VIOLATED)
_18303_/Y                               0.141917    0.473829   -0.331912 (VIOLATED)
_18172_/Y                               0.141917    0.454881   -0.312964 (VIOLATED)
_18312_/Y                               0.141917    0.451525   -0.309608 (VIOLATED)
_19530_/Q                               0.200000    0.463681   -0.263681 (VIOLATED)
_18442_/X                               0.200000    0.400912   -0.200912 (VIOLATED)
_19531_/Q                               0.200000    0.391226   -0.191226 (VIOLATED)
_09362_/Y                               0.200000    0.363165   -0.163165 (VIOLATED)
_18954_/Q                               0.200000    0.340105   -0.140105 (VIOLATED)
_18986_/Q                               0.200000    0.317667   -0.117667 (VIOLATED)
_18953_/Q                               0.200000    0.308276   -0.108276 (VIOLATED)
_18897_/Q                               0.200000    0.307486   -0.107486 (VIOLATED)
_19017_/Q                               0.200000    0.303497   -0.103497 (VIOLATED)
_19002_/Q                               0.200000    0.295984   -0.095984 (VIOLATED)
_18898_/Q                               0.200000    0.295300   -0.095300 (VIOLATED)
_18889_/Q                               0.200000    0.295237   -0.095237 (VIOLATED)
_19009_/Q                               0.200000    0.288562   -0.088562 (VIOLATED)
_18977_/Q                               0.200000    0.288283   -0.088283 (VIOLATED)
_18866_/Q                               0.200000    0.287168   -0.087168 (VIOLATED)
_19010_/Q                               0.200000    0.278801   -0.078801 (VIOLATED)
_18905_/Q                               0.200000    0.278412   -0.078412 (VIOLATED)
_18906_/Q                               0.200000    0.275644   -0.075644 (VIOLATED)
_18962_/Q                               0.200000    0.273766   -0.073766 (VIOLATED)
_18985_/Q                               0.200000    0.272139   -0.072139 (VIOLATED)
_19018_/Q                               0.200000    0.269714   -0.069714 (VIOLATED)
_18930_/Q                               0.200000    0.265833   -0.065833 (VIOLATED)
_19001_/Q                               0.200000    0.264021   -0.064021 (VIOLATED)
_18969_/Q                               0.200000    0.263804   -0.063804 (VIOLATED)
_18890_/Q                               0.200000    0.260160   -0.060160 (VIOLATED)
_18946_/Q                               0.200000    0.258743   -0.058743 (VIOLATED)
_18882_/Q                               0.200000    0.258592   -0.058592 (VIOLATED)
_18937_/Q                               0.200000    0.257473   -0.057473 (VIOLATED)
_18921_/Q                               0.200000    0.255840   -0.055840 (VIOLATED)
_18978_/Q                               0.200000    0.254891   -0.054891 (VIOLATED)
_18865_/Q                               0.200000    0.251387   -0.051387 (VIOLATED)
_18961_/Q                               0.200000    0.250865   -0.050865 (VIOLATED)
_18945_/Q                               0.200000    0.248658   -0.048658 (VIOLATED)
_18922_/Q                               0.200000    0.247911   -0.047911 (VIOLATED)
_18993_/Q                               0.200000    0.243835   -0.043835 (VIOLATED)
_18938_/Q                               0.200000    0.243499   -0.043499 (VIOLATED)
_18984_/Q                               0.200000    0.242323   -0.042323 (VIOLATED)
_18873_/Q                               0.200000    0.242296   -0.042296 (VIOLATED)
_18994_/Q                               0.200000    0.241895   -0.041895 (VIOLATED)
_18896_/Q                               0.200000    0.241334   -0.041334 (VIOLATED)
_18913_/Q                               0.200000    0.236988   -0.036988 (VIOLATED)
_19016_/Q                               0.200000    0.236574   -0.036574 (VIOLATED)
_18914_/Q                               0.200000    0.235684   -0.035684 (VIOLATED)
_18874_/Q                               0.200000    0.230760   -0.030760 (VIOLATED)
_09500_/X                               0.200000    0.230387   -0.030387 (VIOLATED)
_18943_/Q                               0.200000    0.225126   -0.025126 (VIOLATED)
_18895_/Q                               0.200000    0.222187   -0.022187 (VIOLATED)
_18952_/Q                               0.200000    0.221998   -0.021998 (VIOLATED)
_19007_/Q                               0.200000    0.221193   -0.021193 (VIOLATED)
_18881_/Q                               0.200000    0.221164   -0.021164 (VIOLATED)
_18888_/Q                               0.200000    0.218091   -0.018091 (VIOLATED)
_18992_/Q                               0.200000    0.214949   -0.014949 (VIOLATED)
_19008_/Q                               0.200000    0.214895   -0.014895 (VIOLATED)
_18970_/Q                               0.200000    0.214358   -0.014358 (VIOLATED)
_18886_/Q                               0.200000    0.213724   -0.013724 (VIOLATED)
_19015_/Q                               0.200000    0.212281   -0.012281 (VIOLATED)
_18912_/Q                               0.200000    0.211686   -0.011686 (VIOLATED)
_18983_/Q                               0.200000    0.211180   -0.011180 (VIOLATED)
_18887_/Q                               0.200000    0.210652   -0.010652 (VIOLATED)
_18950_/Q                               0.200000    0.207606   -0.007606 (VIOLATED)
_18929_/Q                               0.200000    0.206558   -0.006558 (VIOLATED)
_18928_/Q                               0.200000    0.205734   -0.005734 (VIOLATED)
_18910_/Q                               0.200000    0.205107   -0.005107 (VIOLATED)
_18991_/Q                               0.200000    0.203247   -0.003247 (VIOLATED)



===========================================================================
report_parasitic_annotation -report_unannotated
============================================================================
Found 16 unannotated drivers.
 uio_in[5]
 uio_in[6]
 uio_in[7]
 _19532_/LO
 _19533_/LO
 _19534_/LO
 _19535_/HI
 _19536_/HI
 _19537_/HI
 _19538_/HI
 _19539_/HI
 _19540_/HI
 _19541_/HI
 _19542_/HI
 _19543_/HI
 _19544_/HI
Found 0 partially unannotated drivers.

===========================================================================
max slew violation count 9270
Writing metric design__max_slew_violation__count__corner:nom_tt_025C_1v80: 9270
max fanout violation count 353
Writing metric design__max_fanout_violation__count__corner:nom_tt_025C_1v80: 353
max cap violation count 77
Writing metric design__max_cap_violation__count__corner:nom_tt_025C_1v80: 77
============================================================================

===========================================================================
check_setup -verbose -unconstrained_endpoints -multiple_clock -no_clock -no_input_delay -loops -generated_clocks
===========================================================================
