net,length_um
net100,856.17µm
net848,737.55µm
net89,692.46µm
clknet_0_clk,676.94µm
net86,670.36µm
_3022_,652.73µm
net88,650.24µm
net85,646.82µm
net121,641.06µm
net161,630.6µm
net91,630.31µm
net162,624.39µm
net555,604.16µm
net93,599.08µm
net90,598.61µm
net87,587.52µm
_2989_,583.57µm
net92,568.87µm
net313,561.5µm
net494,559.5µm
net311,559.08µm
_2980_,554.83µm
_1809_,551.87µm
_1065_,549.735µm
output_index\[1\],548.87µm
_3012_,547.73µm
_2976_,537.4µm
net98,525.34µm
_1066_,514.11µm
net370,508.615µm
_3014_,505.24µm
net83,502.16µm
_2985_,499.59µm
net493,496.43µm
net453,496.05µm
net419,494.575µm
_1311_,481.06µm
_3024_,480.6µm
net360,478.55µm
_3023_,476.76µm
net84,465.1µm
net82,464.15µm
net519,462.445µm
_3013_,460.5µm
_2488_,459.64µm
_3018_,451.605µm
net584,446.06µm
_2181_,445.71µm
_1769_,441.4µm
net455,439.27µm
_1059_,439.15µm
net47,438.97µm
net169,433.36µm
output_index\[2\],431.3µm
net164,431.14µm
net359,422.36µm
_0003_,417.735µm
u_aes128_optimized.u_aes_core.state\[2\],416.29µm
_1302_,412.96µm
net517,410.915µm
_1068_,408.42µm
net495,407.7µm
net489,406.01µm
net15,404.32µm
net396,392.91µm
_2337_,390.91µm
net163,384.4µm
_2121_,378.16µm
_1726_,371.36µm
net443,370.01µm
net20,366.23µm
_3027_,364.92µm
net165,362.545µm
net536,360.87µm
net580,360.41µm
net6,360.14µm
_3019_,358.7µm
net418,358.135µm
net80,357.58µm
net564,355.33µm
net326,352.51µm
_1618_,348.39µm
_1615_,348.31µm
_1966_,345.735µm
net140,343.84µm
_2997_,342.66µm
_2998_,342.42µm
net608,341.745µm
net367,338.93µm
_1009_,335.88µm
net515,330.885µm
_2539_,330.31µm
net217,330.04µm
net331,329.9µm
_2973_,328.09µm
_2232_,327.885µm
net183,327.63µm
net18,323.64µm
net99,321.92µm
_2993_,321.64µm
net631,321.38µm
net437,320.98µm
net173,320.805µm
_1049_,320.365µm
_2956_,319.52µm
net9,319.3µm
net320,319.23µm
net606,316.31µm
net414,315.98µm
_1450_,315.38µm
net17,315.11µm
net159,313.81µm
net330,313.58µm
net576,313.05µm
_3021_,312.12µm
net450,311.56µm
_1611_,308.74µm
_2920_,308.73µm
net563,308.05µm
net790,307.72µm
_2386_,306.325µm
_2436_,305.8µm
net436,305.79µm
net578,304.62µm
net194,303.88µm
net488,302.95µm
net137,302.73µm
net562,301.93µm
net431,301.75µm
net632,301.545µm
net496,300.23µm
_2117_,298.79µm
net627,297.845µm
net110,297.26µm
net235,296.39µm
net626,296.24µm
net518,295.96µm
net58,295.79µm
net171,294.31µm
net440,293.3µm
_2952_,292.315µm
_2036_,292.115µm
_1622_,290.85µm
net72,290.39µm
_1548_,290.37µm
net38,287.505µm
net170,286.35µm
_2987_,286.22µm
net740,286.11µm
net315,285.68µm
net503,285.49µm
net383,284.64µm
net420,284.15µm
net423,283.145µm
net452,280.61µm
net305,279.645µm
net129,279.6µm
net131,277.02µm
_2978_,276.56µm
net312,275.1µm
net421,274.315µm
_1534_,274.08µm
net16,273.49µm
net310,272.54µm
_1104_,271.68µm
net613,270.96µm
net441,270.1µm
net127,268.71µm
net543,266.68µm
net404,266.64µm
net24,266.58µm
net8,266.34µm
net108,265.185µm
net168,264.89µm
net186,264.64µm
_1366_,264.34µm
net68,263.86µm
net582,262.96µm
net172,262.83µm
_1767_,262.58µm
_3028_,262.1µm
net634,261.895µm
_1061_,261.7µm
net570,261.49µm
net29,260.8µm
net366,260.57µm
net303,259.87µm
_2975_,257.77µm
net589,256.66µm
clk,256.61µm
net449,255.64µm
_2284_,254.9µm
net363,254.72µm
net319,251.57µm
net621,250.96µm
_1669_,249.86µm
net314,249.8µm
net94,249.795µm
net583,249.64µm
clknet_4_3__leaf_clk,248.62µm
net154,248.375µm
net422,247.03µm
net77,245.9µm
net599,245.78µm
net21,245.28µm
_1060_,244.18µm
u_aes128_optimized.u_aes_core.rcon_reg\[1\],244.1µm
net318,243.66µm
net25,243.35µm
net46,243.345µm
net103,243.175µm
net307,242.55µm
net448,241.87µm
net117,241.56µm
net214,241.54µm
net187,241.36µm
net625,241.29µm
u_aes128_optimized.u_aes_core.state\[0\],240.86µm
net304,240.55µm
net5,239.7µm
net635,239.26µm
net611,237.34µm
net487,237.13µm
_1062_,235.45µm
net290,234.86µm
_2983_,233.36µm
net505,232.79µm
clknet_4_2__leaf_clk,232.56µm
net114,231.63µm
net527,230.66µm
net603,230.14µm
net507,227.51µm
net271,227.19µm
net556,227.1µm
net329,226.89µm
net581,224.92µm
_2961_,224.06µm
net579,223.32µm
net71,222.75µm
net265,222.74µm
net585,222.45µm
net540,221.88µm
net612,221.71µm
net123,221.6µm
net524,221.43µm
net325,221.33µm
net65,221.28µm
net23,220.5µm
_1651_,219.98µm
net135,219.63µm
net375,219.44µm
net126,219.3µm
net43,218.98µm
net299,218.83µm
net260,218.38µm
net240,217.92µm
net317,217.76µm
net387,217.64µm
net36,217.53µm
net22,217.37µm
net52,217.265µm
_3015_,216.76µm
net369,216.595µm
net96,216.21µm
net81,215.62µm
net358,215.25µm
net295,214.68µm
_1391_,214.25µm
net395,214.21µm
net385,213.73µm
net378,213.52µm
net63,212.83µm
net278,212.69µm
net244,212.46µm
_2979_,212.06µm
net406,211.92µm
net293,210.62µm
net283,209.01µm
net75,208.4µm
net112,208.18µm
net215,207.76µm
_1539_,207.49µm
net19,207.43µm
net252,207.37µm
_1307_,207.27µm
net499,207.25µm
net372,207.18µm
net667,206.85µm
net275,206.06µm
net365,205.93µm
net56,204.81µm
net713,203.6µm
clknet_4_8__leaf_clk,203.59µm
net434,203.31µm
net146,202.835µm
net610,201.68µm
net574,200.91µm
_2960_,200.85µm
net560,200.76µm
net341,200.34µm
net145,200.04µm
net142,199.62µm
net291,199.55µm
clknet_4_12__leaf_clk,199.5µm
_2954_,199.26µm
net37,198.91µm
_1421_,198.85µm
clknet_4_7__leaf_clk,198.82µm
net512,198.795µm
net439,197.7µm
net616,196.96µm
net160,196.05µm
net199,195.66µm
net609,195.66µm
_1381_,195.58µm
net249,195.03µm
net411,194.78µm
net97,193.97µm
net185,193.88µm
_1091_,193.8µm
net208,193.8µm
net847,193.68µm
net392,193.605µm
net491,193.42µm
net54,193.25µm
net534,192.82µm
net601,192µm
net130,191.66µm
_3025_,191.32µm
net388,191.16µm
net133,190.37µm
net391,189.31µm
clknet_4_4__leaf_clk,189.05µm
net157,188.92µm
net605,188.7µm
net138,188.68µm
u_aes128_optimized.u_aes_core.state\[9\],188.31µm
net548,188.29µm
_1741_,188.08µm
net394,187.73µm
net223,187.35µm
clknet_4_6__leaf_clk,187.14µm
net79,187.11µm
net586,187.11µm
net698,186.79µm
net508,185.95µm
net510,185.47µm
net400,185.46µm
_1748_,185.455µm
u_aes128_optimized.u_aes_core.shift_rows_out\[122\],185.24µm
net789,185.16µm
net267,185.11µm
net344,184.12µm
clknet_4_9__leaf_clk,183.68µm
net454,183.595µm
_3002_,183.52µm
u_aes128_optimized.u_aes_core.rcon_reg\[5\],183.42µm
net442,182.88µm
net4,182.56µm
net253,181.94µm
net287,181.745µm
net166,181.235µm
net471,180.8µm
net60,180.72µm
net41,180.695µm
net288,180.43µm
net285,180.14µm
_2930_,179.95µm
net109,178.34µm
net516,178.255µm
net33,178.09µm
net572,178.04µm
net177,177.56µm
net617,177.115µm
net221,176.7µm
net301,176.43µm
net598,176.09µm
net39,176.06µm
net245,175.84µm
net237,175.28µm
net620,175.2µm
net119,175.14µm
net497,174.93µm
u_aes128_optimized.u_aes_core.shift_rows_out\[56\],174.7µm
u_aes128_optimized.u_aes_core.shift_rows_out\[121\],174.635µm
net445,173.88µm
_1043_,173.6µm
net433,172.76µm
net281,172.55µm
u_aes128_optimized.u_aes_core.rcon_reg\[2\],172.46µm
_1899_,172.38µm
clknet_4_10__leaf_clk,172.2µm
net538,172.15µm
_1054_,171.84µm
net61,171.1µm
net247,171.04µm
_2962_,171.02µm
net49,170.92µm
net139,170.75µm
_1608_,170.38µm
_1047_,169.93µm
_1531_,169.86µm
net308,169.68µm
net430,169.37µm
clknet_4_1__leaf_clk,169.2µm
net633,168.94µm
net125,168.75µm
u_aes128_optimized.u_aes_core.shift_rows_out\[43\],167.825µm
net622,167.46µm
net193,167.38µm
_1046_,167.155µm
net412,166.79µm
clknet_4_0__leaf_clk,166.76µm
net427,166.23µm
net416,166.115µm
net803,166.1µm
u_aes128_optimized.u_aes_core.shift_rows_out\[24\],165.655µm
net250,165.61µm
_1145_,165.54µm
net102,165.335µm
uo_out[4],165.33µm
net212,165.16µm
net339,165.15µm
u_aes128_optimized.u_aes_core.round_key_reg\[37\],164.7µm
net408,164.38µm
net447,164.31µm
plaintext_reg\[10\],164.24µm
net417,164.105µm
net554,164.08µm
net239,163.92µm
net630,163.75µm
net429,163.235µm
u_aes128_optimized.u_aes_core.byte_count\[0\],163.12µm
net438,162.26µm
net531,162.1µm
net463,161.615µm
net241,160.67µm
net480,160.455µm
net300,160.35µm
_1660_,160.16µm
plaintext_reg\[74\],160.03µm
net354,159.62µm
net66,159.46µm
clknet_4_11__leaf_clk,158.9µm
net425,158.8µm
net592,158.77µm
_1008_,158.42µm
u_aes128_optimized.u_aes_core.shift_rows_out\[59\],158.3µm
net322,158.115µm
net415,158.095µm
net615,157.97µm
clknet_leaf_36_clk,157.86µm
net342,157.3µm
_2589_,157.21µm
net251,156.49µm
net561,156.41µm
_1648_,156.37µm
net587,155.94µm
net393,155.77µm
u_aes128_optimized.u_aes_core.shift_rows_out\[123\],155.68µm
net181,155.67µm
net225,155.48µm
_1663_,155.14µm
u_aes128_optimized.u_aes_core.round_key_reg\[26\],154.98µm
net3,154.64µm
_2959_,154.22µm
u_aes128_optimized.u_aes_core.shift_rows_out\[91\],154.11µm
net356,154.1µm
net328,153.78µm
net553,153.48µm
net405,153.44µm
u_aes128_optimized.u_aes_core.round_key_reg\[102\],153.35µm
_2990_,153.255µm
_1052_,153.235µm
_1048_,152.74µm
clknet_leaf_12_clk,152.54µm
u_aes128_optimized.u_aes_core.state\[4\],151.94µm
net116,151.26µm
clknet_leaf_80_clk,151.02µm
net739,150.97µm
_1144_,150.46µm
net321,150.075µm
net462,149.915µm
net432,149.79µm
uo_out[1],149.41µm
_2396_,149.38µm
net333,149.38µm
clknet_leaf_59_clk,149.22µm
u_aes128_optimized.u_aes_core.shift_rows_out\[120\],149.18µm
u_aes128_optimized.u_aes_core.shift_rows_out\[45\],148.56µm
net590,148.51µm
_1891_,148.46µm
net258,148.39µm
uo_out[2],148.07µm
clknet_leaf_14_clk,147.94µm
u_aes128_optimized.u_aes_core.shift_rows_out\[125\],147.6µm
_1194_,147.36µm
net30,147.32µm
net401,147.26µm
net95,146.56µm
_1644_,146.44µm
net156,146.065µm
clknet_leaf_69_clk,145.86µm
net397,145.71µm
u_aes128_optimized.u_aes_core.shift_rows_out\[124\],145.23µm
plaintext_reg\[77\],145.1µm
_1687_,144.95µm
u_aes128_optimized.u_aes_core.shift_rows_out\[117\],144.83µm
net377,144.755µm
net73,144.5µm
net483,144.295µm
net191,144.05µm
clknet_leaf_10_clk,143.98µm
net618,143.96µm
net501,143.905µm
net179,143.9µm
_1105_,143.7µm
u_aes128_optimized.u_aes_core.byte_count\[1\],142.88µm
_2984_,142.84µm
net521,142.84µm
net552,142.76µm
_1112_,142.74µm
_1701_,142.6µm
net155,142.45µm
net614,142.28µm
net273,141.95µm
clknet_4_15__leaf_clk,141.87µm
clknet_leaf_77_clk,141.56µm
_1541_,141.5µm
_1811_,141.12µm
net846,141.12µm
_1119_,141.1µm
clknet_leaf_33_clk,140.88µm
clknet_leaf_53_clk,140.56µm
u_aes128_optimized.u_aes_core.shift_rows_out\[84\],140.48µm
net233,140.4µm
clknet_4_13__leaf_clk,140.4µm
plaintext_reg\[9\],140.04µm
net490,139.44µm
u_aes128_optimized.u_aes_core.shift_rows_out\[19\],139.3µm
_2970_,139.115µm
clknet_4_14__leaf_clk,139.09µm
clknet_leaf_11_clk,138.5µm
net514,138.24µm
clknet_leaf_29_clk,138.2µm
u_aes128_optimized.u_aes_core.shift_rows_out\[27\],138.04µm
_1132_,137.82µm
u_aes128_optimized.u_aes_core.round_key_reg\[70\],137.69µm
net234,137.32µm
clknet_leaf_44_clk,137.14µm
uo_out[7],137.11µm
net327,136.92µm
net571,136.88µm
clknet_leaf_56_clk,136.78µm
plaintext_reg\[73\],136.59µm
clknet_leaf_9_clk,136.52µm
net409,136.5µm
net472,136.235µm
clknet_leaf_46_clk,136.14µm
clknet_leaf_37_clk,135.5µm
net451,135.14µm
clknet_leaf_8_clk,134.62µm
clknet_leaf_67_clk,134.62µm
u_aes128_optimized.u_aes_core.shift_rows_out\[88\],134.55µm
net817,134.33µm
net2,133.88µm
net426,133.85µm
u_aes128_optimized.u_aes_core.shift_rows_out\[102\],133.68µm
net70,133.675µm
u_aes128_optimized.u_aes_core.shift_rows_out\[109\],133.46µm
_1038_,133.34µm
_1337_,133.34µm
clknet_leaf_26_clk,133.25µm
clknet_leaf_55_clk,132.93µm
net78,132.9µm
net456,132.88µm
clknet_leaf_57_clk,132.74µm
u_aes128_optimized.u_aes_core.shift_rows_out\[90\],132.58µm
net352,132.4µm
net588,132.29µm
clknet_leaf_43_clk,132.18µm
clknet_leaf_28_clk,132.05µm
net343,132.04µm
net323,131.98µm
net216,131.96µm
u_aes128_optimized.u_aes_core.round_key_reg\[2\],131.87µm
uo_out[5],131.81µm
clknet_4_5__leaf_clk,131.6µm
_1762_,131.56µm
clknet_leaf_31_clk,131.5µm
net767,131.13µm
clknet_leaf_74_clk,131.06µm
net128,130.9µm
net105,130.785µm
u_aes128_optimized.u_aes_core.shift_rows_out\[46\],130.66µm
u_aes128_optimized.u_aes_core.shift_rows_out\[110\],130.54µm
_1997_,130.53µm
net424,130.46µm
net336,130.4µm
u_aes128_optimized.u_aes_core.shift_rows_out\[3\],130.35µm
_1656_,130.19µm
u_aes128_optimized.u_aes_core.round_key_reg\[5\],130µm
net623,129.96µm
clknet_leaf_83_clk,129.89µm
_2166_,129.52µm
u_aes128_optimized.u_aes_core.shift_rows_out\[126\],129.46µm
_2133_,129.26µm
clknet_leaf_76_clk,129.16µm
clknet_leaf_17_clk,129.12µm
net284,128.96µm
net227,128.94µm
net376,128.91µm
clknet_leaf_27_clk,128.7µm
net286,128.62µm
_2255_,128.44µm
net269,128.38µm
_2236_,128.26µm
u_aes128_optimized.u_aes_core.round_key_reg\[69\],128.05µm
net353,127.69µm
_1115_,127.32µm
_2500_,127.26µm
u_aes128_optimized.u_aes_core.shift_rows_out\[44\],127.18µm
u_aes128_optimized.u_aes_core.shift_rows_out\[22\],127.14µm
net533,127.02µm
net525,126.82µm
_2408_,126.79µm
net504,126.49µm
net399,126.41µm
net28,126.28µm
net522,125.84µm
_1325_,125.82µm
_1378_,125.66µm
_1628_,125.38µm
clknet_leaf_60_clk,125.38µm
_2141_,125.15µm
_1098_,124.96µm
clknet_leaf_39_clk,124.92µm
clknet_leaf_25_clk,124.9µm
net478,124.81µm
_1154_,124.6µm
net196,124.56µm
_2958_,124.485µm
_2053_,124.42µm
net629,124.29µm
clknet_leaf_79_clk,123.98µm
_1140_,123.78µm
net357,123.72µm
net604,123.705µm
net575,123.51µm
net410,123.46µm
u_aes128_optimized.u_aes_core.shift_rows_out\[42\],123.425µm
net666,123.12µm
net69,123.1µm
_2402_,122.98µm
clknet_leaf_73_clk,122.5µm
net513,122.255µm
u_aes128_optimized.u_aes_core.shift_rows_out\[20\],122.12µm
net44,122.09µm
net718,121.62µm
_1677_,121.12µm
clknet_leaf_38_clk,120.76µm
net498,120.59µm
net573,120.59µm
_1128_,120.54µm
_2301_,120.24µm
plaintext_reg\[13\],120.14µm
clknet_leaf_78_clk,119.89µm
net151,119.87µm
u_aes128_optimized.u_aes_core.shift_rows_out\[127\],119.86µm
net529,119.71µm
clknet_leaf_84_clk,119.5µm
_2199_,119.42µm
_1743_,119.2µm
net492,119.2µm
_1050_,119.11µm
net446,119.045µm
net459,118.745µm
net461,118.385µm
u_aes128_optimized.u_aes_core.shift_rows_out\[52\],118.155µm
u_aes128_optimized.u_aes_core.shift_rows_out\[107\],118.115µm
_1925_,118.08µm
_2561_,118.07µm
clknet_leaf_70_clk,118.01µm
clknet_leaf_54_clk,117.92µm
clknet_leaf_18_clk,117.4µm
_1605_,117.36µm
clknet_leaf_22_clk,117.08µm
net600,116.895µm
net373,116.87µm
net238,116.78µm
net141,116.67µm
_2195_,116.65µm
u_aes128_optimized.u_aes_core.shift_rows_out\[1\],116.44µm
net780,116.39µm
u_aes128_optimized.u_aes_core.shift_rows_out\[86\],116.36µm
net143,116.3µm
net297,116.3µm
_1986_,116.29µm
net475,116.285µm
_2074_,116.25µm
clknet_leaf_24_clk,116.245µm
clknet_leaf_42_clk,116.19µm
net470,115.99µm
clknet_leaf_13_clk,115.96µm
clknet_leaf_64_clk,115.89µm
_2006_,115.88µm
net175,115.85µm
net210,115.84µm
clknet_leaf_85_clk,115.78µm
u_aes128_optimized.u_aes_core.shift_rows_out\[113\],115.44µm
net355,115.22µm
u_aes128_optimized.u_aes_core.shift_rows_out\[82\],115.12µm
net34,115µm
clknet_leaf_66_clk,114.96µm
u_aes128_optimized.u_aes_core.round_key_reg\[29\],114.84µm
clknet_leaf_15_clk,114.71µm
u_aes128_optimized.u_aes_core.shift_rows_out\[33\],114.68µm
u_aes128_optimized.u_aes_core.shift_rows_out\[118\],114.645µm
_2988_,114.52µm
uo_out[6],114.51µm
net550,114.38µm
_1535_,114.28µm
net398,114.24µm
net832,114.06µm
net316,113.82µm
clknet_leaf_68_clk,113.78µm
clknet_leaf_2_clk,113.58µm
clknet_leaf_72_clk,113.44µm
net264,113.26µm
net788,113.26µm
net474,113.245µm
net149,113.14µm
net188,113.12µm
_2543_,113.09µm
_2963_,113.055µm
clknet_leaf_3_clk,113.04µm
net557,112.92µm
net545,112.14µm
_2977_,112.075µm
u_aes128_optimized.u_aes_core.shift_rows_out\[6\],112.025µm
_1532_,112.01µm
net546,111.94µm
net682,111.84µm
u_aes128_optimized.u_aes_core.shift_rows_out\[34\],111.8µm
net602,111.64µm
net178,111.58µm
net296,111.48µm
_2125_,111.44µm
clknet_leaf_40_clk,111.4µm
clknet_leaf_35_clk,111.18µm
u_aes128_optimized.u_aes_core.shift_rows_out\[53\],110.69µm
_1244_,110.51µm
net628,110.38µm
_1551_,110.34µm
net551,110.32µm
net379,109.905µm
net148,109.84µm
net703,109.4µm
clknet_leaf_50_clk,109.26µm
u_aes128_optimized.u_aes_core.shift_rows_out\[8\],109.02µm
net203,109.02µm
_2756_,108.78µm
net381,108.74µm
clknet_leaf_45_clk,108.64µm
_1308_,108.62µm
_1698_,108.6µm
net558,108.56µm
clknet_leaf_30_clk,108.54µm
net243,108.51µm
clknet_leaf_58_clk,108.36µm
u_aes128_optimized.u_aes_core.shift_rows_out\[2\],107.9µm
u_aes128_optimized.u_aes_core.shift_rows_out\[94\],107.5µm
clknet_leaf_23_clk,107.36µm
u_aes128_optimized.u_aes_core.shift_rows_out\[114\],107.26µm
net189,107.26µm
u_aes128_optimized.u_aes_core.shift_rows_out\[58\],107.25µm
_1538_,107µm
u_aes128_optimized.u_aes_core.shift_rows_out\[67\],106.88µm
u_aes128_optimized.u_aes_core.shift_rows_out\[35\],106.78µm
clknet_leaf_5_clk,106.76µm
net816,106.73µm
_1931_,106.67µm
_2021_,106.6µm
_1759_,106.44µm
clknet_leaf_21_clk,106.38µm
_1122_,106.18µm
_2042_,106.18µm
clknet_leaf_32_clk,106.02µm
net486,105.89µm
_1554_,105.875µm
net106,105.84µm
clknet_leaf_1_clk,105.755µm
clknet_leaf_41_clk,105µm
clknet_leaf_49_clk,104.98µm
net458,104.855µm
_1072_,104.52µm
net242,104.48µm
net158,104.46µm
u_aes128_optimized.u_aes_core.round_key_reg\[9\],104.37µm
clknet_leaf_0_clk,104.36µm
net152,104.29µm
_2288_,104.26µm
_1544_,104.19µm
_1604_,104.15µm
net261,104.12µm
net784,103.9µm
net444,103.89µm
net124,103.82µm
u_aes128_optimized.u_aes_core.round_key_reg\[10\],103.72µm
u_aes128_optimized.u_aes_core.shift_rows_out\[17\],103.72µm
_1137_,103.685µm
u_aes128_optimized.u_aes_core.shift_rows_out\[11\],103.58µm
_1487_,103.44µm
net207,103.42µm
clknet_leaf_7_clk,103.4µm
net823,103.39µm
u_aes128_optimized.u_aes_core.shift_rows_out\[106\],103.34µm
u_aes128_optimized.u_aes_core.shift_rows_out\[116\],103.32µm
_1108_,103.26µm
net120,103.175µm
u_aes128_optimized.u_aes_core.shift_rows_out\[95\],103.13µm
_2192_,103.08µm
net255,102.98µm
net485,102.77µm
clknet_leaf_48_clk,102.72µm
u_aes128_optimized.u_aes_core.shift_rows_out\[99\],102.71µm
net257,102.6µm
_1069_,102.34µm
u_aes128_optimized.u_aes_core.shift_rows_out\[10\],101.98µm
clknet_leaf_4_clk,101.94µm
clknet_leaf_71_clk,101.915µm
u_aes128_optimized.u_aes_core.shift_rows_out\[60\],101.88µm
_1597_,101.8µm
net464,101.66µm
net530,101.065µm
net679,100.85µm
net345,100.76µm
clknet_leaf_16_clk,100.565µm
net347,100.54µm
u_aes128_optimized.u_aes_core.round_key_reg\[12\],100.49µm
_2294_,100.23µm
net289,100.16µm
_2003_,100.1µm
u_aes128_optimized.u_aes_core.shift_rows_out\[108\],100.04µm
clknet_leaf_6_clk,100µm
_2981_,99.98µm
net596,99.6µm
u_aes128_optimized.u_aes_core.shift_rows_out\[96\],99.435µm
u_aes128_optimized.u_aes_core.shift_rows_out\[100\],99.42µm
_2493_,99.28µm
net74,99.28µm
u_aes128_optimized.u_aes_core.round_key_reg\[27\],99.19µm
net67,99.185µm
_2205_,99.14µm
_2735_,99.12µm
clknet_leaf_75_clk,99.04µm
_3026_,98.89µm
clknet_leaf_86_clk,98.88µm
u_aes128_optimized.u_aes_core.shift_rows_out\[104\],98.785µm
u_aes128_optimized.u_aes_core.round_key_reg\[17\],98.62µm
_1547_,98.49µm
net473,98.47µm
net201,98.44µm
_1586_,98.28µm
u_aes128_optimized.u_aes_core.shift_rows_out\[57\],98.12µm
net7,98.12µm
net31,98.12µm
clknet_leaf_47_clk,98.12µm
_1927_,97.85µm
u_aes128_optimized.u_aes_core.byte_count\[3\],97.84µm
_1186_,97.75µm
u_aes128_optimized.u_aes_core.shift_rows_out\[93\],97.66µm
net724,97.35µm
u_aes128_optimized.u_aes_core.shift_rows_out\[89\],97.08µm
_1078_,96.94µm
u_aes128_optimized.u_aes_core.shift_rows_out\[63\],96.88µm
net382,96.64µm
u_aes128_optimized.u_aes_core.round_key_reg\[38\],96.62µm
u_aes128_optimized.u_aes_core.shift_rows_out\[21\],96.48µm
net755,96.24µm
_2308_,96.14µm
u_aes128_optimized.u_aes_core.shift_rows_out\[85\],96.12µm
net277,96.12µm
_2136_,95.78µm
u_aes128_optimized.u_aes_core.shift_rows_out\[119\],95.78µm
_2029_,95.58µm
clknet_leaf_19_clk,95.54µm
net236,95.52µm
u_aes128_optimized.u_aes_core.shift_rows_out\[61\],95.4µm
clknet_leaf_63_clk,95.3µm
net349,95.2µm
net113,95µm
_3016_,94.92µm
net619,94.915µm
net402,94.795µm
_1579_,94.78µm
u_aes128_optimized.u_aes_core.shift_rows_out\[78\],94.77µm
_2092_,94.72µm
net457,94.61µm
_1149_,94.54µm
_1954_,94.45µm
net541,94.34µm
_1491_,94.26µm
net799,94.15µm
clknet_leaf_34_clk,94.12µm
u_aes128_optimized.u_aes_core.shift_rows_out\[66\],94.08µm
u_aes128_optimized.u_aes_core.shift_rows_out\[87\],94.03µm
net675,93.88µm
_1157_,93.8µm
u_aes128_optimized.u_aes_core.shift_rows_out\[14\],93.78µm
clknet_leaf_61_clk,93.78µm
u_aes128_optimized.u_aes_core.shift_rows_out\[105\],93.7µm
net350,93.51µm
net200,93.46µm
_1148_,93.26µm
net224,93.26µm
net815,93.22µm
u_aes128_optimized.u_aes_core.shift_rows_out\[16\],93.18µm
u_aes128_optimized.u_aes_core.round_key_reg\[20\],93.11µm
u_aes128_optimized.u_aes_core.shift_rows_out\[62\],93.08µm
_2242_,93.04µm
_1595_,93.03µm
clknet_leaf_62_clk,92.92µm
clknet_leaf_51_clk,92.9µm
u_aes128_optimized.u_aes_core.shift_rows_out\[92\],92.88µm
net219,92.84µm
u_aes128_optimized.u_aes_core.shift_rows_out\[80\],92.82µm
net752,92.59µm
_2158_,92.54µm
u_aes128_optimized.u_aes_core.round_key_reg\[3\],92.51µm
u_aes128_optimized.u_aes_core.shift_rows_out\[115\],92.4µm
clknet_leaf_65_clk,92.32µm
u_aes128_optimized.u_aes_core.shift_rows_out\[54\],92.265µm
net380,92.255µm
net220,92.12µm
net334,92.08µm
net532,92.02µm
net845,91.85µm
net368,91.79µm
u_aes128_optimized.u_aes_core.round_key_reg\[18\],91.63µm
net721,91.35µm
_1494_,91.2µm
net745,91.06µm
_1183_,91.04µm
u_aes128_optimized.u_aes_core.shift_rows_out\[41\],90.94µm
_1379_,90.85µm
net653,90.75µm
_1151_,90.62µm
net742,90.55µm
_1165_,90.53µm
u_aes128_optimized.u_aes_core.shift_rows_out\[40\],90.11µm
_1398_,90.1µm
u_aes128_optimized.u_aes_core.round_key_reg\[99\],90.04µm
net734,89.33µm
net306,89.325µm
_1583_,89.21µm
u_aes128_optimized.u_aes_core.shift_rows_out\[0\],89.2µm
clknet_leaf_82_clk,89.02µm
_1199_,88.94µm
u_aes128_optimized.u_aes_core.round_key_reg\[24\],88.92µm
u_aes128_optimized.u_aes_core.shift_rows_out\[47\],88.86µm
u_aes128_optimized.u_aes_core.shift_rows_out\[65\],88.86µm
u_aes128_optimized.u_aes_core.shift_rows_out\[12\],88.38µm
u_aes128_optimized.u_aes_core.shift_rows_out\[55\],88.035µm
_1223_,88.02µm
u_aes128_optimized.u_aes_core.shift_rows_out\[30\],87.92µm
u_aes128_optimized.u_aes_core.round_key_reg\[11\],87.79µm
u_aes128_optimized.u_aes_core.round_key_reg\[67\],87.78µm
u_aes128_optimized.u_aes_core.shift_rows_out\[26\],87.64µm
_1092_,87.56µm
_1196_,87.5µm
_1631_,87.5µm
net696,87.45µm
u_aes128_optimized.u_aes_core.state\[1\],87.395µm
u_aes128_optimized.u_aes_core.round_key_reg\[28\],87.33µm
_1756_,87.21µm
_1590_,87.12µm
_1854_,87.08µm
_2390_,87.05µm
net230,87.04µm
_3031_,86.81µm
net778,86.61µm
net469,86.595µm
u_aes128_optimized.u_aes_core.shift_rows_out\[18\],86.38µm
net577,86.26µm
net206,86.2µm
u_aes128_optimized.u_aes_core.round_key_reg\[21\],85.94µm
_2111_,85.69µm
_1906_,85.68µm
net738,85.49µm
u_aes128_optimized.u_aes_core.shift_rows_out\[28\],85.32µm
_2453_,85.26µm
net723,85.18µm
net361,85.08µm
net309,85.02µm
u_aes128_optimized.u_aes_core.round_key_reg\[1\],84.84µm
net762,84.71µm
net228,84.5µm
_1118_,84.38µm
net702,84.25µm
net568,84.18µm
clknet_3_2_0_clk,83.82µm
net211,83.705µm
_2148_,83.5µm
net825,83.45µm
_1599_,83.37µm
net712,83.36µm
net465,83.255µm
net665,83.23µm
net337,83.1µm
net637,82.99µm
_2440_,82.48µm
_2512_,82.42µm
net460,82.39µm
_2446_,82.3µm
_2186_,82.27µm
u_aes128_optimized.u_aes_core.shift_rows_out\[77\],82.24µm
u_aes128_optimized.u_aes_core.round_key_reg\[22\],82.13µm
net559,81.9µm
net684,81.9µm
_2063_,81.79µm
u_aes128_optimized.u_aes_core.shift_rows_out\[64\],81.765µm
_1712_,81.76µm
net466,81.56µm
net715,81.54µm
net687,81.53µm
_1903_,81.5µm
u_aes128_optimized.u_aes_core.shift_rows_out\[31\],81.46µm
u_aes128_optimized.u_aes_core.shift_rows_out\[97\],81.38µm
net786,81.37µm
_2100_,81.22µm
clknet_leaf_52_clk,81.22µm
_1976_,81.08µm
_2555_,81.07µm
u_aes128_optimized.u_aes_core.round_key_reg\[30\],80.87µm
net351,80.76µm
_2621_,80.7µm
net639,80.69µm
net45,80.68µm
net542,80.42µm
u_aes128_optimized.u_aes_core.round_key_reg\[19\],80.41µm
_1951_,80.24µm
net641,80.22µm
u_aes128_optimized.u_aes_core.shift_rows_out\[9\],80.2µm
u_aes128_optimized.u_aes_core.g_word\[8\],80.05µm
_2459_,80.03µm
net700,80.03µm
u_aes128_optimized.u_aes_core.shift_rows_out\[13\],79.92µm
net771,79.47µm
net246,79.46µm
net730,79.28µm
net535,78.98µm
net758,78.98µm
net652,78.78µm
net769,78.66µm
clknet_leaf_20_clk,78.58µm
net190,78.42µm
net748,78.42µm
net180,78.38µm
clknet_3_6_0_clk,78.32µm
net681,78.18µm
_2549_,78.02µm
net50,78.02µm
net697,77.935µm
u_aes128_optimized.u_aes_core.rot_word_reg\[1\],77.88µm
_1338_,77.7µm
net280,77.7µm
u_aes128_optimized.u_aes_core.shift_rows_out\[50\],77.625µm
_2506_,77.2µm
_1782_,77.08µm
_1101_,77.055µm
net484,76.995µm
aes_ciphertext\[87\],76.84µm
net13,76.71µm
_1908_,76.68µm
_1787_,76.64µm
_1171_,76.5µm
_1777_,76.3µm
net195,76.3µm
u_aes128_optimized.u_aes_core.round_key_reg\[8\],76.295µm
net776,76.29µm
u_aes128_optimized.u_aes_core.shift_rows_out\[68\],76.26µm
net822,76.21µm
u_aes128_optimized.u_aes_core.shift_rows_out\[23\],76.2µm
u_aes128_optimized.u_aes_core.rcon_reg\[4\],76.14µm
net569,75.8µm
_2472_,75.7µm
_1715_,75.62µm
u_aes128_optimized.u_aes_core.g_word\[6\],75.47µm
net764,75.47µm
net674,75.32µm
net757,75.28µm
net231,75.26µm
net672,75.23µm
net428,74.91µm
net122,74.9µm
net765,74.86µm
net27,74.62µm
net607,74.5µm
u_aes128_optimized.u_aes_core.shift_rows_out\[81\],74.42µm
_1081_,74.38µm
net760,74.34µm
_1191_,74.26µm
u_aes128_optimized.u_aes_core.shift_rows_out\[25\],74.2µm
u_aes128_optimized.u_aes_core.round_key_reg\[77\],74.09µm
net669,73.97µm
net716,73.89µm
_1567_,73.8µm
u_aes128_optimized.u_aes_core.shift_rows_out\[36\],73.74µm
net827,73.62µm
net335,73.4µm
net710,73.37µm
_2050_,73.34µm
net688,73.18µm
u_aes128_optimized.u_aes_core.shift_rows_out\[29\],72.995µm
_1462_,72.94µm
net656,72.91µm
net744,72.91µm
net226,72.68µm
u_aes128_optimized.u_aes_core.state\[3\],72.67µm
_2082_,72.6µm
net660,72.54µm
net134,72.51µm
_1970_,72.2µm
net202,72.2µm
_2986_,72.14µm
net802,71.885µm
net834,71.83µm
u_aes128_optimized.u_aes_core.round_key_reg\[13\],71.81µm
u_aes128_optimized.u_aes_core.rot_word_reg\[6\],71.77µm
u_aes128_optimized.u_aes_core.shift_rows_out\[5\],71.635µm
net389,71.54µm
u_aes128_optimized.u_aes_core.round_key_reg\[76\],71.5µm
u_aes128_optimized.u_aes_core.rot_word_reg\[31\],71.46µm
u_aes128_optimized.u_aes_core.shift_rows_out\[51\],71.365µm
net567,71.22µm
u_aes128_optimized.u_aes_core.round_key_reg\[14\],71.18µm
net705,71.14µm
_1999_,71.12µm
_1246_,71.04µm
net796,71.02µm
net197,70.94µm
_1422_,70.92µm
_1625_,70.76µm
_1733_,70.76µm
net831,70.58µm
_1503_,70.34µm
net749,70.33µm
net754,70.3µm
net643,70.21µm
_2061_,69.9µm
_1466_,69.88µm
_1740_,69.72µm
net808,69.72µm
_1934_,69.62µm
u_aes128_optimized.u_aes_core.shift_rows_out\[75\],69.505µm
_2097_,69.5µm
_2341_,69.5µm
_1007_,69.46µm
_1918_,69.34µm
_1404_,69.25µm
net597,69.1µm
net167,68.9µm
_1501_,68.68µm
clknet_3_4_0_clk,68.68µm
_2590_,68.46µm
net26,68.4µm
u_aes128_optimized.u_aes_core.rcon_reg\[7\],68.14µm
_2750_,68.12µm
_1198_,68.02µm
u_aes128_optimized.u_aes_core.g_word\[10\],67.9µm
_1095_,67.865µm
_1892_,67.84µm
u_aes128_optimized.u_aes_core.shift_rows_out\[39\],67.77µm
net671,67.71µm
u_aes128_optimized.u_aes_core.shift_rows_out\[83\],67.7µm
net12,67.68µm
clknet_3_0_0_clk,67.54µm
clknet_3_5_0_clk,67.48µm
net407,67.4µm
u_aes128_optimized.u_aes_core.shift_rows_out\[112\],67.3µm
net841,67.23µm
net348,67.22µm
net806,67.16µm
_1772_,67.06µm
net209,67.035µm
_1557_,67.02µm
u_aes128_optimized.u_aes_core.shift_rows_out\[103\],66.855µm
clknet_3_3_0_clk,66.83µm
net591,66.7µm
_1207_,66.58µm
_1353_,66.46µm
_1519_,66.44µm
_1131_,66.12µm
u_aes128_optimized.u_aes_core.round_key_reg\[52\],66.09µm
net708,66µm
_1869_,65.92µm
u_aes128_optimized.u_aes_core.shift_rows_out\[32\],65.685µm
net797,65.49µm
_1495_,65.4µm
_1245_,65.37µm
u_aes128_optimized.u_aes_core.g_word\[3\],65.31µm
_1467_,65.19µm
net55,65.09µm
u_aes128_optimized.u_aes_core.round_key_reg\[73\],64.95µm
_1477_,64.88µm
net390,64.82µm
_2249_,64.68µm
net482,64.48µm
net726,64.34µm
_1306_,64.24µm
net736,64.24µm
_1568_,64.22µm
u_aes128_optimized.u_aes_core.shift_rows_out\[70\],64.1µm
clknet_3_1_0_clk,64.08µm
net655,64.06µm
_2919_,64.025µm
net222,63.92µm
u_aes128_optimized.u_aes_core.round_key_reg\[16\],63.91µm
u_aes128_optimized.u_aes_core.round_key_reg\[75\],63.61µm
net509,63.565µm
net262,63.415µm
u_aes128_optimized.u_aes_core.round_key_reg\[6\],63.39µm
net279,63.16µm
net107,63.14µm
_1231_,62.92µm
u_aes128_optimized.u_aes_core.shift_rows_out\[72\],62.805µm
net801,62.61µm
net59,62.56µm
u_aes128_optimized.u_aes_core.shift_rows_out\[4\],62.23µm
net594,62.1µm
_2994_,62.08µm
u_aes128_optimized.u_aes_core.rot_word_reg\[7\],62.06µm
net500,62.045µm
_1158_,62µm
net650,61.81µm
net204,61.8µm
net750,61.8µm
net477,61.76µm
_2040_,61.68µm
_1709_,61.58µm
net843,61.57µm
_1425_,61.48µm
net645,61.09µm
u_aes128_optimized.u_aes_core.rot_word_reg\[14\],60.66µm
_1011_,60.64µm
_1485_,60.58µm
_1252_,60.52µm
_3020_,60.44µm
net680,60.39µm
_1261_,60.26µm
net664,60.26µm
_1591_,60.18µm
net435,59.8µm
_1665_,59.78µm
_1458_,59.74µm
net677,59.43µm
_1395_,59.32µm
_1972_,59.28µm
net658,59.03µm
_2615_,58.94µm
u_aes128_optimized.u_aes_core.shift_rows_out\[111\],58.92µm
u_aes128_optimized.u_aes_core.shift_rows_out\[76\],58.77µm
u_aes128_optimized.u_aes_core.shift_rows_out\[7\],58.72µm
net229,58.6µm
u_aes128_optimized.u_aes_core.round_key_reg\[78\],58.57µm
net40,58.55µm
net775,58.53µm
_1797_,58.4µm
_2743_,58.4µm
net746,58.37µm
_2071_,58.16µm
_1063_,58.14µm
_1181_,57.88µm
_1979_,57.82µm
_2991_,57.48µm
net820,57.45µm
u_aes128_optimized.u_aes_core.shift_rows_out\[71\],57.36µm
_1465_,57.2µm
u_aes128_optimized.u_aes_core.shift_rows_out\[79\],57.18µm
u_aes128_optimized.u_aes_core.shift_rows_out\[69\],57.16µm
u_aes128_optimized.u_aes_core.round_key_reg\[31\],57.07µm
net481,56.92µm
_1942_,56.9µm
_1961_,56.84µm
net502,56.84µm
net690,56.81µm
_1210_,56.56µm
u_aes128_optimized.u_aes_core.shift_rows_out\[98\],56.5µm
_1464_,56.46µm
_2777_,56.36µm
net476,56.35µm
clknet_3_7_0_clk,56.34µm
_1135_,56.185µm
u_aes128_optimized.u_aes_core.shift_rows_out\[37\],56.04µm
u_aes128_optimized.u_aes_core.g_word\[9\],55.9µm
_1457_,55.89µm
net104,55.89µm
_1915_,55.86µm
net266,55.76µm
u_aes128_optimized.u_aes_core.state\[5\],55.62µm
clknet_leaf_81_clk,55.52µm
_2328_,55.2µm
_1197_,55.04µm
_1559_,54.9µm
_3033_,54.76µm
_1989_,54.74µm
u_aes128_optimized.u_aes_core.shift_rows_out\[48\],54.69µm
_1819_,54.64µm
u_aes128_optimized.u_aes_core.g_word\[11\],54.27µm
net479,54.24µm
_1493_,54.215µm
net794,54.1µm
key_index\[0\],53.95µm
_2217_,53.81µm
_2597_,53.7µm
_1041_,53.66µm
net729,53.58µm
u_aes128_optimized.u_aes_core.round_key_reg\[125\],53.43µm
net136,53.11µm
net362,53.11µm
u_aes128_optimized.u_aes_core.shift_rows_out\[73\],53.06µm
_1484_,53.04µm
net829,52.72µm
net10,52.26µm
net659,52.25µm
u_aes128_optimized.u_aes_core.rot_word_reg\[19\],52.08µm
net732,52.04µm
_1292_,51.94µm
u_aes128_optimized.u_aes_core.round_key_reg\[47\],51.86µm
_1560_,51.82µm
_2113_,51.82µm
net565,51.82µm
u_aes128_optimized.u_aes_core.round_key_reg\[41\],51.7µm
net374,51.7µm
u_aes128_optimized.u_aes_core.shift_rows_out\[49\],51.615µm
net781,51.38µm
net805,51.3µm
net792,51.23µm
u_aes128_optimized.u_aes_core.round_key_reg\[49\],51.22µm
_1085_,51.02µm
u_aes128_optimized.u_aes_core.round_key_reg\[74\],51.01µm
net662,50.96µm
u_aes128_optimized.u_aes_core.shift_rows_out\[38\],50.84µm
_2178_,50.68µm
net810,50.57µm
aes_ciphertext\[23\],50.52µm
_2077_,50.42µm
_1228_,50.34µm
net692,50.28µm
_1253_,50.2µm
_1284_,50.02µm
_1406_,49.88µm
_1814_,49.7µm
u_aes128_optimized.u_aes_core.round_key_reg\[25\],49.59µm
u_aes128_optimized.u_aes_core.round_key_reg\[96\],49.58µm
_1222_,49.32µm
net593,49.28µm
_1262_,49.16µm
u_aes128_optimized.u_aes_core.round_key_reg\[23\],49.11µm
_1106_,49.04µm
net787,49µm
net813,48.93µm
_2982_,48.87µm
net773,48.84µm
net819,48.73µm
_1224_,48.7µm
_1522_,48.68µm
u_aes128_optimized.u_aes_core.shift_rows_out\[15\],48.43µm
_1221_,48.42µm
net132,48.26µm
u_aes128_optimized.u_aes_core.rot_word_reg\[24\],48.04µm
_1270_,48.02µm
_1526_,47.8µm
_2163_,47.76µm
net811,47.29µm
net338,47.24µm
u_aes128_optimized.u_aes_core.round_key_reg\[42\],47.17µm
_3032_,47.12µm
u_aes128_optimized.u_aes_core.rot_word_reg\[28\],47.08µm
_1472_,47.06µm
net11,47.06µm
net468,46.955µm
u_aes128_optimized.u_aes_core.round_key_reg\[104\],46.64µm
net836,46.62µm
_1204_,46.5µm
_1238_,46.47µm
ciphertext_latched\[20\],46.42µm
net346,46.38µm
_1492_,46.335µm
u_aes128_optimized.u_aes_core.shift_rows_out\[101\],46.15µm
key_index\[1\],46.02µm
net298,45.96µm
_2972_,45.945µm
_1722_,45.94µm
_2718_,45.9µm
_1182_,45.84µm
net648,45.83µm
_2951_,45.62µm
_1737_,45.39µm
net182,45.34µm
u_aes128_optimized.u_aes_core.round_key_reg\[33\],45.17µm
ciphertext_latched\[94\],45.07µm
_2035_,44.94µm
net777,44.89µm
_2322_,44.86µm
u_aes128_optimized.u_aes_core.round_key_reg\[34\],44.53µm
net818,44.53µm
_1237_,44.5µm
net213,44.48µm
net685,44.45µm
u_aes128_optimized.u_aes_core.round_key_reg\[93\],44.16µm
u_aes128_optimized.u_aes_core.round_key_reg\[64\],44.15µm
net707,44.06µm
_1070_,44.04µm
u_aes128_optimized.u_aes_core.shift_rows_out\[74\],43.975µm
_1897_,43.75µm
_1355_,43.74µm
_1126_,43.64µm
_1681_,43.62µm
_1045_,43.525µm
_2066_,43.3µm
u_aes128_optimized.u_aes_core.round_key_reg\[84\],43.07µm
net751,43.06µm
_1448_,43µm
u_aes128_optimized.u_aes_core.rot_word_reg\[9\],42.96µm
_1039_,42.88µm
net839,42.75µm
net467,42.675µm
_2434_,42.64µm
net840,42.58µm
_1657_,42.52µm
ciphertext_latched\[123\],42.48µm
_1247_,42.36µm
_1285_,42.32µm
u_aes128_optimized.u_aes_core.round_key_reg\[62\],42.23µm
_1286_,42µm
_1829_,42µm
_2603_,41.98µm
_1705_,41.97µm
_1243_,41.84µm
_1372_,41.74µm
_1230_,41.7µm
_2045_,41.695µm
_1287_,41.66µm
net704,41.64µm
_2524_,41.62µm
_1175_,41.6µm
net826,41.58µm
_1471_,41.56µm
_1220_,41.53µm
u_aes128_optimized.u_aes_core.round_key_reg\[0\],41.2µm
_2211_,40.98µm
_1500_,40.96µm
_2264_,40.85µm
net118,40.835µm
u_aes128_optimized.u_aes_core.round_key_reg\[40\],40.77µm
net835,40.75µm
net248,40.64µm
net646,40.6µm
net174,40.56µm
key_index\[2\],40.54µm
net838,40.37µm
_2965_,40.3µm
_2964_,40.075µm
_1125_,39.96µm
_2094_,39.96µm
_3029_,39.93µm
u_aes128_optimized.u_aes_core.round_key_reg\[65\],39.91µm
_1973_,39.855µm
_1310_,39.84µm
net689,39.83µm
net205,39.73µm
net779,39.72µm
_2737_,39.69µm
net725,39.51µm
aes_ciphertext\[119\],39.44µm
_1530_,39.4µm
_2170_,39.4µm
net761,39.28µm
_3001_,39.2µm
_2245_,39.18µm
_2518_,39.18µm
net76,39.14µm
_1474_,39.02µm
u_aes128_optimized.u_aes_core.round_key_reg\[95\],38.97µm
net793,38.97µm
net782,38.95µm
net861,38.74µm
u_aes128_optimized.u_aes_core.col_count\[0\],38.58µm
u_aes128_optimized.u_aes_core.round_key_reg\[7\],38.465µm
net837,38.37µm
_1516_,38.18µm
_1160_,38.14µm
_2693_,38.12µm
_2681_,38.04µm
net728,38.01µm
_2377_,37.94µm
_1380_,37.66µm
net812,37.56µm
u_aes128_optimized.u_aes_core.round_key_reg\[15\],37.54µm
_1610_,37.44µm
_1473_,37.405µm
_1259_,37.34µm
u_aes128_optimized.u_aes_core.round_key_reg\[58\],37.32µm
ciphertext_latched\[63\],37.28µm
aes_busy,37.2µm
u_aes128_optimized.u_aes_core.round_key_reg\[43\],37.19µm
ciphertext_latched\[58\],37.18µm
net153,37.12µm
_1229_,37.1µm
_1967_,37.06µm
net111,37.02µm
_2151_,36.94µm
_2992_,36.94µm
u_aes128_optimized.u_aes_core.round_key_reg\[106\],36.49µm
net785,36.12µm
u_aes128_optimized.u_aes_core.round_key_reg\[4\],36.07µm
_2591_,36.06µm
net144,36.06µm
net566,36.04µm
_1053_,35.97µm
net549,35.96µm
u_aes128_optimized.u_aes_core.rot_word_reg\[21\],35.625µm
u_aes128_optimized.u_aes_core.rot_word_reg\[22\],35.565µm
_2921_,35.54µm
net693,35.51µm
net804,35.47µm
_1696_,35.34µm
net694,35.34µm
net731,35.34µm
net720,35.33µm
ciphertext_latched\[90\],35.14µm
_1802_,35.12µm
u_aes128_optimized.u_aes_core.round_key_reg\[51\],35.09µm
u_aes128_optimized.u_aes_core.rot_word_reg\[30\],35.02µm
_2724_,34.9µm
net192,34.84µm
net14,34.78µm
_2391_,34.76µm
_1254_,34.74µm
ciphertext_latched\[56\],34.62µm
net706,34.12µm
_2359_,34.1µm
_1195_,34.06µm
u_aes128_optimized.u_aes_core.round_key_reg\[71\],34.06µm
_1369_,34µm
_2144_,33.99µm
_2673_,33.98µm
_1279_,33.82µm
_1079_,33.805µm
ciphertext_latched\[110\],33.7µm
net42,33.68µm
u_aes128_optimized.u_aes_core.round_key_reg\[101\],33.57µm
net663,33.55µm
net717,33.52µm
_2536_,33.48µm
u_aes128_optimized.u_aes_core.round_key_reg\[83\],33.48µm
_1263_,33.4µm
_1127_,33.3µm
_3035_,33.24µm
net774,33.1µm
_1562_,33.01µm
_2275_,32.78µm
net537,32.7µm
_1088_,32.56µm
u_aes128_optimized.u_aes_core.rot_word_reg\[13\],32.54µm
u_aes128_optimized.u_aes_core.round_key_reg\[39\],32.4µm
_1136_,32.38µm
u_aes128_optimized.u_aes_core.round_key_reg\[116\],32.35µm
ciphertext_latched\[78\],32.16µm
_1208_,32.14µm
_1573_,32.1µm
ciphertext_latched\[25\],32.1µm
u_aes128_optimized.u_aes_core.round_key_reg\[105\],32.09µm
_1509_,32.06µm
_3017_,32.04µm
u_aes128_optimized.u_aes_core.rot_word_reg\[5\],32.02µm
u_aes128_optimized.u_aes_core.round_key_reg\[85\],32.02µm
_1257_,31.68µm
_1215_,31.66µm
_1180_,31.62µm
u_aes128_optimized.u_aes_core.round_key_reg\[50\],31.58µm
u_aes128_optimized.u_aes_core.round_key_reg\[81\],31.51µm
net520,31.5µm
_1239_,31.46µm
_1572_,31.44µm
net276,31.42µm
ciphertext_latched\[81\],31.325µm
u_aes128_optimized.u_aes_core.rot_word_reg\[27\],31.26µm
_1216_,31.12µm
_1152_,31.02µm
_2664_,30.96µm
_1981_,30.88µm
_2610_,30.84µm
_1518_,30.78µm
u_aes128_optimized.u_aes_core.round_key_reg\[54\],30.575µm
u_aes128_optimized.u_aes_core.round_key_reg\[72\],30.56µm
_2774_,30.48µm
net147,30.48µm
ciphertext_latched\[126\],30.46µm
u_aes128_optimized.u_aes_core.round_key_reg\[109\],30.35µm
plaintext_index\[3\],30.3µm
_1478_,30.28µm
_1293_,30.26µm
_1226_,30.24µm
_1251_,30.2µm
_1260_,30.18µm
_1609_,30.17µm
_1402_,30.16µm
_2736_,30µm
net733,29.98µm
net759,29.92µm
u_aes128_optimized.u_aes_core.round_key_reg\[59\],29.89µm
_1044_,29.81µm
_2530_,29.66µm
u_aes128_optimized.u_aes_core.round_key_reg\[53\],29.64µm
rst_n,29.59µm
_1361_,29.49µm
_1564_,29.4µm
net719,29.38µm
u_aes128_optimized.u_aes_core.round_key_reg\[61\],29.32µm
net624,29.3µm
u_aes128_optimized.u_aes_core.rot_word_reg\[11\],29.24µm
net340,29.04µm
_1432_,28.92µm
net735,28.91µm
_1392_,28.79µm
_1256_,28.7µm
_2024_,28.62µm
u_aes128_optimized.u_aes_core.round_key_reg\[48\],28.58µm
_1730_,28.53µm
_2371_,28.52µm
_1401_,28.48µm
_1444_,28.46µm
ciphertext_latched\[88\],28.46µm
net783,28.4µm
u_aes128_optimized.u_aes_core.round_key_reg\[90\],28.39µm
ciphertext_latched\[65\],28.36µm
_1514_,28.34µm
_2619_,28.34µm
_1357_,28.12µm
_2008_,27.93µm
_1419_,27.92µm
_1684_,27.9µm
_2422_,27.8µm
_2739_,27.8µm
_1960_,27.76µm
u_aes128_optimized.u_aes_core.round_key_reg\[55\],27.63µm
ready_for_start,27.62µm
u_aes128_optimized.u_aes_core.g_word\[0\],27.61µm
_2670_,27.6µm
_1700_,27.56µm
net661,27.45µm
_1212_,27.42µm
_1280_,27.4µm
_2550_,27.4µm
_1006_,27.36µm
u_aes128_optimized.u_aes_core.round_key_reg\[66\],27.29µm
_2353_,27.28µm
net528,27.16µm
_2931_,27.14µm
net232,27.14µm
net772,27.13µm
ciphertext_latched\[73\],27.04µm
u_aes128_optimized.u_aes_core.round_reg\[0\],27.02µm
u_aes128_optimized.u_aes_core.temp_state_reg\[14\],27.01µm
_1067_,27.005µm
net403,26.98µm
_2764_,26.96µm
net647,26.96µm
_2268_,26.92µm
net670,26.91µm
_1273_,26.9µm
_1188_,26.86µm
_3036_,26.8µm
u_aes128_optimized.u_aes_core.round_key_reg\[92\],26.62µm
net256,26.56µm
net676,26.5µm
_1255_,26.47µm
u_aes128_optimized.u_aes_core.round_key_reg\[60\],26.45µm
net413,26.44µm
_2068_,26.4µm
_2633_,26.38µm
_1301_,26.36µm
u_aes128_optimized.u_aes_core.round_key_reg\[35\],26.27µm
_1294_,26.26µm
_2778_,26.26µm
ciphertext_latched\[82\],26.26µm
_1685_,26.24µm
_1513_,26.22µm
u_aes128_optimized.u_aes_core.round_key_reg\[86\],26.21µm
_1289_,26.2µm
_2922_,26.16µm
u_aes128_optimized.u_aes_core.g_word\[16\],26.07µm
u_aes128_optimized.u_aes_core.round_key_reg\[82\],26.07µm
net32,26.06µm
u_aes128_optimized.u_aes_core.round_key_reg\[79\],26.04µm
plaintext_reg\[11\],26.02µm
u_aes128_optimized.u_aes_core.temp_state_reg\[64\],25.945µm
_1205_,25.8µm
_1578_,25.8µm
_1505_,25.74µm
_1298_,25.68µm
ui_in[6],25.62µm
_1699_,25.58µm
net766,25.58µm
_2744_,25.55µm
_1314_,25.52µm
_1225_,25.48µm
net115,25.425µm
net971,25.42µm
_1389_,25.4µm
_1427_,25.4µm
_1936_,25.38µm
_2150_,25.38µm
_1236_,25.34µm
ciphertext_latched\[89\],25.3µm
u_aes128_optimized.u_aes_core.temp_state_reg\[67\],25.24µm
net324,25.18µm
u_aes128_optimized.u_aes_core.round_key_reg\[88\],25.17µm
_1303_,25.16µm
net198,25.16µm
_1504_,25.12µm
_1650_,25.06µm
u_aes128_optimized.u_aes_core.temp_state_reg\[82\],25.02µm
_1571_,25µm
net1195,24.98µm
_2715_,24.94µm
_1433_,24.9µm
_2932_,24.88µm
u_aes128_optimized.u_aes_core.round_key_reg\[89\],24.84µm
u_aes128_optimized.u_aes_core.round_key_reg\[56\],24.78µm
_1177_,24.76µm
ui_in[7],24.75µm
_1359_,24.725µm
_1456_,24.72µm
plaintext_reg\[72\],24.72µm
_2730_,24.62µm
u_aes128_optimized.u_aes_core.round_key_reg\[46\],24.61µm
_2223_,24.46µm
net830,24.4µm
uio_in[4],24.37µm
net1537,24.36µm
_3010_,24.32µm
_1529_,24.28µm
_1424_,24.195µm
u_aes128_optimized.u_aes_core.rot_word_reg\[3\],24.14µm
key_reg\[94\],24.115µm
ciphertext_latched\[60\],23.94µm
_1601_,23.92µm
_1211_,23.9µm
_1057_,23.88µm
net737,23.88µm
_1102_,23.86µm
u_aes128_optimized.u_aes_core.round_key_reg\[103\],23.84µm
_1328_,23.76µm
_2103_,23.76µm
_2757_,23.74µm
uio_in[0],23.69µm
_1193_,23.64µm
_1587_,23.64µm
key_reg\[88\],23.635µm
_2688_,23.63µm
net770,23.62µm
_1695_,23.61µm
_2950_,23.56µm
_2640_,23.52µm
ciphertext_latched\[62\],23.52µm
net35,23.44µm
_1373_,23.34µm
_1879_,23.32µm
_2935_,23.32µm
_1142_,23.3µm
net218,23.3µm
_1945_,23.24µm
_1012_,23.22µm
net263,23.2µm
net523,23.14µm
net1017,23.14µm
_2201_,23.12µm
_1653_,23.08µm
_1187_,23.06µm
_2628_,23µm
_1798_,22.96µm
_2384_,22.9µm
done_latched,22.9µm
key_reg\[62\],22.9µm
_1884_,22.88µm
_2383_,22.88µm
_2771_,22.88µm
net1112,22.88µm
_2658_,22.86µm
_1219_,22.78µm
ciphertext_latched\[57\],22.77µm
u_aes128_optimized.u_aes_core.g_word\[22\],22.77µm
plaintext_reg\[103\],22.72µm
u_aes128_optimized.u_aes_core.round_reg\[3\],22.72µm
_1249_,22.68µm
_1565_,22.68µm
_2929_,22.68µm
u_aes128_optimized.u_aes_core.round_key_reg\[110\],22.68µm
net1197,22.62µm
u_aes128_optimized.u_aes_core.temp_state_reg\[79\],22.6µm
ciphertext_latched\[109\],22.58µm
u_aes128_optimized.u_aes_core.rot_word_reg\[29\],22.54µm
_2685_,22.5µm
ui_in[0],22.45µm
_1275_,22.43µm
_1408_,22.42µm
u_aes128_optimized.u_aes_core.rcon_reg\[0\],22.42µm
_1037_,22.38µm
_2194_,22.38µm
u_aes128_optimized.u_aes_core.temp_state_reg\[90\],22.3µm
net727,22.3µm
_1272_,22.26µm
ciphertext_latched\[33\],22.26µm
u_aes128_optimized.u_aes_core.temp_state_reg\[66\],22.24µm
_1507_,22.22µm
net791,22.21µm
_2601_,22.18µm
_2604_,22.18µm
_2609_,22.18µm
net686,22.07µm
net1024,22.07µm
_1166_,22.04µm
_2119_,22.04µm
output_index\[3\],22.04µm
net930,21.95µm
u_aes128_optimized.u_aes_core.temp_state_reg\[92\],21.89µm
_1103_,21.88µm
_2479_,21.86µm
_1297_,21.84µm
u_aes128_optimized.u_aes_core.round_key_reg\[45\],21.81µm
uio_in[2],21.78µm
_1288_,21.76µm
u_aes128_optimized.u_aes_core.temp_state_reg\[68\],21.74µm
ciphertext_latched\[92\],21.725µm
_1626_,21.72µm
_2607_,21.7µm
u_aes128_optimized.u_aes_core.round_key_reg\[117\],21.69µm
net101,21.62µm
u_aes128_optimized.u_aes_core.round_key_reg\[114\],21.55µm
_1803_,21.54µm
net657,21.54µm
_1635_,21.52µm
_1724_,21.48µm
u_aes128_optimized.u_aes_core.rot_word_reg\[25\],21.46µm
_2995_,21.435µm
_2013_,21.4µm
_2974_,21.37µm
u_aes128_optimized.u_aes_core.temp_state_reg\[117\],21.37µm
u_aes128_optimized.u_aes_core.round_key_reg\[63\],21.35µm
u_aes128_optimized.u_aes_core.sub_word_reg\[26\],21.28µm
u_aes128_optimized.u_aes_core.temp_state_reg\[74\],21.28µm
_2088_,21.225µm
_1528_,21.12µm
net1202,21.12µm
_2712_,21.09µm
u_aes128_optimized.u_aes_core.round_key_reg\[126\],21.09µm
_1269_,21.08µm
_2229_,21.06µm
_1850_,21.04µm
clear_d,21.04µm
_1963_,21.005µm
_2017_,21µm
ciphertext_latched\[59\],20.985µm
plaintext_reg\[14\],20.965µm
net544,20.96µm
u_aes128_optimized.u_aes_core.temp_state_reg\[127\],20.94µm
u_aes128_optimized.u_aes_core.temp_state_reg\[37\],20.92µm
net1206,20.92µm
net1065,20.88µm
net683,20.87µm
_1117_,20.86µm
aes_ciphertext\[117\],20.84µm
ciphertext_latched\[113\],20.82µm
_2592_,20.8µm
net828,20.8µm
ciphertext_latched\[91\],20.78µm
u_aes128_optimized.u_aes_core.g_word\[23\],20.78µm
u_aes128_optimized.u_aes_core.round_key_reg\[115\],20.76µm
_1959_,20.75µm
_1309_,20.72µm
_1258_,20.69µm
plaintext_reg\[66\],20.68µm
_2967_,20.66µm
net1176,20.64µm
plaintext_reg\[99\],20.63µm
_2261_,20.6µm
_1299_,20.58µm
_2616_,20.58µm
u_aes128_optimized.u_aes_core.temp_state_reg\[114\],20.52µm
u_aes128_optimized.u_aes_core.round_key_reg\[36\],20.5µm
_1296_,20.48µm
u_aes128_optimized.u_aes_core.round_key_reg\[100\],20.47µm
u_aes128_optimized.u_aes_core.temp_state_reg\[45\],20.46µm
_1746_,20.44µm
_2281_,20.36µm
_2447_,20.36µm
u_aes128_optimized.u_aes_core.temp_state_reg\[75\],20.36µm
_2149_,20.34µm
_1423_,20.32µm
_1566_,20.32µm
u_aes128_optimized.u_aes_core.rot_word_reg\[10\],20.32µm
u_aes128_optimized.u_aes_core.temp_state_reg\[54\],20.32µm
_2056_,20.295µm
_1438_,20.24µm
ciphertext_latched\[102\],20.24µm
ciphertext_latched\[61\],20.24µm
u_aes128_optimized.u_aes_core.temp_state_reg\[102\],20.22µm
net62,20.22µm
_2706_,20.18µm
net150,20.05µm
_2365_,20.02µm
_2787_,20.02µm
_1490_,19.96µm
net1476,19.9µm
_2631_,19.88µm
u_aes128_optimized.u_aes_core.temp_state_reg\[122\],19.86µm
u_aes128_optimized.u_aes_core.round_key_reg\[122\],19.79µm
_0029_,19.765µm
net1028,19.74µm
u_aes128_optimized.u_aes_core.round_key_reg\[121\],19.71µm
u_aes128_optimized.u_aes_core.temp_state_reg\[113\],19.705µm
_2767_,19.68µm
net924,19.68µm
net995,19.68µm
net1174,19.68µm
_1189_,19.66µm
_2126_,19.66µm
u_aes128_optimized.u_aes_core.rcon_reg\[3\],19.66µm
u_aes128_optimized.u_aes_core.temp_state_reg\[120\],19.66µm
_2779_,19.625µm
_2441_,19.62µm
net651,19.62µm
_1920_,19.54µm
net386,19.52µm
key_reg\[19\],19.5µm
ciphertext_latched\[112\],19.48µm
net1120,19.48µm
net1288,19.48µm
_1717_,19.47µm
u_aes128_optimized.u_aes_core.temp_state_reg\[27\],19.45µm
u_aes128_optimized.u_aes_core.sub_word_reg\[27\],19.44µm
net809,19.44µm
u_aes128_optimized.u_aes_core.round_key_reg\[44\],19.36µm
u_aes128_optimized.u_aes_core.temp_state_reg\[21\],19.345µm
ciphertext_latched\[35\],19.32µm
_2025_,19.3µm
_1170_,19.28µm
_1242_,19.27µm
net64,19.26µm
u_aes128_optimized.u_aes_core.round_key_reg\[80\],19.25µm
net1166,19.22µm
_1214_,19.2µm
_1266_,19.2µm
_1304_,19.2µm
net1,19.2µm
ciphertext_latched\[51\],19.18µm
ciphertext_latched\[70\],19.18µm
u_aes128_optimized.u_aes_core.temp_state_reg\[49\],19.18µm
plaintext_reg\[39\],19.16µm
_2752_,19.12µm
u_aes128_optimized.u_aes_core.temp_state_reg\[34\],19.09µm
_1553_,19.08µm
_2691_,19.08µm
_1824_,19.04µm
net994,19.02µm
net1110,19.02µm
u_aes128_optimized.u_aes_core.round_key_reg\[119\],19.01µm
_2329_,19µm
_1042_,18.98µm
_2573_,18.98µm
_1574_,18.96µm
u_aes128_optimized.u_aes_core.temp_state_reg\[60\],18.94µm
net975,18.94µm
_2759_,18.92µm
_2928_,18.92µm
net1048,18.88µm
_2871_,18.86µm
_2999_,18.86µm
_1295_,18.84µm
_2646_,18.8µm
_1005_,18.72µm
u_aes128_optimized.u_aes_core.temp_state_reg\[72\],18.72µm
plaintext_reg\[64\],18.71µm
u_aes128_optimized.u_aes_core.temp_state_reg\[91\],18.71µm
net844,18.71µm
_1434_,18.7µm
_2460_,18.68µm
_1233_,18.66µm
_1506_,18.66µm
_2404_,18.66µm
_2537_,18.66µm
net1061,18.64µm
_2157_,18.62µm
net795,18.61µm
plaintext_reg\[46\],18.56µm
net1346,18.54µm
_2295_,18.52µm
_1678_,18.5µm
_1719_,18.48µm
net1011,18.48µm
net1115,18.48µm
_1051_,18.46µm
_1430_,18.46µm
key_reg\[103\],18.46µm
net807,18.45µm
_1929_,18.44µm
_2075_,18.44µm
_2872_,18.44µm
key_reg\[22\],18.44µm
net862,18.44µm
net968,18.44µm
_2465_,18.4µm
u_aes128_optimized.u_aes_core.temp_state_reg\[100\],18.36µm
u_aes128_optimized.u_aes_core.temp_state_reg\[39\],18.36µm
net923,18.34µm
net722,18.33µm
_1276_,18.32µm
_1113_,18.3µm
net974,18.3µm
u_aes128_optimized.u_aes_core.rot_word_reg\[16\],18.295µm
plaintext_reg\[53\],18.28µm
_1305_,18.26µm
ciphertext_latched\[124\],18.26µm
net711,18.25µm
u_aes128_optimized.u_aes_core.round_key_reg\[97\],18.24µm
net904,18.18µm
_1614_,18.16µm
key_reg\[112\],18.16µm
_1073_,18.14µm
_1834_,18.14µm
aes_ciphertext\[32\],18.14µm
net644,18.11µm
net948,18.08µm
u_aes128_optimized.u_aes_core.temp_state_reg\[88\],18.055µm
_1426_,18.04µm
net921,18.02µm
net1045,18.02µm
net302,17.98µm
net747,17.96µm
_2415_,17.94µm
_3038_,17.94µm
net1132,17.92µm
net1058,17.9µm
_1200_,17.88µm
_2786_,17.88µm
u_aes128_optimized.u_aes_core.temp_state_reg\[106\],17.88µm
_1179_,17.86µm
u_aes128_optimized.u_aes_core.g_word\[7\],17.86µm
net294,17.86µm
u_aes128_optimized.u_aes_core.temp_state_reg\[23\],17.855µm
net800,17.84µm
plaintext_reg\[52\],17.83µm
net1137,17.82µm
net872,17.8µm
ciphertext_latched\[17\],17.78µm
key_index\[3\],17.74µm
u_aes128_optimized.u_aes_core.g_word\[19\],17.73µm
u_aes128_optimized.u_aes_core.temp_state_reg\[46\],17.72µm
_1435_,17.7µm
_2427_,17.7µm
_0356_,17.62µm
_2676_,17.6µm
_2657_,17.58µm
key_reg\[29\],17.58µm
plaintext_reg\[115\],17.58µm
u_aes128_optimized.u_aes_core.temp_state_reg\[107\],17.58µm
_2106_,17.56µm
net1014,17.54µm
key_reg\[70\],17.535µm
u_aes128_optimized.u_aes_core.round_key_reg\[91\],17.53µm
u_aes128_optimized.u_aes_core.sub_word_reg\[28\],17.52µm
net982,17.5µm
_2120_,17.48µm
plaintext_reg\[75\],17.48µm
_2751_,17.43µm
_1480_,17.42µm
plaintext_reg\[15\],17.38µm
net1113,17.38µm
_2643_,17.36µm
_2875_,17.36µm
u_aes128_optimized.u_aes_core.temp_state_reg\[70\],17.335µm
_1636_,17.32µm
u_aes128_optimized.u_aes_core.round_reg\[2\],17.32µm
u_aes128_optimized.u_aes_core.temp_state_reg\[69\],17.32µm
u_aes128_optimized.u_aes_core.temp_state_reg\[89\],17.29µm
net526,17.28µm
_2968_,17.275µm
_2760_,17.26µm
u_aes128_optimized.u_aes_core.round_key_reg\[94\],17.26µm
net1560,17.26µm
net1559,17.24µm
u_aes128_optimized.u_aes_core.temp_state_reg\[71\],17.215µm
_2703_,17.18µm
_1010_,17.16µm
u_aes128_optimized.u_aes_core.temp_state_reg\[18\],17.15µm
net979,17.14µm
_2519_,17.12µm
u_aes128_optimized.u_aes_core.temp_state_reg\[53\],17.12µm
_1206_,17.1µm
_1218_,17.1µm
key_reg\[39\],17.1µm
u_aes128_optimized.u_aes_core.rot_word_reg\[2\],17.1µm
_1162_,17.08µm
_1475_,17.08µm
net1022,17.08µm
_1281_,17.06µm
u_aes128_optimized.u_aes_core.temp_state_reg\[65\],17.06µm
ciphertext_latched\[15\],17.04µm
net714,17.04µm
net1042,17.04µm
u_aes128_optimized.u_aes_core.round_key_reg\[108\],17.03µm
_1248_,17.02µm
_2709_,17.02µm
net1501,17.02µm
ciphertext_latched\[86\],17µm
net814,16.99µm
_1515_,16.98µm
_1969_,16.98µm
key_reg\[60\],16.98µm
plaintext_reg\[51\],16.98µm
net1101,16.98µm
_2334_,16.94µm
_3009_,16.94µm
_1178_,16.92µm
_0984_,16.9µm
key_reg\[124\],16.9µm
aes_ciphertext\[123\],16.88µm
_2085_,16.875µm
_1874_,16.86µm
_2442_,16.84µm
_2569_,16.84µm
aes_ciphertext\[115\],16.84µm
_2257_,16.82µm
u_aes128_optimized.u_aes_core.sub_word_reg\[25\],16.82µm
u_aes128_optimized.u_aes_core.temp_state_reg\[11\],16.79µm
_1203_,16.78µm
net1084,16.78µm
net1090,16.78µm
_1322_,16.765µm
_2544_,16.74µm
_2874_,16.74µm
plaintext_reg\[56\],16.735µm
_1624_,16.66µm
ciphertext_latched\[18\],16.66µm
u_aes128_optimized.u_aes_core.temp_state_reg\[40\],16.66µm
net1329,16.66µm
_2780_,16.64µm
net1055,16.64µm
u_aes128_optimized.u_aes_core.round_key_reg\[107\],16.63µm
_2230_,16.6µm
_2927_,16.6µm
plaintext_reg\[70\],16.6µm
net1093,16.6µm
_1582_,16.58µm
u_aes128_optimized.u_aes_core.round_key_reg\[112\],16.57µm
_1056_,16.56µm
ciphertext_latched\[118\],16.56µm
u_aes128_optimized.u_aes_core.temp_state_reg\[126\],16.56µm
_1431_,16.54µm
net636,16.54µm
_2700_,16.52µm
_2727_,16.52µm
net1105,16.48µm
u_aes128_optimized.u_aes_core.temp_state_reg\[85\],16.44µm
net1239,16.42µm
aes_ciphertext\[120\],16.4µm
_1725_,16.395µm
net1050,16.38µm
_1076_,16.34µm
_1213_,16.34µm
plaintext_reg\[109\],16.32µm
net1040,16.32µm
_2086_,16.315µm
u_aes128_optimized.u_aes_core.temp_state_reg\[22\],16.31µm
u_aes128_optimized.u_aes_core.temp_state_reg\[12\],16.27µm
_2033_,16.26µm
u_aes128_optimized.u_aes_core.temp_state_reg\[73\],16.26µm
uio_in[1],16.25µm
net701,16.23µm
_2347_,16.22µm
_2480_,16.22µm
_1278_,16.18µm
net919,16.16µm
u_aes128_optimized.u_aes_core.temp_state_reg\[28\],16.145µm
u_aes128_optimized.u_aes_core.temp_state_reg\[32\],16.14µm
key_reg\[64\],16.135µm
_2652_,16.12µm
plaintext_reg\[16\],16.1µm
net1409,16.1µm
_1498_,16.095µm
plaintext_reg\[47\],16.08µm
net1187,16.08µm
net1440,16.08µm
key_reg\[25\],16.06µm
u_aes128_optimized.u_aes_core.temp_state_reg\[50\],16.06µm
u_aes128_optimized.u_aes_core.temp_state_reg\[10\],16.05µm
_2485_,16.02µm
ciphertext_latched\[121\],16.02µm
plaintext_reg\[96\],16.02µm
net1540,16.02µm
_1533_,16µm
net939,16µm
net1078,16µm
u_aes128_optimized.u_aes_core.temp_state_reg\[48\],15.98µm
_2246_,15.96µm
ciphertext_latched\[95\],15.96µm
u_aes128_optimized.u_aes_core.temp_state_reg\[26\],15.95µm
_1094_,15.94µm
_1334_,15.94µm
_1839_,15.94µm
net1393,15.94µm
aes_ciphertext\[46\],15.88µm
u_aes128_optimized.u_aes_core.temp_state_reg\[87\],15.88µm
_1291_,15.86µm
_1393_,15.86µm
_1410_,15.86µm
u_aes128_optimized.u_aes_core.temp_state_reg\[35\],15.86µm
u_aes128_optimized.u_aes_core.temp_state_reg\[2\],15.81µm
key_reg\[109\],15.8µm
net905,15.8µm
net906,15.8µm
_2247_,15.78µm
_2348_,15.78µm
_2839_,15.74µm
_2567_,15.72µm
_2237_,15.7µm
u_aes128_optimized.u_aes_core.round_key_reg\[32\],15.69µm
u_aes128_optimized.u_aes_core.temp_state_reg\[47\],15.68µm
net913,15.68µm
_2455_,15.66µm
plaintext_reg\[63\],15.66µm
_2206_,15.64µm
uio_in[3],15.63µm
net987,15.62µm
net999,15.62µm
_1283_,15.6µm
_1949_,15.6µm
aes_ciphertext\[70\],15.6µm
plaintext_reg\[83\],15.58µm
net268,15.58µm
u_aes128_optimized.u_aes_core.temp_state_reg\[7\],15.57µm
_2016_,15.56µm
_2065_,15.56µm
_2946_,15.56µm
u_aes128_optimized.u_aes_core.round_key_reg\[123\],15.56µm
u_aes128_optimized.u_aes_core.temp_state_reg\[42\],15.56µm
u_aes128_optimized.u_aes_core.temp_state_reg\[83\],15.56µm
net1020,15.54µm
_1764_,15.52µm
plaintext_reg\[41\],15.52µm
ciphertext_latched\[96\],15.5µm
u_aes128_optimized.u_aes_core.temp_state_reg\[111\],15.5µm
u_aes128_optimized.u_aes_core.temp_state_reg\[9\],15.495µm
u_aes128_optimized.u_aes_core.sub_word_reg\[29\],15.48µm
_1096_,15.46µm
net539,15.46µm
net1506,15.46µm
key_reg\[32\],15.44µm
_1290_,15.4µm
_1734_,15.4µm
_2629_,15.36µm
u_aes128_optimized.u_aes_core.temp_state_reg\[29\],15.35µm
net547,15.34µm
key_reg\[79\],15.335µm
u_aes128_optimized.u_aes_core.temp_state_reg\[55\],15.32µm
_2022_,15.3µm
key_reg\[55\],15.3µm
plaintext_reg\[32\],15.3µm
net1035,15.28µm
_1264_,15.26µm
_1594_,15.26µm
_1619_,15.26µm
ciphertext_latched\[85\],15.26µm
_2072_,15.24µm
u_aes128_optimized.u_aes_core.round_key_reg\[98\],15.23µm
net642,15.22µm
_1575_,15.2µm
net259,15.18µm
plaintext_reg\[95\],15.16µm
net1415,15.16µm
aes_ciphertext\[4\],15.14µm
u_aes128_optimized.u_aes_core.round_key_reg\[127\],15.11µm
_1235_,15.1µm
_1844_,15.1µm
plaintext_reg\[49\],15.1µm
u_aes128_optimized.u_aes_core.temp_state_reg\[58\],15.1µm
net989,15.1µm
key_reg\[114\],15.06µm
u_aes128_optimized.u_aes_core.round_key_reg\[57\],15.06µm
u_aes128_optimized.u_aes_core.temp_state_reg\[112\],15.06µm
aes_ciphertext\[62\],15.04µm
_2772_,15.03µm
_2798_,15.02µm
u_aes128_optimized.u_aes_core.g_word\[4\],15.02µm
_1202_,15µm
_2375_,14.985µm
_2476_,14.98µm
net1155,14.98µm
plaintext_reg\[54\],14.94µm
net1033,14.94µm
key_reg\[71\],14.925µm
_2781_,14.91µm
_0718_,14.9µm
_2966_,14.9µm
key_reg\[73\],14.89µm
net871,14.88µm
net957,14.88µm
_2765_,14.87µm
_2661_,14.86µm
plaintext_reg\[93\],14.86µm
_1570_,14.84µm
ciphertext_latched\[50\],14.84µm
_2753_,14.825µm
_1638_,14.82µm
_2858_,14.8µm
net1051,14.78µm
plaintext_reg\[30\],14.765µm
_1265_,14.76µm
_1350_,14.76µm
plaintext_reg\[40\],14.76µm
net963,14.76µm
net992,14.76µm
_0509_,14.745µm
_0884_,14.74µm
u_aes128_optimized.u_aes_core.round_key_reg\[124\],14.74µm
net880,14.74µm
_1807_,14.72µm
net1324,14.72µm
net1549,14.7µm
ciphertext_latched\[105\],14.68µm
ciphertext_latched\[53\],14.68µm
plaintext_reg\[69\],14.68µm
u_aes128_optimized.u_aes_core.temp_state_reg\[123\],14.68µm
key_reg\[63\],14.66µm
plaintext_reg\[121\],14.645µm
_2763_,14.64µm
_2971_,14.64µm
net1282,14.64µm
net1547,14.635µm
_1227_,14.62µm
_2625_,14.61µm
_2669_,14.6µm
aes_ciphertext\[42\],14.6µm
key_reg\[47\],14.6µm
u_aes128_optimized.u_aes_core.rot_word_reg\[17\],14.6µm
u_aes128_optimized.u_aes_core.temp_state_reg\[77\],14.6µm
net869,14.6µm
_2349_,14.58µm
net638,14.58µm
net925,14.58µm
net741,14.57µm
_1982_,14.56µm
_2635_,14.55µm
_1637_,14.54µm
aes_ciphertext\[126\],14.54µm
plaintext_reg\[124\],14.54µm
plaintext_reg\[8\],14.52µm
u_aes128_optimized.u_aes_core.rot_word_reg\[20\],14.505µm
_1640_,14.5µm
_2785_,14.5µm
net1004,14.5µm
u_aes128_optimized.u_aes_core.rot_word_reg\[12\],14.48µm
net1082,14.48µm
_1634_,14.46µm
key_reg\[23\],14.46µm
u_aes128_optimized.u_aes_core.sub_word_reg\[30\],14.46µm
_0597_,14.44µm
ciphertext_latched\[77\],14.44µm
_0520_,14.42µm
_2231_,14.42µm
_2330_,14.42µm
_2773_,14.42µm
net1220,14.42µm
ui_in[2],14.41µm
_1217_,14.4µm
_0153_,14.38µm
u_aes128_optimized.u_aes_core.round_reg\[1\],14.38µm
net1143,14.38µm
_2758_,14.37µm
u_aes128_optimized.u_aes_core.temp_state_reg\[31\],14.365µm
_2866_,14.36µm
plaintext_reg\[82\],14.36µm
key_reg\[105\],14.34µm
net1089,14.34µm
_1890_,14.32µm
u_aes128_optimized.u_aes_core.temp_state_reg\[101\],14.32µm
_1654_,14.3µm
_2723_,14.3µm
plaintext_reg\[23\],14.3µm
net1085,14.3µm
key_reg\[56\],14.28µm
net1031,14.28µm
net1257,14.28µm
net384,14.27µm
_2276_,14.255µm
_1375_,14.24µm
net896,14.24µm
net1499,14.24µm
_1977_,14.22µm
_2598_,14.22µm
net1008,14.22µm
_2114_,14.18µm
ciphertext_latched\[29\],14.16µm
net1209,14.16µm
net1188,14.14µm
ciphertext_latched\[106\],14.12µm
ciphertext_latched\[67\],14.12µm
u_aes128_optimized.u_aes_core.byte_count\[2\],14.12µm
_2031_,14.1µm
_2433_,14.1µm
_1910_,14.08µm
ciphertext_latched\[80\],14.08µm
u_aes128_optimized.u_aes_core.temp_state_reg\[52\],14.08µm
aes_ciphertext\[55\],14.06µm
plaintext_reg\[78\],14.06µm
key_reg\[95\],14.05µm
_2746_,14.045µm
plaintext_reg\[55\],14.04µm
net945,14.04µm
_3006_,14.02µm
net1037,14.02µm
_0119_,14µm
_1621_,14µm
_2043_,14µm
net254,13.98µm
key_reg\[67\],13.97µm
u_aes128_optimized.u_aes_core.temp_state_reg\[5\],13.97µm
_1250_,13.96µm
_2429_,13.96µm
key_reg\[27\],13.96µm
u_aes128_optimized.u_aes_core.rot_word_reg\[18\],13.96µm
u_aes128_optimized.u_aes_core.temp_state_reg\[108\],13.96µm
net1554,13.96µm
_1173_,13.92µm
_2766_,13.92µm
_2796_,13.92µm
_2129_,13.88µm
_2403_,13.88µm
plaintext_reg\[110\],13.88µm
_1527_,13.86µm
net894,13.86µm
_2699_,13.84µm
plaintext_reg\[80\],13.84µm
_2647_,13.82µm
net973,13.82µm
_2722_,13.8µm
ciphertext_latched\[5\],13.8µm
u_aes128_optimized.u_aes_core.temp_state_reg\[78\],13.8µm
u_aes128_optimized.u_aes_core.temp_state_reg\[96\],13.8µm
net985,13.78µm
_1673_,13.77µm
key_reg\[87\],13.77µm
_2745_,13.76µm
net511,13.76µm
net1414,13.74µm
_1394_,13.72µm
aes_ciphertext\[96\],13.72µm
key_reg\[58\],13.72µm
ciphertext_latched\[28\],13.705µm
net1139,13.7µm
u_aes128_optimized.u_aes_core.temp_state_reg\[118\],13.68µm
u_aes128_optimized.u_aes_core.temp_state_reg\[93\],13.68µm
net1541,13.68µm
_0578_,13.665µm
net983,13.66µm
_2627_,13.64µm
key_reg\[38\],13.64µm
u_aes128_optimized.u_aes_core.g_word\[20\],13.64µm
u_aes128_optimized.u_aes_core.rot_word_reg\[0\],13.64µm
_1015_,13.62µm
_2705_,13.62µm
key_reg\[123\],13.62µm
key_reg\[86\],13.605µm
_2044_,13.58µm
ciphertext_latched\[0\],13.58µm
u_aes128_optimized.u_aes_core.round_key_reg\[87\],13.56µm
_0978_,13.54µm
_1923_,13.53µm
net699,13.53µm
_1100_,13.52µm
_2105_,13.5µm
_2214_,13.5µm
u_aes128_optimized.u_aes_core.round_key_reg\[118\],13.5µm
_1835_,13.48µm
_2174_,13.48µm
_2497_,13.48µm
u_aes128_optimized.u_aes_core.temp_state_reg\[41\],13.48µm
u_aes128_optimized.u_aes_core.round_key_reg\[68\],13.46µm
u_aes128_optimized.u_aes_core.temp_state_reg\[62\],13.46µm
u_aes128_optimized.u_aes_core.temp_state_reg\[98\],13.46µm
net1146,13.46µm
_1040_,13.44µm
_2251_,13.44µm
_1864_,13.42µm
_2513_,13.42µm
_2822_,13.42µm
ciphertext_latched\[48\],13.42µm
net1502,13.42µm
net1286,13.4µm
plaintext_reg\[118\],13.38µm
net1462,13.38µm
_2215_,13.375µm
key_reg\[31\],13.34µm
u_aes128_optimized.u_aes_core.temp_state_reg\[121\],13.34µm
net1148,13.34µm
_2917_,13.32µm
ciphertext_latched\[116\],13.32µm
u_aes128_optimized.u_aes_core.temp_state_reg\[104\],13.32µm
net1036,13.32µm
_2466_,13.3µm
_2782_,13.3µm
net1477,13.3µm
u_aes128_optimized.u_aes_core.temp_state_reg\[6\],13.295µm
_2011_,13.28µm
net1383,13.28µm
_2663_,13.26µm
ciphertext_latched\[87\],13.26µm
key_reg\[34\],13.26µm
u_aes128_optimized.u_aes_core.temp_state_reg\[116\],13.26µm
net1507,13.26µm
key_reg\[84\],13.25µm
_0204_,13.24µm
ciphertext_latched\[75\],13.24µm
key_reg\[96\],13.22µm
key_reg\[81\],13.215µm
_1633_,13.2µm
net1181,13.2µm
net371,13.18µm
ciphertext_latched\[84\],13.16µm
plaintext_reg\[79\],13.16µm
net1361,13.16µm
net1557,13.16µm
_1167_,13.14µm
net1274,13.14µm
u_aes128_optimized.u_aes_core.temp_state_reg\[17\],13.13µm
aes_ciphertext\[8\],13.12µm
net753,13.11µm
_1428_,13.1µm
_1888_,13.1µm
_3005_,13.1µm
u_aes128_optimized.u_aes_core.round_key_reg\[120\],13.1µm
u_aes128_optimized.u_aes_core.temp_state_reg\[1\],13.09µm
_0243_,13.08µm
_2262_,13.08µm
key_reg\[93\],13.05µm
net870,13.045µm
_0420_,13.04µm
u_aes128_optimized.u_aes_core.temp_state_reg\[84\],13.04µm
ui_in[5],13.03µm
_0528_,13.02µm
_1267_,13.02µm
_2112_,13.02µm
_2694_,13µm
net1241,13µm
ciphertext_latched\[119\],12.98µm
u_aes128_optimized.u_aes_core.round_key_reg\[113\],12.97µm
_0502_,12.96µm
_1064_,12.96µm
_1415_,12.96µm
_1765_,12.96µm
_2165_,12.96µm
_2679_,12.96µm
_2836_,12.96µm
plaintext_reg\[76\],12.96µm
net965,12.96µm
net1016,12.94µm
net763,12.93µm
_1209_,12.92µm
_2047_,12.92µm
_2655_,12.92µm
_2865_,12.92µm
_2881_,12.92µm
ciphertext_latched\[72\],12.92µm
net53,12.92µm
net1337,12.92µm
net937,12.9µm
net990,12.9µm
key_reg\[80\],12.895µm
_2315_,12.88µm
_0562_,12.865µm
_1161_,12.86µm
_2285_,12.84µm
plaintext_reg\[87\],12.84µm
_2894_,12.82µm
ciphertext_latched\[74\],12.82µm
net756,12.81µm
_2748_,12.78µm
ciphertext_latched\[38\],12.78µm
_1077_,12.76µm
ciphertext_latched\[32\],12.76µm
net1357,12.74µm
_0319_,12.725µm
_1813_,12.72µm
_1842_,12.715µm
_0677_,12.7µm
_0877_,12.7µm
_1232_,12.7µm
_1744_,12.7µm
net1072,12.7µm
_1399_,12.68µm
u_aes128_optimized.u_aes_core.temp_state_reg\[94\],12.68µm
_0428_,12.66µm
_0600_,12.66µm
_2283_,12.66µm
_2398_,12.66µm
plaintext_reg\[20\],12.66µm
_2473_,12.64µm
_2525_,12.64µm
aes_ciphertext\[103\],12.64µm
net1056,12.64µm
_1766_,12.63µm
_1190_,12.62µm
_1919_,12.62µm
_2179_,12.62µm
plaintext_reg\[111\],12.62µm
_1277_,12.6µm
ciphertext_latched\[11\],12.6µm
net1068,12.6µm
u_aes128_optimized.u_aes_core.temp_state_reg\[16\],12.59µm
plaintext_reg\[116\],12.58µm
net1532,12.58µm
u_aes128_optimized.u_aes_core.temp_state_reg\[24\],12.575µm
_0466_,12.56µm
_1454_,12.56µm
_1928_,12.56µm
_1313_,12.54µm
_1849_,12.54µm
_2677_,12.54µm
_2886_,12.54µm
key_reg\[20\],12.54µm
u_aes128_optimized.u_aes_core.temp_state_reg\[103\],12.54µm
u_aes128_optimized.u_aes_core.temp_state_reg\[115\],12.54µm
net911,12.54µm
net1006,12.54µm
_1099_,12.535µm
_0703_,12.52µm
_1342_,12.52µm
plaintext_reg\[38\],12.52µm
net1299,12.52µm
ciphertext_latched\[31\],12.515µm
u_aes128_optimized.u_aes_core.rot_word_reg\[23\],12.51µm
_1497_,12.5µm
_2046_,12.5µm
net1114,12.5µm
_1360_,12.48µm
ciphertext_latched\[24\],12.48µm
net1161,12.46µm
plaintext_reg\[112\],12.42µm
u_aes128_optimized.u_aes_core.temp_state_reg\[61\],12.42µm
u_aes128_optimized.u_aes_core.temp_state_reg\[97\],12.42µm
net934,12.42µm
_1033_,12.4µm
plaintext_reg\[19\],12.4µm
net1131,12.4µm
net1474,12.4µm
_1521_,12.38µm
_2152_,12.38µm
_2608_,12.38µm
_2639_,12.38µm
_2824_,12.38µm
u_aes128_optimized.u_aes_core.temp_state_reg\[110\],12.38µm
key_reg\[78\],12.375µm
key_reg\[77\],12.37µm
_1201_,12.36µm
ciphertext_latched\[115\],12.36µm
_1058_,12.34µm
net915,12.34µm
_2528_,12.33µm
_2634_,12.32µm
net1469,12.3µm
_1995_,12.28µm
net1228,12.28µm
net673,12.27µm
_1937_,12.26µm
_2289_,12.26µm
_2327_,12.26µm
_2336_,12.26µm
net1010,12.26µm
_0022_,12.24µm
_1400_,12.24µm
_2107_,12.24µm
_2551_,12.24µm
_2910_,12.24µm
aes_ciphertext\[9\],12.24µm
u_aes128_optimized.u_aes_core.temp_state_reg\[86\],12.24µm
_1340_,12.22µm
_1563_,12.22µm
ciphertext_latched\[7\],12.22µm
_0558_,12.2µm
_2216_,12.2µm
ciphertext_latched\[22\],12.2µm
_1760_,12.18µm
_2581_,12.18µm
_2649_,12.18µm
net798,12.17µm
_2172_,12.16µm
_2740_,12.16µm
_0555_,12.14µm
_0999_,12.14µm
u_aes128_optimized.u_aes_core.rcon_reg\[6\],12.14µm
u_aes128_optimized.u_aes_core.temp_state_reg\[15\],12.13µm
_1753_,12.12µm
ciphertext_latched\[12\],12.12µm
net984,12.12µm
u_aes128_optimized.u_aes_core.temp_state_reg\[8\],12.115µm
_1234_,12.09µm
key_reg\[121\],12.08µm
key_reg\[30\],12.08µm
key_reg\[40\],12.08µm
_2572_,12.06µm
_2637_,12.06µm
_0162_,12.04µm
net1569,12.04µm
_1405_,12.035µm
key_reg\[72\],12.03µm
_2568_,12.02µm
u_aes128_optimized.u_aes_core.temp_state_reg\[109\],12.02µm
net1019,12.02µm
net1366,12.02µm
_0971_,12µm
_1176_,12µm
key_reg\[18\],12µm
u_aes128_optimized.u_aes_core.temp_state_reg\[76\],12µm
net1171,12µm
_0550_,11.98µm
_2487_,11.96µm
_3000_,11.96µm
plaintext_reg\[35\],11.96µm
net1177,11.96µm
u_aes128_optimized.u_aes_core.temp_state_reg\[4\],11.95µm
_2421_,11.92µm
_2695_,11.92µm
_2804_,11.92µm
u_aes128_optimized.u_aes_core.sub_word_reg\[31\],11.92µm
net1259,11.92µm
_2945_,11.9µm
net951,11.9µm
key_reg\[48\],11.88µm
key_reg\[53\],11.88µm
_1668_,11.86µm
_1938_,11.86µm
_1627_,11.84µm
_2776_,11.84µm
_2860_,11.84µm
key_reg\[127\],11.84µm
net931,11.84µm
net1021,11.84µm
_0406_,11.82µm
_0448_,11.82µm
net966,11.82µm
_2808_,11.8µm
_0973_,11.78µm
_2210_,11.78µm
_2514_,11.78µm
ciphertext_latched\[19\],11.78µm
ciphertext_latched\[55\],11.78µm
u_aes128_optimized.u_aes_core.temp_state_reg\[36\],11.78µm
net1380,11.78µm
_0827_,11.76µm
_2797_,11.76µm
ciphertext_latched\[6\],11.76µm
net1153,11.76µm
_0564_,11.74µm
_1664_,11.74µm
_1706_,11.74µm
u_aes128_optimized.u_aes_core.round_key_reg\[111\],11.74µm
_1827_,11.705µm
_0723_,11.7µm
u_aes128_optimized.u_aes_core.rot_word_reg\[8\],11.7µm
u_aes128_optimized.u_aes_core.temp_state_reg\[124\],11.7µm
net1285,11.7µm
ciphertext_latched\[2\],11.68µm
_1543_,11.67µm
_1822_,11.665µm
_1704_,11.66µm
ciphertext_latched\[9\],11.66µm
plaintext_reg\[43\],11.66µm
net1054,11.66µm
_1785_,11.655µm
_2475_,11.65µm
_2873_,11.64µm
key_reg\[61\],11.64µm
_1018_,11.62µm
_1655_,11.62µm
_1860_,11.62µm
_2575_,11.62µm
key_reg\[0\],11.62µm
u_aes128_optimized.u_aes_core.g_word\[2\],11.59µm
_2143_,11.58µm
_2557_,11.58µm
net863,11.58µm
net1203,11.58µm
_1014_,11.56µm
net874,11.56µm
net1098,11.56µm
net900,11.54µm
net1060,11.54µm
net1162,11.54µm
net1222,11.54µm
net1236,11.54µm
net1478,11.54µm
_2522_,11.525µm
_1569_,11.52µm
ciphertext_latched\[52\],11.52µm
net1244,11.52µm
net942,11.5µm
net1265,11.5µm
_2901_,11.48µm
u_aes128_optimized.u_aes_core.rot_word_reg\[15\],11.48µm
_2376_,11.46µm
plaintext_reg\[126\],11.46µm
net1172,11.44µm
plaintext_reg\[3\],11.42µm
net952,11.42µm
net1150,11.42µm
net1323,11.42µm
u_aes128_optimized.u_aes_core.temp_state_reg\[19\],11.415µm
_2316_,11.4µm
ciphertext_latched\[26\],11.4µm
ciphertext_latched\[39\],11.4µm
ciphertext_latched\[98\],11.4µm
_2501_,11.38µm
_2675_,11.38µm
key_reg\[107\],11.38µm
key_reg\[120\],11.38µm
_1790_,11.36µm
key_reg\[101\],11.36µm
net842,11.36µm
net997,11.36µm
net1127,11.36µm
net1548,11.36µm
_2159_,11.355µm
_1087_,11.34µm
_1792_,11.34µm
aes_ciphertext\[57\],11.32µm
_0296_,11.3µm
_2687_,11.3µm
_2811_,11.3µm
u_aes128_optimized.u_aes_core.temp_state_reg\[81\],11.3µm
plaintext_reg\[81\],11.28µm
_1071_,11.26µm
_1962_,11.26µm
_2243_,11.26µm
_3007_,11.26µm
_1409_,11.24µm
_2385_,11.24µm
net1515,11.24µm
_0444_,11.225µm
_0808_,11.22µm
net889,11.22µm
net1049,11.22µm
_1965_,11.2µm
_2263_,11.2µm
_2830_,11.2µm
plaintext_reg\[67\],11.2µm
u_aes128_optimized.u_aes_core.state\[7\],11.2µm
u_aes128_optimized.u_aes_core.temp_state_reg\[33\],11.2µm
net1103,11.2µm
_1882_,11.195µm
_1084_,11.18µm
_0013_,11.16µm
_3004_,11.16µm
ciphertext_latched\[16\],11.16µm
_2004_,11.14µm
plaintext_reg\[61\],11.14µm
net292,11.14µm
net1302,11.14µm
u_aes128_optimized.u_aes_core.temp_state_reg\[20\],11.13µm
_1552_,11.12µm
net184,11.12µm
net920,11.12µm
ciphertext_latched\[41\],11.1µm
net1196,11.1µm
net1293,11.1µm
net1430,11.1µm
net1539,11.1µm
_1953_,11.08µm
_2090_,11.08µm
net890,11.08µm
net1159,11.08µm
net1325,11.08µm
_0539_,11.06µm
net1063,11.06µm
_2651_,11.04µm
_2665_,11.04µm
u_aes128_optimized.u_aes_core.rot_word_reg\[4\],11.04µm
u_aes128_optimized.u_aes_core.temp_state_reg\[95\],11.04µm
_0215_,11.02µm
net909,11.02µm
plaintext_reg\[58\],11.005µm
_1993_,11µm
plaintext_reg\[100\],11µm
net1376,11µm
_0337_,10.98µm
_1396_,10.96µm
_1716_,10.96µm
_2939_,10.96µm
key_reg\[122\],10.96µm
_0198_,10.94µm
_2595_,10.94µm
ciphertext_latched\[30\],10.94µm
_0602_,10.92µm
_1561_,10.92µm
ciphertext_latched\[42\],10.92µm
_0445_,10.9µm
_1546_,10.9µm
_2891_,10.9µm
aes_ciphertext\[91\],10.9µm
_2104_,10.88µm
_2235_,10.88µm
_2622_,10.88µm
key_reg\[69\],10.87µm
u_aes128_optimized.u_aes_core.temp_state_reg\[25\],10.87µm
_1702_,10.86µm
key_reg\[108\],10.86µm
net1277,10.86µm
_0586_,10.84µm
_0593_,10.84µm
_0687_,10.84µm
_2947_,10.84µm
u_aes128_optimized.u_aes_core.temp_state_reg\[63\],10.84µm
_0145_,10.82µm
_0871_,10.82µm
_0914_,10.82µm
key_reg\[117\],10.82µm
key_reg\[4\],10.82µm
_1339_,10.8µm
_2588_,10.8µm
_2823_,10.8µm
net1572,10.8µm
_0000_,10.78µm
_0911_,10.78µm
_0917_,10.78µm
_1646_,10.78µm
aes_ciphertext\[83\],10.78µm
ciphertext_latched\[107\],10.78µm
net970,10.78µm
net980,10.78µm
net1264,10.78µm
_2153_,10.77µm
key_reg\[6\],10.77µm
net595,10.75µm
net743,10.75µm
_1271_,10.74µm
_1783_,10.74µm
_2023_,10.74µm
_2842_,10.74µm
aes_ciphertext\[80\],10.74µm
net949,10.74µm
net1013,10.74µm
_1688_,10.72µm
_2845_,10.72µm
_1141_,10.7µm
_2171_,10.7µm
_2277_,10.7µm
_2430_,10.7µm
plaintext_reg\[0\],10.7µm
plaintext_reg\[71\],10.7µm
net282,10.7µm
_2815_,10.69µm
net1185,10.68µm
_0422_,10.66µm
_1752_,10.66µm
_2392_,10.66µm
net1494,10.66µm
_1134_,10.64µm
net1123,10.64µm
net1194,10.64µm
net1306,10.64µm
net1340,10.64µm
net1534,10.64µm
key_reg\[65\],10.625µm
plaintext_reg\[94\],10.625µm
_2828_,10.62µm
_2844_,10.62µm
ciphertext_latched\[114\],10.62µm
net649,10.62µm
net892,10.62µm
u_aes128_optimized.u_aes_core.temp_state_reg\[30\],10.61µm
ciphertext_latched\[49\],10.6µm
plaintext_reg\[28\],10.585µm
_2645_,10.58µm
key_reg\[49\],10.58µm
u_aes128_optimized.u_aes_core.temp_state_reg\[56\],10.58µm
net1283,10.58µm
net1287,10.58µm
net878,10.56µm
net1149,10.56µm
aes_ciphertext\[12\],10.54µm
key_reg\[42\],10.54µm
net1485,10.54µm
_0730_,10.52µm
ciphertext_latched\[66\],10.52µm
_0418_,10.5µm
_1542_,10.5µm
ciphertext_latched\[13\],10.5µm
plaintext_reg\[42\],10.5µm
key_reg\[75\],10.495µm
_1896_,10.47µm
key_reg\[83\],10.465µm
_2147_,10.46µm
_2298_,10.46µm
net960,10.46µm
_2354_,10.45µm
_0904_,10.44µm
_2096_,10.44µm
_2188_,10.44µm
net48,10.44µm
net879,10.44µm
net1368,10.44µm
_0637_,10.42µm
net1419,10.42µm
key_reg\[68\],10.405µm
_0552_,10.4µm
_1853_,10.4µm
key_reg\[44\],10.4µm
_1486_,10.38µm
_1883_,10.38µm
_2410_,10.38µm
_2508_,10.38µm
_0931_,10.36µm
_1029_,10.36µm
_2490_,10.36µm
plaintext_reg\[45\],10.36µm
_2187_,10.355µm
_1723_,10.34µm
_1793_,10.34µm
net1350,10.34µm
_1082_,10.32µm
net1039,10.32µm
net1134,10.32µm
net1484,10.32µm
net1551,10.32µm
_0317_,10.3µm
_0358_,10.28µm
_0413_,10.28µm
_0866_,10.28µm
_1150_,10.28µm
_2079_,10.28µm
_2650_,10.28µm
_2697_,10.28µm
_2794_,10.28µm
_2848_,10.28µm
plaintext_reg\[48\],10.28µm
net926,10.28µm
net927,10.28µm
net1295,10.28µm
net1309,10.28µm
net1349,10.28µm
u_aes128_optimized.u_aes_core.g_word\[17\],10.27µm
_2335_,10.26µm
aes_ciphertext\[17\],10.24µm
key_reg\[36\],10.24µm
net1505,10.24µm
net1353,10.22µm
net1479,10.22µm
_2468_,10.21µm
_2783_,10.2µm
key_reg\[24\],10.2µm
_2297_,10.185µm
_1034_,10.18µm
_2425_,10.18µm
net955,10.18µm
net1190,10.18µm
net1268,10.18µm
_0754_,10.16µm
_1576_,10.16µm
key_reg\[26\],10.16µm
_0708_,10.14µm
_2933_,10.14µm
ciphertext_latched\[45\],10.14µm
ciphertext_latched\[83\],10.14µm
net866,10.12µm
net888,10.12µm
net959,10.12µm
net1208,10.12µm
u_aes128_optimized.u_aes_core.temp_state_reg\[13\],10.11µm
_2155_,10.1µm
_2915_,10.1µm
net1442,10.1µm
_2855_,10.08µm
net958,10.08µm
_0452_,10.06µm
_1316_,10.06µm
_2463_,10.06µm
ciphertext_latched\[100\],10.06µm
net1352,10.06µm
plaintext_loaded,10.04µm
_2005_,10µm
_2296_,10µm
_2548_,10µm
_2803_,10µm
net1095,10µm
net1109,10µm
net695,9.99µm
_0567_,9.98µm
_0916_,9.98µm
_1153_,9.98µm
net1561,9.98µm
ciphertext_latched\[36\],9.96µm
_0221_,9.94µm
_1808_,9.94µm
_1870_,9.94µm
_1889_,9.94µm
_2200_,9.94µm
aes_ciphertext\[54\],9.94µm
key_reg\[104\],9.94µm
u_aes128_optimized.u_aes_core.temp_state_reg\[0\],9.94µm
_1555_,9.92µm
_2333_,9.91µm
key_reg\[74\],9.905µm
_0005_,9.9µm
_0455_,9.9µm
_0671_,9.9µm
_2207_,9.9µm
_1825_,9.88µm
net1321,9.88µm
_0441_,9.86µm
_0665_,9.86µm
_0936_,9.86µm
_1773_,9.86µm
_2313_,9.86µm
_2417_,9.86µm
_2563_,9.86µm
_2583_,9.86µm
_2711_,9.86µm
_2747_,9.86µm
ciphertext_latched\[46\],9.86µm
ciphertext_latched\[93\],9.86µm
net1297,9.86µm
net1443,9.86µm
u_aes128_optimized.u_aes_core.temp_state_reg\[57\],9.84µm
_0014_,9.82µm
_1820_,9.82µm
_2030_,9.82µm
ciphertext_latched\[104\],9.82µm
key_reg\[9\],9.82µm
net176,9.82µm
net884,9.82µm
net1080,9.82µm
net1468,9.82µm
_2449_,9.815µm
_0939_,9.8µm
_1747_,9.8µm
_2428_,9.8µm
ciphertext_latched\[69\],9.8µm
_0980_,9.78µm
_1184_,9.78µm
_1525_,9.78µm
_1855_,9.78µm
_2138_,9.78µm
_2139_,9.78µm
key_reg\[106\],9.78µm
u_aes128_optimized.u_aes_core.temp_state_reg\[43\],9.78µm
u_aes128_optimized.u_aes_core.temp_state_reg\[99\],9.78µm
_0292_,9.765µm
_0276_,9.76µm
_2638_,9.76µm
_2789_,9.76µm
net916,9.76µm
u_aes128_optimized.u_aes_core.temp_state_reg\[51\],9.75µm
_1980_,9.74µm
_2182_,9.74µm
_2880_,9.74µm
net1269,9.74µm
_1922_,9.73µm
ui_in[4],9.73µm
net1461,9.72µm
_2241_,9.7µm
net1332,9.7µm
uio_out[7],9.67µm
_2698_,9.66µm
_2878_,9.66µm
net887,9.66µm
net1519,9.66µm
net1543,9.66µm
_1324_,9.645µm
net1135,9.64µm
net1280,9.64µm
net1453,9.64µm
net1545,9.62µm
_0442_,9.6µm
_0756_,9.6µm
_1510_,9.6µm
net976,9.6µm
_0468_,9.58µm
_1689_,9.58µm
net1106,9.58µm
plaintext_reg\[57\],9.555µm
_0474_,9.54µm
_0987_,9.54µm
_2641_,9.54µm
_2792_,9.54µm
aes_ciphertext\[66\],9.54µm
key_reg\[11\],9.54µm
plaintext_reg\[102\],9.54µm
net1344,9.54µm
_0870_,9.52µm
aes_ciphertext\[118\],9.52µm
aes_ciphertext\[6\],9.52µm
aes_ciphertext\[72\],9.52µm
key_reg\[28\],9.52µm
net902,9.52µm
net1266,9.52µm
_2203_,9.505µm
_2164_,9.5µm
ciphertext_latched\[3\],9.5µm
net933,9.5µm
_0928_,9.48µm
_1282_,9.48µm
_2809_,9.48µm
key_reg\[13\],9.48µm
net947,9.48µm
net1023,9.48µm
net1291,9.48µm
_1463_,9.47µm
_2426_,9.47µm
u_aes128_optimized.u_aes_core.g_word\[12\],9.47µm
output_index\[0\],9.46µm
plaintext_reg\[84\],9.46µm
_0348_,9.44µm
_0864_,9.44µm
_0909_,9.44µm
_1545_,9.44µm
_1643_,9.44µm
_2626_,9.44µm
aes_ciphertext\[63\],9.44µm
key_reg\[10\],9.44µm
key_reg\[8\],9.44µm
plaintext_reg\[113\],9.44µm
plaintext_reg\[22\],9.44µm
plaintext_reg\[108\],9.425µm
_0357_,9.42µm
_0490_,9.42µm
_0575_,9.42µm
_1758_,9.42µm
_2768_,9.42µm
_0707_,9.4µm
_1174_,9.4µm
_1781_,9.4µm
_2305_,9.4µm
_2721_,9.4µm
plaintext_reg\[104\],9.4µm
plaintext_reg\[18\],9.4µm
u_aes128_optimized.u_aes_core.g_word\[5\],9.4µm
u_aes128_optimized.u_aes_core.rot_word_reg\[26\],9.4µm
net272,9.4µm
net1207,9.4µm
net1355,9.4µm
_2438_,9.395µm
plaintext_reg\[6\],9.38µm
net768,9.38µm
_0566_,9.365µm
_0143_,9.36µm
_1268_,9.36µm
_1459_,9.36µm
_1956_,9.36µm
_2523_,9.36µm
aes_ciphertext\[95\],9.36µm
ciphertext_latched\[4\],9.36µm
net1002,9.36µm
_2064_,9.34µm
_2290_,9.34µm
_0141_,9.325µm
_0193_,9.32µm
_1120_,9.32µm
_1971_,9.32µm
_1978_,9.32µm
_2127_,9.32µm
_2260_,9.32µm
_2303_,9.32µm
_0122_,9.3µm
net1224,9.3µm
_0307_,9.28µm
net57,9.28µm
net922,9.28µm
_1036_,9.26µm
_1683_,9.26µm
net876,9.26µm
net1260,9.26µm
net1396,9.26µm
_2630_,9.25µm
_0627_,9.24µm
_2682_,9.24µm
_2843_,9.24µm
net991,9.24µm
_0074_,9.22µm
_0553_,9.22µm
_2076_,9.22µm
_2587_,9.22µm
_2716_,9.22µm
net821,9.22µm
_2160_,9.215µm
uo_out[3],9.21µm
_0318_,9.205µm
_0237_,9.2µm
_0424_,9.2µm
_1075_,9.2µm
_2325_,9.2µm
net1154,9.2µm
net1201,9.2µm
net1235,9.2µm
net1253,9.2µm
net1377,9.2µm
_2817_,9.19µm
_0037_,9.185µm
net940,9.18µm
_0431_,9.16µm
plaintext_reg\[107\],9.16µm
_0613_,9.14µm
net1267,9.14µm
_1365_,9.13µm
_0469_,9.12µm
_1947_,9.12µm
_2314_,9.12µm
_2357_,9.115µm
_0101_,9.1µm
_0846_,9.1µm
_0868_,9.1µm
_0018_,9.08µm
_0251_,9.08µm
_0369_,9.08µm
_0385_,9.08µm
_0458_,9.08µm
_0845_,9.08µm
net1556,9.08µm
net691,9.07µm
_0203_,9.06µm
_0440_,9.06µm
_0731_,9.06µm
_1185_,9.06µm
_2924_,9.06µm
ciphertext_latched\[122\],9.06µm
net943,9.06µm
net1179,9.06µm
net1215,9.06µm
net1030,9.04µm
net1436,9.04µm
_0953_,9.02µm
_1606_,9.02µm
_2213_,9.02µm
aes_ciphertext\[125\],9.02µm
ciphertext_latched\[1\],9.02µm
net964,9.02µm
_0890_,9µm
_1641_,9µm
_2360_,8.995µm
_2411_,8.995µm
_0127_,8.98µm
_0343_,8.98µm
_0397_,8.98µm
_0886_,8.98µm
_1801_,8.98µm
_2911_,8.98µm
plaintext_reg\[86\],8.98µm
net1416,8.98µm
u_aes128_optimized.u_aes_core.g_word\[14\],8.97µm
_0944_,8.96µm
_1386_,8.96µm
_1998_,8.96µm
_2869_,8.96µm
net932,8.96µm
_1872_,8.955µm
_0863_,8.94µm
_1666_,8.94µm
_1697_,8.94µm
_1729_,8.94µm
_2451_,8.94µm
_2498_,8.94µm
_2499_,8.94µm
_2582_,8.94µm
_2653_,8.94µm
_0306_,8.92µm
net1000,8.92µm
_0312_,8.905µm
_2510_,8.905µm
_0450_,8.9µm
_1613_,8.9µm
_2517_,8.9µm
_2853_,8.9µm
ciphertext_latched\[44\],8.9µm
key_reg\[33\],8.9µm
plaintext_reg\[36\],8.9µm
net1221,8.9µm
key_reg\[89\],8.895µm
u_aes128_optimized.u_aes_core.temp_state_reg\[119\],8.89µm
_0839_,8.88µm
_0611_,8.86µm
_2102_,8.86µm
_2374_,8.86µm
u_aes128_optimized.u_aes_core.temp_state_reg\[44\],8.84µm
net1292,8.84µm
_0177_,8.82µm
_0639_,8.82µm
_2826_,8.82µm
_2912_,8.82µm
ciphertext_latched\[21\],8.82µm
plaintext_reg\[12\],8.82µm
net1129,8.82µm
net1370,8.82µm
ciphertext_latched\[120\],8.8µm
net875,8.8µm
key_loaded,8.795µm
_1952_,8.78µm
_2838_,8.78µm
_2926_,8.78µm
_2937_,8.78µm
net1133,8.78µm
net1169,8.78µm
net824,8.76µm
_0338_,8.74µm
_1630_,8.74µm
_2678_,8.74µm
_2807_,8.74µm
plaintext_reg\[105\],8.74µm
net893,8.74µm
net1225,8.74µm
net1313,8.74µm
net1372,8.74µm
net1429,8.74µm
net1467,8.74µm
net1261,8.72µm
plaintext_reg\[31\],8.705µm
_0404_,8.7µm
_0581_,8.7µm
_1667_,8.7µm
_1784_,8.7µm
_2087_,8.7µm
plaintext_reg\[91\],8.7µm
net1237,8.7µm
_0505_,8.68µm
_1524_,8.66µm
ciphertext_latched\[79\],8.655µm
_0693_,8.64µm
_2674_,8.64µm
_0478_,8.625µm
_0085_,8.62µm
_0090_,8.62µm
_0964_,8.62µm
net1426,8.62µm
net1459,8.62µm
_0893_,8.6µm
_1873_,8.6µm
_2448_,8.6µm
aes_ciphertext\[0\],8.6µm
net1356,8.6µm
net1546,8.6µm
_0423_,8.585µm
_0813_,8.58µm
ciphertext_latched\[103\],8.58µm
plaintext_reg\[50\],8.58µm
net885,8.58µm
net941,8.58µm
_0004_,8.56µm
_1460_,8.56µm
_2134_,8.56µm
_2405_,8.56µm
_2556_,8.56µm
aes_ciphertext\[98\],8.56µm
key_reg\[15\],8.56µm
key_reg\[66\],8.555µm
u_aes128_optimized.u_aes_core.temp_state_reg\[80\],8.54µm
_0885_,8.52µm
_0923_,8.52µm
_1138_,8.52µm
_1520_,8.52µm
_1858_,8.52µm
aes_ciphertext\[122\],8.52µm
aes_ciphertext\[7\],8.52µm
key_reg\[99\],8.52µm
_2095_,8.5µm
_2790_,8.5µm
_2827_,8.5µm
_0105_,8.48µm
ciphertext_latched\[108\],8.48µm
net1360,8.48µm
plaintext_reg\[65\],8.46µm
_1857_,8.445µm
_2419_,8.445µm
_1172_,8.44µm
_1429_,8.44µm
_1828_,8.44µm
_2058_,8.44µm
_2310_,8.44µm
_2526_,8.44µm
_2605_,8.44µm
key_reg\[116\],8.44µm
plaintext_reg\[4\],8.44µm
net1312,8.44µm
u_aes128_optimized.u_aes_core.temp_state_reg\[3\],8.43µm
_1720_,8.4µm
_2089_,8.4µm
_1341_,8.38µm
net967,8.38µm
net1219,8.38µm
net1247,8.38µm
net1290,8.38µm
net678,8.37µm
_0326_,8.365µm
_0561_,8.36µm
_2319_,8.36µm
_2532_,8.36µm
key_reg\[37\],8.36µm
net1316,8.36µm
_0775_,8.345µm
_2338_,8.34µm
_2470_,8.32µm
_2847_,8.32µm
plaintext_reg\[21\],8.32µm
net1032,8.32µm
_0117_,8.3µm
key_reg\[125\],8.3µm
_2084_,8.28µm
_2729_,8.28µm
_2795_,8.28µm
_2904_,8.28µm
plaintext_reg\[92\],8.28µm
net1336,8.28µm
net1363,8.28µm
net1378,8.28µm
net1420,8.28µm
net1425,8.28µm
net1434,8.28µm
net1473,8.28µm
net1542,8.28µm
_0096_,8.26µm
_2761_,8.26µm
net1504,8.26µm
_0305_,8.24µm
plaintext_reg\[122\],8.225µm
_0140_,8.22µm
_0183_,8.22µm
_0372_,8.22µm
_0773_,8.22µm
_1911_,8.22µm
_2020_,8.22µm
net962,8.22µm
net1310,8.22µm
_0006_,8.2µm
aes_done,8.2µm
_0826_,8.18µm
_1003_,8.18µm
_0016_,8.165µm
ciphertext_latched\[27\],8.165µm
_0409_,8.16µm
_0894_,8.16µm
_0919_,8.16µm
net1273,8.16µm
net1371,8.16µm
_2191_,8.15µm
_0772_,8.145µm
_2279_,8.145µm
_0205_,8.14µm
_0867_,8.14µm
_0918_,8.14µm
_1241_,8.14µm
aes_ciphertext\[67\],8.14µm
ciphertext_latched\[64\],8.14µm
net903,8.14µm
net929,8.14µm
net1152,8.14µm
_0583_,8.12µm
_0614_,8.12µm
_1274_,8.12µm
_1348_,8.12µm
_1469_,8.12µm
net1198,8.12µm
_0055_,8.1µm
_0072_,8.1µm
_0194_,8.1µm
_1020_,8.1µm
_1946_,8.1µm
_2055_,8.1µm
_2225_,8.1µm
_2599_,8.1µm
_2644_,8.1µm
_2903_,8.1µm
aes_ciphertext\[53\],8.1µm
aes_ciphertext\[92\],8.1µm
aes_ciphertext\[94\],8.1µm
key_reg\[102\],8.1µm
plaintext_reg\[7\],8.1µm
_0076_,8.08µm
_0280_,8.08µm
_0320_,8.08µm
_1452_,8.08µm
key_reg\[111\],8.08µm
_1028_,8.06µm
_1168_,8.06µm
_1674_,8.06µm
_1878_,8.06µm
_2238_,8.06µm
_2521_,8.06µm
aes_ciphertext\[110\],8.06µm
aes_ciphertext\[33\],8.06µm
aes_ciphertext\[64\],8.06µm
ui_in[3],8.05µm
_1862_,8.045µm
_1439_,8.04µm
_1617_,8.04µm
plaintext_reg\[27\],8.04µm
_2227_,8.035µm
_0865_,8.02µm
net1138,8.02µm
net1367,8.02µm
net1432,8.02µm
net1472,8.02µm
_2439_,8µm
net868,8µm
_0511_,7.98µm
_1074_,7.98µm
_1407_,7.98µm
_1436_,7.98µm
_2456_,7.98µm
ciphertext_latched\[71\],7.98µm
key_reg\[14\],7.98µm
plaintext_reg\[119\],7.98µm
u_aes128_optimized.u_aes_core.col_count\[1\],7.98µm
net1102,7.98µm
net1530,7.98µm
_1907_,7.96µm
_2196_,7.96µm
_0238_,7.94µm
_1385_,7.94µm
_1482_,7.94µm
_2274_,7.94µm
_2311_,7.94µm
_2494_,7.94µm
_2620_,7.94µm
_2738_,7.94µm
plaintext_reg\[85\],7.94µm
ciphertext_latched\[47\],7.92µm
plaintext_reg\[29\],7.92µm
plaintext_reg\[60\],7.92µm
net877,7.92µm
net1052,7.92µm
net1070,7.92µm
net1099,7.92µm
net1223,7.92µm
net1405,7.92µm
net1437,7.92µm
_1607_,7.91µm
_1002_,7.905µm
_0149_,7.9µm
_0748_,7.9µm
_1089_,7.9µm
_1761_,7.9µm
_1771_,7.9µm
_1859_,7.9µm
_2198_,7.9µm
_2586_,7.9µm
ciphertext_latched\[34\],7.9µm
_1775_,7.885µm
_0749_,7.88µm
_1512_,7.88µm
_2905_,7.88µm
uo_out[0],7.87µm
_0199_,7.86µm
_1603_,7.86µm
_2317_,7.86µm
_2326_,7.86µm
net1438,7.86µm
_1397_,7.855µm
_0572_,7.84µm
_0496_,7.825µm
_0323_,7.82µm
_1358_,7.82µm
_2856_,7.82µm
net944,7.82µm
net1411,7.82µm
net1456,7.82µm
net1487,7.82µm
net1489,7.82µm
net1517,7.82µm
_0151_,7.8µm
_1682_,7.8µm
net1528,7.8µm
net1562,7.8µm
_0545_,7.78µm
_0573_,7.78µm
_0686_,7.78µm
_2018_,7.78µm
_2553_,7.78µm
_2854_,7.78µm
net998,7.78µm
net1096,7.78µm
_0768_,7.76µm
net1012,7.76µm
_0349_,7.74µm
net1303,7.74µm
_0056_,7.72µm
net1180,7.72µm
net1574,7.72µm
_0540_,7.715µm
_2228_,7.7µm
_0113_,7.68µm
_0340_,7.68µm
_0618_,7.68µm
_0922_,7.68µm
_1659_,7.68µm
_1831_,7.68µm
_1875_,7.68µm
_2733_,7.68µm
aes_ciphertext\[25\],7.68µm
net1077,7.68µm
net1145,7.68µm
_0828_,7.66µm
_2388_,7.65µm
_0058_,7.64µm
_0169_,7.64µm
_0517_,7.64µm
_1901_,7.64µm
_2108_,7.64µm
_2202_,7.64µm
_2224_,7.64µm
_2378_,7.64µm
aes_ciphertext\[56\],7.64µm
key_reg\[126\],7.64µm
u_aes128_optimized.u_aes_core.temp_state_reg\[125\],7.64µm
_2812_,7.62µm
_0536_,7.6µm
_0932_,7.6µm
_2418_,7.6µm
_2454_,7.58µm
_2611_,7.58µm
plaintext_reg\[123\],7.58µm
net1126,7.58µm
_0061_,7.56µm
_1612_,7.56µm
_1841_,7.56µm
_1943_,7.56µm
_2814_,7.56µm
_2832_,7.56µm
_2884_,7.56µm
aes_ciphertext\[75\],7.56µm
ciphertext_latched\[37\],7.56µm
u_aes128_optimized.u_aes_core.state\[8\],7.56µm
net1330,7.56µm
net1568,7.56µm
_1479_,7.54µm
_0407_,7.525µm
_0479_,7.52µm
_0503_,7.52µm
_0958_,7.52µm
_1017_,7.52µm
_1549_,7.52µm
_1754_,7.52µm
_1926_,7.52µm
_3011_,7.52µm
ciphertext_latched\[101\],7.52µm
ciphertext_latched\[125\],7.52µm
u_aes128_optimized.u_aes_core.sub_word_reg\[24\],7.52µm
u_aes128_optimized.u_aes_core.temp_state_reg\[105\],7.52µm
net977,7.52µm
net1156,7.52µm
net1246,7.52µm
_2552_,7.51µm
_2471_,7.5µm
aes_ciphertext\[39\],7.5µm
u_aes128_optimized.u_aes_core.g_word\[1\],7.49µm
_1848_,7.48µm
_1868_,7.48µm
_2286_,7.48µm
_2450_,7.48µm
_2542_,7.48µm
_2942_,7.48µm
net1074,7.46µm
net1086,7.46µm
net1358,7.46µm
net1488,7.46µm
_0330_,7.445µm
key_reg\[85\],7.445µm
_0506_,7.44µm
_0530_,7.44µm
_0585_,7.44µm
_1710_,7.44µm
_2248_,7.44µm
_2580_,7.44µm
plaintext_reg\[17\],7.44µm
_2168_,7.425µm
_1013_,7.42µm
_1810_,7.42µm
_2252_,7.42µm
u_aes128_optimized.u_aes_core.temp_state_reg\[38\],7.42µm
_1499_,7.4µm
_2755_,7.4µm
ciphertext_latched\[97\],7.4µm
u_aes128_optimized.u_aes_core.temp_state_reg\[59\],7.4µm
_1035_,7.38µm
uio_out[6],7.37µm
_0429_,7.365µm
_1240_,7.36µm
_2749_,7.36µm
net961,7.36µm
net1041,7.36µm
net1043,7.36µm
net1238,7.36µm
net1428,7.36µm
net1529,7.36µm
_0157_,7.34µm
_0236_,7.34µm
_0645_,7.34µm
net864,7.34µm
net908,7.34µm
net1075,7.34µm
net1373,7.34µm
net1435,7.34µm
_0309_,7.32µm
_0580_,7.32µm
_0664_,7.32µm
_1327_,7.32µm
_1602_,7.32µm
_2791_,7.32µm
net1200,7.32µm
_0559_,7.3µm
_1437_,7.3µm
key_reg\[100\],7.3µm
plaintext_reg\[68\],7.3µm
net946,7.3µm
net1226,7.3µm
_0514_,7.28µm
_0260_,7.26µm
_0297_,7.24µm
_0955_,7.24µm
_1441_,7.24µm
net1552,7.24µm
_0007_,7.22µm
_0104_,7.22µm
_0227_,7.22µm
_0311_,7.22µm
_0365_,7.22µm
_0453_,7.22µm
_0739_,7.22µm
_1192_,7.22µm
_1332_,7.22µm
_2458_,7.22µm
_2461_,7.22µm
_2909_,7.22µm
key_reg\[35\],7.22µm
net364,7.22µm
_2457_,7.205µm
_2212_,7.2µm
_0082_,7.18µm
_0159_,7.18µm
_0963_,7.18µm
_1804_,7.18µm
_2435_,7.18µm
_2613_,7.18µm
aes_ciphertext\[113\],7.18µm
aes_ciphertext\[73\],7.18µm
key_reg\[113\],7.18µm
key_reg\[1\],7.18µm
plaintext_index\[0\],7.18µm
plaintext_reg\[114\],7.18µm
net640,7.15µm
_0052_,7.14µm
_0473_,7.14µm
_0981_,7.14µm
_2445_,7.14µm
_2742_,7.14µm
_2617_,7.13µm
_1346_,7.12µm
_1585_,7.12µm
_2969_,7.12µm
_2253_,7.105µm
_0111_,7.1µm
_0325_,7.1µm
_0869_,7.1µm
_0902_,7.1µm
_1374_,7.1µm
_1703_,7.1µm
_1708_,7.1µm
_1751_,7.1µm
_1791_,7.1µm
_1944_,7.1µm
_2612_,7.1µm
_2870_,7.1µm
plaintext_reg\[117\],7.1µm
net1296,7.1µm
_0673_,7.08µm
aes_ciphertext\[59\],7.08µm
net1392,7.08µm
_0492_,7.065µm
_0002_,7.06µm
_0109_,7.06µm
_0408_,7.06µm
_0488_,7.06µm
_0744_,7.06µm
_1713_,7.06µm
_1836_,7.06µm
_2424_,7.06µm
net882,7.06µm
net917,7.06µm
key_reg\[90\],7.055µm
ui_in[1],7.05µm
u_aes128_optimized.u_aes_core.g_word\[18\],7.03µm
net1015,7.025µm
_0985_,7µm
_2244_,7µm
_2902_,7µm
net1073,7µm
net1217,7µm
net1294,7µm
net1339,7µm
_1991_,6.98µm
_2167_,6.98µm
plaintext_reg\[1\],6.98µm
net332,6.98µm
net1458,6.98µm
_2668_,6.96µm
_2704_,6.96µm
u_aes128_optimized.u_aes_core.g_word\[15\],6.96µm
net1178,6.96µm
_0050_,6.94µm
_0182_,6.94µm
_0421_,6.94µm
_0751_,6.94µm
_1876_,6.94µm
_2701_,6.94µm
_2717_,6.94µm
_2719_,6.94µm
_2900_,6.92µm
net1369,6.92µm
_0495_,6.9µm
net1001,6.9µm
net1144,6.9µm
net1251,6.9µm
_2534_,6.885µm
_0134_,6.88µm
_0626_,6.88µm
_1939_,6.88µm
_2801_,6.88µm
ciphertext_latched\[127\],6.88µm
ciphertext_latched\[43\],6.88µm
net928,6.88µm
net1573,6.88µm
_0606_,6.86µm
_1368_,6.86µm
_1994_,6.86µm
_0253_,6.84µm
_0379_,6.84µm
_0400_,6.84µm
_0402_,6.84µm
_0548_,6.84µm
_0743_,6.84µm
_0878_,6.84µm
net506,6.84µm
_2541_,6.825µm
_0446_,6.82µm
u_aes128_optimized.u_aes_core.g_word\[21\],6.82µm
_0290_,6.8µm
_1511_,6.78µm
_2469_,6.78µm
_2923_,6.78µm
plaintext_reg\[97\],6.78µm
_0447_,6.76µm
_0709_,6.76µm
_0935_,6.76µm
_2520_,6.76µm
aes_ciphertext\[51\],6.76µm
aes_ciphertext\[97\],6.76µm
ciphertext_latched\[54\],6.76µm
key_reg\[115\],6.76µm
net1025,6.76µm
net1147,6.76µm
net1279,6.76µm
net1421,6.76µm
net1511,6.76µm
net1526,6.76µm
_2770_,6.74µm
net1278,6.74µm
_0571_,6.725µm
_0045_,6.72µm
_0067_,6.72µm
_0112_,6.72µm
_0130_,6.72µm
_0133_,6.72µm
_0376_,6.72µm
_0612_,6.72µm
_0757_,6.72µm
_0897_,6.72µm
_1347_,6.72µm
_1983_,6.72µm
_2115_,6.72µm
_2364_,6.72µm
_2464_,6.72µm
_2892_,6.72µm
plaintext_reg\[37\],6.72µm
net1083,6.72µm
net1116,6.72µm
net1240,6.72µm
_1139_,6.7µm
_1856_,6.7µm
_1950_,6.7µm
key_reg\[98\],6.7µm
_1847_,6.68µm
_1964_,6.66µm
_2270_,6.66µm
_2879_,6.66µm
_0102_,6.64µm
_1508_,6.64µm
_1652_,6.64µm
_1693_,6.64µm
_1745_,6.64µm
_1763_,6.64µm
_2667_,6.64µm
_2713_,6.64µm
_2868_,6.64µm
_2936_,6.64µm
ciphertext_latched\[8\],6.64µm
plaintext_reg\[2\],6.64µm
net1046,6.64µm
net1062,6.64µm
_0380_,6.62µm
_2545_,6.62µm
_2566_,6.62µm
_0480_,6.6µm
_1001_,6.6µm
_1383_,6.6µm
_1671_,6.6µm
_2189_,6.6µm
_2387_,6.6µm
key_reg\[41\],6.6µm
net51,6.6µm
net1211,6.6µm
net1347,6.6µm
_2788_,6.59µm
_1114_,6.54µm
net1029,6.54µm
net1256,6.54µm
net1305,6.54µm
net1400,6.54µm
net1491,6.54µm
net1531,6.54µm
_0451_,6.52µm
_0454_,6.52µm
_2026_,6.52µm
_2834_,6.52µm
ciphertext_latched\[111\],6.52µm
net1242,6.52µm
_2220_,6.5µm
_2898_,6.5µm
_2406_,6.485µm
_0783_,6.48µm
_1124_,6.48µm
_2039_,6.48µm
_2802_,6.48µm
_0161_,6.465µm
_0171_,6.465µm
_1940_,6.44µm
net1122,6.44µm
net1284,6.44µm
net1424,6.44µm
_0206_,6.42µm
_0875_,6.42µm
_0960_,6.42µm
_1679_,6.42µm
net1433,6.42µm
net1466,6.42µm
net654,6.41µm
_0366_,6.4µm
_0541_,6.4µm
_1629_,6.4µm
_1894_,6.4µm
plaintext_index\[1\],6.4µm
key_reg\[76\],6.39µm
_0235_,6.38µm
_0427_,6.38µm
_0529_,6.38µm
_0700_,6.38µm
_0824_,6.38µm
_0854_,6.38µm
_2614_,6.38µm
_0461_,6.36µm
_0275_,6.32µm
_0588_,6.32µm
_1321_,6.32µm
net972,6.32µm
net1044,6.32µm
net1319,6.32µm
net1362,6.32µm
_0062_,6.3µm
_0460_,6.3µm
_0592_,6.3µm
_0705_,6.3µm
_0765_,6.3µm
_0992_,6.3µm
aes_ciphertext\[127\],6.3µm
aes_ciphertext\[22\],6.3µm
net1170,6.3µm
_1363_,6.28µm
_2851_,6.28µm
_1909_,6.275µm
_0030_,6.26µm
_0081_,6.26µm
_0377_,6.26µm
_0500_,6.26µm
_0524_,6.26µm
_0715_,6.26µm
_1812_,6.26µm
_1821_,6.26µm
_3003_,6.26µm
aes_ciphertext\[5\],6.26µm
key_reg\[17\],6.26µm
key_reg\[5\],6.26µm
net1076,6.26µm
net1439,6.26µm
_2234_,6.255µm
_2067_,6.24µm
_2393_,6.24µm
plaintext_reg\[127\],6.24µm
plaintext_reg\[59\],6.22µm
_2259_,6.205µm
_0041_,6.2µm
_0043_,6.2µm
_0393_,6.2µm
_2323_,6.2µm
_0456_,6.185µm
_0060_,6.18µm
_2857_,6.18µm
key_reg\[52\],6.18µm
plaintext_index\[2\],6.18µm
net274,6.18µm
net910,6.18µm
_1731_,6.17µm
_1367_,6.145µm
_0321_,6.14µm
_1317_,6.14µm
_1865_,6.14µm
_1912_,6.14µm
_2258_,6.14µm
_2529_,6.14µm
net1191,6.14µm
net1314,6.14µm
key_reg\[82\],6.13µm
_2816_,6.12µm
_2394_,6.115µm
_0136_,6.105µm
_1620_,6.08µm
_2010_,6.08µm
_2180_,6.08µm
_2840_,6.08µm
net1262,6.08µm
net1399,6.08µm
net1509,6.08µm
net1514,6.08µm
net1567,6.08µm
_1453_,6.07µm
_2363_,6.065µm
_0095_,6.06µm
_0798_,6.06µm
_1055_,6.06µm
_1680_,6.06µm
_2906_,6.06µm
_2943_,6.06µm
_1662_,6.04µm
_2890_,6.04µm
_0244_,6.02µm
_1470_,6.02µm
_1483_,6.02µm
_1924_,6.02µm
_2140_,6.02µm
plaintext_reg\[120\],6.02µm
_2271_,6.01µm
_0766_,6.005µm
uio_out[5],5.99µm
_1021_,5.98µm
_1163_,5.98µm
_2185_,5.98µm
net881,5.98µm
net891,5.98µm
net1067,5.98µm
net1088,5.98µm
net1100,5.98µm
net1142,5.98µm
net1183,5.98µm
net1189,5.98µm
net1245,5.98µm
net1298,5.98µm
net1320,5.98µm
net1322,5.98µm
net1327,5.98µm
net1328,5.98µm
net1345,5.98µm
net1348,5.98µm
net1354,5.98µm
net1404,5.98µm
net1406,5.98µm
net1457,5.98µm
net1500,5.98µm
net1563,5.98µm
net1571,5.98µm
_2146_,5.965µm
_0174_,5.96µm
_0374_,5.96µm
_0390_,5.96µm
_0701_,5.96µm
_0831_,5.96µm
_2554_,5.96µm
_2741_,5.96µm
net1079,5.96µm
net1536,5.96µm
plaintext_reg\[62\],5.95µm
_2137_,5.945µm
_0837_,5.94µm
_1789_,5.94µm
_2184_,5.94µm
aes_ciphertext\[44\],5.94µm
_0336_,5.92µm
_0396_,5.92µm
_0410_,5.92µm
_0417_,5.92µm
_0434_,5.92µm
_0471_,5.92µm
_0508_,5.92µm
_0535_,5.92µm
_0560_,5.92µm
_0625_,5.92µm
_0656_,5.92µm
_0815_,5.92µm
_0838_,5.92µm
_0848_,5.92µm
key_reg\[45\],5.92µm
_0355_,5.9µm
_0462_,5.9µm
_1488_,5.9µm
net907,5.9µm
_0036_,5.86µm
_0252_,5.86µm
_0370_,5.86µm
_0976_,5.86µm
aes_ciphertext\[11\],5.86µm
net981,5.86µm
net1254,5.86µm
_0334_,5.84µm
_0425_,5.84µm
_0538_,5.84µm
_0544_,5.84µm
_0546_,5.84µm
_0574_,5.84µm
_0576_,5.84µm
_0755_,5.84µm
_0801_,5.84µm
_1335_,5.84µm
_1352_,5.84µm
_1382_,5.84µm
_1755_,5.84µm
aes_ciphertext\[14\],5.84µm
aes_ciphertext\[29\],5.84µm
aes_ciphertext\[30\],5.84µm
key_reg\[50\],5.84µm
plaintext_reg\[5\],5.84µm
net1463,5.84µm
_0940_,5.82µm
_2000_,5.82µm
_2130_,5.82µm
_2489_,5.82µm
_1004_,5.805µm
_0287_,5.8µm
_0796_,5.8µm
_0861_,5.8µm
_0974_,5.8µm
_1086_,5.8µm
_1645_,5.8µm
_1974_,5.8µm
_1975_,5.8µm
_2342_,5.8µm
_2382_,5.8µm
_2389_,5.8µm
_2859_,5.8µm
aes_ciphertext\[20\],5.8µm
aes_ciphertext\[36\],5.8µm
aes_ciphertext\[90\],5.8µm
key_reg\[118\],5.8µm
key_reg\[7\],5.8µm
u_aes128_optimized.u_aes_core.state\[6\],5.8µm
_0998_,5.78µm
_2123_,5.775µm
_2309_,5.775µm
_1817_,5.765µm
_1442_,5.755µm
_2409_,5.755µm
_0537_,5.74µm
_1739_,5.74µm
_1840_,5.74µm
net1311,5.74µm
net1401,5.74µm
_0794_,5.72µm
_0889_,5.72µm
_1387_,5.72µm
_1403_,5.72µm
_1417_,5.72µm
_1721_,5.72µm
_2009_,5.72µm
_2142_,5.72µm
_2154_,5.72µm
_2222_,5.72µm
_2600_,5.72µm
_2623_,5.72µm
_2831_,5.72µm
net895,5.72µm
net1275,5.72µm
_2660_,5.7µm
plaintext_reg\[34\],5.7µm
_0189_,5.68µm
_0211_,5.68µm
_0362_,5.68µm
_0512_,5.68µm
_0990_,5.68µm
_1778_,5.68µm
_2062_,5.68µm
net1451,5.68µm
_0938_,5.645µm
_1388_,5.62µm
_1558_,5.62µm
net914,5.62µm
net978,5.62µm
net1333,5.62µm
net1334,5.62µm
_0342_,5.6µm
_0405_,5.6µm
_0590_,5.6µm
_0781_,5.6µm
_2887_,5.6µm
key_reg\[57\],5.6µm
net901,5.6µm
net918,5.6µm
_2318_,5.595µm
net1130,5.58µm
net1168,5.58µm
net1460,5.58µm
_1411_,5.57µm
_1795_,5.565µm
_0175_,5.56µm
_0278_,5.56µm
_1914_,5.56µm
_2300_,5.56µm
net833,5.53µm
_2015_,5.52µm
_2367_,5.52µm
_2648_,5.52µm
net886,5.52µm
net898,5.52µm
net899,5.52µm
net935,5.52µm
net1003,5.52µm
net1009,5.52µm
net1026,5.52µm
net1034,5.52µm
net1091,5.52µm
net1107,5.52µm
net1117,5.52µm
net1125,5.52µm
net1141,5.52µm
net1157,5.52µm
net1158,5.52µm
net1163,5.52µm
net1164,5.52µm
net1182,5.52µm
net1212,5.52µm
net1227,5.52µm
net1229,5.52µm
net1258,5.52µm
net1412,5.52µm
net1446,5.52µm
net1481,5.52µm
net1510,5.52µm
net1558,5.52µm
net1564,5.52µm
_0001_,5.5µm
_0053_,5.5µm
_0660_,5.5µm
_1130_,5.5µm
_1326_,5.5µm
_2562_,5.5µm
_2577_,5.5µm
_2754_,5.5µm
net1151,5.5µm
net1450,5.5µm
_1877_,5.495µm
_0231_,5.485µm
_0184_,5.48µm
_0391_,5.48µm
_0499_,5.48µm
_0967_,5.48µm
_1932_,5.48µm
ciphertext_latched\[68\],5.48µm
_0051_,5.46µm
_0156_,5.46µm
_0273_,5.46µm
_0373_,5.46µm
_0433_,5.46µm
_0437_,5.46µm
_0609_,5.46µm
_0624_,5.46µm
_0910_,5.46µm
_1320_,5.46µm
net1071,5.46µm
net1553,5.46µm
_0465_,5.44µm
_0494_,5.44µm
_2320_,5.44µm
_2546_,5.44µm
_0882_,5.4µm
_0925_,5.4µm
_1147_,5.4µm
_2346_,5.4µm
_2352_,5.4µm
_2432_,5.4µm
_2882_,5.4µm
aes_ciphertext\[58\],5.4µm
ciphertext_latched\[117\],5.4µm
net1108,5.4µm
net1193,5.4µm
_0125_,5.38µm
_0230_,5.38µm
_0301_,5.38µm
_0467_,5.38µm
_0587_,5.38µm
_0599_,5.38µm
_0733_,5.38µm
_0879_,5.38µm
_0949_,5.38µm
_1026_,5.38µm
_1169_,5.38µm
_1815_,5.38µm
ciphertext_latched\[14\],5.38µm
net956,5.38µm
net1231,5.38µm
_1837_,5.375µm
_2819_,5.37µm
_0518_,5.365µm
plaintext_reg\[24\],5.365µm
_1030_,5.36µm
_2287_,5.36µm
aes_ciphertext\[101\],5.36µm
ciphertext_latched\[10\],5.36µm
_0197_,5.34µm
_0202_,5.34µm
_0282_,5.34µm
_0628_,5.34µm
_0721_,5.34µm
_0764_,5.34µm
_0948_,5.34µm
_1581_,5.34µm
_1727_,5.34µm
_1779_,5.34µm
_1955_,5.34µm
_2169_,5.34µm
_2208_,5.34µm
_2304_,5.34µm
_2443_,5.34µm
_2467_,5.34µm
_2672_,5.34µm
aes_ciphertext\[47\],5.34µm
key_reg\[119\],5.34µm
key_reg\[97\],5.34µm
net1140,5.34µm
_2162_,5.32µm
_0793_,5.285µm
_0192_,5.28µm
_0353_,5.28µm
_1097_,5.28µm
key_reg\[59\],5.28µm
_0034_,5.26µm
_0110_,5.26µm
_0131_,5.26µm
_0216_,5.26µm
_0655_,5.26µm
_0965_,5.26µm
_1090_,5.26µm
_1451_,5.26µm
_1881_,5.26µm
_2057_,5.26µm
_2109_,5.26µm
_2122_,5.26µm
_2366_,5.26µm
_2659_,5.26µm
_2714_,5.26µm
_2793_,5.26µm
_2877_,5.26µm
ciphertext_latched\[76\],5.26µm
key_reg\[110\],5.26µm
key_reg\[54\],5.26µm
plaintext_reg\[33\],5.26µm
net1503,5.26µm
_0900_,5.24µm
_2099_,5.24µm
_0344_,5.225µm
_0672_,5.225µm
_0811_,5.225µm
_0033_,5.22µm
_0501_,5.22µm
_0745_,5.22µm
_1323_,5.22µm
_1690_,5.22µm
_1707_,5.22µm
net1326,5.22µm
_0806_,5.185µm
_0515_,5.16µm
_1443_,5.16µm
net950,5.16µm
net1128,5.16µm
net1216,5.16µm
net1272,5.16µm
_2431_,5.145µm
_0128_,5.14µm
_0213_,5.14µm
_0436_,5.14µm
_0542_,5.14µm
_0780_,5.14µm
_1016_,5.14µm
_1156_,5.14µm
_2852_,5.14µm
_2876_,5.14µm
_2934_,5.14µm
ciphertext_latched\[99\],5.14µm
plaintext_reg\[98\],5.14µm
_1330_,5.12µm
net1381,5.12µm
_0921_,5.1µm
_1592_,5.1µm
_1692_,5.1µm
net709,5.1µm
_0477_,5.065µm
_0186_,5.06µm
_1833_,5.06µm
_2135_,5.06µm
_2511_,5.06µm
net1038,5.06µm
net1087,5.06µm
net1097,5.06µm
net1121,5.06µm
net1124,5.06µm
net1173,5.06µm
net1184,5.06µm
net1192,5.06µm
net1205,5.06µm
net1213,5.06µm
net1243,5.06µm
net1248,5.06µm
net1252,5.06µm
net1255,5.06µm
net1271,5.06µm
net1300,5.06µm
net1301,5.06µm
net1304,5.06µm
net1315,5.06µm
net1331,5.06µm
net1335,5.06µm
net1341,5.06µm
net1365,5.06µm
net1390,5.06µm
net1418,5.06µm
net1475,5.06µm
net1486,5.06µm
net1520,5.06µm
net1521,5.06µm
_0032_,5.04µm
_0219_,5.04µm
_0268_,5.04µm
_0640_,5.04µm
_2124_,5.04µm
net1544,5.04µm
_0604_,5.02µm
_1461_,5.02µm
_2306_,5.02µm
load_key_d,5.02µm
plaintext_reg\[106\],5.02µm
_0077_,5µm
_0087_,5µm
_0267_,5µm
_0271_,5µm
_0350_,5µm
_0387_,5µm
_0484_,5µm
_0519_,5µm
_0579_,5µm
_0860_,5µm
net986,5µm
net1570,5µm
_1446_,4.98µm
_2197_,4.945µm
_0167_,4.94µm
_0233_,4.94µm
_0443_,4.94µm
_0892_,4.94µm
_1376_,4.94µm
_1768_,4.94µm
_0026_,4.92µm
_0069_,4.92µm
_0091_,4.92µm
_0142_,4.92µm
_0304_,4.92µm
_0347_,4.92µm
_0435_,4.92µm
_0459_,4.92µm
_0482_,4.92µm
_0543_,4.92µm
_0549_,4.92µm
_0589_,4.92µm
_0621_,4.92µm
_0666_,4.92µm
_0683_,4.92µm
_0714_,4.92µm
_0722_,4.92µm
_0901_,4.92µm
_0926_,4.92µm
_0950_,4.92µm
_0970_,4.92µm
_1632_,4.92µm
_1647_,4.92µm
_1736_,4.92µm
_1776_,4.92µm
_2233_,4.92µm
_2666_,4.92µm
aes_ciphertext\[109\],4.92µm
aes_ciphertext\[27\],4.92µm
key_reg\[21\],4.92µm
net1496,4.92µm
_2369_,4.915µm
_2054_,4.905µm
_0415_,4.9µm
_1770_,4.895µm
_0899_,4.88µm
_0912_,4.88µm
_0977_,4.88µm
_1159_,4.88µm
_1806_,4.88µm
_1957_,4.88µm
_2175_,4.88µm
_2254_,4.88µm
_2362_,4.88µm
_2420_,4.88µm
_2452_,4.88µm
aes_ciphertext\[124\],4.88µm
aes_ciphertext\[99\],4.88µm
net1317,4.88µm
net1379,4.88µm
_2416_,4.835µm
_0359_,4.82µm
_0457_,4.82µm
_1093_,4.82µm
_1111_,4.82µm
_1420_,4.82µm
_2193_,4.82µm
_2269_,4.82µm
_2400_,4.82µm
_2507_,4.82µm
u_aes128_optimized.u_aes_core.g_word\[13\],4.81µm
_0080_,4.8µm
_0679_,4.8µm
_0972_,4.8µm
_0986_,4.8µm
_1109_,4.8µm
_1455_,4.8µm
_1623_,4.8µm
_1676_,4.8µm
_1714_,4.8µm
_1788_,4.8µm
_1823_,4.8µm
_2051_,4.8µm
_2177_,4.8µm
_2558_,4.8µm
_2574_,4.8µm
_2769_,4.8µm
_2799_,4.8µm
net1234,4.8µm
net1538,4.8µm
_2800_,4.78µm
plaintext_reg\[101\],4.78µm
key_reg\[92\],4.775µm
_0658_,4.765µm
_0740_,4.765µm
_1794_,4.76µm
_1846_,4.76µm
_1880_,4.76µm
_1935_,4.76µm
_2278_,4.76µm
_2414_,4.76µm
net1535,4.76µm
plaintext_reg\[88\],4.74µm
_2156_,4.735µm
_2707_,4.7µm
_2775_,4.7µm
_2899_,4.7µm
ciphertext_latched\[40\],4.7µm
net1276,4.7µm
_0115_,4.68µm
_0178_,4.68µm
_0770_,4.68µm
_1445_,4.68µm
_2049_,4.68µm
_2515_,4.68µm
_2636_,4.68µm
_2862_,4.68µm
ciphertext_latched\[23\],4.68µm
_1414_,4.66µm
_2734_,4.66µm
net1165,4.66µm
net1204,4.66µm
net1497,4.66µm
_2618_,4.65µm
_0351_,4.6µm
_1031_,4.6µm
_1786_,4.6µm
_1826_,4.6µm
net1270,4.6µm
net1308,4.6µm
net1359,4.6µm
net1384,4.6µm
_0010_,4.58µm
_0093_,4.58µm
_0135_,4.58µm
_0160_,4.58µm
_0188_,4.58µm
_0630_,4.58µm
_0651_,4.58µm
_0653_,4.58µm
_0716_,4.58µm
_0759_,4.58µm
_0915_,4.58µm
_0989_,4.58µm
_0993_,4.58µm
_2486_,4.58µm
net865,4.58µm
net1005,4.58µm
net1007,4.58µm
net1057,4.58µm
_0554_,4.56µm
_2345_,4.555µm
_0057_,4.54µm
_0181_,4.54µm
_0295_,4.54µm
_0620_,4.54µm
_0710_,4.54µm
_0725_,4.54µm
_0836_,4.54µm
_0996_,4.54µm
_0361_,4.48µm
_0486_,4.48µm
_0943_,4.48µm
_1496_,4.48µm
_2145_,4.48µm
_2395_,4.48µm
_2412_,4.48µm
_0954_,4.465µm
_1805_,4.465µm
_0187_,4.46µm
_0283_,4.46µm
_0335_,4.46µm
_0346_,4.46µm
_0498_,4.46µm
_0584_,4.46µm
_0788_,4.46µm
_0872_,4.46µm
_0929_,4.46µm
_0983_,4.46µm
_1728_,4.46µm
_2080_,4.46µm
_2343_,4.46µm
_2355_,4.46µm
_2356_,4.46µm
_3034_,4.46µm
aes_ciphertext\[18\],4.46µm
aes_ciphertext\[45\],4.46µm
aes_ciphertext\[74\],4.46µm
aes_ciphertext\[82\],4.46µm
aes_ciphertext\[88\],4.46µm
key_reg\[51\],4.46µm
net1167,4.46µm
_1123_,4.44µm
_2078_,4.44µm
_2101_,4.44µm
_2849_,4.44µm
_0862_,4.42µm
_0957_,4.42µm
_0961_,4.42µm
_0969_,4.42µm
_1968_,4.42µm
_2368_,4.42µm
_2585_,4.42µm
_2883_,4.42µm
_2531_,4.395µm
key_reg\[91\],4.39µm
net668,4.39µm
_0439_,4.385µm
_1900_,4.375µm
_2221_,4.365µm
_1133_,4.36µm
_1412_,4.36µm
_2292_,4.36µm
_2413_,4.36µm
_2491_,4.36µm
_2578_,4.36µm
plaintext_reg\[25\],4.345µm
_0040_,4.34µm
_0075_,4.34µm
_0623_,4.34µm
_0769_,4.34µm
_0790_,4.34µm
_1129_,4.34µm
_1384_,4.34µm
_1502_,4.34µm
_1593_,4.34µm
_1642_,4.34µm
_2282_,4.34µm
aes_ciphertext\[106\],4.34µm
key_reg\[46\],4.34µm
net954,4.34µm
net1250,4.34µm
_0138_,4.32µm
net1059,4.32µm
_0248_,4.305µm
_0636_,4.305µm
_0797_,4.305µm
plaintext_reg\[125\],4.28µm
_0201_,4.265µm
_2250_,4.24µm
_2267_,4.24µm
_2397_,4.24µm
load_plaintext_d,4.24µm
net1119,4.24µm
net1455,4.24µm
_1832_,4.225µm
_0629_,4.22µm
_0661_,4.22µm
_0698_,4.22µm
_0758_,4.22µm
_0763_,4.22µm
_0787_,4.22µm
_0832_,4.22µm
_0843_,4.22µm
_2944_,4.22µm
_2948_,4.22µm
plaintext_reg\[44\],4.22µm
net1422,4.22µm
net1480,4.22µm
_1418_,4.215µm
_2190_,4.215µm
_2907_,4.2µm
net1289,4.2µm
net1395,4.2µm
net1448,4.2µm
_0298_,4.145µm
_0531_,4.145µm
_0332_,4.14µm
_0399_,4.14µm
_0403_,4.14µm
_0470_,4.14µm
_0487_,4.14µm
_0489_,4.14µm
_0513_,4.14µm
_0521_,4.14µm
_1025_,4.14µm
_1345_,4.14µm
_1639_,4.14µm
_2324_,4.14µm
_2938_,4.14µm
net1375,4.14µm
net1402,4.14µm
net1417,4.14µm
net1427,4.14µm
net1465,4.14µm
net1482,4.14µm
net1490,4.14µm
net1498,4.14µm
net1512,4.14µm
net1524,4.14µm
net1525,4.14µm
_0054_,4.12µm
_0107_,4.12µm
_0144_,4.12µm
_0274_,4.12µm
_0286_,4.12µm
_0392_,4.12µm
_0726_,4.12µm
_0789_,4.12µm
_0842_,4.12µm
_0898_,4.12µm
_2437_,4.12µm
net1118,4.12µm
net1413,4.12µm
_0207_,4.1µm
_0563_,4.1µm
_1343_,4.1µm
_1718_,4.1µm
_1904_,4.1µm
_2864_,4.1µm
_0020_,4.08µm
_0123_,4.08µm
_0259_,4.08µm
_0367_,4.08µm
_0432_,4.08µm
_0814_,4.08µm
_0859_,4.08µm
plaintext_reg\[90\],4.06µm
_0291_,4.055µm
_0810_,4.02µm
_0880_,4.02µm
_0891_,4.02µm
_0046_,4µm
_0092_,4µm
_0148_,4µm
_0170_,4µm
_0190_,4µm
_0247_,4µm
_0411_,4µm
_0414_,4µm
_0493_,4µm
_0522_,4µm
_0523_,4µm
_0556_,4µm
_0631_,4µm
_0635_,4µm
_0680_,4µm
_0685_,4µm
_0834_,4µm
_0851_,4µm
_0858_,4µm
_0946_,4µm
_1019_,4µm
_1023_,4µm
_1536_,4µm
_1830_,4µm
_2380_,4µm
aes_ciphertext\[108\],4µm
aes_ciphertext\[15\],4µm
aes_ciphertext\[2\],4µm
aes_ciphertext\[52\],4µm
aes_ciphertext\[77\],4µm
aes_ciphertext\[78\],4µm
aes_ciphertext\[93\],4µm
key_reg\[3\],4µm
key_reg\[43\],4µm
net1066,4µm
_2820_,3.99µm
_0849_,3.98µm
_1146_,3.98µm
_0952_,3.9µm
_0979_,3.9µm
_1540_,3.9µm
_1550_,3.9µm
_1990_,3.9µm
_2256_,3.9µm
_2372_,3.9µm
_2483_,3.885µm
_1333_,3.88µm
_1370_,3.88µm
_1449_,3.88µm
_1481_,3.88µm
_1738_,3.88µm
_2132_,3.88µm
_2810_,3.88µm
_2863_,3.88µm
_2957_,3.88µm
aes_ciphertext\[76\],3.88µm
net1382,3.88µm
net1445,3.88µm
net1492,3.88µm
_0289_,3.86µm
plaintext_reg\[26\],3.855µm
_0166_,3.845µm
_0844_,3.845µm
plaintext_reg\[89\],3.82µm
_2502_,3.78µm
_0068_,3.76µm
_0234_,3.76µm
_0240_,3.76µm
_0258_,3.76µm
_0262_,3.76µm
_0269_,3.76µm
_0327_,3.76µm
_0333_,3.76µm
_0643_,3.76µm
_0692_,3.76µm
_0816_,3.76µm
_0855_,3.76µm
_0942_,3.76µm
_1110_,3.76µm
_1984_,3.76µm
_2339_,3.755µm
net1232,3.74µm
net849,3.73µm
net850,3.73µm
net851,3.73µm
net852,3.73µm
net854,3.73µm
net856,3.73µm
net857,3.73µm
net,3.73µm
_0313_,3.725µm
_0017_,3.705µm
_1143_,3.68µm
_1164_,3.68µm
net1160,3.68µm
net1175,3.68µm
_0066_,3.66µm
_0071_,3.66µm
_0106_,3.66µm
_0129_,3.66µm
_0176_,3.66µm
_0225_,3.66µm
_0232_,3.66µm
_0375_,3.66µm
_0386_,3.66µm
_0648_,3.66µm
_0657_,3.66µm
_0792_,3.66µm
_0833_,3.66µm
_0853_,3.66µm
_0876_,3.66µm
net936,3.66µm
net1343,3.66µm
_0601_,3.64µm
_0803_,3.64µm
_1742_,3.64µm
_1958_,3.64µm
net859,3.58µm
net860,3.58µm
net858,3.58µm
_0809_,3.575µm
_0246_,3.565µm
_0526_,3.56µm
_0905_,3.56µm
_0906_,3.56µm
_0908_,3.56µm
_0927_,3.56µm
_0933_,3.56µm
_0941_,3.56µm
_0947_,3.56µm
_0968_,3.56µm
_0988_,3.56µm
_1851_,3.56µm
_2321_,3.56µm
_2478_,3.56µm
_2893_,3.56µm
_2381_,3.545µm
_0027_,3.54µm
_0042_,3.54µm
_0078_,3.54µm
_0158_,3.54µm
_0226_,3.54µm
_0250_,3.54µm
_0300_,3.54µm
_0341_,3.54µm
_0352_,3.54µm
_0384_,3.54µm
_0395_,3.54µm
_0416_,3.54µm
_0463_,3.54µm
_0485_,3.54µm
_0497_,3.54µm
_0617_,3.54µm
_0619_,3.54µm
_0633_,3.54µm
_0641_,3.54µm
_0681_,3.54µm
_0689_,3.54µm
_0702_,3.54µm
_0704_,3.54µm
_0712_,3.54µm
_0724_,3.54µm
_0802_,3.54µm
_0804_,3.54µm
_0821_,3.54µm
_0840_,3.54µm
_0850_,3.54µm
_0874_,3.54µm
_0895_,3.54µm
_0982_,3.54µm
_1000_,3.54µm
_1468_,3.54µm
_1649_,3.54µm
_2379_,3.54µm
_2482_,3.54µm
_2503_,3.54µm
aes_ciphertext\[10\],3.54µm
aes_ciphertext\[112\],3.54µm
aes_ciphertext\[19\],3.54µm
aes_ciphertext\[26\],3.54µm
aes_ciphertext\[40\],3.54µm
aes_ciphertext\[89\],3.54µm
net883,3.54µm
_2032_,3.52µm
_2505_,3.52µm
_1377_,3.505µm
_1354_,3.44µm
_1616_,3.44µm
_1732_,3.44µm
_1845_,3.44µm
_2462_,3.44µm
_0394_,3.42µm
_0603_,3.42µm
_0696_,3.42µm
_1356_,3.42µm
_1584_,3.42µm
_1672_,3.42µm
_1711_,3.42µm
_1985_,3.42µm
_1988_,3.42µm
_2218_,3.42µm
_2477_,3.42µm
_2496_,3.42µm
_2504_,3.42µm
_2593_,3.42µm
_2654_,3.42µm
_2696_,3.42µm
_2702_,3.42µm
_2725_,3.42µm
_2829_,3.42µm
_2833_,3.42µm
_2940_,3.42µm
key_reg\[2\],3.42µm
net1471,3.42µm
net1522,3.42µm
_1661_,3.4µm
_2204_,3.4µm
_0038_,3.385µm
_0426_,3.385µm
_0547_,3.385µm
_0212_,3.325µm
_1107_,3.32µm
_2570_,3.32µm
_3037_,3.32µm
net1186,3.32µm
net1385,3.32µm
net1388,3.32µm
_2821_,3.31µm
_0064_,3.3µm
_0265_,3.3µm
_0314_,3.3µm
_0398_,3.3µm
_0449_,3.3µm
_0670_,3.3µm
_0675_,3.3µm
_0690_,3.3µm
_0752_,3.3µm
_0883_,3.3µm
_1913_,3.3µm
_2841_,3.3µm
_3008_,3.3µm
_0596_,3.24µm
_1349_,3.22µm
_1799_,3.22µm
_1843_,3.22µm
_2028_,3.22µm
_2540_,3.22µm
_2560_,3.22µm
_0048_,3.2µm
_0083_,3.2µm
_0084_,3.2µm
_0108_,3.2µm
_0120_,3.2µm
_0121_,3.2µm
_0185_,3.2µm
_0210_,3.2µm
_0263_,3.2µm
_0616_,3.2µm
_0697_,3.2µm
_0706_,3.2µm
_0711_,3.2µm
_0720_,3.2µm
_0732_,3.2µm
_0736_,3.2µm
_0819_,3.2µm
_0841_,3.2µm
_0852_,3.2µm
_0937_,3.2µm
_0945_,3.2µm
_1948_,3.2µm
_2762_,3.2µm
net867,3.2µm
net1104,3.2µm
_0293_,3.18µm
_0303_,3.18µm
_0551_,3.18µm
_1987_,3.18µm
_2689_,3.18µm
aes_ciphertext\[71\],3.18µm
_1838_,3.1µm
_2272_,3.1µm
_2533_,3.1µm
net1533,3.1µm
_2240_,3.085µm
_0008_,3.08µm
_0044_,3.08µm
_0059_,3.08µm
_0098_,3.08µm
_0116_,3.08µm
_0191_,3.08µm
_0249_,3.08µm
_0331_,3.08µm
_0371_,3.08µm
_0382_,3.08µm
_0412_,3.08µm
_0464_,3.08µm
_0472_,3.08µm
_0591_,3.08µm
_0669_,3.08µm
_0738_,3.08µm
_0805_,3.08µm
_0818_,3.08µm
_0823_,3.08µm
_0835_,3.08µm
_0924_,3.08µm
_0966_,3.08µm
_1329_,3.08µm
_1364_,3.08µm
_1589_,3.08µm
_2118_,3.08µm
_2708_,3.08µm
_2896_,3.08µm
_2925_,3.08µm
aes_ciphertext\[34\],3.08µm
key_reg\[12\],3.08µm
net988,3.08µm
net1210,3.08µm
net1441,3.08µm
net1555,3.08µm
_1390_,3.06µm
_1440_,3.06µm
_2038_,3.06µm
_2070_,3.06µm
_2818_,3.06µm
_0557_,2.98µm
_1080_,2.98µm
_1447_,2.98µm
_1658_,2.98µm
_1675_,2.98µm
_2001_,2.98µm
_2116_,2.98µm
_2226_,2.98µm
_0378_,2.96µm
_0795_,2.96µm
_0997_,2.96µm
_1155_,2.96µm
_1300_,2.96µm
_1315_,2.96µm
_2069_,2.96µm
_2373_,2.96µm
_2642_,2.96µm
_2726_,2.96µm
_2732_,2.96µm
_2835_,2.96µm
_2861_,2.96µm
_2885_,2.96µm
_2897_,2.96µm
_2949_,2.96µm
net1364,2.96µm
net1527,2.96µm
net1550,2.96µm
_0364_,2.925µm
_0607_,2.925µm
net853,2.9µm
net855,2.9µm
_1757_,2.89µm
_1331_,2.86µm
_1371_,2.86µm
_2399_,2.86µm
net1214,2.86µm
net1263,2.86µm
net1407,2.86µm
net1449,2.86µm
net1493,2.86µm
net1495,2.86µm
_0086_,2.84µm
_0310_,2.84µm
_0483_,2.84µm
_0516_,2.84µm
_0642_,2.84µm
_0667_,2.84µm
_0776_,2.84µm
_0962_,2.84µm
_1416_,2.84µm
_1686_,2.84µm
net1249,2.84µm
_0168_,2.765µm
_0281_,2.765µm
_1863_,2.76µm
_2048_,2.76µm
_2280_,2.76µm
_2299_,2.76µm
_2484_,2.76µm
_2908_,2.76µm
_2941_,2.76µm
net1136,2.76µm
net1318,2.76µm
net1391,2.76µm
net1394,2.76µm
net1397,2.76µm
net1398,2.76µm
net1408,2.76µm
net1431,2.76µm
net1444,2.76µm
net1518,2.76µm
net1566,2.76µm
_0011_,2.74µm
_0024_,2.74µm
_0025_,2.74µm
_0094_,2.74µm
_0097_,2.74µm
_0114_,2.74µm
_0154_,2.74µm
_0209_,2.74µm
_0279_,2.74µm
_0329_,2.74µm
_0605_,2.74µm
_0644_,2.74µm
_0646_,2.74µm
_0659_,2.74µm
_0684_,2.74µm
_0688_,2.74µm
_0695_,2.74µm
_0699_,2.74µm
_0727_,2.74µm
_0753_,2.74µm
_0760_,2.74µm
_0778_,2.74µm
_0857_,2.74µm
_0975_,2.74µm
_2098_,2.74µm
net912,2.74µm
net953,2.74µm
_1556_,2.72µm
_1996_,2.72µm
_1886_,2.67µm
_0294_,2.64µm
_0316_,2.64µm
_0322_,2.64µm
_0565_,2.64µm
_0568_,2.64µm
_0570_,2.64µm
_0582_,2.64µm
_0598_,2.64µm
_0742_,2.64µm
_0747_,2.64µm
_0812_,2.64µm
_1577_,2.64µm
_1893_,2.64µm
_1916_,2.64µm
_2128_,2.64µm
_2183_,2.64µm
_2312_,2.64µm
_2481_,2.64µm
_2509_,2.64µm
_2527_,2.64µm
net1452,2.64µm
_2173_,2.625µm
_2559_,2.625µm
_0019_,2.62µm
_0073_,2.62µm
_0089_,2.62µm
_0155_,2.62µm
_0165_,2.62µm
_0200_,2.62µm
_0214_,2.62µm
_0229_,2.62µm
_0257_,2.62µm
_0272_,2.62µm
_0308_,2.62µm
_0328_,2.62µm
_0339_,2.62µm
_0360_,2.62µm
_0481_,2.62µm
_0491_,2.62µm
_0527_,2.62µm
_0569_,2.62µm
_0595_,2.62µm
_0662_,2.62µm
_0694_,2.62µm
_0713_,2.62µm
_0762_,2.62µm
_0777_,2.62µm
_0785_,2.62µm
_0786_,2.62µm
_0934_,2.62µm
_0951_,2.62µm
_0959_,2.62µm
_0994_,2.62µm
_1319_,2.62µm
_1537_,2.62µm
_1598_,2.62µm
_1921_,2.62µm
_2535_,2.62µm
_2594_,2.62µm
_2596_,2.62µm
_2606_,2.62µm
aes_ciphertext\[102\],2.62µm
aes_ciphertext\[107\],2.62µm
aes_ciphertext\[111\],2.62µm
aes_ciphertext\[114\],2.62µm
aes_ciphertext\[60\],2.62µm
aes_ciphertext\[69\],2.62µm
read_next_d,2.62µm
net1094,2.62µm
_1344_,2.535µm
_0245_,2.5µm
_0847_,2.5µm
_1336_,2.5µm
_1588_,2.5µm
_1670_,2.5µm
_1750_,2.5µm
_1861_,2.5µm
_2007_,2.5µm
_2014_,2.5µm
_2059_,2.5µm
_2239_,2.5µm
_2302_,2.5µm
_2564_,2.5µm
_2624_,2.5µm
_2671_,2.5µm
_2805_,2.5µm
_2825_,2.5µm
aes_ciphertext\[24\],2.5µm
start_d,2.5µm
net1027,2.5µm
net1403,2.5µm
net1454,2.5µm
net1483,2.5µm
net1508,2.5µm
_0256_,2.465µm
_1887_,2.43µm
_1121_,2.4µm
_2265_,2.4µm
key_reg\[16\],2.4µm
net993,2.4µm
net1281,2.4µm
net1307,2.4µm
net1464,2.4µm
_0012_,2.38µm
_0070_,2.38µm
_0103_,2.38µm
_0261_,2.38µm
_0363_,2.38µm
_0678_,2.38µm
_1362_,2.38µm
_1517_,2.38µm
_1895_,2.38µm
_2060_,2.38µm
_2293_,2.38µm
_2401_,2.38µm
_2684_,2.38µm
net1064,2.305µm
_0525_,2.3µm
_1027_,2.3µm
_1032_,2.3µm
_1476_,2.3µm
_1816_,2.3µm
_1866_,2.3µm
_2219_,2.3µm
_2291_,2.3µm
_2307_,2.3µm
_2361_,2.3µm
_2423_,2.3µm
_2474_,2.3µm
_2492_,2.3µm
_2495_,2.3µm
_2579_,2.3µm
_2846_,2.3µm
_2850_,2.3µm
_2916_,2.3µm
net1047,2.3µm
net1053,2.3µm
net1092,2.3µm
net1199,2.3µm
_0047_,2.28µm
_0063_,2.28µm
_0088_,2.28µm
_0139_,2.28µm
_0173_,2.28µm
_0179_,2.28µm
_0180_,2.28µm
_0195_,2.28µm
_0196_,2.28µm
_0217_,2.28µm
_0241_,2.28µm
_0255_,2.28µm
_0270_,2.28µm
_0285_,2.28µm
_0288_,2.28µm
_0368_,2.28µm
_0383_,2.28µm
_0608_,2.28µm
_0654_,2.28µm
_0663_,2.28µm
_0674_,2.28µm
_0691_,2.28µm
_0728_,2.28µm
_0729_,2.28µm
_0771_,2.28µm
_0774_,2.28µm
_0820_,2.28µm
_0825_,2.28µm
_0830_,2.28µm
_0856_,2.28µm
_0887_,2.28µm
_0913_,2.28µm
_0930_,2.28µm
net996,2.28µm
_0746_,2.205µm
_0807_,2.205µm
_1780_,2.185µm
_2161_,2.18µm
_2331_,2.18µm
_2686_,2.18µm
_2692_,2.18µm
_0028_,2.16µm
_0049_,2.16µm
_0079_,2.16µm
_0100_,2.16µm
_0126_,2.16µm
_0132_,2.16µm
_0147_,2.16µm
_0152_,2.16µm
_0163_,2.16µm
_0164_,2.16µm
_0218_,2.16µm
_0222_,2.16µm
_0223_,2.16µm
_0242_,2.16µm
_0264_,2.16µm
_0354_,2.16µm
_0401_,2.16µm
_0430_,2.16µm
_0438_,2.16µm
_0475_,2.16µm
_0507_,2.16µm
_0510_,2.16µm
_0532_,2.16µm
_0577_,2.16µm
_0594_,2.16µm
_0647_,2.16µm
_0650_,2.16µm
_0652_,2.16µm
_0761_,2.16µm
_0779_,2.16µm
_0784_,2.16µm
_0873_,2.16µm
_0896_,2.16µm
_0956_,2.16µm
_1083_,2.16µm
_1351_,2.16µm
_1489_,2.16µm
_1523_,2.16µm
_1735_,2.16µm
_1871_,2.16µm
_1885_,2.16µm
_1898_,2.16µm
_1992_,2.16µm
_2034_,2.16µm
_2340_,2.16µm
_2632_,2.16µm
_2720_,2.16µm
_2784_,2.16µm
_2889_,2.16µm
aes_ciphertext\[105\],2.16µm
aes_ciphertext\[31\],2.16µm
aes_ciphertext\[43\],2.16µm
_2351_,2.155µm
_2996_,2.06µm
_0009_,2.04µm
_0146_,2.04µm
_1116_,2.04µm
_1312_,2.04µm
_1600_,2.04µm
_1691_,2.04µm
_1694_,2.04µm
_2041_,2.04µm
_2073_,2.04µm
_2081_,2.04µm
_2273_,2.04µm
_2370_,2.04µm
_2813_,2.04µm
_3030_,2.04µm
net1233,2.04µm
_0254_,2.005µm
_0299_,2.005µm
_0476_,2.005µm
_1022_,1.94µm
_2538_,1.94µm
net1081,1.94µm
net1230,1.94µm
net1351,1.94µm
net1374,1.94µm
net1386,1.94µm
net1410,1.94µm
net1423,1.94µm
net1516,1.94µm
_2131_,1.915µm
_0302_,1.86µm
_0150_,1.845µm
_0504_,1.845µm
_1318_,1.84µm
_1917_,1.84µm
_2052_,1.84µm
_2602_,1.84µm
_2656_,1.84µm
_2662_,1.84µm
_2680_,1.84µm
_2710_,1.84µm
_2888_,1.84µm
_2895_,1.84µm
_2913_,1.84µm
_2914_,1.84µm
_2918_,1.84µm
net938,1.84µm
net969,1.84µm
net1069,1.84µm
net1565,1.84µm
_0015_,1.82µm
_0039_,1.82µm
_0137_,1.82µm
_0220_,1.82µm
_0224_,1.82µm
_0266_,1.82µm
_0615_,1.82µm
_0632_,1.82µm
_0638_,1.82µm
_0668_,1.82µm
_0735_,1.82µm
_0791_,1.82µm
_0799_,1.82µm
_0817_,1.82µm
_0829_,1.82µm
net1018,1.82µm
net1111,1.82µm
net1389,1.82µm
_2516_,1.725µm
_1930_,1.72µm
_2266_,1.72µm
_2571_,1.72µm
_2547_,1.715µm
_2565_,1.715µm
_0021_,1.7µm
_0023_,1.7µm
_0035_,1.7µm
_0239_,1.7µm
_0284_,1.7µm
_0315_,1.7µm
_0419_,1.7µm
_0533_,1.7µm
_0610_,1.7µm
_0622_,1.7µm
_0634_,1.7µm
_0676_,1.7µm
_0682_,1.7µm
_0719_,1.7µm
_0737_,1.7µm
_0741_,1.7µm
_0750_,1.7µm
_0767_,1.7µm
_0822_,1.7µm
_0881_,1.7µm
_0888_,1.7µm
_0903_,1.7µm
_0907_,1.7µm
_0920_,1.7µm
_0991_,1.7µm
_1774_,1.7µm
_1796_,1.7µm
_1818_,1.7µm
_2209_,1.7µm
_2344_,1.7µm
_2350_,1.7µm
_2358_,1.7µm
_2407_,1.7µm
_2444_,1.7µm
aes_ciphertext\[100\],1.7µm
aes_ciphertext\[121\],1.7µm
aes_ciphertext\[1\],1.7µm
aes_ciphertext\[28\],1.7µm
aes_ciphertext\[38\],1.7µm
aes_ciphertext\[41\],1.7µm
aes_ciphertext\[65\],1.7µm
aes_ciphertext\[79\],1.7µm
aes_ciphertext\[81\],1.7µm
aes_ciphertext\[86\],1.7µm
net897,1.7µm
_2176_,1.685µm
_1800_,1.625µm
_1867_,1.625µm
_2584_,1.625µm
aes_ciphertext\[16\],1.6µm
_1852_,1.555µm
_0099_,1.545µm
_0649_,1.545µm
_1024_,1.48µm
net1218,1.48µm
net1338,1.48µm
net1447,1.48µm
net1470,1.48µm
net1513,1.48µm
net1523,1.48µm
_1905_,1.38µm
_1933_,1.38µm
_2110_,1.38µm
_2332_,1.38µm
_2576_,1.38µm
_2683_,1.38µm
_2731_,1.38µm
_2953_,1.38µm
net873,1.38µm
_0031_,1.36µm
_0065_,1.36µm
_0118_,1.36µm
_0124_,1.36µm
_0172_,1.36µm
_0208_,1.36µm
_0228_,1.36µm
_0277_,1.36µm
_0324_,1.36µm
_0381_,1.36µm
_0388_,1.36µm
_0389_,1.36µm
_0717_,1.36µm
_0734_,1.36µm
_0782_,1.36µm
_0800_,1.36µm
aes_ciphertext\[104\],1.26µm
_0345_,1.085µm
_0534_,1.085µm
_0995_,1.085µm
_1413_,1.02µm
_2728_,1.02µm
net1342,1.02µm
net1387,1.02µm
_1596_,0.92µm
_1941_,0.92µm
_2012_,0.92µm
_2019_,0.92µm
_2091_,0.92µm
_2093_,0.92µm
_2690_,0.92µm
aes_ciphertext\[116\],0.92µm
aes_ciphertext\[13\],0.92µm
aes_ciphertext\[21\],0.92µm
aes_ciphertext\[35\],0.92µm
aes_ciphertext\[37\],0.92µm
aes_ciphertext\[3\],0.92µm
aes_ciphertext\[48\],0.92µm
aes_ciphertext\[49\],0.92µm
aes_ciphertext\[50\],0.92µm
aes_ciphertext\[61\],0.92µm
aes_ciphertext\[68\],0.92µm
aes_ciphertext\[84\],0.92µm
aes_ciphertext\[85\],0.92µm
net270,0.92µm
_1902_,0.8µm
_2002_,0.8µm
_2027_,0.8µm
_1580_,0.46µm
_1749_,0.46µm
_2037_,0.46µm
_2083_,0.46µm
_2806_,0.46µm
_2837_,0.46µm
_2867_,0.46µm
_2955_,0.46µm
