net,length_um
_01035_,1.15015mm
_01032_,1.03436mm
_01034_,920.76µm
clk,913.18µm
_01351_,900.17µm
done_latched,879.19µm
_01204_,807.32µm
_01357_,801.01µm
net32,795.14µm
net2077,767.69µm
_03641_,757.37µm
_01036_,753.21µm
_01039_,727.86µm
net90,721.78µm
uo_out[5],717.82µm
net85,716.15µm
_01348_,709.99µm
key_reg\[97\],699.38µm
_09268_,694.49µm
_01037_,691.79µm
_08872_,691.62µm
net92,668.22µm
_01356_,666.97µm
u_aes128_baseline.u_aes_core.state_reg\[35\],666.16µm
net82,664.79µm
_02684_,658.9µm
_08835_,656.07µm
net84,652.73µm
net86,648µm
_09206_,644.16µm
_08162_,643.78µm
_09212_,642.82µm
net83,642.4µm
_03769_,640.87µm
clknet_0_clk,634.28µm
_07573_,626.24µm
net18,626.02µm
_02996_,622.605µm
_08704_,615.28µm
u_aes128_baseline.u_aes_core.state_reg\[81\],607.14µm
_09359_,603.76µm
_03209_,598.54µm
net901,593.58µm
_09340_,591.02µm
net19,590.08µm
net96,588.88µm
key_reg\[100\],582.95µm
_08989_,577.23µm
_06592_,577.12µm
net23,575.06µm
_00836_,566.73µm
_00838_,549.22µm
net1628,548.435µm
_00818_,547.93µm
u_aes128_baseline.u_aes_core.state_reg\[42\],545.32µm
uo_out[2],537.33µm
net899,534.88µm
_09264_,533.86µm
_01038_,527.75µm
u_aes128_baseline.u_aes_core.state_reg\[26\],527.36µm
_04195_,519.12µm
_09288_,514.18µm
_02515_,513.815µm
_02929_,509.16µm
_01251_,508.67µm
_03363_,507.64µm
net81,500.83µm
_01355_,496.78µm
_03776_,496.02µm
net373,495.3µm
_03735_,495.23µm
u_aes128_baseline.u_aes_core.state_reg\[33\],493.98µm
clknet_leaf_14_clk,493.9µm
_01030_,489.2µm
net24,488.41µm
_09204_,486.71µm
_07595_,486.52µm
_04076_,482µm
key_reg\[99\],481.52µm
_02870_,478.7µm
_09248_,478.05µm
_09334_,475.52µm
_09278_,474.02µm
uo_out[6],471.93µm
_09361_,471.09µm
_09276_,471.02µm
_09338_,470.74µm
net20,470.52µm
plaintext_reg\[100\],469.97µm
_01566_,468.84µm
net1060,462.14µm
net16,461.52µm
_03536_,459.46µm
uo_out[3],457.59µm
u_aes128_baseline.u_aes_core.state_reg\[121\],457.08µm
net44,456.88µm
uo_out[1],456.83µm
clknet_3_7_0_clk,455.1µm
u_aes128_baseline.u_aes_core.state_reg\[123\],454.03µm
_07623_,453µm
_03919_,452.72µm
net235,451.19µm
uo_out[4],450.15µm
_04347_,449.72µm
net42,448.56µm
net178,447.54µm
u_aes128_baseline.u_aes_core.state_reg\[34\],445.29µm
net965,445.09µm
_00799_,444.98µm
_02715_,444.66µm
uo_out[7],438.09µm
_01049_,435.61µm
net95,434.66µm
_09184_,434.335µm
plaintext_reg\[97\],431.2µm
_09332_,430.1µm
uo_out[0],429.19µm
_00822_,426.19µm
_03613_,425.99µm
plaintext_reg\[4\],424.26µm
_07569_,424.15µm
_04459_,422.15µm
u_aes128_baseline.u_aes_core.state_reg\[25\],420.92µm
_09208_,418.62µm
_09202_,416.98µm
_09348_,416.82µm
u_aes128_baseline.u_aes_core.state_reg\[122\],416.73µm
_03028_,416.52µm
net1646,416.44µm
u_aes128_baseline.u_aes_core.round_key_reg\[20\],415.98µm
net98,415.22µm
_08776_,414.37µm
net354,413.61µm
u_aes128_baseline.u_aes_core.state_reg\[126\],411.815µm
_09270_,411.15µm
net145,411.11µm
u_aes128_baseline.u_aes_core.round_key_reg\[21\],410.94µm
_09304_,410.76µm
_09252_,409.06µm
key_reg\[1\],406.78µm
net136,406.46µm
_02390_,404.52µm
u_aes128_baseline.u_aes_core.state_reg\[125\],403.86µm
u_aes128_baseline.u_aes_core.state_reg\[28\],403.42µm
u_aes128_baseline.u_aes_core.state_reg\[127\],401.275µm
u_aes128_baseline.u_aes_core.state_reg\[31\],401.07µm
_05402_,399.94µm
u_aes128_baseline.u_aes_core.round_key_reg\[17\],399.58µm
net1620,398.68µm
net143,398.18µm
net1988,396.66µm
ciphertext_reg\[127\],395.36µm
_05332_,395µm
_02133_,392.78µm
net22,392.7µm
_09196_,392.56µm
net198,392.5µm
clknet_3_5_0_clk,392.265µm
net21,391.96µm
u_aes128_baseline.u_aes_core.state_reg\[32\],391.62µm
net944,391.61µm
_04859_,389.22µm
_08158_,388.3µm
net1989,387.855µm
_09053_,384.9µm
_08485_,383.15µm
_08323_,380.26µm
_00820_,380.12µm
_09198_,379.82µm
_01350_,378.1µm
net25,377.58µm
net109,376.24µm
_01033_,376.17µm
net1976,375.48µm
_08807_,374.77µm
ciphertext_reg\[109\],373.04µm
net97,372.36µm
net587,372.31µm
_09214_,371.58µm
net1635,370.765µm
_07516_,370.56µm
net372,370.45µm
_01029_,368.26µm
_09244_,367.655µm
uio_out[5],367.31µm
_07526_,366.28µm
u_aes128_baseline.u_aes_core.state_reg\[24\],366.11µm
net1127,364.8µm
_03405_,364.58µm
net146,363.56µm
ciphertext_reg\[117\],362.78µm
u_aes128_baseline.u_aes_core.round_key_reg\[9\],362.52µm
key_reg\[4\],361.895µm
net1188,360.78µm
_05713_,360.16µm
u_aes128_baseline.u_aes_core.state_reg\[15\],358.3µm
_08929_,357.12µm
net1647,357.07µm
plaintext_reg\[101\],355.8µm
_06912_,355.1µm
net646,353.97µm
_01364_,351.285µm
_02262_,350.56µm
net1378,350.48µm
_04385_,349.86µm
net2044,349.75µm
_03633_,348.56µm
net370,347.25µm
_00870_,346.74µm
net353,346.06µm
_03541_,342.86µm
_00801_,342.82µm
_08899_,341.46µm
clknet_3_4_0_clk,340.92µm
_09254_,340.72µm
u_aes128_baseline.u_aes_core.round_key_reg\[5\],339.89µm
net3,338.81µm
_03246_,338.08µm
net878,338.02µm
net255,337.835µm
net1944,337.65µm
clknet_3_2_0_clk,337.07µm
net91,336.7µm
net608,331.835µm
_09190_,331.36µm
_08204_,330.96µm
clknet_3_6_0_clk,330.71µm
net2079,330.63µm
_05874_,330.42µm
ciphertext_reg\[100\],329.925µm
plaintext_reg\[99\],328.24µm
_09200_,327.46µm
_09188_,326.46µm
_00874_,326.04µm
net1377,326.01µm
u_aes128_baseline.u_aes_core.state_reg\[77\],324.8µm
_02612_,322.66µm
net603,322.48µm
_03958_,322.22µm
net1010,321.885µm
net775,320.5µm
net860,320.45µm
_03455_,319.06µm
_03600_,317.32µm
net2078,316.93µm
_01863_,316.72µm
_09282_,316.22µm
clknet_3_0_0_clk,314.9µm
_01384_,314.16µm
net89,312.98µm
net220,311.605µm
_01050_,311.31µm
clknet_3_1_0_clk,310.8µm
_04422_,310.64µm
_05469_,310.55µm
_05805_,307.93µm
_09186_,307.32µm
_07481_,306.14µm
_04962_,305.2µm
_07324_,304.89µm
key_reg\[24\],303.4µm
_09298_,302.84µm
_09210_,302.08µm
_09300_,302.035µm
net302,301.48µm
u_aes128_baseline.u_aes_core.state_reg\[45\],301.39µm
net497,300.73µm
_05837_,299.84µm
_01376_,299.815µm
net1990,297.77µm
_00866_,296.3µm
net854,295.75µm
net254,295.145µm
_05498_,295.14µm
_03902_,294.895µm
net107,294.28µm
_09314_,291.78µm
u_aes128_baseline.u_aes_core.state_reg\[27\],291.72µm
net520,291.715µm
net478,291.66µm
net992,291.26µm
_08513_,290.405µm
_00861_,290.12µm
_09346_,290µm
net1398,289.18µm
u_aes128_baseline.u_aes_core.round_key_reg\[10\],288.97µm
net1975,288.84µm
net1353,288.25µm
net8,288.22µm
_05336_,287.48µm
net278,287.145µm
u_aes128_baseline.u_aes_core.state_reg\[99\],287.01µm
net1204,286.66µm
net907,285.58µm
key_reg\[101\],285.48µm
u_aes128_baseline.u_aes_core.state_reg\[89\],284.92µm
ready_wire,284.62µm
_01612_,284.44µm
net137,284.14µm
_09274_,284.12µm
_03464_,283.58µm
net395,282.72µm
net619,282.54µm
_03608_,282.49µm
net276,282.4µm
_09250_,281.34µm
net493,281.11µm
_00803_,280.54µm
_07290_,279.39µm
_01812_,278.71µm
net601,278.02µm
_00868_,277.48µm
u_aes128_baseline.u_aes_core.round_key_reg\[6\],277.45µm
_07521_,276.88µm
net908,276.66µm
net1900,276.635µm
_07500_,275.84µm
_05653_,275.5µm
net243,275.21µm
_07730_,274.98µm
net774,274.15µm
net366,273.96µm
_00834_,273.7µm
net863,273.14µm
net876,272.68µm
_09246_,271.48µm
plaintext_reg\[102\],271.17µm
net1160,270.42µm
_00895_,269.62µm
ciphertext_reg\[119\],269.56µm
net785,269.48µm
net1033,269.475µm
net381,268.92µm
_09194_,267.98µm
_05924_,267.9µm
ciphertext_reg\[108\],267.68µm
_01379_,267.3µm
net598,266.98µm
_04082_,266.62µm
_07098_,265.95µm
_07863_,265.475µm
u_aes128_baseline.u_aes_core.state_reg\[29\],265.43µm
ciphertext_reg\[4\],265.28µm
_04306_,265.16µm
_09316_,265.01µm
u_aes128_baseline.u_aes_core.round_key_reg\[23\],264.95µm
key_reg\[102\],264.26µm
plaintext_reg\[24\],263.76µm
u_aes128_baseline.u_aes_core.round_key_reg\[18\],263.61µm
net252,263.07µm
clknet_leaf_1_clk,263.04µm
_02683_,262.92µm
net784,262.82µm
net538,262.67µm
_03053_,262.6µm
ciphertext_reg\[113\],262.6µm
_02023_,262.51µm
net385,262.45µm
_08737_,262µm
net555,261.94µm
net208,261.92µm
u_aes128_baseline.u_aes_core.state_reg\[78\],261.44µm
net397,261.12µm
net142,260.88µm
ciphertext_reg\[60\],260.05µm
net328,259.785µm
_03747_,259.57µm
net4,259.48µm
_01302_,259.38µm
_09192_,259.26µm
_03671_,258.915µm
clknet_leaf_37_clk,258.9µm
net546,258.54µm
net656,258.35µm
_01211_,258.16µm
net419,258.04µm
clknet_3_3_0_clk,257.865µm
u_aes128_baseline.u_aes_core.round_key_reg\[2\],257.44µm
_09319_,257.41µm
_04654_,257.355µm
net776,257.34µm
_06415_,257.15µm
_02014_,256.68µm
net1443,256.16µm
_00816_,255.62µm
_02743_,254.53µm
net186,253.91µm
_08479_,253.78µm
_01283_,253.73µm
net444,253.44µm
_05911_,252.93µm
_06556_,252.87µm
net326,252.8µm
net1777,252.73µm
_09183_,252.62µm
net265,252.49µm
_01233_,252.23µm
net696,252.15µm
_04099_,251.91µm
net100,251.78µm
u_aes128_baseline.u_aes_core.state_reg\[91\],251.52µm
net45,251.28µm
net452,251.02µm
_06402_,250.43µm
net632,250.06µm
net1093,249.7µm
_09266_,249.44µm
_03569_,249.3µm
net508,248.81µm
net94,248.75µm
u_aes128_baseline.u_aes_core.state_reg\[7\],248.72µm
_09242_,248.68µm
_05098_,247.86µm
net1020,247.35µm
_01795_,247.17µm
key_reg\[27\],247µm
net501,247µm
key_reg\[96\],246.96µm
_05186_,246.84µm
net865,246.66µm
net275,246.5µm
net549,246.285µm
_07551_,245.92µm
net903,245.71µm
net211,245.59µm
_07839_,245.4µm
_08096_,245.385µm
net889,245.3µm
net184,245.265µm
_09238_,244.54µm
_09187_,244.52µm
clknet_leaf_36_clk,244.02µm
u_aes128_baseline.u_aes_core.state_reg\[43\],243.46µm
net382,243.15µm
_07069_,243.11µm
_04692_,243.07µm
net350,242.395µm
net277,242.3µm
net457,241.85µm
_04902_,241.67µm
_07632_,241.57µm
net847,241.37µm
_09312_,241.06µm
_01284_,240.865µm
net635,240.86µm
net270,240.67µm
net722,240.59µm
net736,240.485µm
_01723_,240.33µm
_01347_,240.3µm
net5,239.58µm
net6,239.22µm
net1158,239.01µm
u_aes128_baseline.u_aes_core.state_reg\[44\],238.76µm
_03260_,238.73µm
net433,238.52µm
_07580_,238.5µm
clknet_leaf_27_clk,238.41µm
_04758_,237.95µm
net773,237.845µm
_09320_,237.84µm
net41,237.72µm
_09097_,237.56µm
_02165_,237.07µm
ciphertext_reg\[123\],237µm
ciphertext_reg\[112\],236.82µm
net9,236.82µm
_01254_,236.46µm
_08957_,236.2µm
net1678,236.14µm
net684,235.745µm
net1568,235.26µm
_06416_,235.11µm
net247,234.91µm
net194,234.835µm
net1063,234.76µm
net1404,234.67µm
_04256_,234.28µm
_03689_,233.92µm
_00832_,233.9µm
_04669_,233.84µm
_04381_,233.75µm
net387,233.695µm
ciphertext_reg\[5\],233.65µm
net1351,233.42µm
_07476_,232.83µm
net528,232.72µm
_09330_,232.62µm
plaintext_reg\[51\],231.82µm
net498,231.66µm
net1615,231.49µm
net765,231.45µm
u_aes128_baseline.u_aes_core.state_reg\[92\],231.34µm
net1729,231.18µm
_03661_,230.96µm
_06262_,230.91µm
_03249_,230.845µm
ciphertext_reg\[67\],230.74µm
_04728_,230.51µm
net544,230.505µm
net191,230.485µm
_08365_,230.44µm
plaintext_reg\[96\],230.42µm
net812,230.42µm
_01988_,230.16µm
_08020_,230.105µm
net216,230.065µm
key_reg\[103\],229.445µm
net905,229.38µm
net665,229.19µm
net921,229.13µm
net93,229µm
net232,228.855µm
net435,228.82µm
_04761_,228.65µm
net398,228.165µm
net535,227.81µm
_00859_,227.72µm
net759,227.68µm
net2012,227.45µm
net872,227.44µm
_03526_,227.28µm
net491,227.26µm
net698,226.82µm
_04663_,226.615µm
_06710_,226.36µm
_03494_,226.24µm
net1584,226.235µm
net167,226.22µm
u_aes128_baseline.u_aes_core.round_key_reg\[1\],226.03µm
_07655_,225.995µm
_06063_,225.84µm
net525,225.59µm
_08548_,225.5µm
net640,225.45µm
_04665_,225.325µm
_03281_,225.195µm
_01902_,225.16µm
net1625,225.05µm
net1870,224.78µm
_04782_,224.75µm
net1626,224.575µm
net1436,224.51µm
_05906_,224.48µm
net895,224.13µm
net886,223.78µm
u_aes128_baseline.u_aes_core.state_reg\[120\],223.67µm
net227,223.66µm
u_aes128_baseline.u_aes_core.round_key_reg\[30\],223.64µm
net362,223.52µm
_04644_,223.28µm
_09219_,222.98µm
_05970_,222.81µm
net846,222.74µm
net660,222.59µm
net201,222.575µm
u_aes128_baseline.u_aes_core.state_reg\[103\],222.5µm
_06012_,222.48µm
net460,222.42µm
clknet_leaf_61_clk,222.04µm
_04650_,221.545µm
net1679,221.35µm
_03673_,221.335µm
_04862_,221.21µm
_03778_,221.055µm
_06277_,221.04µm
_01624_,220.995µm
_07873_,220.94µm
_01288_,220.91µm
net432,220.755µm
net467,220.69µm
_01711_,220.58µm
_02898_,220.16µm
_01324_,220.07µm
net659,219.985µm
net1758,219.41µm
_01464_,219.21µm
net66,219.16µm
_07354_,218.92µm
net2076,218.91µm
net958,218.68µm
net724,218.66µm
net427,218.53µm
net1985,218.37µm
_01294_,218.115µm
net28,217.94µm
net10,217.88µm
_08009_,217.76µm
_01527_,217.63µm
net1681,217.62µm
_04647_,217.46µm
net824,217.31µm
net241,217.28µm
_09296_,217.24µm
net711,217.19µm
net868,217.19µm
_05308_,217.12µm
net589,217.04µm
net1599,216.895µm
net116,216.88µm
net138,216.79µm
_04783_,216.45µm
_01374_,216.1µm
_07918_,215.98µm
_01945_,215.94µm
_02963_,215.58µm
net396,215.56µm
_01674_,215.29µm
_07995_,215.265µm
net253,215.23µm
net881,215.22µm
_06285_,214.59µm
_06108_,214.58µm
_05016_,214.5µm
ciphertext_reg\[124\],214.48µm
_07036_,214.46µm
net361,214.32µm
net805,214.27µm
_01336_,214.25µm
net836,214.22µm
net553,214.19µm
net468,213.87µm
_03665_,213.785µm
ciphertext_reg\[24\],213.78µm
net1059,213.72µm
_01246_,213.66µm
key_reg\[29\],213.46µm
net1447,213.46µm
net649,213.235µm
net274,213.125µm
_02270_,212.975µm
net490,212.875µm
net249,212.86µm
net469,212.81µm
_06167_,212.77µm
net88,212.74µm
net1589,212.725µm
net27,212.48µm
_04520_,212.34µm
_01996_,212.17µm
_03700_,212.13µm
_04763_,212.01µm
net357,212µm
net869,211.92µm
_07908_,211.77µm
_01264_,211.72µm
u_aes128_baseline.u_aes_core.round_key_reg\[4\],211.62µm
_09065_,211.12µm
net342,211.105µm
net741,210.82µm
_07945_,210.68µm
_07996_,210.675µm
net358,210.48µm
_01740_,210.39µm
_04794_,210.18µm
net258,210.14µm
net87,209.76µm
net454,209.69µm
net806,209.65µm
net683,209.35µm
ciphertext_reg\[51\],209.26µm
_07853_,208.72µm
net548,208.64µm
_05162_,208.62µm
_06259_,208.08µm
ciphertext_reg\[1\],208.04µm
_01052_,207.9µm
net667,207.88µm
ciphertext_wire\[121\],207.56µm
net526,207.51µm
net513,207.24µm
_06271_,206.84µm
net7,206.84µm
clknet_leaf_13_clk,206.79µm
net892,206.7µm
net181,206.69µm
net230,206.56µm
_01273_,206.45µm
net412,206.425µm
clknet_leaf_39_clk,206.38µm
net219,206.355µm
_07766_,206.34µm
_01463_,206.275µm
net1630,206.21µm
_02004_,206.16µm
net692,206.08µm
net368,205.85µm
_02070_,205.81µm
_05933_,205.66µm
net735,205.45µm
net703,205.44µm
net505,205.08µm
net551,204.935µm
net2011,204.9µm
net1916,204.57µm
net188,204.31µm
_01722_,204.255µm
_04675_,204.21µm
_01040_,204.15µm
net511,204.07µm
net1728,203.83µm
net1532,203.71µm
ciphertext_reg\[105\],203.7µm
u_aes128_baseline.u_aes_core.state_reg\[30\],203.62µm
net1806,203.62µm
u_aes128_baseline.u_aes_core.round_key_reg\[25\],203.185µm
net349,203.155µm
u_aes128_baseline.u_aes_core.state_reg\[111\],203.05µm
ciphertext_reg\[0\],203.04µm
net705,203.005µm
net510,202.82µm
_01481_,202.81µm
ciphertext_reg\[115\],202.63µm
net798,202.605µm
ciphertext_wire\[122\],202.29µm
plaintext_reg\[37\],202.23µm
_08328_,202.16µm
u_aes128_baseline.u_aes_core.state_reg\[38\],201.82µm
_04091_,201.755µm
net415,201.745µm
net245,201.62µm
_08011_,201.3µm
net344,201.28µm
net337,201.1µm
net1823,201.06µm
_07679_,200.97µm
_04829_,200.745µm
net400,200.745µm
net1205,200.49µm
net960,200.45µm
_03415_,200.24µm
_08610_,200.24µm
_05955_,200.22µm
_01983_,200.13µm
net1435,200.06µm
u_aes128_baseline.u_aes_core.round_key_reg\[3\],199.92µm
_04092_,199.91µm
_04765_,199.82µm
net418,199.775µm
net447,199.77µm
net479,199.77µm
_01956_,199.71µm
_04711_,199.58µm
_07793_,199.48µm
_03267_,199.385µm
_02645_,199.38µm
u_aes128_baseline.u_aes_core.state_reg\[23\],199.175µm
net1902,199.13µm
net1343,198.73µm
net1380,198.73µm
_03948_,198.54µm
_07843_,198.54µm
_04090_,198.5µm
net244,198.44µm
net251,198.28µm
_05624_,198.22µm
net875,198.17µm
net411,198.03µm
net377,197.77µm
net407,197.665µm
_05439_,197.65µm
net26,197.48µm
_08068_,197.445µm
net655,197.37µm
net532,197.34µm
net1052,197.32µm
_04681_,197.29µm
net515,197.24µm
plaintext_reg\[41\],197.16µm
_06040_,197.07µm
_03314_,196.81µm
net630,196.66µm
_01227_,196.65µm
net464,196.58µm
net866,196.56µm
net1533,196.48µm
_04165_,196.35µm
_04199_,196.31µm
_04562_,196.3µm
ciphertext_reg\[107\],196.08µm
_01808_,196.05µm
net963,195.825µm
net873,195.68µm
u_aes128_baseline.u_aes_core.round_key_reg\[0\],195.66µm
net319,195.62µm
net1360,195.49µm
_06144_,195.485µm
_09236_,195.47µm
_04550_,195.27µm
_01632_,194.87µm
net1847,194.85µm
net1582,194.64µm
_01381_,194.44µm
net1355,194.3µm
net861,194.23µm
net1629,193.88µm
_06786_,193.87µm
net341,193.8µm
net482,193.68µm
net625,193.625µm
_01716_,193.615µm
_01240_,193.54µm
net213,193.47µm
net484,193.38µm
net1044,193.36µm
net771,193.32µm
net627,193.315µm
net364,193.3µm
net1775,193.25µm
_09112_,193.2µm
_06168_,193.005µm
net718,192.82µm
net30,192.7µm
net1981,192.24µm
net1824,191.86µm
net206,191.845µm
_01249_,191.82µm
net809,191.65µm
clknet_leaf_57_clk,191.46µm
net811,191.42µm
net294,191.39µm
clknet_leaf_26_clk,191.34µm
_04106_,191.305µm
net115,191.28µm
net392,191.2µm
net466,191.06µm
_01368_,190.96µm
ciphertext_reg\[52\],190.96µm
_01994_,190.9µm
_04154_,190.82µm
net1354,190.74µm
net1808,190.74µm
net238,190.39µm
net386,190.285µm
net664,190.285µm
_01245_,190.28µm
_05019_,190.12µm
_06054_,190.12µm
net1579,189.94µm
_02661_,189.67µm
net193,189.48µm
net835,189.41µm
_01326_,189.285µm
net475,189.28µm
net894,189.26µm
_06188_,189.15µm
net1704,188.815µm
net757,188.62µm
_06630_,188.56µm
_03684_,188.48µm
net1255,188.46µm
net732,188.445µm
_07415_,188.42µm
net1058,188.42µm
_01329_,188.265µm
net1296,188.11µm
net140,187.98µm
_07650_,187.95µm
net700,187.6µm
_01485_,187.53µm
net620,187.435µm
net234,187.42µm
_01310_,187.26µm
_01267_,187.24µm
u_aes128_baseline.u_aes_core.state_reg\[47\],187.24µm
net248,187.12µm
_01889_,186.935µm
_09069_,186.88µm
_01650_,186.7µm
_03171_,186.57µm
net196,186.515µm
net545,186.435µm
net1161,186.43µm
net1520,186.43µm
net489,186.23µm
net713,186.05µm
_08744_,185.96µm
_08069_,185.935µm
net291,185.615µm
_06388_,185.54µm
_09108_,185.47µm
_06424_,185.46µm
net1929,185.45µm
net1209,185.43µm
_06387_,185.16µm
ciphertext_reg\[92\],185.08µm
ciphertext_reg\[126\],184.92µm
_01505_,184.88µm
net187,184.84µm
_01483_,184.83µm
net272,184.83µm
net1539,184.72µm
net458,184.42µm
net149,184.28µm
net281,184.21µm
net1302,184.18µm
net825,184.07µm
net1007,184.03µm
_09020_,183.92µm
_03997_,183.88µm
_09284_,183.8µm
_02058_,183.53µm
net2043,183.42µm
_06164_,183.365µm
net271,183.31µm
net897,183.275µm
net1126,183.2µm
net1193,183.19µm
net859,183.02µm
_03683_,182.97µm
_01786_,182.93µm
_03670_,182.87µm
_09353_,182.84µm
net697,182.8µm
net155,182.73µm
_01614_,182.575µm
_01865_,182.49µm
_06426_,182.44µm
net676,182.34µm
net231,182.32µm
_08194_,182.235µm
net557,182.13µm
net902,182.11µm
_01232_,182.03µm
net1232,181.86µm
_01705_,181.7µm
net1530,181.61µm
_01623_,181.57µm
net1290,181.4µm
net1050,181.34µm
net1815,181.23µm
_06551_,181.22µm
ciphertext_reg\[59\],181.14µm
net36,181.08µm
_06041_,181.05µm
_02039_,181.015µm
net416,180.975µm
_07200_,180.92µm
_04539_,180.87µm
ciphertext_reg\[116\],180.82µm
net999,180.69µm
net1476,180.65µm
net770,180.55µm
net365,180.54µm
net527,180.43µm
ciphertext_reg\[65\],180.18µm
net185,180.17µm
_04729_,180.16µm
net706,180.14µm
net1356,180.13µm
net688,180.06µm
net239,179.88µm
net110,179.81µm
net496,179.665µm
net436,179.63µm
net380,179.62µm
net542,179.62µm
_01984_,179.585µm
net1773,179.49µm
_06078_,179.44µm
net574,179.375µm
net430,179.34µm
_07734_,179.26µm
net203,179.1µm
net623,179.085µm
net823,178.98µm
net1104,178.98µm
_04889_,178.88µm
_01317_,178.82µm
_03660_,178.7µm
net394,178.54µm
net983,178.53µm
net1253,178.52µm
net1105,178.5µm
_07912_,178.49µm
net477,178.485µm
_06260_,178.45µm
net767,178.32µm
_02040_,178.295µm
net1294,178.29µm
net891,178.2µm
net1097,178.18µm
ciphertext_reg\[125\],177.95µm
net367,177.72µm
key_reg\[31\],177.71µm
net1005,177.56µm
net807,177.54µm
_03695_,177.48µm
_04094_,177.34µm
_07851_,177.265µm
_06414_,177.255µm
_06819_,177.24µm
net877,177.19µm
_09178_,177.18µm
net242,177.12µm
net1801,177.095µm
_06333_,177.07µm
net209,177.035µm
net654,176.99µm
net343,176.95µm
net108,176.94µm
clknet_leaf_19_clk,176.94µm
net804,176.93µm
net1488,176.83µm
_06284_,176.755µm
_04252_,176.68µm
net1761,176.55µm
_01247_,176.54µm
net761,176.53µm
_06261_,176.52µm
_02087_,176.4µm
_06072_,176.4µm
net1206,176.275µm
net808,176.26µm
_04131_,176.21µm
ciphertext_wire\[125\],176.19µm
_03257_,176µm
_06589_,175.98µm
net207,175.865µm
net1770,175.84µm
_08444_,175.82µm
_01991_,175.78µm
_07625_,175.65µm
net189,175.6µm
clknet_leaf_12_clk,175.58µm
net139,175.48µm
net650,175.46µm
_04095_,175.4µm
net1335,175.05µm
_05428_,174.96µm
net1923,174.65µm
net957,174.61µm
net609,174.6µm
net1016,174.57µm
net264,174.47µm
u_aes128_baseline.u_aes_core.state_reg\[2\],174.24µm
_03690_,174.2µm
_04505_,174.135µm
net1737,174.13µm
_05465_,174.1µm
net152,174.02µm
net780,174.005µm
net228,173.89µm
net1113,173.69µm
net172,173.64µm
_07845_,173.63µm
_03353_,173.62µm
net267,173.32µm
_04896_,173.115µm
_04843_,173.04µm
net1674,173.015µm
_04493_,173µm
net1796,172.88µm
_03204_,172.79µm
_09306_,172.74µm
net1869,172.66µm
net968,172.54µm
net622,172.475µm
net721,172.35µm
_07842_,172.325µm
net858,172.28µm
_08090_,172.27µm
_01362_,172.11µm
net455,172.02µm
net338,171.87µm
net1434,171.86µm
net1102,171.815µm
net1256,171.7µm
net694,171.69µm
net1437,171.6µm
_07911_,171.58µm
net801,171.335µm
net671,171.24µm
_09342_,171.22µm
net431,171.115µm
_03914_,171.1µm
net681,171.085µm
_08003_,170.74µm
_07667_,170.72µm
_07997_,170.72µm
net492,170.59µm
clknet_leaf_21_clk,170.56µm
net967,170.52µm
net1395,170.49µm
net131,170.44µm
net1076,170.06µm
_01739_,170.055µm
_03964_,169.85µm
net1112,169.84µm
_04914_,169.81µm
_04086_,169.78µm
net1576,169.77µm
net1396,169.52µm
_04494_,169.41µm
_06145_,169.35µm
net898,169.32µm
_04507_,169.25µm
net813,169.2µm
net653,169.17µm
u_aes128_baseline.u_aes_core.state_reg\[66\],169.115µm
_08043_,168.97µm
net904,168.89µm
net959,168.82µm
_07803_,168.81µm
_01513_,168.7µm
_01214_,168.54µm
_08029_,168.44µm
net485,168.42µm
net214,168.385µm
net1898,168.21µm
_01331_,168.2µm
net1734,168.2µm
net413,168.16µm
net933,167.84µm
ciphertext_reg\[91\],167.835µm
net1350,167.715µm
u_aes128_baseline.u_aes_core.round_key_reg\[29\],167.57µm
net1481,167.55µm
_01916_,167.53µm
net321,167.5µm
_04731_,167.31µm
clknet_leaf_42_clk,167.25µm
net1152,167.24µm
net169,167.2µm
net1208,167.16µm
net1287,167.155µm
net1048,167.07µm
net1056,167.06µm
net260,166.95µm
_01274_,166.89µm
net429,166.83µm
net1610,166.82µm
clknet_leaf_60_clk,166.82µm
_07994_,166.78µm
ciphertext_reg\[93\],166.705µm
net1276,166.7µm
net1210,166.67µm
net900,166.64µm
_01333_,166.6µm
_08045_,166.375µm
net1888,166.32µm
net709,166.28µm
_01299_,166.25µm
net182,166.2µm
_01721_,166.18µm
_09260_,166.1µm
key_reg\[109\],166.035µm
net340,166.02µm
_03310_,166.01µm
net1774,165.98µm
net644,165.9µm
net2020,165.7µm
net263,165.6µm
net51,165.58µm
net1536,165.58µm
_03674_,165.535µm
_03642_,165.38µm
net1566,165.28µm
net369,165.12µm
net567,165.02µm
net390,164.815µm
u_aes128_baseline.u_aes_core.state_reg\[97\],164.73µm
net1619,164.68µm
_06945_,164.64µm
clknet_leaf_55_clk,164.64µm
net325,164.63µm
net1731,164.62µm
_01885_,164.53µm
ciphertext_reg\[104\],164.525µm
net31,164.52µm
net657,164.52µm
_01714_,164.47µm
_05061_,164.46µm
clknet_leaf_22_clk,164.44µm
net827,164.23µm
net487,164.22µm
net1853,164.07µm
u_aes128_baseline.u_aes_core.round_key_reg\[19\],163.94µm
_01686_,163.89µm
_06132_,163.81µm
_07850_,163.64µm
net500,163.58µm
clknet_leaf_3_clk,163.555µm
_01651_,163.515µm
net682,163.515µm
_06472_,163.42µm
net1352,163.4µm
net111,163.35µm
net585,163.35µm
_00857_,163.32µm
clknet_leaf_4_clk,163.3µm
net262,163.285µm
net402,163.245µm
clknet_leaf_6_clk,163.19µm
ciphertext_reg\[120\],163.18µm
net743,163.15µm
net1719,163.07µm
_04656_,162.97µm
net1047,162.95µm
net740,162.925µm
net296,162.85µm
_01712_,162.825µm
net781,162.76µm
_06169_,162.745µm
_01268_,162.73µm
_03831_,162.66µm
net34,162.66µm
u_aes128_baseline.u_aes_core.state_reg\[22\],162.64µm
net600,162.58µm
_06153_,162.565µm
u_aes128_baseline.u_aes_core.state_reg\[65\],162.48µm
_09225_,162.38µm
net1017,162.34µm
_03681_,162.33µm
net327,162.285µm
net399,162.21µm
_04587_,162.12µm
net331,162.11µm
net473,162.02µm
_01927_,161.92µm
net360,161.9µm
net1243,161.89µm
_01258_,161.885µm
net363,161.85µm
net758,161.67µm
clknet_leaf_56_clk,161.66µm
net890,161.5µm
net857,161.48µm
clknet_leaf_52_clk,161.43µm
net233,161.28µm
net755,161.22µm
net783,161.2µm
net1859,161.19µm
_06065_,161.14µm
net1190,160.93µm
_01901_,160.91µm
plaintext_reg\[44\],160.88µm
net1431,160.58µm
net384,160.46µm
_01499_,160.42µm
net1054,160.38µm
net414,160.34µm
net378,160.11µm
net355,160.05µm
net712,160µm
_04937_,159.98µm
net1780,159.9µm
net1247,159.82µm
_04127_,159.76µm
net1098,159.76µm
_01248_,159.65µm
net1234,159.62µm
net1593,159.59µm
_05966_,159.55µm
_04866_,159.4µm
_06084_,159.34µm
net1012,159.3µm
_07741_,159.29µm
net1876,159.12µm
_04772_,159.08µm
net509,159.08µm
_01279_,159.01µm
u_aes128_baseline.u_aes_core.state_reg\[4\],158.95µm
net680,158.925µm
_04580_,158.825µm
_07798_,158.81µm
_07955_,158.8µm
net445,158.785µm
_07630_,158.72µm
net309,158.72µm
clknet_leaf_34_clk,158.675µm
net311,158.65µm
_01745_,158.61µm
_06546_,158.45µm
net1572,158.39µm
_08038_,158.25µm
_04116_,158.2µm
_04871_,158.18µm
net1822,158µm
_00827_,157.9µm
net788,157.9µm
net842,157.84µm
clknet_leaf_41_clk,157.84µm
_05746_,157.8µm
net1014,157.8µm
net556,157.79µm
net737,157.73µm
net261,157.71µm
ciphertext_reg\[68\],157.69µm
_06960_,157.68µm
_06056_,157.675µm
net1820,157.66µm
net1252,157.61µm
net848,157.59µm
_07731_,157.55µm
_05134_,157.54µm
net1390,157.54µm
clknet_leaf_50_clk,157.54µm
net853,157.49µm
_04153_,157.39µm
_04413_,157.04µm
_03909_,157.02µm
net46,156.98µm
net33,156.9µm
net675,156.825µm
net879,156.74µm
_07893_,156.73µm
clknet_leaf_7_clk,156.7µm
net163,156.635µm
net880,156.61µm
net483,156.59µm
net1397,156.57µm
_08047_,156.56µm
_03682_,156.445µm
net613,156.44µm
_01713_,156.38µm
key_reg\[41\],156.365µm
net1402,156.36µm
_06375_,156.26µm
key_reg\[2\],156.24µm
_04577_,156.22µm
_04708_,156.2µm
_06405_,156.18µm
net1285,156.1µm
_02003_,155.91µm
net1727,155.9µm
net1866,155.87µm
ciphertext_reg\[84\],155.8µm
net440,155.785µm
_06421_,155.7µm
net795,155.64µm
net731,155.46µm
net693,155.43µm
net470,155.39µm
_06151_,155.365µm
plaintext_reg\[103\],155.25µm
net374,154.99µm
net1008,154.975µm
net1835,154.97µm
_04645_,154.96µm
net1680,154.96µm
net519,154.77µm
_03677_,154.76µm
net633,154.5µm
net151,154.49µm
net1540,154.44µm
clknet_leaf_58_clk,154.44µm
_04497_,154.39µm
clknet_leaf_33_clk,154.34µm
net1901,154.21µm
_01237_,154.18µm
net820,154.16µm
net256,154.1µm
_01782_,154.08µm
clknet_leaf_47_clk,154.06µm
net851,153.94µm
_06281_,153.87µm
_06085_,153.78µm
net289,153.77µm
_01225_,153.7µm
_02667_,153.66µm
net205,153.61µm
key_reg\[19\],153.59µm
_06536_,153.51µm
_07856_,153.5µm
net887,153.37µm
net979,153.36µm
u_aes128_baseline.u_aes_core.state_reg\[18\],153.14µm
net1855,153.08µm
ciphertext_reg\[2\],153.05µm
key_reg\[3\],152.97µm
net668,152.96µm
clknet_leaf_38_clk,152.92µm
net285,152.89µm
key_reg\[119\],152.84µm
net652,152.73µm
key_reg\[117\],152.64µm
net793,152.61µm
_06313_,152.56µm
_01741_,152.16µm
net1371,152.15µm
net1081,152.1µm
_07619_,151.98µm
net1537,151.98µm
_04771_,151.94µm
_01305_,151.79µm
_07883_,151.725µm
net1499,151.56µm
net629,151.52µm
net1064,151.51µm
net1733,151.51µm
ciphertext_reg\[6\],151.48µm
net708,151.39µm
net1491,151.3µm
net268,151.185µm
_08580_,151.18µm
_01330_,151.03µm
ciphertext_wire\[124\],151.02µm
_07711_,150.865µm
clknet_leaf_53_clk,150.76µm
net1771,150.73µm
net1450,150.7µm
net1212,150.58µm
net1445,150.54µm
net1487,150.51µm
net1818,150.41µm
_07799_,150.4µm
_01219_,150.33µm
net195,150.255µm
net494,150.24µm
_03254_,150.18µm
net426,150.115µm
_03720_,150.1µm
clknet_leaf_20_clk,149.88µm
net1790,149.81µm
_05392_,149.8µm
clknet_leaf_28_clk,149.8µm
net437,149.77µm
_04865_,149.76µm
net742,149.72µm
_01985_,149.7µm
u_aes128_baseline.u_aes_core.state_reg\[54\],149.56µm
_05948_,149.54µm
_02726_,149.49µm
net517,149.455µm
clknet_leaf_45_clk,149.44µm
_09256_,149.36µm
_09143_,149.26µm
net628,149.255µm
_04786_,149.13µm
net871,149.13µm
ciphertext_reg\[118\],149.12µm
net324,149.055µm
net1019,149.04µm
_09119_,149µm
u_aes128_baseline.u_aes_core.state_reg\[48\],148.94µm
_07763_,148.84µm
_01301_,148.77µm
_04659_,148.72µm
_04830_,148.685µm
plaintext_reg\[6\],148.62µm
_07962_,148.56µm
net537,148.48µm
net843,148.455µm
_07784_,148.4µm
_02015_,148.32µm
_04653_,148.27µm
net1685,148.22µm
net514,148.185µm
_04454_,148.15µm
net1937,148.14µm
_06045_,148.13µm
net1765,148.13µm
_01512_,148.125µm
net1248,148.08µm
net1405,147.96µm
net29,147.76µm
net204,147.695µm
net1810,147.69µm
net352,147.62µm
_06329_,147.54µm
_07565_,147.44µm
net1549,147.42µm
ciphertext_wire\[116\],147.38µm
_02186_,147.32µm
net750,147.32µm
net1340,147.31µm
net197,147.26µm
net951,147.21µm
_04906_,147.2µm
clknet_leaf_2_clk,147.13µm
_01318_,147.12µm
net449,147.045µm
net1809,147.01µm
net723,146.99µm
net816,146.97µm
key_reg\[43\],146.965µm
_08289_,146.95µm
net728,146.93µm
_05172_,146.9µm
ciphertext_reg\[81\],146.9µm
net1663,146.86µm
key_reg\[55\],146.765µm
_02435_,146.64µm
net1153,146.62µm
net1325,146.58µm
_01816_,146.45µm
_01213_,146.33µm
net388,146.29µm
_07646_,146.28µm
_01890_,146.24µm
_05786_,146.22µm
_01533_,146.155µm
_07635_,146.12µm
_01613_,146.03µm
_02636_,145.9µm
_07472_,145.89µm
net1393,145.855µm
net175,145.83µm
_04707_,145.82µm
u_aes128_baseline.u_aes_core.round_key_reg\[31\],145.76µm
net617,145.73µm
_09102_,145.68µm
net162,145.64µm
_07846_,145.62µm
net893,145.585µm
net1061,145.55µm
u_aes128_baseline.u_aes_core.state_reg\[69\],145.54µm
net1085,145.44µm
net1585,145.43µm
_01987_,145.42µm
_07658_,145.26µm
net729,145.26µm
net976,145.25µm
net1504,145.22µm
_01306_,145.195µm
net286,145.105µm
_05902_,145.065µm
_01634_,145.03µm
_03262_,145.02µm
_04863_,145.02µm
_01262_,144.86µm
_02054_,144.84µm
net942,144.815µm
net1690,144.81µm
net424,144.74µm
_01729_,144.71µm
net379,144.655µm
net1861,144.6µm
net471,144.55µm
net516,144.54µm
net1763,144.54µm
_07892_,144.525µm
_06376_,144.51µm
net1878,144.46µm
net65,144.42µm
net1282,144.37µm
_06134_,143.985µm
_01479_,143.88µm
net512,143.82µm
_01900_,143.81µm
_04936_,143.8µm
net687,143.685µm
net1514,143.64µm
net518,143.62µm
_07633_,143.6µm
net40,143.6µm
net1791,143.59µm
_07732_,143.525µm
net837,143.485µm
net298,143.48µm
net1521,143.43µm
_01989_,143.42µm
_07705_,143.34µm
_04546_,143.23µm
net1638,143.2µm
clknet_leaf_44_clk,143.14µm
_00802_,143.12µm
net672,143.08µm
net720,143.05µm
_07654_,142.96µm
net177,142.94µm
net405,142.925µm
_04877_,142.91µm
clknet_leaf_32_clk,142.88µm
_04970_,142.86µm
net523,142.71µm
net1881,142.71µm
net583,142.685µm
net1463,142.64µm
net1157,142.57µm
net179,142.53µm
net1943,142.52µm
clknet_leaf_10_clk,142.5µm
_08514_,142.49µm
_02028_,142.405µm
_01231_,142.36µm
_06148_,142.31µm
_09290_,142.24µm
net739,142.21µm
_08512_,142.18µm
_02071_,142.11µm
_04088_,142.1µm
net1207,142.1µm
net503,142.085µm
net1466,142.07µm
net1111,142.05µm
clknet_leaf_16_clk,142.02µm
_01629_,141.99µm
clknet_leaf_18_clk,141.985µm
net1154,141.97µm
ciphertext_wire\[1\],141.96µm
net448,141.91µm
net2075,141.86µm
net293,141.82µm
u_aes128_baseline.u_aes_core.state_reg\[60\],141.8µm
net552,141.8µm
net1426,141.76µm
_02094_,141.74µm
net1910,141.735µm
clknet_leaf_23_clk,141.7µm
net1242,141.62µm
net476,141.59µm
net37,141.54µm
key_reg\[108\],141.49µm
_01242_,141.46µm
_06667_,141.425µm
_00872_,141.37µm
net1489,141.35µm
net794,141.31µm
u_aes128_baseline.u_aes_core.state_reg\[10\],141.3µm
key_reg\[6\],141.29µm
net406,141.215µm
_03737_,141.2µm
net1376,141.15µm
_03709_,141.1µm
net2055,141.07µm
net564,141.06µm
net1942,140.97µm
net1109,140.92µm
u_aes128_baseline.u_aes_core.state_reg\[84\],140.84µm
u_aes128_baseline.u_aes_core.state_reg\[82\],140.82µm
net1199,140.805µm
net312,140.72µm
net1461,140.7µm
clknet_leaf_29_clk,140.685µm
clknet_leaf_48_clk,140.68µm
ciphertext_wire\[16\],140.66µm
net1107,140.66µm
_08218_,140.655µm
_06417_,140.58µm
net1166,140.58µm
_08104_,140.55µm
_02193_,140.51µm
net1686,140.45µm
net226,140.36µm
net849,140.34µm
net670,140.27µm
net821,140.26µm
net47,140.24µm
_08269_,140.2µm
net1043,140.11µm
net1219,140.025µm
net442,139.97µm
_00807_,139.96µm
_01986_,139.93µm
net1421,139.905µm
net547,139.81µm
ciphertext_wire\[3\],139.66µm
net554,139.53µm
net658,139.52µm
_09030_,139.5µm
net17,139.48µm
net1137,139.435µm
_06154_,139.42µm
net336,139.38µm
_01754_,139.37µm
_01309_,139.325µm
clknet_leaf_40_clk,139.29µm
net661,139.22µm
clknet_leaf_30_clk,139.12µm
net499,139.1µm
_06051_,139.065µm
net1391,139µm
_01662_,138.995µm
_08017_,138.99µm
net1392,138.95µm
net701,138.93µm
net1986,138.91µm
net300,138.82µm
_06239_,138.775µm
net814,138.76µm
net506,138.74µm
u_aes128_baseline.u_aes_core.state_reg\[6\],138.66µm
_05999_,138.655µm
_09310_,138.64µm
net1468,138.61µm
_01728_,138.58µm
_01371_,138.565µm
net1813,138.55µm
net1182,138.535µm
net463,138.5µm
_01223_,138.48µm
net685,138.46µm
_01815_,138.45µm
clknet_leaf_43_clk,138.45µm
_04839_,138.4µm
clknet_leaf_5_clk,138.39µm
net1782,138.12µm
net1578,138.1µm
_04567_,138.07µm
u_aes128_baseline.u_aes_core.state_reg\[102\],138.01µm
net428,137.94µm
_05528_,137.935µm
_06348_,137.925µm
_03746_,137.91µm
_06003_,137.75µm
clknet_leaf_59_clk,137.75µm
_04540_,137.73µm
net710,137.71µm
_06043_,137.7µm
net2060,137.69µm
net420,137.67µm
_01370_,137.64µm
net1788,137.6µm
clknet_leaf_31_clk,137.56µm
net1201,137.51µm
net1865,137.48µm
u_aes128_baseline.u_aes_core.state_reg\[113\],137.46µm
net1819,137.43µm
net636,137.42µm
_01255_,137.37µm
net486,137.32µm
net832,137.3µm
_06146_,137.235µm
_06542_,137.215µm
_03841_,137.18µm
net1053,137.14µm
_06287_,137.1µm
net833,136.96µm
net1164,136.95µm
net607,136.92µm
_06380_,136.89µm
_01648_,136.79µm
_04953_,136.68µm
_04648_,136.49µm
net752,136.445µm
net888,136.34µm
_01898_,136.33µm
_06263_,136.3µm
net616,136.3µm
_03250_,136.14µm
net799,136µm
_01476_,135.98µm
_04296_,135.92µm
net11,135.92µm
net1754,135.92µm
clknet_leaf_8_clk,135.78µm
net844,135.74µm
net1298,135.68µm
_03288_,135.655µm
_06659_,135.62µm
net1671,135.54µm
_04162_,135.43µm
ciphertext_reg\[82\],135.42µm
clknet_leaf_17_clk,135.42µm
net332,135.36µm
net156,135.31µm
net707,135.31µm
net1497,135.28µm
net977,135.19µm
_03378_,135.08µm
net39,135.04µm
net1474,134.93µm
net43,134.84µm
_07649_,134.8µm
net453,134.76µm
_07870_,134.71µm
net1778,134.68µm
_05388_,134.64µm
net1479,134.545µm
_06394_,134.52µm
net389,134.48µm
_01477_,134.44µm
_07753_,134.43µm
ciphertext_reg\[22\],134.4µm
net1099,134.34µm
clknet_leaf_24_clk,134.24µm
net1492,134.12µm
net679,134.08µm
_03255_,134.04µm
_01773_,134.02µm
_07896_,133.965µm
_02264_,133.92µm
clknet_leaf_49_clk,133.92µm
_03278_,133.86µm
net1580,133.86µm
net443,133.74µm
_04521_,133.69µm
_04561_,133.59µm
net1385,133.58µm
_06343_,133.55µm
net2054,133.54µm
net1237,133.42µm
net1496,133.4µm
net1966,133.4µm
net1490,133.325µm
net715,133.315µm
net1838,133.22µm
_08028_,133.075µm
_07261_,133.02µm
net666,133.01µm
key_reg\[36\],132.96µm
_04646_,132.92µm
_03701_,132.88µm
_02019_,132.86µm
net199,132.855µm
clknet_leaf_54_clk,132.74µm
_07677_,132.61µm
_04699_,132.58µm
_04714_,132.55µm
_09149_,132.52µm
net356,132.52µm
net1147,132.5µm
_03696_,132.37µm
net826,132.34µm
_08023_,132.335µm
_06433_,132.24µm
key_reg\[87\],132.24µm
net1279,132.21µm
net438,132.195µm
net702,132.1µm
net819,132.07µm
ciphertext_reg\[57\],131.98µm
_03368_,131.955µm
net1189,131.94µm
_04651_,131.93µm
net1577,131.92µm
net283,131.915µm
net1522,131.82µm
_01547_,131.78µm
net504,131.77µm
_04759_,131.72µm
_04105_,131.68µm
net643,131.68µm
net451,131.61µm
_08985_,131.48µm
net521,131.48µm
net174,131.46µm
_04712_,131.445µm
net529,131.44µm
net359,131.42µm
net1165,131.38µm
_01287_,131.35µm
_01866_,131.27µm
_01947_,131.24µm
_04687_,131.2µm
net961,131.14µm
net588,131.04µm
net1469,130.945µm
_07670_,130.92µm
_07848_,130.92µm
net1804,130.92µm
_09294_,130.88µm
net541,130.79µm
net749,130.755µm
net1526,130.73µm
net1250,130.64µm
_05291_,130.62µm
net160,130.575µm
_02147_,130.495µm
_04527_,130.44µm
net403,130.35µm
net1736,130.27µm
key_reg\[25\],130.25µm
net764,130.185µm
_02325_,130.175µm
_02018_,130.17µm
_04513_,130.14µm
_09240_,130.02µm
_04887_,129.97µm
net1954,129.97µm
_08860_,129.96µm
net830,129.875µm
net229,129.86µm
net637,129.845µm
net383,129.84µm
_01680_,129.82µm
_04835_,129.8µm
net1534,129.8µm
net1095,129.61µm
net423,129.59µm
net662,129.52µm
net308,129.5µm
plaintext_reg\[2\],129.46µm
net1616,129.26µm
_01877_,129.18µm
_02046_,129.12µm
_04062_,129.1µm
net822,129.1µm
net786,129.08µm
net1399,129.08µm
net1718,128.99µm
clknet_leaf_51_clk,128.97µm
net461,128.905µm
net777,128.9µm
_03754_,128.78µm
net913,128.74µm
net1535,128.74µm
net1605,128.69µm
net1194,128.65µm
net745,128.64µm
net1779,128.64µm
ciphertext_wire\[8\],128.56µm
net2038,128.51µm
_04250_,128.5µm
net1545,128.5µm
net1708,128.48µm
_04780_,128.44µm
_06074_,128.39µm
_01226_,128.32µm
net1358,128.26µm
net1300,128.2µm
_04248_,128.16µm
_06075_,128.16µm
_01493_,127.96µm
net1086,127.96µm
_02421_,127.93µm
_05520_,127.91µm
net779,127.89µm
_08041_,127.86µm
net1400,127.86µm
_04068_,127.85µm
_09091_,127.68µm
_07718_,127.65µm
ciphertext_reg\[73\],127.56µm
net558,127.49µm
_04897_,127.485µm
net815,127.45µm
net417,127.42µm
_05570_,127.36µm
_01789_,127.33µm
net1854,127.315µm
_04901_,127.295µm
key_reg\[78\],127.28µm
net409,127.24µm
_01470_,127.18µm
net1494,127.15µm
net1884,127.15µm
net1612,127.06µm
plaintext_reg\[54\],126.94µm
net855,126.93µm
net1301,126.88µm
_01894_,126.84µm
_04174_,126.835µm
_04652_,126.8µm
net441,126.66µm
net763,126.63µm
net1932,126.59µm
net810,126.57µm
_06689_,126.52µm
net1587,126.485µm
net1329,126.44µm
net2042,126.29µm
_06158_,126.28µm
_04098_,126.16µm
_06082_,126.15µm
net1065,126.15µm
net236,126.12µm
_08006_,126.09µm
_02167_,126.08µm
net1555,125.83µm
net1367,125.74µm
_04134_,125.71µm
net314,125.68µm
net966,125.68µm
_04998_,125.64µm
_06124_,125.42µm
_06867_,125.4µm
_03263_,125.385µm
_04802_,125.305µm
net339,125.26µm
net1831,125.24µm
_06750_,125.23µm
net864,125.17µm
net762,125.16µm
net1799,125.11µm
_05960_,125.06µm
net1552,125.03µm
_03779_,124.98µm
net867,124.97µm
net746,124.94µm
net1583,124.93µm
_04331_,124.905µm
_01498_,124.87µm
net1026,124.855µm
net642,124.745µm
net595,124.72µm
net956,124.67µm
_07511_,124.55µm
_04503_,124.48µm
u_aes128_baseline.u_aes_core.state_reg\[52\],124.45µm
_08091_,124.44µm
net1422,124.44µm
_02406_,124.425µm
net1781,124.42µm
_04143_,124.36µm
net1752,124.315µm
clknet_leaf_35_clk,124.315µm
net1162,124.31µm
net1749,124.285µm
_04881_,124.24µm
net834,124.23µm
_06018_,124.22µm
_06231_,124.21µm
net550,124.2µm
net1624,124.18µm
_06183_,124.08µm
net540,124.04µm
_02340_,123.98µm
_03114_,123.88µm
_06088_,123.85µm
net1432,123.79µm
_06392_,123.76µm
net1087,123.745µm
_04939_,123.625µm
_01311_,123.62µm
net148,123.48µm
_01879_,123.42µm
net1633,123.39µm
_06070_,123.355µm
net1588,123.29µm
_01997_,123.255µm
_08074_,123.25µm
_07505_,123.24µm
net1677,123.22µm
net730,123.15µm
_05057_,123.09µm
_04753_,123.08µm
_01929_,123.07µm
_04093_,122.98µm
_06270_,122.98µm
_01796_,122.92µm
net1401,122.91µm
u_aes128_baseline.u_aes_core.state_reg\[57\],122.85µm
net1915,122.82µm
_01472_,122.78µm
net964,122.73µm
net1295,122.69µm
_06379_,122.66µm
_01619_,122.645µm
net870,122.57µm
_04705_,122.56µm
ciphertext_reg\[3\],122.52µm
net393,122.425µm
_04770_,122.42µm
net906,122.3µm
_07967_,122.28µm
net1470,122.26µm
net615,122.175µm
net1293,122.07µm
net1672,122.04µm
_09191_,122µm
net391,121.96µm
_06155_,121.95µm
_04526_,121.88µm
_02799_,121.86µm
net114,121.77µm
_06292_,121.755µm
_01496_,121.75µm
net1079,121.73µm
_06598_,121.68µm
net1710,121.67µm
_06328_,121.64µm
net645,121.63µm
net531,121.6µm
_04982_,121.57µm
net1203,121.52µm
net1850,121.48µm
net596,121.45µm
_04530_,121.35µm
_06306_,121.3µm
_06076_,121.21µm
net507,121.205µm
_04109_,121.2µm
net133,121.16µm
net1510,121.14µm
net1650,121.105µm
_08037_,121.1µm
_09058_,121.1µm
_04489_,121.04µm
net1523,120.99µm
_01308_,120.96µm
u_aes128_baseline.u_aes_core.state_reg\[74\],120.96µm
net699,120.94µm
ciphertext_wire\[61\],120.9µm
_04934_,120.84µm
net800,120.82µm
net1286,120.8µm
net315,120.74µm
net1084,120.675µm
net1066,120.65µm
clknet_leaf_46_clk,120.65µm
net67,120.64µm
u_aes128_baseline.u_aes_core.round_key_reg\[8\],120.62µm
_07640_,120.59µm
net1173,120.59µm
net778,120.45µm
net2007,120.43µm
net691,120.42µm
_08405_,120.4µm
net641,120.375µm
net1151,120.375µm
net1974,120.37µm
_03366_,120.36µm
net1594,120.33µm
_03065_,120.22µm
net772,120.19µm
net1794,120.115µm
net831,120.08µm
_00840_,119.98µm
_01271_,119.975µm
net408,119.97µm
net1372,119.88µm
clknet_leaf_9_clk,119.8µm
net727,119.75µm
_05692_,119.56µm
net1833,119.54µm
net1684,119.51µm
net1169,119.49µm
net1922,119.42µm
net1374,119.365µm
net839,119.345µm
_04085_,119.34µm
clknet_leaf_15_clk,119.3µm
u_aes128_baseline.u_aes_core.state_reg\[59\],119.295µm
net1933,119.29µm
net1357,119.28µm
_03643_,119.22µm
net1660,119.17µm
_01323_,119.16µm
net295,119.14µm
net52,119.12µm
net1427,119.085µm
net1001,119.04µm
_03855_,118.98µm
_02031_,118.96µm
net306,118.94µm
_06282_,118.895µm
key_reg\[44\],118.89µm
net1784,118.84µm
net1283,118.79µm
_04033_,118.74µm
net1653,118.7µm
_04241_,118.68µm
_03271_,118.66µm
net673,118.59µm
net1009,118.56µm
net1326,118.5µm
net38,118.48µm
_03758_,118.46µm
_08897_,118.46µm
net12,118.44µm
net1407,118.43µm
net1342,118.3µm
net1623,118.29µm
_05840_,118.28µm
net48,118.2µm
net1236,118µm
net927,117.89µm
net1768,117.875µm
_08709_,117.85µm
net1456,117.84µm
net1634,117.78µm
net1272,117.755µm
_07762_,117.75µm
net1595,117.74µm
net1263,117.705µm
_06226_,117.68µm
_04124_,117.66µm
_02836_,117.59µm
net1040,117.515µm
net911,117.45µm
ciphertext_reg\[89\],117.385µm
net690,117.285µm
_01952_,117.27µm
_04089_,117.12µm
net716,117.08µm
_04869_,117.04µm
net401,117.04µm
net719,116.99µm
_03291_,116.93µm
_07645_,116.83µm
_04502_,116.82µm
_06165_,116.81µm
_05099_,116.8µm
net1273,116.75µm
_07634_,116.68µm
_01291_,116.63µm
net539,116.59µm
net1483,116.55µm
_01253_,116.52µm
net621,116.44µm
net817,116.44µm
net704,116.4µm
net2035,116.39µm
net566,116.36µm
net1548,116.32µm
net1843,116.26µm
_04667_,116.25µm
net1652,116.22µm
net1485,116.2µm
clknet_leaf_11_clk,116.2µm
_08841_,116.1µm
net287,116.06µm
net818,116.045µm
net1394,116.04µm
_04625_,116.01µm
_02237_,115.98µm
net571,115.98µm
_04100_,115.96µm
_02271_,115.89µm
plaintext_reg\[78\],115.89µm
net1786,115.845µm
_06272_,115.82µm
net1939,115.77µm
net856,115.68µm
net1030,115.63µm
net1682,115.595µm
net1198,115.48µm
net218,115.465µm
_01939_,115.46µm
net1596,115.46µm
net1462,115.4µm
u_aes128_baseline.u_aes_core.state_reg\[49\],115.38µm
net1563,115.325µm
_06267_,115.24µm
net769,115.24µm
_02291_,115.23µm
net1110,115.14µm
u_aes128_baseline.u_aes_core.state_reg\[72\],115.12µm
net883,115.12µm
net1892,115.12µm
_05353_,115.02µm
_01604_,114.9µm
net651,114.86µm
_04450_,114.84µm
_03726_,114.82µm
_04341_,114.81µm
net481,114.8µm
net1860,114.63µm
_06439_,114.62µm
net802,114.59µm
_08396_,114.53µm
net1195,114.46µm
net984,114.4µm
net62,114.38µm
net1317,114.37µm
net1430,114.37µm
net1415,114.34µm
net1657,114.335µm
_01515_,114.26µm
net1807,114.26µm
_06304_,114.18µm
u_aes128_baseline.u_aes_core.state_reg\[117\],114.1µm
_07674_,114.09µm
net1918,114.08µm
_01467_,114.065µm
net153,114.06µm
net524,114.04µm
net938,113.99µm
net1895,113.99µm
_04678_,113.98µm
net1897,113.98µm
_04921_,113.85µm
net1101,113.81µm
_07841_,113.75µm
_06210_,113.675µm
_01803_,113.63µm
_01701_,113.6µm
net1125,113.56µm
net1957,113.55µm
net1511,113.505µm
ciphertext_reg\[106\],113.45µm
ciphertext_wire\[89\],113.44µm
net1571,113.17µm
net1006,113.16µm
_08290_,113.12µm
net1830,113.11µm
_08164_,113.02µm
_05219_,113.01µm
net647,112.905µm
net1172,112.9µm
_01957_,112.88µm
u_aes128_baseline.u_aes_core.state_reg\[9\],112.88µm
key_reg\[76\],112.86µm
_05595_,112.85µm
net909,112.74µm
_05148_,112.66µm
net744,112.64µm
net1484,112.64µm
net1960,112.64µm
_03423_,112.62µm
_05934_,112.6µm
_09344_,112.6µm
_01633_,112.5µm
_04123_,112.49µm
net280,112.48µm
net689,112.46µm
_07737_,112.44µm
net796,112.43µm
_04243_,112.35µm
ciphertext_reg\[83\],112.34µm
net333,112.32µm
_08198_,112.3µm
net850,112.26µm
net935,112.26µm
net1743,112.26µm
_03270_,112.22µm
net1880,112.21µm
net1291,112.2µm
net1805,112.08µm
_06294_,112.05µm
_08004_,112.02µm
net1246,112.02µm
net1513,111.975µm
_06383_,111.94µm
_09328_,111.92µm
ciphertext_reg\[102\],111.9µm
net1812,111.9µm
net154,111.84µm
_07656_,111.83µm
_03284_,111.8µm
_07061_,111.78µm
net1732,111.76µm
net2062,111.75µm
_06038_,111.71µm
net669,111.69µm
_04387_,111.64µm
_07827_,111.62µm
net1609,111.58µm
net1730,111.455µm
net1464,111.44µm
net57,111.4µm
net474,111.38µm
net56,111.33µm
_07859_,111.32µm
_04774_,111.25µm
_01915_,111.235µm
_01556_,111.17µm
net1642,111.16µm
net1920,111.07µm
net165,111.05µm
net1106,111.05µm
_03771_,110.96µm
net1267,110.945µm
net1529,110.94µm
_02347_,110.9µm
_01868_,110.89µm
u_aes128_baseline.u_aes_core.state_reg\[110\],110.8µm
net1739,110.77µm
_01238_,110.76µm
net1131,110.73µm
_06068_,110.72µm
net994,110.71µm
net1952,110.68µm
_03989_,110.58µm
_03427_,110.56µm
_06815_,110.54µm
ciphertext_reg\[85\],110.52µm
_05071_,110.48µm
_08082_,110.4µm
net1136,110.355µm
_07671_,110.33µm
_07869_,110.24µm
_02354_,110.22µm
net751,110.18µm
net1725,110.16µm
net1373,110.13µm
_05537_,110.12µm
net1389,110.1µm
net1383,110.09µm
net1096,110.08µm
_02464_,109.995µm
_01660_,109.96µm
_01736_,109.96µm
net1575,109.96µm
net495,109.93µm
net576,109.8µm
_01373_,109.795µm
net1613,109.77µm
net1821,109.655µm
net49,109.58µm
net1949,109.57µm
net1346,109.48µm
net1849,109.47µm
net1478,109.44µm
_03869_,109.42µm
net1789,109.42µm
net1858,109.33µm
net522,109.3µm
net1667,109.24µm
net790,109.235µm
net1278,109.195µm
net1645,109.18µm
_01766_,109.07µm
net1364,109.07µm
net1547,109.04µm
net1592,108.945µm
_02007_,108.94µm
ciphertext_wire\[120\],108.94µm
net1688,108.82µm
_06543_,108.77µm
_07749_,108.75µm
net1935,108.73µm
net1448,108.615µm
net998,108.61µm
net1057,108.575µm
_04538_,108.56µm
net1280,108.51µm
_01793_,108.5µm
net1787,108.45µm
_02417_,108.42µm
net1769,108.4µm
net1140,108.37µm
net1454,108.34µm
_06059_,108.275µm
net1816,108.19µm
net1094,108.13µm
net920,108.08µm
_06403_,108.07µm
net1498,108.04µm
_07906_,108.02µm
u_aes128_baseline.u_aes_core.state_reg\[3\],108.02µm
_05925_,107.98µm
net1034,107.945µm
_01220_,107.93µm
_04787_,107.91µm
net726,107.9µm
net112,107.85µm
_06195_,107.83µm
_03761_,107.78µm
_04496_,107.74µm
_07750_,107.74µm
ciphertext_reg\[97\],107.73µm
net914,107.72µm
net1148,107.68µm
net1362,107.66µm
_04660_,107.56µm
_07849_,107.56µm
_01822_,107.54µm
net422,107.475µm
net1221,107.32µm
_04795_,107.24µm
net1163,107.23µm
_04740_,107.2µm
net348,107.2µm
net1409,107.16µm
net1982,107.16µm
_06907_,107.14µm
net1525,107.1µm
u_aes128_baseline.u_aes_core.state_reg\[58\],107.05µm
_02479_,107.01µm
net1041,106.96µm
_04541_,106.895µm
_06406_,106.88µm
_05177_,106.84µm
_02679_,106.83µm
net1446,106.75µm
u_aes128_baseline.u_aes_core.state_reg\[100\],106.68µm
net1145,106.59µm
_07493_,106.56µm
net323,106.56µm
net159,106.51µm
_02067_,106.485µm
net1877,106.45µm
_01541_,106.42µm
_08103_,106.42µm
net1706,106.42µm
net50,106.4µm
net1238,106.39µm
_08015_,106.36µm
_01375_,106.295µm
net782,106.29µm
_01869_,106.28µm
net1159,106.265µm
_04219_,106.24µm
net157,106.24µm
_01584_,106.22µm
_07150_,106.14µm
_04819_,106.08µm
_06250_,106.07µm
net1442,105.89µm
u_aes128_baseline.u_aes_core.state_reg\[70\],105.88µm
_07487_,105.86µm
net973,105.82µm
_01489_,105.815µm
_06382_,105.81µm
_02263_,105.76µm
_09339_,105.68µm
net1611,105.675µm
net1261,105.66µm
net580,105.52µm
_06652_,105.5µm
_04916_,105.48µm
_08373_,105.44µm
net1015,105.44µm
_08228_,105.43µm
net1211,105.42µm
_02496_,105.4µm
_03814_,105.37µm
u_aes128_baseline.u_aes_core.state_reg\[8\],105.36µm
ciphertext_reg\[114\],105.3µm
net158,105.3µm
_03881_,105.26µm
net1692,105.195µm
_01430_,105.18µm
_01456_,105.085µm
net1313,105.05µm
_04547_,105µm
net663,104.97µm
net1668,104.94µm
_06036_,104.92µm
net1049,104.9µm
_01297_,104.88µm
_06459_,104.87µm
net760,104.76µm
_04226_,104.755µm
_09125_,104.74µm
net840,104.73µm
net602,104.71µm
net1425,104.71µm
_05002_,104.7µm
_04873_,104.62µm
_04504_,104.555µm
_06062_,104.54µm
net1621,104.53µm
_01666_,104.5µm
net1021,104.49µm
_07884_,104.48µm
_04568_,104.47µm
_07167_,104.4µm
_06502_,104.26µm
_08394_,104.21µm
_06386_,104.16µm
_03716_,104.1µm
net1214,104.08µm
net1627,103.99µm
net118,103.98µm
_02497_,103.965µm
net2018,103.96µm
net480,103.9µm
net1215,103.875µm
net1288,103.8µm
net989,103.78µm
_07629_,103.72µm
_01473_,103.71µm
net987,103.685µm
net1698,103.57µm
_04528_,103.52µm
ciphertext_wire\[119\],103.44µm
_01217_,103.42µm
_06206_,103.4µm
net1528,103.4µm
net1167,103.36µm
net126,103.34µm
net593,103.34µm
net714,103.3µm
net1564,103.29µm
_02188_,103.175µm
net1072,103.16µm
_04817_,103.13µm
net1640,103.12µm
_01696_,103.1µm
net1370,103.1µm
key_reg\[116\],103.095µm
_07681_,103.06µm
net259,103.055µm
_06435_,103µm
net1438,102.99µm
_01289_,102.94µm
net2033,102.91µm
_04702_,102.85µm
net1558,102.845µm
_01280_,102.84µm
net1622,102.84µm
net1868,102.84µm
_07638_,102.72µm
_02226_,102.675µm
_05026_,102.655µm
_07959_,102.63µm
net345,102.62µm
_01704_,102.61µm
_01781_,102.58µm
_03325_,102.56µm
_07895_,102.55µm
net2028,102.52µm
_03499_,102.4µm
_04689_,102.335µm
net874,102.31µm
u_aes128_baseline.u_aes_core.state_reg\[0\],102.22µm
net1071,102.205µm
_07733_,102.2µm
_07957_,102.2µm
net648,102.17µm
key_reg\[14\],102.15µm
net61,102.1µm
_04378_,102.06µm
_06274_,102.06µm
net2213,102µm
net1694,101.98µm
u_aes128_baseline.u_aes_core.state_reg\[1\],101.96µm
net1570,101.96µm
net1231,101.9µm
net584,101.88µm
net1416,101.84µm
_04883_,101.73µm
net931,101.68µm
net318,101.64µm
_04666_,101.625µm
net1168,101.62µm
net1230,101.62µm
_07751_,101.605µm
_05687_,101.6µm
_01652_,101.48µm
_01517_,101.465µm
net1259,101.46µm
_05254_,101.44µm
_01298_,101.415µm
_09133_,101.36µm
_04605_,101.25µm
_08217_,101.22µm
_07743_,101.18µm
_06176_,101.16µm
net1543,101.13µm
_03312_,101.08µm
_09049_,101.06µm
_02409_,101.04µm
u_aes128_baseline.u_aes_core.state_reg\[94\],101.02µm
_03812_,100.98µm
net1746,100.92µm
net1424,100.9µm
net1103,100.89µm
ciphertext_reg\[23\],100.88µm
_07778_,100.86µm
net882,100.8µm
net1741,100.785µm
_01751_,100.74µm
_07111_,100.69µm
_08042_,100.68µm
net1379,100.68µm
_04344_,100.66µm
_03949_,100.64µm
_01760_,100.58µm
_03235_,100.58µm
_08109_,100.54µm
net534,100.53µm
net113,100.48µm
_03345_,100.47µm
net1604,100.28µm
_01637_,100.26µm
_01750_,100.23µm
_01762_,100.23µm
net2010,100.23µm
_07615_,100.2µm
_01567_,100.185µm
net1659,100.13µm
net1767,100.12µm
_04854_,100.07µm
_09139_,100.06µm
_04674_,100.05µm
u_aes128_baseline.u_aes_core.state_reg\[62\],100.04µm
net1643,100µm
_03874_,99.98µm
net1574,99.93µm
net1344,99.92µm
_04516_,99.84µm
net1177,99.81µm
_06219_,99.78µm
_03252_,99.72µm
net1841,99.66µm
_06067_,99.61µm
net1369,99.495µm
net1554,99.475µm
_06233_,99.46µm
plaintext_reg\[12\],99.44µm
_04684_,99.42µm
_07533_,99.37µm
plaintext_reg\[98\],99.36µm
net717,99.36µm
_06961_,99.32µm
_01867_,99.28µm
net212,99.2µm
key_reg\[54\],99.175µm
net1817,99.16µm
_02038_,99.155µm
_04510_,99.15µm
_01892_,99.1µm
_06344_,98.86µm
_03279_,98.83µm
_01523_,98.79µm
net605,98.78µm
_03880_,98.76µm
_05976_,98.75µm
_03019_,98.68µm
_06181_,98.65µm
_06856_,98.54µm
_06286_,98.525µm
net1928,98.48µm
net439,98.44µm
_01668_,98.4µm
_04793_,98.32µm
_06991_,98.275µm
net1495,98.26µm
net1745,98.26µm
net754,98.215µm
net1607,98.165µm
_07771_,98.11µm
_02105_,98.1µm
net791,98.08µm
net1244,98.06µm
_07351_,98.04µm
net738,98.02µm
net1696,97.98µm
net753,97.96µm
net1254,97.93µm
_06642_,97.91µm
_02610_,97.9µm
_02721_,97.88µm
net1070,97.88µm
net734,97.85µm
_01536_,97.815µm
net1175,97.81µm
net1887,97.78µm
net1037,97.765µm
_01919_,97.76µm
_01276_,97.75µm
key_reg\[91\],97.72µm
net1987,97.69µm
_03745_,97.595µm
net1381,97.58µm
net1197,97.5µm
net404,97.475µm
net677,97.43µm
_06545_,97.4µm
_06157_,97.36µm
net122,97.35µm
net1051,97.29µm
_06396_,97.28µm
net1747,97.2µm
_03821_,97.08µm
_01871_,97.04µm
net1909,97.04µm
_02151_,97.03µm
net161,97.02µm
net1527,97µm
net1632,97µm
net1359,96.98µm
_01060_,96.83µm
net948,96.77µm
_09036_,96.68µm
_01316_,96.64µm
net202,96.64µm
net1651,96.64µm
_06633_,96.62µm
net1124,96.6µm
_04217_,96.565µm
key_reg\[30\],96.53µm
net1341,96.53µm
_03303_,96.51µm
_09280_,96.48µm
net1306,96.455µm
_07780_,96.45µm
net1608,96.45µm
net1130,96.445µm
_04065_,96.43µm
_06990_,96.4µm
net1170,96.36µm
_03241_,96.28µm
_05895_,96.18µm
_01494_,96.15µm
net376,96.15µm
net845,96.14µm
_03740_,96.1µm
_04788_,96.1µm
net756,96.06µm
net1631,96.06µm
_03678_,96.035µm
net1553,96.025µm
net638,95.985µm
_09075_,95.98µm
net1467,95.96µm
net1863,95.94µm
_08281_,95.8µm
_03666_,95.79µm
_03272_,95.77µm
_06249_,95.74µm
_05080_,95.68µm
_08189_,95.65µm
_01216_,95.64µm
net1451,95.64µm
net1600,95.63µm
_04216_,95.59µm
_08135_,95.59µm
_07643_,95.535µm
_02553_,95.46µm
net614,95.44µm
_07445_,95.39µm
_04135_,95.355µm
net1757,95.32µm
_03080_,95.26µm
_01891_,95.21µm
net1792,95.15µm
_06791_,95.08µm
_09262_,95.04µm
ciphertext_reg\[101\],95.04µm
net1541,95.02µm
net304,95µm
net1814,94.98µm
_04519_,94.945µm
_04102_,94.94µm
_06361_,94.86µm
_01234_,94.84µm
_03667_,94.825µm
_01999_,94.77µm
net1764,94.76µm
net1375,94.73µm
net1155,94.68µm
_01791_,94.64µm
_07717_,94.57µm
net1128,94.555µm
net1691,94.5µm
net1062,94.49µm
net459,94.46µm
net725,94.44µm
net1702,94.44µm
net1251,94.4µm
net410,94.38µm
key_reg\[13\],94.35µm
_06716_,94.34µm
net317,94.24µm
net1951,94.22µm
net1228,94.2µm
_03904_,94.14µm
net733,94.12µm
net828,94.115µm
_08661_,94.04µm
net925,94µm
_04722_,93.81µm
net1046,93.795µm
_04111_,93.72µm
_09302_,93.72µm
net346,93.7µm
net1315,93.695µm
_01659_,93.68µm
_04564_,93.64µm
_04097_,93.59µm
net1649,93.57µm
_09153_,93.56µm
_01511_,93.52µm
net971,93.47µm
_08845_,93.45µm
_02357_,93.44µm
_01763_,93.435µm
_06166_,93.395µm
_05084_,93.33µm
net950,93.3µm
net2209,93.3µm
_09322_,93.26µm
net1241,93.24µm
net1141,93.17µm
net533,92.955µm
net1129,92.935µm
_04609_,92.88µm
net862,92.86µm
net1639,92.845µm
net1776,92.8µm
net1023,92.74µm
net1036,92.73µm
_03632_,92.72µm
_04534_,92.7µm
_04191_,92.68µm
net1225,92.64µm
net1091,92.6µm
_03282_,92.59µm
_07410_,92.59µm
net2001,92.55µm
net1336,92.535µm
net1798,92.5µm
_01278_,92.48µm
net582,92.44µm
_06499_,92.42µm
_01361_,92.4µm
ciphertext_reg\[7\],92.39µm
u_aes128_baseline.u_aes_core.state_reg\[17\],92.38µm
net1834,92.32µm
_01257_,92.3µm
net1864,92.22µm
net1557,92.2µm
net1844,92.17µm
net1655,92.15µm
net1617,92.14µm
plaintext_reg\[25\],92.12µm
_06843_,92.1µm
_04508_,92.045µm
_06310_,92.035µm
_04682_,92.02µm
_01990_,91.8µm
_07835_,91.8µm
_03100_,91.78µm
_01715_,91.755µm
net926,91.735µm
net2016,91.69µm
net1517,91.62µm
_04525_,91.58µm
_06777_,91.58µm
_06475_,91.55µm
_01459_,91.44µm
_09164_,91.41µm
_05106_,91.37µm
net299,91.33µm
_01873_,91.32µm
ciphertext_reg\[110\],91.26µm
_07937_,91.18µm
net929,91.15µm
net1762,91.14µm
ciphertext_reg\[122\],91.12µm
_04620_,91.02µm
net747,91.005µm
net1074,90.995µm
_06588_,90.98µm
net1997,90.95µm
net1042,90.945µm
_08706_,90.86µm
_04448_,90.84µm
_01293_,90.82µm
_06371_,90.77µm
key_reg\[114\],90.77µm
_04949_,90.66µm
_08675_,90.66µm
_01993_,90.64µm
net1689,90.6µm
_04115_,90.57µm
key_reg\[51\],90.44µm
net2067,90.41µm
net2063,90.4µm
_04297_,90.36µm
_06238_,90.34µm
_04364_,90.33µm
_02285_,90.31µm
net1793,90.31µm
_04024_,90.3µm
net1265,90.28µm
_04139_,90.26µm
net1457,90.22µm
_02893_,90.18µm
net1676,90.175µm
_01461_,90.165µm
net1176,90.165µm
net1852,90.08µm
net1233,90.075µm
net1550,90.04µm
net1144,90.03µm
_01244_,90µm
_03952_,89.985µm
plaintext_reg\[35\],89.96µm
_04464_,89.92µm
_00842_,89.9µm
_02650_,89.84µm
net176,89.82µm
_05525_,89.69µm
net1614,89.66µm
net1636,89.655µm
net2006,89.63µm
_03920_,89.58µm
net1132,89.505µm
_03304_,89.48µm
net1245,89.48µm
_08493_,89.44µm
_04204_,89.43µm
_05189_,89.4µm
_06450_,89.32µm
_07723_,89.22µm
_03724_,89.145µm
net1406,89.14µm
net217,89.13µm
net1803,89.06µm
net748,89.01µm
net1471,88.995µm
net1382,88.955µm
net1227,88.91µm
u_aes128_baseline.u_aes_core.round_key_reg\[15\],88.9µm
net1187,88.875µm
_06307_,88.76µm
net1473,88.695µm
_03387_,88.67µm
net1978,88.61µm
net945,88.6µm
net1959,88.59µm
_04649_,88.58µm
_04792_,88.58µm
net465,88.515µm
net626,88.44µm
net425,88.43µm
_04128_,88.37µm
_04806_,88.34µm
_00855_,88.32µm
net792,88.305µm
_04746_,88.28µm
_01444_,88.2µm
net1925,88.13µm
_03993_,88.12µm
_04125_,88.105µm
_05267_,88.06µm
_02475_,88.02µm
net1121,87.925µm
net952,87.88µm
net1606,87.86µm
_04812_,87.83µm
_01315_,87.76µm
_04161_,87.75µm
_03110_,87.74µm
_03498_,87.72µm
_06485_,87.64µm
_02430_,87.56µm
_01897_,87.54µm
net1078,87.47µm
_04905_,87.46µm
net1257,87.46µm
_01888_,87.44µm
_02966_,87.4µm
_05984_,87.36µm
_06177_,87.35µm
_06275_,87.325µm
net1697,87.3µm
net1766,87.28µm
net1200,87.245µm
net1893,87.24µm
net884,87.22µm
net1363,87.21µm
_02564_,87.16µm
net1699,87.02µm
net1222,86.88µm
net2204,86.84µm
_04890_,86.83µm
_03717_,86.78µm
net2065,86.76µm
net1538,86.74µm
_04265_,86.64µm
_08525_,86.56µm
net1890,86.54µm
_07963_,86.52µm
_01840_,86.495µm
_07935_,86.48µm
net1271,86.465µm
_07294_,86.44µm
_07628_,86.44µm
_04820_,86.42µm
_04342_,86.41µm
_07921_,86.385µm
_05083_,86.235µm
net1569,86.2µm
net1551,86.15µm
net1018,86.05µm
u_aes128_baseline.u_aes_core.state_reg\[11\],86.02µm
net1945,86µm
_04964_,85.96µm
net446,85.96µm
net1940,85.94µm
net978,85.93µm
net1703,85.93µm
_05613_,85.92µm
_07738_,85.9µm
net1715,85.87µm
_01875_,85.86µm
net2207,85.8µm
_04022_,85.54µm
ciphertext_reg\[56\],85.525µm
_06441_,85.47µm
net536,85.44µm
net1239,85.44µm
net1839,85.22µm
net1308,85.15µm
_05232_,85.12µm
_01215_,85.1µm
ciphertext_reg\[76\],85.1µm
u_aes128_baseline.u_aes_core.round_key_reg\[16\],85.06µm
net918,85.06µm
key_reg\[115\],85.04µm
_01639_,85.02µm
_07297_,85.02µm
_09082_,85µm
_06186_,84.99µm
_08945_,84.94µm
net1299,84.9µm
_04874_,84.89µm
_04551_,84.885µm
net1641,84.815µm
net1324,84.75µm
_07014_,84.72µm
_07894_,84.7µm
net975,84.68µm
_06288_,84.66µm
_03760_,84.62µm
u_aes128_baseline.u_aes_core.state_reg\[76\],84.6µm
net1874,84.5µm
_03300_,84.4µm
_01778_,84.38µm
_07797_,84.36µm
net916,84.32µm
ciphertext_reg\[99\],84.28µm
net1753,84.24µm
_07542_,84.2µm
net1258,84.145µm
_01243_,84.12µm
net1956,84.12µm
_06312_,84.07µm
ciphertext_wire\[110\],84.07µm
u_aes128_baseline.u_aes_core.state_reg\[106\],84.06µm
_06675_,84.04µm
_05295_,84.02µm
_01928_,84µm
_01615_,83.93µm
net797,83.87µm
net1120,83.84µm
_04126_,83.82µm
_04930_,83.76µm
net1361,83.755µm
net1349,83.71µm
net2025,83.71µm
net1171,83.7µm
_02076_,83.645µm
_03327_,83.62µm
_07175_,83.58µm
net434,83.57µm
net1035,83.56µm
u_aes128_baseline.u_aes_core.state_reg\[86\],83.5µm
_01703_,83.46µm
net1004,83.455µm
net1449,83.455µm
net974,83.44µm
net1759,83.44µm
_08233_,83.38µm
net2004,83.37µm
_01270_,83.36µm
_06736_,83.34µm
_02041_,83.32µm
net1907,83.32µm
_07787_,83.315µm
u_aes128_baseline.u_aes_core.state_reg\[14\],83.28µm
net562,83.22µm
_06221_,83.2µm
_05144_,83.19µm
net586,83.14µm
_07653_,83.07µm
net986,83.06µm
net1886,83.04µm
net305,83.02µm
net1027,82.995µm
_07636_,82.99µm
_08060_,82.96µm
_08032_,82.88µm
net787,82.77µm
_01830_,82.76µm
_06686_,82.76µm
net932,82.73µm
net1503,82.72µm
_05359_,82.71µm
_09109_,82.7µm
_01490_,82.69µm
net1972,82.67µm
_03465_,82.65µm
net982,82.645µm
_01905_,82.64µm
_03753_,82.64µm
net1310,82.615µm
u_aes128_baseline.u_aes_core.state_reg\[63\],82.6µm
_05408_,82.52µm
_01378_,82.5µm
net1322,82.41µm
_01626_,82.39µm
net1108,82.34µm
_04805_,82.33µm
plaintext_reg\[13\],82.32µm
net1321,82.24µm
_04200_,82.21µm
_02020_,82.2µm
_05674_,82.12µm
_05307_,82.06µm
_04598_,82.02µm
net1695,82.01µm
_06241_,81.98µm
net766,81.98µm
net1894,81.91µm
_03816_,81.82µm
net1011,81.78µm
ciphertext_reg\[69\],81.76µm
_05352_,81.74µm
_01282_,81.7µm
net1889,81.7µm
_04571_,81.6µm
net1213,81.595µm
_09113_,81.58µm
key_reg\[98\],81.5µm
_04175_,81.44µm
_06408_,81.415µm
_02314_,81.39µm
_01880_,81.35µm
net1519,81.34µm
net1419,81.3µm
_04999_,81.29µm
ciphertext_wire\[104\],81.26µm
_03287_,81.215µm
_04886_,81.2µm
_01853_,81.15µm
net922,81.065µm
_04050_,80.96µm
net1867,80.96µm
net2048,80.92µm
net1334,80.87µm
net1601,80.78µm
_06821_,80.775µm
net1089,80.74µm
net1871,80.74µm
_03694_,80.715µm
net1045,80.71µm
_04523_,80.7µm
_03749_,80.58µm
_07789_,80.52µm
_08911_,80.52µm
net1797,80.5µm
net1687,80.35µm
_07801_,80.33µm
clknet_leaf_0_clk,80.3µm
_01468_,80.24µm
net2202,80.22µm
net543,80.195µm
_09258_,80.1µm
_00808_,80.04µm
_02090_,80.04µm
_02518_,80.04µm
_01973_,80.03µm
_01910_,79.99µm
net1531,79.98µm
net103,79.94µm
_01366_,79.91µm
_02566_,79.9µm
_04878_,79.9µm
net1760,79.88µm
net1883,79.87µm
net1119,79.75µm
_06269_,79.72µm
net1996,79.69µm
net129,79.62µm
_04278_,79.6µm
net955,79.58µm
ciphertext_reg\[19\],79.56µm
ciphertext_reg\[49\],79.56µm
_03598_,79.54µm
_04691_,79.52µm
_01409_,79.48µm
_02816_,79.46µm
_06053_,79.44µm
net936,79.38µm
_04690_,79.34µm
_04776_,79.33µm
_03575_,79.28µm
_01261_,79.26µm
_08248_,79.16µm
net1414,79.14µm
_03354_,79.12µm
_03825_,79.08µm
_07904_,79.08µm
_06751_,79.04µm
net1403,79.01µm
_08722_,78.955µm
_08064_,78.945µm
_04898_,78.94µm
_01516_,78.92µm
net1444,78.92µm
net1586,78.9µm
_07040_,78.88µm
_08249_,78.82µm
_07644_,78.8µm
net1441,78.8µm
_06847_,78.68µm
_08431_,78.68µm
u_aes128_baseline.u_aes_core.state_reg\[12\],78.64µm
net910,78.64µm
_06467_,78.62µm
ciphertext_reg\[13\],78.58µm
net1184,78.58µm
net2046,78.58µm
net962,78.47µm
net1500,78.43µm
net1025,78.415µm
_03408_,78.33µm
net1665,78.27µm
net1846,78.26µm
net1226,78.25µm
plaintext_reg\[14\],78.15µm
_06008_,78.13µm
net1486,78.12µm
_01883_,78.08µm
net1345,78.02µm
net2057,78.02µm
net530,77.98µm
net1992,77.98µm
net1970,77.95µm
_04492_,77.94µm
net1832,77.92µm
_06423_,77.86µm
net1179,77.84µm
_05146_,77.81µm
_02764_,77.8µm
_01677_,77.78µm
_07755_,77.755µm
_02951_,77.74µm
net1848,77.74µm
net164,77.72µm
_01682_,77.66µm
_07865_,77.66µm
_01487_,77.63µm
net456,77.55µm
net1993,77.52µm
_07165_,77.5µm
net1755,77.46µm
_03787_,77.34µm
_04597_,77.34µm
net1408,77.215µm
plaintext_reg\[55\],77.21µm
_06032_,77.12µm
u_aes128_baseline.u_aes_core.state_reg\[67\],77.12µm
_06401_,77.06µm
_04212_,76.98µm
u_aes128_baseline.u_aes_core.rcon_reg\[7\],76.94µm
_04846_,76.91µm
_02052_,76.9µm
_06296_,76.89µm
_03767_,76.88µm
_06336_,76.86µm
_05102_,76.84µm
_06891_,76.82µm
net1515,76.76µm
_07647_,76.72µm
net1480,76.72µm
_03603_,76.7µm
_06763_,76.69µm
net1429,76.68µm
net1802,76.68µm
net1742,76.64µm
_01281_,76.635µm
_01543_,76.56µm
_07999_,76.48µm
net565,76.48µm
_00919_,76.44µm
_03800_,76.44µm
_04791_,76.42µm
net1332,76.32µm
net1903,76.3µm
_07652_,76.28µm
net1417,76.255µm
_01555_,76.22µm
_03663_,76.18µm
_07860_,76.14µm
u_aes128_baseline.u_aes_core.state_reg\[104\],76.14µm
net1968,76.1µm
_08773_,76.07µm
net1264,76.05µm
_01628_,76.04µm
_06621_,75.96µm
net789,75.96µm
_03136_,75.95µm
u_aes128_baseline.u_aes_core.state_reg\[90\],75.94µm
_01826_,75.92µm
net1735,75.9µm
net1477,75.89µm
_07857_,75.875µm
_04762_,75.78µm
net1412,75.76µm
_07809_,75.7µm
_02103_,75.685µm
_06669_,75.66µm
_02005_,75.63µm
_01644_,75.58µm
_05592_,75.54µm
_04831_,75.48µm
_08561_,75.4µm
_04573_,75.36µm
_07348_,75.32µm
net591,75.3µm
_08369_,75.295µm
_07971_,75.28µm
_03261_,75.25µm
net1083,75.2µm
net1191,75.19µm
_05366_,75.18µm
u_aes128_baseline.u_aes_core.state_reg\[96\],75.18µm
_03693_,75.17µm
net1433,75.12µm
key_reg\[118\],75.11µm
net1459,75.06µm
_03782_,75.02µm
_04452_,75.02µm
net502,74.98µm
net1181,74.98µm
net1556,74.915µm
_01522_,74.81µm
_02546_,74.8µm
_04593_,74.78µm
_03925_,74.74µm
_08150_,74.68µm
_07938_,74.66µm
u_aes128_baseline.u_aes_core.state_reg\[51\],74.64µm
net2051,74.63µm
_06436_,74.62µm
plaintext_reg\[28\],74.54µm
_06117_,74.52µm
_01731_,74.515µm
net923,74.4µm
net1712,74.38µm
_07844_,74.36µm
net1428,74.34µm
net1453,74.28µm
_06023_,74.27µm
net1948,74.24µm
_03839_,74.22µm
_08852_,74.2µm
net1999,74.15µm
_03818_,74.13µm
net1726,74.1µm
_04379_,73.98µm
net1518,73.92µm
net1562,73.92µm
net141,73.88µm
net1581,73.87µm
_05683_,73.86µm
_04251_,73.84µm
net1116,73.825µm
_06039_,73.81µm
_07023_,73.78µm
net928,73.78µm
_08616_,73.72µm
key_reg\[107\],73.67µm
_05288_,73.64µm
_06887_,73.64µm
net946,73.64µm
_05597_,73.62µm
net1304,73.595µm
net953,73.58µm
_06940_,73.54µm
_08676_,73.46µm
_05804_,73.44µm
_07381_,73.44µm
net171,73.44µm
net1995,73.44µm
_03280_,73.38µm
_05656_,73.32µm
_01817_,73.3µm
net1700,73.26µm
_06438_,73.23µm
_04298_,73.2µm
net2059,73.18µm
net1998,73.17µm
net1274,73.135µm
_02302_,73.105µm
_02218_,73.04µm
_03295_,73.04µm
_07805_,73.04µm
net1598,72.96µm
_02192_,72.935µm
net1440,72.9µm
_06460_,72.82µm
_06174_,72.815µm
net919,72.725µm
_05142_,72.685µm
_03268_,72.67µm
_01559_,72.645µm
_07440_,72.64µm
net2027,72.56µm
net934,72.555µm
_08187_,72.53µm
net1270,72.48µm
net144,72.46µm
_02720_,72.4µm
_03424_,72.24µm
_01222_,72.19µm
_03372_,72.15µm
_06330_,72.14µm
net2049,72.13µm
net1501,72.12µm
_01528_,72.02µm
_06293_,71.99µm
_02576_,71.98µm
_07627_,71.98µm
_03792_,71.94µm
_02089_,71.88µm
_03238_,71.84µm
_06407_,71.77µm
_01771_,71.76µm
net472,71.7µm
_06218_,71.68µm
_06264_,71.67µm
key_reg\[18\],71.66µm
plaintext_reg\[79\],71.66µm
_05379_,71.64µm
_04112_,71.6µm
_08545_,71.6µm
_09076_,71.6µm
net1142,71.59µm
_06316_,71.43µm
ciphertext_reg\[44\],71.36µm
_07421_,71.34µm
plaintext_reg\[95\],71.32µm
_07388_,71.3µm
net1235,71.29µm
net1748,71.27µm
_04947_,71.22µm
_06412_,71.215µm
net1836,71.205µm
net1114,71.195µm
_03752_,71.18µm
_06699_,71.18µm
_06047_,71.16µm
net1055,71.12µm
_03712_,71.09µm
_02731_,70.96µm
net1560,70.875µm
_04736_,70.86µm
_07492_,70.82µm
_04270_,70.8µm
net1751,70.8µm
_03293_,70.76µm
net1482,70.635µm
net1508,70.58µm
_04935_,70.54µm
net1411,70.54µm
net768,70.53µm
_04879_,70.525µm
_02480_,70.44µm
_07203_,70.44µm
_08056_,70.44µm
_04268_,70.345µm
net1003,70.3µm
_01320_,70.285µm
_06189_,70.19µm
net1670,70.15µm
net2022,70.13µm
_04160_,70.11µm
_02956_,70.07µm
_07754_,70.07µm
_04411_,70.06µm
net1216,70.06µm
_01272_,70.04µm
net1458,70.01µm
_07260_,70µm
_04818_,69.965µm
net1138,69.95µm
_05027_,69.92µm
_03672_,69.9µm
net1721,69.9µm
_01334_,69.88µm
net2032,69.86µm
u_aes128_baseline.u_aes_core.state_reg\[64\],69.84µm
_04775_,69.825µm
net1872,69.82µm
_06456_,69.8µm
net1675,69.8µm
_05682_,69.78µm
_06190_,69.705µm
_01874_,69.695µm
_04554_,69.66µm
_04968_,69.535µm
_02205_,69.5µm
net569,69.48µm
_08055_,69.46µm
net686,69.44µm
_06326_,69.42µm
_03631_,69.34µm
_08121_,69.34µm
net578,69.34µm
_03373_,69.3µm
plaintext_reg\[114\],69.3µm
net1240,69.275µm
_01558_,69.24µm
_04249_,69.24µm
net1013,69.23µm
net1502,69.16µm
_06309_,69.14µm
net611,69.095µm
_06331_,69.06µm
_08360_,69.04µm
net2005,69.04µm
_02313_,68.9µm
_07369_,68.9µm
_06827_,68.86µm
ciphertext_reg\[98\],68.86µm
_06894_,68.83µm
net101,68.82µm
net674,68.79µm
net1277,68.765µm
_01241_,68.7µm
_05793_,68.68µm
net803,68.68µm
_04500_,68.67µm
net2021,68.65µm
_05767_,68.64µm
_08955_,68.64µm
ciphertext_reg\[27\],68.61µm
ciphertext_reg\[45\],68.6µm
_04353_,68.58µm
_04614_,68.58µm
net1289,68.54µm
net1217,68.525µm
net1905,68.52µm
_02666_,68.46µm
_01734_,68.38µm
_01895_,68.32µm
_03285_,68.27µm
_04206_,68.27µm
net284,68.24µm
net1311,68.24µm
net1088,68.22µm
net1192,68.22µm
_01837_,68.16µm
_02219_,68.16µm
_06163_,68.16µm
_06510_,68.16µm
net2053,68.04µm
_03554_,68µm
_05400_,67.96µm
_07672_,67.96µm
_08865_,67.94µm
_04164_,67.915µm
net1202,67.88µm
_01497_,67.81µm
_07337_,67.81µm
_03602_,67.8µm
_04415_,67.8µm
net1465,67.765µm
net1135,67.68µm
_08025_,67.65µm
net1673,67.64µm
net1701,67.635µm
_09025_,67.6µm
_01557_,67.58µm
net1143,67.565µm
ciphertext_reg\[111\],67.56µm
net1618,67.56µm
_06381_,67.54µm
_06693_,67.54µm
_06086_,67.52µm
_08016_,67.49µm
key_reg\[58\],67.49µm
_07972_,67.48µm
_06311_,67.28µm
plaintext_reg\[38\],67.28µm
net1882,67.28µm
_06824_,67.17µm
_04810_,67.16µm
net1603,67.14µm
net2200,67.06µm
net1323,67.05µm
_08335_,67µm
_01286_,66.96µm
_03450_,66.96µm
_03397_,66.91µm
net1284,66.9µm
_08049_,66.865µm
_04858_,66.82µm
_04944_,66.78µm
_02008_,66.7µm
_04517_,66.68µm
net1714,66.68µm
_01602_,66.64µm
_08395_,66.64µm
_03305_,66.54µm
_06506_,66.53µm
net1662,66.52µm
_03871_,66.5µm
_03988_,66.5µm
net1493,66.5µm
_06677_,66.48µm
net1590,66.48µm
net1082,66.435µm
net2198,66.36µm
_06523_,66.3µm
_00881_,66.28µm
net695,66.27µm
net996,66.26µm
_01414_,66.24µm
key_reg\[79\],66.185µm
ciphertext_reg\[17\],66.14µm
_05427_,66.1µm
_06137_,66.06µm
_06803_,66µm
net351,66µm
_05094_,65.98µm
net947,65.89µm
_05137_,65.82µm
_02994_,65.8µm
net924,65.76µm
_07641_,65.66µm
_06868_,65.65µm
plaintext_reg\[66\],65.6µm
_03444_,65.54µm
plaintext_reg\[73\],65.52µm
net1962,65.51µm
_05141_,65.5µm
net1196,65.48µm
_03126_,65.44µm
_05302_,65.42µm
_06081_,65.42µm
_06198_,65.4µm
_09195_,65.4µm
net990,65.39µm
key_reg\[12\],65.18µm
key_reg\[70\],65.17µm
u_aes128_baseline.u_aes_core.round_key_reg\[79\],65.12µm
net1183,65.12µm
_06548_,65.085µm
net1856,65.08µm
_01823_,65.03µm
_03833_,65.02µm
read_index\[0\],65µm
_06443_,64.98µm
_04868_,64.94µm
net450,64.92µm
_02284_,64.9µm
net1266,64.9µm
key_reg\[125\],64.84µm
net1275,64.84µm
net1722,64.835µm
net1347,64.83µm
_01447_,64.8µm
_05443_,64.8µm
net1827,64.79µm
_06298_,64.77µm
_08853_,64.7µm
_04894_,64.68µm
_05919_,64.68µm
ciphertext_reg\[37\],64.68µm
_03687_,64.62µm
_01848_,64.54µm
key_reg\[20\],64.535µm
_03467_,64.52µm
net1709,64.51µm
net838,64.49µm
_07739_,64.375µm
_08066_,64.36µm
_04166_,64.34µm
_05778_,64.33µm
_03845_,64.26µm
_09129_,64.24µm
_00903_,64.18µm
_07724_,64.18µm
_02768_,64.16µm
_04316_,64.14µm
_07408_,64.14µm
net1955,64.13µm
net1851,64.085µm
net954,64.08µm
net2009,64.08µm
net2023,64.03µm
_05009_,64.02µm
_08358_,64.02µm
ciphertext_reg\[10\],63.99µm
_05834_,63.98µm
net1509,63.97µm
net2040,63.89µm
_01382_,63.875µm
_04796_,63.8µm
_08063_,63.76µm
net1328,63.7µm
_02476_,63.56µm
_05523_,63.54µm
net1223,63.53µm
_08057_,63.47µm
key_reg\[23\],63.45µm
_06896_,63.38µm
_06645_,63.34µm
_05101_,63.3µm
key_reg\[28\],63.28µm
net1281,63.28µm
net1947,63.28µm
_05343_,63.245µm
_07314_,63.22µm
net168,63.22µm
net1913,63.22µm
key_reg\[11\],63.205µm
_03799_,63.1µm
_02088_,63.04µm
_02173_,62.99µm
_06468_,62.92µm
_08414_,62.92µm
net1150,62.915µm
net2052,62.9µm
_06933_,62.88µm
net1269,62.82µm
net1309,62.805µm
_03139_,62.78µm
_08599_,62.78µm
_06419_,62.76µm
_04726_,62.72µm
net1117,62.72µm
net1785,62.72µm
net1218,62.67µm
net1000,62.52µm
_04110_,62.5µm
_04485_,62.5µm
_02388_,62.48µm
net1983,62.33µm
_01658_,62.31µm
_04522_,62.28µm
_04531_,62.24µm
ciphertext_reg\[64\],62.24µm
net1337,62.22µm
_05257_,62.2µm
_04299_,62.135µm
_04668_,62.135µm
net2071,62.1µm
key_reg\[16\],62.04µm
plaintext_reg\[1\],62.02µm
clknet_leaf_25_clk,62.02µm
_03679_,62µm
_01503_,61.98µm
_06055_,61.96µm
_08094_,61.94µm
_09336_,61.94µm
_02175_,61.9µm
_04693_,61.89µm
_07114_,61.84µm
net117,61.8µm
net246,61.72µm
_07756_,61.69µm
net2002,61.59µm
_01646_,61.46µm
_08022_,61.4µm
net2197,61.4µm
_07913_,61.38µm
key_reg\[50\],61.355µm
_08426_,61.3µm
ciphertext_reg\[36\],61.3µm
_03247_,61.28µm
_03733_,61.28µm
_07858_,61.185µm
_04779_,61.12µm
_05284_,61.1µm
key_reg\[75\],61.05µm
net2019,61.04µm
_08132_,61.02µm
net1134,60.94µm
net1220,60.9µm
_04025_,60.88µm
_03337_,60.8µm
_06974_,60.79µm
_03286_,60.71µm
_04108_,60.7µm
_06610_,60.7µm
_03082_,60.68µm
net125,60.67µm
_09168_,60.59µm
net1031,60.58µm
_05165_,60.52µm
_04188_,60.5µm
_04544_,60.49µm
ciphertext_reg\[94\],60.48µm
net1891,60.46µm
_05959_,60.36µm
net1683,60.36µm
_04748_,60.32µm
_05211_,60.3µm
_06448_,60.25µm
key_reg\[72\],60.235µm
_03823_,60.155µm
plaintext_reg\[125\],60.14µm
net981,60.14µm
net128,60.06µm
net1029,60.02µm
_03416_,60.005µm
_08966_,59.9µm
net678,59.895µm
_03248_,59.89µm
net1319,59.88µm
_02065_,59.855µm
_02056_,59.85µm
_06350_,59.72µm
u_aes128_baseline.u_aes_core.state_reg\[116\],59.72µm
_06322_,59.7µm
_02343_,59.68µm
u_aes128_baseline.u_aes_core.round_key_reg\[87\],59.67µm
_08412_,59.655µm
net1720,59.62µm
_01440_,59.58µm
_02992_,59.58µm
key_count\[0\],59.57µm
net1100,59.55µm
_06114_,59.52µm
_06339_,59.51µm
net917,59.48µm
net1185,59.48µm
_06875_,59.46µm
net1811,59.4µm
_01726_,59.355µm
_03894_,59.345µm
_04376_,59.32µm
_09287_,59.32µm
net1505,59.32µm
net2073,59.31µm
_02316_,59.22µm
net1075,59.16µm
net594,59.12µm
net310,59.11µm
_03330_,59.1µm
_08984_,59.08µm
net1946,59.03µm
_08005_,59.02µm
plaintext_reg\[47\],59µm
_04927_,58.98µm
_03274_,58.95µm
_01733_,58.94µm
net1931,58.93µm
_01643_,58.92µm
_07131_,58.92µm
_04981_,58.895µm
_06489_,58.86µm
net1826,58.84µm
net1717,58.83µm
_02912_,58.82µm
key_reg\[8\],58.81µm
net347,58.74µm
net940,58.74µm
_05803_,58.72µm
start_reg,58.72µm
_08001_,58.68µm
_01995_,58.64µm
_06452_,58.64µm
net1837,58.64µm
_07985_,58.62µm
_03307_,58.6µm
_03357_,58.59µm
_02362_,58.56µm
plaintext_reg\[91\],58.56µm
_03647_,58.54µm
u_aes128_baseline.u_aes_core.rcon_reg\[0\],58.5µm
_02428_,58.46µm
plaintext_reg\[45\],58.42µm
_08080_,58.375µm
_03710_,58.34µm
_07076_,58.3µm
net1825,58.22µm
_04416_,58.2µm
net132,58.18µm
_03220_,58.16µm
_01725_,58.115µm
_04240_,58.1µm
_04324_,58.06µm
_02274_,58µm
_01753_,57.98µm
net2014,57.98µm
_02119_,57.96µm
net1506,57.96µm
key_reg\[113\],57.94µm
_02634_,57.88µm
_07852_,57.78µm
net1338,57.76µm
net1423,57.66µm
_04509_,57.635µm
_08825_,57.62µm
_08877_,57.62µm
net1740,57.59µm
_02426_,57.56µm
_04764_,57.54µm
_08114_,57.47µm
net972,57.46µm
ciphertext_reg\[42\],57.42µm
net592,57.415µm
_09150_,57.4µm
_03662_,57.38µm
_08770_,57.34µm
_04028_,57.3µm
_02060_,57.295µm
_03407_,57.26µm
_03457_,57.22µm
_06042_,57.22µm
_05313_,57.2µm
_06353_,57.13µm
_07788_,57.13µm
_03755_,57.12µm
net1930,57.12µm
_08013_,57.07µm
net1067,57.04µm
_05327_,56.99µm
_02446_,56.98µm
_01912_,56.925µm
net1174,56.84µm
_08054_,56.82µm
net618,56.78µm
_01819_,56.74µm
_02917_,56.62µm
_08936_,56.62µm
_01529_,56.57µm
net1795,56.52µm
net1149,56.44µm
_07220_,56.43µm
net1080,56.395µm
_07009_,56.36µm
_03804_,56.335µm
_08231_,56.32µm
_01886_,56.29µm
net2036,56.26µm
_02833_,56.22µm
_02445_,56.16µm
_02232_,56.14µm
_07186_,56.1µm
_08220_,56.1µm
net170,56.04µm
_04246_,56µm
_02001_,55.98µm
_07704_,55.98µm
net572,55.98µm
net1926,55.96µm
_01899_,55.935µm
_08507_,55.9µm
net313,55.9µm
net1546,55.89µm
_03883_,55.885µm
net1862,55.88µm
ciphertext_reg\[95\],55.865µm
_04380_,55.83µm
_04491_,55.83µm
net1705,55.82µm
_03578_,55.815µm
_05369_,55.81µm
_07982_,55.74µm
_06120_,55.68µm
_03766_,55.66µm
net2039,55.56µm
net1661,55.545µm
net560,55.54µm
net1366,55.54µm
_04713_,55.535µm
_05433_,55.48µm
net303,55.48µm
_01383_,55.44µm
_01849_,55.44µm
_02588_,55.425µm
net1965,55.39µm
net1475,55.325µm
_04104_,55.275µm
_03256_,55.2µm
net135,55.18µm
_06769_,55.15µm
_05193_,55.14µm
_01486_,55.12µm
_05801_,55.08µm
_05008_,55.06µm
_08027_,55.02µm
_08692_,55.02µm
_01676_,54.94µm
_00853_,54.92µm
net1420,54.92µm
u_aes128_baseline.u_aes_core.state_reg\[95\],54.9µm
_03777_,54.855µm
_01415_,54.84µm
_07816_,54.84µm
_01828_,54.8µm
_06069_,54.72µm
_04023_,54.68µm
_07774_,54.66µm
_08067_,54.66µm
net120,54.54µm
_09086_,54.42µm
ciphertext_reg\[75\],54.42µm
_09337_,54.4µm
_06192_,54.34µm
_09272_,54.34µm
net1573,54.32µm
key_count\[1\],54.3µm
_07120_,54.24µm
_07855_,54.24µm
net1964,54.19µm
_08190_,54.16µm
ciphertext_reg\[26\],54.14µm
_05405_,54.02µm
_06901_,54µm
_06996_,53.985µm
_07380_,53.98µm
_08012_,53.94µm
net1387,53.89µm
_07648_,53.88µm
_05621_,53.84µm
_06044_,53.84µm
_08024_,53.815µm
_05743_,53.8µm
net1115,53.79µm
net1914,53.76µm
_01913_,53.74µm
_03096_,53.74µm
_08088_,53.72µm
key_reg\[73\],53.705µm
net124,53.68µm
_01661_,53.67µm
_00851_,53.66µm
_02803_,53.64µm
_03968_,53.64µm
_05512_,53.62µm
net1597,53.58µm
net2194,53.54µm
_06377_,53.505µm
_05990_,53.48µm
_08647_,53.48µm
_08515_,53.44µm
_07976_,53.42µm
_08238_,53.4µm
plaintext_reg\[11\],53.38µm
_03783_,53.32µm
net573,53.32µm
_07767_,53.3µm
_08645_,53.28µm
_03453_,53.265µm
_02868_,53.26µm
_08895_,53.26µm
key_reg\[22\],53.16µm
_08140_,53.14µm
_07822_,53.115µm
_05507_,53.06µm
_04826_,53.04µm
_08905_,53.04µm
_06561_,53.02µm
net1756,53.02µm
net841,52.97µm
_01800_,52.93µm
net1073,52.92µm
net1896,52.9µm
_04963_,52.88µm
net1750,52.88µm
net2030,52.87µm
_04832_,52.83µm
_07543_,52.78µm
_03277_,52.74µm
net1077,52.74µm
_06064_,52.71µm
_03296_,52.705µm
_04187_,52.7µm
net1908,52.69µm
plaintext_reg\[23\],52.62µm
_04657_,52.58µm
_05096_,52.52µm
_06324_,52.51µm
_04514_,52.5µm
_02886_,52.46µm
_04402_,52.44µm
_06397_,52.33µm
_01845_,52.32µm
_00810_,52.3µm
_07978_,52.28µm
_07864_,52.26µm
_03692_,52.24µm
net1800,52.22µm
_05577_,52.19µm
_02396_,52.18µm
_08754_,52.18µm
key_reg\[126\],52.165µm
_01442_,52.1µm
_01979_,52.08µm
_03630_,52.08µm
_09066_,52.06µm
_04943_,52.04µm
_05480_,52.02µm
_08429_,52µm
_03392_,51.9µm
_04585_,51.9µm
net121,51.86µm
ciphertext_reg\[77\],51.825µm
net1022,51.81µm
_07529_,51.8µm
_06094_,51.78µm
_03374_,51.77µm
net1979,51.74µm
_07460_,51.72µm
_06541_,51.7µm
net79,51.7µm
_03950_,51.695µm
_06268_,51.68µm
_05449_,51.65µm
_04864_,51.62µm
_07953_,51.61µm
plaintext_reg\[117\],51.6µm
plaintext_reg\[39\],51.58µm
_01627_,51.52µm
net1524,51.47µm
net2066,51.45µm
_06319_,51.345µm
_01839_,51.3µm
_02216_,51.29µm
net2189,51.28µm
_01332_,51.26µm
_05279_,51.26µm
_07137_,51.255µm
_07854_,51.25µm
_08763_,51.22µm
_05024_,51.14µm
_07676_,51.14µm
_02305_,51.12µm
_02472_,51.065µm
_04227_,51.04µm
_03803_,51µm
_08031_,51µm
_02856_,50.98µm
_02414_,50.96µm
_07840_,50.89µm
_01941_,50.86µm
ciphertext_reg\[54\],50.86µm
net1716,50.86µm
_01582_,50.845µm
_04495_,50.835µm
_09286_,50.82µm
u_aes128_baseline.u_aes_core.state_reg\[13\],50.78µm
_02919_,50.76µm
_03301_,50.75µm
_04642_,50.74µm
_06440_,50.74µm
_07502_,50.72µm
_04918_,50.715µm
_01998_,50.7µm
_08095_,50.7µm
net322,50.66µm
_04518_,50.57µm
_01872_,50.52µm
_06187_,50.48µm
_07589_,50.48µm
_04184_,50.44µm
_05065_,50.38µm
_04891_,50.365µm
_08643_,50.36µm
_03589_,50.34µm
_05163_,50.31µm
_06664_,50.25µm
_06845_,50.24µm
u_aes128_baseline.u_aes_core.state_reg\[98\],50.22µm
net1156,50.22µm
_05536_,50.205µm
_08308_,50.205µm
_03811_,50.18µm
_04790_,50.175µm
net1927,50.14µm
_05546_,50.13µm
_01978_,50.08µm
_08646_,50.08µm
net1249,50.08µm
_06200_,49.98µm
_06301_,49.98µm
_04822_,49.95µm
_04586_,49.91µm
net2037,49.91µm
net1875,49.9µm
_07981_,49.89µm
net488,49.885µm
_07690_,49.86µm
_08110_,49.86µm
_04836_,49.79µm
_06185_,49.76µm
key_reg\[86\],49.745µm
_08345_,49.72µm
_02037_,49.7µm
_07810_,49.7µm
_04208_,49.66µm
_08209_,49.65µm
_09087_,49.64µm
_05357_,49.6µm
key_reg\[123\],49.58µm
_02027_,49.56µm
_07651_,49.56µm
_06404_,49.47µm
_07728_,49.46µm
_06071_,49.43µm
_01054_,49.42µm
net1292,49.4µm
_04661_,49.38µm
_06926_,49.32µm
_08229_,49.31µm
_02997_,49.3µm
_04851_,49.3µm
_01457_,49.29µm
_04847_,49.26µm
_06434_,49.26µm
_03986_,49.22µm
_01727_,49.2µm
_01903_,49.17µm
_04803_,49.16µm
_06179_,49.16µm
_06052_,49.145µm
u_aes128_baseline.u_aes_core.state_reg\[55\],49.12µm
_06111_,49.08µm
net1591,49.08µm
_02962_,49.06µm
_04880_,49.06µm
_08073_,49.05µm
_06745_,49.04µm
_08210_,49.04µm
_01748_,49.03µm
net15,49.02µm
_01992_,48.96µm
read_index\[3\],48.96µm
_02520_,48.94µm
_02973_,48.94µm
_01394_,48.9µm
_01592_,48.9µm
net943,48.9µm
_04700_,48.88µm
net1984,48.85µm
_05434_,48.82µm
net1842,48.82µm
_02789_,48.8µm
_03565_,48.74µm
_01724_,48.7µm
_09059_,48.7µm
_09303_,48.68µm
_06332_,48.65µm
net1656,48.62µm
key_reg\[35\],48.59µm
_05448_,48.58µm
net1924,48.57µm
_02178_,48.56µm
_03676_,48.54µm
_06673_,48.52µm
_07866_,48.52µm
net1693,48.505µm
plaintext_reg\[126\],48.48µm
_05485_,48.46µm
_05280_,48.4µm
net1316,48.4µm
_01337_,48.37µm
net1664,48.34µm
_08143_,48.32µm
_04686_,48.31µm
_06632_,48.29µm
_06514_,48.27µm
_05265_,48.2µm
key_reg\[46\],48.185µm
_05533_,48.18µm
_04973_,48.175µm
_08406_,48.12µm
_08652_,48.12µm
_02283_,48.095µm
_02509_,48.06µm
_04043_,48.06µm
_08410_,48.06µm
_02222_,48.04µm
_06948_,48.04µm
_06691_,48.01µm
_07998_,47.95µm
_05704_,47.91µm
_04979_,47.88µm
_01304_,47.86µm
_06345_,47.84µm
_08593_,47.82µm
_03982_,47.8µm
_02972_,47.74µm
_07665_,47.74µm
_03870_,47.73µm
_02673_,47.72µm
net1229,47.7µm
net1963,47.63µm
_06508_,47.54µm
net575,47.52µm
_06449_,47.38µm
_06220_,47.34µm
u_aes128_baseline.u_aes_core.state_reg\[105\],47.32µm
_06410_,47.3µm
_06315_,47.28µm
_02975_,47.24µm
_06318_,47.22µm
_06395_,47.19µm
net1307,47.17µm
_03944_,47.16µm
_04132_,47.14µm
_04582_,47.1µm
_07057_,47.07µm
_07899_,47.06µm
net1178,47.06µm
_01852_,47.05µm
_04925_,47µm
_01911_,46.98µm
_05891_,46.96µm
net2069,46.9µm
_07372_,46.88µm
_07416_,46.86µm
_05378_,46.85µm
_01230_,46.84µm
_04932_,46.84µm
net1297,46.84µm
_09292_,46.82µm
_06463_,46.78µm
_06734_,46.78µm
_02797_,46.76µm
_02814_,46.74µm
net1348,46.74µm
net2190,46.72µm
_06411_,46.7µm
_07444_,46.66µm
u_aes128_baseline.u_aes_core.state_reg\[118\],46.66µm
_07332_,46.62µm
_08294_,46.62µm
_01534_,46.61µm
_01749_,46.6µm
_04825_,46.6µm
_02516_,46.58µm
key_reg\[110\],46.58µm
_04671_,46.57µm
_03137_,46.56µm
_04933_,46.525µm
_06622_,46.52µm
_07197_,46.52µm
ciphertext_reg\[121\],46.52µm
_02312_,46.5µm
_06493_,46.495µm
_03808_,46.46µm
_08747_,46.42µm
_02995_,46.32µm
_04838_,46.31µm
plaintext_count\[1\],46.3µm
net1024,46.28µm
_01967_,46.2µm
_05564_,46.16µm
_07484_,46.16µm
_02323_,46.12µm
_03664_,46.08µm
_08351_,46.06µm
_06831_,46.04µm
_04266_,46.02µm
_06299_,46µm
_03723_,45.95µm
net1388,45.94µm
_01645_,45.88µm
_04602_,45.86µm
_05684_,45.86µm
_06609_,45.84µm
ciphertext_reg\[11\],45.84µm
_01804_,45.78µm
_05645_,45.72µm
plaintext_reg\[17\],45.66µm
_02148_,45.615µm
net292,45.6µm
net335,45.57µm
_02220_,45.54µm
_07395_,45.52µm
net970,45.52µm
_07146_,45.47µm
_04607_,45.44µm
_01475_,45.435µm
_07669_,45.42µm
key_reg\[85\],45.41µm
_03283_,45.4µm
_03297_,45.38µm
key_reg\[53\],45.36µm
_08600_,45.33µm
_02202_,45.32µm
_02267_,45.3µm
_04676_,45.28µm
_01649_,45.26µm
plaintext_reg\[8\],45.26µm
_07207_,45.2µm
net610,45.2µm
_02298_,45.12µm
_02747_,45.11µm
_05918_,45.1µm
_08111_,45.08µm
net1133,45.065µm
_08306_,45.01µm
_05350_,45µm
net2184,44.92µm
net334,44.88µm
_01296_,44.86µm
_04418_,44.78µm
_04087_,44.76µm
_08030_,44.76µm
_06465_,44.74µm
_03877_,44.72µm
plaintext_reg\[9\],44.72µm
_02941_,44.7µm
_01675_,44.68µm
_05642_,44.68µm
_08380_,44.64µm
net1845,44.56µm
_05463_,44.55µm
_04799_,44.54µm
net1002,44.54µm
_07761_,44.52µm
net375,44.515µm
_02707_,44.5µm
_08915_,44.5µm
_07872_,44.49µm
_06963_,44.48µm
_03068_,44.46µm
_03680_,44.44µm
net577,44.44µm
_01266_,44.4µm
_05345_,44.38µm
_06283_,44.37µm
_05638_,44.32µm
key_reg\[45\],44.32µm
_02990_,44.31µm
net561,44.3µm
net1829,44.295µm
net829,44.27µm
_07530_,44.26µm
plaintext_reg\[40\],44.24µm
_02300_,44.22µm
_03317_,44.22µm
_01707_,44.2µm
_08724_,44.2µm
_04545_,44.18µm
_03349_,44.06µm
_06471_,43.84µm
key_reg\[49\],43.815µm
_04490_,43.8µm
plaintext_reg\[20\],43.8µm
_05836_,43.76µm
net1472,43.74µm
_04557_,43.72µm
_03480_,43.7µm
_06800_,43.7µm
_06119_,43.685µm
_07795_,43.68µm
net130,43.65µm
_04556_,43.64µm
key_reg\[40\],43.64µm
_03558_,43.625µm
_08581_,43.62µm
_02884_,43.6µm
_01776_,43.56µm
_04121_,43.54µm
_02425_,43.53µm
_06133_,43.52µm
_08002_,43.48µm
_02057_,43.46µm
net1186,43.46µm
_04643_,43.44µm
_04924_,43.42µm
_05635_,43.42µm
_01292_,43.4µm
plaintext_reg\[18\],43.34µm
_02578_,43.31µm
_05304_,43.28µm
_01780_,43.26µm
_04189_,43.26µm
_05481_,43.24µm
_07626_,43.22µm
_00849_,43.2µm
_08594_,43.2µm
_03079_,43.18µm
_04626_,43.18µm
_06095_,43.16µm
net1542,43.16µm
_05710_,43.125µm
_08278_,43.065µm
key_reg\[127\],43.065µm
_02817_,43.06µm
net2188,43.06µm
_03488_,43.02µm
_04511_,43.015µm
_02762_,43µm
_04940_,43µm
_02051_,42.98µm
_02953_,42.98µm
net1068,42.98µm
_05108_,42.96µm
_06952_,42.92µm
_07180_,42.92µm
net1038,42.915µm
_05965_,42.91µm
plaintext_reg\[93\],42.91µm
key_reg\[112\],42.9µm
_04288_,42.88µm
_01622_,42.86µm
_04910_,42.8µm
core_reset_n,42.78µm
_01482_,42.76µm
key_reg\[83\],42.73µm
_02501_,42.72µm
_05989_,42.68µm
ciphertext_reg\[53\],42.64µm
_02562_,42.63µm
_04308_,42.62µm
_06727_,42.62µm
_02834_,42.59µm
_08732_,42.54µm
net71,42.51µm
_02794_,42.5µm
net1386,42.44µm
net1934,42.43µm
_01277_,42.39µm
_06481_,42.37µm
_05451_,42.3µm
_02250_,42.28µm
_06228_,42.24µm
_04532_,42.2µm
_08608_,42.2µm
_02171_,42.16µm
_07930_,42.125µm
net301,42.12µm
_04588_,42.1µm
_04778_,42.1µm
_07145_,42.07µm
_06497_,42.06µm
_04606_,42.04µm
_05944_,42.04µm
_07861_,42.02µm
net1365,42.02µm
key_reg\[89\],42.01µm
_05744_,41.96µm
_06302_,41.96µm
_05424_,41.9µm
key_reg\[122\],41.9µm
_03371_,41.88µm
_09002_,41.86µm
_05492_,41.8µm
_06374_,41.73µm
_02657_,41.7µm
key_reg\[48\],41.7µm
_07752_,41.69µm
_07888_,41.68µm
net1772,41.67µm
_08996_,41.66µm
_00887_,41.64µm
_06871_,41.64µm
net1919,41.57µm
_03897_,41.54µm
net421,41.54µm
net1724,41.53µm
_06321_,41.52µm
_07740_,41.52µm
_02144_,41.5µm
_03192_,41.5µm
_03306_,41.5µm
_07399_,41.48µm
_01638_,41.46µm
net631,41.42µm
_02784_,41.34µm
key_reg\[62\],41.34µm
_05055_,41.32µm
_05446_,41.24µm
net1327,41.24µm
key_reg\[7\],41.225µm
_09120_,41.22µm
plaintext_reg\[64\],41.18µm
_05252_,41.16µm
_04727_,41.14µm
_06491_,41.13µm
_07478_,41.12µm
net969,41.11µm
net76,41.08µm
_08296_,41.065µm
_01922_,41µm
_01538_,40.98µm
_01542_,40.92µm
_02949_,40.9µm
_06921_,40.88µm
_04258_,40.86µm
_05173_,40.84µm
_06746_,40.78µm
_08208_,40.78µm
_03298_,40.775µm
net1028,40.74µm
_02190_,40.68µm
plaintext_reg\[72\],40.68µm
_03650_,40.66µm
_04446_,40.64µm
_04235_,40.56µm
_06101_,40.53µm
_04888_,40.47µm
_06882_,40.46µm
net939,40.415µm
_02024_,40.38µm
_06570_,40.38µm
_07968_,40.38µm
_04734_,40.36µm
_08314_,40.35µm
_03460_,40.28µm
_04155_,40.265µm
_08413_,40.265µm
_01933_,40.25µm
_04912_,40.24µm
_02658_,40.21µm
_01764_,40.2µm
_03698_,40.2µm
_03985_,40.2µm
net173,40.2µm
_04371_,40.1µm
_06826_,40.085µm
_06355_,40.08µm
_01850_,40.06µm
_02835_,40.045µm
_08172_,40.005µm
_01363_,39.98µm
_04821_,39.92µm
_06516_,39.9µm
_05823_,39.86µm
_01807_,39.84µm
_02281_,39.84µm
_02374_,39.84µm
_02006_,39.82µm
net1090,39.82µm
_05293_,39.8µm
_06127_,39.775µm
net215,39.74µm
net559,39.74µm
net1559,39.74µm
_02231_,39.7µm
_02572_,39.7µm
_04701_,39.65µm
_03308_,39.62µm
net1911,39.61µm
_06393_,39.6µm
_04366_,39.54µm
_04801_,39.48µm
_04919_,39.46µm
_08715_,39.46µm
net1122,39.44µm
net210,39.4µm
_04709_,39.36µm
_02824_,39.32µm
_07699_,39.32µm
net1565,39.32µm
_06196_,39.28µm
_04021_,39.26µm
_04990_,39.26µm
_06913_,39.26µm
ciphertext_reg\[88\],39.26µm
_05590_,39.24µm
_02259_,39.22µm
_07881_,39.22µm
key_reg\[17\],39.21µm
_08219_,39.205µm
_06235_,39.2µm
net2186,39.2µm
_05992_,39.18µm
_05224_,39.17µm
_09055_,39.14µm
_06066_,39.13µm
_03173_,39.12µm
_01358_,39.08µm
_04340_,39.06µm
key_reg\[15\],39.02µm
_08533_,38.98µm
_06571_,38.97µm
_08978_,38.96µm
net70,38.91µm
_03497_,38.84µm
_05374_,38.81µm
_07684_,38.78µm
_07427_,38.74µm
_08662_,38.72µm
key_reg\[81\],38.72µm
_04672_,38.7µm
_08243_,38.66µm
_05666_,38.64µm
net915,38.64µm
_07917_,38.62µm
_09084_,38.62µm
_01896_,38.6µm
_09028_,38.59µm
_07890_,38.58µm
_05235_,38.575µm
_07437_,38.575µm
_01340_,38.52µm
_04655_,38.52µm
_05125_,38.48µm
plaintext_count\[3\],38.46µm
_03410_,38.44µm
plaintext_reg\[74\],38.44µm
_08040_,38.39µm
plaintext_reg\[42\],38.38µm
_09018_,38.36µm
_01870_,38.335µm
_04717_,38.32µm
_09037_,38.32µm
_09013_,38.3µm
_05222_,38.28µm
_01772_,38.26µm
_03688_,38.25µm
_03563_,38.24µm
plaintext_reg\[19\],38.235µm
_03910_,38.22µm
_04730_,38.14µm
plaintext_count\[0\],38.12µm
_07687_,38.1µm
plaintext_reg\[5\],38.1µm
key_reg\[65\],38.09µm
_04377_,38.06µm
_07271_,38.06µm
net1439,38.05µm
_08159_,38.04µm
_07920_,37.94µm
_06428_,37.93µm
_02776_,37.92µm
net2187,37.92µm
_03813_,37.905µm
_05561_,37.905µm
_06924_,37.9µm
_05423_,37.88µm
_06204_,37.88µm
read_index\[1\],37.88µm
_01923_,37.86µm
_08123_,37.86µm
_04354_,37.82µm
_05634_,37.82µm
_07107_,37.82µm
plaintext_reg\[48\],37.82µm
_03418_,37.81µm
_06758_,37.76µm
net2068,37.76µm
_03446_,37.74µm
_06178_,37.74µm
net1857,37.72µm
_08227_,37.705µm
_01250_,37.7µm
_06446_,37.56µm
_07682_,37.56µm
_02993_,37.52µm
_05939_,37.52µm
_01413_,37.4µm
_01269_,37.39µm
_08236_,37.37µm
_01201_,37.36µm
_09010_,37.36µm
_05641_,37.34µm
_07886_,37.34µm
net1069,37.34µm
ciphertext_reg\[34\],37.32µm
_03342_,37.26µm
_01719_,37.24µm
plaintext_reg\[127\],37.22µm
_08970_,37.2µm
_08322_,37.14µm
_07712_,37.12µm
_00844_,37.1µm
_08386_,37.08µm
u_aes128_baseline.u_aes_core.round_reg\[0\],37.08µm
net2183,37.08µm
key_reg\[80\],37.06µm
_01954_,37.01µm
_04569_,37µm
_04374_,36.98µm
net1879,36.98µm
_03364_,36.96µm
_04451_,36.96µm
_08550_,36.91µm
_03103_,36.9µm
_03849_,36.9µm
_07503_,36.9µm
_08283_,36.885µm
_03346_,36.88µm
_02626_,36.86µm
_03163_,36.86µm
_04055_,36.86µm
_04911_,36.86µm
_06968_,36.79µm
_01617_,36.78µm
net150,36.76µm
_04610_,36.74µm
_06363_,36.72µm
_04785_,36.66µm
_08473_,36.64µm
_03722_,36.54µm
_01846_,36.52µm
_04059_,36.52µm
_06538_,36.52µm
plaintext_reg\[22\],36.52µm
key_reg\[9\],36.47µm
_01653_,36.44µm
_06476_,36.42µm
key_reg\[39\],36.38µm
_01059_,36.36µm
_03403_,36.32µm
_06784_,36.32µm
_07759_,36.32µm
_03121_,36.3µm
_04147_,36.28µm
_02653_,36.26µm
key_reg\[90\],36.255µm
_00889_,36.2µm
_03781_,36.14µm
_03866_,36.14µm
_05855_,36.14µm
_02010_,36.1µm
_03815_,36.08µm
_04222_,36.04µm
_05330_,36.02µm
net1711,36.02µm
_06877_,36µm
_06535_,35.98µm
_02365_,35.96µm
_03482_,35.95µm
_05154_,35.94µm
_04239_,35.9µm
_02617_,35.88µm
_01553_,35.86µm
_09257_,35.84µm
net78,35.78µm
net273,35.78µm
_02139_,35.76µm
_06083_,35.74µm
key_reg\[60\],35.73µm
_01484_,35.72µm
net1644,35.72µm
ciphertext_wire\[92\],35.7µm
key_reg\[68\],35.7µm
_02066_,35.67µm
_01322_,35.62µm
_04769_,35.585µm
_04811_,35.575µm
key_reg\[59\],35.57µm
net606,35.56µm
key_reg\[92\],35.53µm
_06212_,35.5µm
net2185,35.48µm
key_reg\[120\],35.475µm
_07035_,35.43µm
net634,35.425µm
net1828,35.42µm
_08582_,35.4µm
_04002_,35.38µm
_05390_,35.38µm
_02206_,35.335µm
_05808_,35.3µm
_02693_,35.28µm
_03538_,35.28µm
_03853_,35.28µm
_05383_,35.28µm
_05389_,35.26µm
_02099_,35.19µm
net1312,35.165µm
_08021_,35.16µm
plaintext_reg\[92\],35.16µm
_06462_,35.14µm
net988,35.12µm
_04389_,35.04µm
_01758_,35µm
plaintext_reg\[77\],35µm
net1707,35µm
_03729_,34.97µm
_03912_,34.96µm
key_reg\[61\],34.95µm
_02807_,34.92µm
_07092_,34.9µm
key_reg\[67\],34.86µm
_05775_,34.82µm
_01690_,34.805µm
_03797_,34.8µm
_04339_,34.8µm
_07925_,34.8µm
_05225_,34.79µm
_03507_,34.78µm
net985,34.77µm
_02830_,34.76µm
_06594_,34.76µm
_02453_,34.72µm
_03463_,34.7µm
_08477_,34.7µm
_09201_,34.7µm
_02502_,34.69µm
_05476_,34.62µm
_09326_,34.62µm
net75,34.62µm
_03109_,34.6µm
_03915_,34.6µm
_07298_,34.6µm
_08437_,34.56µm
_01590_,34.54µm
_05077_,34.52µm
_07748_,34.49µm
_06857_,34.48µm
_04813_,34.44µm
_05413_,34.44µm
_01495_,34.435µm
_06915_,34.385µm
_02524_,34.34µm
_08178_,34.3µm
_05220_,34.28µm
_01509_,34.26µm
_07821_,34.26µm
_01471_,34.24µm
_02100_,34.24µm
_06916_,34.22µm
_07138_,34.2µm
net581,34.2µm
_02486_,34.18µm
key_reg\[94\],34.17µm
net60,34.16µm
_02554_,34.14µm
_02570_,34.12µm
_02981_,34.1µm
_01950_,34.09µm
_01606_,34.08µm
_01801_,34.06µm
_05445_,34.06µm
_03933_,34.04µm
_09107_,34µm
_03751_,33.99µm
_06776_,33.96µm
_04926_,33.95µm
_02211_,33.92µm
net2180,33.915µm
_03697_,33.9µm
_03017_,33.88µm
_01616_,33.875µm
_04069_,33.86µm
_07868_,33.84µm
_01805_,33.82µm
_04455_,33.82µm
_05601_,33.8µm
key_reg\[69\],33.8µm
_01678_,33.78µm
_02196_,33.75µm
net2045,33.73µm
_01636_,33.72µm
_04917_,33.72µm
_07469_,33.72µm
_06469_,33.7µm
_03380_,33.66µm
_02618_,33.64µm
_03962_,33.62µm
key_reg\[56\],33.57µm
_06175_,33.56µm
_08180_,33.54µm
_07924_,33.525µm
_03887_,33.52µm
_03369_,33.485µm
_04760_,33.46µm
_05698_,33.42µm
_01777_,33.38µm
_02248_,33.38µm
_05785_,33.34µm
_03519_,33.32µm
_03940_,33.3µm
_05032_,33.26µm
_07426_,33.26µm
_02164_,33.22µm
_07425_,33.21µm
net2015,33.2µm
_03456_,33.18µm
_03024_,33.17µm
_02593_,33.14µm
net1410,33.14µm
_02176_,33.1µm
_04604_,33.1µm
_04357_,33.095µm
_03117_,33.06µm
_06116_,33.04µm
_05331_,33.02µm
_02687_,33µm
_06619_,33µm
_08717_,33µm
_03990_,32.98µm
_05502_,32.98µm
_07947_,32.96µm
_03702_,32.94µm
_02026_,32.8µm
_08736_,32.8µm
_02924_,32.78µm
net279,32.76µm
_01940_,32.72µm
net269,32.7µm
_07582_,32.68µm
plaintext_reg\[56\],32.66µm
_05751_,32.62µm
_05752_,32.62µm
_01921_,32.58µm
_03324_,32.58µm
net1092,32.58µm
_04398_,32.56µm
_04767_,32.56µm
_06902_,32.56µm
_08136_,32.56µm
_07406_,32.54µm
net1260,32.54µm
_06839_,32.52µm
key_reg\[63\],32.51µm
net68,32.51µm
_06276_,32.5µm
_03292_,32.465µm
_08168_,32.46µm
_01469_,32.44µm
_04501_,32.42µm
_09321_,32.42µm
_03332_,32.41µm
net1912,32.38µm
_07689_,32.36µm
_08771_,32.35µm
_07811_,32.29µm
_04884_,32.28µm
ciphertext_reg\[46\],32.265µm
_09333_,32.26µm
_08625_,32.24µm
_02788_,32.22µm
ciphertext_reg\[16\],32.2µm
_02079_,32.18µm
_07922_,32.14µm
_01618_,32.12µm
key_reg\[52\],32.11µm
_08762_,32.08µm
net462,32.06µm
_01971_,32.045µm
_08811_,32.045µm
_04506_,32.015µm
_00883_,32µm
_07746_,32µm
_06833_,31.98µm
_03571_,31.97µm
_07155_,31.96µm
_04993_,31.93µm
_08420_,31.92µm
plaintext_reg\[32\],31.92µm
plaintext_reg\[65\],31.92µm
_07384_,31.9µm
_03543_,31.88µm
u_aes128_baseline.u_aes_core.rcon_reg\[4\],31.86µm
net1906,31.86µm
_06125_,31.84µm
key_reg\[21\],31.84µm
key_reg\[93\],31.81µm
ciphertext_reg\[41\],31.8µm
_02337_,31.78µm
_01591_,31.76µm
_05728_,31.75µm
_05264_,31.72µm
net1658,31.71µm
_05741_,31.7µm
_04574_,31.68µm
_08586_,31.665µm
_06147_,31.66µm
_08523_,31.66µm
plaintext_reg\[118\],31.62µm
net102,31.62µm
_06001_,31.6µm
net1941,31.6µm
_08686_,31.58µm
net2017,31.55µm
_04487_,31.53µm
key_reg\[74\],31.53µm
_08000_,31.52µm
_09019_,31.52µm
plaintext_reg\[52\],31.52µm
_03061_,31.5µm
_03350_,31.5µm
_04983_,31.5µm
plaintext_reg\[53\],31.44µm
_03669_,31.42µm
_07708_,31.42µm
_04008_,31.4µm
_02022_,31.39µm
_05034_,31.38µm
_07482_,31.38µm
_03105_,31.3µm
_04766_,31.3µm
net307,31.3µm
_02016_,31.26µm
_02181_,31.26µm
_03022_,31.26µm
_03076_,31.26µm
_04215_,31.24µm
_05490_,31.24µm
_08847_,31.24µm
_05526_,31.18µm
_08857_,31.18µm
ciphertext_reg\[8\],31.18µm
_02318_,31.16µm
_08081_,31.16µm
_03604_,31.1µm
key_reg\[66\],31.05µm
_01759_,31.04µm
_08912_,31.04µm
_06529_,30.96µm
key_reg\[10\],30.96µm
plaintext_reg\[46\],30.94µm
net1331,30.935µm
_07879_,30.92µm
_01738_,30.9µm
_01942_,30.87µm
_09277_,30.86µm
_06325_,30.85µm
ciphertext_reg\[25\],30.8µm
_06237_,30.76µm
_02671_,30.74µm
_04137_,30.74µm
_05994_,30.74µm
_07085_,30.74µm
_04236_,30.72µm
_02437_,30.68µm
net1330,30.67µm
_08033_,30.66µm
_06314_,30.645µm
_07804_,30.64µm
_05058_,30.62µm
_06295_,30.62µm
net2276,30.62µm
_07441_,30.585µm
_04205_,30.58µm
_06969_,30.58µm
key_reg\[71\],30.565µm
_07326_,30.56µm
_05259_,30.54µm
net119,30.5µm
_03294_,30.46µm
_05807_,30.46µm
_02725_,30.44µm
_08157_,30.42µm
_08657_,30.42µm
_01207_,30.385µm
_01504_,30.34µm
_01709_,30.34µm
_02968_,30.34µm
_06644_,30.34µm
key_count\[2\],30.34µm
_01783_,30.32µm
_01647_,30.3µm
_03339_,30.28µm
_04190_,30.28µm
_04221_,30.28µm
_04683_,30.22µm
_03201_,30.2µm
_06596_,30.2µm
key_reg\[38\],30.19µm
_06431_,30.165µm
_02740_,30.16µm
_04904_,30.12µm
_02849_,30.115µm
net1783,30.1µm
_01265_,30.08µm
_01809_,30.06µm
_04070_,30.06µm
_01975_,30.04µm
_02161_,30µm
_09005_,29.99µm
_03430_,29.98µm
net2179,29.98µm
plaintext_reg\[81\],29.94µm
_01360_,29.92µm
net1953,29.91µm
_06993_,29.88µm
_05000_,29.86µm
_07659_,29.86µm
_09093_,29.85µm
net949,29.85µm
_04595_,29.84µm
_06820_,29.84µm
_03458_,29.78µm
ciphertext_reg\[9\],29.77µm
_05111_,29.76µm
_06984_,29.76µm
_07729_,29.76µm
_06823_,29.75µm
u_aes128_baseline.u_aes_core.round_reg\[1\],29.75µm
_03617_,29.74µm
_07727_,29.74µm
_01814_,29.72µm
_01693_,29.7µm
_07826_,29.67µm
_04333_,29.64µm
_01460_,29.63µm
_01474_,29.62µm
_08535_,29.62µm
_04680_,29.58µm
plaintext_reg\[3\],29.48µm
ciphertext_reg\[58\],29.46µm
_08544_,29.44µm
_01290_,29.435µm
_03967_,29.38µm
key_reg\[0\],29.38µm
_06828_,29.365µm
_02625_,29.36µm
_07923_,29.36µm
_08119_,29.36µm
_06987_,29.32µm
_05568_,29.28µm
key_reg\[5\],29.28µm
_01797_,29.21µm
_04310_,29.18µm
net54,29.16µm
_04903_,29.1µm
_05560_,29.1µm
net1885,29.1µm
_01625_,29.04µm
_06201_,29.04µm
_07722_,29.04µm
_09046_,29.02µm
_03426_,28.98µm
_08061_,28.98µm
_06809_,28.97µm
_04262_,28.965µm
_02463_,28.95µm
key_reg\[33\],28.94µm
net1873,28.91µm
_02061_,28.9µm
_02467_,28.86µm
_03194_,28.86µm
_01239_,28.84µm
_02832_,28.84µm
_05648_,28.8µm
_06297_,28.8µm
_07559_,28.8µm
_03106_,28.74µm
_07506_,28.74µm
_03860_,28.72µm
_07336_,28.72µm
_08925_,28.7µm
_06478_,28.68µm
_07919_,28.66µm
_02484_,28.6µm
_07745_,28.6µm
_02736_,28.58µm
_06942_,28.58µm
_02573_,28.565µm
ciphertext_reg\[12\],28.54µm
_01610_,28.5µm
_05788_,28.5µm
net993,28.4µm
_05545_,28.38µm
_06724_,28.38µm
_08937_,28.38µm
plaintext_reg\[21\],28.38µm
_07847_,28.36µm
_06364_,28.26µm
key_reg\[47\],28.245µm
_04351_,28.24µm
_06554_,28.22µm
_02592_,28.2µm
_08239_,28.18µm
_02269_,28.16µm
_09315_,28.16µm
_03148_,28.14µm
_04950_,28.12µm
plaintext_reg\[7\],28.06µm
plaintext_reg\[90\],28.06µm
_03796_,28µm
_07054_,28µm
_02033_,27.96µm
_05747_,27.96µm
_05781_,27.94µm
_06732_,27.91µm
_01742_,27.86µm
_09157_,27.86µm
_07238_,27.84µm
_02663_,27.82µm
_08565_,27.8µm
_06730_,27.76µm
_07815_,27.74µm
key_reg\[37\],27.72µm
_04218_,27.69µm
_03098_,27.68µm
_05337_,27.64µm
_04242_,27.6µm
_06958_,27.58µm
_08678_,27.56µm
_03529_,27.54µm
_02452_,27.53µm
_03935_,27.52µm
_08864_,27.48µm
_02549_,27.46µm
_05447_,27.46µm
_08619_,27.44µm
_01946_,27.43µm
_02155_,27.42µm
_05848_,27.4µm
_06562_,27.4µm
_06159_,27.38µm
_08196_,27.38µm
_04529_,27.36µm
_05773_,27.36µm
_05985_,27.33µm
_09098_,27.3µm
_06487_,27.28µm
_06568_,27.28µm
net1320,27.275µm
_03875_,27.24µm
_05181_,27.24µm
_06320_,27.24µm
_03931_,27.225µm
_04584_,27.22µm
_06840_,27.22µm
_03243_,27.14µm
_06092_,27.12µm
_06885_,27.12µm
_07034_,27.11µm
_02141_,27.1µm
net290,27.1µm
_09140_,27.08µm
_03547_,27.02µm
_06006_,27.02µm
plaintext_reg\[33\],27µm
_02085_,26.98µm
_04375_,26.98µm
_05688_,26.98µm
_07374_,26.98µm
_01380_,26.96µm
_05197_,26.94µm
_08848_,26.94µm
_04694_,26.9µm
_05287_,26.9µm
_08141_,26.9µm
_02000_,26.88µm
net190,26.875µm
_06816_,26.84µm
_02184_,26.82µm
_03843_,26.82µm
_06203_,26.8µm
_02543_,26.78µm
_03715_,26.76µm
_05542_,26.76µm
_05841_,26.76µm
_07134_,26.76µm
net2196,26.76µm
_02639_,26.74µm
_04151_,26.74µm
_02746_,26.72µm
_06308_,26.68µm
_08301_,26.68µm
_00839_,26.66µm
_06694_,26.66µm
_05806_,26.64µm
net1262,26.64µm
_07231_,26.62µm
_05501_,26.61µm
net1950,26.59µm
_06130_,26.58µm
_05596_,26.53µm
_02247_,26.52µm
net1669,26.52µm
_05085_,26.44µm
_06641_,26.44µm
net1413,26.44µm
_04885_,26.43µm
_04475_,26.42µm
plaintext_reg\[80\],26.4µm
read_index\[2\],26.4µm
net1899,26.38µm
_06584_,26.36µm
_08331_,26.36µm
_02013_,26.34µm
net2136,26.34µm
_05072_,26.32µm
_01194_,26.3µm
_06573_,26.3µm
_09247_,26.28µm
net2070,26.27µm
_03741_,26.24µm
_01252_,26.22µm
_07693_,26.22µm
_05766_,26.2µm
_06829_,26.2µm
_03356_,26.18µm
_08567_,26.18µm
_01532_,26.16µm
_03258_,26.16µm
_03440_,26.16µm
_02194_,26.14µm
_01565_,26.1µm
_03544_,26.1µm
_04922_,26.1µm
_08557_,26.1µm
_07949_,26.08µm
_02984_,26.06µm
_06337_,26.06µm
_06399_,26.04µm
_08133_,26.02µm
plaintext_reg\[112\],26.02µm
net2134,26.02µm
_05618_,26µm
net2168,26µm
net1516,25.985µm
_06578_,25.98µm
_01453_,25.96µm
_04662_,25.96µm
net2176,25.92µm
_01560_,25.9µm
_01021_,25.87µm
_08469_,25.87µm
_05132_,25.86µm
_05196_,25.86µm
_05329_,25.86µm
_05246_,25.84µm
net2050,25.84µm
_07402_,25.82µm
_08453_,25.82µm
_03533_,25.8µm
_04581_,25.8µm
plaintext_reg\[88\],25.78µm
_00856_,25.76µm
_08801_,25.74µm
_01205_,25.725µm
_03703_,25.72µm
_07305_,25.72µm
key_reg\[82\],25.71µm
net69,25.68µm
_01843_,25.66µm
_07931_,25.66µm
_04735_,25.64µm
_01596_,25.635µm
_06180_,25.62µm
_08831_,25.61µm
_02379_,25.6µm
_01343_,25.58µm
_06708_,25.58µm
_08212_,25.56µm
_08044_,25.535µm
_04326_,25.52µm
_07191_,25.5µm
net1654,25.5µm
_02214_,25.48µm
_02613_,25.48µm
_05940_,25.48µm
_02660_,25.46µm
_05819_,25.46µm
_08078_,25.46µm
_06488_,25.44µm
ciphertext_reg\[71\],25.44µm
_03063_,25.42µm
_04867_,25.38µm
_07914_,25.38µm
_08919_,25.38µm
_06949_,25.37µm
_06883_,25.36µm
_05178_,25.3µm
_04145_,25.26µm
plaintext_reg\[89\],25.26µm
_01349_,25.24µm
_08500_,25.22µm
key_reg\[26\],25.2µm
net2182,25.2µm
_02048_,25.18µm
_03984_,25.18µm
_06521_,25.18µm
_06979_,25.18µm
_07477_,25.18µm
_08892_,25.18µm
_03730_,25.16µm
_05956_,25.16µm
net1971,25.1µm
_02813_,25.06µm
_09048_,25.06µm
key_reg\[124\],25.06µm
plaintext_reg\[43\],25.06µm
_08821_,24.98µm
_06695_,24.945µm
_01192_,24.94µm
_05488_,24.94µm
_06936_,24.94µm
_01904_,24.92µm
_03269_,24.92µm
_03512_,24.92µm
_05022_,24.92µm
_06832_,24.92µm
_07943_,24.92µm
_04061_,24.895µm
_04570_,24.88µm
net80,24.88µm
u_aes128_baseline.u_aes_core.round_key_reg\[83\],24.86µm
_07496_,24.84µm
_07941_,24.84µm
_04543_,24.82µm
_03215_,24.8µm
plaintext_reg\[29\],24.8µm
_03133_,24.74µm
plaintext_reg\[58\],24.74µm
_04417_,24.725µm
_06138_,24.72µm
_03736_,24.66µm
_08563_,24.64µm
_01767_,24.61µm
_07934_,24.6µm
_03822_,24.59µm
_07768_,24.565µm
_05540_,24.56µm
_06512_,24.54µm
plaintext_reg\[116\],24.54µm
_09251_,24.5µm
_03900_,24.48µm
_04946_,24.48µm
_08609_,24.48µm
_02082_,24.46µm
_03203_,24.46µm
_06787_,24.46µm
key_reg\[57\],24.46µm
net105,24.46µm
_01441_,24.44µm
_04549_,24.44µm
u_aes128_baseline.u_aes_core.state_reg\[20\],24.44µm
_01966_,24.42µm
net2061,24.42µm
_05487_,24.4µm
_04840_,24.38µm
_06552_,24.36µm
_07830_,24.34µm
_04994_,24.32µm
_03276_,24.3µm
_03289_,24.3µm
u_aes128_baseline.u_aes_core.round_key_reg\[119\],24.27µm
_03742_,24.26µm
u_aes128_baseline.u_aes_core.round_key_reg\[77\],24.22µm
_08914_,24.18µm
key_reg\[105\],24.18µm
net2029,24.17µm
_09227_,24.16µm
_03471_,24.08µm
_03531_,24.07µm
_03355_,24.06µm
_04439_,24.06µm
_01640_,24.04µm
ciphertext_reg\[80\],24.04µm
_03500_,24.02µm
_03562_,24.02µm
_01367_,24.01µm
_02170_,24µm
_02712_,24µm
_04350_,24µm
_08357_,24µm
_06007_,23.96µm
key_reg\[84\],23.96µm
_09173_,23.95µm
_05717_,23.94µm
_01876_,23.92µm
_01328_,23.9µm
_06279_,23.88µm
_09232_,23.88µm
_06656_,23.86µm
_04834_,23.84µm
_09299_,23.84µm
_01057_,23.83µm
_01687_,23.8µm
_04077_,23.775µm
_04807_,23.76µm
_05270_,23.76µm
plaintext_reg\[59\],23.76µm
_01667_,23.74µm
_02321_,23.74µm
_09101_,23.74µm
_05348_,23.73µm
ciphertext_reg\[70\],23.68µm
plaintext_reg\[121\],23.68µm
_03842_,23.64µm
_09170_,23.64µm
_05253_,23.6µm
_09221_,23.6µm
net123,23.6µm
_02750_,23.58µm
_04768_,23.58µm
_02828_,23.56µm
_08471_,23.56µm
_06121_,23.52µm
plaintext_reg\[76\],23.52µm
_05544_,23.5µm
net1039,23.465µm
_03099_,23.46µm
_06765_,23.46µm
_05319_,23.44µm
_08329_,23.44µm
_08072_,23.43µm
_01023_,23.42µm
_01212_,23.42µm
_04895_,23.4µm
_08100_,23.4µm
plaintext_reg\[84\],23.38µm
_06352_,23.36µm
key_reg\[121\],23.36µm
plaintext_reg\[94\],23.36µm
_03570_,23.34µm
_08971_,23.34µm
_08251_,23.32µm
_08790_,23.32µm
ciphertext_reg\[74\],23.305µm
_07991_,23.3µm
_09267_,23.3µm
_02517_,23.28µm
net2174,23.28µm
_03496_,23.26µm
plaintext_reg\[122\],23.24µm
_02922_,23.22µm
_05889_,23.22µm
u_aes128_baseline.u_aes_core.rcon_reg\[1\],23.22µm
_03185_,23.18µm
u_aes128_baseline.u_aes_core.round_key_reg\[112\],23.18µm
ciphertext_reg\[35\],23.17µm
net1561,23.16µm
plaintext_reg\[62\],23.14µm
_02122_,23.12µm
_04892_,23.115µm
_01518_,23.1µm
net1917,23.04µm
_03237_,23.02µm
_09021_,23.02µm
_02368_,23µm
_02822_,23µm
plaintext_reg\[85\],23µm
_03574_,22.98µm
key_reg\[104\],22.965µm
_07823_,22.96µm
_07875_,22.96µm
_09350_,22.96µm
net225,22.96µm
_07208_,22.92µm
_04171_,22.9µm
_04343_,22.9µm
_02964_,22.88µm
_05184_,22.87µm
_07807_,22.86µm
_01587_,22.84µm
_06107_,22.84µm
_06357_,22.84µm
_03954_,22.8µm
net2152,22.78µm
_07544_,22.76µm
net2305,22.74µm
_05594_,22.72µm
_07288_,22.72µm
_08416_,22.7µm
_02864_,22.62µm
_06000_,22.62µm
_07313_,22.62µm
_08112_,22.62µm
net2167,22.62µm
key_reg\[106\],22.61µm
_02093_,22.58µm
_02465_,22.58µm
_02867_,22.58µm
ciphertext_reg\[61\],22.565µm
_01235_,22.56µm
_02215_,22.56µm
_05685_,22.55µm
_08348_,22.54µm
_09223_,22.52µm
_04148_,22.48µm
_00826_,22.46µm
_00928_,22.46µm
_01369_,22.44µm
_02701_,22.44µm
_03532_,22.42µm
_07928_,22.41µm
_06811_,22.4µm
_01768_,22.39µm
_03072_,22.36µm
_04117_,22.36µm
_06454_,22.36µm
_08099_,22.36µm
ciphertext_reg\[86\],22.36µm
_01488_,22.34µm
_08881_,22.3µm
_04965_,22.28µm
_06886_,22.28µm
_07116_,22.28µm
_07915_,22.28µm
_08106_,22.26µm
_03264_,22.24µm
_00865_,22.22µm
_02469_,22.22µm
_04579_,22.22µm
_05118_,22.22µm
_08670_,22.22µm
_03863_,22.18µm
_05928_,22.18µm
_02125_,22.16µm
_09022_,22.16µm
_07806_,22.145µm
_06413_,22.13µm
_02207_,22.12µm
_07970_,22.12µm
_08798_,22.12µm
key_count\[3\],22.12µm
net885,22.12µm
plaintext_reg\[10\],22.08µm
plaintext_reg\[36\],22.08µm
_06494_,22.07µm
_07600_,22.06µm
net852,22.06µm
key_reg\[77\],22.045µm
_01969_,22.04µm
_07631_,22.04µm
_08137_,22.04µm
_02838_,22.02µm
_09094_,22.02µm
_01593_,22µm
_02143_,22µm
_05005_,22µm
_08222_,22µm
net1936,22µm
_02652_,21.96µm
_01041_,21.94µm
_02635_,21.94µm
_04945_,21.92µm
_04255_,21.9µm
_01342_,21.86µm
_05421_,21.86µm
_02733_,21.84µm
_03181_,21.84µm
_05672_,21.84µm
_07309_,21.84µm
_04876_,21.82µm
_04882_,21.8µm
_05031_,21.8µm
u_aes128_baseline.u_aes_core.state_reg\[71\],21.8µm
_04920_,21.77µm
_06520_,21.765µm
_04367_,21.75µm
_02278_,21.74µm
net2150,21.73µm
_04210_,21.71µm
_02535_,21.7µm
_04060_,21.7µm
_06022_,21.7µm
key_reg\[64\],21.69µm
_02413_,21.66µm
ciphertext_reg\[18\],21.66µm
_07213_,21.655µm
u_aes128_baseline.u_aes_core.rcon_reg\[2\],21.64µm
net2013,21.63µm
plaintext_reg\[63\],21.62µm
net2241,21.62µm
_03041_,21.58µm
_06021_,21.58µm
_07341_,21.58µm
_04488_,21.56µm
net568,21.56µm
_03379_,21.54µm
_03586_,21.54µm
_03636_,21.54µm
net288,21.54µm
net2181,21.54µm
_08941_,21.535µm
_03150_,21.52µm
_08869_,21.52µm
_08560_,21.5µm
_08792_,21.5µm
plaintext_reg\[113\],21.5µm
_07304_,21.49µm
_06905_,21.48µm
_08757_,21.48µm
_01854_,21.46µm
_03196_,21.44µm
_01755_,21.4µm
_03367_,21.4µm
net563,21.4µm
_00969_,21.385µm
plaintext_reg\[70\],21.38µm
_02403_,21.36µm
_03384_,21.36µm
_03546_,21.36µm
_03772_,21.34µm
_05261_,21.34µm
_06518_,21.34µm
net1666,21.34µm
_08332_,21.3µm
_06389_,21.28µm
_09347_,21.28µm
u_aes128_baseline.u_aes_core.rcon_reg\[3\],21.265µm
_00814_,21.26µm
_00002_,21.24µm
_01917_,21.24µm
_02091_,21.24µm
_05200_,21.24µm
_05789_,21.24µm
_06629_,21.24µm
_06909_,21.24µm
_04756_,21.22µm
_08856_,21.22µm
_06378_,21.2µm
_07735_,21.2µm
_08579_,21.2µm
_09218_,21.2µm
_06060_,21.18µm
key_reg\[34\],21.165µm
_07011_,21.16µm
_07272_,21.16µm
_09169_,21.16µm
_06048_,21.14µm
_06737_,21.14µm
_08963_,21.14µm
_01321_,21.12µm
_06965_,21.12µm
_07007_,21.12µm
_08127_,21.12µm
plaintext_reg\[26\],21.12µm
_07560_,21.1µm
_09318_,21.1µm
_06572_,21.09µm
_02745_,21.08µm
_07293_,21.08µm
net1921,21.08µm
_02677_,21.045µm
_03037_,21.04µm
_04409_,21.04µm
_05859_,21.04µm
_06477_,21.025µm
_06869_,21.02µm
_05945_,20.98µm
u_aes128_baseline.u_aes_core.round_reg\[3\],20.96µm
key_reg\[42\],20.955µm
_05950_,20.94µm
_07637_,20.94µm
_08504_,20.94µm
plaintext_reg\[30\],20.92µm
net997,20.92µm
plaintext_reg\[82\],20.9µm
net2178,20.9µm
_04498_,20.88µm
_02104_,20.86µm
_04007_,20.86µm
_05514_,20.84µm
_06104_,20.83µm
_06752_,20.82µm
_08324_,20.82µm
_01769_,20.8µm
_02336_,20.78µm
_05221_,20.78µm
net2173,20.78µm
_00806_,20.74µm
_03731_,20.7µm
_07245_,20.68µm
_07777_,20.68µm
_08739_,20.68µm
_08954_,20.68µm
_00811_,20.66µm
_02053_,20.66µm
_01562_,20.64µm
_05011_,20.64µm
_08183_,20.64µm
net2177,20.62µm
_01829_,20.6µm
net1967,20.6µm
_07891_,20.59µm
_04952_,20.585µm
_01718_,20.58µm
_03172_,20.58µm
_04872_,20.58µm
_06142_,20.58µm
_02825_,20.56µm
_02890_,20.56µm
_07211_,20.54µm
_05872_,20.52µm
_07253_,20.52µm
_07694_,20.52µm
u_aes128_baseline.u_aes_core.round_key_reg\[111\],20.51µm
_01882_,20.44µm
_05282_,20.44µm
net2171,20.44µm
_06970_,20.42µm
_07353_,20.42µm
_04327_,20.4µm
_04777_,20.4µm
_06624_,20.38µm
_06712_,20.38µm
_09360_,20.38µm
_01224_,20.36µm
_05170_,20.36µm
_06128_,20.36µm
_04101_,20.34µm
_04103_,20.34µm
_06666_,20.34µm
_07051_,20.34µm
_08215_,20.34µm
_03400_,20.32µm
_03411_,20.3µm
_01048_,20.28µm
ciphertext_reg\[78\],20.27µm
_02478_,20.26µm
_03594_,20.24µm
_06655_,20.24µm
_01963_,20.22µm
_08234_,20.22µm
_08546_,20.22µm
_07234_,20.215µm
_01098_,20.2µm
_04321_,20.2µm
_01031_,20.18µm
_01465_,20.16µm
_05972_,20.16µm
_07871_,20.16µm
ciphertext_reg\[96\],20.16µm
_06442_,20.15µm
_05214_,20.14µm
_00828_,20.12µm
_02513_,20.12µm
_03485_,20.12µm
_07031_,20.12µm
_08116_,20.12µm
u_aes128_baseline.u_aes_core.round_key_reg\[38\],20.12µm
_05104_,20.11µm
_02622_,20.1µm
_05208_,20.1µm
_03396_,20.08µm
_07413_,20.05µm
_01700_,20.04µm
_03509_,20.04µm
_08470_,20.04µm
_02754_,19.98µm
_07661_,19.98µm
plaintext_reg\[31\],19.98µm
net1958,19.98µm
_04560_,19.975µm
_02292_,19.96µm
_06892_,19.96µm
_04591_,19.92µm
_06872_,19.9µm
net2155,19.88µm
_02606_,19.86µm
_07698_,19.86µm
net1180,19.85µm
net2161,19.82µm
_03528_,19.805µm
_08167_,19.8µm
_09144_,19.8µm
_09135_,19.78µm
_03052_,19.76µm
_05342_,19.74µm
_07666_,19.74µm
_09146_,19.74µm
_09324_,19.74µm
net2170,19.74µm
_02346_,19.72µm
_03601_,19.72µm
_08310_,19.685µm
net2148,19.68µm
_04512_,19.675µm
_08427_,19.66µm
plaintext_reg\[71\],19.66µm
net2154,19.66µm
_02697_,19.64µm
_05046_,19.64µm
_08433_,19.64µm
_09229_,19.64µm
_04747_,19.635µm
_06205_,19.62µm
_06208_,19.62µm
_06211_,19.62µm
_04942_,19.61µm
u_aes128_baseline.u_aes_core.round_key_reg\[126\],19.6µm
_01062_,19.54µm
_01427_,19.54µm
_04989_,19.54µm
_03034_,19.52µm
_04960_,19.52µm
net224,19.52µm
net2147,19.52µm
_05006_,19.5µm
_06031_,19.5µm
_01024_,19.48µm
_03025_,19.45µm
key_reg\[88\],19.45µm
_08014_,19.43µm
_04975_,19.42µm
plaintext_reg\[109\],19.4µm
_06110_,19.38µm
_06733_,19.38µm
_07885_,19.36µm
_09136_,19.34µm
_06793_,19.32µm
plaintext_reg\[0\],19.32µm
_01209_,19.31µm
_00987_,19.3µm
_09185_,19.3µm
_02289_,19.295µm
net1961,19.29µm
_02355_,19.28µm
_05530_,19.27µm
plaintext_reg\[15\],19.24µm
net73,19.24µm
_03652_,19.2µm
_06946_,19.2µm
net2157,19.2µm
_03861_,19.18µm
_09181_,19.18µm
net2127,19.18µm
_01314_,19.16µm
_03051_,19.16µm
_07818_,19.16µm
_02676_,19.14µm
_09154_,19.14µm
net2162,19.14µm
_02557_,19.12µm
_03721_,19.12µm
plaintext_reg\[50\],19.12µm
net2072,19.09µm
_01683_,19.06µm
_05702_,19.06µm
net2138,19.06µm
_04031_,19.04µm
u_aes128_baseline.u_aes_core.round_key_reg\[124\],19.03µm
_00878_,19.02µm
_01757_,19.02µm
_02072_,19µm
_05580_,19µm
_04009_,18.98µm
_05003_,18.98µm
_09279_,18.98µm
_01961_,18.96µm
net223,18.96µm
net2149,18.96µm
_06341_,18.94µm
_07471_,18.94µm
_07939_,18.94µm
_08492_,18.94µm
_01344_,18.935µm
_02293_,18.91µm
_08128_,18.91µm
_06090_,18.9µm
_09092_,18.9µm
_03553_,18.86µm
_03648_,18.86µm
_08755_,18.84µm
_01431_,18.82µm
_04670_,18.82µm
_07100_,18.82µm
net2166,18.82µm
_01699_,18.8µm
_08062_,18.8µm
u_aes128_baseline.u_aes_core.state_reg\[83\],18.78µm
_03537_,18.74µm
_04138_,18.74µm
_04220_,18.74µm
_04237_,18.74µm
_05066_,18.74µm
_07813_,18.74µm
_09130_,18.74µm
_05432_,18.72µm
_06229_,18.72µm
net2240,18.72µm
_02315_,18.71µm
_02063_,18.7µm
_03844_,18.7µm
_07133_,18.7µm
plaintext_reg\[69\],18.7µm
_02492_,18.68µm
plaintext_reg\[16\],18.66µm
_02299_,18.62µm
_03138_,18.62µm
_04542_,18.62µm
_05817_,18.62µm
_06595_,18.62µm
_08214_,18.62µm
net2294,18.62µm
_06625_,18.6µm
_07389_,18.58µm
_01424_,18.56µm
_04837_,18.56µm
_01327_,18.54µm
_07079_,18.54µm
_03886_,18.53µm
_02389_,18.52µm
_03134_,18.52µm
_06323_,18.52µm
_06944_,18.52µm
net1303,18.52µm
net2267,18.52µm
_00546_,18.5µm
_04194_,18.5µm
_04334_,18.5µm
_06385_,18.5µm
_02303_,18.48µm
_04816_,18.48µm
_08490_,18.48µm
plaintext_reg\[68\],18.48µm
_01202_,18.46µm
_01200_,18.445µm
_05799_,18.44µm
_06170_,18.44µm
net58,18.44µm
_04307_,18.42µm
_03376_,18.41µm
_00825_,18.4µm
_01404_,18.4µm
_02983_,18.4µm
_00817_,18.38µm
_01044_,18.38µm
_02380_,18.38µm
_03141_,18.38µm
_04688_,18.38µm
_02874_,18.36µm
_09070_,18.36µm
ciphertext_reg\[72\],18.36µm
net320,18.36µm
_02594_,18.34µm
_07296_,18.34µm
net2163,18.34µm
_01798_,18.32µm
_03773_,18.32µm
_00990_,18.305µm
_08202_,18.3µm
_03479_,18.28µm
_08256_,18.28µm
_09222_,18.28µm
net222,18.28µm
_02448_,18.26µm
_04011_,18.26µm
plaintext_count\[4\],18.26µm
_08245_,18.25µm
_02098_,18.24µm
_04232_,18.24µm
_08612_,18.24µm
_08901_,18.24µm
_02209_,18.225µm
_05298_,18.2µm
_05070_,18.18µm
_05126_,18.18µm
net2106,18.18µm
_02933_,18.16µm
_06500_,18.16µm
_07001_,18.16µm
_09134_,18.16µm
_04269_,18.15µm
_04279_,18.14µm
_04392_,18.14µm
_05127_,18.14µm
_06579_,18.14µm
net2137,18.14µm
_01620_,18.12µm
_04267_,18.11µm
_01295_,18.1µm
plaintext_reg\[108\],18.1µm
_02931_,18.08µm
_04706_,18.08µm
_04899_,18.08µm
_04738_,18.06µm
_03572_,18.045µm
_05355_,18.04µm
_05811_,18.04µm
_08079_,18.04µm
_05631_,18.02µm
_06574_,18.02µm
_00765_,18µm
_03224_,17.98µm
_05079_,17.98µm
_05977_,17.98µm
_07664_,17.98µm
_08449_,17.98µm
_03548_,17.94µm
net2234,17.94µm
_02372_,17.92µm
_06515_,17.92µm
_05091_,17.91µm
_06019_,17.9µm
_07030_,17.9µm
_08149_,17.9µm
_02135_,17.88µm
_08186_,17.88µm
u_aes128_baseline.u_aes_core.round_key_reg\[48\],17.88µm
_07570_,17.86µm
_07837_,17.86µm
_08087_,17.86µm
_02489_,17.855µm
u_aes128_baseline.u_aes_core.round_key_reg\[67\],17.84µm
_02998_,17.82µm
_02490_,17.8µm
_02539_,17.8µm
net221,17.8µm
_06976_,17.78µm
_07488_,17.78µm
_08553_,17.78µm
_08702_,17.78µm
_01114_,17.76µm
_01588_,17.76µm
_02129_,17.76µm
net1938,17.76µm
_03242_,17.74µm
_04228_,17.74µm
_03470_,17.72µm
_01510_,17.7µm
_01893_,17.7µm
ciphertext_reg\[14\],17.7µm
_02507_,17.67µm
_00606_,17.66µm
_04404_,17.66µm
_06112_,17.66µm
_08958_,17.66µm
_03706_,17.655µm
_01354_,17.64µm
_04499_,17.64µm
_05164_,17.64µm
_07050_,17.6µm
_00932_,17.58µm
_05205_,17.575µm
_05762_,17.56µm
u_aes128_baseline.u_aes_core.state_reg\[80\],17.56µm
_01004_,17.52µm
_01936_,17.52µm
_02021_,17.52µm
_05210_,17.52µm
_08654_,17.52µm
net1713,17.52µm
_07602_,17.5µm
_08173_,17.48µm
_08540_,17.48µm
_09271_,17.48µm
ciphertext_reg\[62\],17.48µm
_07686_,17.44µm
u_aes128_baseline.u_aes_core.round_key_reg\[82\],17.44µm
u_aes128_baseline.u_aes_core.round_key_reg\[103\],17.41µm
_01810_,17.4µm
_06697_,17.4µm
plaintext_reg\[124\],17.4µm
_06057_,17.38µm
_06835_,17.38µm
_08474_,17.38µm
_05776_,17.36µm
plaintext_reg\[115\],17.36µm
net35,17.36µm
_05875_,17.34µm
_06587_,17.34µm
u_aes128_baseline.u_aes_core.rcon_reg\[6\],17.34µm
_02301_,17.32µm
_04277_,17.32µm
ciphertext_reg\[31\],17.32µm
_05930_,17.31µm
_07715_,17.3µm
u_aes128_baseline.u_aes_core.round_key_reg\[89\],17.3µm
_05936_,17.28µm
_08867_,17.28µm
_08387_,17.26µm
u_aes128_baseline.u_aes_core.round_key_reg\[7\],17.26µm
_08632_,17.25µm
_07282_,17.24µm
_08058_,17.24µm
_02774_,17.22µm
_04384_,17.22µm
net2128,17.22µm
plaintext_count\[2\],17.2µm
_01563_,17.18µm
_05242_,17.18µm
_06735_,17.16µm
plaintext_reg\[67\],17.16µm
_01403_,17.14µm
_03522_,17.14µm
_03927_,17.14µm
_07611_,17.14µm
_03890_,17.12µm
_06037_,17.12µm
_09061_,17.12µm
_06941_,17.1µm
_09001_,17.1µm
ciphertext_reg\[33\],17.085µm
_03187_,17.06µm
_05489_,17.06µm
_06719_,17.06µm
_07101_,17.06µm
net2311,17.06µm
_08552_,17.045µm
_02646_,17.02µm
_08280_,17.02µm
_04977_,17µm
_05241_,17µm
_06484_,17µm
_07685_,17µm
_05952_,16.98µm
_03475_,16.94µm
net1032,16.925µm
_01058_,16.92µm
_03217_,16.92µm
_07194_,16.92µm
_07979_,16.9µm
_04078_,16.88µm
_05020_,16.88µm
_09137_,16.88µm
_01480_,16.865µm
_03768_,16.86µm
_01935_,16.84µm
_08648_,16.82µm
_09121_,16.82µm
_04697_,16.8µm
_07267_,16.8µm
_06243_,16.785µm
_02908_,16.78µm
_07758_,16.78µm
net2221,16.78µm
_02179_,16.76µm
_06257_,16.76µm
_08665_,16.76µm
_07716_,16.74µm
u_aes128_baseline.u_aes_core.state_reg\[119\],16.74µm
_07567_,16.72µm
net2331,16.72µm
_08570_,16.7µm
_06011_,16.68µm
_06726_,16.68µm
_01746_,16.66µm
_03957_,16.66µm
_05589_,16.66µm
_03991_,16.64µm
_07059_,16.62µm
_04054_,16.6µm
_08147_,16.6µm
_01630_,16.58µm
_03992_,16.575µm
net1980,16.56µm
_05584_,16.54µm
_01157_,16.52µm
_03336_,16.52µm
_05238_,16.52µm
_05450_,16.52µm
_05133_,16.5µm
_06623_,16.5µm
u_aes128_baseline.u_aes_core.round_key_reg\[69\],16.5µm
_03044_,16.48µm
_07662_,16.48µm
_02536_,16.44µm
_02790_,16.44µm
_02976_,16.44µm
_03412_,16.44µm
_03884_,16.44µm
_09127_,16.44µm
_01818_,16.43µm
_02880_,16.42µm
_03956_,16.42µm
_03704_,16.4µm
_05913_,16.4µm
_02485_,16.38µm
_05981_,16.38µm
_07451_,16.38µm
_05763_,16.36µm
_09077_,16.36µm
_03414_,16.34µm
_04064_,16.34µm
_07556_,16.315µm
_00867_,16.3µm
_02077_,16.285µm
_07201_,16.28µm
net2126,16.28µm
net2140,16.28µm
_02002_,16.27µm
_01914_,16.26µm
_04152_,16.26µm
_09081_,16.26µm
net2064,16.25µm
_05578_,16.24µm
_06507_,16.24µm
_02633_,16.22µm
_05605_,16.22µm
plaintext_reg\[111\],16.22µm
_01507_,16.2µm
_03313_,16.2µm
_05562_,16.2µm
_07584_,16.2µm
_05529_,16.18µm
_08556_,16.18µm
net2112,16.18µm
_08378_,16.17µm
_01508_,16.16µm
_03251_,16.13µm
_03358_,16.12µm
_03651_,16.12µm
_05988_,16.12µm
_06017_,16.12µm
_07346_,16.12µm
_08910_,16.12µm
net2236,16.12µm
_03104_,16.1µm
_05068_,16.1µm
_08679_,16.1µm
_07355_,16.08µm
_01002_,16.07µm
_01599_,16.065µm
_06705_,16.06µm
_02801_,16.04µm
net2285,16.04µm
_04300_,16.02µm
_05676_,16.02µm
_06193_,16.02µm
net2034,16.02µm
net2288,16.02µm
_08117_,16.005µm
_07068_,16µm
net2142,16µm
_02132_,15.98µm
_02575_,15.98µm
_03402_,15.98µm
_04434_,15.98µm
_05204_,15.98µm
_05380_,15.98µm
_02630_,15.96µm
_03365_,15.96µm
_06106_,15.96µm
_06778_,15.96µm
_08532_,15.96µm
_01353_,15.94µm
_05299_,15.94µm
_04107_,15.92µm
_04992_,15.92µm
_05782_,15.92µm
_02308_,15.9µm
_08817_,15.9µm
net166,15.9µm
_01656_,15.885µm
_01341_,15.88µm
_06540_,15.88µm
_06607_,15.88µm
_06126_,15.86µm
_07164_,15.86µm
ciphertext_reg\[55\],15.86µm
_01720_,15.84µm
_02820_,15.84µm
_03634_,15.84µm
_07522_,15.84µm
net2143,15.84µm
_06184_,15.82µm
_08070_,15.82µm
_02268_,15.8µm
_05750_,15.8µm
_08071_,15.8µm
net2131,15.8µm
net2297,15.8µm
_05686_,15.76µm
_09052_,15.76µm
u_aes128_baseline.u_aes_core.round_key_reg\[55\],15.755µm
_02648_,15.74µm
_08991_,15.74µm
u_aes128_baseline.u_aes_core.round_key_reg\[88\],15.74µm
net980,15.74µm
_00950_,15.72µm
_06860_,15.72µm
_07808_,15.72µm
_07889_,15.72µm
plaintext_reg\[106\],15.72µm
net2169,15.72µm
_02294_,15.7µm
_08368_,15.7µm
_03240_,15.68µm
_07147_,15.68µm
ciphertext_reg\[90\],15.68µm
_01338_,15.64µm
_03154_,15.64µm
net53,15.64µm
net2141,15.64µm
_07357_,15.62µm
ciphertext_reg\[87\],15.62µm
net2153,15.62µm
_02265_,15.61µm
_01884_,15.6µm
_03206_,15.6µm
_03351_,15.6µm
_03646_,15.6µm
_04572_,15.6µm
_07318_,15.6µm
_07577_,15.6µm
_09017_,15.6µm
u_aes128_baseline.u_aes_core.round_key_reg\[107\],15.6µm
net2254,15.6µm
_08216_,15.595µm
_00915_,15.58µm
plaintext_reg\[75\],15.58µm
_05017_,15.56µm
_06768_,15.56µm
net2129,15.56µm
_05517_,15.555µm
_03996_,15.54µm
_05414_,15.54µm
_06369_,15.5µm
_08392_,15.5µm
net1969,15.49µm
_04118_,15.485µm
_06232_,15.485µm
_01491_,15.48µm
_05047_,15.48µm
ciphertext_wire\[109\],15.48µm
_03309_,15.465µm
_00942_,15.46µm
_03830_,15.46µm
_06601_,15.46µm
net2133,15.46µm
_03021_,15.44µm
_04170_,15.43µm
_01045_,15.4µm
_03921_,15.4µm
_04991_,15.4µm
_05344_,15.4µm
_06890_,15.4µm
_06994_,15.4µm
_08131_,15.4µm
_08705_,15.4µm
net329,15.4µm
_08592_,15.38µm
u_aes128_baseline.u_aes_core.round_key_reg\[56\],15.38µm
_02641_,15.36µm
_03668_,15.36µm
net597,15.36µm
_01747_,15.34µm
_04988_,15.34µm
_06113_,15.34µm
_08026_,15.34µm
_08876_,15.34µm
net1507,15.34µm
_05437_,15.32µm
_06674_,15.32µm
net2159,15.32µm
_05745_,15.3µm
net1384,15.3µm
_08018_,15.29µm
_03939_,15.28µm
_04427_,15.28µm
_07214_,15.28µm
_07898_,15.28µm
net1602,15.28µm
_00930_,15.26µm
_01013_,15.26µm
_02042_,15.26µm
_02169_,15.26µm
_03510_,15.26µm
_03743_,15.26µm
_07262_,15.26µm
u_aes128_baseline.u_aes_core.state_reg\[109\],15.26µm
_03265_,15.245µm
_00941_,15.24µm
_01094_,15.24µm
_03635_,15.24µm
_06209_,15.24µm
_04026_,15.22µm
_07284_,15.22µm
_07876_,15.22µm
_02686_,15.2µm
_04159_,15.2µm
plaintext_reg\[86\],15.2µm
_02728_,15.18µm
_06576_,15.18µm
_06197_,15.17µm
_05548_,15.16µm
_06937_,15.14µm
_00175_,15.12µm
_01171_,15.12µm
_04079_,15.12µm
_06647_,15.12µm
_03540_,15.1µm
_07668_,15.1µm
_08697_,15.1µm
_08930_,15.1µm
_00197_,15.08µm
_01878_,15.08µm
_02044_,15.06µm
_04063_,15.06µm
_04741_,15.06µm
net2000,15.06µm
net2115,15.06µm
_02180_,15.055µm
_01388_,15.04µm
_07663_,15.04µm
net2314,15.04µm
_03417_,15.02µm
u_aes128_baseline.u_aes_core.round_key_reg\[108\],15.02µm
_03713_,15µm
_08870_,15µm
_08483_,14.98µm
_01862_,14.97µm
_05436_,14.96µm
u_aes128_baseline.u_aes_core.state_reg\[112\],14.96µm
_03362_,14.92µm
_04169_,14.92µm
_04621_,14.92µm
_07000_,14.92µm
ciphertext_wire\[82\],14.92µm
u_aes128_baseline.u_aes_core.state_reg\[73\],14.92µm
_05617_,14.9µm
_07535_,14.9µm
_08564_,14.885µm
_00876_,14.88µm
_01312_,14.88µm
_06853_,14.88µm
_08784_,14.88µm
net2102,14.88µm
_06983_,14.86µm
_08166_,14.86µm
_08933_,14.86µm
net77,14.85µm
_02748_,14.84µm
_09128_,14.82µm
_00588_,14.8µm
_01259_,14.8µm
_02787_,14.8µm
_05690_,14.8µm
_06762_,14.8µm
_03031_,14.78µm
_06577_,14.78µm
_02845_,14.76µm
_04173_,14.76µm
_04435_,14.76µm
_08578_,14.76µm
ciphertext_reg\[47\],14.76µm
u_aes128_baseline.u_aes_core.round_key_reg\[43\],14.76µm
net2215,14.76µm
_07545_,14.74µm
_07610_,14.74µm
_08873_,14.74µm
_02545_,14.72µm
_05996_,14.72µm
_07240_,14.72µm
_08924_,14.7µm
_02213_,14.68µm
_06360_,14.68µm
_07792_,14.66µm
_01621_,14.64µm
_06280_,14.64µm
_06602_,14.64µm
_06846_,14.64µm
_07603_,14.64µm
plaintext_reg\[119\],14.64µm
_06046_,14.62µm
net250,14.62µm
net2164,14.62µm
_04664_,14.605µm
_02989_,14.6µm
_05048_,14.6µm
_05521_,14.6µm
_05696_,14.6µm
_05979_,14.6µm
_07489_,14.6µm
u_aes128_baseline.u_aes_core.round_key_reg\[11\],14.6µm
_02865_,14.58µm
_04185_,14.58µm
_08972_,14.58µm
_05921_,14.57µm
_01761_,14.56µm
_06096_,14.56µm
_06373_,14.56µm
net1368,14.56µm
_00194_,14.52µm
u_aes128_baseline.u_aes_core.state_reg\[107\],14.52µm
_06432_,14.5µm
net63,14.5µm
_00943_,14.48µm
_02386_,14.48µm
_03067_,14.48µm
_03502_,14.48µm
_04640_,14.48µm
_06247_,14.48µm
net2047,14.47µm
_03315_,14.46µm
_08986_,14.46µm
net1,14.46µm
net2266,14.46µm
_05277_,14.44µm
u_aes128_baseline.u_aes_core.round_key_reg\[122\],14.44µm
_02561_,14.425µm
_04537_,14.425µm
_00377_,14.42µm
_02352_,14.42µm
_05730_,14.42µm
_07195_,14.42µm
_08244_,14.42µm
net72,14.42µm
net106,14.42µm
net2272,14.42µm
_02756_,14.4µm
_02758_,14.4µm
plaintext_reg\[27\],14.38µm
net639,14.37µm
_03527_,14.365µm
_07964_,14.36µm
_03640_,14.34µm
_04617_,14.34µm
_08998_,14.34µm
ciphertext_reg\[30\],14.32µm
u_aes128_baseline.u_aes_core.state_reg\[41\],14.32µm
_06927_,14.3µm
_07289_,14.3µm
_07574_,14.3µm
net1460,14.3µm
_02224_,14.28µm
_03489_,14.28µm
_03867_,14.265µm
_06663_,14.26µm
_08509_,14.26µm
_08539_,14.26µm
u_aes128_baseline.u_aes_core.round_key_reg\[72\],14.26µm
_04281_,14.24µm
_08617_,14.24µm
_08988_,14.24µm
_03406_,14.23µm
plaintext_reg\[34\],14.22µm
net2132,14.22µm
_01735_,14.2µm
_07770_,14.2µm
u_aes128_baseline.u_aes_core.round_key_reg\[85\],14.2µm
_05397_,14.18µm
_06530_,14.18µm
_06794_,14.18µm
_08125_,14.18µm
_08195_,14.18µm
u_aes128_baseline.u_aes_core.round_key_reg\[66\],14.18µm
_00787_,14.16µm
_01544_,14.16µm
_08270_,14.16µm
net2103,14.16µm
net2122,14.16µm
_07473_,14.15µm
_02331_,14.14µm
_06702_,14.14µm
_00819_,14.12µm
_03198_,14.12µm
_04773_,14.12µm
_05420_,14.12µm
_05640_,14.12µm
net2135,14.12µm
_00850_,14.1µm
_02126_,14.1µm
_03607_,14.1µm
_03628_,14.1µm
_07782_,14.1µm
net2248,14.1µm
_03770_,14.09µm
_04583_,14.08µm
_05649_,14.08µm
_06865_,14.08µm
_03344_,14.06µm
_05879_,14.06µm
_06141_,14.06µm
_00580_,14.04µm
_02393_,14.04µm
_07683_,14.04µm
net59,14.04µm
net2113,14.04µm
_06150_,14.02µm
_06409_,14.02µm
_07321_,14.02µm
_03809_,14µm
_04613_,14µm
_05661_,14µm
_05737_,14µm
net2096,14µm
_01055_,13.98µm
_02084_,13.98µm
_02930_,13.98µm
_03960_,13.98µm
_08334_,13.98µm
_03649_,13.97µm
_01449_,13.96µm
_02727_,13.96µm
_05774_,13.96µm
_06303_,13.96µm
_06560_,13.94µm
_07946_,13.94µm
_08974_,13.93µm
_00112_,13.92µm
_01685_,13.92µm
u_aes128_baseline.u_aes_core.state_reg\[85\],13.92µm
_07834_,13.905µm
_02011_,13.9µm
_02351_,13.9µm
_04081_,13.9µm
key_reg\[32\],13.89µm
_02943_,13.88µm
_03686_,13.88µm
u_aes128_baseline.u_aes_core.round_key_reg\[44\],13.88µm
_00959_,13.86µm
_05899_,13.86µm
_06808_,13.86µm
_08993_,13.86µm
net2124,13.86µm
_05430_,13.85µm
_06338_,13.845µm
_00830_,13.84µm
_09062_,13.84µm
_00285_,13.82µm
_00511_,13.82µm
_08139_,13.82µm
_08733_,13.81µm
_02356_,13.8µm
_08983_,13.8µm
_09080_,13.8µm
_09275_,13.8µm
key_reg\[95\],13.8µm
u_aes128_baseline.u_aes_core.round_key_reg\[35\],13.8µm
_02326_,13.78µm
_07833_,13.78µm
_09174_,13.78µm
net2225,13.78µm
net2262,13.78µm
_02979_,13.76µm
_03459_,13.76µm
_06016_,13.76µm
_03474_,13.74µm
_05607_,13.72µm
_07160_,13.72µm
_09253_,13.72µm
net2151,13.72µm
_00139_,13.68µm
_02092_,13.68µm
_02503_,13.68µm
_03273_,13.68µm
_05822_,13.68µm
_06549_,13.68µm
_06683_,13.68µm
_07038_,13.68µm
_07123_,13.68µm
_07251_,13.68µm
_08432_,13.68µm
ciphertext_wire\[75\],13.68µm
plaintext_reg\[87\],13.68µm
_03331_,13.66µm
_06464_,13.66µm
net2160,13.66µm
_04178_,13.64µm
_06473_,13.64µm
net2330,13.64µm
_00247_,13.62µm
_01319_,13.62µm
_07561_,13.62µm
_08065_,13.62µm
net1994,13.62µm
net2098,13.62µm
_05547_,13.6µm
_05941_,13.6µm
net2094,13.6µm
_07382_,13.595µm
_06973_,13.59µm
_08050_,13.58µm
_09103_,13.56µm
_09265_,13.56µm
_01183_,13.54µm
_04273_,13.54µm
_05358_,13.54µm
_05885_,13.54µm
_06611_,13.54µm
_07439_,13.54µm
_07448_,13.54µm
_08340_,13.54µm
_08354_,13.54µm
_08926_,13.54µm
_09067_,13.53µm
_02495_,13.52µm
_03609_,13.52µm
_05551_,13.52µm
_05915_,13.52µm
_05865_,13.5µm
_07171_,13.5µm
_07241_,13.5µm
net134,13.5µm
_02319_,13.48µm
_06591_,13.48µm
_02436_,13.47µm
_07045_,13.465µm
_06118_,13.46µm
_06855_,13.46µm
u_aes128_baseline.u_aes_core.state_reg\[53\],13.46µm
_07779_,13.42µm
u_aes128_baseline.u_aes_core.round_key_reg\[51\],13.42µm
_02551_,13.4µm
net74,13.39µm
_01056_,13.38µm
_03764_,13.38µm
_03945_,13.38µm
_04140_,13.38µm
_04289_,13.38µm
_01042_,13.34µm
_02029_,13.34µm
_05312_,13.34µm
_05709_,13.34µm
_06918_,13.34µm
u_aes128_baseline.u_aes_core.round_key_reg\[49\],13.34µm
net2156,13.34µm
_05033_,13.32µm
net2058,13.31µm
_02859_,13.3µm
_03913_,13.3µm
_09355_,13.3µm
_07398_,13.295µm
net2056,13.27µm
_02335_,13.26µm
_02471_,13.26µm
_02602_,13.26µm
_06216_,13.26µm
_08246_,13.26µm
_08383_,13.26µm
net2195,13.26µm
_07512_,13.24µm
_02914_,13.22µm
_03168_,13.22µm
_06474_,13.22µm
_06585_,13.22µm
_06801_,13.22µm
ciphertext_wire\[112\],13.22µm
u_aes128_baseline.u_aes_core.round_key_reg\[39\],13.22µm
_02481_,13.21µm
_03003_,13.21µm
_01821_,13.2µm
_03515_,13.2µm
_07604_,13.2µm
_06723_,13.18µm
_07431_,13.18µm
_08562_,13.18µm
_02349_,13.17µm
_08711_,13.165µm
net2074,13.16µm
net2214,13.16µm
_07800_,13.145µm
_02604_,13.14µm
_04745_,13.14µm
_06025_,13.14µm
net2095,13.14µm
net2296,13.14µm
_03437_,13.135µm
_00124_,13.12µm
_03999_,13.12µm
_06451_,13.12µm
_07974_,13.12µm
_08791_,13.12µm
net2110,13.12µm
_02969_,13.1µm
_05338_,13.1µm
_05627_,13.1µm
_05668_,13.1µm
u_aes128_baseline.u_aes_core.round_key_reg\[12\],13.1µm
u_aes128_baseline.u_aes_core.round_key_reg\[14\],13.1µm
u_aes128_baseline.u_aes_core.round_key_reg\[22\],13.1µm
_02760_,13.08µm
_05691_,13.08µm
_08260_,13.08µm
_01730_,13.06µm
_02906_,13.06µm
_06634_,13.06µm
_07977_,13.06µm
_05843_,13.04µm
_06903_,13.04µm
_07365_,13.04µm
u_aes128_baseline.u_aes_core.state_reg\[46\],13.04µm
net579,13.04µm
_03784_,13.03µm
_01011_,13.02µm
_04311_,13µm
_07032_,13µm
_07424_,13µm
_07590_,13µm
_08506_,13µm
net2238,13µm
_01390_,12.98µm
_08101_,12.965µm
_01454_,12.96µm
_01943_,12.96µm
_05322_,12.96µm
_06672_,12.96µm
_08698_,12.96µm
net147,12.96µm
_01951_,12.94µm
_04967_,12.94µm
_00266_,12.92µm
_04453_,12.92µm
_04985_,12.92µm
_09043_,12.92µm
_09308_,12.92µm
net2243,12.92µm
_05399_,12.9µm
_00576_,12.885µm
_01090_,12.88µm
net2223,12.88µm
_08361_,12.865µm
_02258_,12.86µm
_06781_,12.86µm
net2335,12.86µm
_03056_,12.855µm
uio_out[6],12.85µm
_08859_,12.845µm
_01161_,12.84µm
_02937_,12.84µm
_03095_,12.84µm
_03727_,12.84µm
_04695_,12.84µm
_08464_,12.84µm
_08748_,12.84µm
_06661_,12.805µm
_03212_,12.8µm
_03893_,12.8µm
_04361_,12.8µm
_04424_,12.8µm
_06291_,12.8µm
_06703_,12.8µm
_07608_,12.8µm
u_aes128_baseline.u_aes_core.round_key_reg\[114\],12.8µm
u_aes128_baseline.u_aes_core.round_key_reg\[96\],12.8µm
_03711_,12.78µm
_05633_,12.76µm
_05820_,12.76µm
_07074_,12.76µm
_07463_,12.76µm
u_aes128_baseline.u_aes_core.round_key_reg\[104\],12.76µm
u_aes128_baseline.u_aes_core.round_key_reg\[46\],12.76µm
net1512,12.76µm
_02157_,12.74µm
_03182_,12.74µm
_03655_,12.74µm
_09197_,12.74µm
_03448_,12.73µm
_00862_,12.72µm
_02595_,12.72µm
_08454_,12.72µm
plaintext_reg\[83\],12.72µm
_08745_,12.68µm
u_aes128_baseline.u_aes_core.round_key_reg\[42\],12.68µm
net2118,12.68µm
_02117_,12.66µm
_05199_,12.66µm
_05608_,12.66µm
_05896_,12.66µm
_07747_,12.66µm
net2318,12.64µm
_01210_,12.62µm
_01575_,12.62µm
_02753_,12.62µm
_02892_,12.62µm
_06681_,12.62µm
_07507_,12.62µm
net2165,12.62µm
net2244,12.62µm
_02273_,12.6µm
_04441_,12.6µm
_08977_,12.6µm
_07108_,12.585µm
_07442_,12.585µm
_00381_,12.58µm
_00949_,12.58µm
_03302_,12.58µm
_05306_,12.58µm
_05862_,12.58µm
key_count\[4\],12.58µm
_04535_,12.56µm
_07547_,12.56µm
net2111,12.56µm
_01937_,12.54µm
_02580_,12.54µm
_04984_,12.54µm
_05226_,12.54µm
_06030_,12.54µm
_06098_,12.54µm
_09176_,12.52µm
_03420_,12.5µm
_07103_,12.5µm
_07255_,12.5µm
_07483_,12.5µm
u_aes128_baseline.u_aes_core.state_reg\[21\],12.5µm
net2104,12.5µm
_03449_,12.47µm
_01586_,12.46µm
_03583_,12.46µm
_03637_,12.46µm
_08152_,12.46µm
u_aes128_baseline.u_aes_core.round_key_reg\[68\],12.46µm
net2315,12.46µm
_02055_,12.42µm
_02419_,12.42µm
_02571_,12.42µm
_05130_,12.42µm
_07379_,12.42µm
_08953_,12.42µm
ciphertext_reg\[20\],12.42µm
key_reg\[111\],12.42µm
_03838_,12.41µm
_07449_,12.4µm
_09182_,12.4µm
net2251,12.4µm
_05180_,12.39µm
_05398_,12.36µm
_07435_,12.36µm
_08653_,12.36µm
_06093_,12.34µm
_06191_,12.34µm
_06774_,12.34µm
u_aes128_baseline.u_aes_core.round_key_reg\[54\],12.34µm
u_aes128_baseline.u_aes_core.round_key_reg\[74\],12.34µm
net599,12.32µm
_07517_,12.31µm
_00964_,12.3µm
_02550_,12.3µm
_04443_,12.3µm
_05602_,12.3µm
_08486_,12.3µm
_08823_,12.3µm
_08927_,12.3µm
_04739_,12.295µm
_00583_,12.28µm
_03059_,12.28µm
_03654_,12.28µm
_09341_,12.28µm
net2172,12.28µm
net2316,12.28µm
_01824_,12.26µm
_02649_,12.26µm
_06028_,12.26µm
_06372_,12.26µm
_08142_,12.26µm
_07736_,12.25µm
_08650_,12.25µm
_03708_,12.24µm
_09068_,12.24µm
_05466_,12.23µm
_00423_,12.22µm
_01881_,12.22µm
_03081_,12.22µm
_06034_,12.22µm
_09072_,12.22µm
net2003,12.22µm
_00958_,12.2µm
_08366_,12.2µm
_09179_,12.2µm
u_aes128_baseline.u_aes_core.state_reg\[114\],12.2µm
net2139,12.2µm
_01448_,12.195µm
_02438_,12.185µm
_01352_,12.18µm
_01501_,12.18µm
_02781_,12.18µm
_03436_,12.18µm
_08554_,12.18µm
_01455_,12.17µm
_01208_,12.16µm
_01847_,12.16µm
_03401_,12.16µm
_04456_,12.16µm
_05719_,12.16µm
_08398_,12.16µm
net1146,12.16µm
_08448_,12.15µm
_00479_,12.14µm
_01717_,12.14µm
_03645_,12.14µm
_04113_,12.14µm
_04229_,12.14µm
u_aes128_baseline.u_aes_core.round_key_reg\[109\],12.14µm
_02647_,12.12µm
_03587_,12.12µm
_04312_,12.12µm
_06265_,12.12µm
_07025_,12.12µm
_04401_,12.1µm
net930,12.1µm
_04428_,12.08µm
_04575_,12.08µm
_07370_,12.08µm
_07831_,12.08µm
_08171_,12.08µm
net912,12.08µm
_01386_,12.04µm
_03129_,12.04µm
_03422_,12.04µm
_03535_,12.04µm
_08591_,12.04µm
_08644_,12.04µm
_09032_,12.04µm
net14,12.04µm
net2114,12.04µm
_02246_,12.02µm
_02286_,12.005µm
_00973_,12µm
_02045_,12µm
_02411_,12µm
_02555_,12µm
_03439_,12µm
_06977_,12µm
_08950_,12µm
_09054_,12µm
u_aes128_baseline.u_aes_core.round_key_reg\[116\],12µm
net2258,12µm
_06058_,11.98µm
_08275_,11.98µm
ciphertext_reg\[48\],11.98µm
u_aes128_baseline.u_aes_core.round_key_reg\[64\],11.98µm
_04349_,11.96µm
_04476_,11.96µm
_04612_,11.96µm
_05138_,11.96µm
_06004_,11.96µm
_08558_,11.96µm
_03227_,11.92µm
_03559_,11.92µm
_04182_,11.92µm
_06593_,11.92µm
_08211_,11.92µm
_08252_,11.92µm
u_aes128_baseline.u_aes_core.round_key_reg\[28\],11.92µm
_07055_,11.9µm
_02493_,11.88µm
_02796_,11.88µm
_06844_,11.88µm
_01970_,11.86µm
_04430_,11.86µm
_00640_,11.84µm
_04056_,11.84µm
_04737_,11.84µm
_07002_,11.84µm
_02982_,11.82µm
_05873_,11.82µm
_06531_,11.82µm
_07307_,11.82µm
_08397_,11.82µm
_05286_,11.8µm
_08232_,11.8µm
u_aes128_baseline.u_aes_core.round_key_reg\[91\],11.8µm
_00966_,11.78µm
_05062_,11.78µm
_09132_,11.78µm
net1567,11.78µm
_02918_,11.775µm
_02025_,11.76µm
_02744_,11.76µm
_03834_,11.76µm
_06136_,11.76µm
_06479_,11.76µm
_06850_,11.76µm
_07548_,11.76µm
_09358_,11.76µm
_02229_,11.74µm
_06742_,11.74µm
_07585_,11.74µm
ciphertext_wire\[18\],11.74µm
u_aes128_baseline.u_aes_core.round_key_reg\[123\],11.73µm
_08223_,11.725µm
_00815_,11.72µm
_00914_,11.72µm
_00968_,11.72µm
_02295_,11.72µm
_02527_,11.72µm
_03918_,11.72µm
_05757_,11.72µm
_08465_,11.72µm
_09096_,11.72µm
net282,11.72µm
_04482_,11.7µm
_05185_,11.7µm
_06637_,11.7µm
net2300,11.7µm
_01102_,11.68µm
_02134_,11.68µm
_04969_,11.68µm
net896,11.68µm
_08317_,11.675µm
_01827_,11.66µm
_05316_,11.66µm
plaintext_reg\[61\],11.66µm
u_aes128_baseline.u_aes_core.round_key_reg\[75\],11.66µm
u_aes128_baseline.u_aes_core.round_key_reg\[90\],11.66µm
_00963_,11.64µm
_01179_,11.64µm
_02709_,11.64µm
_05518_,11.64µm
_07063_,11.64µm
_05832_,11.635µm
_00750_,11.62µm
_00892_,11.62µm
_00940_,11.62µm
_02394_,11.62µm
_02763_,11.62µm
_03085_,11.62µm
_03835_,11.62µm
_04046_,11.62µm
_02297_,11.6µm
_07700_,11.6µm
net2313,11.6µm
_07095_,11.58µm
_08541_,11.58µm
_08622_,11.58µm
_09207_,11.58µm
_06795_,11.56µm
net2287,11.56µm
_03359_,11.54µm
_04176_,11.54µm
_08549_,11.54µm
net2105,11.54µm
net2265,11.54µm
net2298,11.54µm
_04253_,11.52µm
_05153_,11.52µm
net2230,11.505µm
_01445_,11.5µm
_02775_,11.5µm
_07258_,11.5µm
_07419_,11.5µm
net2278,11.5µm
_01195_,11.48µm
_08333_,11.48µm
u_aes128_baseline.u_aes_core.rcon_reg\[5\],11.48µm
_03610_,11.46µm
_05812_,11.46µm
_06162_,11.46µm
_07064_,11.46µm
_08381_,11.46µm
net2232,11.46µm
_02272_,11.42µm
_02350_,11.42µm
_05435_,11.42µm
_06566_,11.42µm
_07546_,11.42µm
_09088_,11.42µm
net2119,11.42µm
_07192_,11.41µm
_01908_,11.4µm
_06161_,11.4µm
_07387_,11.4µm
_07707_,11.4µm
_08810_,11.4µm
ciphertext_reg\[21\],11.4µm
_01313_,11.38µm
_02682_,11.38µm
_03551_,11.38µm
_05612_,11.38µm
_05907_,11.38µm
u_aes128_baseline.u_aes_core.round_key_reg\[62\],11.38µm
net604,11.38µm
net2120,11.38µm
_06227_,11.36µm
_05491_,11.35µm
_08200_,11.325µm
_05012_,11.32µm
_08498_,11.32µm
_08874_,11.32µm
net99,11.32µm
_08307_,11.31µm
_02669_,11.3µm
_04120_,11.3µm
_08295_,11.3µm
_09117_,11.3µm
_01478_,11.295µm
_07929_,11.295µm
_00300_,11.28µm
_00310_,11.28µm
_00487_,11.28µm
_00540_,11.28µm
_00675_,11.28µm
net2,11.28µm
_01175_,11.26µm
_01191_,11.26µm
_01779_,11.26µm
_07455_,11.26µm
_07952_,11.26µm
_06236_,11.25µm
_01285_,11.24µm
_02971_,11.24µm
_05074_,11.24µm
_05496_,11.24µm
_08291_,11.24µm
_09031_,11.24µm
_01417_,11.235µm
_04673_,11.23µm
_07310_,11.22µm
_00829_,11.2µm
_00835_,11.2µm
_01794_,11.2µm
_02680_,11.2µm
_03827_,11.2µm
_04338_,11.2µm
_04623_,11.2µm
_07586_,11.2µm
_03483_,11.185µm
_00997_,11.18µm
_02287_,11.18µm
_02778_,11.18µm
_03329_,11.18µm
_03675_,11.18µm
_05114_,11.18µm
_08161_,11.18µm
_04197_,11.17µm
_00134_,11.16µm
_02059_,11.16µm
_02494_,11.16µm
_03009_,11.16µm
_04565_,11.16µm
_05156_,11.16µm
_05281_,11.16µm
_05963_,11.16µm
_08177_,11.16µm
_04559_,11.145µm
_02957_,11.14µm
_05969_,11.14µm
_06123_,11.125µm
_00925_,11.12µm
_01143_,11.12µm
_01198_,11.12µm
_02036_,11.12µm
_03153_,11.12µm
_04048_,11.12µm
_04067_,11.12µm
_04633_,11.12µm
_05593_,11.12µm
_05673_,11.12µm
_06626_,11.12µm
_07015_,11.12µm
_08843_,11.12µm
_09106_,11.12µm
plaintext_reg\[60\],11.12µm
_02474_,11.1µm
_03348_,11.1µm
net2130,11.1µm
net2275,11.1µm
_01597_,11.095µm
_01500_,11.09µm
_06899_,11.085µm
_01022_,11.08µm
_01167_,11.08µm
_01681_,11.08µm
_03775_,11.08µm
_04066_,11.08µm
_06013_,11.08µm
_06792_,11.08µm
_08900_,11.08µm
_09243_,11.08µm
_01140_,11.06µm
_01012_,11.04µm
_02842_,11.04µm
_06701_,11.04µm
_08688_,11.04µm
_09047_,11.04µm
plaintext_reg\[57\],11.04µm
net2327,11.04µm
_00228_,11.02µm
_05310_,11.02µm
_07456_,11.02µm
_07714_,11.005µm
_01149_,11µm
_03506_,11µm
_06729_,11µm
_00522_,10.985µm
_06356_,10.98µm
_08403_,10.98µm
ciphertext_reg\[79\],10.965µm
_02590_,10.96µm
ciphertext_wire\[26\],10.96µm
net2117,10.96µm
_01043_,10.955µm
_01864_,10.95µm
_06537_,10.94µm
_05973_,10.93µm
_00654_,10.92µm
_02927_,10.92µm
_03232_,10.92µm
_03452_,10.92µm
_06223_,10.92µm
_08155_,10.92µm
_08735_,10.92µm
net2097,10.92µm
_08495_,10.91µm
_01564_,10.9µm
_02800_,10.9µm
_04677_,10.9µm
ciphertext_wire\[17\],10.9µm
_03605_,10.89µm
_05572_,10.88µm
_07775_,10.88µm
_08566_,10.88µm
_08597_,10.88µm
_00579_,10.86µm
_00898_,10.86µm
_01046_,10.86µm
_01554_,10.86µm
_03208_,10.86µm
_05677_,10.86µm
_05768_,10.86µm
_07936_,10.86µm
_08129_,10.86µm
_08266_,10.86µm
_08818_,10.86µm
ciphertext_wire\[79\],10.86µm
net2100,10.86µm
_08417_,10.85µm
_00617_,10.84µm
_02514_,10.84µm
_00320_,10.82µm
_00923_,10.82µm
_06957_,10.82µm
_08805_,10.82µm
u_aes128_baseline.u_aes_core.state_reg\[61\],10.82µm
_01008_,10.8µm
_05880_,10.8µm
_08793_,10.8µm
_01125_,10.78µm
_01127_,10.78µm
_02500_,10.78µm
_08274_,10.78µm
u_aes128_baseline.u_aes_core.state_reg\[68\],10.78µm
_03955_,10.76µm
_06550_,10.76µm
_07583_,10.76µm
_02885_,10.755µm
_03534_,10.74µm
_05632_,10.74µm
_07144_,10.74µm
_07174_,10.74µm
net2099,10.74µm
_03691_,10.72µm
_04715_,10.72µm
_06852_,10.72µm
_06954_,10.72µm
_07142_,10.72µm
_09039_,10.72µm
_01014_,10.7µm
_02616_,10.7µm
_06997_,10.7µm
_07008_,10.7µm
_07149_,10.7µm
_08404_,10.7µm
u_aes128_baseline.u_aes_core.round_key_reg\[118\],10.7µm
net1224,10.7µm
_01100_,10.68µm
_01116_,10.68µm
_04303_,10.68µm
net2292,10.68µm
_01051_,10.66µm
_02444_,10.66µm
_02923_,10.66µm
_03409_,10.66µm
_04743_,10.66µm
_07287_,10.66µm
plaintext_reg\[104\],10.66µm
_03320_,10.62µm
_04198_,10.62µm
_04358_,10.62µm
_05619_,10.62µm
_07819_,10.62µm
u_aes128_baseline.u_aes_core.round_key_reg\[58\],10.62µm
net2144,10.62µm
net2224,10.62µm
_00451_,10.615µm
_06342_,10.6µm
_09199_,10.6µm
_05459_,10.58µm
_05946_,10.58µm
_06866_,10.58µm
_06964_,10.58µm
_05029_,10.56µm
_06480_,10.56µm
net2253,10.56µm
_00791_,10.545µm
_03144_,10.54µm
_05986_,10.54µm
_06527_,10.54µm
_08569_,10.54µm
_08994_,10.54µm
_09004_,10.52µm
_08603_,10.5µm
_04733_,10.48µm
_06429_,10.48µm
_08999_,10.48µm
net1904,10.48µm
_02261_,10.46µm
_02785_,10.46µm
ciphertext_wire\[71\],10.46µm
net2116,10.46µm
_08952_,10.45µm
_00154_,10.44µm
_02385_,10.44µm
_04824_,10.44µm
_07989_,10.43µm
plaintext_reg\[123\],10.43µm
_00545_,10.42µm
_03184_,10.42µm
_08838_,10.42µm
_06704_,10.405µm
_00362_,10.4µm
_01335_,10.4µm
_02156_,10.4µm
_02547_,10.4µm
_05457_,10.4µm
_05699_,10.4µm
_05748_,10.4µm
u_aes128_baseline.u_aes_core.round_key_reg\[78\],10.4µm
net2303,10.4µm
net2338,10.4µm
_00528_,10.38µm
_01372_,10.38µm
_01418_,10.38µm
_01813_,10.38µm
_05191_,10.38µm
_06115_,10.38µm
_06244_,10.38µm
net1305,10.38µm
_00226_,10.36µm
_02280_,10.36µm
_03936_,10.36µm
net180,10.36µm
_01446_,10.34µm
_02408_,10.34µm
_04900_,10.34µm
_07905_,10.34µm
_08921_,10.34µm
_00784_,10.32µm
_01105_,10.32µm
_01106_,10.32µm
_03806_,10.32µm
_05714_,10.32µm
_05772_,10.32µm
_06129_,10.32µm
_07394_,10.32µm
_08273_,10.32µm
_08716_,10.32µm
_08822_,10.32µm
net1637,10.32µm
net2109,10.32µm
net2123,10.32µm
net2125,10.32µm
net2146,10.32µm
_01263_,10.3µm
_02035_,10.3µm
net2268,10.3µm
_00361_,10.28µm
_00886_,10.28µm
_01959_,10.28µm
_02846_,10.28µm
_04382_,10.28µm
_04913_,10.28µm
_07596_,10.28µm
_07862_,10.28µm
_08639_,10.28µm
plaintext_reg\[49\],10.28µm
u_aes128_baseline.u_aes_core.round_key_reg\[125\],10.28µm
net2299,10.28µm
_01081_,10.26µm
_01608_,10.26µm
_02597_,10.26µm
_06782_,10.26µm
_07817_,10.26µm
_08379_,10.26µm
ciphertext_wire\[66\],10.26µm
_04438_,10.255µm
_00152_,10.24µm
_01089_,10.24µm
_02700_,10.24µm
_02818_,10.24µm
_05846_,10.24µm
_08048_,10.24µm
_08402_,10.24µm
_08677_,10.24µm
_08840_,10.24µm
u_aes128_baseline.u_aes_core.round_key_reg\[13\],10.24µm
net1333,10.24µm
_04980_,10.22µm
_05090_,10.22µm
_06836_,10.21µm
_08120_,10.21µm
_00603_,10.2µm
_01974_,10.2µm
_04749_,10.2µm
_05289_,10.2µm
_07157_,10.2µm
_02935_,10.185µm
_00450_,10.18µm
_01571_,10.18µm
_03520_,10.18µm
_07461_,10.18µm
_02412_,10.16µm
_03644_,10.16µm
_05429_,10.16µm
_05935_,10.16µm
_05961_,10.16µm
_06020_,10.16µm
_07501_,10.16µm
_08489_,10.16µm
_09162_,10.16µm
_09205_,10.16µm
u_aes128_baseline.u_aes_core.round_key_reg\[115\],10.16µm
net257,10.16µm
net316,10.16µm
_06097_,10.14µm
uio_out[7],10.13µm
_00085_,10.12µm
_00458_,10.12µm
_02223_,10.12µm
_02702_,10.12µm
_03074_,10.12µm
_04555_,10.12µm
_05188_,10.12µm
_05263_,10.12µm
_05647_,10.12µm
_07470_,10.12µm
_07612_,10.12µm
_08382_,10.12µm
_00902_,10.115µm
_06509_,10.11µm
_01300_,10.1µm
_08086_,10.1µm
_01831_,10.08µm
_04704_,10.08µm
_07591_,10.08µm
_08342_,10.08µm
_00146_,10.06µm
_04848_,10.06µm
_07322_,10.06µm
_04146_,10.05µm
u_aes128_baseline.u_aes_core.round_key_reg\[106\],10.04µm
_00776_,10.02µm
_01572_,10.02µm
_07172_,10.02µm
_08124_,10.02µm
_09291_,10.02µm
_04245_,10.015µm
_02698_,10.01µm
_00348_,10µm
_05460_,10µm
_05831_,10µm
_06009_,10µm
_06688_,10µm
_08939_,10µm
ciphertext_wire\[108\],10µm
u_aes128_baseline.u_aes_core.round_key_reg\[41\],10µm
net1418,10µm
_04959_,9.995µm
_08680_,9.985µm
_00132_,9.98µm
_03352_,9.98µm
_04225_,9.98µm
_06779_,9.98µm
ciphertext_wire\[83\],9.98µm
net2325,9.98µm
_08076_,9.975µm
_01325_,9.96µm
_06842_,9.96µm
_08794_,9.96µm
_00912_,9.94µm
_00980_,9.94µm
_01174_,9.94µm
_02145_,9.94µm
_02458_,9.94µm
_03177_,9.94µm
_04445_,9.94µm
_04996_,9.94µm
_05240_,9.94µm
_07958_,9.94µm
ciphertext_wire\[31\],9.94µm
plaintext_reg\[107\],9.94µm
u_aes128_baseline.u_aes_core.round_key_reg\[40\],9.94µm
u_aes128_baseline.u_aes_core.state_reg\[36\],9.94µm
u_aes128_baseline.u_aes_core.state_reg\[87\],9.94µm
_00264_,9.92µm
_00456_,9.92µm
_00484_,9.92µm
_01765_,9.92µm
_03850_,9.92µm
_05535_,9.92µm
_07047_,9.92µm
_07128_,9.92µm
_07710_,9.92µm
_07933_,9.92µm
ciphertext_reg\[38\],9.92µm
u_aes128_baseline.u_aes_core.round_key_reg\[34\],9.92µm
_06160_,9.91µm
_00179_,9.9µm
_02345_,9.9µm
_03016_,9.9µm
_05821_,9.9µm
_08898_,9.9µm
net55,9.9µm
_01931_,9.88µm
_06706_,9.88µm
_08370_,9.88µm
_08689_,9.88µm
net2307,9.88µm
_01578_,9.87µm
_00289_,9.86µm
_03852_,9.86µm
_04356_,9.86µm
_04553_,9.86µm
_05587_,9.86µm
_06027_,9.86µm
_06728_,9.86µm
_06788_,9.86µm
_08224_,9.86µm
_08752_,9.86µm
_08824_,9.86µm
_08890_,9.86µm
_09263_,9.86µm
_09297_,9.86µm
u_aes128_baseline.u_aes_core.round_key_reg\[101\],9.86µm
net2093,9.86µm
_02255_,9.84µm
_04275_,9.84µm
_05042_,9.82µm
_05711_,9.82µm
_05716_,9.82µm
_06289_,9.82µm
_08951_,9.82µm
_01307_,9.815µm
_02483_,9.81µm
_05078_,9.8µm
_05769_,9.8µm
_07236_,9.8µm
_03435_,9.79µm
_00922_,9.78µm
_01016_,9.78µm
_07366_,9.78µm
_07575_,9.78µm
_08729_,9.78µm
ciphertext_reg\[50\],9.78µm
_00863_,9.76µm
_03205_,9.76µm
_05311_,9.76µm
_08163_,9.76µm
_08928_,9.76µm
net1455,9.76µm
net2247,9.76µm
_00605_,9.74µm
_05086_,9.74µm
_06628_,9.74µm
_06938_,9.74µm
_08430_,9.74µm
_08434_,9.74µm
net991,9.74µm
_04029_,9.73µm
_01432_,9.72µm
_02847_,9.72µm
_03321_,9.72µm
_05516_,9.72µm
_08371_,9.72µm
ciphertext_reg\[63\],9.72µm
net624,9.72µm
_09158_,9.705µm
_00375_,9.7µm
_01130_,9.7µm
_02158_,9.7µm
_03530_,9.7µm
_03807_,9.7µm
_03911_,9.7µm
_05912_,9.7µm
_07688_,9.7µm
_07794_,9.7µm
_08169_,9.7µm
_08230_,9.7µm
net2107,9.7µm
_01365_,9.695µm
_00011_,9.68µm
_00459_,9.68µm
_05093_,9.68µm
_06354_,9.68µm
_00607_,9.66µm
_03120_,9.66µm
_05550_,9.66µm
_07697_,9.66µm
_09331_,9.66µm
_02670_,9.65µm
_01958_,9.645µm
_00219_,9.64µm
_06214_,9.64µm
_08478_,9.64µm
_04284_,9.63µm
_00067_,9.62µm
_00366_,9.6µm
_00708_,9.6µm
_01706_,9.6µm
_06495_,9.6µm
net2340,9.6µm
_01574_,9.58µm
_02627_,9.58µm
_04001_,9.58µm
_04301_,9.58µm
_07508_,9.58µm
u_aes128_baseline.u_aes_core.round_key_reg\[32\],9.58µm
net1744,9.58µm
_01611_,9.575µm
_00294_,9.56µm
_00821_,9.56µm
_05662_,9.56µm
_07300_,9.56µm
_07726_,9.56µm
_08145_,9.56µm
_05135_,9.55µm
_00380_,9.545µm
_00591_,9.54µm
_03901_,9.54µm
_03981_,9.54µm
_04157_,9.54µm
_06880_,9.54µm
_07118_,9.54µm
_07825_,9.54µm
_08742_,9.54µm
_09177_,9.54µm
_02599_,9.52µm
_04058_,9.52µm
_05151_,9.52µm
_07094_,9.52µm
_08718_,9.52µm
ciphertext_wire\[106\],9.52µm
ciphertext_wire\[34\],9.52µm
_01120_,9.5µm
_01434_,9.5µm
_06122_,9.5µm
_06797_,9.5µm
u_aes128_baseline.u_aes_core.round_key_reg\[70\],9.5µm
net2092,9.5µm
_01145_,9.48µm
_01569_,9.48µm
_02361_,9.48µm
_05588_,9.48µm
_08949_,9.48µm
ciphertext_reg\[29\],9.48µm
u_aes128_baseline.u_aes_core.round_key_reg\[98\],9.48µm
net590,9.48µm
_00241_,9.46µm
_00297_,9.46µm
_00573_,9.46µm
_01964_,9.46µm
_05800_,9.46µm
_07327_,9.46µm
_07538_,9.46µm
u_aes128_baseline.u_aes_core.round_key_reg\[61\],9.46µm
_07680_,9.455µm
_00649_,9.44µm
_02560_,9.44µm
_02651_,9.44µm
_06131_,9.44µm
_06565_,9.44µm
_08516_,9.44µm
plaintext_reg\[110\],9.44µm
net2210,9.44µm
_00457_,9.425µm
_00972_,9.42µm
_01408_,9.42µm
_01410_,9.42µm
_03525_,9.42µm
_07070_,9.42µm
_07162_,9.42µm
_08435_,9.42µm
_08829_,9.42µm
_06884_,9.41µm
_03299_,9.4µm
_04923_,9.4µm
_04931_,9.4µm
_05651_,9.4µm
_07352_,9.4µm
_07903_,9.4µm
_08126_,9.4µm
net2284,9.4µm
_00610_,9.38µm
_01857_,9.38µm
_02477_,9.38µm
_05506_,9.38µm
_06240_,9.38µm
_03481_,9.37µm
_08814_,9.365µm
_00222_,9.36µm
_00921_,9.36µm
_00999_,9.36µm
_02466_,9.36µm
_02897_,9.36µm
_04804_,9.36µm
_06015_,9.36µm
_06662_,9.36µm
_07744_,9.36µm
_08036_,9.36µm
_08409_,9.36µm
_08424_,9.36µm
u_aes128_baseline.u_aes_core.round_key_reg\[59\],9.36µm
net2218,9.36µm
_02405_,9.34µm
_04027_,9.34µm
_04156_,9.34µm
_06653_,9.34µm
_07769_,9.34µm
_08572_,9.34µm
_00937_,9.32µm
_00998_,9.32µm
_04751_,9.32µm
_05697_,9.32µm
_05783_,9.32µm
_06859_,9.32µm
_08568_,9.32µm
u_aes128_baseline.u_aes_core.round_key_reg\[37\],9.32µm
net2008,9.31µm
_03732_,9.3µm
_03725_,9.29µm
_00995_,9.28µm
_02854_,9.28µm
_05422_,9.28µm
_05849_,9.28µm
_06862_,9.28µm
_07049_,9.28µm
net2270,9.28µm
_02583_,9.26µm
u_aes128_baseline.u_aes_core.round_key_reg\[33\],9.26µm
_08940_,9.25µm
_00893_,9.24µm
_01079_,9.24µm
_01084_,9.24µm
_01930_,9.24µm
_04466_,9.24µm
_05779_,9.24µm
_06504_,9.24µm
_07018_,9.24µm
_08376_,9.24µm
u_aes128_baseline.u_aes_core.round_key_reg\[47\],9.24µm
net1723,9.24µm
net1840,9.24µm
_07773_,9.23µm
_00230_,9.22µm
_02392_,9.22µm
_06760_,9.22µm
net2031,9.21µm
_00547_,9.205µm
_00730_,9.205µm
_00938_,9.2µm
_00971_,9.2µm
_03974_,9.2µm
_07252_,9.2µm
_07430_,9.2µm
_08758_,9.2µm
_08774_,9.2µm
_03143_,9.195µm
_00848_,9.18µm
_03386_,9.18µm
_04020_,9.18µm
_07344_,9.18µm
_03970_,9.175µm
_08262_,9.16µm
u_aes128_baseline.u_aes_core.round_key_reg\[102\],9.16µm
_00047_,9.14µm
_00596_,9.14µm
_01670_,9.14µm
_02798_,9.14µm
_05087_,9.14µm
_05957_,9.12µm
_06217_,9.12µm
_06455_,9.12µm
_06790_,9.12µm
_06863_,9.12µm
u_aes128_baseline.u_aes_core.round_key_reg\[113\],9.12µm
u_aes128_baseline.u_aes_core.round_key_reg\[60\],9.12µm
net937,9.12µm
_04180_,9.105µm
_00251_,9.1µm
_05539_,9.1µm
_00023_,9.08µm
_02455_,9.08µm
_02714_,9.08µm
_05229_,9.08µm
_05756_,9.08µm
_05760_,9.08µm
_07433_,9.08µm
_08588_,9.08µm
_08723_,9.08µm
_08942_,9.08µm
net2219,9.08µm
_00905_,9.06µm
_01698_,9.06µm
_03584_,9.06µm
_05723_,9.06µm
_06707_,9.06µm
_08175_,9.06µm
_08527_,9.06µm
_08634_,9.06µm
net2158,9.06µm
_07168_,9.05µm
_01170_,9.04µm
_01466_,9.04µm
_03169_,9.04µm
_03597_,9.04µm
_04000_,9.04µm
_08059_,9.04µm
_09026_,9.04µm
_03322_,9.02µm
_04114_,9.02µm
_04328_,9.02µm
_04329_,9.02µm
_04600_,9.02µm
_06242_,9.02µm
_06539_,9.02µm
_06740_,9.02µm
_07005_,9.02µm
_07153_,9.02µm
_07158_,9.02µm
_07566_,9.02µm
_08108_,9.02µm
_09126_,9.02µm
ciphertext_wire\[107\],9.02µm
ciphertext_wire\[5\],9.02µm
net2324,9.02µm
_00574_,9µm
_00625_,9µm
_00648_,9µm
_02901_,9µm
ciphertext_wire\[15\],9µm
u_aes128_baseline.u_aes_core.round_key_reg\[36\],9µm
_04710_,8.98µm
_05863_,8.98µm
busy_wire,8.98µm
ciphertext_wire\[57\],8.98µm
_05771_,8.965µm
_00789_,8.96µm
_05654_,8.96µm
_08871_,8.96µm
_01061_,8.94µm
_01138_,8.94µm
_01598_,8.94µm
_01806_,8.94µm
_02330_,8.94µm
_03514_,8.94µm
_05152_,8.94µm
_05731_,8.94µm
_07198_,8.94µm
_07229_,8.94µm
_07588_,8.94µm
ciphertext_wire\[47\],8.94µm
u_aes128_baseline.u_aes_core.state_reg\[124\],8.94µm
u_aes128_baseline.u_aes_core.state_reg\[5\],8.94µm
net2226,8.935µm
_01844_,8.92µm
_02488_,8.92µm
_07536_,8.92µm
_09230_,8.92µm
_01962_,8.9µm
_03057_,8.9µm
_03073_,8.9µm
_03161_,8.9µm
_04410_,8.9µm
_05001_,8.9µm
_06748_,8.9µm
_07527_,8.9µm
_08144_,8.9µm
_08703_,8.9µm
_08783_,8.9µm
_08795_,8.9µm
_09167_,8.9µm
net2026,8.89µm
_01150_,8.88µm
_01605_,8.88µm
_04042_,8.88µm
_07721_,8.88µm
_06802_,8.87µm
_00823_,8.86µm
_01392_,8.86µm
_03872_,8.86µm
_04072_,8.86µm
_04436_,8.86µm
_04548_,8.86µm
_06390_,8.86µm
_06878_,8.86µm
_07411_,8.86µm
_08700_,8.86µm
ciphertext_wire\[127\],8.86µm
_00223_,8.845µm
_06657_,8.845µm
_08730_,8.845µm
_02081_,8.84µm
_03926_,8.84µm
_05926_,8.84µm
_09352_,8.84µm
_01164_,8.835µm
net1977,8.83µm
_00105_,8.82µm
_00794_,8.82µm
_01047_,8.82µm
_03625_,8.82µm
_06024_,8.82µm
_06939_,8.82µm
_07765_,8.82µm
_08377_,8.82µm
_08712_,8.82µm
_08761_,8.82µm
u_aes128_baseline.u_aes_core.round_key_reg\[95\],8.82µm
u_aes128_baseline.u_aes_core.round_key_reg\[99\],8.82µm
net2255,8.82µm
_03429_,8.81µm
_02439_,8.8µm
_06613_,8.8µm
_01909_,8.795µm
_00122_,8.78µm
_00582_,8.78µm
_00657_,8.78µm
_00704_,8.78µm
_00920_,8.78µm
_02149_,8.78µm
_02177_,8.78µm
_03032_,8.78µm
_03045_,8.78µm
_03484_,8.78µm
_04852_,8.78µm
_07791_,8.78µm
_08008_,8.78µm
_08687_,8.78µm
_08866_,8.78µm
u_aes128_baseline.u_aes_core.round_key_reg\[97\],8.78µm
net127,8.78µm
net2121,8.78µm
_00052_,8.76µm
_08734_,8.76µm
_09000_,8.75µm
_00244_,8.74µm
_00307_,8.74µm
_00340_,8.74µm
_05174_,8.74µm
_07491_,8.74µm
_08385_,8.74µm
_09241_,8.74µm
_05868_,8.735µm
_05509_,8.73µm
_07087_,8.73µm
_02030_,8.72µm
_03071_,8.72µm
_04391_,8.72µm
net2108,8.72µm
_02986_,8.705µm
_08827_,8.705µm
_02381_,8.7µm
_03162_,8.7µm
_05190_,8.7µm
_09345_,8.7µm
ciphertext_wire\[13\],8.7µm
_00991_,8.695µm
_08134_,8.695µm
_08720_,8.69µm
_00411_,8.68µm
_00562_,8.68µm
_00571_,8.68µm
_04576_,8.68µm
_05391_,8.68µm
_08265_,8.68µm
net1268,8.68µm
_03259_,8.66µm
_04168_,8.66µm
_04679_,8.66µm
_04781_,8.66µm
_07151_,8.66µm
_08419_,8.66µm
_08743_,8.66µm
net183,8.66µm
_04592_,8.65µm
_00755_,8.64µm
_02506_,8.64µm
_03149_,8.64µm
_03253_,8.64µm
_08656_,8.64µm
_09283_,8.64µm
ciphertext_reg\[39\],8.64µm
_00027_,8.62µm
_01519_,8.62µm
_03858_,8.62µm
_03994_,8.62µm
_04214_,8.62µm
_04419_,8.62µm
_05456_,8.62µm
_07417_,8.62µm
_08151_,8.62µm
_08253_,8.62µm
_08893_,8.62µm
_09024_,8.62µm
_00722_,8.6µm
_05770_,8.6µm
_07212_,8.6µm
_07701_,8.6µm
_08384_,8.6µm
u_aes128_baseline.u_aes_core.round_key_reg\[76\],8.6µm
_00686_,8.58µm
_00955_,8.58µm
_00962_,8.58µm
_01156_,8.58µm
_01548_,8.58µm
_04163_,8.58µm
_05052_,8.58µm
_05320_,8.58µm
_05700_,8.58µm
_06805_,8.58µm
_00308_,8.56µm
_01162_,8.56µm
_02047_,8.56µm
_03473_,8.56µm
_05881_,8.56µm
_08573_,8.56µm
_00158_,8.54µm
_04757_,8.54µm
_07571_,8.54µm
_08888_,8.54µm
_01462_,8.535µm
_01663_,8.52µm
_01955_,8.52µm
_06253_,8.52µm
_07973_,8.52µm
_08494_,8.52µm
_01600_,8.5µm
_03125_,8.5µm
_07490_,8.5µm
_07498_,8.5µm
_07540_,8.5µm
_07880_,8.5µm
_09100_,8.5µm
_00733_,8.48µm
_01236_,8.48µm
_02290_,8.48µm
_02608_,8.48µm
_05825_,8.48µm
_06650_,8.48µm
_05145_,8.47µm
_01672_,8.46µm
_04750_,8.46µm
_05603_,8.46µm
_06646_,8.46µm
_04271_,8.455µm
_00277_,8.44µm
_00873_,8.44µm
_00897_,8.44µm
_00976_,8.44µm
_01025_,8.44µm
_02955_,8.44µm
_03545_,8.44µm
_03626_,8.44µm
_03705_,8.44µm
_04850_,8.44µm
_05504_,8.44µm
_05669_,8.44µm
_05951_,8.44µm
_06173_,8.44µm
_06879_,8.44µm
_07443_,8.44µm
_09155_,8.44µm
_04721_,8.435µm
_05315_,8.43µm
_01122_,8.42µm
_01131_,8.42µm
_01137_,8.42µm
_03469_,8.42µm
_04036_,8.42µm
_05860_,8.42µm
u_aes128_baseline.u_aes_core.round_key_reg\[121\],8.41µm
_01069_,8.4µm
_02034_,8.4µm
_02954_,8.4µm
_04272_,8.4µm
_04276_,8.4µm
_04325_,8.4µm
_04797_,8.4µm
_04948_,8.4µm
_05882_,8.4µm
_06956_,8.4µm
_07243_,8.4µm
_07587_,8.4µm
_08138_,8.4µm
_09027_,8.4µm
_02563_,8.38µm
_03245_,8.38µm
_04045_,8.38µm
net2208,8.38µm
_02534_,8.36µm
_02710_,8.36µm
_03829_,8.36µm
_03873_,8.36µm
_05015_,8.36µm
_05260_,8.36µm
_06616_,8.36µm
_06756_,8.36µm
_06798_,8.36µm
_07217_,8.36µm
_08666_,8.36µm
_00003_,8.345µm
_00009_,8.345µm
_00028_,8.345µm
_03389_,8.34µm
_03549_,8.34µm
_06519_,8.34µm
_07043_,8.34µm
_02208_,8.32µm
_03119_,8.32µm
_03917_,8.32µm
_04196_,8.32µm
_04259_,8.32µm
_04337_,8.32µm
_05318_,8.32µm
_05406_,8.32µm
_05660_,8.32µm
_06182_,8.32µm
_06639_,8.32µm
_07159_,8.32µm
_07221_,8.32µm
plaintext_reg\[120\],8.32µm
_02456_,8.31µm
_02370_,8.3µm
_05054_,8.3µm
_06486_,8.3µm
_06789_,8.3µm
_01053_,8.28µm
_01631_,8.28µm
_04383_,8.28µm
_05583_,8.28µm
_06080_,8.28µm
_06989_,8.28µm
_07084_,8.28µm
_08309_,8.28µm
net2231,8.28µm
_00658_,8.265µm
_00153_,8.26µm
_01103_,8.26µm
_02640_,8.26µm
_04304_,8.26µm
_04468_,8.26µm
_06248_,8.26µm
_00215_,8.24µm
_00302_,8.24µm
_00442_,8.24µm
_02384_,8.24µm
_03128_,8.24µm
_03234_,8.24µm
_04875_,8.24µm
_05192_,8.24µm
_05438_,8.24µm
_05814_,8.24µm
_06194_,8.24µm
_06466_,8.24µm
ciphertext_reg\[66\],8.24µm
ciphertext_wire\[68\],8.24µm
u_aes128_baseline.u_aes_core.state_reg\[37\],8.24µm
net1544,8.24µm
_02614_,8.22µm
_07462_,8.22µm
_07783_,8.22µm
_09033_,8.22µm
_00341_,8.205µm
_02332_,8.2µm
_02851_,8.2µm
_03239_,8.2µm
_03953_,8.2µm
_04133_,8.2µm
_05128_,8.2µm
_06935_,8.2µm
_07082_,8.2µm
u_aes128_baseline.u_aes_core.round_key_reg\[57\],8.2µm
net2041,8.18µm
_03140_,8.17µm
_06773_,8.17µm
_01072_,8.16µm
_03244_,8.16µm
_04302_,8.16µm
_05014_,8.16µm
_05853_,8.16µm
_06050_,8.16µm
_06346_,8.16µm
_07276_,8.16µm
_07319_,8.16µm
_07358_,8.16µm
_08992_,8.16µm
_01147_,8.15µm
_00357_,8.14µm
_00798_,8.14µm
_00805_,8.14µm
_02116_,8.14µm
_02376_,8.14µm
_08543_,8.14µm
_04280_,8.12µm
_08458_,8.12µm
_08583_,8.12µm
_06563_,8.11µm
_09063_,8.11µm
_00469_,8.1µm
_01154_,8.1µm
_01256_,8.1µm
_03091_,8.1µm
_05103_,8.1µm
_05797_,8.1µm
_08467_,8.1µm
_08918_,8.1µm
_09313_,8.1µm
ciphertext_wire\[19\],8.1µm
ciphertext_wire\[51\],8.1µm
_00602_,8.08µm
_00652_,8.08µm
_00882_,8.08µm
_02985_,8.08µm
_04486_,8.08µm
_04590_,8.08µm
_05558_,8.08µm
_00619_,8.06µm
_00909_,8.06µm
_01603_,8.06µm
_03210_,8.06µm
_05081_,8.06µm
_05794_,8.06µm
_06744_,8.06µm
_08826_,8.06µm
_07513_,8.05µm
_01397_,8.04µm
_02334_,8.04µm
_03152_,8.04µm
_03848_,8.04µm
_08466_,8.04µm
_00117_,8.02µm
_00954_,8.02µm
_00989_,8.02µm
_01339_,8.02µm
_01407_,8.02µm
_02960_,8.02µm
_05249_,8.02µm
_05718_,8.02µm
_07126_,8.02µm
_07283_,8.02µm
_07820_,8.02µm
_08606_,8.02µm
_09217_,8.02µm
done_wire,8.02µm
net1318,8.02µm
_01165_,8µm
_07965_,8µm
_08463_,8µm
net266,8µm
_01539_,7.99µm
_00351_,7.98µm
_00407_,7.98µm
_02102_,7.98µm
_02751_,7.98µm
_03552_,7.98µm
_03907_,7.98µm
_04618_,7.98µm
_06437_,7.98µm
_06897_,7.98µm
_07349_,7.98µm
_07429_,7.98µm
_06922_,7.97µm
_01001_,7.96µm
_03795_,7.96µm
_05565_,7.96µm
_07362_,7.96µm
_00879_,7.94µm
_00935_,7.94µm
_01070_,7.94µm
_01275_,7.94µm
_02621_,7.94µm
_03611_,7.94µm
_05575_,7.94µm
_05725_,7.94µm
_08987_,7.94µm
_09269_,7.94µm
_06087_,7.93µm
_08615_,7.92µm
_09180_,7.92µm
plaintext_reg\[105\],7.92µm
_02952_,7.91µm
_00290_,7.9µm
_00575_,7.9µm
_00666_,7.9µm
_01228_,7.9µm
_01492_,7.9µm
_03404_,7.9µm
_03556_,7.9µm
_05802_,7.9µm
_07078_,7.9µm
net1118,7.9µm
_00358_,7.895µm
_02538_,7.885µm
ciphertext_reg\[103\],7.885µm
_01437_,7.88µm
_07329_,7.88µm
_00090_,7.86µm
_00137_,7.86µm
_00200_,7.86µm
_01073_,7.86µm
_01078_,7.86µm
_02221_,7.86µm
_02643_,7.86µm
_03523_,7.86µm
_03739_,7.86µm
_05721_,7.86µm
_06207_,7.86µm
_08098_,7.86µm
_09249_,7.86µm
u_aes128_baseline.u_aes_core.round_key_reg\[93\],7.86µm
net240,7.86µm
_00488_,7.84µm
_01178_,7.84µm
_08778_,7.84µm
_02921_,7.83µm
_00392_,7.825µm
_03518_,7.82µm
_03995_,7.82µm
_04622_,7.82µm
_05758_,7.82µm
_08258_,7.82µm
_08484_,7.82µm
_09226_,7.82µm
_00013_,7.8µm
_00235_,7.8µm
_06925_,7.8µm
_00508_,7.78µm
_02511_,7.78µm
_05292_,7.78µm
_05555_,7.78µm
_07581_,7.78µm
ciphertext_wire\[2\],7.78µm
_00070_,7.76µm
_00622_,7.76µm
_03390_,7.76µm
_02296_,7.74µm
_03219_,7.74µm
_03393_,7.74µm
_03425_,7.74µm
_04030_,7.74µm
_04412_,7.74µm
_06511_,7.74µm
_06715_,7.74µm
_08614_,7.74µm
_09354_,7.74µm
_02317_,7.73µm
_00674_,7.725µm
_02889_,7.72µm
_04724_,7.72µm
_05368_,7.72µm
_01665_,7.7µm
_02623_,7.7µm
_02869_,7.7µm
_03588_,7.7µm
_04122_,7.7µm
_05035_,7.7µm
_07206_,7.7µm
_08628_,7.7µm
_09159_,7.7µm
net2220,7.7µm
_05883_,7.695µm
net1973,7.69µm
_02860_,7.685µm
_00384_,7.68µm
_00448_,7.68µm
_00664_,7.68µm
_00676_,7.68µm
_01673_,7.68µm
_05234_,7.68µm
_05897_,7.68µm
_06718_,7.68µm
_06910_,7.68µm
_08674_,7.68µm
_08719_,7.68µm
_08721_,7.68µm
_08850_,7.68µm
ciphertext_wire\[32\],7.68µm
net1339,7.68µm
net2277,7.68µm
_02755_,7.66µm
_04578_,7.66µm
_05100_,7.66µm
_05115_,7.66µm
_06099_,7.66µm
_07130_,7.66µm
net2145,7.66µm
_02556_,7.65µm
_01832_,7.645µm
_00021_,7.64µm
_00149_,7.64µm
_00768_,7.64µm
_00792_,7.64µm
_00831_,7.64µm
_00983_,7.64µm
_01142_,7.64µm
_02109_,7.64µm
_02632_,7.64µm
_02771_,7.64µm
_02891_,7.64µm
_03790_,7.64µm
_04260_,7.64µm
_04632_,7.64µm
_04971_,7.64µm
_05089_,7.64µm
_05505_,7.64µm
_05571_,7.64µm
_07390_,7.64µm
ciphertext_wire\[114\],7.64µm
ciphertext_wire\[87\],7.64µm
u_aes128_baseline.u_aes_core.round_reg\[2\],7.64µm
net2279,7.64µm
net2280,7.64µm
net2312,7.64µm
_04823_,7.625µm
_00539_,7.62µm
_01546_,7.62µm
_02734_,7.62µm
_04393_,7.62µm
_05386_,7.62µm
_06671_,7.62µm
_06861_,7.62µm
_00323_,7.6µm
_00342_,7.6µm
_00393_,7.6µm
_03774_,7.6µm
_05067_,7.6µm
_05908_,7.6µm
_07695_,7.6µm
_08303_,7.6µm
_08450_,7.6µm
_09012_,7.6µm
ciphertext_wire\[67\],7.6µm
_02108_,7.585µm
_07109_,7.585µm
_03505_,7.58µm
_08965_,7.58µm
_09051_,7.58µm
net2317,7.58µm
net2322,7.58µm
_00081_,7.56µm
_00957_,7.56µm
_01421_,7.56µm
_01774_,7.56µm
_01949_,7.56µm
_02999_,7.56µm
_04047_,7.56µm
_04051_,7.56µm
_04909_,7.56µm
_05124_,7.56µm
_05411_,7.56µm
_06215_,7.56µm
_06367_,7.56µm
_06583_,7.56µm
_07227_,7.56µm
_07910_,7.56µm
_08192_,7.56µm
_08551_,7.56µm
_08756_,7.56µm
u_aes128_baseline.u_aes_core.round_key_reg\[45\],7.56µm
u_aes128_baseline.u_aes_core.round_key_reg\[52\],7.56µm
u_aes128_baseline.u_aes_core.round_key_reg\[65\],7.56µm
_01609_,7.54µm
_02672_,7.54µm
_07467_,7.54µm
_08428_,7.54µm
_09211_,7.54µm
ciphertext_wire\[20\],7.54µm
_00843_,7.52µm
_00988_,7.52µm
_01856_,7.52µm
_02839_,7.52µm
_03734_,7.52µm
_04057_,7.52µm
_04616_,7.52µm
_05364_,7.52µm
_05667_,7.52µm
_05761_,7.52µm
_05910_,7.52µm
_05968_,7.52µm
_05983_,7.52µm
_06224_,7.52µm
_06772_,7.52µm
_06962_,7.52µm
_07371_,7.52µm
_07639_,7.52µm
_08268_,7.52µm
_08595_,7.52µm
_08641_,7.52µm
_09156_,7.52µm
_02391_,7.505µm
_03744_,7.5µm
_04563_,7.5µm
_07725_,7.5µm
_09007_,7.5µm
net570,7.5µm
_00166_,7.48µm
_07599_,7.48µm
_00644_,7.475µm
_02843_,7.46µm
_02876_,7.46µm
_03627_,7.46µm
_08613_,7.46µm
_08764_,7.46µm
_03062_,7.45µm
_01010_,7.44µm
_01020_,7.44µm
_02240_,7.44µm
_02694_,7.44µm
_03508_,7.44µm
_03793_,7.44µm
_07222_,7.44µm
_07525_,7.44µm
_08685_,7.44µm
net2227,7.44µm
_02115_,7.42µm
_02307_,7.42µm
_02699_,7.42µm
_03077_,7.42µm
_03928_,7.42µm
_06764_,7.42µm
_08300_,7.41µm
_01080_,7.4µm
_01694_,7.4µm
_02131_,7.4µm
_03233_,7.4µm
_04915_,7.4µm
_05007_,7.4µm
_05187_,7.4µm
_05701_,7.4µm
_05842_,7.4µm
_08439_,7.4µm
_08482_,7.4µm
_08542_,7.4µm
_08629_,7.4µm
_09122_,7.4µm
_09273_,7.4µm
_00514_,7.38µm
_00554_,7.38µm
_02137_,7.36µm
_02382_,7.36µm
_03108_,7.36µm
_05056_,7.36µm
_05734_,7.36µm
_05942_,7.36µm
_07607_,7.36µm
_09085_,7.36µm
_03789_,7.355µm
_03759_,7.35µm
_00812_,7.34µm
_03868_,7.34µm
_08587_,7.34µm
_08990_,7.34µm
u_aes128_baseline.u_aes_core.round_key_reg\[80\],7.335µm
_00339_,7.325µm
_00077_,7.32µm
_00193_,7.32µm
_00424_,7.32µm
_00513_,7.32µm
_00535_,7.32µm
_01391_,7.32µm
_02344_,7.32µm
_03175_,7.32µm
_03398_,7.32µm
_05567_,7.32µm
_05971_,7.32µm
_07361_,7.32µm
_08708_,7.32µm
ciphertext_wire\[113\],7.32µm
ciphertext_wire\[4\],7.32µm
u_aes128_baseline.u_aes_core.state_reg\[40\],7.32µm
net297,7.32µm
net330,7.32µm
_00614_,7.305µm
_00017_,7.3µm
_00305_,7.3µm
_00697_,7.3µm
_03013_,7.3µm
_03511_,7.3µm
_07021_,7.3µm
u_aes128_baseline.u_aes_core.round_key_reg\[63\],7.3µm
_07364_,7.295µm
_02739_,7.29µm
_00845_,7.28µm
_00934_,7.28µm
_02152_,7.28µm
_03002_,7.28µm
_03026_,7.28µm
_03477_,7.28µm
_03624_,7.28µm
_08828_,7.28µm
_08981_,7.28µm
_00044_,7.26µm
_00255_,7.26µm
_04972_,7.26µm
_07112_,7.26µm
_04346_,7.24µm
_06140_,7.24µm
_06814_,7.24µm
_06889_,7.24µm
net2264,7.24µm
net2319,7.24µm
_03929_,7.225µm
_00030_,7.22µm
_00295_,7.22µm
_00537_,7.22µm
_03316_,7.22µm
_04552_,7.22µm
_05458_,7.22µm
_05693_,7.22µm
_06340_,7.22µm
_06972_,7.22µm
_07772_,7.22µm
_08779_,7.22µm
net371,7.22µm
net1738,7.22µm
_02780_,7.21µm
_00633_,7.2µm
_02049_,7.2µm
_02383_,7.2µm
_02765_,7.2µm
_04355_,7.2µm
_04400_,7.2µm
_04789_,7.2µm
_05255_,7.2µm
_06278_,7.2µm
_07129_,7.2µm
_09152_,7.2µm
ciphertext_wire\[98\],7.2µm
_00259_,7.18µm
_00383_,7.18µm
_00726_,7.18µm
_00896_,7.18µm
_00953_,7.18µm
_01303_,7.18µm
_02738_,7.18µm
_04230_,7.18µm
_05828_,7.18µm
_06822_,7.18µm
_06951_,7.18µm
_07742_,7.18µm
_07988_,7.18µm
_08411_,7.18µm
_08531_,7.18µm
_08787_,7.18µm
_09351_,7.18µm
ciphertext_wire\[10\],7.18µm
ciphertext_wire\[28\],7.18µm
ciphertext_wire\[94\],7.18µm
u_aes128_baseline.u_aes_core.round_key_reg\[84\],7.18µm
_01835_,7.175µm
_07385_,7.17µm
_01346_,7.165µm
_00256_,7.16µm
_01182_,7.16µm
_01858_,7.16µm
_02095_,7.16µm
_04433_,7.16µm
_04719_,7.16µm
_08298_,7.16µm
_08768_,7.16µm
net2256,7.16µm
_04723_,7.155µm
_00929_,7.14µm
_04203_,7.14µm
_04814_,7.14µm
_08356_,7.14µm
net192,7.14µm
_05082_,7.125µm
_02689_,7.12µm
_02777_,7.12µm
_03524_,7.12µm
_04395_,7.12µm
_06680_,7.12µm
_06684_,7.12µm
_00240_,7.1µm
_00926_,7.1µm
_01111_,7.1µm
_01221_,7.1µm
_01552_,7.1µm
_02238_,7.1µm
_02358_,7.1µm
_02696_,7.1µm
_02909_,7.1µm
_03820_,7.1µm
_05105_,7.1µm
_05470_,7.1µm
_05531_,7.1µm
_06722_,7.1µm
_06754_,7.1µm
_06934_,7.1µm
_07028_,7.1µm
_07303_,7.1µm
_07534_,7.1µm
_08075_,7.1µm
_08305_,7.1µm
u_aes128_baseline.u_aes_core.round_key_reg\[71\],7.1µm
u_aes128_baseline.u_aes_core.round_key_reg\[92\],7.1µm
_00449_,7.095µm
_00560_,7.095µm
_08635_,7.09µm
_00050_,7.08µm
_03750_,7.08µm
_05347_,7.08µm
_07720_,7.08µm
_07984_,7.08µm
_03001_,7.07µm
_00304_,7.06µm
_00858_,7.06µm
_00894_,7.06µm
_00965_,7.06µm
_01126_,7.06µm
_02460_,7.06µm
_02674_,7.06µm
_02852_,7.06µm
_03165_,7.06µm
_03476_,7.06µm
_03503_,7.06µm
_03738_,7.06µm
_04017_,7.06µm
_04630_,7.06µm
_05650_,7.06µm
_05901_,7.06µm
_06709_,7.06µm
_06743_,7.06µm
_06834_,7.06µm
_07178_,7.06µm
_07306_,7.06µm
_07347_,7.06µm
_07944_,7.06µm
_08282_,7.06µm
_08575_,7.06µm
_08767_,7.06µm
_08976_,7.06µm
_09015_,7.06µm
ciphertext_wire\[40\],7.06µm
u_aes128_baseline.u_aes_core.state_reg\[108\],7.06µm
_01395_,7.04µm
_01450_,7.04µm
_02112_,7.04µm
_02810_,7.04µm
_05671_,7.04µm
_05857_,7.04µm
_06453_,7.04µm
_00464_,7.015µm
_08862_,7µm
net2203,7µm
_00369_,6.985µm
_00565_,6.985µm
_00435_,6.98µm
_00462_,6.98µm
_00541_,6.98µm
_00645_,6.98µm
_02320_,6.98µm
_02526_,6.98µm
_03223_,6.98µm
_04034_,6.98µm
_04369_,6.98µm
_04390_,6.98µm
_04474_,6.98µm
_04483_,6.98µm
_04742_,6.98µm
_05166_,6.98µm
_05297_,6.98µm
_07601_,6.98µm
_08786_,6.98µm
_09006_,6.98µm
net237,6.98µm
_02512_,6.975µm
_02770_,6.96µm
_03495_,6.96µm
_03757_,6.96µm
_04167_,6.96µm
_05262_,6.96µm
_06597_,6.96µm
_08731_,6.96µm
_00864_,6.94µm
_01155_,6.94µm
_01169_,6.94µm
_01788_,6.94µm
_01907_,6.94µm
_02050_,6.94µm
_02530_,6.94µm
_02837_,6.94µm
_03008_,6.94µm
_03093_,6.94µm
_04471_,6.94µm
_05914_,6.94µm
_06581_,6.94µm
_07320_,6.94µm
_09115_,6.94µm
net2235,6.94µm
_08651_,6.935µm
_00612_,6.92µm
_04966_,6.92µm
_00125_,6.905µm
_02619_,6.9µm
_03231_,6.9µm
_04995_,6.9µm
_05213_,6.9µm
_05407_,6.9µm
_08858_,6.9µm
net2290,6.9µm
_08097_,6.885µm
_00231_,6.88µm
_00739_,6.88µm
_00944_,6.88µm
_01385_,6.88µm
_01834_,6.88µm
_02398_,6.88µm
_05209_,6.88µm
_08785_,6.88µm
net2274,6.88µm
_08330_,6.87µm
_00408_,6.86µm
_00557_,6.86µm
_01576_,6.86µm
_01977_,6.86µm
_03585_,6.86µm
_04014_,6.86µm
_05497_,6.86µm
_06603_,6.86µm
_06906_,6.86µm
_07480_,6.86µm
_08297_,6.86µm
_08499_,6.86µm
ciphertext_wire\[21\],6.86µm
_00072_,6.84µm
_00211_,6.84µm
_00284_,6.84µm
_00669_,6.84µm
_00753_,6.84µm
_00754_,6.84µm
_02609_,6.84µm
_03075_,6.84µm
_03078_,6.84µm
_03959_,6.84µm
_04437_,6.84µm
_06327_,6.83µm
_01802_,6.82µm
_01976_,6.82µm
_04074_,6.82µm
_05845_,6.82µm
_05962_,6.82µm
_06649_,6.82µm
_06767_,6.82µm
_08401_,6.81µm
_03566_,6.8µm
_06928_,6.8µm
_00567_,6.795µm
_01580_,6.78µm
_02401_,6.78µm
_02523_,6.78µm
_03011_,6.78µm
_07102_,6.78µm
_08105_,6.78µm
_08257_,6.78µm
_08534_,6.78µm
_09325_,6.78µm
net2326,6.78µm
_08407_,6.77µm
_00022_,6.76µm
_00952_,6.76µm
_01196_,6.76µm
_01981_,6.76µm
_02473_,6.76µm
_03157_,6.76µm
_03164_,6.76µm
_03756_,6.76µm
_03765_,6.76µm
_03941_,6.76µm
_04372_,6.76µm
_04420_,6.76µm
_04524_,6.76µm
_05585_,6.76µm
_05850_,6.76µm
_06858_,6.76µm
_06923_,6.76µm
_07458_,6.76µm
_07552_,6.76µm
_07961_,6.76µm
_08225_,6.76µm
_08408_,6.76µm
_08585_,6.76µm
ciphertext_reg\[15\],6.76µm
u_aes128_baseline.u_aes_core.round_key_reg\[100\],6.76µm
_00670_,6.74µm
_00908_,6.74µm
_01076_,6.74µm
_02459_,6.74µm
_02544_,6.74µm
_02577_,6.74µm
_03202_,6.74µm
_03620_,6.74µm
_04955_,6.74µm
_07248_,6.74µm
_07993_,6.74µm
_00093_,6.72µm
_00176_,6.72µm
_00627_,6.72µm
_00651_,6.72µm
_00665_,6.72µm
_00961_,6.72µm
_02457_,6.72µm
_02665_,6.72µm
_02761_,6.72µm
_03707_,6.72µm
_05039_,6.72µm
_05341_,6.72µm
_05441_,6.72µm
_05527_,6.72µm
_06073_,6.72µm
_06105_,6.72µm
_06490_,6.72µm
_06812_,6.72µm
_06971_,6.72µm
_07391_,6.72µm
_07558_,6.72µm
_08536_,6.72µm
_09057_,6.72µm
_09124_,6.72µm
_09142_,6.72µm
ciphertext_wire\[105\],6.72µm
ciphertext_wire\[35\],6.72µm
ciphertext_wire\[46\],6.72µm
ciphertext_wire\[85\],6.72µm
_00209_,6.7µm
_03191_,6.7µm
_05625_,6.7µm
_08203_,6.7µm
_02069_,6.66µm
_02236_,6.66µm
_02711_,6.66µm
_04558_,6.66µm
_05754_,6.66µm
_07004_,6.66µm
net1123,6.66µm
_06091_,6.65µm
_05396_,6.645µm
_00086_,6.64µm
_00191_,6.64µm
_00203_,6.64µm
_00248_,6.64µm
_00292_,6.64µm
_00884_,6.64µm
_01124_,6.64µm
_01526_,6.64µm
_01654_,6.64µm
_02146_,6.64µm
_02873_,6.64µm
_02946_,6.64µm
_03094_,6.64µm
_03190_,6.64µm
_03413_,6.64µm
_03824_,6.64µm
_03975_,6.64µm
_04716_,6.64µm
_04732_,6.64µm
_07578_,6.64µm
_08664_,6.64µm
_09095_,6.64µm
u_aes128_baseline.u_aes_core.round_key_reg\[117\],6.64µm
net612,6.64µm
_00185_,6.62µm
_00317_,6.62µm
_02442_,6.62µm
_02730_,6.62µm
_03659_,6.62µm
_06430_,6.62µm
_09228_,6.62µm
_00570_,6.605µm
_00689_,6.605µm
_00195_,6.6µm
_00993_,6.6µm
_02329_,6.6µm
_02416_,6.6µm
_02528_,6.6µm
_03550_,6.6µm
_04285_,6.6µm
_05678_,6.6µm
_05798_,6.6µm
_06986_,6.6µm
_07125_,6.6µm
_07330_,6.6µm
_07760_,6.6µm
_08154_,6.6µm
_08312_,6.6µm
_08452_,6.6µm
_08520_,6.6µm
_08833_,6.6µm
_08846_,6.6µm
_09235_,6.6µm
ciphertext_wire\[41\],6.6µm
net104,6.6µm
_04703_,6.59µm
uio_in[4],6.59µm
_01115_,6.58µm
_01136_,6.58µm
_05663_,6.58µm
_07216_,6.58µm
_08502_,6.58µm
_07966_,6.565µm
_03719_,6.55µm
_02324_,6.545µm
_03431_,6.54µm
_04322_,6.54µm
_05905_,6.54µm
_07537_,6.54µm
_08920_,6.54µm
net2229,6.54µm
net2286,6.54µm
_03980_,6.53µm
_00523_,6.525µm
_00544_,6.52µm
_00847_,6.52µm
_01118_,6.52µm
_02064_,6.52µm
_02172_,6.52µm
_02519_,6.52µm
_03142_,6.52µm
_04084_,6.52µm
_04406_,6.52µm
_05030_,6.52µm
_05218_,6.52µm
_05468_,6.52µm
_07097_,6.52µm
_07281_,6.52µm
_08107_,6.52µm
_08456_,6.52µm
_08559_,6.52µm
_09203_,6.52µm
u_aes128_baseline.u_aes_core.round_key_reg\[81\],6.52µm
u_aes128_baseline.u_aes_core.round_key_reg\[94\],6.52µm
_01583_,6.5µm
_02123_,6.5µm
_02136_,6.5µm
_02522_,6.5µm
_03472_,6.5µm
_06513_,6.5µm
_06676_,6.5µm
_07405_,6.5µm
_08854_,6.5µm
_01067_,6.48µm
_01077_,6.48µm
_01129_,6.48µm
_05333_,6.48µm
_05609_,6.48µm
_07279_,6.48µm
_07504_,6.48µm
_08130_,6.48µm
_08457_,6.48µm
_08607_,6.48µm
_09356_,6.48µm
_03036_,6.475µm
_03888_,6.475µm
_05452_,6.47µm
_03214_,6.44µm
_05954_,6.44µm
_06103_,6.44µm
_08213_,6.44µm
net2252,6.44µm
_00389_,6.425µm
_00016_,6.42µm
_00718_,6.42µm
_00748_,6.42µm
_02491_,6.42µm
_04192_,6.42µm
_05167_,6.42µm
_06222_,6.42µm
_08836_,6.42µm
_09259_,6.42µm
_00427_,6.4µm
_00549_,6.4µm
_00661_,6.4µm
_02858_,6.4µm
_03718_,6.4µm
_04075_,6.4µm
_04463_,6.4µm
_05610_,6.4µm
_07181_,6.4µm
_08039_,6.4µm
_08388_,6.4µm
_00365_,6.38µm
_00402_,6.38µm
_00813_,6.38µm
_02605_,6.38µm
_08146_,6.38µm
_08462_,6.38µm
_00278_,6.36µm
_00337_,6.36µm
_02591_,6.36µm
_02685_,6.36µm
_03027_,6.36µm
_03763_,6.36µm
_04611_,6.36µm
_05335_,6.36µm
_05473_,6.36µm
_06841_,6.36µm
_06919_,6.36µm
_08813_,6.36µm
_03399_,6.35µm
_00616_,6.32µm
_03112_,6.32µm
_05256_,6.32µm
_06755_,6.32µm
_08640_,6.32µm
_09008_,6.32µm
_03567_,6.315µm
_00042_,6.3µm
_00118_,6.3µm
_00306_,6.3µm
_00592_,6.3µm
_00696_,6.3µm
_02150_,6.3µm
_02257_,6.3µm
_02353_,6.3µm
_03581_,6.3µm
_04842_,6.3µm
_05069_,6.3µm
_05160_,6.3µm
_05600_,6.3µm
_05706_,6.3µm
_05753_,6.3µm
_06640_,6.3µm
_06810_,6.3µm
_06982_,6.3µm
_06988_,6.3µm
_07024_,6.3µm
_07225_,6.3µm
_07713_,6.3µm
_07814_,6.3µm
_08247_,6.3µm
_08521_,6.3µm
_08636_,6.3µm
_08753_,6.3µm
u_aes128_baseline.u_aes_core.round_key_reg\[24\],6.3µm
ui_in[2],6.3µm
ui_in[4],6.3µm
ui_in[7],6.3µm
_00584_,6.28µm
_02252_,6.28µm
_02767_,6.28µm
_04370_,6.28µm
_04479_,6.28µm
_05524_,6.28µm
_09042_,6.28µm
_00032_,6.26µm
_01420_,6.26µm
_01531_,6.26µm
_02644_,6.26µm
_02716_,6.26µm
_02967_,6.26µm
_03328_,6.26µm
_03618_,6.26µm
_03699_,6.26µm
_04144_,6.26µm
_05122_,6.26µm
_05194_,6.26µm
_05325_,6.26µm
_05833_,6.26µm
_05847_,6.26µm
_05866_,6.26µm
_05943_,6.26µm
_05982_,6.26µm
_08051_,6.26µm
_08174_,6.26µm
_08883_,6.26µm
ciphertext_wire\[103\],6.26µm
ciphertext_wire\[52\],6.26µm
ciphertext_wire\[76\],6.26µm
u_aes128_baseline.u_aes_core.round_key_reg\[110\],6.26µm
u_aes128_baseline.u_aes_core.state_reg\[19\],6.26µm
_00404_,6.24µm
_03441_,6.24µm
_08772_,6.24µm
_00470_,6.2µm
_00917_,6.2µm
_03983_,6.2µm
_05294_,6.2µm
_07657_,6.2µm
_05273_,6.19µm
_07115_,6.185µm
_00147_,6.18µm
_00210_,6.18µm
_00374_,6.18µm
_01146_,6.18µm
_01163_,6.18µm
_01412_,6.18µm
_01792_,6.18µm
_02342_,6.18µm
_02540_,6.18µm
_02637_,6.18µm
_03048_,6.18µm
_03923_,6.18µm
_05110_,6.18µm
_05416_,6.18µm
_05511_,6.18µm
_05884_,6.18µm
_06985_,6.18µm
_07675_,6.18µm
_07983_,6.18µm
_08683_,6.18µm
_08960_,6.18µm
_09166_,6.18µm
ciphertext_wire\[64\],6.18µm
u_aes128_baseline.u_aes_core.round_key_reg\[105\],6.18µm
u_aes128_baseline.u_aes_core.round_key_reg\[73\],6.18µm
u_aes128_baseline.u_aes_core.state_reg\[115\],6.18µm
_05515_,6.17µm
_00319_,6.16µm
_00621_,6.16µm
_01520_,6.16µm
_01770_,6.16µm
_08626_,6.16µm
_08868_,6.16µm
_09233_,6.16µm
_02688_,6.145µm
_05215_,6.145µm
_00298_,6.14µm
_00327_,6.14µm
_01702_,6.14µm
_02585_,6.14µm
_02638_,6.14µm
_03179_,6.14µm
_03443_,6.14µm
_04282_,6.14µm
_04407_,6.14µm
_05045_,6.14µm
_06368_,6.14µm
_06444_,6.14µm
_06447_,6.14µm
_06978_,6.14µm
_06999_,6.14µm
_07228_,6.14µm
_07295_,6.14µm
_07316_,6.14µm
_07616_,6.14µm
_08319_,6.14µm
_08326_,6.14µm
_08468_,6.14µm
_09090_,6.14µm
ciphertext_wire\[65\],6.14µm
net13,6.14µm
_01855_,6.135µm
_00967_,6.12µm
_02427_,6.12µm
_05503_,6.12µm
_00790_,6.085µm
_05159_,6.08µm
_05363_,6.08µm
_05917_,6.08µm
_07356_,6.08µm
_08393_,6.08µm
_08555_,6.08µm
net2217,6.08µm
_01607_,6.06µm
_02142_,6.06µm
_02462_,6.06µm
_02844_,6.06µm
_03015_,6.06µm
_03188_,6.06µm
_03908_,6.06µm
_04855_,6.06µm
_05131_,6.06µm
_06522_,6.06µm
_07179_,6.06µm
_07423_,6.06µm
_07702_,6.06µm
_07706_,6.06µm
_08809_,6.06µm
_08832_,6.06µm
net200,6.06µm
_01635_,6.05µm
_01925_,6.04µm
_06569_,6.04µm
_06635_,6.04µm
_07576_,6.04µm
_00767_,6.02µm
_01187_,6.02µm
_01689_,6.02µm
_02204_,6.02µm
_03434_,6.02µm
_03653_,6.02µm
_04202_,6.02µm
_04458_,6.02µm
_05931_,6.02µm
_05997_,6.02µm
_06254_,6.02µm
_06391_,6.02µm
_06418_,6.02µm
_07459_,6.02µm
_09239_,6.02µm
_00439_,6µm
_02111_,5.98µm
_02521_,5.98µm
_03382_,5.98µm
_05143_,5.98µm
_05401_,5.98µm
_07249_,5.98µm
_08663_,5.98µm
_09343_,5.98µm
net2260,5.98µm
net2337,5.98µm
_00035_,5.96µm
_00766_,5.96µm
_05276_,5.96µm
net1648,5.96µm
net2175,5.96µm
net2308,5.96µm
_01887_,5.95µm
_00008_,5.94µm
_00188_,5.94µm
_00809_,5.94µm
_02212_,5.94µm
_02279_,5.94µm
_03007_,5.94µm
_03159_,5.94µm
_03462_,5.94µm
_04041_,5.94µm
_06135_,5.94µm
_06156_,5.94µm
_06230_,5.94µm
_07397_,5.94µm
_08188_,5.94µm
_08259_,5.94µm
_08956_,5.94µm
u_aes128_baseline.u_aes_core.state_reg\[56\],5.94µm
net2193,5.94µm
_08975_,5.93µm
_00078_,5.92µm
_00192_,5.92µm
_00303_,5.92µm
_00318_,5.92µm
_00336_,5.92µm
_00376_,5.92µm
_02872_,5.92µm
_03070_,5.92µm
_04472_,5.92µm
_05268_,5.92µm
_06149_,5.92µm
_07278_,5.92µm
net2332,5.92µm
_00335_,5.9µm
_01524_,5.9µm
_05237_,5.9µm
_06643_,5.9µm
net1991,5.9µm
_00630_,5.895µm
_01980_,5.87µm
_08263_,5.865µm
_01152_,5.86µm
_03090_,5.86µm
_03791_,5.86µm
_04658_,5.86µm
_04754_,5.86µm
_05360_,5.86µm
_05796_,5.86µm
_06358_,5.86µm
_06524_,5.86µm
_06567_,5.86µm
_06604_,5.86µm
_07010_,5.86µm
_07029_,5.86µm
_07154_,5.86µm
_07579_,5.86µm
_07764_,5.86µm
_07980_,5.86µm
_08092_,5.86µm
_08447_,5.86µm
_08455_,5.86µm
_08751_,5.86µm
_08889_,5.86µm
_08896_,5.86µm
_02600_,5.85µm
_00014_,5.84µm
_00274_,5.84µm
_00281_,5.84µm
_00286_,5.84µm
_00316_,5.84µm
_00400_,5.84µm
_00556_,5.84µm
_00564_,5.84µm
_00572_,5.84µm
_00589_,5.84µm
_02075_,5.84µm
_02939_,5.84µm
_03394_,5.84µm
_03486_,5.84µm
_03606_,5.84µm
_04293_,5.84µm
_04332_,5.84µm
_05665_,5.84µm
_07046_,5.84µm
_07494_,5.84µm
_08443_,5.84µm
_08681_,5.84µm
_08699_,5.84µm
ciphertext_wire\[97\],5.84µm
u_aes128_baseline.u_aes_core.round_key_reg\[127\],5.84µm
_02241_,5.825µm
_00082_,5.82µm
_00841_,5.82µm
_00970_,5.82µm
_01836_,5.82µm
_02429_,5.82µm
_02783_,5.82µm
_03083_,5.82µm
_03115_,5.82µm
_04615_,5.82µm
_07104_,5.82µm
_07266_,5.82µm
_08673_,5.82µm
ciphertext_wire\[36\],5.82µm
_00477_,5.805µm
_00979_,5.805µm
_04594_,5.805µm
_00438_,5.8µm
_00611_,5.8µm
_02723_,5.8µm
_03318_,5.8µm
_03433_,5.8µm
_03580_,5.8µm
_04247_,5.8µm
_04908_,5.8µm
_05371_,5.8µm
_06651_,5.8µm
_06785_,5.8µm
_06870_,5.8µm
_07086_,5.8µm
_07786_,5.8µm
_08538_,5.8µm
_08969_,5.8µm
_09111_,5.8µm
ciphertext_wire\[39\],5.8µm
_02961_,5.78µm
_07562_,5.78µm
_02705_,5.765µm
_08997_,5.76µm
_00994_,5.755µm
_01389_,5.74µm
_03023_,5.74µm
_03347_,5.74µm
_03977_,5.74µm
_04004_,5.74µm
_04015_,5.74µm
_07235_,5.74µm
_07277_,5.74µm
_08286_,5.74µm
_05119_,5.73µm
_00025_,5.72µm
_01838_,5.72µm
_01965_,5.72µm
_02073_,5.72µm
_02107_,5.72µm
_02505_,5.72µm
_02587_,5.72µm
_02819_,5.72µm
_02826_,5.72µm
_04012_,5.72µm
_04473_,5.72µm
_05097_,5.72µm
_06026_,5.72µm
_06458_,5.72µm
_06559_,5.72µm
_06766_,5.72µm
_07143_,5.72µm
_07173_,5.72µm
_07315_,5.72µm
_07432_,5.72µm
_08052_,5.72µm
_08185_,5.72µm
_08528_,5.72µm
_08808_,5.72µm
_08863_,5.72µm
_09038_,5.72µm
ciphertext_wire\[49\],5.72µm
net1139,5.72µm
_00217_,5.7µm
_00372_,5.7µm
_02655_,5.7µm
_03899_,5.7µm
_04429_,5.7µm
_04720_,5.7µm
_07071_,5.7µm
_09216_,5.7µm
_09305_,5.7µm
_01787_,5.695µm
_00129_,5.685µm
_00181_,5.685µm
_00355_,5.685µm
_05733_,5.685µm
_02574_,5.68µm
_03047_,5.68µm
_03798_,5.68µm
_03943_,5.68µm
_04287_,5.68µm
_04330_,5.68µm
_04467_,5.68µm
_04853_,5.68µm
_05049_,5.68µm
_05464_,5.68µm
_05657_,5.68µm
_05854_,5.68µm
_06384_,5.68µm
_06757_,5.68µm
_06955_,5.68µm
_07056_,5.68µm
_07077_,5.68µm
_07080_,5.68µm
_07539_,5.68µm
_08802_,5.68µm
_08913_,5.68µm
_08973_,5.68µm
_09045_,5.68µm
_05949_,5.67µm
ui_in[1],5.67µm
ui_in[3],5.67µm
_05735_,5.645µm
_06400_,5.63µm
_00981_,5.62µm
_00986_,5.62µm
_01005_,5.62µm
_01006_,5.62µm
_01108_,5.62µm
_02965_,5.62µm
_04149_,5.62µm
_05629_,5.62µm
net2211,5.62µm
_00116_,5.6µm
_00504_,5.6µm
_00524_,5.6µm
_00702_,5.6µm
_02333_,5.6µm
_02827_,5.6µm
_03377_,5.6µm
_04320_,5.6µm
_04533_,5.6µm
_04849_,5.6µm
_05073_,5.6µm
_05201_,5.6µm
_05223_,5.6µm
_06606_,5.6µm
_07132_,5.6µm
_07177_,5.6µm
_07265_,5.6µm
_07363_,5.6µm
_07887_,5.6µm
_08372_,5.6µm
_08602_,5.6µm
_08948_,5.6µm
_09311_,5.6µm
_02871_,5.58µm
_04238_,5.58µm
_04515_,5.58µm
_07678_,5.58µm
_08459_,5.58µm
_06152_,5.57µm
_00040_,5.56µm
_00113_,5.56µm
_00741_,5.56µm
_02244_,5.56µm
_02978_,5.56µm
_03116_,5.56µm
_04696_,5.56µm
_05543_,5.56µm
_06908_,5.56µm
_08350_,5.56µm
_08596_,5.56µm
_08611_,5.56µm
_09073_,5.56µm
_00143_,5.545µm
_03965_,5.52µm
_05161_,5.52µm
_05616_,5.52µm
_05824_,5.52µm
_05829_,5.52µm
_06599_,5.52µm
_07048_,5.52µm
net2199,5.52µm
net2242,5.52µm
net2257,5.52µm
net2263,5.52µm
net2336,5.52µm
_08205_,5.51µm
_00083_,5.5µm
_00126_,5.5µm
_00331_,5.5µm
_00385_,5.5µm
_02624_,5.5µm
_02795_,5.5µm
_03513_,5.5µm
_03951_,5.5µm
_05418_,5.5µm
_09245_,5.5µm
_01684_,5.49µm
_05116_,5.485µm
_00399_,5.48µm
_00632_,5.48µm
_01017_,5.48µm
_02434_,5.48µm
_04752_,5.48µm
_05764_,5.48µm
_07438_,5.48µm
_08165_,5.48µm
_08304_,5.48µm
_00091_,5.46µm
_00262_,5.46µm
_00550_,5.46µm
_00551_,5.46µm
_00552_,5.46µm
_00687_,5.46µm
_00758_,5.46µm
_00772_,5.46µm
_01398_,5.46µm
_01655_,5.46µm
_01743_,5.46µm
_05275_,5.46µm
_06251_,5.46µm
_06425_,5.46µm
_06725_,5.46µm
_06929_,5.46µm
_08019_,5.46µm
_08782_,5.46µm
net2245,5.46µm
_00268_,5.44µm
_01968_,5.44µm
_03438_,5.44µm
_05937_,5.44µm
_09116_,5.44µm
net995,5.44µm
_00489_,5.415µm
_00699_,5.4µm
_00885_,5.4µm
_01573_,5.4µm
_02309_,5.4µm
_02920_,5.4µm
_03087_,5.4µm
_05248_,5.4µm
_06558_,5.4µm
_07528_,5.4µm
_07549_,5.4µm
_07757_,5.4µm
_08288_,5.4µm
ciphertext_wire\[23\],5.4µm
_00568_,5.395µm
_00206_,5.385µm
_06525_,5.385µm
_00198_,5.38µm
_00214_,5.38µm
_00296_,5.38µm
_00414_,5.38µm
_00461_,5.38µm
_00672_,5.38µm
_00681_,5.38µm
_00685_,5.38µm
_00694_,5.38µm
_00762_,5.38µm
_01549_,5.38µm
_01811_,5.38µm
_02706_,5.38µm
_02821_,5.38µm
_02866_,5.38µm
_02875_,5.38µm
_02883_,5.38µm
_02911_,5.38µm
_03492_,5.38µm
_03582_,5.38µm
_04142_,5.38µm
_04399_,5.38µm
_04828_,5.38µm
_05112_,5.38µm
_05140_,5.38µm
_05245_,5.38µm
_05784_,5.38µm
_06679_,5.38µm
_07089_,5.38µm
_07106_,5.38µm
_07311_,5.38µm
_07350_,5.38µm
_07897_,5.38µm
_08226_,5.38µm
_08316_,5.38µm
_08604_,5.38µm
ciphertext_wire\[73\],5.38µm
net2273,5.38µm
_07457_,5.37µm
_01148_,5.36µm
_01218_,5.36µm
_02012_,5.36µm
_02498_,5.36µm
_02848_,5.36µm
_03612_,5.36µm
_03638_,5.36µm
_05557_,5.36µm
_06818_,5.36µm
_07072_,5.36µm
_07446_,5.36µm
_08775_,5.36µm
_03018_,5.345µm
_00095_,5.34µm
_00184_,5.34µm
_00280_,5.34µm
_00647_,5.34µm
_00683_,5.34µm
_00693_,5.34µm
_00793_,5.34µm
_00875_,5.34µm
_01151_,5.34µm
_01452_,5.34µm
_02201_,5.34µm
_02895_,5.34µm
_02928_,5.34µm
_03385_,5.34µm
_03432_,5.34µm
_05088_,5.34µm
_05202_,5.34µm
_05296_,5.34µm
_06199_,5.34µm
_06245_,5.34µm
_06690_,5.34µm
_06717_,5.34µm
_06837_,5.34µm
_07555_,5.34µm
_07593_,5.34µm
_07605_,5.34µm
_07620_,5.34µm
_08799_,5.34µm
_08917_,5.34µm
_08931_,5.34µm
_09160_,5.34µm
ciphertext_reg\[32\],5.34µm
ciphertext_wire\[93\],5.34µm
u_aes128_baseline.u_aes_core.round_key_reg\[53\],5.34µm
_05272_,5.33µm
_01934_,5.32µm
_00275_,5.28µm
_00333_,5.28µm
_02695_,5.28µm
_03442_,5.28µm
_03557_,5.28µm
_06496_,5.28µm
_08879_,5.28µm
_04725_,5.27µm
_00033_,5.26µm
_00639_,5.26µm
_01525_,5.26µm
_01657_,5.26µm
_02533_,5.26µm
_02850_,5.26µm
_03178_,5.26µm
_03311_,5.26µm
_03891_,5.26µm
_04317_,5.26µm
_04362_,5.26µm
_05381_,5.26µm
_05581_,5.26µm
_05599_,5.26µm
_05755_,5.26µm
_05827_,5.26µm
_06255_,5.26µm
_06553_,5.26µm
_06580_,5.26µm
_07990_,5.26µm
_08339_,5.26µm
_08367_,5.26µm
_08526_,5.26µm
_08637_,5.26µm
_08861_,5.26µm
net64,5.26µm
net2259,5.26µm
net2271,5.26µm
_01926_,5.24µm
_01938_,5.24µm
_05493_,5.24µm
_00174_,5.225µm
_00498_,5.225µm
_00779_,5.225µm
_07237_,5.225µm
_00074_,5.22µm
_00907_,5.22µm
_00933_,5.22µm
_00939_,5.22µm
_02742_,5.22µm
_02791_,5.22µm
_02970_,5.22µm
_03461_,5.22µm
_04083_,5.22µm
_05038_,5.22µm
_05324_,5.22µm
_05974_,5.22µm
_07514_,5.22µm
_07796_,5.22µm
_08181_,5.22µm
_08242_,5.22µm
_08318_,5.22µm
_08461_,5.22µm
_08693_,5.22µm
_08964_,5.22µm
_09213_,5.22µm
_09295_,5.22µm
_09323_,5.22µm
net2282,5.22µm
_06825_,5.19µm
_06627_,5.17µm
_01399_,5.16µm
_02160_,5.16µm
_04314_,5.16µm
_05158_,5.16µm
_05655_,5.16µm
_07624_,5.16µm
_08343_,5.16µm
_03064_,5.155µm
_00428_,5.14µm
_00927_,5.14µm
_01861_,5.14µm
_02443_,5.14µm
_02607_,5.14µm
_02722_,5.14µm
_03006_,5.14µm
_03343_,5.14µm
_03539_,5.14µm
_05171_,5.14µm
_05182_,5.14µm
_05495_,5.14µm
_05715_,5.14µm
_05839_,5.14µm
_06911_,5.14µm
_07877_,5.14µm
_07901_,5.14µm
_07909_,5.14µm
_08780_,5.14µm
_09357_,5.14µm
ciphertext_reg\[40\],5.14µm
_05409_,5.135µm
_01458_,5.12µm
_03338_,5.12µm
_03942_,5.12µm
_05150_,5.12µm
_05486_,5.12µm
_00992_,5.11µm
_01028_,5.1µm
_01083_,5.1µm
_01088_,5.1µm
_01092_,5.1µm
_01128_,5.1µm
_03599_,5.1µm
_04294_,5.1µm
_05028_,5.1µm
_05431_,5.1µm
_05467_,5.1µm
_05483_,5.1µm
_05566_,5.1µm
_05927_,5.1µm
_06010_,5.1µm
_06753_,5.1µm
_07139_,5.1µm
_07613_,5.1µm
_08349_,5.1µm
_08691_,5.1µm
net2080,5.09µm
_00144_,5.085µm
_00678_,5.085µm
_00707_,5.085µm
_07454_,5.07µm
_00094_,5.065µm
_04223_,5.06µm
_05290_,5.06µm
_06334_,5.06µm
_06981_,5.06µm
_07383_,5.06µm
_07553_,5.06µm
_08819_,5.06µm
_04599_,5.045µm
_00041_,5.04µm
_00123_,5.04µm
_00345_,5.04µm
_00673_,5.04µm
_00679_,5.04µm
_00777_,5.04µm
_02203_,5.04µm
_02601_,5.04µm
_02703_,5.04µm
_03042_,5.04µm
_06914_,5.04µm
_07257_,5.04µm
net2333,5.04µm
_05614_,5.025µm
ciphertext_reg\[28\],5.025µm
_00107_,5.02µm
_00410_,5.02µm
_00460_,5.02µm
_01521_,5.02µm
_02974_,5.02µm
_02977_,5.02µm
_04421_,5.02µm
_04833_,5.02µm
_04997_,5.02µm
_05063_,5.02µm
_06608_,5.02µm
_08338_,5.02µm
_08796_,5.02µm
_08909_,5.02µm
_09060_,5.02µm
_09089_,5.02µm
_09224_,5.02µm
_09289_,5.02µm
ciphertext_reg\[43\],5.02µm
_01189_,5.015µm
_08903_,5.005µm
_00311_,5µm
_00401_,5µm
_00490_,5µm
_00781_,5µm
_05121_,5µm
_05228_,5µm
_06864_,5µm
_07246_,5µm
_08530_,5µm
_03370_,4.985µm
_02110_,4.975µm
_02913_,4.97µm
net2024,4.97µm
_00520_,4.94µm
_01107_,4.94µm
_01117_,4.94µm
_01425_,4.94µm
_02944_,4.94µm
_03131_,4.94µm
_03176_,4.94µm
_03216_,4.94µm
_03521_,4.94µm
_04309_,4.94µm
_04348_,4.94µm
_05285_,4.94µm
_05604_,4.94µm
_06256_,4.94µm
_06698_,4.94µm
_06900_,4.94µm
_07127_,4.94µm
_07184_,4.94µm
_07233_,4.94µm
_08271_,4.94µm
_08501_,4.94µm
_08524_,4.94µm
_08906_,4.94µm
_09161_,4.94µm
_09215_,4.94µm
_03573_,4.93µm
net2328,4.925µm
_00049_,4.92µm
_00053_,4.92µm
_00180_,4.92µm
_00261_,4.92µm
_00288_,4.92µm
_00347_,4.92µm
_00364_,4.92µm
_00445_,4.92µm
_00493_,4.92µm
_00497_,4.92µm
_00559_,4.92µm
_00660_,4.92µm
_00710_,4.92µm
_00745_,4.92µm
_00759_,4.92µm
_00783_,4.92µm
_01570_,4.92µm
_02582_,4.92µm
_02704_,4.92µm
_02808_,4.92µm
_03043_,4.92µm
_03213_,4.92µm
_03375_,4.92µm
_04071_,4.92µm
_04150_,4.92µm
_04958_,4.92µm
_05004_,4.92µm
_05271_,4.92µm
_05384_,4.92µm
_05425_,4.92µm
_05579_,4.92µm
_05694_,4.92µm
_05712_,4.92µm
_05877_,4.92µm
_06658_,4.92µm
_06854_,4.92µm
_06873_,4.92µm
_06898_,4.92µm
_07209_,4.92µm
_07916_,4.92µm
_08160_,4.92µm
_08522_,4.92µm
_08590_,4.92µm
_08642_,4.92µm
_08849_,4.92µm
ciphertext_wire\[100\],4.92µm
ciphertext_wire\[12\],4.92µm
net2192,4.92µm
net2291,4.92µm
_08959_,4.915µm
_01537_,4.91µm
_00956_,4.9µm
_01387_,4.9µm
_02815_,4.9µm
_03468_,4.9µm
_04035_,4.9µm
_04601_,4.9µm
_04798_,4.9µm
_05207_,4.9µm
_05212_,4.9µm
_05573_,4.9µm
_05695_,4.9µm
_06171_,4.9µm
_06620_,4.9µm
_06636_,4.9µm
_07452_,4.9µm
_08488_,4.9µm
_08938_,4.9µm
net2233,4.9µm
_00000_,4.88µm
_01091_,4.88µm
_01190_,4.88µm
_02200_,4.88µm
_02450_,4.88µm
_02454_,4.88µm
_02541_,4.88µm
_02724_,4.88µm
_02757_,4.88µm
_02841_,4.88µm
_02907_,4.88µm
_03101_,4.88µm
_03762_,4.88µm
_04053_,4.88µm
_04318_,4.88µm
_05107_,4.88µm
_05455_,4.88µm
_05462_,4.88µm
_05510_,4.88µm
_05729_,4.88µm
_06738_,4.88µm
_07218_,4.88µm
_08923_,4.88µm
_09309_,4.88µm
ciphertext_wire\[50\],4.88µm
net2321,4.88µm
ui_in[0],4.84µm
_00260_,4.82µm
_01110_,4.82µm
_01433_,4.82µm
_02017_,4.82µm
_02310_,4.82µm
_02348_,4.82µm
_02581_,4.82µm
_02809_,4.82µm
_04207_,4.82µm
_05231_,4.82µm
_05321_,4.82µm
_07691_,4.82µm
_08476_,4.82µm
_00037_,4.8µm
_00213_,4.8µm
_00273_,4.8µm
_00659_,4.8µm
_01377_,4.8µm
_01429_,4.8µm
_01581_,4.8µm
_01972_,4.8µm
_02140_,4.8µm
_02615_,4.8µm
_02620_,4.8µm
_02878_,4.8µm
_02904_,4.8µm
_02916_,4.8µm
_02926_,4.8µm
_02938_,4.8µm
_03113_,4.8µm
_03222_,4.8µm
_03579_,4.8µm
_03865_,4.8µm
_03971_,4.8µm
_04233_,4.8µm
_04274_,4.8µm
_04477_,4.8µm
_04480_,4.8µm
_05113_,4.8µm
_05362_,4.8µm
_05403_,4.8µm
_05893_,4.8µm
_05967_,4.8µm
_05975_,4.8µm
_06445_,4.8µm
_06696_,4.8µm
_07013_,4.8µm
_07066_,4.8µm
_07083_,4.8µm
_07256_,4.8µm
_07270_,4.8µm
_07274_,4.8µm
_07450_,4.8µm
_07776_,4.8µm
_08235_,4.8µm
_08598_,4.8µm
_08714_,4.8µm
_08844_,4.8µm
_08885_,4.8µm
_08891_,4.8µm
_09231_,4.8µm
ciphertext_wire\[81\],4.8µm
u_aes128_baseline.u_aes_core.state_reg\[88\],4.8µm
net2101,4.8µm
net2320,4.8µm
_01188_,4.78µm
_08293_,4.78µm
_01027_,4.76µm
_01561_,4.76µm
_03275_,4.76µm
_03916_,4.76µm
_04073_,4.76µm
_04179_,4.76µm
_04426_,4.76µm
_04481_,4.76µm
_05157_,4.76µm
_05283_,4.76µm
_05519_,4.76µm
_05622_,4.76µm
_07291_,4.76µm
_07550_,4.76µm
_07954_,4.76µm
_08302_,4.76µm
_08480_,4.76µm
_08908_,4.76µm
_02510_,4.755µm
ui_in[6],4.75µm
uio_in[1],4.75µm
_08487_,4.71µm
_02182_,4.7µm
_05659_,4.7µm
_05964_,4.7µm
_06783_,4.7µm
_07003_,4.7µm
_05251_,4.685µm
_00066_,4.68µm
_00205_,4.68µm
_00548_,4.68µm
_00728_,4.68µm
_00854_,4.68µm
_00901_,4.68µm
_01641_,4.68µm
_01744_,4.68µm
_01982_,4.68µm
_02080_,4.68µm
_02275_,4.68µm
_03147_,4.68µm
_04292_,4.68µm
_04432_,4.68µm
_05051_,4.68µm
_05303_,4.68µm
_05440_,4.68µm
_05738_,4.68µm
_05749_,4.68µm
_05888_,4.68µm
_06258_,4.68µm
_06266_,4.68µm
_07323_,4.68µm
_08422_,4.68µm
_09281_,4.68µm
_09317_,4.68µm
_01185_,4.66µm
_03156_,4.66µm
_04129_,4.66µm
_07396_,4.66µm
_08980_,4.66µm
net2205,4.66µm
_07148_,4.655µm
_00521_,4.64µm
_00468_,4.62µm
_02363_,4.6µm
_02558_,4.6µm
_03089_,4.6µm
_04431_,4.6µm
_05419_,4.6µm
_05703_,4.6µm
_05894_,4.6µm
_06586_,4.6µm
_08508_,4.6µm
_08935_,4.6µm
ciphertext_wire\[78\],4.6µm
_08620_,4.595µm
_00010_,4.58µm
_00019_,4.58µm
_00046_,4.58µm
_00110_,4.58µm
_00140_,4.58µm
_00145_,4.58µm
_00177_,4.58µm
_00263_,4.58µm
_00655_,4.58µm
_00663_,4.58µm
_00671_,4.58µm
_00769_,4.58µm
_00773_,4.58µm
_00780_,4.58µm
_02233_,4.58µm
_03225_,4.58µm
_04213_,4.58µm
_05404_,4.58µm
_06109_,4.58µm
_07041_,4.58µm
_07874_,4.58µm
net2222,4.58µm
_00254_,4.56µm
_00440_,4.56µm
_00609_,4.56µm
_00764_,4.56µm
_01601_,4.56µm
_06139_,4.56µm
_07409_,4.56µm
u_aes128_baseline.u_aes_core.round_key_reg\[50\],4.56µm
_00087_,4.54µm
_00397_,4.54µm
_00499_,4.54µm
_00534_,4.54µm
_00756_,4.54µm
_00774_,4.54µm
_02915_,4.54µm
_03930_,4.54µm
_05266_,4.54µm
_05300_,4.54µm
_07418_,4.54µm
_08547_,4.54µm
_06470_,4.525µm
_07033_,4.5µm
_00637_,4.495µm
_00324_,4.48µm
_00515_,4.48µm
_01101_,4.48µm
_01141_,4.48µm
_01260_,4.48µm
_02375_,4.48µm
_02378_,4.48µm
_02603_,4.48µm
_03170_,4.48µm
_04365_,4.48µm
_04954_,4.48µm
_04956_,4.48µm
_05680_,4.48µm
_06817_,4.48µm
_07325_,4.48µm
_07360_,4.48µm
_07882_,4.48µm
_07900_,4.48µm
_08440_,4.48µm
_08759_,4.48µm
_08943_,4.48µm
net2191,4.48µm
net2323,4.48µm
_03934_,4.465µm
_00005_,4.46µm
_00007_,4.46µm
_00020_,4.46µm
_00045_,4.46µm
_00109_,4.46µm
_00142_,4.46µm
_00183_,4.46µm
_00187_,4.46µm
_00201_,4.46µm
_00224_,4.46µm
_00233_,4.46µm
_00245_,4.46µm
_00249_,4.46µm
_00271_,4.46µm
_00291_,4.46µm
_00330_,4.46µm
_00419_,4.46µm
_00444_,4.46µm
_00452_,4.46µm
_00483_,4.46µm
_00662_,4.46µm
_00668_,4.46µm
_00709_,4.46µm
_00788_,4.46µm
_01018_,4.46µm
_01197_,4.46µm
_01436_,4.46µm
_01664_,4.46µm
_01671_,4.46µm
_01732_,4.46µm
_02187_,4.46µm
_02239_,4.46µm
_02306_,4.46µm
_02327_,4.46µm
_02433_,4.46µm
_02529_,4.46µm
_02548_,4.46µm
_02749_,4.46µm
_02792_,4.46µm
_02910_,4.46µm
_03111_,4.46µm
_03516_,4.46µm
_03615_,4.46µm
_03851_,4.46µm
_04186_,4.46µm
_04283_,4.46µm
_05053_,4.46µm
_05339_,4.46µm
_05858_,4.46µm
_05900_,4.46µm
_06665_,4.46µm
_07020_,4.46µm
_07090_,4.46µm
_07269_,4.46µm
_08315_,4.46µm
_08446_,4.46µm
_08497_,4.46µm
_08658_,4.46µm
_08726_,4.46µm
ciphertext_wire\[14\],4.46µm
ciphertext_wire\[84\],4.46µm
ciphertext_wire\[88\],4.46µm
ciphertext_wire\[91\],4.46µm
u_aes128_baseline.u_aes_core.round_key_reg\[120\],4.46µm
net2249,4.46µm
net2310,4.46µm
_00561_,4.44µm
_00643_,4.44µm
_00899_,4.44µm
_05569_,4.44µm
_05995_,4.44µm
_06830_,4.44µm
_07060_,4.44µm
_07161_,4.44µm
_02741_,4.435µm
_00155_,4.42µm
_00169_,4.42µm
_00727_,4.42µm
_00931_,4.42µm
_00977_,4.42µm
_01003_,4.42µm
_01428_,4.42µm
_02097_,4.42µm
_02681_,4.42µm
_02719_,4.42µm
_05109_,4.42µm
_05630_,4.42µm
_05675_,4.42µm
_05904_,4.42µm
_06143_,4.42µm
_07926_,4.42µm
_08961_,4.42µm
ciphertext_wire\[24\],4.42µm
_07215_,4.365µm
_01799_,4.36µm
_02779_,4.36µm
_03193_,4.36µm
_06544_,4.36µm
_06700_,4.36µm
_06775_,4.36µm
_07339_,4.36µm
_07785_,4.36µm
_08769_,4.36µm
_00232_,4.34µm
_00785_,4.34µm
_00906_,4.34µm
_01026_,4.34µm
_01065_,4.34µm
_01082_,4.34µm
_01422_,4.34µm
_01679_,4.34µm
_02101_,4.34µm
_02812_,4.34µm
_02882_,4.34µm
_02959_,4.34µm
_03000_,4.34µm
_03040_,4.34µm
_03145_,4.34µm
_03591_,4.34µm
_03596_,4.34µm
_03629_,4.34µm
_03802_,4.34µm
_03828_,4.34µm
_03846_,4.34µm
_03879_,4.34µm
_03903_,4.34µm
_04263_,4.34µm
_04335_,4.34µm
_04596_,4.34µm
_04976_,4.34µm
_05169_,4.34µm
_05444_,4.34µm
_05522_,4.34µm
_05658_,4.34µm
_05759_,4.34µm
_05810_,4.34µm
_05851_,4.34µm
_05993_,4.34µm
_06252_,4.34µm
_06631_,4.34µm
_06749_,4.34µm
_06771_,4.34µm
_06950_,4.34µm
_07022_,4.34µm
_07075_,4.34µm
_07088_,4.34µm
_07264_,4.34µm
_07334_,4.34µm
_07434_,4.34µm
_08221_,4.34µm
_08267_,4.34µm
_08390_,4.34µm
_08425_,4.34µm
_08727_,4.34µm
_08815_,4.34µm
ciphertext_wire\[58\],4.34µm
_01932_,4.33µm
_00869_,4.32µm
_02062_,4.32µm
_02086_,4.32µm
_02487_,4.32µm
_04800_,4.32µm
_05508_,4.32µm
_00108_,4.305µm
_00234_,4.305µm
uio_in[3],4.29µm
_00199_,4.265µm
_07335_,4.265µm
_00555_,4.255µm
_06100_,4.24µm
_06290_,4.24µm
_07436_,4.24µm
_08630_,4.24µm
_09064_,4.24µm
_01345_,4.23µm
_00024_,4.22µm
_00076_,4.22µm
_00098_,4.22µm
_00121_,4.22µm
_00204_,4.22µm
_00538_,4.22µm
_00771_,4.22µm
_01502_,4.22µm
_02717_,4.22µm
_02840_,4.22µm
_02855_,4.22µm
_02980_,4.22µm
_03160_,4.22µm
_03542_,4.22µm
_03817_,4.22µm
_03836_,4.22µm
_04201_,4.22µm
_04457_,4.22µm
_04631_,4.22µm
_05018_,4.22µm
_05179_,4.22µm
_05198_,4.22µm
_05871_,4.22µm
_06365_,4.22µm
_07518_,4.22µm
_07614_,4.22µm
_08438_,4.22µm
_08694_,4.22µm
_08886_,4.22µm
_08944_,4.22µm
_08946_,4.22µm
_08491_,4.215µm
_02121_,4.2µm
_02664_,4.2µm
_03038_,4.2µm
_03978_,4.2µm
_05818_,4.2µm
_06917_,4.2µm
_07343_,4.2µm
_08445_,4.2µm
_01009_,4.185µm
_02404_,4.18µm
_06483_,4.145µm
_00265_,4.14µm
_00282_,4.14µm
_00287_,4.14µm
_00329_,4.14µm
_00346_,4.14µm
_00354_,4.14µm
_01411_,4.14µm
_02470_,4.14µm
_02568_,4.14µm
_04442_,4.14µm
_04603_,4.14µm
_05037_,4.14µm
_05471_,4.14µm
_05878_,4.14µm
_06359_,4.14µm
_07091_,4.14µm
_07232_,4.14µm
_07359_,4.14µm
_07932_,4.14µm
_08118_,4.14µm
_08277_,4.14µm
_00043_,4.12µm
_00063_,4.12µm
_00136_,4.12µm
_00189_,4.12µm
_00202_,4.12µm
_00221_,4.12µm
_00778_,4.12µm
_01756_,4.12µm
_02418_,4.12µm
_02806_,4.12µm
_03195_,4.12µm
_03236_,4.12µm
_04685_,4.12µm
_05549_,4.12µm
_05887_,4.12µm
_07117_,4.12µm
_08053_,4.12µm
_08880_,4.12µm
net1314,4.12µm
_05478_,4.11µm
_00055_,4.1µm
_00238_,4.1µm
_00421_,4.1µm
_00475_,4.1µm
_00485_,4.1µm
_00613_,4.1µm
_01104_,4.1µm
_01589_,4.1µm
_04423_,4.1µm
_04470_,4.1µm
_05013_,4.1µm
_05813_,4.1µm
_06005_,4.1µm
_06300_,4.1µm
_06362_,4.1µm
_07152_,4.1µm
_07790_,4.1µm
_08311_,4.1µm
_09083_,4.1µm
_09131_,4.1µm
_07829_,4.095µm
_02245_,4.09µm
_00127_,4.08µm
_00178_,4.08µm
_00250_,4.08µm
_00443_,4.08µm
_00642_,4.08µm
_05623_,4.08µm
_05230_,4.06µm
_00430_,4.035µm
_00629_,4.035µm
_05095_,4.025µm
_01066_,4.02µm
_02373_,4.02µm
_02759_,4.02µm
_02823_,4.02µm
_03221_,4.02µm
_03419_,4.02µm
_03728_,4.02µm
_03856_,4.02µm
_04019_,4.02µm
_04231_,4.02µm
_04844_,4.02µm
_05147_,4.02µm
_06420_,4.02µm
_06759_,4.02µm
_07053_,4.02µm
_07067_,4.02µm
_07163_,4.02µm
_07299_,4.02µm
_07942_,4.02µm
_08179_,4.02µm
_08442_,4.02µm
_08589_,4.02µm
_08904_,4.02µm
_07376_,4.01µm
_08576_,4.01µm
_00131_,4µm
_00293_,4µm
_00299_,4µm
_00312_,4µm
_00313_,4µm
_00334_,4µm
_00371_,4µm
_00398_,4µm
_00412_,4µm
_00429_,4µm
_00432_,4µm
_00455_,4µm
_00492_,4µm
_00501_,4µm
_00530_,4µm
_00542_,4µm
_00947_,4µm
_00960_,4µm
_01443_,4µm
_01506_,4µm
_01551_,4µm
_01752_,4µm
_02120_,4µm
_02322_,4µm
_02367_,4µm
_03183_,4µm
_03186_,4µm
_03230_,4µm
_03451_,4µm
_03794_,4µm
_03864_,4µm
_03979_,4µm
_03998_,4µm
_04193_,4µm
_04478_,4µm
_04641_,4µm
_05652_,4µm
_05705_,4µm
_05830_,4µm
_05890_,4µm
_06049_,4µm
_07223_,4µm
_07328_,4µm
_07401_,4µm
_07950_,4µm
_07975_,4µm
_08250_,4µm
_08261_,4µm
_08287_,4µm
_08363_,4µm
_08375_,4µm
_08451_,4µm
_08574_,4µm
_08777_,4µm
_09138_,4µm
_09189_,4µm
ciphertext_wire\[25\],4µm
ciphertext_wire\[27\],4µm
ciphertext_wire\[37\],4µm
ciphertext_wire\[70\],4µm
ciphertext_wire\[77\],4µm
ciphertext_wire\[90\],4µm
_05206_,3.995µm
_01133_,3.98µm
_01153_,3.98µm
_02782_,3.98µm
_02896_,3.98µm
_03167_,3.98µm
_05903_,3.98µm
_06670_,3.98µm
_06953_,3.98µm
_07368_,3.98µm
_09237_,3.98µm
ciphertext_wire\[55\],3.98µm
_06959_,3.96µm
_04929_,3.95µm
_09009_,3.94µm
ena,3.92µm
rst_n,3.92µm
ui_in[5],3.92µm
uio_in[0],3.92µm
uio_in[2],3.92µm
_01119_,3.91µm
_05792_,3.905µm
_00473_,3.9µm
_00506_,3.9µm
_01063_,3.9µm
_01095_,3.9µm
_02191_,3.9µm
_02508_,3.9µm
_03122_,3.9µm
_03621_,3.9µm
_04290_,3.9µm
_04360_,3.9µm
_05461_,3.9µm
_07828_,3.9µm
_08320_,3.9µm
_08601_,3.9µm
_01669_,3.89µm
_07065_,3.89µm
_08122_,3.885µm
_00059_,3.88µm
_00119_,3.88µm
_00156_,3.88µm
_00229_,3.88µm
_00667_,3.88µm
_00724_,3.88µm
_00744_,3.88µm
_00891_,3.88µm
_00951_,3.88µm
_01181_,3.88µm
_01842_,3.88µm
_01924_,3.88µm
_02009_,3.88µm
_02043_,3.88µm
_02159_,3.88µm
_02242_,3.88µm
_02339_,3.88µm
_02399_,3.88µm
_02432_,3.88µm
_02659_,3.88µm
_02862_,3.88µm
_03020_,3.88µm
_03623_,3.88µm
_04096_,3.88µm
_04536_,3.88µm
_04636_,3.88µm
_04815_,3.88µm
_05155_,3.88µm
_05175_,3.88µm
_05482_,3.88µm
_05552_,3.88µm
_05626_,3.88µm
_05861_,3.88µm
_05929_,3.88µm
_06351_,3.88µm
_06427_,3.88µm
_06770_,3.88µm
_06804_,3.88µm
_07062_,3.88µm
_07273_,3.88µm
_07285_,3.88µm
_07375_,3.88µm
_07465_,3.88µm
_07468_,3.88µm
_07609_,3.88µm
_08084_,3.88µm
_08254_,3.88µm
_08321_,3.88µm
_08436_,3.88µm
_08460_,3.88µm
_08472_,3.88µm
_08505_,3.88µm
_08804_,3.88µm
_09023_,3.88µm
_09327_,3.88µm
ciphertext_wire\[48\],3.88µm
u_aes128_baseline.u_aes_core.round_key_reg\[26\],3.88µm
net2289,3.88µm
net2339,3.88µm
_02958_,3.875µm
_08667_,3.865µm
_00390_,3.86µm
_00740_,3.86µm
_00880_,3.86µm
_02199_,3.86µm
_06590_,3.86µm
_07156_,3.86µm
_07345_,3.86µm
_07986_,3.86µm
_05076_,3.855µm
_00114_,3.845µm
net2306,3.845µm
_03155_,3.79µm
_04986_,3.78µm
_05328_,3.78µm
_05365_,3.78µm
_05375_,3.78µm
_08035_,3.78µm
_08475_,3.78µm
_04386_,3.77µm
_00367_,3.76µm
_00391_,3.76µm
_00581_,3.76µm
_00852_,3.76µm
_00860_,3.76µm
_02124_,3.76µm
_02410_,3.76µm
_02569_,3.76µm
_02656_,3.76µm
_03130_,3.76µm
_03266_,3.76µm
_03657_,3.76µm
_04006_,3.76µm
_05317_,3.76µm
_05394_,3.76µm
_06349_,3.76µm
_06615_,3.76µm
_06741_,3.76µm
_06931_,3.76µm
_07832_,3.76µm
_09151_,3.76µm
_09335_,3.76µm
_02243_,3.74µm
net2228,3.74µm
net2081,3.73µm
net2082,3.73µm
net2083,3.73µm
net2084,3.73µm
net2085,3.73µm
net2087,3.73µm
net2088,3.73µm
net,3.73µm
_00597_,3.7µm
_00084_,3.685µm
_00717_,3.685µm
net2250,3.685µm
_01579_,3.68µm
_02675_,3.68µm
_03035_,3.68µm
_03135_,3.68µm
_03218_,3.68µm
_03491_,3.68µm
_03568_,3.68µm
_03577_,3.68µm
_03832_,3.68µm
_03906_,3.68µm
_04624_,3.68µm
_04857_,3.68µm
_05301_,3.68µm
_06547_,3.68µm
_06930_,3.68µm
_07189_,3.68µm
_07812_,3.68µm
_08684_,3.68µm
_00039_,3.66µm
_00172_,3.66µm
_00242_,3.66µm
_00325_,3.66µm
_00677_,3.66µm
_00680_,3.66µm
_00749_,3.66µm
_00763_,3.66µm
_02096_,3.66µm
_02447_,3.66µm
_04032_,3.66µm
_04039_,3.66µm
_04345_,3.66µm
_05023_,3.66µm
_06061_,3.66µm
_07187_,3.66µm
_07244_,3.66µm
_09261_,3.66µm
net1452,3.66µm
net2334,3.66µm
_05586_,3.65µm
_00409_,3.64µm
_00422_,3.64µm
_00586_,3.64µm
_00587_,3.64µm
_01158_,3.64µm
_02359_,3.64µm
_02542_,3.64µm
_03360_,3.64µm
_03780_,3.64µm
_04373_,3.64µm
_04635_,3.64µm
_06370_,3.64µm
_06678_,3.64µm
_06806_,3.64µm
_07239_,3.64µm
_08741_,3.64µm
_09110_,3.64µm
_05553_,3.625µm
_08672_,3.625µm
_00446_,3.605µm
_00638_,3.595µm
_01953_,3.59µm
_00370_,3.585µm
_00454_,3.585µm
net2090,3.58µm
net2091,3.58µm
net2089,3.58µm
_07422_,3.565µm
_00635_,3.56µm
_02537_,3.56µm
_04755_,3.56µm
_05247_,3.56µm
_05740_,3.56µm
_06528_,3.56µm
_06904_,3.56µm
_07019_,3.56µm
_07124_,3.56µm
_07199_,3.56µm
_07275_,3.56µm
_07286_,3.56µm
_07466_,3.56µm
_08415_,3.56µm
_07464_,3.55µm
_02552_,3.545µm
_00096_,3.54µm
_00101_,3.54µm
_00102_,3.54µm
_00103_,3.54µm
_00161_,3.54µm
_00186_,3.54µm
_00350_,3.54µm
_00352_,3.54µm
_00356_,3.54µm
_00359_,3.54µm
_00600_,3.54µm
_00731_,3.54µm
_00742_,3.54µm
_00752_,3.54µm
_00833_,3.54µm
_01396_,3.54µm
_02032_,3.54µm
_02068_,3.54µm
_02253_,3.54µm
_02260_,3.54µm
_02449_,3.54µm
_02829_,3.54µm
_02861_,3.54µm
_02894_,3.54µm
_03010_,3.54µm
_03882_,3.54µm
_03937_,3.54µm
_04044_,3.54µm
_04049_,3.54µm
_04291_,3.54µm
_04440_,3.54µm
_05041_,3.54µm
_05117_,3.54µm
_05415_,3.54µm
_05474_,3.54µm
_05532_,3.54µm
_05742_,3.54µm
_06029_,3.54µm
_06225_,3.54µm
_06347_,3.54µm
_06457_,3.54µm
_06498_,3.54µm
_06534_,3.54µm
_07333_,3.54µm
_08352_,3.54µm
_08355_,3.54µm
_08529_,3.54µm
_09016_,3.54µm
_09163_,3.54µm
_09329_,3.54µm
ciphertext_wire\[0\],3.54µm
ciphertext_wire\[101\],3.54µm
ciphertext_wire\[117\],3.54µm
ciphertext_wire\[44\],3.54µm
ciphertext_wire\[60\],3.54µm
ciphertext_wire\[62\],3.54µm
ciphertext_wire\[86\],3.54µm
_00518_,3.52µm
_00918_,3.52µm
_01144_,3.52µm
_02772_,3.52µm
_05477_,3.52µm
_05620_,3.52µm
_05628_,3.52µm
_07110_,3.52µm
_07447_,3.52µm
_08638_,3.52µm
net2309,3.52µm
_04005_,3.45µm
_00138_,3.445µm
_01015_,3.44µm
_01099_,3.44µm
_01109_,3.44µm
_01112_,3.44µm
_01113_,3.44µm
_01121_,3.44µm
_01123_,3.44µm
_01132_,3.44µm
_01139_,3.44µm
_01186_,3.44µm
_02230_,3.44µm
_03030_,3.44µm
_04961_,3.44µm
_05777_,3.44µm
_06888_,3.44µm
_07836_,3.44µm
_07902_,3.44µm
_08812_,3.44µm
_03341_,3.425µm
_00797_,3.42µm
_00910_,3.42µm
_00975_,3.42µm
_01075_,3.42µm
_01134_,3.42µm
_01423_,3.42µm
_01451_,3.42µm
_01530_,3.42µm
_01697_,3.42µm
_01906_,3.42µm
_02195_,3.42µm
_02225_,3.42µm
_02328_,3.42µm
_02397_,3.42µm
_02423_,3.42µm
_02586_,3.42µm
_02598_,3.42µm
_02668_,3.42µm
_02857_,3.42µm
_02877_,3.42µm
_02900_,3.42µm
_03107_,3.42µm
_03180_,3.42µm
_03504_,3.42µm
_03826_,3.42µm
_04037_,3.42µm
_04566_,3.42µm
_04628_,3.42µm
_04907_,3.42µm
_05025_,3.42µm
_05541_,3.42µm
_05582_,3.42µm
_05644_,3.42µm
_05869_,3.42µm
_05898_,3.42µm
_06366_,3.42µm
_06517_,3.42µm
_06564_,3.42µm
_06721_,3.42µm
_06747_,3.42µm
_06799_,3.42µm
_06943_,3.42µm
_06998_,3.42µm
_07113_,3.42µm
_07188_,3.42µm
_07224_,3.42µm
_07378_,3.42µm
_07474_,3.42µm
_08089_,3.42µm
_08201_,3.42µm
_08284_,3.42µm
_08337_,3.42µm
_08400_,3.42µm
_08519_,3.42µm
_08710_,3.42µm
_08789_,3.42µm
_08887_,3.42µm
_09104_,3.42µm
ciphertext_wire\[53\],3.42µm
u_aes128_baseline.u_aes_core.state_reg\[39\],3.42µm
net2239,3.42µm
_06895_,3.415µm
_03487_,3.4µm
_09285_,3.4µm
_00913_,3.385µm
_06761_,3.35µm
_08577_,3.33µm
_00252_,3.32µm
_01841_,3.32µm
_02228_,3.32µm
_02266_,3.32µm
_05075_,3.32µm
_07166_,3.32µm
_07420_,3.32µm
_07510_,3.32µm
_07660_,3.32µm
_08947_,3.32µm
_06893_,3.315µm
_02863_,3.31µm
_03976_,3.31µm
_03447_,3.305µm
_08605_,3.305µm
_00453_,3.3µm
_00494_,3.3µm
_00527_,3.3µm
_01019_,3.3µm
_01199_,3.3µm
_01406_,3.3µm
_02162_,3.3µm
_02377_,3.3µm
_02468_,3.3µm
_02773_,3.3µm
_03014_,3.3µm
_03493_,3.3µm
_04130_,3.3µm
_04638_,3.3µm
_05233_,3.3µm
_05244_,3.3µm
_06234_,3.3µm
_06503_,3.3µm
_06654_,3.3µm
_06780_,3.3µm
_07292_,3.3µm
_07340_,3.3µm
_07373_,3.3µm
_07407_,3.3µm
_07838_,3.3µm
_07987_,3.3µm
_08191_,3.3µm
_08193_,3.3µm
_08241_,3.3µm
_08344_,3.3µm
_08353_,3.3µm
_08623_,3.3µm
_00141_,3.295µm
_03381_,3.295µm
_02387_,3.27µm
_05258_,3.23µm
_00593_,3.225µm
_01166_,3.22µm
_01948_,3.22µm
_02431_,3.22µm
_02504_,3.22µm
_03228_,3.22µm
_04181_,3.22µm
_04183_,3.22µm
_04234_,3.22µm
_04396_,3.22µm
_04608_,3.22µm
_04629_,3.22µm
_04634_,3.22µm
_04744_,3.22µm
_04809_,3.22µm
_05092_,3.22µm
_05367_,3.22µm
_05722_,3.22µm
_05938_,3.22µm
_07499_,3.22µm
_07568_,3.22µm
_07592_,3.22µm
_07622_,3.22µm
_07692_,3.22µm
_07696_,3.22µm
_08237_,3.22µm
_08633_,3.22µm
net2216,3.22µm
_08982_,3.215µm
_00058_,3.2µm
_00075_,3.2µm
_00150_,3.2µm
_00164_,3.2µm
_00190_,3.2µm
_00314_,3.2µm
_00332_,3.2µm
_00682_,3.2µm
_00688_,3.2µm
_00691_,3.2µm
_00695_,3.2µm
_00711_,3.2µm
_00735_,3.2µm
_00738_,3.2µm
_00751_,3.2µm
_00761_,3.2µm
_00770_,3.2µm
_02402_,3.2µm
_02567_,3.2µm
_02690_,3.2µm
_04040_,3.2µm
_05040_,3.2µm
_05574_,3.2µm
_05591_,3.2µm
_06501_,3.2µm
_07193_,3.2µm
net2283,3.2µm
net2329,3.2µm
_00100_,3.18µm
_00433_,3.18µm
_00467_,3.18µm
_00558_,3.18µm
_00599_,3.18µm
_00631_,3.18µm
_00723_,3.18µm
_00782_,3.18µm
_00985_,3.18µm
_03029_,3.18µm
_03966_,3.18µm
_04870_,3.18µm
_04938_,3.18µm
_07012_,3.18µm
_07204_,3.18µm
_08010_,3.18µm
_08621_,3.18µm
_08738_,3.18µm
_08750_,3.18µm
_09105_,3.18µm
_09147_,3.18µm
u_aes128_baseline.u_aes_core.state_reg\[75\],3.18µm
_02183_,3.16µm
_00500_,3.145µm
_04394_,3.135µm
_07185_,3.12µm
_00481_,3.115µm
_00519_,3.115µm
_00532_,3.115µm
_00634_,3.115µm
_00360_,3.1µm
_00476_,3.1µm
_00482_,3.1µm
_00531_,3.1µm
_00569_,3.1µm
_00624_,3.1µm
_01074_,3.1µm
_01093_,3.1µm
_01173_,3.1µm
_01184_,3.1µm
_01206_,3.1µm
_01785_,3.1µm
_01860_,3.1µm
_02422_,3.1µm
_02559_,3.1µm
_03656_,3.1µm
_03857_,3.1µm
_03905_,3.1µm
_04460_,3.1µm
_04639_,3.1µm
_04718_,3.1µm
_05243_,3.1µm
_05274_,3.1µm
_05479_,3.1µm
_05500_,3.1µm
_05639_,3.1µm
_05780_,3.1µm
_06482_,3.1µm
_06851_,3.1µm
_07331_,3.1µm
_07338_,3.1µm
_07673_,3.1µm
_08115_,3.1µm
_08299_,3.1µm
_08740_,3.1µm
_08979_,3.1µm
_09044_,3.1µm
_08695_,3.085µm
_00034_,3.08µm
_00036_,3.08µm
_00071_,3.08µm
_00099_,3.08µm
_00128_,3.08µm
_00218_,3.08µm
_00267_,3.08µm
_00373_,3.08µm
_00378_,3.08µm
_00388_,3.08µm
_00413_,3.08µm
_00420_,3.08µm
_00431_,3.08µm
_00434_,3.08µm
_00590_,3.08µm
_00604_,3.08µm
_00608_,3.08µm
_00615_,3.08µm
_00690_,3.08µm
_00700_,3.08µm
_00720_,3.08µm
_00736_,3.08µm
_00786_,3.08µm
_00846_,3.08µm
_01708_,3.08µm
_01784_,3.08µm
_02174_,3.08µm
_02415_,3.08µm
_02718_,3.08µm
_02786_,3.08µm
_02887_,3.08µm
_03033_,3.08µm
_03088_,3.08µm
_03097_,3.08µm
_03127_,3.08µm
_03466_,3.08µm
_04141_,3.08µm
_04264_,3.08µm
_04388_,3.08µm
_05021_,3.08µm
_05216_,3.08µm
_05472_,3.08µm
_05636_,3.08µm
_05670_,3.08µm
_05726_,3.08µm
_05815_,3.08µm
_05826_,3.08µm
_05932_,3.08µm
_06077_,3.08µm
_06532_,3.08µm
_06614_,3.08µm
_06668_,3.08µm
_06813_,3.08µm
_07044_,3.08µm
_07119_,3.08µm
_07247_,3.08µm
_07951_,3.08µm
_07969_,3.08µm
_08153_,3.08µm
_08624_,3.08µm
_08760_,3.08µm
_08884_,3.08µm
_08902_,3.08µm
_08967_,3.08µm
ciphertext_wire\[126\],3.08µm
ciphertext_wire\[22\],3.08µm
ciphertext_wire\[45\],3.08µm
ciphertext_wire\[99\],3.08µm
ciphertext_wire\[9\],3.08µm
_01400_,3.06µm
_02440_,3.06µm
_03197_,3.06µm
_04425_,3.06µm
_05538_,3.06µm
_06648_,3.06µm
_06848_,3.06µm
_06995_,3.06µm
_07121_,3.06µm
_08391_,3.06µm
_05236_,3.025µm
_00984_,2.995µm
_00406_,2.985µm
_00253_,2.98µm
_00900_,2.98µm
_01540_,2.98µm
_01851_,2.98µm
_02083_,2.98µm
_02732_,2.98µm
_03388_,2.98µm
_05563_,2.98µm
_07719_,2.98µm
_08207_,2.98µm
_08797_,2.98µm
_08765_,2.97µm
_01595_,2.965µm
_08932_,2.965µm
_00936_,2.96µm
_01695_,2.96µm
_01710_,2.96µm
_02198_,2.96µm
_02304_,2.96µm
_02364_,2.96µm
_02532_,2.96µm
_02628_,2.96µm
_02692_,2.96µm
_02991_,2.96µm
_03039_,2.96µm
_03132_,2.96µm
_03622_,2.96µm
_03658_,2.96µm
_03748_,2.96µm
_03947_,2.96µm
_04080_,2.96µm
_04244_,2.96µm
_04462_,2.96µm
_05195_,2.96µm
_05227_,2.96µm
_05326_,2.96µm
_05349_,2.96µm
_05387_,2.96µm
_05475_,2.96µm
_05611_,2.96µm
_05664_,2.96µm
_05835_,2.96µm
_05852_,2.96µm
_05870_,2.96µm
_05923_,2.96µm
_06638_,2.96µm
_06685_,2.96µm
_06849_,2.96µm
_07052_,2.96µm
_07176_,2.96µm
_07219_,2.96µm
_07259_,2.96µm
_07367_,2.96µm
_07392_,2.96µm
_07495_,2.96µm
_07597_,2.96µm
_07781_,2.96µm
_07867_,2.96µm
_08362_,2.96µm
_08441_,2.96µm
_08816_,2.96µm
_08851_,2.96µm
_09148_,2.96µm
ciphertext_wire\[102\],2.96µm
net941,2.96µm
net2201,2.96µm
net2206,2.96µm
_05354_,2.95µm
_00760_,2.925µm
net2086,2.9µm
_01439_,2.865µm
_02395_,2.86µm
_03837_,2.86µm
_04172_,2.86µm
_05412_,2.86µm
_05576_,2.86µm
_06966_,2.86µm
_07342_,2.86µm
_07453_,2.86µm
_03592_,2.85µm
_08655_,2.85µm
_00068_,2.84µm
_00080_,2.84µm
_00160_,2.84µm
_00386_,2.84µm
_00472_,2.84µm
_00496_,2.84µm
_00636_,2.84µm
_00706_,2.84µm
_00725_,2.84µm
_00948_,2.84µm
_01064_,2.84µm
_03158_,2.84µm
_03229_,2.84µm
_03564_,2.84µm
_03593_,2.84µm
_03859_,2.84µm
_03878_,2.84µm
_04315_,2.84µm
_04447_,2.84µm
_04619_,2.84µm
_05043_,2.84µm
_05643_,2.84µm
_05844_,2.84µm
_05892_,2.84µm
_06089_,2.84µm
_06526_,2.84µm
_06807_,2.84µm
_06838_,2.84µm
_06947_,2.84µm
_07006_,2.84µm
_07169_,2.84µm
_07531_,2.84µm
_08325_,2.84µm
_08968_,2.84µm
_09301_,2.84µm
_09307_,2.84µm
_08046_,2.82µm
_00097_,2.765µm
_00418_,2.765µm
_00795_,2.765µm
_00800_,2.76µm
_00871_,2.76µm
_01096_,2.76µm
_01545_,2.76µm
_02400_,2.76µm
_02713_,2.76µm
_02934_,2.76µm
_03055_,2.76µm
_03166_,2.76µm
_03199_,2.76µm
_03590_,2.76µm
_03595_,2.76µm
_03924_,2.76µm
_04211_,2.76µm
_04305_,2.76µm
_04444_,2.76µm
_05314_,2.76µm
_05615_,2.76µm
_05809_,2.76µm
_05987_,2.76µm
_06002_,2.76µm
_06035_,2.76µm
_07093_,2.76µm
_07105_,2.76µm
_07170_,2.76µm
_07308_,2.76µm
_07515_,2.76µm
_07564_,2.76µm
_07572_,2.76µm
_07618_,2.76µm
_07940_,2.76µm
_08102_,2.76µm
_08725_,2.76µm
_08781_,2.76µm
_08806_,2.76µm
_08882_,2.76µm
_08934_,2.76µm
_09041_,2.76µm
_09074_,2.76µm
_09193_,2.76µm
net2301,2.76µm
_01825_,2.75µm
_04363_,2.75µm
_00029_,2.74µm
_00031_,2.74µm
_00162_,2.74µm
_00196_,2.74µm
_00236_,2.74µm
_00349_,2.74µm
_00698_,2.74µm
_02631_,2.74µm
_03395_,2.74µm
_03785_,2.74µm
_03847_,2.74µm
_03892_,2.74µm
_03963_,2.74µm
_03987_,2.74µm
_04465_,2.74µm
_04808_,2.74µm
_05681_,2.74µm
_06612_,2.74µm
_07136_,2.74µm
_07428_,2.74µm
_07594_,2.74µm
_07703_,2.74µm
_08206_,2.74µm
_08571_,2.74µm
_08690_,2.74µm
_09220_,2.74µm
_02899_,2.73µm
_05679_,2.73µm
_02360_,2.725µm
_00092_,2.72µm
_00394_,2.72µm
_00395_,2.72µm
_00417_,2.72µm
_00509_,2.72µm
_00516_,2.72µm
_00641_,2.72µm
_02441_,2.72µm
_02579_,2.72µm
_04254_,2.72µm
_04414_,2.72µm
_04484_,2.72µm
_04861_,2.72µm
_05305_,2.72µm
_05838_,2.72µm
_05867_,2.72µm
_06505_,2.72µm
_07532_,2.72µm
_09175_,2.72µm
_05727_,2.715µm
_05217_,2.705µm
_05856_,2.685µm
_00441_,2.675µm
_00601_,2.675µm
_01000_,2.675µm
_02708_,2.67µm
_00578_,2.665µm
_00503_,2.655µm
_01086_,2.65µm
_00212_,2.64µm
_00270_,2.64µm
_00276_,2.64µm
_00315_,2.64µm
_00387_,2.64µm
_00403_,2.64µm
_00425_,2.64µm
_00471_,2.64µm
_00474_,2.64µm
_00480_,2.64µm
_00510_,2.64µm
_00512_,2.64µm
_00517_,2.64µm
_00525_,2.64µm
_00526_,2.64µm
_00529_,2.64µm
_00533_,2.64µm
_00536_,2.64µm
_00598_,2.64µm
_00618_,2.64µm
_00623_,2.64µm
_00626_,2.64µm
_00646_,2.64µm
_01097_,2.64µm
_01135_,2.64µm
_01159_,2.64µm
_01168_,2.64µm
_01172_,2.64µm
_01177_,2.64µm
_02227_,2.64µm
_03211_,2.64µm
_04003_,2.64µm
_04257_,2.64µm
_04408_,2.64µm
_05309_,2.64µm
_05886_,2.64µm
_06246_,2.64µm
_07377_,2.64µm
_08264_,2.64µm
_08389_,2.64µm
_08668_,2.64µm
_08803_,2.64µm
_09011_,2.64µm
_09035_,2.64µm
_09078_,2.64µm
net2261,2.64µm
_00012_,2.62µm
_00056_,2.62µm
_00088_,2.62µm
_00130_,2.62µm
_00283_,2.62µm
_00322_,2.62µm
_00326_,2.62µm
_00338_,2.62µm
_00344_,2.62µm
_00415_,2.62µm
_00436_,2.62µm
_00502_,2.62µm
_00543_,2.62µm
_00566_,2.62µm
_00656_,2.62µm
_00712_,2.62µm
_00721_,2.62µm
_00732_,2.62µm
_00737_,2.62µm
_00743_,2.62µm
_00746_,2.62µm
_00775_,2.62µm
_01203_,2.62µm
_01405_,2.62µm
_01419_,2.62µm
_01944_,2.62µm
_01960_,2.62µm
_02163_,2.62µm
_02166_,2.62µm
_02499_,2.62µm
_02565_,2.62µm
_02589_,2.62µm
_02629_,2.62µm
_02654_,2.62µm
_02737_,2.62µm
_02805_,2.62µm
_03335_,2.62µm
_03361_,2.62µm
_03478_,2.62µm
_03560_,2.62µm
_03576_,2.62µm
_03862_,2.62µm
_03932_,2.62µm
_03946_,2.62µm
_04313_,2.62µm
_04323_,2.62µm
_04397_,2.62µm
_04461_,2.62µm
_04893_,2.62µm
_04951_,2.62µm
_05010_,2.62µm
_05050_,2.62µm
_05059_,2.62µm
_05139_,2.62µm
_05340_,2.62µm
_05484_,2.62µm
_05556_,2.62µm
_05598_,2.62µm
_05765_,2.62µm
_05978_,2.62µm
_06102_,2.62µm
_06555_,2.62µm
_06731_,2.62µm
_06881_,2.62µm
_07081_,2.62µm
_07099_,2.62µm
_07403_,2.62µm
_07557_,2.62µm
_07642_,2.62µm
_08083_,2.62µm
_08285_,2.62µm
_08359_,2.62µm
_08518_,2.62µm
_08682_,2.62µm
_08746_,2.62µm
_08800_,2.62µm
_08830_,2.62µm
_08842_,2.62µm
_09003_,2.62µm
ciphertext_wire\[11\],2.62µm
ciphertext_wire\[6\],2.62µm
u_aes128_baseline.u_aes_core.round_key_reg\[86\],2.62µm
net2293,2.62µm
net2302,2.62µm
_00447_,2.555µm
_00405_,2.54µm
_07280_,2.54µm
_00382_,2.525µm
_06692_,2.525µm
_02138_,2.52µm
_02217_,2.52µm
_02766_,2.52µm
_04403_,2.52µm
_04784_,2.52µm
_05269_,2.52µm
_05442_,2.52µm
_05559_,2.52µm
_06202_,2.52µm
_07122_,2.52µm
_06317_,2.51µm
_05373_,2.505µm
_00888_,2.5µm
_01071_,2.5µm
_01160_,2.5µm
_01577_,2.5µm
_01833_,2.5µm
_02106_,2.5µm
_02114_,2.5µm
_02128_,2.5µm
_02276_,2.5µm
_02311_,2.5µm
_02729_,2.5µm
_02752_,2.5µm
_02804_,2.5µm
_02888_,2.5µm
_02925_,2.5µm
_02942_,2.5µm
_02947_,2.5µm
_03049_,2.5µm
_03058_,2.5µm
_03092_,2.5µm
_03151_,2.5µm
_03326_,2.5µm
_03421_,2.5µm
_03445_,2.5µm
_03517_,2.5µm
_03840_,2.5µm
_03922_,2.5µm
_03938_,2.5µm
_03961_,2.5µm
_03969_,2.5µm
_04841_,2.5µm
_04856_,2.5µm
_04957_,2.5µm
_05036_,2.5µm
_05454_,2.5µm
_05499_,2.5µm
_05736_,2.5µm
_05953_,2.5µm
_06461_,2.5µm
_06600_,2.5µm
_06876_,2.5µm
_07058_,2.5µm
_07301_,2.5µm
_07802_,2.5µm
_07956_,2.5µm
_08077_,2.5µm
_08156_,2.5µm
_08182_,2.5µm
_08197_,2.5µm
_08292_,2.5µm
_08418_,2.5µm
_08749_,2.5µm
_08878_,2.5µm
_08894_,2.5µm
_09029_,2.5µm
_09050_,2.5µm
net2237,2.5µm
_00026_,2.495µm
_00426_,2.465µm
_01435_,2.4µm
_01585_,2.4µm
_02127_,2.4µm
_03066_,2.4µm
_04974_,2.4µm
_05720_,2.4µm
_06714_,2.4µm
_07393_,2.4µm
_08766_,2.4µm
_09014_,2.4µm
_08113_,2.39µm
_04136_,2.385µm
_00157_,2.38µm
_00170_,2.38µm
_00585_,2.38µm
_00653_,2.38µm
_00796_,2.38µm
_01514_,2.38µm
_02078_,2.38µm
_02168_,2.38µm
_03207_,2.38µm
_03786_,2.38µm
_03810_,2.38µm
_04010_,2.38µm
_04013_,2.38µm
_04860_,2.38µm
_05790_,2.38µm
_05864_,2.38µm
_06557_,2.38µm
_07039_,2.38µm
_07509_,2.38µm
_07541_,2.38µm
_07563_,2.38µm
_08255_,2.38µm
_08327_,2.38µm
_08511_,2.38µm
_09071_,2.38µm
_09099_,2.38µm
_09114_,2.38µm
_09118_,2.38µm
_09123_,2.38µm
_09141_,2.38µm
_09171_,2.38µm
_09172_,2.38µm
_09209_,2.38µm
_09255_,2.38µm
_06335_,2.375µm
_00628_,2.305µm
_00911_,2.3µm
_00945_,2.3µm
_01068_,2.3µm
_01085_,2.3µm
_01087_,2.3µm
_01176_,2.3µm
_01180_,2.3µm
_01359_,2.3µm
_01401_,2.3µm
_02074_,2.3µm
_02288_,2.3µm
_02366_,2.3µm
_02596_,2.3µm
_02735_,2.3µm
_02831_,2.3µm
_02950_,2.3µm
_03124_,2.3µm
_03819_,2.3µm
_03898_,2.3µm
_04158_,2.3µm
_04941_,2.3µm
_05361_,2.3µm
_05494_,2.3µm
_06492_,2.3µm
_06605_,2.3µm
_06687_,2.3µm
_06992_,2.3µm
_07182_,2.3µm
_07497_,2.3µm
_07878_,2.3µm
_08148_,2.3µm
_08517_,2.3µm
_08584_,2.3µm
_08649_,2.3µm
_08907_,2.3µm
_08962_,2.3µm
ciphertext_wire\[54\],2.3µm
_00004_,2.28µm
_00038_,2.28µm
_00064_,2.28µm
_00151_,2.28µm
_00173_,2.28µm
_00237_,2.28µm
_00239_,2.28µm
_00243_,2.28µm
_00258_,2.28µm
_00368_,2.28µm
_00701_,2.28µm
_00713_,2.28µm
_00747_,2.28µm
_00837_,2.28µm
_02130_,2.28µm
_02282_,2.28µm
_02584_,2.28µm
_02988_,2.28µm
_03454_,2.28µm
_05129_,2.28µm
_05346_,2.28µm
_05739_,2.28µm
_05791_,2.28µm
_07479_,2.28µm
_08510_,2.28µm
_09293_,2.28µm
_06213_,2.27µm
_05351_,2.255µm
_03801_,2.23µm
_05816_,2.22µm
_00437_,2.215µm
_00463_,2.215µm
_00974_,2.215µm
_00466_,2.205µm
_07242_,2.195µm
_04845_,2.19µm
_05382_,2.19µm
_04698_,2.185µm
_07205_,2.185µm
_00804_,2.18µm
_02113_,2.18µm
_02210_,2.18µm
_02642_,2.18µm
_03146_,2.18µm
_03323_,2.18µm
_03885_,2.18µm
_03895_,2.18µm
_04052_,2.18µm
_04177_,2.18µm
_05136_,2.18µm
_05183_,2.18µm
_05426_,2.18µm
_06079_,2.18µm
_06720_,2.18µm
_07096_,2.18µm
_07141_,2.18µm
_08313_,2.18µm
_08618_,2.18µm
_09349_,2.18µm
_01859_,2.165µm
_02903_,2.165µm
_03383_,2.165µm
_00018_,2.16µm
_00048_,2.16µm
_00057_,2.16µm
_00062_,2.16µm
_00089_,2.16µm
_00163_,2.16µm
_00171_,2.16µm
_00216_,2.16µm
_00220_,2.16µm
_00227_,2.16µm
_00321_,2.16µm
_00328_,2.16µm
_00343_,2.16µm
_00363_,2.16µm
_00486_,2.16µm
_00495_,2.16µm
_00507_,2.16µm
_00595_,2.16µm
_00620_,2.16µm
_00714_,2.16µm
_00715_,2.16µm
_00982_,2.16µm
_01416_,2.16µm
_01688_,2.16µm
_01820_,2.16µm
_02185_,2.16µm
_02189_,2.16µm
_02197_,2.16µm
_02371_,2.16µm
_02407_,2.16µm
_02662_,2.16µm
_02902_,2.16µm
_02936_,2.16µm
_02940_,2.16µm
_02945_,2.16µm
_02987_,2.16µm
_03086_,2.16µm
_03174_,2.16µm
_03333_,2.16µm
_03391_,2.16µm
_03714_,2.16µm
_03896_,2.16µm
_04224_,2.16µm
_04295_,2.16µm
_04319_,2.16µm
_04359_,2.16µm
_04405_,2.16µm
_04589_,2.16µm
_04827_,2.16µm
_04978_,2.16µm
_05149_,2.16µm
_05176_,2.16µm
_05203_,2.16µm
_05250_,2.16µm
_05370_,2.16µm
_05385_,2.16µm
_05393_,2.16µm
_05395_,2.16µm
_05689_,2.16µm
_05909_,2.16µm
_05958_,2.16µm
_06660_,2.16µm
_07073_,2.16µm
_07135_,2.16µm
_07183_,2.16µm
_07317_,2.16µm
_07709_,2.16µm
_07824_,2.16µm
_07992_,2.16µm
_08034_,2.16µm
_08272_,2.16µm
_08276_,2.16µm
_08537_,2.16µm
_08696_,2.16µm
_08834_,2.16µm
_08875_,2.16µm
_08916_,2.16µm
ciphertext_wire\[69\],2.16µm
ciphertext_wire\[95\],2.16µm
_02525_,2.155µm
_03685_,2.155µm
_01193_,2.07µm
_01642_,2.07µm
_05323_,2.07µm
_05064_,2.065µm
_05356_,2.065µm
_08421_,2.065µm
_08627_,2.06µm
_08701_,2.06µm
ciphertext_wire\[80\],2.06µm
ciphertext_wire\[96\],2.06µm
u_aes128_baseline.u_aes_core.state_reg\[50\],2.06µm
_07190_,2.045µm
_00491_,2.04µm
_00877_,2.04µm
_01594_,2.04µm
_01920_,2.04µm
_02153_,2.04µm
_02234_,2.04µm
_02879_,2.04µm
_02881_,2.04µm
_03005_,2.04µm
_03060_,2.04µm
_03069_,2.04µm
_03189_,2.04µm
_03290_,2.04µm
_03428_,2.04µm
_04016_,2.04µm
_04627_,2.04µm
_04987_,2.04µm
_05044_,2.04µm
_05376_,2.04µm
_05554_,2.04µm
_05724_,2.04µm
_05787_,2.04µm
_05916_,2.04µm
_05980_,2.04µm
_06273_,2.04µm
_06575_,2.04µm
_06711_,2.04µm
_06975_,2.04µm
_07250_,2.04µm
_07268_,2.04µm
_07404_,2.04µm
_07485_,2.04µm
_07519_,2.04µm
_07606_,2.04µm
_08176_,2.04µm
_08240_,2.04µm
_08279_,2.04µm
_08671_,2.04µm
_08728_,2.04µm
_08820_,2.04µm
_09079_,2.04µm
_09234_,2.04µm
ciphertext_wire\[38\],2.04µm
_00577_,2.035µm
_00069_,2.005µm
_00257_,2.005µm
_00505_,2.005µm
_00563_,2.005µm
_01737_,1.94µm
_03102_,1.94µm
_07414_,1.94µm
_08347_,1.94µm
_08423_,1.94µm
_09034_,1.94µm
net2212,1.94µm
_00269_,1.915µm
_00225_,1.845µm
_00272_,1.845µm
_00353_,1.845µm
_00001_,1.84µm
_00824_,1.84µm
_00916_,1.84µm
_02424_,1.84µm
_02802_,1.84µm
_03084_,1.84µm
_03118_,1.84µm
_03501_,1.84µm
_03805_,1.84µm
_03854_,1.84µm
_04286_,1.84µm
_04449_,1.84µm
_05410_,1.84µm
_05637_,1.84µm
_05920_,1.84µm
_06617_,1.84µm
_07948_,1.84µm
_07960_,1.84µm
_08346_,1.84µm
_08364_,1.84µm
_08496_,1.84µm
_08713_,1.84µm
_09040_,1.84µm
_09165_,1.84µm
net2281,1.84µm
_00015_,1.82µm
_00051_,1.82µm
_00054_,1.82µm
_00061_,1.82µm
_00073_,1.82µm
_00106_,1.82µm
_00111_,1.82µm
_00115_,1.82µm
_00148_,1.82µm
_00165_,1.82µm
_00182_,1.82µm
_00208_,1.82µm
_00309_,1.82µm
_00379_,1.82µm
_00684_,1.82µm
_00692_,1.82µm
_00716_,1.82µm
_00734_,1.82µm
_00757_,1.82µm
_01775_,1.82µm
_02256_,1.82µm
_02678_,1.82µm
_03200_,1.82µm
_03226_,1.82µm
_03619_,1.82µm
_03889_,1.82µm
_03972_,1.82µm
_04209_,1.82µm
_07210_,1.82µm
_07226_,1.82µm
_07254_,1.82µm
_07263_,1.82µm
_08093_,1.82µm
_08374_,1.82µm
_08707_,1.82µm
_01692_,1.725µm
_05168_,1.725µm
_01438_,1.72µm
_01691_,1.72µm
_02811_,1.72µm
_03340_,1.72µm
_03616_,1.72µm
_05278_,1.72µm
_07196_,1.72µm
u_aes128_baseline.u_aes_core.state_reg\[16\],1.72µm
_05239_,1.715µm
_04928_,1.705µm
_00065_,1.7µm
_00120_,1.7µm
_00167_,1.7µm
_00168_,1.7µm
_00396_,1.7µm
_00416_,1.7µm
_00465_,1.7µm
_00478_,1.7µm
_00729_,1.7µm
_00996_,1.7µm
_01535_,1.7µm
_01790_,1.7µm
_02277_,1.7µm
_02853_,1.7µm
_02905_,1.7µm
_03004_,1.7µm
_03050_,1.7µm
_03123_,1.7µm
_03334_,1.7µm
_03876_,1.7µm
_03973_,1.7µm
_04018_,1.7µm
_04352_,1.7µm
_05606_,1.7µm
_05708_,1.7µm
_05795_,1.7µm
_06014_,1.7µm
_06618_,1.7µm
_06920_,1.7µm
_06967_,1.7µm
_07017_,1.7µm
_07027_,1.7µm
_07386_,1.7µm
_07400_,1.7µm
_07554_,1.7µm
_07617_,1.7µm
_07907_,1.7µm
_08184_,1.7µm
_08199_,1.7µm
_08341_,1.7µm
_08631_,1.7µm
_08660_,1.7µm
_08839_,1.7µm
_08922_,1.7µm
_08995_,1.7µm
_09145_,1.7µm
ciphertext_wire\[111\],1.7µm
ciphertext_wire\[43\],1.7µm
u_aes128_baseline.u_aes_core.round_key_reg\[27\],1.7µm
_06874_,1.625µm
_01393_,1.6µm
_02254_,1.6µm
_02482_,1.6µm
_05377_,1.6µm
ciphertext_wire\[42\],1.6µm
u_aes128_baseline.u_aes_core.state_reg\[101\],1.6µm
_06172_,1.58µm
_00104_,1.545µm
_02251_,1.54µm
_01426_,1.48µm
_02451_,1.48µm
_02461_,1.48µm
_02793_,1.48µm
_07486_,1.48µm
_01918_,1.38µm
_02235_,1.38µm
_02611_,1.38µm
_02691_,1.38µm
_02932_,1.38µm
_03046_,1.38µm
_04038_,1.38µm
_04261_,1.38µm
_05120_,1.38µm
_05334_,1.38µm
_05372_,1.38µm
_05513_,1.38µm
_05534_,1.38µm
_05707_,1.38µm
_05947_,1.38µm
_06533_,1.38µm
_06739_,1.38µm
_07140_,1.38µm
_07302_,1.38µm
_08336_,1.38µm
_08481_,1.38µm
_08788_,1.38µm
_09056_,1.38µm
_00006_,1.36µm
_00060_,1.36µm
_00079_,1.36µm
_00133_,1.36µm
_00135_,1.36µm
_00159_,1.36µm
_00207_,1.36µm
_00279_,1.36µm
_00703_,1.36µm
_00705_,1.36µm
_00719_,1.36µm
_02420_,1.36µm
_02769_,1.36µm
_03555_,1.36µm
_03614_,1.36µm
_05060_,1.36µm
_06582_,1.36µm
_08669_,1.36µm
_01402_,1.295µm
_00553_,1.26µm
_00594_,1.26µm
_00650_,1.26µm
_02118_,1.26µm
_03788_,1.26µm
_04368_,1.26µm
_07927_,1.26µm
ciphertext_wire\[56\],1.26µm
u_aes128_baseline.u_aes_core.state_reg\[79\],1.26µm
u_aes128_baseline.u_aes_core.state_reg\[93\],1.26µm
_00246_,1.085µm
_00301_,1.085µm
_02249_,1.02µm
_04119_,1.02µm
_04637_,1.02µm
_06980_,1.02µm
_07016_,1.02µm
_07475_,1.02µm
_07520_,1.02µm
_01229_,0.92µm
_02338_,0.92µm
_02341_,0.92µm
_02369_,0.92µm
_02531_,0.92µm
_03012_,0.92µm
_03054_,0.92µm
_03319_,0.92µm
_04469_,0.92µm
_05123_,0.92µm
_05417_,0.92µm
_05646_,0.92µm
_05876_,0.92µm
_05922_,0.92µm
_05991_,0.92µm
_05998_,0.92µm
_06033_,0.92µm
_06305_,0.92µm
_06422_,0.92µm
_06682_,0.92µm
_06713_,0.92µm
_06796_,0.92µm
_06932_,0.92µm
_07026_,0.92µm
_07037_,0.92µm
_07230_,0.92µm
_07412_,0.92µm
_07523_,0.92µm
_07524_,0.92µm
_07598_,0.92µm
_07621_,0.92µm
_08170_,0.92µm
_08399_,0.92µm
_08837_,0.92µm
ciphertext_wire\[115\],0.92µm
ciphertext_wire\[118\],0.92µm
ciphertext_wire\[123\],0.92µm
ciphertext_wire\[29\],0.92µm
ciphertext_wire\[30\],0.92µm
ciphertext_wire\[33\],0.92µm
ciphertext_wire\[59\],0.92µm
ciphertext_wire\[63\],0.92µm
ciphertext_wire\[72\],0.92µm
ciphertext_wire\[74\],0.92µm
ciphertext_wire\[7\],0.92µm
net2246,0.92µm
_03561_,0.8µm
_07312_,0.8µm
_00890_,0.46µm
_00904_,0.46µm
_00924_,0.46µm
_00946_,0.46µm
_00978_,0.46µm
_01007_,0.46µm
_01550_,0.46µm
_01568_,0.46µm
_02154_,0.46µm
_02948_,0.46µm
_03490_,0.46µm
_03639_,0.46µm
_04336_,0.46µm
_05453_,0.46µm
_05732_,0.46µm
_06398_,0.46µm
_07042_,0.46µm
_07202_,0.46µm
_08007_,0.46µm
_08085_,0.46µm
_08503_,0.46µm
_08659_,0.46µm
_08855_,0.46µm
net2269,0.46µm
net2295,0.46µm
net2304,0.46µm
