Fitter report for aes128_baseline
Thu May 28 16:01:16 2026
Quartus Prime Version 18.1.0 Build 625 09/12/2018 SJ Lite Edition


---------------------
; Table of Contents ;
---------------------
  1. Legal Notice
  2. Fitter Summary
  3. Fitter Settings
  4. Parallel Compilation
  5. Ignored Assignments
  6. Incremental Compilation Preservation Summary
  7. Incremental Compilation Partition Settings
  8. Incremental Compilation Placement Preservation
  9. Pin-Out File
 10. Fitter Resource Usage Summary
 11. Fitter Partition Statistics
 12. Dual Purpose and Dedicated Pins
 13. I/O Bank Usage
 14. All Package Pins
 15. Fitter Resource Utilization by Entity
 16. Control Signals
 17. Global & Other Fast Signals
 18. Routing Usage Summary
 19. LAB Logic Elements
 20. LAB-wide Signals
 21. LAB Signals Sourced
 22. LAB Signals Sourced Out
 23. LAB Distinct Inputs
 24. Fitter Device Options
 25. Operating Settings and Conditions
 26. Estimated Delay Added for Hold Timing Summary
 27. Estimated Delay Added for Hold Timing Details
 28. Fitter Messages
 29. Fitter Suppressed Messages



----------------
; Legal Notice ;
----------------
Copyright (C) 2018  Intel Corporation. All rights reserved.
Your use of Intel Corporation's design tools, logic functions 
and other software and tools, and its AMPP partner logic 
functions, and any output files from any of the foregoing 
(including device programming or simulation files), and any 
associated documentation or information are expressly subject 
to the terms and conditions of the Intel Program License 
Subscription Agreement, the Intel Quartus Prime License Agreement,
the Intel FPGA IP License Agreement, or other applicable license
agreement, including, without limitation, that your use is for
the sole purpose of programming logic devices manufactured by
Intel and sold by Intel or its authorized distributors.  Please
refer to the applicable agreement for further details.



+----------------------------------------------------------------------------------+
; Fitter Summary                                                                   ;
+------------------------------------+---------------------------------------------+
; Fitter Status                      ; Successful - Wed May 27 14:37:17 2026       ;
; Quartus Prime Version              ; 18.1.0 Build 625 09/12/2018 SJ Lite Edition ;
; Revision Name                      ; aes128_baseline                             ;
; Top-level Entity Name              ; aes128_baseline                             ;
; Family                             ; MAX 10                                      ;
; Device                             ; 10M08DAF484C8G                              ;
; Timing Models                      ; Final                                       ;
; Total logic elements               ; 4,943 / 8,064 ( 61 % )                      ;
;     Total combinational functions  ; 4,942 / 8,064 ( 61 % )                      ;
;     Dedicated logic registers      ; 398 / 8,064 ( 5 % )                         ;
; Total registers                    ; 398                                         ;
; Total pins                         ; 0 / 250 ( 0 % )                             ;
; Total virtual pins                 ; 389                                         ;
; Total memory bits                  ; 0 / 387,072 ( 0 % )                         ;
; Embedded Multiplier 9-bit elements ; 0 / 48 ( 0 % )                              ;
; Total PLLs                         ; 0 / 2 ( 0 % )                               ;
; UFM blocks                         ; 0 / 1 ( 0 % )                               ;
; ADC blocks                         ; 0 / 1 ( 0 % )                               ;
+------------------------------------+---------------------------------------------+


+----------------------------------------------------------------------------------------------------------------------------------------------------+
; Fitter Settings                                                                                                                                    ;
+--------------------------------------------------------------------+---------------------------------------+---------------------------------------+
; Option                                                             ; Setting                               ; Default Value                         ;
+--------------------------------------------------------------------+---------------------------------------+---------------------------------------+
; Device                                                             ; 10M08DAF484C8G                        ;                                       ;
; Minimum Core Junction Temperature                                  ; 0                                     ;                                       ;
; Maximum Core Junction Temperature                                  ; 85                                    ;                                       ;
; Fit Attempts to Skip                                               ; 0                                     ; 0.0                                   ;
; Use smart compilation                                              ; Off                                   ; Off                                   ;
; Enable parallel Assembler and Timing Analyzer during compilation   ; On                                    ; On                                    ;
; Enable compact report table                                        ; Off                                   ; Off                                   ;
; Auto Merge PLLs                                                    ; On                                    ; On                                    ;
; Router Timing Optimization Level                                   ; Normal                                ; Normal                                ;
; Perform Clocking Topology Analysis During Routing                  ; Off                                   ; Off                                   ;
; Placement Effort Multiplier                                        ; 1.0                                   ; 1.0                                   ;
; Router Effort Multiplier                                           ; 1.0                                   ; 1.0                                   ;
; Optimize Hold Timing                                               ; All Paths                             ; All Paths                             ;
; Optimize Multi-Corner Timing                                       ; On                                    ; On                                    ;
; Power Optimization During Fitting                                  ; Normal compilation                    ; Normal compilation                    ;
; SSN Optimization                                                   ; Off                                   ; Off                                   ;
; Optimize Timing                                                    ; Normal compilation                    ; Normal compilation                    ;
; Optimize Timing for ECOs                                           ; Off                                   ; Off                                   ;
; Regenerate Full Fit Report During ECO Compiles                     ; Off                                   ; Off                                   ;
; Optimize IOC Register Placement for Timing                         ; Normal                                ; Normal                                ;
; Final Placement Optimizations                                      ; Automatically                         ; Automatically                         ;
; Fitter Initial Placement Seed                                      ; 1                                     ; 1                                     ;
; Periphery to Core Placement and Routing Optimization               ; Off                                   ; Off                                   ;
; PCI I/O                                                            ; Off                                   ; Off                                   ;
; Weak Pull-Up Resistor                                              ; Off                                   ; Off                                   ;
; Enable Bus-Hold Circuitry                                          ; Off                                   ; Off                                   ;
; Auto Packed Registers                                              ; Auto                                  ; Auto                                  ;
; Auto Delay Chains                                                  ; On                                    ; On                                    ;
; Auto Delay Chains for High Fanout Input Pins                       ; Off                                   ; Off                                   ;
; Allow Single-ended Buffer for Differential-XSTL Input              ; Off                                   ; Off                                   ;
; Treat Bidirectional Pin as Output Pin                              ; Off                                   ; Off                                   ;
; Perform Physical Synthesis for Combinational Logic for Fitting     ; Off                                   ; Off                                   ;
; Perform Physical Synthesis for Combinational Logic for Performance ; Off                                   ; Off                                   ;
; Perform Register Duplication for Performance                       ; Off                                   ; Off                                   ;
; Perform Logic to Memory Mapping for Fitting                        ; Off                                   ; Off                                   ;
; Perform Register Retiming for Performance                          ; Off                                   ; Off                                   ;
; Perform Asynchronous Signal Pipelining                             ; Off                                   ; Off                                   ;
; Fitter Effort                                                      ; Auto Fit                              ; Auto Fit                              ;
; Physical Synthesis Effort Level                                    ; Normal                                ; Normal                                ;
; Logic Cell Insertion - Logic Duplication                           ; Auto                                  ; Auto                                  ;
; Auto Register Duplication                                          ; Auto                                  ; Auto                                  ;
; Auto Global Clock                                                  ; On                                    ; On                                    ;
; Auto Global Register Control Signals                               ; On                                    ; On                                    ;
; Reserve all unused pins                                            ; As input tri-stated with weak pull-up ; As input tri-stated with weak pull-up ;
; Synchronizer Identification                                        ; Auto                                  ; Auto                                  ;
; Enable Beneficial Skew Optimization                                ; On                                    ; On                                    ;
; Optimize Design for Metastability                                  ; On                                    ; On                                    ;
; Force Fitter to Avoid Periphery Placement Warnings                 ; Off                                   ; Off                                   ;
; Enable input tri-state on active configuration pins in user mode   ; Off                                   ; Off                                   ;
+--------------------------------------------------------------------+---------------------------------------+---------------------------------------+


+------------------------------------------+
; Parallel Compilation                     ;
+----------------------------+-------------+
; Processors                 ; Number      ;
+----------------------------+-------------+
; Number detected on machine ; 16          ;
; Maximum allowed            ; 8           ;
;                            ;             ;
; Average used               ; 1.85        ;
; Maximum used               ; 8           ;
;                            ;             ;
; Usage by Processor         ; % Time Used ;
;     Processor 1            ; 100.0%      ;
;     Processor 2            ;  13.0%      ;
;     Processor 3            ;  12.3%      ;
;     Processor 4            ;  12.2%      ;
;     Processor 5            ;  12.1%      ;
;     Processor 6            ;  12.0%      ;
;     Processor 7            ;  11.9%      ;
;     Processor 8            ;  11.9%      ;
+----------------------------+-------------+


+-----------------------------------------------------------------------------------------------------+
; Ignored Assignments                                                                                 ;
+-------------+-----------------+--------------+---------------------+---------------+----------------+
; Name        ; Ignored Entity  ; Ignored From ; Ignored To          ; Ignored Value ; Ignored Source ;
+-------------+-----------------+--------------+---------------------+---------------+----------------+
; Virtual Pin ; aes128_baseline ;              ; aes_core:u_aes_core ; ON            ; QSF Assignment ;
+-------------+-----------------+--------------+---------------------+---------------+----------------+


+---------------------------------------------------------------------------------------------------+
; Incremental Compilation Preservation Summary                                                      ;
+---------------------+---------------------+----------------------------+--------------------------+
; Type                ; Total [A + B]       ; From Design Partitions [A] ; From Rapid Recompile [B] ;
+---------------------+---------------------+----------------------------+--------------------------+
; Placement (by node) ;                     ;                            ;                          ;
;     -- Requested    ; 0.00 % ( 0 / 5749 ) ; 0.00 % ( 0 / 5749 )        ; 0.00 % ( 0 / 5749 )      ;
;     -- Achieved     ; 0.00 % ( 0 / 5749 ) ; 0.00 % ( 0 / 5749 )        ; 0.00 % ( 0 / 5749 )      ;
;                     ;                     ;                            ;                          ;
; Routing (by net)    ;                     ;                            ;                          ;
;     -- Requested    ; 0.00 % ( 0 / 0 )    ; 0.00 % ( 0 / 0 )           ; 0.00 % ( 0 / 0 )         ;
;     -- Achieved     ; 0.00 % ( 0 / 0 )    ; 0.00 % ( 0 / 0 )           ; 0.00 % ( 0 / 0 )         ;
+---------------------+---------------------+----------------------------+--------------------------+


+----------------------------------------------------------------------------------------------------------------------------------------------------------------------------------------+
; Incremental Compilation Partition Settings                                                                                                                                             ;
+--------------------------------+----------------+-------------------+-------------------------+------------------------+------------------------------+--------------------------------+
; Partition Name                 ; Partition Type ; Netlist Type Used ; Preservation Level Used ; Netlist Type Requested ; Preservation Level Requested ; Contents                       ;
+--------------------------------+----------------+-------------------+-------------------------+------------------------+------------------------------+--------------------------------+
; Top                            ; User-created   ; Source File       ; N/A                     ; Source File            ; N/A                          ;                                ;
; hard_block:auto_generated_inst ; Auto-generated ; Source File       ; N/A                     ; Source File            ; N/A                          ; hard_block:auto_generated_inst ;
+--------------------------------+----------------+-------------------+-------------------------+------------------------+------------------------------+--------------------------------+


+------------------------------------------------------------------------------------------------------------------------------------+
; Incremental Compilation Placement Preservation                                                                                     ;
+--------------------------------+-----------------------+-------------------------+-------------------+---------------------+-------+
; Partition Name                 ; Preservation Achieved ; Preservation Level Used ; Netlist Type Used ; Preservation Method ; Notes ;
+--------------------------------+-----------------------+-------------------------+-------------------+---------------------+-------+
; Top                            ; 0.00 % ( 0 / 5733 )   ; N/A                     ; Source File       ; N/A                 ;       ;
; hard_block:auto_generated_inst ; 0.00 % ( 0 / 16 )     ; N/A                     ; Source File       ; N/A                 ;       ;
+--------------------------------+-----------------------+-------------------------+-------------------+---------------------+-------+


+--------------+
; Pin-Out File ;
+--------------+
The pin-out file can be found in C:/Users/User/OneDrive - Monash University/Desktop/Studies/Monash Year 3/ECE4063 - Integrated Circuit Design/Project/quartus/baseline/output_files/aes128_baseline.pin.


+----------------------------------------------------------------------+
; Fitter Resource Usage Summary                                        ;
+---------------------------------------------+------------------------+
; Resource                                    ; Usage                  ;
+---------------------------------------------+------------------------+
; Total logic elements                        ; 4,943 / 8,064 ( 61 % ) ;
;     -- Combinational with no register       ; 4545                   ;
;     -- Register only                        ; 1                      ;
;     -- Combinational with a register        ; 397                    ;
;                                             ;                        ;
; Logic element usage by number of LUT inputs ;                        ;
;     -- 4 input functions                    ; 4722                   ;
;     -- 3 input functions                    ; 163                    ;
;     -- <=2 input functions                  ; 57                     ;
;     -- Register only                        ; 1                      ;
;                                             ;                        ;
; Logic elements by mode                      ;                        ;
;     -- normal mode                          ; 4942                   ;
;     -- arithmetic mode                      ; 0                      ;
;                                             ;                        ;
; Total registers*                            ; 398 / 9,287 ( 4 % )    ;
;     -- Dedicated logic registers            ; 398 / 8,064 ( 5 % )    ;
;     -- I/O registers                        ; 0 / 1,223 ( 0 % )      ;
;                                             ;                        ;
; Total LABs:  partially or completely used   ; 409 / 504 ( 81 % )     ;
; Virtual pins                                ; 389                    ;
; I/O pins                                    ; 0 / 250 ( 0 % )        ;
;     -- Clock pins                           ; 0 / 4 ( 0 % )          ;
;     -- Dedicated input pins                 ; 1 / 1 ( 100 % )        ;
;                                             ;                        ;
; M9Ks                                        ; 0 / 42 ( 0 % )         ;
; UFM blocks                                  ; 0 / 1 ( 0 % )          ;
; ADC blocks                                  ; 0 / 1 ( 0 % )          ;
; Total block memory bits                     ; 0 / 387,072 ( 0 % )    ;
; Total block memory implementation bits      ; 0 / 387,072 ( 0 % )    ;
; Embedded Multiplier 9-bit elements          ; 0 / 48 ( 0 % )         ;
; PLLs                                        ; 0 / 2 ( 0 % )          ;
; Global signals                              ; 2                      ;
;     -- Global clocks                        ; 2 / 10 ( 20 % )        ;
; JTAGs                                       ; 0 / 1 ( 0 % )          ;
; CRC blocks                                  ; 0 / 1 ( 0 % )          ;
; Remote update blocks                        ; 0 / 1 ( 0 % )          ;
; Oscillator blocks                           ; 0 / 1 ( 0 % )          ;
; Average interconnect usage (total/H/V)      ; 13.4% / 10.5% / 17.4%  ;
; Peak interconnect usage (total/H/V)         ; 25.3% / 19.2% / 33.7%  ;
; Maximum fan-out                             ; 398                    ;
; Highest non-global fan-out                  ; 268                    ;
; Total fan-out                               ; 21223                  ;
; Average fan-out                             ; 3.69                   ;
+---------------------------------------------+------------------------+
*  Register count does not include registers inside RAM blocks or DSP blocks.



+-----------------------------------------------------------------------------------------------------+
; Fitter Partition Statistics                                                                         ;
+---------------------------------------------+----------------------+--------------------------------+
; Statistic                                   ; Top                  ; hard_block:auto_generated_inst ;
+---------------------------------------------+----------------------+--------------------------------+
; Difficulty Clustering Region                ; Low                  ; Low                            ;
;                                             ;                      ;                                ;
; Total logic elements                        ; 4943 / 8064 ( 61 % ) ; 0 / 8064 ( 0 % )               ;
;     -- Combinational with no register       ; 4545                 ; 0                              ;
;     -- Register only                        ; 1                    ; 0                              ;
;     -- Combinational with a register        ; 397                  ; 0                              ;
;                                             ;                      ;                                ;
; Logic element usage by number of LUT inputs ;                      ;                                ;
;     -- 4 input functions                    ; 4722                 ; 0                              ;
;     -- 3 input functions                    ; 163                  ; 0                              ;
;     -- <=2 input functions                  ; 57                   ; 0                              ;
;     -- Register only                        ; 1                    ; 0                              ;
;                                             ;                      ;                                ;
; Logic elements by mode                      ;                      ;                                ;
;     -- normal mode                          ; 4942                 ; 0                              ;
;     -- arithmetic mode                      ; 0                    ; 0                              ;
;                                             ;                      ;                                ;
; Total registers                             ; 398                  ; 0                              ;
;     -- Dedicated logic registers            ; 398 / 8064 ( 5 % )   ; 0 / 8064 ( 0 % )               ;
;     -- I/O registers                        ; 0                    ; 0                              ;
;                                             ;                      ;                                ;
; Total LABs:  partially or completely used   ; 314 / 504 ( 62 % )   ; 0 / 504 ( 0 % )                ;
;                                             ;                      ;                                ;
; Virtual pins                                ; 389                  ; 0                              ;
; I/O pins                                    ; 0                    ; 0                              ;
; Embedded Multiplier 9-bit elements          ; 0 / 48 ( 0 % )       ; 0 / 48 ( 0 % )                 ;
; Total memory bits                           ; 0                    ; 0                              ;
; Total RAM block bits                        ; 0                    ; 0                              ;
; Clock control block                         ; 2 / 12 ( 16 % )      ; 0 / 12 ( 0 % )                 ;
; User Flash Memory                           ; 1 / 1 ( 100 % )      ; 0 / 1 ( 0 % )                  ;
; Analog-to-Digital Converter                 ; 1 / 1 ( 100 % )      ; 0 / 1 ( 0 % )                  ;
;                                             ;                      ;                                ;
; Connections                                 ;                      ;                                ;
;     -- Input Connections                    ; 0                    ; 0                              ;
;     -- Registered Input Connections         ; 0                    ; 0                              ;
;     -- Output Connections                   ; 0                    ; 0                              ;
;     -- Registered Output Connections        ; 0                    ; 0                              ;
;                                             ;                      ;                                ;
; Internal Connections                        ;                      ;                                ;
;     -- Total Connections                    ; 21223                ; 8                              ;
;     -- Registered Connections               ; 13199                ; 0                              ;
;                                             ;                      ;                                ;
; External Connections                        ;                      ;                                ;
;     -- Top                                  ; 0                    ; 0                              ;
;     -- hard_block:auto_generated_inst       ; 0                    ; 0                              ;
;                                             ;                      ;                                ;
; Partition Interface                         ;                      ;                                ;
;     -- Input Ports                          ; 259                  ; 0                              ;
;     -- Output Ports                         ; 130                  ; 0                              ;
;     -- Bidir Ports                          ; 0                    ; 0                              ;
;                                             ;                      ;                                ;
; Registered Ports                            ;                      ;                                ;
;     -- Registered Input Ports               ; 0                    ; 0                              ;
;     -- Registered Output Ports              ; 0                    ; 0                              ;
;                                             ;                      ;                                ;
; Port Connectivity                           ;                      ;                                ;
;     -- Input Ports driven by GND            ; 0                    ; 0                              ;
;     -- Output Ports driven by GND           ; 0                    ; 0                              ;
;     -- Input Ports driven by VCC            ; 0                    ; 0                              ;
;     -- Output Ports driven by VCC           ; 0                    ; 0                              ;
;     -- Input Ports with no Source           ; 0                    ; 0                              ;
;     -- Output Ports with no Source          ; 0                    ; 0                              ;
;     -- Input Ports with no Fanout           ; 0                    ; 0                              ;
;     -- Output Ports with no Fanout          ; 0                    ; 0                              ;
+---------------------------------------------+----------------------+--------------------------------+


+-----------------------------------------------------------------------------------------------------------------------------------------+
; Dual Purpose and Dedicated Pins                                                                                                         ;
+----------+----------------------------------------------------+--------------------------------+---------------------+------------------+
; Location ; Pin Name                                           ; Reserved As                    ; User Signal Name    ; Pin Type         ;
+----------+----------------------------------------------------+--------------------------------+---------------------+------------------+
; H2       ; DIFFIO_RX_L11n, DIFFOUT_L11n, TMS, Low_Speed       ; Reserved as secondary function ; ~ALTERA_TMS~        ; Dual Purpose Pin ;
; G2       ; DIFFIO_RX_L11p, DIFFOUT_L11p, TCK, Low_Speed       ; Reserved as secondary function ; ~ALTERA_TCK~        ; Dual Purpose Pin ;
; L4       ; DIFFIO_RX_L12n, DIFFOUT_L12n, TDI, Low_Speed       ; Reserved as secondary function ; ~ALTERA_TDI~        ; Dual Purpose Pin ;
; M5       ; DIFFIO_RX_L12p, DIFFOUT_L12p, TDO, Low_Speed       ; Reserved as secondary function ; ~ALTERA_TDO~        ; Dual Purpose Pin ;
; H10      ; CONFIG_SEL, Low_Speed                              ; Reserved as secondary function ; ~ALTERA_CONFIG_SEL~ ; Dual Purpose Pin ;
; H9       ; nCONFIG, Low_Speed                                 ; Reserved as secondary function ; ~ALTERA_nCONFIG~    ; Dual Purpose Pin ;
; G9       ; DIFFIO_RX_T24p, DIFFOUT_T24p, nSTATUS, Low_Speed   ; Reserved as secondary function ; ~ALTERA_nSTATUS~    ; Dual Purpose Pin ;
; F8       ; DIFFIO_RX_T24n, DIFFOUT_T24n, CONF_DONE, Low_Speed ; Reserved as secondary function ; ~ALTERA_CONF_DONE~  ; Dual Purpose Pin ;
+----------+----------------------------------------------------+--------------------------------+---------------------+------------------+


+-----------------------------------------------------------+
; I/O Bank Usage                                            ;
+----------+-----------------+---------------+--------------+
; I/O Bank ; Usage           ; VCCIO Voltage ; VREF Voltage ;
+----------+-----------------+---------------+--------------+
; 1A       ; 0 / 16 ( 0 % )  ; 2.5V          ; --           ;
; 1B       ; 4 / 20 ( 20 % ) ; 2.5V          ; --           ;
; 2        ; 0 / 24 ( 0 % )  ; 2.5V          ; --           ;
; 3        ; 0 / 36 ( 0 % )  ; 2.5V          ; --           ;
; 4        ; 0 / 24 ( 0 % )  ; 2.5V          ; --           ;
; 5        ; 0 / 28 ( 0 % )  ; 2.5V          ; --           ;
; 6        ; 0 / 42 ( 0 % )  ; 2.5V          ; --           ;
; 7        ; 0 / 24 ( 0 % )  ; 2.5V          ; --           ;
; 8        ; 4 / 36 ( 11 % ) ; 2.5V          ; --           ;
+----------+-----------------+---------------+--------------+


+---------------------------------------------------------------------------------------------------------------------------------------------------------------------------------------+
; All Package Pins                                                                                                                                                                      ;
+----------+------------+----------+------------------------------------------------+--------+-----------------------+---------+------------+-----------------+----------+--------------+
; Location ; Pad Number ; I/O Bank ; Pin Name/Usage                                 ; Dir.   ; I/O Standard          ; Voltage ; I/O Type   ; User Assignment ; Bus Hold ; Weak Pull Up ;
+----------+------------+----------+------------------------------------------------+--------+-----------------------+---------+------------+-----------------+----------+--------------+
; A1       ;            ;          ; GND                                            ; gnd    ;                       ;         ; --         ;                 ; --       ; --           ;
; A2       ; 233        ; 8        ; RESERVED_INPUT_WITH_WEAK_PULLUP                ;        ;                       ;         ; Column I/O ;                 ; no       ; On           ;
; A3       ; 235        ; 8        ; RESERVED_INPUT_WITH_WEAK_PULLUP                ;        ;                       ;         ; Column I/O ;                 ; no       ; On           ;
; A4       ; 227        ; 8        ; RESERVED_INPUT_WITH_WEAK_PULLUP                ;        ;                       ;         ; Column I/O ;                 ; no       ; On           ;
; A5       ; 225        ; 8        ; RESERVED_INPUT_WITH_WEAK_PULLUP                ;        ;                       ;         ; Column I/O ;                 ; no       ; On           ;
; A6       ; 223        ; 8        ; RESERVED_INPUT_WITH_WEAK_PULLUP                ;        ;                       ;         ; Column I/O ;                 ; no       ; On           ;
; A7       ; 209        ; 7        ; RESERVED_INPUT_WITH_WEAK_PULLUP                ;        ;                       ;         ; Column I/O ;                 ; no       ; On           ;
; A8       ; 211        ; 7        ; RESERVED_INPUT_WITH_WEAK_PULLUP                ;        ;                       ;         ; Column I/O ;                 ; no       ; On           ;
; A9       ; 213        ; 7        ; RESERVED_INPUT_WITH_WEAK_PULLUP                ;        ;                       ;         ; Column I/O ;                 ; no       ; On           ;
; A10      ;            ;          ; NC                                             ;        ;                       ;         ; --         ;                 ; --       ; --           ;
; A11      ;            ;          ; NC                                             ;        ;                       ;         ; --         ;                 ; --       ; --           ;
; A12      ;            ;          ; NC                                             ;        ;                       ;         ; --         ;                 ; --       ; --           ;
; A13      ;            ;          ; NC                                             ;        ;                       ;         ; --         ;                 ; --       ; --           ;
; A14      ; 201        ; 7        ; RESERVED_INPUT_WITH_WEAK_PULLUP                ;        ;                       ;         ; Column I/O ;                 ; no       ; On           ;
; A15      ; 197        ; 7        ; RESERVED_INPUT_WITH_WEAK_PULLUP                ;        ;                       ;         ; Column I/O ;                 ; no       ; On           ;
; A16      ;            ;          ; NC                                             ;        ;                       ;         ; --         ;                 ; --       ; --           ;
; A17      ;            ;          ; NC                                             ;        ;                       ;         ; --         ;                 ; --       ; --           ;
; A18      ;            ;          ; NC                                             ;        ;                       ;         ; --         ;                 ; --       ; --           ;
; A19      ;            ;          ; NC                                             ;        ;                       ;         ; --         ;                 ; --       ; --           ;
; A20      ;            ;          ; NC                                             ;        ;                       ;         ; --         ;                 ; --       ; --           ;
; A21      ;            ;          ; NC                                             ;        ;                       ;         ; --         ;                 ; --       ; --           ;
; A22      ;            ;          ; GND                                            ; gnd    ;                       ;         ; --         ;                 ; --       ; --           ;
; AA1      ; 69         ; 3        ; RESERVED_INPUT_WITH_WEAK_PULLUP                ;        ;                       ;         ; Column I/O ;                 ; no       ; On           ;
; AA2      ; 71         ; 3        ; RESERVED_INPUT_WITH_WEAK_PULLUP                ;        ;                       ;         ; Column I/O ;                 ; no       ; On           ;
; AA3      ; 77         ; 3        ; RESERVED_INPUT_WITH_WEAK_PULLUP                ;        ;                       ;         ; Column I/O ;                 ; --       ; --           ;
; AA4      ;            ;          ; GND                                            ; gnd    ;                       ;         ; --         ;                 ; --       ; --           ;
; AA5      ; 81         ; 3        ; RESERVED_INPUT_WITH_WEAK_PULLUP                ;        ;                       ;         ; Column I/O ;                 ; no       ; On           ;
; AA6      ; 80         ; 3        ; RESERVED_INPUT_WITH_WEAK_PULLUP                ;        ;                       ;         ; Column I/O ;                 ; no       ; On           ;
; AA7      ; 82         ; 3        ; RESERVED_INPUT_WITH_WEAK_PULLUP                ;        ;                       ;         ; Column I/O ;                 ; no       ; On           ;
; AA8      ; 89         ; 3        ; RESERVED_INPUT_WITH_WEAK_PULLUP                ;        ;                       ;         ; Column I/O ;                 ; no       ; On           ;
; AA9      ; 93         ; 3        ; RESERVED_INPUT_WITH_WEAK_PULLUP                ;        ;                       ;         ; Column I/O ;                 ; no       ; On           ;
; AA10     ; 94         ; 3        ; RESERVED_INPUT_WITH_WEAK_PULLUP                ;        ;                       ;         ; Column I/O ;                 ; no       ; On           ;
; AA11     ;            ;          ; NC                                             ;        ;                       ;         ; --         ;                 ; --       ; --           ;
; AA12     ;            ;          ; NC                                             ;        ;                       ;         ; --         ;                 ; --       ; --           ;
; AA13     ; 101        ; 4        ; RESERVED_INPUT_WITH_WEAK_PULLUP                ;        ;                       ;         ; Column I/O ;                 ; --       ; --           ;
; AA14     ; 105        ; 4        ; RESERVED_INPUT_WITH_WEAK_PULLUP                ;        ;                       ;         ; Column I/O ;                 ; no       ; On           ;
; AA15     ; 109        ; 4        ; RESERVED_INPUT_WITH_WEAK_PULLUP                ;        ;                       ;         ; Column I/O ;                 ; no       ; On           ;
; AA16     ; 115        ; 4        ; RESERVED_INPUT_WITH_WEAK_PULLUP                ;        ;                       ;         ; Column I/O ;                 ; no       ; On           ;
; AA17     ;            ;          ; NC                                             ;        ;                       ;         ; --         ;                 ; --       ; --           ;
; AA18     ;            ;          ; GND                                            ; gnd    ;                       ;         ; --         ;                 ; --       ; --           ;
; AA19     ;            ;          ; NC                                             ;        ;                       ;         ; --         ;                 ; --       ; --           ;
; AA20     ;            ;          ; NC                                             ;        ;                       ;         ; --         ;                 ; --       ; --           ;
; AA21     ; 121        ; 5        ; RESERVED_INPUT_WITH_WEAK_PULLUP                ;        ;                       ;         ; Row I/O    ;                 ; no       ; On           ;
; AA22     ; 123        ; 5        ; RESERVED_INPUT_WITH_WEAK_PULLUP                ;        ;                       ;         ; Row I/O    ;                 ; no       ; On           ;
; AB1      ;            ;          ; GND                                            ; gnd    ;                       ;         ; --         ;                 ; --       ; --           ;
; AB2      ;            ;          ; NC                                             ;        ;                       ;         ; --         ;                 ; --       ; --           ;
; AB3      ;            ;          ; NC                                             ;        ;                       ;         ; --         ;                 ; --       ; --           ;
; AB4      ; 79         ; 3        ; RESERVED_INPUT_WITH_WEAK_PULLUP                ;        ;                       ;         ; Column I/O ;                 ; no       ; On           ;
; AB5      ; 83         ; 3        ; RESERVED_INPUT_WITH_WEAK_PULLUP                ;        ;                       ;         ; Column I/O ;                 ; no       ; On           ;
; AB6      ; 85         ; 3        ; RESERVED_INPUT_WITH_WEAK_PULLUP                ;        ;                       ;         ; Column I/O ;                 ; no       ; On           ;
; AB7      ; 87         ; 3        ; RESERVED_INPUT_WITH_WEAK_PULLUP                ;        ;                       ;         ; Column I/O ;                 ; no       ; On           ;
; AB8      ; 91         ; 3        ; RESERVED_INPUT_WITH_WEAK_PULLUP                ;        ;                       ;         ; Column I/O ;                 ; no       ; On           ;
; AB9      ; 95         ; 3        ; RESERVED_INPUT_WITH_WEAK_PULLUP                ;        ;                       ;         ; Column I/O ;                 ; no       ; On           ;
; AB10     ;            ;          ; NC                                             ;        ;                       ;         ; --         ;                 ; --       ; --           ;
; AB11     ;            ;          ; NC                                             ;        ;                       ;         ; --         ;                 ; --       ; --           ;
; AB12     ;            ;          ; NC                                             ;        ;                       ;         ; --         ;                 ; --       ; --           ;
; AB13     ;            ;          ; NC                                             ;        ;                       ;         ; --         ;                 ; --       ; --           ;
; AB14     ; 103        ; 4        ; RESERVED_INPUT_WITH_WEAK_PULLUP                ;        ;                       ;         ; Column I/O ;                 ; no       ; On           ;
; AB15     ; 107        ; 4        ; RESERVED_INPUT_WITH_WEAK_PULLUP                ;        ;                       ;         ; Column I/O ;                 ; no       ; On           ;
; AB16     ; 113        ; 4        ; RESERVED_INPUT_WITH_WEAK_PULLUP                ;        ;                       ;         ; Column I/O ;                 ; no       ; On           ;
; AB17     ; 117        ; 4        ; RESERVED_INPUT_WITH_WEAK_PULLUP                ;        ;                       ;         ; Column I/O ;                 ; no       ; On           ;
; AB18     ; 119        ; 4        ; RESERVED_INPUT_WITH_WEAK_PULLUP                ;        ;                       ;         ; Column I/O ;                 ; no       ; On           ;
; AB19     ;            ;          ; NC                                             ;        ;                       ;         ; --         ;                 ; --       ; --           ;
; AB20     ;            ;          ; NC                                             ;        ;                       ;         ; --         ;                 ; --       ; --           ;
; AB21     ;            ;          ; NC                                             ;        ;                       ;         ; --         ;                 ; --       ; --           ;
; AB22     ;            ;          ; GND                                            ; gnd    ;                       ;         ; --         ;                 ; --       ; --           ;
; B1       ; 247        ; 8        ; RESERVED_INPUT_WITH_WEAK_PULLUP                ;        ;                       ;         ; Column I/O ;                 ; no       ; On           ;
; B2       ; 245        ; 8        ; RESERVED_INPUT_WITH_WEAK_PULLUP                ;        ;                       ;         ; Column I/O ;                 ; no       ; On           ;
; B3       ; 236        ; 8        ; RESERVED_INPUT_WITH_WEAK_PULLUP                ;        ;                       ;         ; Column I/O ;                 ; no       ; On           ;
; B4       ; 238        ; 8        ; RESERVED_INPUT_WITH_WEAK_PULLUP                ;        ;                       ;         ; Column I/O ;                 ; no       ; On           ;
; B5       ; 237        ; 8        ; RESERVED_INPUT_WITH_WEAK_PULLUP                ;        ;                       ;         ; Column I/O ;                 ; no       ; On           ;
; B6       ;            ;          ; GND                                            ; gnd    ;                       ;         ; --         ;                 ; --       ; --           ;
; B7       ; 221        ; 8        ; RESERVED_INPUT_WITH_WEAK_PULLUP                ;        ;                       ;         ; Column I/O ;                 ; no       ; On           ;
; B8       ; 215        ; 7        ; RESERVED_INPUT_WITH_WEAK_PULLUP                ;        ;                       ;         ; Column I/O ;                 ; no       ; On           ;
; B9       ;            ;          ; GND                                            ; gnd    ;                       ;         ; --         ;                 ; --       ; --           ;
; B10      ; 212        ; 7        ; RESERVED_INPUT_WITH_WEAK_PULLUP                ;        ;                       ;         ; Column I/O ;                 ; no       ; On           ;
; B11      ;            ;          ; NC                                             ;        ;                       ;         ; --         ;                 ; --       ; --           ;
; B12      ;            ;          ; NC                                             ;        ;                       ;         ; --         ;                 ; --       ; --           ;
; B13      ;            ;          ; GND                                            ; gnd    ;                       ;         ; --         ;                 ; --       ; --           ;
; B14      ; 203        ; 7        ; RESERVED_INPUT_WITH_WEAK_PULLUP                ;        ;                       ;         ; Column I/O ;                 ; no       ; On           ;
; B15      ; 199        ; 7        ; RESERVED_INPUT_WITH_WEAK_PULLUP                ;        ;                       ;         ; Column I/O ;                 ; --       ; --           ;
; B16      ;            ;          ; NC                                             ;        ;                       ;         ; --         ;                 ; --       ; --           ;
; B17      ;            ;          ; NC                                             ;        ;                       ;         ; --         ;                 ; --       ; --           ;
; B18      ;            ;          ; GND                                            ; gnd    ;                       ;         ; --         ;                 ; --       ; --           ;
; B19      ;            ;          ; NC                                             ;        ;                       ;         ; --         ;                 ; --       ; --           ;
; B20      ;            ;          ; NC                                             ;        ;                       ;         ; --         ;                 ; --       ; --           ;
; B21      ;            ;          ; NC                                             ;        ;                       ;         ; --         ;                 ; --       ; --           ;
; B22      ;            ;          ; NC                                             ;        ;                       ;         ; --         ;                 ; --       ; --           ;
; C1       ; 21         ; 1B       ; RESERVED_INPUT_WITH_WEAK_PULLUP                ;        ;                       ;         ; Row I/O    ;                 ; --       ; --           ;
; C2       ; 251        ; 8        ; RESERVED_INPUT_WITH_WEAK_PULLUP                ;        ;                       ;         ; Column I/O ;                 ; no       ; On           ;
; C3       ; 249        ; 8        ; RESERVED_INPUT_WITH_WEAK_PULLUP                ;        ;                       ;         ; Column I/O ;                 ; no       ; On           ;
; C4       ; 239        ; 8        ; RESERVED_INPUT_WITH_WEAK_PULLUP                ;        ;                       ;         ; Column I/O ;                 ; no       ; On           ;
; C5       ; 241        ; 8        ; RESERVED_INPUT_WITH_WEAK_PULLUP                ;        ;                       ;         ; Column I/O ;                 ; no       ; On           ;
; C6       ; 229        ; 8        ; RESERVED_INPUT_WITH_WEAK_PULLUP                ;        ;                       ;         ; Column I/O ;                 ; no       ; On           ;
; C7       ; 219        ; 8        ; RESERVED_INPUT_WITH_WEAK_PULLUP                ;        ;                       ;         ; Column I/O ;                 ; no       ; On           ;
; C8       ; 217        ; 8        ; RESERVED_INPUT_WITH_WEAK_PULLUP                ;        ;                       ;         ; Column I/O ;                 ; no       ; On           ;
; C9       ; 214        ; 7        ; RESERVED_INPUT_WITH_WEAK_PULLUP                ;        ;                       ;         ; Column I/O ;                 ; no       ; On           ;
; C10      ;            ;          ; NC                                             ;        ;                       ;         ; --         ;                 ; --       ; --           ;
; C11      ;            ;          ; NC                                             ;        ;                       ;         ; --         ;                 ; --       ; --           ;
; C12      ;            ;          ; NC                                             ;        ;                       ;         ; --         ;                 ; --       ; --           ;
; C13      ; 202        ; 7        ; RESERVED_INPUT_WITH_WEAK_PULLUP                ;        ;                       ;         ; Column I/O ;                 ; no       ; On           ;
; C14      ; 200        ; 7        ; RESERVED_INPUT_WITH_WEAK_PULLUP                ;        ;                       ;         ; Column I/O ;                 ; no       ; On           ;
; C15      ;            ;          ; NC                                             ;        ;                       ;         ; --         ;                 ; --       ; --           ;
; C16      ;            ;          ; NC                                             ;        ;                       ;         ; --         ;                 ; --       ; --           ;
; C17      ; 195        ; 7        ; RESERVED_INPUT_WITH_WEAK_PULLUP                ;        ;                       ;         ; Column I/O ;                 ; no       ; On           ;
; C18      ;            ;          ; NC                                             ;        ;                       ;         ; --         ;                 ; --       ; --           ;
; C19      ;            ;          ; NC                                             ;        ;                       ;         ; --         ;                 ; --       ; --           ;
; C20      ; 185        ; 6        ; RESERVED_INPUT_WITH_WEAK_PULLUP                ;        ;                       ;         ; Row I/O    ;                 ; no       ; On           ;
; C21      ; 175        ; 6        ; RESERVED_INPUT_WITH_WEAK_PULLUP                ;        ;                       ;         ; Row I/O    ;                 ; no       ; On           ;
; C22      ; 171        ; 6        ; RESERVED_INPUT_WITH_WEAK_PULLUP                ;        ;                       ;         ; Row I/O    ;                 ; no       ; On           ;
; D1       ; 23         ; 1B       ; RESERVED_INPUT_WITH_WEAK_PULLUP                ;        ;                       ;         ; Row I/O    ;                 ; no       ; On           ;
; D2       ; 19         ; 1B       ; RESERVED_INPUT_WITH_WEAK_PULLUP                ;        ;                       ;         ; Row I/O    ;                 ; no       ; On           ;
; D3       ; 17         ; 1B       ; RESERVED_INPUT_WITH_WEAK_PULLUP                ;        ;                       ;         ; Row I/O    ;                 ; no       ; On           ;
; D4       ;            ;          ; GND                                            ; gnd    ;                       ;         ; --         ;                 ; --       ; --           ;
; D5       ; 243        ; 8        ; RESERVED_INPUT_WITH_WEAK_PULLUP                ;        ;                       ;         ; Column I/O ;                 ; no       ; On           ;
; D6       ; 248        ; 8        ; RESERVED_INPUT_WITH_WEAK_PULLUP                ;        ;                       ;         ; Column I/O ;                 ; no       ; On           ;
; D7       ; 231        ; 8        ; RESERVED_INPUT_WITH_WEAK_PULLUP                ;        ;                       ;         ; Column I/O ;                 ; --       ; --           ;
; D8       ; 224        ; 8        ; RESERVED_INPUT_WITH_WEAK_PULLUP                ;        ;                       ;         ; Column I/O ;                 ; no       ; On           ;
; D9       ; 226        ; 8        ; RESERVED_INPUT_WITH_WEAK_PULLUP                ;        ;                       ;         ; Column I/O ;                 ; no       ; On           ;
; D10      ; 228        ; 8        ; RESERVED_INPUT_WITH_WEAK_PULLUP                ;        ;                       ;         ; Column I/O ;                 ; no       ; On           ;
; D11      ;            ;          ; GND                                            ; gnd    ;                       ;         ; --         ;                 ; --       ; --           ;
; D12      ;            ;          ; NC                                             ;        ;                       ;         ; --         ;                 ; --       ; --           ;
; D13      ; 207        ; 7        ; RESERVED_INPUT_WITH_WEAK_PULLUP                ;        ;                       ;         ; Column I/O ;                 ; no       ; On           ;
; D14      ; 204        ; 7        ; RESERVED_INPUT_WITH_WEAK_PULLUP                ;        ;                       ;         ; Column I/O ;                 ; no       ; On           ;
; D15      ;            ;          ; NC                                             ;        ;                       ;         ; --         ;                 ; --       ; --           ;
; D16      ;            ;          ; GND                                            ; gnd    ;                       ;         ; --         ;                 ; --       ; --           ;
; D17      ; 193        ; 7        ; RESERVED_INPUT_WITH_WEAK_PULLUP                ;        ;                       ;         ; Column I/O ;                 ; no       ; On           ;
; D18      ; 189        ; 6        ; RESERVED_INPUT_WITH_WEAK_PULLUP                ;        ;                       ;         ; Row I/O    ;                 ; no       ; On           ;
; D19      ; 187        ; 6        ; RESERVED_INPUT_WITH_WEAK_PULLUP                ;        ;                       ;         ; Row I/O    ;                 ; no       ; On           ;
; D20      ;            ;          ; GND                                            ; gnd    ;                       ;         ; --         ;                 ; --       ; --           ;
; D21      ; 173        ; 6        ; RESERVED_INPUT_WITH_WEAK_PULLUP                ;        ;                       ;         ; Row I/O    ;                 ; --       ; --           ;
; D22      ; 169        ; 6        ; RESERVED_INPUT_WITH_WEAK_PULLUP                ;        ;                       ;         ; Row I/O    ;                 ; no       ; On           ;
; E1       ; 29         ; 1B       ; RESERVED_INPUT_WITH_WEAK_PULLUP                ;        ;                       ;         ; Row I/O    ;                 ; no       ; On           ;
; E2       ;            ;          ; GND                                            ; gnd    ;                       ;         ; --         ;                 ; --       ; --           ;
; E3       ; 3          ; 1A       ; RESERVED_INPUT_WITH_WEAK_PULLUP                ;        ;                       ;         ; Row I/O    ;                 ; no       ; On           ;
; E4       ; 1          ; 1A       ; RESERVED_INPUT_WITH_WEAK_PULLUP                ;        ;                       ;         ; Row I/O    ;                 ; no       ; On           ;
; E5       ;            ;          ; GND                                            ; gnd    ;                       ;         ; --         ;                 ; --       ; --           ;
; E6       ; 250        ; 8        ; RESERVED_INPUT_WITH_WEAK_PULLUP                ;        ;                       ;         ; Column I/O ;                 ; no       ; On           ;
; E7       ;            ;          ; GND                                            ; gnd    ;                       ;         ; --         ;                 ; --       ; --           ;
; E8       ; 240        ; 8        ; RESERVED_INPUT_WITH_WEAK_PULLUP                ;        ;                       ;         ; Column I/O ;                 ; no       ; On           ;
; E9       ; 230        ; 8        ; RESERVED_INPUT_WITH_WEAK_PULLUP                ;        ;                       ;         ; Column I/O ;                 ; no       ; On           ;
; E10      ; 218        ; 8        ; RESERVED_INPUT_WITH_WEAK_PULLUP                ;        ;                       ;         ; Column I/O ;                 ; no       ; On           ;
; E11      ; 216        ; 8        ; RESERVED_INPUT_WITH_WEAK_PULLUP                ;        ;                       ;         ; Column I/O ;                 ; no       ; On           ;
; E12      ; 205        ; 7        ; RESERVED_INPUT_WITH_WEAK_PULLUP                ;        ;                       ;         ; Column I/O ;                 ; no       ; On           ;
; E13      ; 206        ; 7        ; RESERVED_INPUT_WITH_WEAK_PULLUP                ;        ;                       ;         ; Column I/O ;                 ; no       ; On           ;
; E14      ;            ;          ; NC                                             ;        ;                       ;         ; --         ;                 ; --       ; --           ;
; E15      ; 194        ; 7        ; RESERVED_INPUT_WITH_WEAK_PULLUP                ;        ;                       ;         ; Column I/O ;                 ; no       ; On           ;
; E16      ; 192        ; 7        ; RESERVED_INPUT_WITH_WEAK_PULLUP                ;        ;                       ;         ; Column I/O ;                 ; no       ; On           ;
; E17      ;            ;          ; NC                                             ;        ;                       ;         ; --         ;                 ; --       ; --           ;
; E18      ; 191        ; 6        ; RESERVED_INPUT_WITH_WEAK_PULLUP                ;        ;                       ;         ; Row I/O    ;                 ; no       ; On           ;
; E19      ; 180        ; 6        ; RESERVED_INPUT_WITH_WEAK_PULLUP                ;        ;                       ;         ; Row I/O    ;                 ; no       ; On           ;
; E20      ;            ;          ; NC                                             ;        ;                       ;         ; --         ;                 ; --       ; --           ;
; E21      ; 163        ; 6        ; RESERVED_INPUT_WITH_WEAK_PULLUP                ;        ;                       ;         ; Row I/O    ;                 ; no       ; On           ;
; E22      ; 161        ; 6        ; RESERVED_INPUT_WITH_WEAK_PULLUP                ;        ;                       ;         ; Row I/O    ;                 ; no       ; On           ;
; F1       ; 35         ; 1B       ; RESERVED_INPUT_WITH_WEAK_PULLUP                ;        ;                       ;         ; Row I/O    ;                 ; no       ; On           ;
; F2       ; 31         ; 1B       ; RESERVED_INPUT_WITH_WEAK_PULLUP                ;        ;                       ;         ; Row I/O    ;                 ; no       ; On           ;
; F3       ; 7          ; 1A       ; RESERVED_INPUT_WITH_WEAK_PULLUP                ;        ;                       ;         ; Row I/O    ;                 ; no       ; On           ;
; F4       ; 2          ; 1A       ; RESERVED_INPUT_WITH_WEAK_PULLUP                ;        ;                       ;         ; Row I/O    ;                 ; no       ; On           ;
; F5       ; 0          ; 1A       ; RESERVED_INPUT_WITH_WEAK_PULLUP                ;        ;                       ;         ; Row I/O    ;                 ; no       ; On           ;
; F6       ;            ;          ; GND                                            ; gnd    ;                       ;         ; --         ;                 ; --       ; --           ;
; F7       ; 242        ; 8        ; RESERVED_INPUT_WITH_WEAK_PULLUP                ;        ;                       ;         ; Column I/O ;                 ; no       ; On           ;
; F8       ; 246        ; 8        ; ~ALTERA_CONF_DONE~ / RESERVED_INPUT            ; input  ; 2.5 V Schmitt Trigger ;         ; Column I/O ; N               ; no       ; Off          ;
; F9       ;            ; 8        ; VCCIO8                                         ; power  ;                       ; 2.5V    ; --         ;                 ; --       ; --           ;
; F10      ;            ;          ; GND                                            ; gnd    ;                       ;         ; --         ;                 ; --       ; --           ;
; F11      ;            ; 8        ; VCCIO8                                         ; power  ;                       ; 2.5V    ; --         ;                 ; --       ; --           ;
; F12      ;            ; 7        ; VCCIO7                                         ; power  ;                       ; 2.5V    ; --         ;                 ; --       ; --           ;
; F13      ;            ;          ; GND                                            ; gnd    ;                       ;         ; --         ;                 ; --       ; --           ;
; F14      ;            ; 7        ; VCCIO7                                         ; power  ;                       ; 2.5V    ; --         ;                 ; --       ; --           ;
; F15      ;            ;          ; NC                                             ;        ;                       ;         ; --         ;                 ; --       ; --           ;
; F16      ;            ;          ; NC                                             ;        ;                       ;         ; --         ;                 ; --       ; --           ;
; F17      ;            ;          ; NC                                             ;        ;                       ;         ; --         ;                 ; --       ; --           ;
; F18      ; 182        ; 6        ; RESERVED_INPUT_WITH_WEAK_PULLUP                ;        ;                       ;         ; Row I/O    ;                 ; no       ; On           ;
; F19      ;            ;          ; NC                                             ;        ;                       ;         ; --         ;                 ; --       ; --           ;
; F20      ; 170        ; 6        ; RESERVED_INPUT_WITH_WEAK_PULLUP                ;        ;                       ;         ; Row I/O    ;                 ; no       ; On           ;
; F21      ; 168        ; 6        ; RESERVED_INPUT_WITH_WEAK_PULLUP                ;        ;                       ;         ; Row I/O    ;                 ; no       ; On           ;
; F22      ; 159        ; 6        ; RESERVED_INPUT_WITH_WEAK_PULLUP                ;        ;                       ;         ; Row I/O    ;                 ; no       ; On           ;
; G1       ; 33         ; 1B       ; RESERVED_INPUT_WITH_WEAK_PULLUP                ;        ;                       ;         ; Row I/O    ;                 ; no       ; On           ;
; G2       ; 22         ; 1B       ; ~ALTERA_TCK~ / RESERVED_INPUT                  ; input  ; 2.5 V Schmitt Trigger ;         ; Row I/O    ; N               ; no       ; Off          ;
; G3       ; 11         ; 1A       ; RESERVED_INPUT_WITH_WEAK_PULLUP                ;        ;                       ;         ; Row I/O    ;                 ; no       ; On           ;
; G4       ; 5          ; 1A       ; RESERVED_INPUT_WITH_WEAK_PULLUP                ;        ;                       ;         ; Row I/O    ;                 ; no       ; On           ;
; G5       ;            ;          ; ANAIN1                                         ;        ;                       ;         ; --         ;                 ; --       ; --           ;
; G6       ;            ;          ; GND                                            ; gnd    ;                       ;         ; --         ;                 ; --       ; --           ;
; G7       ;            ;          ; NC                                             ;        ;                       ;         ; --         ;                 ; --       ; --           ;
; G8       ;            ;          ; GND                                            ; gnd    ;                       ;         ; --         ;                 ; --       ; --           ;
; G9       ; 244        ; 8        ; ~ALTERA_nSTATUS~ / RESERVED_INPUT              ; input  ; 2.5 V Schmitt Trigger ;         ; Column I/O ; N               ; no       ; Off          ;
; G10      ;            ; 8        ; VCCIO8                                         ; power  ;                       ; 2.5V    ; --         ;                 ; --       ; --           ;
; G11      ;            ; 8        ; VCCIO8                                         ; power  ;                       ; 2.5V    ; --         ;                 ; --       ; --           ;
; G12      ;            ; 7        ; VCCIO7                                         ; power  ;                       ; 2.5V    ; --         ;                 ; --       ; --           ;
; G13      ;            ; 7        ; VCCIO7                                         ; power  ;                       ; 2.5V    ; --         ;                 ; --       ; --           ;
; G14      ;            ; 7        ; VCCIO7                                         ; power  ;                       ; 2.5V    ; --         ;                 ; --       ; --           ;
; G15      ;            ;          ; GND                                            ; gnd    ;                       ;         ; --         ;                 ; --       ; --           ;
; G16      ;            ;          ; VCCD_PLL2                                      ; power  ;                       ; 1.2V    ; --         ;                 ; --       ; --           ;
; G17      ; 190        ; 6        ; RESERVED_INPUT_WITH_WEAK_PULLUP                ;        ;                       ;         ; Row I/O    ;                 ; no       ; On           ;
; G18      ;            ;          ; GND                                            ; gnd    ;                       ;         ; --         ;                 ; --       ; --           ;
; G19      ; 158        ; 6        ; RESERVED_INPUT_WITH_WEAK_PULLUP                ;        ;                       ;         ; Row I/O    ;                 ; no       ; On           ;
; G20      ; 156        ; 6        ; RESERVED_INPUT_WITH_WEAK_PULLUP                ;        ;                       ;         ; Row I/O    ;                 ; no       ; On           ;
; G21      ;            ;          ; GND                                            ; gnd    ;                       ;         ; --         ;                 ; --       ; --           ;
; G22      ; 157        ; 6        ; RESERVED_INPUT_WITH_WEAK_PULLUP                ;        ;                       ;         ; Row I/O    ;                 ; no       ; On           ;
; H1       ; 32         ; 1B       ; RESERVED_INPUT_WITH_WEAK_PULLUP                ;        ;                       ;         ; Row I/O    ;                 ; no       ; On           ;
; H2       ; 20         ; 1B       ; ~ALTERA_TMS~ / RESERVED_INPUT_WITH_WEAK_PULLUP ; input  ; 2.5 V Schmitt Trigger ;         ; Row I/O    ; N               ; no       ; On           ;
; H3       ; 10         ; 1A       ; RESERVED_INPUT_WITH_WEAK_PULLUP                ;        ;                       ;         ; Row I/O    ;                 ; no       ; On           ;
; H4       ; 9          ; 1A       ; RESERVED_INPUT_WITH_WEAK_PULLUP                ;        ;                       ;         ; Row I/O    ;                 ; no       ; On           ;
; H5       ;            ;          ; REFGND                                         ;        ;                       ;         ; --         ;                 ; --       ; --           ;
; H6       ;            ;          ; ADC_VREF                                       ;        ;                       ;         ; --         ;                 ; --       ; --           ;
; H7       ;            ; --       ; VCCA_ADC                                       ; power  ;                       ; 2.5V    ; --         ;                 ; --       ; --           ;
; H8       ;            ; --       ; VCCA3                                          ; power  ;                       ; 2.5V    ; --         ;                 ; --       ; --           ;
; H9       ; 234        ; 8        ; ~ALTERA_nCONFIG~ / RESERVED_INPUT              ; input  ; 2.5 V Schmitt Trigger ;         ; Column I/O ; N               ; no       ; Off          ;
; H10      ; 232        ; 8        ; ~ALTERA_CONFIG_SEL~ / RESERVED_INPUT           ; input  ; 2.5 V                 ;         ; Column I/O ; N               ; no       ; Off          ;
; H11      ; 222        ; 8        ; RESERVED_INPUT_WITH_WEAK_PULLUP                ;        ;                       ;         ; Column I/O ;                 ; no       ; On           ;
; H12      ; 208        ; 7        ; RESERVED_INPUT_WITH_WEAK_PULLUP                ;        ;                       ;         ; Column I/O ;                 ; no       ; On           ;
; H13      ;            ;          ; NC                                             ;        ;                       ;         ; --         ;                 ; --       ; --           ;
; H14      ; 196        ; 7        ; RESERVED_INPUT_WITH_WEAK_PULLUP                ;        ;                       ;         ; Column I/O ;                 ; no       ; On           ;
; H15      ;            ; --       ; VCCA2                                          ; power  ;                       ; 2.5V    ; --         ;                 ; --       ; --           ;
; H16      ;            ; 6        ; VCCIO6                                         ; power  ;                       ; 2.5V    ; --         ;                 ; --       ; --           ;
; H17      ; 188        ; 6        ; RESERVED_INPUT_WITH_WEAK_PULLUP                ;        ;                       ;         ; Row I/O    ;                 ; no       ; On           ;
; H18      ;            ;          ; NC                                             ;        ;                       ;         ; --         ;                 ; --       ; --           ;
; H19      ;            ;          ; NC                                             ;        ;                       ;         ; --         ;                 ; --       ; --           ;
; H20      ;            ;          ; NC                                             ;        ;                       ;         ; --         ;                 ; --       ; --           ;
; H21      ; 151        ; 6        ; RESERVED_INPUT_WITH_WEAK_PULLUP                ;        ;                       ;         ; Row I/O    ;                 ; no       ; On           ;
; H22      ; 149        ; 6        ; RESERVED_INPUT_WITH_WEAK_PULLUP                ;        ;                       ;         ; Row I/O    ;                 ; no       ; On           ;
; J1       ; 34         ; 1B       ; RESERVED_INPUT_WITH_WEAK_PULLUP                ;        ;                       ;         ; Row I/O    ;                 ; no       ; On           ;
; J2       ;            ;          ; GND                                            ; gnd    ;                       ;         ; --         ;                 ; --       ; --           ;
; J3       ; 15         ; 1A       ; RESERVED_INPUT_WITH_WEAK_PULLUP                ;        ;                       ;         ; Row I/O    ;                 ; no       ; On           ;
; J4       ; 8          ; 1A       ; RESERVED_INPUT_WITH_WEAK_PULLUP                ;        ;                       ;         ; Row I/O    ;                 ; no       ; On           ;
; J5       ;            ;          ; NC                                             ;        ;                       ;         ; --         ;                 ; --       ; --           ;
; J6       ;            ;          ; GND                                            ; gnd    ;                       ;         ; --         ;                 ; --       ; --           ;
; J7       ;            ;          ; VCCINT                                         ; power  ;                       ; 1.2V    ; --         ;                 ; --       ; --           ;
; J8       ; 4          ; 1A       ; RESERVED_INPUT_WITH_WEAK_PULLUP                ;        ;                       ;         ; Row I/O    ;                 ; no       ; On           ;
; J9       ; 6          ; 1A       ; RESERVED_INPUT_WITH_WEAK_PULLUP                ;        ;                       ;         ; Row I/O    ;                 ; no       ; On           ;
; J10      ; 220        ; 8        ; RESERVED_INPUT_WITH_WEAK_PULLUP                ;        ;                       ;         ; Column I/O ;                 ; no       ; On           ;
; J11      ; 210        ; 7        ; RESERVED_INPUT_WITH_WEAK_PULLUP                ;        ;                       ;         ; Column I/O ;                 ; no       ; On           ;
; J12      ;            ;          ; NC                                             ;        ;                       ;         ; --         ;                 ; --       ; --           ;
; J13      ; 198        ; 7        ; RESERVED_INPUT_WITH_WEAK_PULLUP                ;        ;                       ;         ; Column I/O ;                 ; no       ; On           ;
; J14      ;            ;          ; NC                                             ;        ;                       ;         ; --         ;                 ; --       ; --           ;
; J15      ;            ;          ; NC                                             ;        ;                       ;         ; --         ;                 ; --       ; --           ;
; J16      ;            ;          ; GND                                            ; gnd    ;                       ;         ; --         ;                 ; --       ; --           ;
; J17      ;            ; 6        ; VCCIO6                                         ; power  ;                       ; 2.5V    ; --         ;                 ; --       ; --           ;
; J18      ;            ;          ; NC                                             ;        ;                       ;         ; --         ;                 ; --       ; --           ;
; J19      ;            ;          ; GND                                            ; gnd    ;                       ;         ; --         ;                 ; --       ; --           ;
; J20      ;            ;          ; NC                                             ;        ;                       ;         ; --         ;                 ; --       ; --           ;
; J21      ; 155        ; 6        ; RESERVED_INPUT_WITH_WEAK_PULLUP                ;        ;                       ;         ; Row I/O    ;                 ; no       ; On           ;
; J22      ; 153        ; 6        ; RESERVED_INPUT_WITH_WEAK_PULLUP                ;        ;                       ;         ; Row I/O    ;                 ; no       ; On           ;
; K1       ;            ;          ; NC                                             ;        ;                       ;         ; --         ;                 ; --       ; --           ;
; K2       ; 25         ; 1B       ; RESERVED_INPUT_WITH_WEAK_PULLUP                ;        ;                       ;         ; Row I/O    ;                 ; no       ; On           ;
; K3       ;            ;          ; GND                                            ; gnd    ;                       ;         ; --         ;                 ; --       ; --           ;
; K4       ; 13         ; 1A       ; RESERVED_INPUT_WITH_WEAK_PULLUP                ;        ;                       ;         ; Row I/O    ;                 ; no       ; On           ;
; K5       ; 12         ; 1A       ; RESERVED_INPUT_WITH_WEAK_PULLUP                ;        ;                       ;         ; Row I/O    ;                 ; no       ; On           ;
; K6       ; 14         ; 1A       ; RESERVED_INPUT_WITH_WEAK_PULLUP                ;        ;                       ;         ; Row I/O    ;                 ; no       ; On           ;
; K7       ;            ; 1A       ; VCCIO1A                                        ; power  ;                       ; 2.5V    ; --         ;                 ; --       ; --           ;
; K8       ; 16         ; 1B       ; RESERVED_INPUT_WITH_WEAK_PULLUP                ;        ;                       ;         ; Row I/O    ;                 ; no       ; On           ;
; K9       ; 18         ; 1B       ; RESERVED_INPUT_WITH_WEAK_PULLUP                ;        ;                       ;         ; Row I/O    ;                 ; no       ; On           ;
; K10      ;            ;          ; GND                                            ; gnd    ;                       ;         ; --         ;                 ; --       ; --           ;
; K11      ;            ; --       ; VCC                                            ; power  ;                       ; 1.2V    ; --         ;                 ; --       ; --           ;
; K12      ;            ;          ; GND                                            ; gnd    ;                       ;         ; --         ;                 ; --       ; --           ;
; K13      ;            ; --       ; VCC                                            ; power  ;                       ; 1.2V    ; --         ;                 ; --       ; --           ;
; K14      ; 184        ; 6        ; RESERVED_INPUT_WITH_WEAK_PULLUP                ;        ;                       ;         ; Row I/O    ;                 ; no       ; On           ;
; K15      ; 186        ; 6        ; RESERVED_INPUT_WITH_WEAK_PULLUP                ;        ;                       ;         ; Row I/O    ;                 ; no       ; On           ;
; K16      ;            ; 6        ; VCCIO6                                         ; power  ;                       ; 2.5V    ; --         ;                 ; --       ; --           ;
; K17      ;            ; 6        ; VCCIO6                                         ; power  ;                       ; 2.5V    ; --         ;                 ; --       ; --           ;
; K18      ;            ;          ; NC                                             ;        ;                       ;         ; --         ;                 ; --       ; --           ;
; K19      ;            ;          ; NC                                             ;        ;                       ;         ; --         ;                 ; --       ; --           ;
; K20      ;            ;          ; NC                                             ;        ;                       ;         ; --         ;                 ; --       ; --           ;
; K21      ; 154        ; 6        ; RESERVED_INPUT_WITH_WEAK_PULLUP                ;        ;                       ;         ; Row I/O    ;                 ; no       ; On           ;
; K22      ; 152        ; 6        ; RESERVED_INPUT_WITH_WEAK_PULLUP                ;        ;                       ;         ; Row I/O    ;                 ; no       ; On           ;
; L1       ;            ;          ; NC                                             ;        ;                       ;         ; --         ;                 ; --       ; --           ;
; L2       ; 27         ; 1B       ; RESERVED_INPUT_WITH_WEAK_PULLUP                ;        ;                       ;         ; Row I/O    ;                 ; no       ; On           ;
; L3       ;            ;          ; DNU                                            ;        ;                       ;         ; --         ;                 ; --       ; --           ;
; L4       ; 24         ; 1B       ; ~ALTERA_TDI~ / RESERVED_INPUT_WITH_WEAK_PULLUP ; input  ; 2.5 V Schmitt Trigger ;         ; Row I/O    ; N               ; no       ; On           ;
; L5       ;            ;          ; GND                                            ; gnd    ;                       ;         ; --         ;                 ; --       ; --           ;
; L6       ;            ; 1A       ; VCCIO1A                                        ; power  ;                       ; 2.5V    ; --         ;                 ; --       ; --           ;
; L7       ;            ; 1B       ; VCCIO1B                                        ; power  ;                       ; 2.5V    ; --         ;                 ; --       ; --           ;
; L8       ; 28         ; 1B       ; RESERVED_INPUT_WITH_WEAK_PULLUP                ;        ;                       ;         ; Row I/O    ;                 ; no       ; On           ;
; L9       ; 30         ; 1B       ; RESERVED_INPUT_WITH_WEAK_PULLUP                ;        ;                       ;         ; Row I/O    ;                 ; no       ; On           ;
; L10      ;            ; --       ; VCC                                            ; power  ;                       ; 1.2V    ; --         ;                 ; --       ; --           ;
; L11      ;            ; --       ; VCC                                            ; power  ;                       ; 1.2V    ; --         ;                 ; --       ; --           ;
; L12      ;            ; --       ; VCC                                            ; power  ;                       ; 1.2V    ; --         ;                 ; --       ; --           ;
; L13      ;            ;          ; GND                                            ; gnd    ;                       ;         ; --         ;                 ; --       ; --           ;
; L14      ; 172        ; 6        ; RESERVED_INPUT_WITH_WEAK_PULLUP                ;        ;                       ;         ; Row I/O    ;                 ; no       ; On           ;
; L15      ; 174        ; 6        ; RESERVED_INPUT_WITH_WEAK_PULLUP                ;        ;                       ;         ; Row I/O    ;                 ; no       ; On           ;
; L16      ;            ; 6        ; VCCIO6                                         ; power  ;                       ; 2.5V    ; --         ;                 ; --       ; --           ;
; L17      ;            ;          ; GND                                            ; gnd    ;                       ;         ; --         ;                 ; --       ; --           ;
; L18      ; 178        ; 6        ; RESERVED_INPUT_WITH_WEAK_PULLUP                ;        ;                       ;         ; Row I/O    ;                 ; no       ; On           ;
; L19      ; 177        ; 6        ; RESERVED_INPUT_WITH_WEAK_PULLUP                ;        ;                       ;         ; Row I/O    ;                 ; no       ; On           ;
; L20      ; 179        ; 6        ; RESERVED_INPUT_WITH_WEAK_PULLUP                ;        ;                       ;         ; Row I/O    ;                 ; no       ; On           ;
; L21      ;            ;          ; GND                                            ; gnd    ;                       ;         ; --         ;                 ; --       ; --           ;
; L22      ; 146        ; 5        ; RESERVED_INPUT_WITH_WEAK_PULLUP                ;        ;                       ;         ; Row I/O    ;                 ; no       ; On           ;
; M1       ; 47         ; 2        ; RESERVED_INPUT_WITH_WEAK_PULLUP                ;        ;                       ;         ; Row I/O    ;                 ; no       ; On           ;
; M2       ; 45         ; 2        ; RESERVED_INPUT_WITH_WEAK_PULLUP                ;        ;                       ;         ; Row I/O    ;                 ; --       ; --           ;
; M3       ;            ;          ; NC                                             ;        ;                       ;         ; --         ;                 ; --       ; --           ;
; M4       ;            ;          ; NC                                             ;        ;                       ;         ; --         ;                 ; --       ; --           ;
; M5       ; 26         ; 1B       ; ~ALTERA_TDO~                                   ; output ; 2.5 V                 ;         ; Row I/O    ; N               ; no       ; Off          ;
; M6       ;            ; 1B       ; VCCIO1B                                        ; power  ;                       ; 2.5V    ; --         ;                 ; --       ; --           ;
; M7       ;            ;          ; GND                                            ; gnd    ;                       ;         ; --         ;                 ; --       ; --           ;
; M8       ; 40         ; 2        ; RESERVED_INPUT_WITH_WEAK_PULLUP                ;        ;                       ;         ; Row I/O    ;                 ; no       ; On           ;
; M9       ; 42         ; 2        ; RESERVED_INPUT_WITH_WEAK_PULLUP                ;        ;                       ;         ; Row I/O    ;                 ; no       ; On           ;
; M10      ;            ;          ; GND                                            ; gnd    ;                       ;         ; --         ;                 ; --       ; --           ;
; M11      ;            ; --       ; VCC                                            ; power  ;                       ; 1.2V    ; --         ;                 ; --       ; --           ;
; M12      ;            ; --       ; VCC                                            ; power  ;                       ; 1.2V    ; --         ;                 ; --       ; --           ;
; M13      ;            ; --       ; VCC                                            ; power  ;                       ; 1.2V    ; --         ;                 ; --       ; --           ;
; M14      ; 162        ; 6        ; RESERVED_INPUT_WITH_WEAK_PULLUP                ;        ;                       ;         ; Row I/O    ;                 ; no       ; On           ;
; M15      ; 160        ; 6        ; RESERVED_INPUT_WITH_WEAK_PULLUP                ;        ;                       ;         ; Row I/O    ;                 ; no       ; On           ;
; M16      ;            ;          ; GND                                            ; gnd    ;                       ;         ; --         ;                 ; --       ; --           ;
; M17      ;            ; 6        ; VCCIO6                                         ; power  ;                       ; 2.5V    ; --         ;                 ; --       ; --           ;
; M18      ; 176        ; 6        ; RESERVED_INPUT_WITH_WEAK_PULLUP                ;        ;                       ;         ; Row I/O    ;                 ; no       ; On           ;
; M19      ;            ;          ; GND                                            ; gnd    ;                       ;         ; --         ;                 ; --       ; --           ;
; M20      ; 165        ; 6        ; RESERVED_INPUT_WITH_WEAK_PULLUP                ;        ;                       ;         ; Row I/O    ;                 ; no       ; On           ;
; M21      ; 144        ; 5        ; RESERVED_INPUT_WITH_WEAK_PULLUP                ;        ;                       ;         ; Row I/O    ;                 ; no       ; On           ;
; M22      ; 147        ; 5        ; RESERVED_INPUT_WITH_WEAK_PULLUP                ;        ;                       ;         ; Row I/O    ;                 ; no       ; On           ;
; N1       ; 55         ; 2        ; RESERVED_INPUT_WITH_WEAK_PULLUP                ;        ;                       ;         ; Row I/O    ;                 ; no       ; On           ;
; N2       ; 43         ; 2        ; RESERVED_INPUT_WITH_WEAK_PULLUP                ;        ;                       ;         ; Row I/O    ;                 ; no       ; On           ;
; N3       ; 41         ; 2        ; RESERVED_INPUT_WITH_WEAK_PULLUP                ;        ;                       ;         ; Row I/O    ;                 ; no       ; On           ;
; N4       ; 36         ; 2        ; RESERVED_INPUT_WITH_WEAK_PULLUP                ;        ;                       ;         ; Row I/O    ;                 ; no       ; On           ;
; N5       ; 38         ; 2        ; RESERVED_INPUT_WITH_WEAK_PULLUP                ;        ;                       ;         ; Row I/O    ;                 ; no       ; On           ;
; N6       ;            ; 2        ; VCCIO2                                         ; power  ;                       ; 2.5V    ; --         ;                 ; --       ; --           ;
; N7       ;            ; 2        ; VCCIO2                                         ; power  ;                       ; 2.5V    ; --         ;                 ; --       ; --           ;
; N8       ; 52         ; 2        ; RESERVED_INPUT_WITH_WEAK_PULLUP                ;        ;                       ;         ; Row I/O    ;                 ; no       ; On           ;
; N9       ; 54         ; 2        ; RESERVED_INPUT_WITH_WEAK_PULLUP                ;        ;                       ;         ; Row I/O    ;                 ; no       ; On           ;
; N10      ;            ; --       ; VCC                                            ; power  ;                       ; 1.2V    ; --         ;                 ; --       ; --           ;
; N11      ;            ;          ; GND                                            ; gnd    ;                       ;         ; --         ;                 ; --       ; --           ;
; N12      ;            ; --       ; VCC                                            ; power  ;                       ; 1.2V    ; --         ;                 ; --       ; --           ;
; N13      ;            ;          ; GND                                            ; gnd    ;                       ;         ; --         ;                 ; --       ; --           ;
; N14      ; 148        ; 6        ; RESERVED_INPUT_WITH_WEAK_PULLUP                ;        ;                       ;         ; Row I/O    ;                 ; no       ; On           ;
; N15      ; 150        ; 6        ; RESERVED_INPUT_WITH_WEAK_PULLUP                ;        ;                       ;         ; Row I/O    ;                 ; no       ; On           ;
; N16      ;            ; 5        ; VCCIO5                                         ; power  ;                       ; 2.5V    ; --         ;                 ; --       ; --           ;
; N17      ;            ; 6        ; VCCIO6                                         ; power  ;                       ; 2.5V    ; --         ;                 ; --       ; --           ;
; N18      ; 164        ; 6        ; RESERVED_INPUT_WITH_WEAK_PULLUP                ;        ;                       ;         ; Row I/O    ;                 ; no       ; On           ;
; N19      ; 166        ; 6        ; RESERVED_INPUT_WITH_WEAK_PULLUP                ;        ;                       ;         ; Row I/O    ;                 ; no       ; On           ;
; N20      ; 167        ; 6        ; RESERVED_INPUT_WITH_WEAK_PULLUP                ;        ;                       ;         ; Row I/O    ;                 ; no       ; On           ;
; N21      ; 145        ; 5        ; RESERVED_INPUT_WITH_WEAK_PULLUP                ;        ;                       ;         ; Row I/O    ;                 ; no       ; On           ;
; N22      ; 139        ; 5        ; RESERVED_INPUT_WITH_WEAK_PULLUP                ;        ;                       ;         ; Row I/O    ;                 ; no       ; On           ;
; P1       ; 53         ; 2        ; RESERVED_INPUT_WITH_WEAK_PULLUP                ;        ;                       ;         ; Row I/O    ;                 ; no       ; On           ;
; P2       ;            ;          ; GND                                            ; gnd    ;                       ;         ; --         ;                 ; --       ; --           ;
; P3       ; 44         ; 2        ; RESERVED_INPUT_WITH_WEAK_PULLUP                ;        ;                       ;         ; Row I/O    ;                 ; no       ; On           ;
; P4       ; 37         ; 2        ; RESERVED_INPUT_WITH_WEAK_PULLUP                ;        ;                       ;         ; Row I/O    ;                 ; no       ; On           ;
; P5       ; 39         ; 2        ; RESERVED_INPUT_WITH_WEAK_PULLUP                ;        ;                       ;         ; Row I/O    ;                 ; no       ; On           ;
; P6       ;            ;          ; GND                                            ; gnd    ;                       ;         ; --         ;                 ; --       ; --           ;
; P7       ;            ; 2        ; VCCIO2                                         ; power  ;                       ; 2.5V    ; --         ;                 ; --       ; --           ;
; P8       ;            ;          ; NC                                             ;        ;                       ;         ; --         ;                 ; --       ; --           ;
; P9       ;            ;          ; NC                                             ;        ;                       ;         ; --         ;                 ; --       ; --           ;
; P10      ; 78         ; 3        ; RESERVED_INPUT_WITH_WEAK_PULLUP                ;        ;                       ;         ; Column I/O ;                 ; no       ; On           ;
; P11      ; 90         ; 3        ; RESERVED_INPUT_WITH_WEAK_PULLUP                ;        ;                       ;         ; Column I/O ;                 ; no       ; On           ;
; P12      ;            ;          ; NC                                             ;        ;                       ;         ; --         ;                 ; --       ; --           ;
; P13      ; 102        ; 4        ; RESERVED_INPUT_WITH_WEAK_PULLUP                ;        ;                       ;         ; Column I/O ;                 ; no       ; On           ;
; P14      ; 138        ; 5        ; RESERVED_INPUT_WITH_WEAK_PULLUP                ;        ;                       ;         ; Row I/O    ;                 ; no       ; On           ;
; P15      ; 136        ; 5        ; RESERVED_INPUT_WITH_WEAK_PULLUP                ;        ;                       ;         ; Row I/O    ;                 ; no       ; On           ;
; P16      ;            ; 5        ; VCCIO5                                         ; power  ;                       ; 2.5V    ; --         ;                 ; --       ; --           ;
; P17      ;            ;          ; GND                                            ; gnd    ;                       ;         ; --         ;                 ; --       ; --           ;
; P18      ; 142        ; 5        ; RESERVED_INPUT_WITH_WEAK_PULLUP                ;        ;                       ;         ; Row I/O    ;                 ; no       ; On           ;
; P19      ; 141        ; 5        ; RESERVED_INPUT_WITH_WEAK_PULLUP                ;        ;                       ;         ; Row I/O    ;                 ; no       ; On           ;
; P20      ; 143        ; 5        ; RESERVED_INPUT_WITH_WEAK_PULLUP                ;        ;                       ;         ; Row I/O    ;                 ; no       ; On           ;
; P21      ; 137        ; 5        ; RESERVED_INPUT_WITH_WEAK_PULLUP                ;        ;                       ;         ; Row I/O    ;                 ; no       ; On           ;
; P22      ; 135        ; 5        ; RESERVED_INPUT_WITH_WEAK_PULLUP                ;        ;                       ;         ; Row I/O    ;                 ; --       ; --           ;
; R1       ; 57         ; 2        ; RESERVED_INPUT_WITH_WEAK_PULLUP                ;        ;                       ;         ; Row I/O    ;                 ; no       ; On           ;
; R2       ; 59         ; 2        ; RESERVED_INPUT_WITH_WEAK_PULLUP                ;        ;                       ;         ; Row I/O    ;                 ; no       ; On           ;
; R3       ; 46         ; 2        ; RESERVED_INPUT_WITH_WEAK_PULLUP                ;        ;                       ;         ; Row I/O    ;                 ; no       ; On           ;
; R4       ; 48         ; 2        ; RESERVED_INPUT_WITH_WEAK_PULLUP                ;        ;                       ;         ; Row I/O    ;                 ; no       ; On           ;
; R5       ; 50         ; 2        ; RESERVED_INPUT_WITH_WEAK_PULLUP                ;        ;                       ;         ; Row I/O    ;                 ; no       ; On           ;
; R6       ;            ; 2        ; VCCIO2                                         ; power  ;                       ; 2.5V    ; --         ;                 ; --       ; --           ;
; R7       ;            ;          ; NC                                             ;        ;                       ;         ; --         ;                 ; --       ; --           ;
; R8       ;            ; --       ; VCCA1                                          ; power  ;                       ; 2.5V    ; --         ;                 ; --       ; --           ;
; R9       ;            ;          ; NC                                             ;        ;                       ;         ; --         ;                 ; --       ; --           ;
; R10      ; 76         ; 3        ; RESERVED_INPUT_WITH_WEAK_PULLUP                ;        ;                       ;         ; Column I/O ;                 ; no       ; On           ;
; R11      ; 88         ; 3        ; RESERVED_INPUT_WITH_WEAK_PULLUP                ;        ;                       ;         ; Column I/O ;                 ; no       ; On           ;
; R12      ;            ;          ; NC                                             ;        ;                       ;         ; --         ;                 ; --       ; --           ;
; R13      ; 100        ; 4        ; RESERVED_INPUT_WITH_WEAK_PULLUP                ;        ;                       ;         ; Column I/O ;                 ; no       ; On           ;
; R14      ; 126        ; 5        ; RESERVED_INPUT_WITH_WEAK_PULLUP                ;        ;                       ;         ; Row I/O    ;                 ; no       ; On           ;
; R15      ; 124        ; 5        ; RESERVED_INPUT_WITH_WEAK_PULLUP                ;        ;                       ;         ; Row I/O    ;                 ; no       ; On           ;
; R16      ;            ; 5        ; VCCIO5                                         ; power  ;                       ; 2.5V    ; --         ;                 ; --       ; --           ;
; R17      ;            ; 5        ; VCCIO5                                         ; power  ;                       ; 2.5V    ; --         ;                 ; --       ; --           ;
; R18      ; 140        ; 5        ; RESERVED_INPUT_WITH_WEAK_PULLUP                ;        ;                       ;         ; Row I/O    ;                 ; no       ; On           ;
; R19      ;            ;          ; GND                                            ; gnd    ;                       ;         ; --         ;                 ; --       ; --           ;
; R20      ; 131        ; 5        ; RESERVED_INPUT_WITH_WEAK_PULLUP                ;        ;                       ;         ; Row I/O    ;                 ; no       ; On           ;
; R21      ;            ;          ; GND                                            ; gnd    ;                       ;         ; --         ;                 ; --       ; --           ;
; R22      ; 133        ; 5        ; RESERVED_INPUT_WITH_WEAK_PULLUP                ;        ;                       ;         ; Row I/O    ;                 ; no       ; On           ;
; T1       ; 49         ; 2        ; RESERVED_INPUT_WITH_WEAK_PULLUP                ;        ;                       ;         ; Row I/O    ;                 ; no       ; On           ;
; T2       ; 51         ; 2        ; RESERVED_INPUT_WITH_WEAK_PULLUP                ;        ;                       ;         ; Row I/O    ;                 ; no       ; On           ;
; T3       ;            ;          ; NC                                             ;        ;                       ;         ; --         ;                 ; --       ; --           ;
; T4       ;            ;          ; GND                                            ; gnd    ;                       ;         ; --         ;                 ; --       ; --           ;
; T5       ; 56         ; 2        ; RESERVED_INPUT_WITH_WEAK_PULLUP                ;        ;                       ;         ; Row I/O    ;                 ; no       ; On           ;
; T6       ; 58         ; 2        ; RESERVED_INPUT_WITH_WEAK_PULLUP                ;        ;                       ;         ; Row I/O    ;                 ; no       ; On           ;
; T7       ;            ;          ; VCCD_PLL1                                      ; power  ;                       ; 1.2V    ; --         ;                 ; --       ; --           ;
; T8       ;            ;          ; GND                                            ; gnd    ;                       ;         ; --         ;                 ; --       ; --           ;
; T9       ;            ; 3        ; VCCIO3                                         ; power  ;                       ; 2.5V    ; --         ;                 ; --       ; --           ;
; T10      ;            ; 3        ; VCCIO3                                         ; power  ;                       ; 2.5V    ; --         ;                 ; --       ; --           ;
; T11      ;            ; 3        ; VCCIO3                                         ; power  ;                       ; 2.5V    ; --         ;                 ; --       ; --           ;
; T12      ;            ; 4        ; VCCIO4                                         ; power  ;                       ; 2.5V    ; --         ;                 ; --       ; --           ;
; T13      ;            ; 4        ; VCCIO4                                         ; power  ;                       ; 2.5V    ; --         ;                 ; --       ; --           ;
; T14      ;            ;          ; GND                                            ; gnd    ;                       ;         ; --         ;                 ; --       ; --           ;
; T15      ;            ; --       ; VCCA4                                          ; power  ;                       ; 2.5V    ; --         ;                 ; --       ; --           ;
; T16      ;            ;          ; GND                                            ; gnd    ;                       ;         ; --         ;                 ; --       ; --           ;
; T17      ;            ; 5        ; VCCIO5                                         ; power  ;                       ; 2.5V    ; --         ;                 ; --       ; --           ;
; T18      ; 130        ; 5        ; RESERVED_INPUT_WITH_WEAK_PULLUP                ;        ;                       ;         ; Row I/O    ;                 ; no       ; On           ;
; T19      ; 128        ; 5        ; RESERVED_INPUT_WITH_WEAK_PULLUP                ;        ;                       ;         ; Row I/O    ;                 ; no       ; On           ;
; T20      ; 129        ; 5        ; RESERVED_INPUT_WITH_WEAK_PULLUP                ;        ;                       ;         ; Row I/O    ;                 ; no       ; On           ;
; T21      ; 125        ; 5        ; RESERVED_INPUT_WITH_WEAK_PULLUP                ;        ;                       ;         ; Row I/O    ;                 ; no       ; On           ;
; T22      ; 127        ; 5        ; RESERVED_INPUT_WITH_WEAK_PULLUP                ;        ;                       ;         ; Row I/O    ;                 ; no       ; On           ;
; U1       ;            ;          ; NC                                             ;        ;                       ;         ; --         ;                 ; --       ; --           ;
; U2       ;            ;          ; NC                                             ;        ;                       ;         ; --         ;                 ; --       ; --           ;
; U3       ;            ;          ; NC                                             ;        ;                       ;         ; --         ;                 ; --       ; --           ;
; U4       ;            ;          ; NC                                             ;        ;                       ;         ; --         ;                 ; --       ; --           ;
; U5       ;            ;          ; NC                                             ;        ;                       ;         ; --         ;                 ; --       ; --           ;
; U6       ; 64         ; 3        ; RESERVED_INPUT_WITH_WEAK_PULLUP                ;        ;                       ;         ; Column I/O ;                 ; no       ; On           ;
; U7       ; 66         ; 3        ; RESERVED_INPUT_WITH_WEAK_PULLUP                ;        ;                       ;         ; Column I/O ;                 ; no       ; On           ;
; U8       ;            ; 3        ; VCCIO3                                         ; power  ;                       ; 2.5V    ; --         ;                 ; --       ; --           ;
; U9       ;            ; 3        ; VCCIO3                                         ; power  ;                       ; 2.5V    ; --         ;                 ; --       ; --           ;
; U10      ;            ;          ; GND                                            ; gnd    ;                       ;         ; --         ;                 ; --       ; --           ;
; U11      ;            ; 4        ; VCCIO4                                         ; power  ;                       ; 2.5V    ; --         ;                 ; --       ; --           ;
; U12      ;            ; 4        ; VCCIO4                                         ; power  ;                       ; 2.5V    ; --         ;                 ; --       ; --           ;
; U13      ;            ;          ; GND                                            ; gnd    ;                       ;         ; --         ;                 ; --       ; --           ;
; U14      ;            ; 4        ; VCCIO4                                         ; power  ;                       ; 2.5V    ; --         ;                 ; --       ; --           ;
; U15      ; 112        ; 4        ; RESERVED_INPUT_WITH_WEAK_PULLUP                ;        ;                       ;         ; Column I/O ;                 ; no       ; On           ;
; U16      ;            ;          ; NC                                             ;        ;                       ;         ; --         ;                 ; --       ; --           ;
; U17      ; 122        ; 5        ; RESERVED_INPUT_WITH_WEAK_PULLUP                ;        ;                       ;         ; Row I/O    ;                 ; no       ; On           ;
; U18      ; 120        ; 5        ; RESERVED_INPUT_WITH_WEAK_PULLUP                ;        ;                       ;         ; Row I/O    ;                 ; no       ; On           ;
; U19      ;            ;          ; NC                                             ;        ;                       ;         ; --         ;                 ; --       ; --           ;
; U20      ;            ;          ; NC                                             ;        ;                       ;         ; --         ;                 ; --       ; --           ;
; U21      ; 132        ; 5        ; RESERVED_INPUT_WITH_WEAK_PULLUP                ;        ;                       ;         ; Row I/O    ;                 ; no       ; On           ;
; U22      ; 134        ; 5        ; RESERVED_INPUT_WITH_WEAK_PULLUP                ;        ;                       ;         ; Row I/O    ;                 ; no       ; On           ;
; V1       ;            ;          ; NC                                             ;        ;                       ;         ; --         ;                 ; --       ; --           ;
; V2       ;            ;          ; GND                                            ; gnd    ;                       ;         ; --         ;                 ; --       ; --           ;
; V3       ;            ;          ; NC                                             ;        ;                       ;         ; --         ;                 ; --       ; --           ;
; V4       ; 61         ; 3        ; RESERVED_INPUT_WITH_WEAK_PULLUP                ;        ;                       ;         ; Column I/O ;                 ; no       ; On           ;
; V5       ; 63         ; 3        ; RESERVED_INPUT_WITH_WEAK_PULLUP                ;        ;                       ;         ; Column I/O ;                 ; no       ; On           ;
; V6       ;            ;          ; GND                                            ; gnd    ;                       ;         ; --         ;                 ; --       ; --           ;
; V7       ;            ;          ; NC                                             ;        ;                       ;         ; --         ;                 ; --       ; --           ;
; V8       ;            ;          ; NC                                             ;        ;                       ;         ; --         ;                 ; --       ; --           ;
; V9       ; 84         ; 3        ; RESERVED_INPUT_WITH_WEAK_PULLUP                ;        ;                       ;         ; Column I/O ;                 ; no       ; On           ;
; V10      ; 86         ; 3        ; RESERVED_INPUT_WITH_WEAK_PULLUP                ;        ;                       ;         ; Column I/O ;                 ; no       ; On           ;
; V11      ;            ;          ; NC                                             ;        ;                       ;         ; --         ;                 ; --       ; --           ;
; V12      ;            ;          ; NC                                             ;        ;                       ;         ; --         ;                 ; --       ; --           ;
; V13      ; 96         ; 4        ; RESERVED_INPUT_WITH_WEAK_PULLUP                ;        ;                       ;         ; Column I/O ;                 ; no       ; On           ;
; V14      ; 108        ; 4        ; RESERVED_INPUT_WITH_WEAK_PULLUP                ;        ;                       ;         ; Column I/O ;                 ; no       ; On           ;
; V15      ;            ;          ; NC                                             ;        ;                       ;         ; --         ;                 ; --       ; --           ;
; V16      ; 114        ; 4        ; RESERVED_INPUT_WITH_WEAK_PULLUP                ;        ;                       ;         ; Column I/O ;                 ; no       ; On           ;
; V17      ; 118        ; 4        ; RESERVED_INPUT_WITH_WEAK_PULLUP                ;        ;                       ;         ; Column I/O ;                 ; no       ; On           ;
; V18      ;            ;          ; NC                                             ;        ;                       ;         ; --         ;                 ; --       ; --           ;
; V19      ;            ;          ; GND                                            ; gnd    ;                       ;         ; --         ;                 ; --       ; --           ;
; V20      ;            ;          ; NC                                             ;        ;                       ;         ; --         ;                 ; --       ; --           ;
; V21      ;            ;          ; NC                                             ;        ;                       ;         ; --         ;                 ; --       ; --           ;
; V22      ;            ;          ; NC                                             ;        ;                       ;         ; --         ;                 ; --       ; --           ;
; W1       ;            ;          ; NC                                             ;        ;                       ;         ; --         ;                 ; --       ; --           ;
; W2       ;            ;          ; NC                                             ;        ;                       ;         ; --         ;                 ; --       ; --           ;
; W3       ; 70         ; 3        ; RESERVED_INPUT_WITH_WEAK_PULLUP                ;        ;                       ;         ; Column I/O ;                 ; no       ; On           ;
; W4       ; 68         ; 3        ; RESERVED_INPUT_WITH_WEAK_PULLUP                ;        ;                       ;         ; Column I/O ;                 ; no       ; On           ;
; W5       ; 60         ; 3        ; RESERVED_INPUT_WITH_WEAK_PULLUP                ;        ;                       ;         ; Column I/O ;                 ; no       ; On           ;
; W6       ; 62         ; 3        ; RESERVED_INPUT_WITH_WEAK_PULLUP                ;        ;                       ;         ; Column I/O ;                 ; no       ; On           ;
; W7       ; 72         ; 3        ; RESERVED_INPUT_WITH_WEAK_PULLUP                ;        ;                       ;         ; Column I/O ;                 ; no       ; On           ;
; W8       ; 74         ; 3        ; RESERVED_INPUT_WITH_WEAK_PULLUP                ;        ;                       ;         ; Column I/O ;                 ; no       ; On           ;
; W9       ;            ;          ; NC                                             ;        ;                       ;         ; --         ;                 ; --       ; --           ;
; W10      ;            ;          ; NC                                             ;        ;                       ;         ; --         ;                 ; --       ; --           ;
; W11      ;            ;          ; NC                                             ;        ;                       ;         ; --         ;                 ; --       ; --           ;
; W12      ; 97         ; 4        ; RESERVED_INPUT_WITH_WEAK_PULLUP                ;        ;                       ;         ; Column I/O ;                 ; no       ; On           ;
; W13      ; 99         ; 4        ; RESERVED_INPUT_WITH_WEAK_PULLUP                ;        ;                       ;         ; Column I/O ;                 ; no       ; On           ;
; W14      ; 98         ; 4        ; RESERVED_INPUT_WITH_WEAK_PULLUP                ;        ;                       ;         ; Column I/O ;                 ; no       ; On           ;
; W15      ; 110        ; 4        ; RESERVED_INPUT_WITH_WEAK_PULLUP                ;        ;                       ;         ; Column I/O ;                 ; no       ; On           ;
; W16      ;            ;          ; NC                                             ;        ;                       ;         ; --         ;                 ; --       ; --           ;
; W17      ; 116        ; 4        ; RESERVED_INPUT_WITH_WEAK_PULLUP                ;        ;                       ;         ; Column I/O ;                 ; no       ; On           ;
; W18      ;            ;          ; NC                                             ;        ;                       ;         ; --         ;                 ; --       ; --           ;
; W19      ;            ;          ; NC                                             ;        ;                       ;         ; --         ;                 ; --       ; --           ;
; W20      ;            ;          ; NC                                             ;        ;                       ;         ; --         ;                 ; --       ; --           ;
; W21      ;            ;          ; GND                                            ; gnd    ;                       ;         ; --         ;                 ; --       ; --           ;
; W22      ;            ;          ; NC                                             ;        ;                       ;         ; --         ;                 ; --       ; --           ;
; Y1       ; 65         ; 3        ; RESERVED_INPUT_WITH_WEAK_PULLUP                ;        ;                       ;         ; Column I/O ;                 ; no       ; On           ;
; Y2       ; 67         ; 3        ; RESERVED_INPUT_WITH_WEAK_PULLUP                ;        ;                       ;         ; Column I/O ;                 ; no       ; On           ;
; Y3       ; 73         ; 3        ; RESERVED_INPUT_WITH_WEAK_PULLUP                ;        ;                       ;         ; Column I/O ;                 ; no       ; On           ;
; Y4       ; 75         ; 3        ; RESERVED_INPUT_WITH_WEAK_PULLUP                ;        ;                       ;         ; Column I/O ;                 ; no       ; On           ;
; Y5       ;            ;          ; NC                                             ;        ;                       ;         ; --         ;                 ; --       ; --           ;
; Y6       ;            ;          ; NC                                             ;        ;                       ;         ; --         ;                 ; --       ; --           ;
; Y7       ;            ;          ; NC                                             ;        ;                       ;         ; --         ;                 ; --       ; --           ;
; Y8       ;            ;          ; NC                                             ;        ;                       ;         ; --         ;                 ; --       ; --           ;
; Y9       ;            ;          ; GND                                            ; gnd    ;                       ;         ; --         ;                 ; --       ; --           ;
; Y10      ; 92         ; 3        ; RESERVED_INPUT_WITH_WEAK_PULLUP                ;        ;                       ;         ; Column I/O ;                 ; no       ; On           ;
; Y11      ;            ;          ; NC                                             ;        ;                       ;         ; --         ;                 ; --       ; --           ;
; Y12      ;            ;          ; GND                                            ; gnd    ;                       ;         ; --         ;                 ; --       ; --           ;
; Y13      ; 104        ; 4        ; RESERVED_INPUT_WITH_WEAK_PULLUP                ;        ;                       ;         ; Column I/O ;                 ; no       ; On           ;
; Y14      ; 106        ; 4        ; RESERVED_INPUT_WITH_WEAK_PULLUP                ;        ;                       ;         ; Column I/O ;                 ; no       ; On           ;
; Y15      ;            ;          ; GND                                            ; gnd    ;                       ;         ; --         ;                 ; --       ; --           ;
; Y16      ; 111        ; 4        ; RESERVED_INPUT_WITH_WEAK_PULLUP                ;        ;                       ;         ; Column I/O ;                 ; no       ; On           ;
; Y17      ;            ;          ; NC                                             ;        ;                       ;         ; --         ;                 ; --       ; --           ;
; Y18      ;            ;          ; NC                                             ;        ;                       ;         ; --         ;                 ; --       ; --           ;
; Y19      ;            ;          ; NC                                             ;        ;                       ;         ; --         ;                 ; --       ; --           ;
; Y20      ;            ;          ; NC                                             ;        ;                       ;         ; --         ;                 ; --       ; --           ;
; Y21      ;            ;          ; NC                                             ;        ;                       ;         ; --         ;                 ; --       ; --           ;
; Y22      ;            ;          ; NC                                             ;        ;                       ;         ; --         ;                 ; --       ; --           ;
+----------+------------+----------+------------------------------------------------+--------+-----------------------+---------+------------+-----------------+----------+--------------+
Note: Pin directions (input, output or bidir) are based on device operating in user mode.


+------------------------------------------------------------------------------------------------------------------------------------------------------------------------------------------------------------------------------------------------------------------------------------------------------------------------------------------------------------------------------------------------------------------------------------+
; Fitter Resource Utilization by Entity                                                                                                                                                                                                                                                                                                                                                                                              ;
+---------------------------------------------+-------------+---------------------------+---------------+-------------+------+------------+--------------+---------+-----------+------+--------------+--------------+-------------------+------------------+------------+--------------------------------------------------------------------------------------------------------------------+------------------------+--------------+
; Compilation Hierarchy Node                  ; Logic Cells ; Dedicated Logic Registers ; I/O Registers ; Memory Bits ; M9Ks ; UFM Blocks ; DSP Elements ; DSP 9x9 ; DSP 18x18 ; Pins ; Virtual Pins ; LUT-Only LCs ; Register-Only LCs ; LUT/Register LCs ; ADC blocks ; Full Hierarchy Name                                                                                                ; Entity Name            ; Library Name ;
+---------------------------------------------+-------------+---------------------------+---------------+-------------+------+------------+--------------+---------+-----------+------+--------------+--------------+-------------------+------------------+------------+--------------------------------------------------------------------------------------------------------------------+------------------------+--------------+
; |aes128_baseline                            ; 4943 (1)    ; 398 (0)                   ; 0 (0)         ; 0           ; 0    ; 1          ; 0            ; 0       ; 0         ; 0    ; 389          ; 4545 (1)     ; 1 (0)             ; 397 (0)          ; 0          ; |aes128_baseline                                                                                                   ; aes128_baseline        ; work         ;
;    |aes_core:u_aes_core|                    ; 4942 (443)  ; 398 (398)                 ; 0 (0)         ; 0           ; 0    ; 0          ; 0            ; 0       ; 0         ; 0    ; 0            ; 4544 (45)    ; 1 (1)             ; 397 (269)        ; 0          ; |aes128_baseline|aes_core:u_aes_core                                                                               ; aes_core               ; work         ;
;       |aes_round:u_aes_round|               ; 3704 (87)   ; 0 (0)                     ; 0 (0)         ; 0           ; 0    ; 0          ; 0            ; 0       ; 0         ; 0    ; 0            ; 3576 (87)    ; 0 (0)             ; 128 (0)          ; 0          ; |aes128_baseline|aes_core:u_aes_core|aes_round:u_aes_round                                                         ; aes_round              ; work         ;
;          |add_roundkey:u_add_roundkey|      ; 164 (164)   ; 0 (0)                     ; 0 (0)         ; 0           ; 0    ; 0          ; 0            ; 0       ; 0         ; 0    ; 0            ; 36 (36)      ; 0 (0)             ; 128 (128)        ; 0          ; |aes128_baseline|aes_core:u_aes_core|aes_round:u_aes_round|add_roundkey:u_add_roundkey                             ; add_roundkey           ; work         ;
;          |mix_columns:u_mix_columns|        ; 125 (0)     ; 0 (0)                     ; 0 (0)         ; 0           ; 0    ; 0          ; 0            ; 0       ; 0         ; 0    ; 0            ; 125 (0)      ; 0 (0)             ; 0 (0)            ; 0          ; |aes128_baseline|aes_core:u_aes_core|aes_round:u_aes_round|mix_columns:u_mix_columns                               ; mix_columns            ; work         ;
;             |mix_columns_one_column:u_col0| ; 27 (27)     ; 0 (0)                     ; 0 (0)         ; 0           ; 0    ; 0          ; 0            ; 0       ; 0         ; 0    ; 0            ; 27 (27)      ; 0 (0)             ; 0 (0)            ; 0          ; |aes128_baseline|aes_core:u_aes_core|aes_round:u_aes_round|mix_columns:u_mix_columns|mix_columns_one_column:u_col0 ; mix_columns_one_column ; work         ;
;             |mix_columns_one_column:u_col1| ; 36 (36)     ; 0 (0)                     ; 0 (0)         ; 0           ; 0    ; 0          ; 0            ; 0       ; 0         ; 0    ; 0            ; 36 (36)      ; 0 (0)             ; 0 (0)            ; 0          ; |aes128_baseline|aes_core:u_aes_core|aes_round:u_aes_round|mix_columns:u_mix_columns|mix_columns_one_column:u_col1 ; mix_columns_one_column ; work         ;
;             |mix_columns_one_column:u_col2| ; 30 (30)     ; 0 (0)                     ; 0 (0)         ; 0           ; 0    ; 0          ; 0            ; 0       ; 0         ; 0    ; 0            ; 30 (30)      ; 0 (0)             ; 0 (0)            ; 0          ; |aes128_baseline|aes_core:u_aes_core|aes_round:u_aes_round|mix_columns:u_mix_columns|mix_columns_one_column:u_col2 ; mix_columns_one_column ; work         ;
;             |mix_columns_one_column:u_col3| ; 32 (32)     ; 0 (0)                     ; 0 (0)         ; 0           ; 0    ; 0          ; 0            ; 0       ; 0         ; 0    ; 0            ; 32 (32)      ; 0 (0)             ; 0 (0)            ; 0          ; |aes128_baseline|aes_core:u_aes_core|aes_round:u_aes_round|mix_columns:u_mix_columns|mix_columns_one_column:u_col3 ; mix_columns_one_column ; work         ;
;          |sub_bytes:u_sub_bytes|            ; 3328 (0)    ; 0 (0)                     ; 0 (0)         ; 0           ; 0    ; 0          ; 0            ; 0       ; 0         ; 0    ; 0            ; 3328 (0)     ; 0 (0)             ; 0 (0)            ; 0          ; |aes128_baseline|aes_core:u_aes_core|aes_round:u_aes_round|sub_bytes:u_sub_bytes                                   ; sub_bytes              ; work         ;
;             |sbox:gen_sbox[0].u_sbox|       ; 208 (208)   ; 0 (0)                     ; 0 (0)         ; 0           ; 0    ; 0          ; 0            ; 0       ; 0         ; 0    ; 0            ; 208 (208)    ; 0 (0)             ; 0 (0)            ; 0          ; |aes128_baseline|aes_core:u_aes_core|aes_round:u_aes_round|sub_bytes:u_sub_bytes|sbox:gen_sbox[0].u_sbox           ; sbox                   ; work         ;
;             |sbox:gen_sbox[10].u_sbox|      ; 208 (208)   ; 0 (0)                     ; 0 (0)         ; 0           ; 0    ; 0          ; 0            ; 0       ; 0         ; 0    ; 0            ; 208 (208)    ; 0 (0)             ; 0 (0)            ; 0          ; |aes128_baseline|aes_core:u_aes_core|aes_round:u_aes_round|sub_bytes:u_sub_bytes|sbox:gen_sbox[10].u_sbox          ; sbox                   ; work         ;
;             |sbox:gen_sbox[11].u_sbox|      ; 208 (208)   ; 0 (0)                     ; 0 (0)         ; 0           ; 0    ; 0          ; 0            ; 0       ; 0         ; 0    ; 0            ; 208 (208)    ; 0 (0)             ; 0 (0)            ; 0          ; |aes128_baseline|aes_core:u_aes_core|aes_round:u_aes_round|sub_bytes:u_sub_bytes|sbox:gen_sbox[11].u_sbox          ; sbox                   ; work         ;
;             |sbox:gen_sbox[12].u_sbox|      ; 208 (208)   ; 0 (0)                     ; 0 (0)         ; 0           ; 0    ; 0          ; 0            ; 0       ; 0         ; 0    ; 0            ; 208 (208)    ; 0 (0)             ; 0 (0)            ; 0          ; |aes128_baseline|aes_core:u_aes_core|aes_round:u_aes_round|sub_bytes:u_sub_bytes|sbox:gen_sbox[12].u_sbox          ; sbox                   ; work         ;
;             |sbox:gen_sbox[13].u_sbox|      ; 208 (208)   ; 0 (0)                     ; 0 (0)         ; 0           ; 0    ; 0          ; 0            ; 0       ; 0         ; 0    ; 0            ; 208 (208)    ; 0 (0)             ; 0 (0)            ; 0          ; |aes128_baseline|aes_core:u_aes_core|aes_round:u_aes_round|sub_bytes:u_sub_bytes|sbox:gen_sbox[13].u_sbox          ; sbox                   ; work         ;
;             |sbox:gen_sbox[14].u_sbox|      ; 208 (208)   ; 0 (0)                     ; 0 (0)         ; 0           ; 0    ; 0          ; 0            ; 0       ; 0         ; 0    ; 0            ; 208 (208)    ; 0 (0)             ; 0 (0)            ; 0          ; |aes128_baseline|aes_core:u_aes_core|aes_round:u_aes_round|sub_bytes:u_sub_bytes|sbox:gen_sbox[14].u_sbox          ; sbox                   ; work         ;
;             |sbox:gen_sbox[15].u_sbox|      ; 208 (208)   ; 0 (0)                     ; 0 (0)         ; 0           ; 0    ; 0          ; 0            ; 0       ; 0         ; 0    ; 0            ; 208 (208)    ; 0 (0)             ; 0 (0)            ; 0          ; |aes128_baseline|aes_core:u_aes_core|aes_round:u_aes_round|sub_bytes:u_sub_bytes|sbox:gen_sbox[15].u_sbox          ; sbox                   ; work         ;
;             |sbox:gen_sbox[1].u_sbox|       ; 208 (208)   ; 0 (0)                     ; 0 (0)         ; 0           ; 0    ; 0          ; 0            ; 0       ; 0         ; 0    ; 0            ; 208 (208)    ; 0 (0)             ; 0 (0)            ; 0          ; |aes128_baseline|aes_core:u_aes_core|aes_round:u_aes_round|sub_bytes:u_sub_bytes|sbox:gen_sbox[1].u_sbox           ; sbox                   ; work         ;
;             |sbox:gen_sbox[2].u_sbox|       ; 208 (208)   ; 0 (0)                     ; 0 (0)         ; 0           ; 0    ; 0          ; 0            ; 0       ; 0         ; 0    ; 0            ; 208 (208)    ; 0 (0)             ; 0 (0)            ; 0          ; |aes128_baseline|aes_core:u_aes_core|aes_round:u_aes_round|sub_bytes:u_sub_bytes|sbox:gen_sbox[2].u_sbox           ; sbox                   ; work         ;
;             |sbox:gen_sbox[3].u_sbox|       ; 208 (208)   ; 0 (0)                     ; 0 (0)         ; 0           ; 0    ; 0          ; 0            ; 0       ; 0         ; 0    ; 0            ; 208 (208)    ; 0 (0)             ; 0 (0)            ; 0          ; |aes128_baseline|aes_core:u_aes_core|aes_round:u_aes_round|sub_bytes:u_sub_bytes|sbox:gen_sbox[3].u_sbox           ; sbox                   ; work         ;
;             |sbox:gen_sbox[4].u_sbox|       ; 208 (208)   ; 0 (0)                     ; 0 (0)         ; 0           ; 0    ; 0          ; 0            ; 0       ; 0         ; 0    ; 0            ; 208 (208)    ; 0 (0)             ; 0 (0)            ; 0          ; |aes128_baseline|aes_core:u_aes_core|aes_round:u_aes_round|sub_bytes:u_sub_bytes|sbox:gen_sbox[4].u_sbox           ; sbox                   ; work         ;
;             |sbox:gen_sbox[5].u_sbox|       ; 208 (208)   ; 0 (0)                     ; 0 (0)         ; 0           ; 0    ; 0          ; 0            ; 0       ; 0         ; 0    ; 0            ; 208 (208)    ; 0 (0)             ; 0 (0)            ; 0          ; |aes128_baseline|aes_core:u_aes_core|aes_round:u_aes_round|sub_bytes:u_sub_bytes|sbox:gen_sbox[5].u_sbox           ; sbox                   ; work         ;
;             |sbox:gen_sbox[6].u_sbox|       ; 208 (208)   ; 0 (0)                     ; 0 (0)         ; 0           ; 0    ; 0          ; 0            ; 0       ; 0         ; 0    ; 0            ; 208 (208)    ; 0 (0)             ; 0 (0)            ; 0          ; |aes128_baseline|aes_core:u_aes_core|aes_round:u_aes_round|sub_bytes:u_sub_bytes|sbox:gen_sbox[6].u_sbox           ; sbox                   ; work         ;
;             |sbox:gen_sbox[7].u_sbox|       ; 208 (208)   ; 0 (0)                     ; 0 (0)         ; 0           ; 0    ; 0          ; 0            ; 0       ; 0         ; 0    ; 0            ; 208 (208)    ; 0 (0)             ; 0 (0)            ; 0          ; |aes128_baseline|aes_core:u_aes_core|aes_round:u_aes_round|sub_bytes:u_sub_bytes|sbox:gen_sbox[7].u_sbox           ; sbox                   ; work         ;
;             |sbox:gen_sbox[8].u_sbox|       ; 208 (208)   ; 0 (0)                     ; 0 (0)         ; 0           ; 0    ; 0          ; 0            ; 0       ; 0         ; 0    ; 0            ; 208 (208)    ; 0 (0)             ; 0 (0)            ; 0          ; |aes128_baseline|aes_core:u_aes_core|aes_round:u_aes_round|sub_bytes:u_sub_bytes|sbox:gen_sbox[8].u_sbox           ; sbox                   ; work         ;
;             |sbox:gen_sbox[9].u_sbox|       ; 208 (208)   ; 0 (0)                     ; 0 (0)         ; 0           ; 0    ; 0          ; 0            ; 0       ; 0         ; 0    ; 0            ; 208 (208)    ; 0 (0)             ; 0 (0)            ; 0          ; |aes128_baseline|aes_core:u_aes_core|aes_round:u_aes_round|sub_bytes:u_sub_bytes|sbox:gen_sbox[9].u_sbox           ; sbox                   ; work         ;
;       |keyexpansion:u_keyexpansion|         ; 923 (91)    ; 0 (0)                     ; 0 (0)         ; 0           ; 0    ; 0          ; 0            ; 0       ; 0         ; 0    ; 0            ; 923 (91)     ; 0 (0)             ; 0 (0)            ; 0          ; |aes128_baseline|aes_core:u_aes_core|keyexpansion:u_keyexpansion                                                   ; keyexpansion           ; work         ;
;          |sbox:u_key_sbox0|                 ; 208 (208)   ; 0 (0)                     ; 0 (0)         ; 0           ; 0    ; 0          ; 0            ; 0       ; 0         ; 0    ; 0            ; 208 (208)    ; 0 (0)             ; 0 (0)            ; 0          ; |aes128_baseline|aes_core:u_aes_core|keyexpansion:u_keyexpansion|sbox:u_key_sbox0                                  ; sbox                   ; work         ;
;          |sbox:u_key_sbox1|                 ; 208 (208)   ; 0 (0)                     ; 0 (0)         ; 0           ; 0    ; 0          ; 0            ; 0       ; 0         ; 0    ; 0            ; 208 (208)    ; 0 (0)             ; 0 (0)            ; 0          ; |aes128_baseline|aes_core:u_aes_core|keyexpansion:u_keyexpansion|sbox:u_key_sbox1                                  ; sbox                   ; work         ;
;          |sbox:u_key_sbox2|                 ; 208 (208)   ; 0 (0)                     ; 0 (0)         ; 0           ; 0    ; 0          ; 0            ; 0       ; 0         ; 0    ; 0            ; 208 (208)    ; 0 (0)             ; 0 (0)            ; 0          ; |aes128_baseline|aes_core:u_aes_core|keyexpansion:u_keyexpansion|sbox:u_key_sbox2                                  ; sbox                   ; work         ;
;          |sbox:u_key_sbox3|                 ; 208 (208)   ; 0 (0)                     ; 0 (0)         ; 0           ; 0    ; 0          ; 0            ; 0       ; 0         ; 0    ; 0            ; 208 (208)    ; 0 (0)             ; 0 (0)            ; 0          ; |aes128_baseline|aes_core:u_aes_core|keyexpansion:u_keyexpansion|sbox:u_key_sbox3                                  ; sbox                   ; work         ;
+---------------------------------------------+-------------+---------------------------+---------------+-------------+------+------------+--------------+---------+-----------+------+--------------+--------------+-------------------+------------------+------------+--------------------------------------------------------------------------------------------------------------------+------------------------+--------------+
Note: For table entries with two numbers listed, the numbers in parentheses indicate the number of resources of the given type used by the specific entity alone. The numbers listed outside of parentheses indicate the total resources of the given type used by the specific entity and all of its sub-entities in the hierarchy.


+--------------------------------------------------------------------------------------------------------------------------------------------------------------------+
; Control Signals                                                                                                                                                    ;
+---------------------------------------+--------------------+---------+--------------+--------+----------------------+------------------+---------------------------+
; Name                                  ; Location           ; Fan-Out ; Usage        ; Global ; Global Resource Used ; Global Line Name ; Enable Signal Source Name ;
+---------------------------------------+--------------------+---------+--------------+--------+----------------------+------------------+---------------------------+
; aes_core:u_aes_core|always0~0         ; LCCOMB_X16_Y9_N14  ; 200     ; Sync. load   ; no     ; --                   ; --               ; --                        ;
; aes_core:u_aes_core|ciphertext[0]~0   ; LCCOMB_X12_Y14_N28 ; 129     ; Clock enable ; no     ; --                   ; --               ; --                        ;
; aes_core:u_aes_core|round_key_reg~129 ; LCCOMB_X17_Y11_N30 ; 268     ; Clock enable ; no     ; --                   ; --               ; --                        ;
; clk                                   ; LCCOMB_X1_Y9_N28   ; 398     ; Clock        ; yes    ; Global Clock         ; GCLK1            ; --                        ;
; reset_n                               ; LCCOMB_X30_Y10_N16 ; 398     ; Async. clear ; yes    ; Global Clock         ; GCLK8            ; --                        ;
+---------------------------------------+--------------------+---------+--------------+--------+----------------------+------------------+---------------------------+


+-----------------------------------------------------------------------------------------------------------------------------------------------------+
; Global & Other Fast Signals                                                                                                                         ;
+---------+--------------------+---------+--------------------------------------+----------------------+------------------+---------------------------+
; Name    ; Location           ; Fan-Out ; Fan-Out Using Intentional Clock Skew ; Global Resource Used ; Global Line Name ; Enable Signal Source Name ;
+---------+--------------------+---------+--------------------------------------+----------------------+------------------+---------------------------+
; clk     ; LCCOMB_X1_Y9_N28   ; 398     ; 0                                    ; Global Clock         ; GCLK1            ; --                        ;
; reset_n ; LCCOMB_X30_Y10_N16 ; 398     ; 0                                    ; Global Clock         ; GCLK8            ; --                        ;
+---------+--------------------+---------+--------------------------------------+----------------------+------------------+---------------------------+


+-------------------------------------------------+
; Routing Usage Summary                           ;
+-----------------------+-------------------------+
; Routing Resource Type ; Usage                   ;
+-----------------------+-------------------------+
; Block interconnects   ; 4,426 / 27,275 ( 16 % ) ;
; C16 interconnects     ; 137 / 1,240 ( 11 % )    ;
; C4 interconnects      ; 3,307 / 20,832 ( 16 % ) ;
; Direct links          ; 372 / 27,275 ( 1 % )    ;
; Global clocks         ; 2 / 10 ( 20 % )         ;
; Local interconnects   ; 3,746 / 8,064 ( 46 % )  ;
; R24 interconnects     ; 129 / 1,320 ( 10 % )    ;
; R4 interconnects      ; 2,632 / 28,560 ( 9 % )  ;
+-----------------------+-------------------------+


+-----------------------------------------------------------------------------+
; LAB Logic Elements                                                          ;
+---------------------------------------------+-------------------------------+
; Number of Logic Elements  (Average = 13.04) ; Number of LABs  (Total = 409) ;
+---------------------------------------------+-------------------------------+
; 1                                           ; 32                            ;
; 2                                           ; 14                            ;
; 3                                           ; 7                             ;
; 4                                           ; 10                            ;
; 5                                           ; 6                             ;
; 6                                           ; 6                             ;
; 7                                           ; 7                             ;
; 8                                           ; 3                             ;
; 9                                           ; 3                             ;
; 10                                          ; 3                             ;
; 11                                          ; 4                             ;
; 12                                          ; 2                             ;
; 13                                          ; 7                             ;
; 14                                          ; 5                             ;
; 15                                          ; 14                            ;
; 16                                          ; 286                           ;
+---------------------------------------------+-------------------------------+


+--------------------------------------------------------------------+
; LAB-wide Signals                                                   ;
+------------------------------------+-------------------------------+
; LAB-wide Signals  (Average = 0.35) ; Number of LABs  (Total = 409) ;
+------------------------------------+-------------------------------+
; 1 Async. clear                     ; 49                            ;
; 1 Clock                            ; 49                            ;
; 1 Clock enable                     ; 4                             ;
; 2 Clock enables                    ; 43                            ;
+------------------------------------+-------------------------------+


+------------------------------------------------------------------------------+
; LAB Signals Sourced                                                          ;
+----------------------------------------------+-------------------------------+
; Number of Signals Sourced  (Average = 13.69) ; Number of LABs  (Total = 409) ;
+----------------------------------------------+-------------------------------+
; 0                                            ; 16                            ;
; 1                                            ; 29                            ;
; 2                                            ; 15                            ;
; 3                                            ; 5                             ;
; 4                                            ; 10                            ;
; 5                                            ; 6                             ;
; 6                                            ; 4                             ;
; 7                                            ; 5                             ;
; 8                                            ; 4                             ;
; 9                                            ; 1                             ;
; 10                                           ; 0                             ;
; 11                                           ; 1                             ;
; 12                                           ; 3                             ;
; 13                                           ; 3                             ;
; 14                                           ; 2                             ;
; 15                                           ; 6                             ;
; 16                                           ; 253                           ;
; 17                                           ; 1                             ;
; 18                                           ; 4                             ;
; 19                                           ; 2                             ;
; 20                                           ; 3                             ;
; 21                                           ; 1                             ;
; 22                                           ; 3                             ;
; 23                                           ; 0                             ;
; 24                                           ; 6                             ;
; 25                                           ; 10                            ;
; 26                                           ; 4                             ;
; 27                                           ; 6                             ;
; 28                                           ; 4                             ;
; 29                                           ; 2                             ;
+----------------------------------------------+-------------------------------+


+---------------------------------------------------------------------------------+
; LAB Signals Sourced Out                                                         ;
+-------------------------------------------------+-------------------------------+
; Number of Signals Sourced Out  (Average = 3.51) ; Number of LABs  (Total = 409) ;
+-------------------------------------------------+-------------------------------+
; 0                                               ; 16                            ;
; 1                                               ; 79                            ;
; 2                                               ; 73                            ;
; 3                                               ; 83                            ;
; 4                                               ; 82                            ;
; 5                                               ; 10                            ;
; 6                                               ; 5                             ;
; 7                                               ; 11                            ;
; 8                                               ; 13                            ;
; 9                                               ; 14                            ;
; 10                                              ; 13                            ;
; 11                                              ; 6                             ;
; 12                                              ; 3                             ;
; 13                                              ; 0                             ;
; 14                                              ; 1                             ;
+-------------------------------------------------+-------------------------------+


+-----------------------------------------------------------------------------+
; LAB Distinct Inputs                                                         ;
+---------------------------------------------+-------------------------------+
; Number of Distinct Inputs  (Average = 9.53) ; Number of LABs  (Total = 409) ;
+---------------------------------------------+-------------------------------+
; 0                                           ; 0                             ;
; 1                                           ; 29                            ;
; 2                                           ; 16                            ;
; 3                                           ; 8                             ;
; 4                                           ; 7                             ;
; 5                                           ; 2                             ;
; 6                                           ; 9                             ;
; 7                                           ; 33                            ;
; 8                                           ; 37                            ;
; 9                                           ; 42                            ;
; 10                                          ; 49                            ;
; 11                                          ; 54                            ;
; 12                                          ; 17                            ;
; 13                                          ; 13                            ;
; 14                                          ; 6                             ;
; 15                                          ; 3                             ;
; 16                                          ; 3                             ;
; 17                                          ; 0                             ;
; 18                                          ; 3                             ;
; 19                                          ; 6                             ;
; 20                                          ; 4                             ;
; 21                                          ; 0                             ;
; 22                                          ; 3                             ;
; 23                                          ; 2                             ;
; 24                                          ; 6                             ;
; 25                                          ; 3                             ;
; 26                                          ; 3                             ;
; 27                                          ; 2                             ;
; 28                                          ; 5                             ;
; 29                                          ; 3                             ;
; 30                                          ; 5                             ;
; 31                                          ; 2                             ;
; 32                                          ; 1                             ;
+---------------------------------------------+-------------------------------+


+-------------------------------------------------------------------------------------------+
; Fitter Device Options                                                                     ;
+------------------------------------------------------------------+------------------------+
; Option                                                           ; Setting                ;
+------------------------------------------------------------------+------------------------+
; Enable user-supplied start-up clock (CLKUSR)                     ; Off                    ;
; Enable device-wide reset (DEV_CLRn)                              ; Off                    ;
; Enable device-wide output enable (DEV_OE)                        ; Off                    ;
; Enable INIT_DONE output                                          ; Off                    ;
; Configuration scheme                                             ; Internal Configuration ;
; Enable Error Detection CRC_ERROR pin                             ; Off                    ;
; Enable open drain on CRC_ERROR pin                               ; Off                    ;
; Enable nCONFIG, nSTATUS, and CONF_DONE pins                      ; On                     ;
; Enable JTAG pin sharing                                          ; Off                    ;
; Enable nCE pin                                                   ; Off                    ;
; Enable CONFIG_SEL pin                                            ; On                     ;
; Enable input tri-state on active configuration pins in user mode ; Off                    ;
; Configuration Voltage Level                                      ; Auto                   ;
; Force Configuration Voltage Level                                ; Off                    ;
; Data[0]                                                          ; Unreserved             ;
; Data[1]/ASDO                                                     ; Unreserved             ;
; FLASH_nCE/nCSO                                                   ; Unreserved             ;
; DCLK                                                             ; Unreserved             ;
+------------------------------------------------------------------+------------------------+


+------------------------------------+
; Operating Settings and Conditions  ;
+---------------------------+--------+
; Setting                   ; Value  ;
+---------------------------+--------+
; Nominal Core Voltage      ; 1.20 V ;
; Low Junction Temperature  ; 0 °C   ;
; High Junction Temperature ; 85 °C  ;
+---------------------------+--------+


+------------------------------------------------------------+
; Estimated Delay Added for Hold Timing Summary              ;
+-----------------+----------------------+-------------------+
; Source Clock(s) ; Destination Clock(s) ; Delay Added in ns ;
+-----------------+----------------------+-------------------+
; I/O             ; clk                  ; 962.4             ;
; clk,I/O         ; clk                  ; 40.9              ;
+-----------------+----------------------+-------------------+
Note: For more information on problematic transfers, consider running the Fitter again with the Optimize hold timing option (Settings Menu) turned off.
This will disable optimization of problematic paths and expose them for further analysis using the Timing Analyzer.


+------------------------------------------------------------------------------+
; Estimated Delay Added for Hold Timing Details                                ;
+-----------------+----------------------------------------+-------------------+
; Source Register ; Destination Register                   ; Delay Added in ns ;
+-----------------+----------------------------------------+-------------------+
; start           ; aes_core:u_aes_core|state_reg[2]       ; 4.026             ;
; key[88]         ; aes_core:u_aes_core|round_key_reg[88]  ; 2.890             ;
; key[60]         ; aes_core:u_aes_core|round_key_reg[60]  ; 2.869             ;
; key[30]         ; aes_core:u_aes_core|round_key_reg[30]  ; 2.867             ;
; key[58]         ; aes_core:u_aes_core|round_key_reg[58]  ; 2.858             ;
; key[85]         ; aes_core:u_aes_core|round_key_reg[85]  ; 2.858             ;
; plaintext[54]   ; aes_core:u_aes_core|state_reg[54]      ; 2.853             ;
; key[13]         ; aes_core:u_aes_core|round_key_reg[13]  ; 2.844             ;
; key[126]        ; aes_core:u_aes_core|state_reg[126]     ; 2.837             ;
; key[7]          ; aes_core:u_aes_core|round_key_reg[7]   ; 2.836             ;
; key[57]         ; aes_core:u_aes_core|round_key_reg[57]  ; 2.836             ;
; key[9]          ; aes_core:u_aes_core|round_key_reg[9]   ; 2.836             ;
; key[29]         ; aes_core:u_aes_core|round_key_reg[29]  ; 2.836             ;
; key[93]         ; aes_core:u_aes_core|round_key_reg[93]  ; 2.836             ;
; key[54]         ; aes_core:u_aes_core|state_reg[54]      ; 2.836             ;
; key[110]        ; aes_core:u_aes_core|round_key_reg[110] ; 2.822             ;
; key[14]         ; aes_core:u_aes_core|round_key_reg[14]  ; 2.812             ;
; key[22]         ; aes_core:u_aes_core|round_key_reg[22]  ; 2.812             ;
; key[108]        ; aes_core:u_aes_core|round_key_reg[108] ; 2.790             ;
; plaintext[113]  ; aes_core:u_aes_core|state_reg[113]     ; 2.764             ;
; key[121]        ; aes_core:u_aes_core|round_key_reg[121] ; 2.763             ;
; plaintext[117]  ; aes_core:u_aes_core|state_reg[117]     ; 2.753             ;
; key[120]        ; aes_core:u_aes_core|state_reg[120]     ; 2.753             ;
; key[27]         ; aes_core:u_aes_core|round_key_reg[27]  ; 2.752             ;
; key[34]         ; aes_core:u_aes_core|round_key_reg[34]  ; 2.752             ;
; key[68]         ; aes_core:u_aes_core|state_reg[68]      ; 2.731             ;
; key[90]         ; aes_core:u_aes_core|round_key_reg[90]  ; 2.730             ;
; key[75]         ; aes_core:u_aes_core|round_key_reg[75]  ; 2.717             ;
; key[82]         ; aes_core:u_aes_core|round_key_reg[82]  ; 2.717             ;
; key[76]         ; aes_core:u_aes_core|round_key_reg[76]  ; 2.706             ;
; key[43]         ; aes_core:u_aes_core|round_key_reg[43]  ; 2.706             ;
; plaintext[77]   ; aes_core:u_aes_core|state_reg[77]      ; 2.704             ;
; plaintext[76]   ; aes_core:u_aes_core|state_reg[76]      ; 2.704             ;
; key[37]         ; aes_core:u_aes_core|state_reg[37]      ; 2.703             ;
; plaintext[85]   ; aes_core:u_aes_core|state_reg[85]      ; 2.692             ;
; key[113]        ; aes_core:u_aes_core|state_reg[113]     ; 2.692             ;
; key[38]         ; aes_core:u_aes_core|state_reg[38]      ; 2.692             ;
; key[44]         ; aes_core:u_aes_core|round_key_reg[44]  ; 2.684             ;
; key[45]         ; aes_core:u_aes_core|round_key_reg[45]  ; 2.684             ;
; key[40]         ; aes_core:u_aes_core|round_key_reg[40]  ; 2.684             ;
; plaintext[22]   ; aes_core:u_aes_core|state_reg[22]      ; 2.678             ;
; plaintext[31]   ; aes_core:u_aes_core|state_reg[31]      ; 2.671             ;
; plaintext[63]   ; aes_core:u_aes_core|state_reg[63]      ; 2.671             ;
; plaintext[88]   ; aes_core:u_aes_core|state_reg[88]      ; 2.670             ;
; plaintext[53]   ; aes_core:u_aes_core|state_reg[53]      ; 2.670             ;
; plaintext[68]   ; aes_core:u_aes_core|state_reg[68]      ; 2.670             ;
; plaintext[92]   ; aes_core:u_aes_core|state_reg[92]      ; 2.670             ;
; plaintext[71]   ; aes_core:u_aes_core|state_reg[71]      ; 2.670             ;
; plaintext[7]    ; aes_core:u_aes_core|state_reg[7]       ; 2.670             ;
; plaintext[109]  ; aes_core:u_aes_core|state_reg[109]     ; 2.646             ;
; plaintext[47]   ; aes_core:u_aes_core|state_reg[47]      ; 2.646             ;
; plaintext[56]   ; aes_core:u_aes_core|state_reg[56]      ; 2.624             ;
; plaintext[14]   ; aes_core:u_aes_core|state_reg[14]      ; 2.624             ;
; key[20]         ; aes_core:u_aes_core|round_key_reg[20]  ; 2.604             ;
; key[16]         ; aes_core:u_aes_core|round_key_reg[16]  ; 2.601             ;
; plaintext[38]   ; aes_core:u_aes_core|state_reg[38]      ; 2.577             ;
; key[84]         ; aes_core:u_aes_core|state_reg[84]      ; 2.570             ;
; key[8]          ; aes_core:u_aes_core|round_key_reg[8]   ; 2.570             ;
; key[97]         ; aes_core:u_aes_core|round_key_reg[97]  ; 2.565             ;
; plaintext[34]   ; aes_core:u_aes_core|state_reg[34]      ; 2.563             ;
; key[106]        ; aes_core:u_aes_core|round_key_reg[106] ; 2.561             ;
; key[21]         ; aes_core:u_aes_core|round_key_reg[21]  ; 2.559             ;
; key[1]          ; aes_core:u_aes_core|round_key_reg[1]   ; 2.557             ;
; key[31]         ; aes_core:u_aes_core|round_key_reg[31]  ; 2.556             ;
; key[114]        ; aes_core:u_aes_core|round_key_reg[114] ; 2.555             ;
; key[2]          ; aes_core:u_aes_core|round_key_reg[2]   ; 2.553             ;
; key[119]        ; aes_core:u_aes_core|round_key_reg[119] ; 2.553             ;
; key[99]         ; aes_core:u_aes_core|round_key_reg[99]  ; 2.551             ;
; plaintext[59]   ; aes_core:u_aes_core|state_reg[59]      ; 2.546             ;
; key[116]        ; aes_core:u_aes_core|round_key_reg[116] ; 2.544             ;
; plaintext[122]  ; aes_core:u_aes_core|state_reg[122]     ; 2.539             ;
; key[69]         ; aes_core:u_aes_core|round_key_reg[69]  ; 2.537             ;
; key[100]        ; aes_core:u_aes_core|round_key_reg[100] ; 2.535             ;
; key[103]        ; aes_core:u_aes_core|round_key_reg[103] ; 2.528             ;
; key[92]         ; aes_core:u_aes_core|state_reg[92]      ; 2.526             ;
; key[5]          ; aes_core:u_aes_core|round_key_reg[5]   ; 2.522             ;
; key[0]          ; aes_core:u_aes_core|round_key_reg[0]   ; 2.522             ;
; key[111]        ; aes_core:u_aes_core|round_key_reg[111] ; 2.520             ;
; key[59]         ; aes_core:u_aes_core|round_key_reg[59]  ; 2.518             ;
; key[80]         ; aes_core:u_aes_core|round_key_reg[80]  ; 2.517             ;
; plaintext[98]   ; aes_core:u_aes_core|state_reg[98]      ; 2.517             ;
; key[32]         ; aes_core:u_aes_core|state_reg[32]      ; 2.516             ;
; key[117]        ; aes_core:u_aes_core|round_key_reg[117] ; 2.515             ;
; key[94]         ; aes_core:u_aes_core|round_key_reg[94]  ; 2.515             ;
; key[104]        ; aes_core:u_aes_core|round_key_reg[104] ; 2.514             ;
; key[6]          ; aes_core:u_aes_core|round_key_reg[6]   ; 2.509             ;
; plaintext[3]    ; aes_core:u_aes_core|state_reg[3]       ; 2.502             ;
; key[11]         ; aes_core:u_aes_core|round_key_reg[11]  ; 2.502             ;
; key[52]         ; aes_core:u_aes_core|round_key_reg[52]  ; 2.498             ;
; key[86]         ; aes_core:u_aes_core|round_key_reg[86]  ; 2.496             ;
; key[4]          ; aes_core:u_aes_core|round_key_reg[4]   ; 2.495             ;
; key[61]         ; aes_core:u_aes_core|state_reg[61]      ; 2.490             ;
; key[73]         ; aes_core:u_aes_core|round_key_reg[73]  ; 2.485             ;
; plaintext[126]  ; aes_core:u_aes_core|state_reg[126]     ; 2.485             ;
; key[19]         ; aes_core:u_aes_core|round_key_reg[19]  ; 2.485             ;
; key[25]         ; aes_core:u_aes_core|state_reg[25]      ; 2.483             ;
; key[95]         ; aes_core:u_aes_core|round_key_reg[95]  ; 2.483             ;
; plaintext[36]   ; aes_core:u_aes_core|state_reg[36]      ; 2.482             ;
; key[98]         ; aes_core:u_aes_core|round_key_reg[98]  ; 2.481             ;
; key[102]        ; aes_core:u_aes_core|round_key_reg[102] ; 2.478             ;
+-----------------+----------------------------------------+-------------------+
Note: This table only shows the top 100 path(s) that have the largest delay added for hold.


+-----------------+
; Fitter Messages ;
+-----------------+
Warning (18236): Number of processors has not been specified which may cause overloading on shared machines.  Set the global assignment NUM_PARALLEL_PROCESSORS in your QSF to an appropriate value for best performance.
Info (20030): Parallel compilation is enabled and will use 8 of the 8 processors detected
Info (119006): Selected device 10M08DAF484C8G for design "aes128_baseline"
Info (21077): Low junction temperature is 0 degrees C
Info (21077): High junction temperature is 85 degrees C
Info (171003): Fitter is performing an Auto Fit compilation, which may decrease Fitter effort to reduce compilation time
Warning (292013): Feature LogicLock is only available with a valid subscription license. You can purchase a software subscription to gain full access to this feature.
Info (176444): Device migration not selected. If you intend to use device migration later, you may need to change the pin assignments as they may be incompatible with other devices
    Info (176445): Device 10M08DAF484C8GES is compatible
    Info (176445): Device 10M16DAF484C8G is compatible
    Info (176445): Device 10M25DAF484C8G is compatible
    Info (176445): Device 10M50DAF484C8GES is compatible
    Info (176445): Device 10M50DAF484C8G is compatible
    Info (176445): Device 10M40DAF484C8G is compatible
Info (169124): Fitter converted 8 user pins into dedicated programming pins
    Info (169125): Pin ~ALTERA_TMS~ is reserved at location H2
    Info (169125): Pin ~ALTERA_TCK~ is reserved at location G2
    Info (169125): Pin ~ALTERA_TDI~ is reserved at location L4
    Info (169125): Pin ~ALTERA_TDO~ is reserved at location M5
    Info (169125): Pin ~ALTERA_CONFIG_SEL~ is reserved at location H10
    Info (169125): Pin ~ALTERA_nCONFIG~ is reserved at location H9
    Info (169125): Pin ~ALTERA_nSTATUS~ is reserved at location G9
    Info (169125): Pin ~ALTERA_CONF_DONE~ is reserved at location F8
Info (169141): DATA[0] dual-purpose pin not reserved
Info (12825): Data[1]/ASDO dual-purpose pin not reserved
Info (12825): nCSO dual-purpose pin not reserved
Info (12825): DCLK dual-purpose pin not reserved
Info (332104): Reading SDC File: 'aes128_baseline.sdc'
Info (332151): Clock uncertainty is not calculated until you update the timing netlist.
Info (332154): The derive_clock_uncertainty command did not apply clock uncertainty to any clock-to-clock transfers.
Info (332129): Detected timing requirements -- optimizing circuit to achieve only the specified requirements
Info (332111): Found 1 clocks
    Info (332111):   Period   Clock Name
    Info (332111): ======== ============
    Info (332111):   20.000          clk
Info (176353): Automatically promoted node clk  File: C:/Users/User/OneDrive - Monash University/Desktop/Studies/Monash Year 3/ECE4063 - Integrated Circuit Design/Project/rtl/baseline/aes128_baseline.sv Line: 54
    Info (176355): Automatically promoted destinations to use location or clock signal Global Clock
Info (176353): Automatically promoted node reset_n  File: C:/Users/User/OneDrive - Monash University/Desktop/Studies/Monash Year 3/ECE4063 - Integrated Circuit Design/Project/rtl/baseline/aes128_baseline.sv Line: 57
    Info (176355): Automatically promoted destinations to use location or clock signal Global Clock
Info (176233): Starting register packing
Info (176235): Finished register packing
    Extra Info (176219): No registers were packed into other blocks
Info (171121): Fitter preparation operations ending: elapsed time is 00:00:01
Info (14896): Fitter has disabled Advanced Physical Optimization because it is not supported for the current family.
Info (170189): Fitter placement preparation operations beginning
Info (170190): Fitter placement preparation operations ending: elapsed time is 00:00:01
Info (170191): Fitter placement operations beginning
Info (170137): Fitter placement was successful
Info (170192): Fitter placement operations ending: elapsed time is 00:00:01
Info (170193): Fitter routing operations beginning
Info (170089): 1e+03 ns of routing delay (approximately 4.4% of available device routing delay) has been added to meet hold timing. For more information, refer to the Estimated Delay Added for Hold Timing section in the Fitter report.
Info (170195): Router estimated average interconnect usage is 12% of the available device resources
    Info (170196): Router estimated peak interconnect usage is 23% of the available device resources in the region that extends from location X10_Y0 to location X20_Y12
Info (170199): The Fitter performed an Auto Fit compilation.  Optimizations were skipped to reduce compilation time.
    Info (170201): Optimizations that may affect the design's routability were skipped
    Info (170200): Optimizations that may affect the design's timing were skipped
Info (170194): Fitter routing operations ending: elapsed time is 00:00:02
Info (11888): Total time spent on timing analysis during the Fitter is 1.17 seconds.
Info (334003): Started post-fitting delay annotation
Info (334004): Delay annotation completed successfully
Info (334003): Started post-fitting delay annotation
Info (334004): Delay annotation completed successfully
Info (11218): Fitter post-fit operations ending: elapsed time is 00:00:03
Warning (171167): Found invalid Fitter assignments. See the Ignored Assignments panel in the Fitter Compilation Report for more information.
Info (144001): Generated suppressed messages file C:/Users/User/OneDrive - Monash University/Desktop/Studies/Monash Year 3/ECE4063 - Integrated Circuit Design/Project/quartus/baseline/output_files/aes128_baseline.fit.smsg
Info: Quartus Prime Fitter was successful. 0 errors, 3 warnings
    Info: Peak virtual memory: 5912 megabytes
    Info: Processing ended: Wed May 27 14:37:18 2026
    Info: Elapsed time: 00:00:18
    Info: Total CPU time (on all processors): 00:00:28


+----------------------------+
; Fitter Suppressed Messages ;
+----------------------------+
The suppressed messages can be found in C:/Users/User/OneDrive - Monash University/Desktop/Studies/Monash Year 3/ECE4063 - Integrated Circuit Design/Project/quartus/baseline/aes128_baseline.fit.smsg.


