net,length_um
net848,731.91µm
net89,690.86µm
clknet_0_clk,688.49µm
net86,675.18µm
net88,652.47µm
net85,645.16µm
net121,641.43µm
_3022_,636.96µm
net162,630.65µm
net91,628.13µm
net93,600.92µm
net90,598.47µm
net555,598.03µm
net161,596.55µm
net87,583.44µm
net100,572.04µm
net494,567.53µm
net311,567.44µm
_3023_,566.67µm
net92,566.37µm
_3012_,566.075µm
net313,553.55µm
_1065_,550µm
net98,544.73µm
output_index\[1\],544.32µm
_1066_,527.765µm
_2976_,527.38µm
_1061_,509.74µm
net370,506.18µm
_3014_,504.54µm
net83,501.36µm
net453,501.325µm
_3018_,496.18µm
_2488_,495.31µm
_2980_,494.78µm
net419,487.925µm
_3024_,487.595µm
net493,486.02µm
net436,480.12µm
_1311_,479.63µm
_2985_,477.37µm
_1068_,476.69µm
_1313_,474.76µm
net82,472.63µm
net84,472.34µm
net169,457.98µm
_3013_,457.955µm
net519,456.145µm
_1769_,455.05µm
_2181_,453.56µm
_2989_,448.94µm
net455,446.06µm
net584,445.81µm
net47,444.51µm
net164,439.02µm
output_index\[2\],435.59µm
net359,423.99µm
_1060_,421.82µm
u_aes128_optimized.u_aes_core.state\[2\],419.06µm
net517,416.7µm
_1302_,416.17µm
net489,411.2µm
_0003_,405.36µm
net495,403.24µm
net165,402.4µm
_3019_,399.245µm
_2337_,394.98µm
_2998_,385.69µm
net163,383.16µm
net443,378.9µm
net396,377.28µm
_1726_,376.05µm
_1615_,373.4µm
_2121_,367.315µm
net536,364.66µm
net326,363.02µm
net580,358.28µm
net418,357.12µm
_1622_,356.14µm
net6,354.81µm
_1966_,354.34µm
net217,353.74µm
net564,351.78µm
net15,350.35µm
net20,349.33µm
net367,345.69µm
net9,344.95µm
_3027_,342.39µm
net608,342.36µm
net515,338.505µm
_2997_,337.9µm
net140,337.49µm
net632,333.62µm
net331,332.62µm
net606,331.11µm
net18,330.61µm
_2973_,327.54µm
_1049_,327.47µm
_2539_,324.82µm
_1809_,324.705µm
net576,323.32µm
_2956_,323.22µm
net414,323.13µm
net173,322.545µm
net183,322.44µm
_2920_,321.5µm
net437,320.06µm
net320,320µm
net450,319.2µm
_1450_,319µm
net99,317.75µm
_2232_,317.54µm
net627,317.54µm
net17,313.86µm
net578,313.16µm
_3021_,313µm
net159,312.55µm
net330,311.71µm
net631,311.11µm
_2436_,309.48µm
_3028_,308.26µm
_2386_,307.85µm
net562,307.43µm
net431,307.11µm
_2993_,306.91µm
net235,306.16µm
_2117_,304.49µm
net58,303.76µm
net194,302.02µm
net488,300.79µm
net790,300.06µm
_1611_,299.15µm
_2036_,297.275µm
_1618_,297.19µm
net171,297.12µm
net518,296.5µm
net563,295.91µm
net626,295.72µm
net110,295.22µm
net137,294.9µm
net740,293.92µm
net72,293.34µm
net452,293.01µm
_2952_,292.27µm
net440,291.59µm
net496,290.92µm
_1059_,290.36µm
_2987_,290.3µm
net421,289.855µm
net170,287.43µm
net131,286.88µm
net503,283.27µm
net305,281.6µm
net315,281.145µm
_2978_,279.52µm
net383,276.44µm
net129,275.46µm
net543,274µm
net68,272.14µm
net127,271.22µm
_1534_,270.65µm
net172,270.31µm
net16,269.02µm
net613,268.18µm
_1767_,268.17µm
net423,266.85µm
net589,266.49µm
_1366_,266.18µm
net108,266.085µm
net441,265.96µm
net168,265.78µm
_2284_,265.2µm
net570,264.01µm
net186,262.39µm
net634,260.865µm
net24,260.61µm
net449,260.32µm
net312,260.28µm
net303,260.15µm
net363,259.38µm
net187,259.3µm
net310,258.77µm
net29,258.38µm
net420,257.87µm
_2975_,257.77µm
clknet_4_3__leaf_clk,257.46µm
net582,256.22µm
net621,255.88µm
clk,254.2µm
net319,253.57µm
net8,251.86µm
_1062_,251.53µm
net25,251.43µm
u_aes128_optimized.u_aes_core.rcon_reg\[5\],249.72µm
net583,249.14µm
net422,247.795µm
net214,246.37µm
_1104_,246.19µm
net625,246.14µm
net307,245.88µm
net117,245.47µm
net94,244.165µm
net318,243.92µm
_1669_,243.72µm
net5,243.36µm
net154,242.61µm
net103,242.5µm
net599,242.29µm
net77,241.87µm
net404,241.58µm
u_aes128_optimized.u_aes_core.rcon_reg\[2\],241.14µm
net635,240.68µm
net448,240.635µm
net366,240.59µm
u_aes128_optimized.u_aes_core.rcon_reg\[1\],240.4µm
net314,239.12µm
net290,238.82µm
u_aes128_optimized.u_aes_core.state\[0\],238.275µm
net299,238.16µm
net611,237.54µm
net21,236.99µm
net46,236.92µm
net114,236.85µm
net38,236.43µm
net507,236.05µm
net585,233.97µm
clknet_4_2__leaf_clk,233.795µm
net304,232.99µm
_2983_,231.18µm
net505,230.405µm
net271,228.32µm
net22,227.98µm
net325,227.78µm
net579,227.145µm
net487,227.1µm
net126,226.66µm
net540,224.72µm
net135,224.36µm
net265,223.61µm
net329,223.61µm
_2961_,223.42µm
net527,223.32µm
net260,223.15µm
net71,223.06µm
net36,222.26µm
_1651_,221.72µm
_3015_,221.49µm
net96,220.41µm
net275,220.36µm
net603,219.48µm
net369,219.145µm
net612,218.94µm
net556,218.82µm
net123,218.62µm
_1539_,218.41µm
net581,217.86µm
net63,216.32µm
net524,216.31µm
net81,216.3µm
net43,215.98µm
net317,215.32µm
net142,215.17µm
net56,214.7µm
net406,214.64µm
net387,214.5µm
net293,214.28µm
net23,214.16µm
net713,213.83µm
net375,213.32µm
_2979_,213.22µm
net610,212.39µm
_1391_,211.26µm
net385,211.085µm
_1307_,210.94µm
clknet_4_7__leaf_clk,210.94µm
clknet_4_12__leaf_clk,210.14µm
net499,209.585µm
net215,209.02µm
net65,208.58µm
net365,207.67µm
net278,207.29µm
net698,207.11µm
net574,207.015µm
net395,207µm
net378,206.64µm
net372,206.16µm
net341,205.33µm
net240,205µm
clknet_4_8__leaf_clk,204.27µm
net295,203.305µm
net146,203.02µm
net560,202.96µm
net605,202.87µm
_2960_,202.47µm
net667,202.13µm
net80,202.1µm
net283,201.88µm
net199,201.8µm
net75,201.76µm
net434,201.47µm
net252,201.38µm
_2954_,201.23µm
net208,200.42µm
net439,199.71µm
_1421_,198.85µm
net112,198.225µm
_3025_,198.12µm
net157,197.6µm
net512,197.51µm
net54,197.48µm
net601,197.44µm
net244,197.295µm
net52,196.06µm
net609,195.87µm
net411,195.86µm
net145,195.62µm
net267,194.86µm
clknet_4_6__leaf_clk,194.55µm
net491,194.48µm
net97,194.14µm
net516,194.075µm
_1091_,193.56µm
net291,193.35µm
net534,192.36µm
net508,192.245µm
_1381_,192.18µm
net847,191.59µm
net160,191.38µm
net400,191.1µm
net391,190.87µm
net358,190.69µm
net19,190.14µm
net33,190.13µm
net586,189.61µm
net166,189.425µm
net344,189.36µm
net130,189.31µm
net442,189µm
net510,188.595µm
net616,188.425µm
net388,188.35µm
net392,188.32µm
net37,188.015µm
u_aes128_optimized.u_aes_core.shift_rows_out\[122\],187.62µm
net133,187.56µm
net471,187.53µm
net253,187.27µm
net249,186.85µm
net245,186.83µm
net185,185.9µm
net138,185.66µm
net223,185.35µm
net394,184.96µm
net79,184.77µm
_2930_,184.43µm
clknet_4_9__leaf_clk,184.03µm
_3002_,183.93µm
net288,183.78µm
_1741_,183.64µm
net633,183.56µm
u_aes128_optimized.u_aes_core.state\[9\],183.5µm
_1748_,183.47µm
net285,183.13µm
net789,183.13µm
net287,181.88µm
net548,181.79µm
net454,181.72µm
u_aes128_optimized.u_aes_core.shift_rows_out\[56\],181.22µm
net4,180.18µm
net445,180.105µm
clknet_4_4__leaf_clk,179.74µm
net598,179.065µm
net49,178.26µm
net60,178.26µm
net430,177.465µm
net301,176.65µm
net119,176.19µm
net300,176.02µm
net177,175.68µm
net250,174.8µm
_1047_,174.535µm
net622,174.16µm
net30,173.82µm
net247,173.7µm
u_aes128_optimized.u_aes_core.shift_rows_out\[121\],173.5µm
net237,173.17µm
_1608_,173.14µm
net620,172.14µm
_1043_,171.76µm
net339,171.72µm
net572,171.41µm
net417,171.29µm
_1531_,171.24µm
net538,170.84µm
net427,170.7µm
net41,170.23µm
net425,170.22µm
net61,169.9µm
net191,169.9µm
u_aes128_optimized.u_aes_core.shift_rows_out\[43\],169.145µm
net39,169.06µm
u_aes128_optimized.u_aes_core.shift_rows_out\[24\],168.365µm
_1899_,167.96µm
_1009_,167.91µm
plaintext_reg\[10\],167.81µm
_2962_,167.74µm
clknet_4_1__leaf_clk,167.72µm
net109,167.425µm
net415,167.315µm
clknet_4_10__leaf_clk,167.28µm
net433,166.9µm
net281,166.775µm
net356,166.58µm
net412,166.23µm
net308,166.09µm
net630,166.06µm
net497,166.05µm
net803,165.1µm
net480,164.88µm
net405,164.86µm
net139,164.58µm
net463,164.51µm
net102,164.18µm
_1145_,163.7µm
clknet_4_0__leaf_clk,163.64µm
net251,163.16µm
net429,163.045µm
net354,162.74µm
uo_out[4],162.49µm
net554,162.42µm
net221,162.06µm
net438,161.7µm
net193,161.66µm
clknet_4_11__leaf_clk,161.54µm
net447,161.11µm
net592,160.4µm
_1008_,160.32µm
plaintext_reg\[74\],160.03µm
_1046_,159.47µm
net156,158.62µm
clknet_leaf_36_clk,158.56µm
clknet_leaf_12_clk,158.54µm
net322,158.52µm
net531,158.1µm
net225,157.98µm
u_aes128_optimized.u_aes_core.round_key_reg\[37\],157.9µm
net462,157.775µm
_1648_,157.68µm
u_aes128_optimized.u_aes_core.round_key_reg\[26\],157.1µm
_1660_,157.06µm
u_aes128_optimized.u_aes_core.shift_rows_out\[123\],156.935µm
_1663_,156.79µm
net416,156.68µm
_1054_,156.46µm
net615,155.87µm
u_aes128_optimized.u_aes_core.state\[4\],155.86µm
net353,155.54µm
net617,155.49µm
_2990_,155.365µm
net125,155.23µm
net181,155.17µm
clknet_leaf_59_clk,154.92µm
net66,154.45µm
net328,154.23µm
net561,154.12µm
u_aes128_optimized.u_aes_core.shift_rows_out\[59\],154.03µm
net3,153.72µm
net393,153.51µm
net342,153.5µm
net212,153.44µm
_1048_,153.37µm
_2589_,152.93µm
net241,152.75µm
_1052_,152.24µm
_1891_,151.96µm
net408,151.45µm
_1194_,151.44µm
net239,151.34µm
net333,151.34µm
_2959_,151.17µm
_1997_,151.03µm
net501,150.855µm
net258,150.42µm
u_aes128_optimized.u_aes_core.round_key_reg\[102\],150.29µm
u_aes128_optimized.u_aes_core.shift_rows_out\[117\],150.04µm
u_aes128_optimized.u_aes_core.shift_rows_out\[91\],149.94µm
_1687_,149.69µm
net739,149.6µm
u_aes128_optimized.u_aes_core.shift_rows_out\[125\],149.51µm
_1144_,149.44µm
u_aes128_optimized.u_aes_core.shift_rows_out\[120\],149.39µm
net116,149.28µm
clknet_leaf_80_clk,149.08µm
clknet_leaf_69_clk,148.67µm
net432,148.54µm
net321,148.23µm
u_aes128_optimized.u_aes_core.byte_count\[0\],148.16µm
net590,147.28µm
u_aes128_optimized.u_aes_core.shift_rows_out\[45\],146.94µm
plaintext_reg\[73\],146.06µm
net233,146.04µm
net587,145.82µm
net614,145.65µm
_2396_,145.3µm
plaintext_reg\[77\],145.075µm
_1541_,144.915µm
net95,144.51µm
net179,144.24µm
uo_out[7],144.13µm
clknet_leaf_10_clk,143.98µm
u_aes128_optimized.u_aes_core.shift_rows_out\[84\],143.93µm
net552,143.76µm
_1105_,143.7µm
net483,143.48µm
clknet_4_14__leaf_clk,143.4µm
net73,142.925µm
net571,142.86µm
_2984_,142.84µm
net521,142.84µm
u_aes128_optimized.u_aes_core.round_key_reg\[70\],142.45µm
u_aes128_optimized.u_aes_core.byte_count\[1\],142.37µm
net397,141.905µm
clknet_4_15__leaf_clk,141.87µm
_1112_,141.82µm
clknet_leaf_14_clk,141.72µm
_1811_,141.12µm
_1119_,141.1µm
net155,140.92µm
clknet_leaf_53_clk,140.9µm
net273,140.62µm
net817,140.38µm
net401,140.235µm
net377,140.205µm
net234,140.18µm
net553,140.14µm
net70,140.12µm
_2970_,140.05µm
net514,139.98µm
clknet_leaf_46_clk,139.82µm
uo_out[2],138.89µm
u_aes128_optimized.u_aes_core.shift_rows_out\[102\],138.85µm
u_aes128_optimized.u_aes_core.shift_rows_out\[3\],138.81µm
clknet_leaf_9_clk,138.66µm
_1132_,137.82µm
plaintext_reg\[9\],137.66µm
clknet_leaf_44_clk,137.52µm
_1701_,137.41µm
clknet_leaf_56_clk,137.375µm
u_aes128_optimized.u_aes_core.round_key_reg\[2\],136.93µm
net424,136.86µm
clknet_4_13__leaf_clk,136.76µm
_1644_,136.47µm
net588,136.41µm
clknet_leaf_29_clk,136.38µm
clknet_leaf_25_clk,135.82µm
net618,135.76µm
clknet_leaf_76_clk,135.54µm
clknet_leaf_57_clk,135.43µm
net846,135.38µm
u_aes128_optimized.u_aes_core.shift_rows_out\[27\],135.265µm
net490,135.24µm
clknet_leaf_37_clk,134.82µm
clknet_leaf_55_clk,134.76µm
net216,134.72µm
u_aes128_optimized.u_aes_core.shift_rows_out\[19\],134.63µm
uo_out[1],134.45µm
net451,134.21µm
_1337_,133.91µm
clknet_leaf_74_clk,133.76µm
clknet_leaf_11_clk,133.5µm
clknet_leaf_17_clk,133.22µm
net323,133µm
clknet_leaf_33_clk,132.83µm
clknet_leaf_8_clk,132.78µm
u_aes128_optimized.u_aes_core.shift_rows_out\[124\],132.54µm
clknet_leaf_31_clk,132.125µm
clknet_leaf_67_clk,132µm
net2,131.98µm
clknet_leaf_43_clk,131.78µm
_1762_,131.72µm
u_aes128_optimized.u_aes_core.shift_rows_out\[109\],131.72µm
net472,131.505µm
net498,131.485µm
_2195_,131.34µm
net327,131.34µm
u_aes128_optimized.u_aes_core.shift_rows_out\[126\],131.3µm
_2166_,131.13µm
_2236_,131.12µm
clknet_4_5__leaf_clk,131.055µm
clknet_leaf_26_clk,130.4µm
u_aes128_optimized.u_aes_core.shift_rows_out\[44\],130.19µm
net399,130.11µm
net7,130.08µm
u_aes128_optimized.u_aes_core.round_key_reg\[5\],130.07µm
clknet_leaf_83_clk,129.85µm
net456,129.78µm
net504,129.715µm
clknet_leaf_39_clk,129.24µm
net336,129.12µm
net629,129µm
net78,128.98µm
net269,128.98µm
clknet_leaf_77_clk,128.9µm
net151,128.85µm
u_aes128_optimized.u_aes_core.shift_rows_out\[110\],128.545µm
_1154_,128.28µm
net623,128.14µm
net105,128.065µm
_2141_,127.72µm
net533,127.72µm
clknet_leaf_27_clk,127.7µm
u_aes128_optimized.u_aes_core.shift_rows_out\[90\],127.64µm
_1325_,127.56µm
_1656_,127.47µm
_2500_,127.43µm
u_aes128_optimized.u_aes_core.shift_rows_out\[22\],127.3µm
net128,127.22µm
net409,126.98µm
_1378_,126.46µm
u_aes128_optimized.u_aes_core.shift_rows_out\[88\],126.14µm
net227,125.98µm
net478,125.895µm
net343,125.79µm
net352,125.69µm
clknet_leaf_70_clk,125.69µm
_2408_,125.68µm
net196,125.6µm
clknet_leaf_79_clk,125.56µm
net525,125.47µm
clknet_leaf_60_clk,125.38µm
u_aes128_optimized.u_aes_core.shift_rows_out\[20\],124.53µm
clknet_leaf_41_clk,124.5µm
net522,124.48µm
net44,124.29µm
net286,124.12µm
net666,124.11µm
net141,124.1µm
net604,124.095µm
_1140_,123.78µm
net767,123.73µm
clknet_leaf_38_clk,123.55µm
net718,123.44µm
uo_out[5],123.43µm
net575,123.37µm
u_aes128_optimized.u_aes_core.round_key_reg\[69\],123.29µm
net410,123.29µm
net459,123.155µm
_2053_,123.04µm
_2958_,122.85µm
clknet_leaf_73_clk,122.84µm
_2402_,122.64µm
u_aes128_optimized.u_aes_core.shift_rows_out\[52\],122.18µm
net376,122.135µm
_2255_,122.04µm
_1038_,122.03µm
_1098_,121.86µm
_1115_,121.84µm
net426,121.76µm
_1551_,121.12µm
u_aes128_optimized.u_aes_core.shift_rows_out\[46\],120.9µm
net551,120.64µm
_1548_,120.63µm
plaintext_reg\[13\],120.6µm
_2199_,120.56µm
clknet_leaf_54_clk,120.385µm
u_aes128_optimized.u_aes_core.shift_rows_out\[42\],120.265µm
net573,120.2µm
u_aes128_optimized.u_aes_core.shift_rows_out\[82\],120.13µm
net379,119.895µm
net284,119.87µm
net529,119.79µm
_1050_,119.62µm
net297,119.43µm
net832,119.19µm
clknet_leaf_28_clk,119.12µm
net316,118.98µm
net373,118.96µm
clknet_leaf_18_clk,118.88µm
net550,118.8µm
_1535_,118.44µm
clknet_leaf_78_clk,118.34µm
clknet_leaf_22_clk,118.1µm
u_aes128_optimized.u_aes_core.shift_rows_out\[33\],117.9µm
net513,117.77µm
_1925_,117.72µm
clknet_leaf_66_clk,117.68µm
clknet_leaf_13_clk,117.64µm
net470,117.605µm
_1628_,117.5µm
net355,117.2µm
_2561_,117.1µm
net446,117.075µm
net602,117.02µm
_1128_,116.86µm
net34,116.86µm
net600,116.81µm
net703,116.55µm
_1743_,116.36µm
net475,116.32µm
clknet_leaf_40_clk,116.32µm
_2074_,116.25µm
_2006_,116.2µm
_1677_,116.14µm
clknet_leaf_64_clk,115.94µm
clknet_leaf_85_clk,115.78µm
net296,115.7µm
clknet_leaf_42_clk,115.68µm
clknet_leaf_68_clk,115.65µm
net188,115.6µm
net557,115.52µm
clknet_leaf_2_clk,115.52µm
clknet_leaf_23_clk,115.5µm
u_aes128_optimized.u_aes_core.shift_rows_out\[114\],114.97µm
u_aes128_optimized.u_aes_core.shift_rows_out\[86\],114.88µm
net780,114.87µm
clknet_leaf_15_clk,114.71µm
_2963_,114.68µm
net69,114.62µm
net210,114.57µm
_2988_,114.52µm
u_aes128_optimized.u_aes_core.shift_rows_out\[94\],114.52µm
uo_out[6],114.51µm
u_aes128_optimized.u_aes_core.shift_rows_out\[1\],114.48µm
net474,114.48µm
_2301_,114.38µm
net149,113.94µm
net492,113.88µm
u_aes128_optimized.u_aes_core.shift_rows_out\[58\],113.86µm
_1605_,113.62µm
net546,113.54µm
u_aes128_optimized.u_aes_core.shift_rows_out\[107\],113.44µm
clknet_leaf_72_clk,113.44µm
clknet_leaf_24_clk,113.24µm
net28,113.12µm
net398,113.035µm
clknet_leaf_84_clk,112.8µm
clknet_leaf_30_clk,112.74µm
u_aes128_optimized.u_aes_core.shift_rows_out\[34\],112.7µm
net357,112.51µm
_2021_,112.46µm
net238,112.46µm
u_aes128_optimized.u_aes_core.shift_rows_out\[53\],112.28µm
_1538_,111.66µm
clknet_leaf_3_clk,111.64µm
net175,111.5µm
net264,111.44µm
net628,111.395µm
_2543_,111.39µm
net242,111.27µm
net545,111.16µm
net788,111.04µm
u_aes128_optimized.u_aes_core.shift_rows_out\[8\],110.98µm
_2756_,110.82µm
_2133_,110.78µm
net381,110.77µm
clknet_leaf_49_clk,110.65µm
net558,110.56µm
net203,110.5µm
_2192_,110.22µm
_2125_,110.08µm
_2977_,110.015µm
u_aes128_optimized.u_aes_core.shift_rows_out\[113\],109.94µm
u_aes128_optimized.u_aes_core.shift_rows_out\[2\],109.68µm
clknet_leaf_45_clk,109.48µm
clknet_leaf_50_clk,109.42µm
net243,109.41µm
_1244_,109.37µm
clknet_leaf_35_clk,109.34µm
_1759_,108.94µm
u_aes128_optimized.u_aes_core.round_key_reg\[29\],108.85µm
net257,108.75µm
clknet_leaf_5_clk,108.67µm
u_aes128_optimized.u_aes_core.shift_rows_out\[10\],108.49µm
net444,108.32µm
clknet_leaf_58_clk,108.2µm
net682,107.94µm
_1544_,107.92µm
clknet_leaf_21_clk,107.74µm
net461,107.685µm
net823,107.61µm
u_aes128_optimized.u_aes_core.shift_rows_out\[118\],107.24µm
u_aes128_optimized.u_aes_core.shift_rows_out\[6\],106.985µm
_1698_,106.71µm
_2042_,106.52µm
net143,106.52µm
u_aes128_optimized.u_aes_core.shift_rows_out\[108\],106.32µm
net148,106.27µm
_1597_,106.18µm
net189,106.1µm
clknet_leaf_4_clk,105.98µm
clknet_leaf_32_clk,105.68µm
u_aes128_optimized.u_aes_core.shift_rows_out\[17\],105.66µm
clknet_leaf_1_clk,105.64µm
u_aes128_optimized.u_aes_core.shift_rows_out\[61\],105.53µm
_1554_,105.52µm
net207,105.46µm
net178,105.26µm
_2288_,105.23µm
clknet_leaf_71_clk,105.1µm
u_aes128_optimized.u_aes_core.shift_rows_out\[127\],105µm
_1547_,104.98µm
net120,104.895µm
net158,104.8µm
net220,104.77µm
_1137_,104.605µm
_1072_,104.52µm
_2003_,104.52µm
clknet_leaf_48_clk,104.44µm
u_aes128_optimized.u_aes_core.shift_rows_out\[116\],104.36µm
net255,104.36µm
_1069_,104.32µm
_1308_,104.31µm
net485,104.265µm
_1532_,104.23µm
net486,104.23µm
_1604_,104.15µm
net679,104.04µm
u_aes128_optimized.u_aes_core.shift_rows_out\[95\],103.68µm
net816,103.67µm
net152,103.61µm
net124,103.6µm
net458,103.595µm
u_aes128_optimized.u_aes_core.round_key_reg\[12\],103.53µm
_1487_,103.44µm
_1122_,103.42µm
clknet_leaf_7_clk,103.4µm
_1108_,103.26µm
net784,103.19µm
net596,103.12µm
_1986_,103.06µm
net106,102.78µm
net74,102.54µm
net67,102.495µm
_1931_,102.22µm
clknet_leaf_63_clk,101.67µm
clknet_leaf_16_clk,101.245µm
net261,100.92µm
u_aes128_optimized.u_aes_core.round_key_reg\[9\],100.61µm
_2205_,100.35µm
net457,100.3µm
_3016_,100.28µm
_2493_,100.13µm
clknet_leaf_6_clk,100µm
clknet_leaf_0_clk,99.88µm
net347,99.62µm
u_aes128_optimized.u_aes_core.shift_rows_out\[60\],99.6µm
net201,99.46µm
u_aes128_optimized.u_aes_core.shift_rows_out\[67\],99.32µm
_2735_,99.12µm
u_aes128_optimized.u_aes_core.shift_rows_out\[57\],99.04µm
net473,98.975µm
u_aes128_optimized.u_aes_core.shift_rows_out\[104\],98.925µm
clknet_leaf_86_clk,98.88µm
_2981_,98.84µm
u_aes128_optimized.u_aes_core.round_key_reg\[27\],98.63µm
u_aes128_optimized.u_aes_core.shift_rows_out\[96\],98.615µm
clknet_leaf_75_clk,98.46µm
u_aes128_optimized.u_aes_core.shift_rows_out\[62\],98.34µm
u_aes128_optimized.u_aes_core.round_key_reg\[17\],98.09µm
_2029_,98µm
net845,97.97µm
clknet_leaf_47_clk,97.92µm
u_aes128_optimized.u_aes_core.shift_rows_out\[119\],97.84µm
u_aes128_optimized.u_aes_core.shift_rows_out\[11\],97.84µm
net349,97.835µm
u_aes128_optimized.u_aes_core.shift_rows_out\[106\],97.76µm
_1186_,97.75µm
_1579_,97.74µm
net345,97.68µm
net219,97.28µm
net530,97.28µm
net402,97.03µm
u_aes128_optimized.u_aes_core.round_key_reg\[38\],96.96µm
_1586_,96.94µm
net13,96.77µm
net31,96.26µm
u_aes128_optimized.u_aes_core.byte_count\[3\],96.1µm
u_aes128_optimized.u_aes_core.round_key_reg\[10\],96.03µm
u_aes128_optimized.u_aes_core.shift_rows_out\[21\],95.9µm
net368,95.875µm
_2308_,95.8µm
u_aes128_optimized.u_aes_core.shift_rows_out\[63\],95.74µm
_2294_,95.64µm
_1494_,95.54µm
u_aes128_optimized.u_aes_core.shift_rows_out\[99\],95.38µm
net382,95.14µm
_1078_,94.86µm
net752,94.83µm
_2242_,94.74µm
net306,94.7µm
net532,94.66µm
u_aes128_optimized.u_aes_core.shift_rows_out\[85\],94.64µm
net721,94.59µm
net745,94.45µm
net675,94.3µm
_1199_,94.26µm
_1491_,94.26µm
net755,94.25µm
net277,94.24µm
u_aes128_optimized.u_aes_core.shift_rows_out\[89\],94.2µm
_1927_,94.04µm
u_aes128_optimized.u_aes_core.shift_rows_out\[87\],93.98µm
clknet_leaf_34_clk,93.965µm
_1954_,93.94µm
_3026_,93.78µm
clknet_leaf_61_clk,93.78µm
_1165_,93.74µm
clknet_leaf_19_clk,93.7µm
clknet_leaf_51_clk,93.46µm
u_aes128_optimized.u_aes_core.shift_rows_out\[92\],93.34µm
u_aes128_optimized.u_aes_core.round_key_reg\[18\],93.23µm
u_aes128_optimized.u_aes_core.shift_rows_out\[100\],93.04µm
net334,93µm
net350,92.98µm
net289,92.92µm
net619,92.845µm
net224,92.8µm
net724,92.8µm
_1595_,92.74µm
clknet_leaf_65_clk,92.66µm
u_aes128_optimized.u_aes_core.shift_rows_out\[115\],92.64µm
net815,92.64µm
_1148_,92.625µm
u_aes128_optimized.u_aes_core.shift_rows_out\[105\],92.56µm
_2092_,92.44µm
u_aes128_optimized.u_aes_core.shift_rows_out\[14\],92.405µm
u_aes128_optimized.u_aes_core.shift_rows_out\[18\],92.39µm
net702,92.07µm
net653,92.005µm
u_aes128_optimized.u_aes_core.round_key_reg\[3\],91.98µm
u_aes128_optimized.u_aes_core.shift_rows_out\[16\],91.8µm
clknet_leaf_62_clk,91.42µm
net469,91.4µm
_1149_,91.2µm
_2136_,91.18µm
u_aes128_optimized.u_aes_core.shift_rows_out\[54\],91.115µm
u_aes128_optimized.u_aes_core.shift_rows_out\[35\],90.96µm
u_aes128_optimized.u_aes_core.shift_rows_out\[47\],90.95µm
net799,90.92µm
clknet_leaf_82_clk,90.9µm
u_aes128_optimized.u_aes_core.round_key_reg\[20\],90.54µm
net230,90.38µm
u_aes128_optimized.u_aes_core.shift_rows_out\[41\],90.26µm
_1183_,90.24µm
u_aes128_optimized.u_aes_core.shift_rows_out\[26\],90.14µm
net541,89.835µm
u_aes128_optimized.u_aes_core.shift_rows_out\[40\],89.82µm
u_aes128_optimized.u_aes_core.shift_rows_out\[30\],89.62µm
clknet_leaf_52_clk,89.58µm
net200,89.56µm
_1379_,89.37µm
_1590_,89.16µm
net786,88.93µm
net236,88.86µm
_1223_,88.76µm
_1398_,88.74µm
_1854_,88.6µm
u_aes128_optimized.u_aes_core.shift_rows_out\[0\],88.52µm
net337,88.48µm
net380,88.23µm
net742,88.03µm
u_aes128_optimized.u_aes_core.round_key_reg\[11\],88.01µm
_1599_,87.95µm
u_aes128_optimized.u_aes_core.round_key_reg\[24\],87.93µm
_1151_,87.86µm
u_aes128_optimized.u_aes_core.round_key_reg\[28\],87.81µm
u_aes128_optimized.u_aes_core.shift_rows_out\[55\],87.78µm
net734,87.71µm
_1092_,87.56µm
net113,87.48µm
u_aes128_optimized.u_aes_core.shift_rows_out\[28\],87.4µm
u_aes128_optimized.u_aes_core.round_key_reg\[99\],87.21µm
u_aes128_optimized.u_aes_core.shift_rows_out\[80\],87.2µm
_1196_,87.16µm
u_aes128_optimized.u_aes_core.round_key_reg\[67\],87.1µm
u_aes128_optimized.u_aes_core.shift_rows_out\[12\],87µm
_1583_,86.73µm
net825,86.66µm
_2063_,86.62µm
_2111_,86.58µm
net738,86.58µm
_1118_,86.56µm
u_aes128_optimized.u_aes_core.shift_rows_out\[97\],86.325µm
_2158_,86.15µm
net50,86.1µm
net351,86.04µm
u_aes128_optimized.u_aes_core.shift_rows_out\[78\],86.035µm
_1756_,85.83µm
net568,85.83µm
net697,85.83µm
_2390_,85.76µm
u_aes128_optimized.u_aes_core.shift_rows_out\[23\],85.65µm
_2186_,85.52µm
u_aes128_optimized.u_aes_core.shift_rows_out\[93\],85.52µm
net652,85.36µm
_2453_,85.24µm
net687,84.96µm
net206,84.84µm
u_aes128_optimized.u_aes_core.shift_rows_out\[65\],84.8µm
_1906_,84.66µm
u_aes128_optimized.u_aes_core.shift_rows_out\[66\],84.52µm
_3031_,84.37µm
net464,84.21µm
_2148_,84.2µm
net465,84.08µm
net778,83.95µm
_2459_,83.93µm
net723,83.19µm
u_aes128_optimized.u_aes_core.shift_rows_out\[77\],83.145µm
u_aes128_optimized.u_aes_core.shift_rows_out\[64\],83.095µm
u_aes128_optimized.u_aes_core.round_key_reg\[8\],83.01µm
net637,82.99µm
u_aes128_optimized.u_aes_core.shift_rows_out\[13\],82.91µm
_1951_,82.76µm
net460,82.56µm
clknet_leaf_20_clk,82.44µm
u_aes128_optimized.u_aes_core.shift_rows_out\[31\],82.355µm
u_aes128_optimized.u_aes_core.state\[1\],82.17µm
net228,82.12µm
net762,82.07µm
clknet_3_2_0_clk,81.76µm
_2549_,81.68µm
net771,81.67µm
net309,81.44µm
_2440_,81.42µm
net674,81.41µm
net591,81.32µm
net696,81.21µm
net760,81.17µm
u_aes128_optimized.u_aes_core.round_key_reg\[30\],81.06µm
net559,80.98µm
net665,80.93µm
net700,80.93µm
net639,80.69µm
_1631_,80.66µm
u_aes128_optimized.u_aes_core.round_key_reg\[21\],80.64µm
net195,80.56µm
_2100_,80.54µm
u_aes128_optimized.u_aes_core.round_key_reg\[1\],80.54µm
net827,80.52µm
net684,80.47µm
net190,80.38µm
net705,80.37µm
net211,80.225µm
_2446_,79.92µm
net577,79.91µm
net681,79.9µm
u_aes128_optimized.u_aes_core.round_key_reg\[22\],79.75µm
_1712_,79.72µm
u_aes128_optimized.u_aes_core.state\[3\],79.64µm
u_aes128_optimized.u_aes_core.round_key_reg\[19\],79.49µm
net712,79.48µm
u_aes128_optimized.u_aes_core.g_word\[8\],79.42µm
net672,79.2µm
net361,79.165µm
net542,79.08µm
net180,78.96µm
net27,78.88µm
_1338_,78.72µm
net484,78.685µm
_1976_,78.68µm
_2512_,78.68µm
net730,78.39µm
_2555_,78.33µm
_2621_,78.3µm
net715,78.3µm
clknet_3_6_0_clk,78.1µm
u_aes128_optimized.u_aes_core.rot_word_reg\[1\],78.07µm
net246,78.05µm
_2506_,77.88µm
_1903_,77.8µm
_1777_,77.66µm
net535,77.62µm
_1908_,77.42µm
net758,77.2µm
_1101_,76.78µm
net748,76.68µm
_1171_,76.5µm
net597,76.44µm
u_aes128_optimized.u_aes_core.shift_rows_out\[50\],76.42µm
_2472_,76.38µm
u_aes128_optimized.u_aes_core.shift_rows_out\[51\],76.185µm
net641,75.97µm
_1782_,75.94µm
_1715_,75.74µm
net769,75.73µm
net765,75.72µm
u_aes128_optimized.u_aes_core.round_key_reg\[77\],75.69µm
net796,75.68µm
u_aes128_optimized.u_aes_core.shift_rows_out\[81\],75.56µm
net280,75.52µm
u_aes128_optimized.u_aes_core.rcon_reg\[4\],75.44µm
_1191_,75.42µm
_1733_,75.4µm
u_aes128_optimized.u_aes_core.g_word\[6\],75.4µm
u_aes128_optimized.u_aes_core.shift_rows_out\[29\],75.14µm
net202,75.08µm
net710,75.02µm
_1970_,74.92µm
u_aes128_optimized.u_aes_core.shift_rows_out\[9\],74.88µm
aes_ciphertext\[87\],74.54µm
net428,74.355µm
_1081_,74.24µm
u_aes128_optimized.u_aes_core.shift_rows_out\[25\],74.2µm
net757,74µm
_1787_,73.92µm
net466,73.915µm
_2050_,73.91µm
net122,73.2µm
net134,73.12µm
net262,73.08µm
net643,73.07µm
_2341_,72.96µm
net744,72.91µm
u_aes128_optimized.u_aes_core.shift_rows_out\[68\],72.86µm
_1404_,72.82µm
u_aes128_optimized.u_aes_core.shift_rows_out\[5\],72.805µm
net226,72.68µm
net822,72.64µm
net569,72.6µm
net764,72.57µm
_1999_,72.48µm
u_aes128_optimized.u_aes_core.round_key_reg\[13\],72.27µm
_1557_,72.22µm
net335,72.02µm
_2750_,71.67µm
u_aes128_optimized.u_aes_core.round_key_reg\[14\],71.64µm
net656,71.17µm
_2061_,71.06µm
_2986_,70.78µm
u_aes128_optimized.u_aes_core.round_key_reg\[76\],70.58µm
_1567_,70.32µm
net754,70.3µm
net776,70.3µm
u_aes128_optimized.u_aes_core.rot_word_reg\[6\],70.23µm
_1740_,70.06µm
net736,70µm
u_aes128_optimized.u_aes_core.shift_rows_out\[36\],69.98µm
net660,69.98µm
net607,69.9µm
_1007_,69.68µm
_1246_,69.68µm
net669,69.67µm
net808,69.6µm
net716,69.32µm
clknet_3_0_0_clk,68.9µm
net107,68.865µm
u_aes128_optimized.u_aes_core.shift_rows_out\[70\],68.815µm
clknet_3_4_0_clk,68.68µm
u_aes128_optimized.u_aes_core.shift_rows_out\[75\],68.675µm
_1095_,68.5µm
_2097_,68.46µm
net197,68.44µm
net45,68.38µm
_1198_,68.36µm
net671,68.31µm
_1462_,68.3µm
_1934_,68.24µm
u_aes128_optimized.u_aes_core.shift_rows_out\[72\],68.185µm
_1568_,68.1µm
net348,67.92µm
_1466_,67.84µm
_1157_,67.82µm
_1353_,67.82µm
_1501_,67.81µm
net749,67.73µm
u_aes128_optimized.u_aes_core.round_key_reg\[52\],67.71µm
_2919_,67.655µm
_1252_,67.58µm
_1892_,67.5µm
clknet_3_5_0_clk,67.48µm
net231,67.42µm
_1625_,67.36µm
u_aes128_optimized.u_aes_core.round_key_reg\[73\],67.28µm
u_aes128_optimized.u_aes_core.shift_rows_out\[83\],67.24µm
u_aes128_optimized.u_aes_core.shift_rows_out\[39\],67.17µm
net802,67.09µm
_2082_,67.08µm
net688,66.95µm
net708,66.92µm
u_aes128_optimized.u_aes_core.shift_rows_out\[112\],66.84µm
_1519_,66.78µm
net477,66.76µm
net841,66.55µm
_1422_,66.26µm
_1918_,66.16µm
_2249_,66.04µm
net407,66.04µm
net482,65.92µm
net390,65.9µm
net594,65.89µm
u_aes128_optimized.u_aes_core.rot_word_reg\[31\],65.8µm
net806,65.8µm
u_aes128_optimized.u_aes_core.shift_rows_out\[69\],65.6µm
_1425_,65.52µm
net831,65.44µm
u_aes128_optimized.u_aes_core.shift_rows_out\[103\],65.375µm
_1772_,65.36µm
net655,65.25µm
net222,65.14µm
u_aes128_optimized.u_aes_core.shift_rows_out\[32\],65.005µm
_1207_,65µm
_1245_,64.96µm
_1869_,64.9µm
_1477_,64.88µm
net279,64.74µm
u_aes128_optimized.u_aes_core.rot_word_reg\[14\],64.64µm
_1467_,64.49µm
_1495_,64.48µm
_1503_,64.4µm
net389,64.38µm
u_aes128_optimized.u_aes_core.rcon_reg\[7\],64.24µm
_2590_,63.82µm
_1306_,63.66µm
u_aes128_optimized.u_aes_core.round_key_reg\[75\],63.61µm
u_aes128_optimized.u_aes_core.g_word\[10\],63.41µm
u_aes128_optimized.u_aes_core.round_key_reg\[6\],63.39µm
net209,63.21µm
_2040_,63.2µm
net12,63.09µm
_1231_,62.92µm
u_aes128_optimized.u_aes_core.shift_rows_out\[79\],62.86µm
net10,62.8µm
net55,62.79µm
net729,62.77µm
net726,62.75µm
clknet_3_3_0_clk,62.71µm
_1591_,62.56µm
u_aes128_optimized.u_aes_core.shift_rows_out\[111\],62.56µm
net650,62.54µm
_1395_,62.4µm
_1915_,62.35µm
net801,61.93µm
_1709_,61.46µm
u_aes128_optimized.u_aes_core.round_key_reg\[16\],61.29µm
clknet_3_1_0_clk,61.18µm
u_aes128_optimized.u_aes_core.shift_rows_out\[76\],61.08µm
net750,61.04µm
net204,61.02µm
net664,60.96µm
net509,60.935µm
_1210_,60.56µm
u_aes128_optimized.u_aes_core.g_word\[3\],60.55µm
_1797_,60.51µm
u_aes128_optimized.u_aes_core.rot_word_reg\[7\],60.46µm
net167,60.46µm
_1181_,60.38µm
_3033_,60.3µm
_2777_,60.18µm
net435,60.14µm
net567,60.05µm
u_aes128_optimized.u_aes_core.round_key_reg\[78\],59.99µm
net500,59.765µm
u_aes128_optimized.u_aes_core.shift_rows_out\[4\],59.76µm
_1485_,59.66µm
_2994_,59.66µm
_1011_,59.62µm
_1261_,59.6µm
net40,59.57µm
_1665_,59.52µm
_2991_,59.39µm
_1942_,59.38µm
net820,59.36µm
net690,59.23µm
net645,59.05µm
net26,58.99µm
net229,58.86µm
net266,58.82µm
net658,58.69µm
_2982_,58.5µm
u_aes128_optimized.u_aes_core.shift_rows_out\[71\],58.5µm
net677,58.37µm
_2071_,58.16µm
net59,58.08µm
_1493_,57.995µm
net502,57.68µm
u_aes128_optimized.u_aes_core.shift_rows_out\[7\],57.67µm
_2615_,57.36µm
_1972_,57.1µm
net811,56.73µm
clknet_3_7_0_clk,56.68µm
_1559_,56.62µm
_1106_,56.52µm
net479,56.52µm
u_aes128_optimized.u_aes_core.shift_rows_out\[49\],56.42µm
_3020_,56.3µm
clknet_leaf_81_clk,56.27µm
_1131_,56.26µm
net843,56.24µm
net746,56.19µm
_1135_,56.185µm
u_aes128_optimized.u_aes_core.shift_rows_out\[37\],56.04µm
_1406_,55.78µm
net659,55.77µm
_1158_,55.68µm
net104,55.43µm
_1063_,55.38µm
u_aes128_optimized.u_aes_core.round_key_reg\[41\],55.255µm
_1457_,55.21µm
_1961_,55.13µm
net481,55.08µm
_1197_,55.04µm
_2328_,54.87µm
_1560_,54.695µm
_1464_,54.63µm
u_aes128_optimized.u_aes_core.g_word\[11\],54.27µm
net775,54.27µm
u_aes128_optimized.u_aes_core.shift_rows_out\[98\],54.15µm
u_aes128_optimized.u_aes_core.shift_rows_out\[73\],54.08µm
net136,54.03µm
u_aes128_optimized.u_aes_core.round_key_reg\[31\],53.95µm
net794,53.91µm
_2597_,53.87µm
net476,53.74µm
u_aes128_optimized.u_aes_core.shift_rows_out\[48\],53.64µm
net792,53.58µm
_1458_,53.52µm
net374,53.52µm
u_aes128_optimized.u_aes_core.round_key_reg\[125\],53.5µm
net829,53.4µm
net689,53.35µm
key_index\[0\],53.17µm
_1484_,53.04µm
u_aes128_optimized.u_aes_core.state\[5\],53.02µm
u_aes128_optimized.u_aes_core.g_word\[9\],53.01µm
_2217_,52.86µm
u_aes128_optimized.u_aes_core.round_key_reg\[74\],52.79µm
_2077_,52.74µm
_2743_,52.7µm
net362,52.19µm
_1041_,52.18µm
_2178_,52.04µm
u_aes128_optimized.u_aes_core.shift_rows_out\[38\],52µm
_1292_,51.94µm
_1819_,51.92µm
net680,51.84µm
_1989_,51.82µm
net773,51.48µm
_1465_,51.38µm
_1979_,51.33µm
u_aes128_optimized.u_aes_core.round_key_reg\[49\],51.22µm
u_aes128_optimized.u_aes_core.round_key_reg\[47\],51.11µm
net692,51.08µm
net662,51.05µm
_1085_,51.02µm
u_aes128_optimized.u_aes_core.rot_word_reg\[19\],50.82µm
u_aes128_optimized.u_aes_core.round_key_reg\[23\],50.49µm
net797,50.46µm
net813,50.36µm
_3032_,50.29µm
_1253_,50.2µm
_1284_,50.02µm
net182,49.94µm
_1814_,49.7µm
net834,49.42µm
net781,49.27µm
_1224_,49.04µm
_1222_,48.98µm
net819,48.9µm
_1262_,48.82µm
_2163_,48.78µm
_1228_,48.74µm
_1522_,48.68µm
net707,48.63µm
u_aes128_optimized.u_aes_core.round_key_reg\[42\],48.53µm
u_aes128_optimized.u_aes_core.shift_rows_out\[15\],48.41µm
_2113_,48.4µm
net132,48.26µm
aes_ciphertext\[23\],48.22µm
net810,48.22µm
_2951_,48.15µm
net732,48.15µm
net593,48.09µm
u_aes128_optimized.u_aes_core.round_key_reg\[96\],48.08µm
net787,48.05µm
_1238_,47.9µm
u_aes128_optimized.u_aes_core.round_key_reg\[25\],47.89µm
u_aes128_optimized.u_aes_core.rot_word_reg\[28\],47.76µm
net468,47.515µm
_1526_,47.34µm
_1492_,46.795µm
net805,46.74µm
_1221_,46.72µm
net565,46.64µm
_1722_,46.62µm
_1204_,46.5µm
ciphertext_latched\[94\],46.42µm
net11,46.38µm
net298,46.3µm
key_index\[1\],46.02µm
_2718_,45.9µm
_1737_,45.85µm
_1182_,45.84µm
net648,45.83µm
net836,45.7µm
_1220_,45.5µm
net839,45.32µm
_1237_,45.18µm
u_aes128_optimized.u_aes_core.round_key_reg\[33\],45.17µm
net346,45.14µm
net751,45.14µm
u_aes128_optimized.u_aes_core.shift_rows_out\[101\],45.08µm
net248,44.9µm
net777,44.89µm
_1474_,44.87µm
_1126_,44.845µm
u_aes128_optimized.u_aes_core.round_key_reg\[104\],44.6µm
_2972_,44.565µm
_1070_,44.495µm
net213,44.48µm
net685,44.45µm
ciphertext_latched\[20\],44.38µm
_1897_,44.36µm
u_aes128_optimized.u_aes_core.round_key_reg\[64\],44.15µm
_2603_,44.14µm
net838,44.07µm
_1448_,44.02µm
net840,43.91µm
u_aes128_optimized.u_aes_core.round_key_reg\[34\],43.85µm
_2322_,43.84µm
_1657_,43.8µm
_1286_,43.36µm
net818,43.36µm
_1973_,43.255µm
_1310_,43.23µm
_1175_,43.16µm
u_aes128_optimized.u_aes_core.round_key_reg\[84\],43.07µm
_1039_,42.88µm
u_aes128_optimized.u_aes_core.round_key_reg\[93\],42.8µm
_1045_,42.745µm
net467,42.675µm
_2681_,42.6µm
ciphertext_latched\[123\],42.48µm
_1125_,42.34µm
u_aes128_optimized.u_aes_core.rot_word_reg\[24\],42.26µm
net728,42.12µm
_1372_,42.08µm
_1705_,42.04µm
_1287_,42.02µm
_1829_,42µm
u_aes128_optimized.u_aes_core.shift_rows_out\[74\],41.98µm
_2035_,41.96µm
_2434_,41.96µm
_1230_,41.7µm
_2524_,41.62µm
_1160_,41.6µm
net76,41.52µm
_1247_,41.34µm
net835,41.28µm
_1355_,41.22µm
_1472_,41.2µm
u_aes128_optimized.u_aes_core.round_key_reg\[0\],41.2µm
net704,41.18µm
net205,40.99µm
_1471_,40.98µm
_1500_,40.96µm
u_aes128_optimized.u_aes_core.round_key_reg\[40\],40.77µm
net338,40.7µm
_2737_,40.61µm
u_aes128_optimized.u_aes_core.rot_word_reg\[9\],40.58µm
net837,40.5µm
net646,40.48µm
_2245_,40.415µm
_2965_,40.3µm
net174,40.22µm
_2211_,40.14µm
_1243_,40.12µm
_1967_,40.12µm
_1530_,40.08µm
net782,40.08µm
net761,40µm
_3029_,39.93µm
u_aes128_optimized.u_aes_core.round_key_reg\[65\],39.91µm
_2045_,39.78µm
_1681_,39.69µm
net779,39.67µm
_3001_,39.66µm
ciphertext_latched\[63\],39.58µm
aes_ciphertext\[119\],39.54µm
net826,39.44µm
_2170_,39.4µm
_1610_,39.21µm
net725,39.17µm
u_aes128_optimized.u_aes_core.round_key_reg\[95\],38.97µm
u_aes128_optimized.u_aes_core.round_key_reg\[62\],38.96µm
_2094_,38.94µm
_1270_,38.84µm
net118,38.75µm
net861,38.74µm
_1516_,38.57µm
_2518_,38.57µm
net793,38.51µm
_1259_,38.38µm
_1473_,38.14µm
_2693_,38.12µm
_1802_,37.86µm
_2964_,37.785µm
net731,37.74µm
net812,37.56µm
u_aes128_optimized.u_aes_core.round_key_reg\[51\],37.47µm
_2066_,37.46µm
net549,37.44µm
u_aes128_optimized.u_aes_core.col_count\[0\],37.4µm
_2359_,37.33µm
_2264_,37.315µm
aes_busy,37.2µm
u_aes128_optimized.u_aes_core.round_key_reg\[43\],37.19µm
u_aes128_optimized.u_aes_core.round_key_reg\[15\],37.15µm
_1229_,37.1µm
u_aes128_optimized.u_aes_core.rot_word_reg\[22\],37µm
_1380_,36.98µm
u_aes128_optimized.u_aes_core.round_key_reg\[106\],36.87µm
key_index\[2\],36.86µm
net566,36.68µm
u_aes128_optimized.u_aes_core.round_key_reg\[7\],36.57µm
u_aes128_optimized.u_aes_core.round_key_reg\[58\],36.555µm
_2151_,36.26µm
u_aes128_optimized.u_aes_core.rot_word_reg\[21\],36.24µm
net153,36.1µm
_1285_,35.96µm
net804,35.81µm
_1369_,35.7µm
net720,35.55µm
net693,35.51µm
_2591_,35.48µm
net192,35.48µm
ciphertext_latched\[56\],35.4µm
_2377_,35.36µm
_1696_,35.34µm
u_aes128_optimized.u_aes_core.round_key_reg\[4\],35.26µm
_2992_,35.22µm
ciphertext_latched\[90\],35.14µm
_1053_,35.13µm
_2144_,35.05µm
_1195_,34.98µm
net663,34.91µm
_2724_,34.9µm
_1239_,34.86µm
_1279_,34.84µm
ciphertext_latched\[58\],34.8µm
net144,34.8µm
_1254_,34.74µm
net785,34.74µm
_1079_,34.735µm
_2673_,33.98µm
ciphertext_latched\[110\],33.7µm
net42,33.68µm
_1127_,33.64µm
u_aes128_optimized.u_aes_core.round_key_reg\[101\],33.57µm
_2275_,33.52µm
net717,33.52µm
u_aes128_optimized.u_aes_core.round_key_reg\[83\],33.48µm
_1263_,33.4µm
net537,33.38µm
rst_n,33.27µm
_2536_,33.26µm
_2921_,33.26µm
u_aes128_optimized.u_aes_core.round_key_reg\[71\],33.26µm
u_aes128_optimized.u_aes_core.round_key_reg\[109\],33.11µm
net694,33.11µm
_1573_,33.04µm
u_aes128_optimized.u_aes_core.rot_word_reg\[13\],32.72µm
_1562_,32.49µm
u_aes128_optimized.u_aes_core.rot_word_reg\[30\],32.47µm
_2774_,32.405µm
u_aes128_optimized.u_aes_core.round_key_reg\[116\],32.35µm
_1251_,32.32µm
u_aes128_optimized.u_aes_core.round_key_reg\[50\],32.26µm
net528,32.26µm
net111,32.205µm
_1187_,32.2µm
ciphertext_latched\[78\],32.16µm
ciphertext_latched\[25\],32.1µm
u_aes128_optimized.u_aes_core.round_key_reg\[105\],32.09µm
_1257_,32.04µm
_3017_,32.04µm
_1088_,31.76µm
net735,31.72µm
net774,31.72µm
_3035_,31.71µm
u_aes128_optimized.u_aes_core.rot_word_reg\[5\],31.68µm
net147,31.67µm
_1215_,31.66µm
_1180_,31.62µm
u_aes128_optimized.u_aes_core.round_key_reg\[81\],31.51µm
net520,31.5µm
_1518_,31.46µm
_1572_,31.44µm
_1509_,31.38µm
ciphertext_latched\[81\],31.325µm
u_aes128_optimized.u_aes_core.rot_word_reg\[27\],31.26µm
_2550_,31.1µm
_1402_,30.96µm
_2610_,30.84µm
_1361_,30.78µm
_2664_,30.62µm
u_aes128_optimized.u_aes_core.round_key_reg\[54\],30.565µm
u_aes128_optimized.u_aes_core.round_key_reg\[72\],30.56µm
net706,30.56µm
net14,30.48µm
ciphertext_latched\[126\],30.46µm
net340,30.4µm
_1152_,30.34µm
_1226_,30.24µm
_1260_,30.18µm
_1208_,30.1µm
ciphertext_latched\[65\],30.06µm
_1298_,30.04µm
_1293_,30.02µm
net733,29.98µm
key_reg\[62\],29.92µm
_1981_,29.86µm
u_aes128_optimized.u_aes_core.rot_word_reg\[11\],29.82µm
_1609_,29.78µm
_2530_,29.66µm
_1478_,29.6µm
_1216_,29.52µm
plaintext_index\[3\],29.41µm
u_aes128_optimized.u_aes_core.round_key_reg\[61\],29.32µm
u_aes128_optimized.u_aes_core.round_key_reg\[53\],29.3µm
net624,29.3µm
_1401_,29.22µm
_2931_,29.1µm
u_aes128_optimized.u_aes_core.round_key_reg\[85\],29.06µm
_1392_,29.04µm
_2619_,29.04µm
_1514_,29.02µm
_1884_,28.96µm
_1432_,28.92µm
net772,28.9µm
_1578_,28.88µm
_2371_,28.86µm
net783,28.86µm
_1684_,28.82µm
_1256_,28.7µm
_1419_,28.6µm
_1936_,28.58µm
net276,28.46µm
_2736_,28.45µm
ui_in[7],28.43µm
net386,28.34µm
_1730_,28.19µm
ciphertext_latched\[82\],28.18µm
_1236_,28.08µm
u_aes128_optimized.u_aes_core.round_key_reg\[59\],28.05µm
_1136_,28.02µm
net719,28.02µm
_2024_,27.94µm
net232,27.92µm
net661,27.91µm
_2422_,27.8µm
_1444_,27.78µm
net403,27.66µm
_1960_,27.64µm
net1195,27.62µm
u_aes128_optimized.u_aes_core.g_word\[0\],27.61µm
_2670_,27.6µm
_1273_,27.58µm
u_aes128_optimized.u_aes_core.round_key_reg\[90\],27.54µm
_1212_,27.42µm
net32,27.42µm
net676,27.42µm
_1006_,27.415µm
_1280_,27.4µm
u_aes128_optimized.u_aes_core.temp_state_reg\[14\],27.35µm
_2932_,27.3µm
u_aes128_optimized.u_aes_core.round_key_reg\[66\],27.29µm
ready_for_start,27.28µm
u_aes128_optimized.u_aes_core.round_key_reg\[48\],27.14µm
u_aes128_optimized.u_aes_core.round_key_reg\[88\],27.06µm
_1301_,27.04µm
ciphertext_latched\[73\],27.04µm
_1456_,27.02µm
_1067_,27.005µm
net647,26.96µm
_2353_,26.94µm
_2739_,26.88µm
_1188_,26.86µm
u_aes128_optimized.u_aes_core.round_key_reg\[39\],26.78µm
ciphertext_latched\[88\],26.76µm
_1255_,26.7µm
_1357_,26.675µm
u_aes128_optimized.u_aes_core.round_key_reg\[55\],26.59µm
net670,26.52µm
u_aes128_optimized.u_aes_core.round_key_reg\[89\],26.47µm
_2008_,26.44µm
_1513_,26.34µm
_1211_,26.32µm
u_aes128_optimized.u_aes_core.round_key_reg\[35\],26.27µm
_1294_,26.26µm
_1057_,26.24µm
u_aes128_optimized.u_aes_core.round_key_reg\[86\],26.21µm
_1205_,26.14µm
_2391_,26.14µm
u_aes128_optimized.u_aes_core.round_key_reg\[82\],26.07µm
_1504_,26.04µm
u_aes128_optimized.u_aes_core.g_word\[16\],25.95µm
_1529_,25.93µm
_1289_,25.86µm
_1427_,25.86µm
_1225_,25.82µm
_2068_,25.72µm
u_aes128_optimized.u_aes_core.round_key_reg\[110\],25.71µm
_1193_,25.7µm
_2922_,25.68µm
_1359_,25.645µm
_1564_,25.64µm
ciphertext_latched\[60\],25.64µm
plaintext_reg\[72\],25.62µm
ui_in[6],25.62µm
_1700_,25.5µm
u_aes128_optimized.u_aes_core.round_reg\[0\],25.5µm
u_aes128_optimized.u_aes_core.temp_state_reg\[82\],25.48µm
u_aes128_optimized.u_aes_core.temp_state_reg\[114\],25.44µm
net115,25.425µm
net971,25.42µm
_2223_,25.38µm
_2778_,25.34µm
ciphertext_latched\[89\],25.3µm
_1314_,25.2µm
_1699_,25.2µm
_2616_,25.18µm
net324,25.18µm
net198,25.16µm
key_reg\[88\],25.155µm
net263,25.12µm
_1389_,25.06µm
_1505_,25.06µm
_1650_,25.06µm
_1945_,25.06µm
_2715_,24.94µm
_1044_,24.92µm
net766,24.9µm
_2640_,24.88µm
_1303_,24.79µm
_1328_,24.78µm
u_aes128_optimized.u_aes_core.round_key_reg\[56\],24.78µm
net968,24.76µm
_2935_,24.7µm
_3010_,24.66µm
_2268_,24.62µm
u_aes128_optimized.u_aes_core.round_key_reg\[46\],24.61µm
_1272_,24.56µm
uio_in[4],24.46µm
net759,24.4µm
net830,24.4µm
_1275_,24.34µm
u_aes128_optimized.u_aes_core.round_key_reg\[79\],24.3µm
net1112,24.24µm
_1433_,24.22µm
_2088_,24.185µm
u_aes128_optimized.u_aes_core.temp_state_reg\[75\],24.18µm
net413,24.16µm
u_aes128_optimized.u_aes_core.rot_word_reg\[3\],24.14µm
_2764_,24.12µm
net35,24.12µm
_2688_,24.09µm
_1528_,24.08µm
_1571_,23.98µm
_1601_,23.92µm
_1102_,23.86µm
_1424_,23.855µm
_2744_,23.85µm
plaintext_reg\[11\],23.84µm
_2601_,23.78µm
_2103_,23.76µm
u_aes128_optimized.u_aes_core.temp_state_reg\[79\],23.76µm
_2757_,23.74µm
u_aes128_optimized.u_aes_core.round_key_reg\[92\],23.74µm
u_aes128_optimized.u_aes_core.temp_state_reg\[113\],23.7µm
uio_in[0],23.69µm
net1537,23.68µm
_1587_,23.64µm
_1249_,23.6µm
_2929_,23.6µm
_1373_,23.58µm
_2950_,23.56µm
u_aes128_optimized.u_aes_core.temp_state_reg\[68\],23.56µm
net683,23.56µm
_2465_,23.54µm
u_aes128_optimized.u_aes_core.rot_word_reg\[29\],23.52µm
plaintext_reg\[103\],23.46µm
net737,23.42µm
_2995_,23.375µm
_1879_,23.32µm
net636,23.3µm
key_reg\[94\],23.21µm
net523,23.14µm
_1653_,23.08µm
ciphertext_latched\[57\],23.06µm
u_aes128_optimized.u_aes_core.round_key_reg\[60\],23.05µm
u_aes128_optimized.u_aes_core.round_key_reg\[103\],23.04µm
_2628_,23µm
_3036_,22.98µm
u_aes128_optimized.u_aes_core.rot_word_reg\[2\],22.98µm
net218,22.96µm
net1197,22.96µm
net686,22.94µm
done_latched,22.9µm
_2771_,22.88µm
_2658_,22.86µm
ciphertext_latched\[62\],22.84µm
u_aes128_optimized.u_aes_core.temp_state_reg\[64\],22.825µm
u_aes128_optimized.u_aes_core.g_word\[22\],22.77µm
u_aes128_optimized.u_aes_core.round_reg\[3\],22.77µm
u_aes128_optimized.u_aes_core.round_key_reg\[115\],22.72µm
_2383_,22.66µm
aes_ciphertext\[123\],22.6µm
ciphertext_latched\[109\],22.58µm
u_aes128_optimized.u_aes_core.round_key_reg\[45\],22.49µm
ui_in[0],22.45µm
_1296_,22.42µm
_1037_,22.38µm
_2194_,22.38µm
_2633_,22.3µm
ciphertext_latched\[61\],22.3µm
_1297_,22.28µm
_1798_,22.28µm
_2384_,22.22µm
ciphertext_latched\[102\],22.21µm
net791,22.21µm
_2609_,22.18µm
_2691_,22.18µm
u_aes128_optimized.u_aes_core.temp_state_reg\[117\],22.1µm
u_aes128_optimized.u_aes_core.round_key_reg\[80\],22.08µm
net807,22.05µm
_1685_,22µm
plaintext_reg\[99\],22µm
net727,21.96µm
net930,21.95µm
net1024,21.9µm
u_aes128_optimized.u_aes_core.temp_state_reg\[92\],21.89µm
_1724_,21.86µm
_2479_,21.86µm
plaintext_reg\[39\],21.85µm
_1408_,21.84µm
u_aes128_optimized.u_aes_core.temp_state_reg\[90\],21.84µm
uio_in[2],21.78µm
_1288_,21.76µm
ciphertext_latched\[92\],21.725µm
_1725_,21.72µm
_2607_,21.7µm
u_aes128_optimized.u_aes_core.round_key_reg\[117\],21.69µm
net101,21.62µm
net1017,21.61µm
_2685_,21.58µm
u_aes128_optimized.u_aes_core.round_key_reg\[114\],21.55µm
_1803_,21.54µm
net657,21.54µm
_1219_,21.52µm
_1635_,21.52µm
_1695_,21.43µm
_1012_,21.4µm
_2013_,21.4µm
_2974_,21.37µm
u_aes128_optimized.u_aes_core.round_key_reg\[63\],21.35µm
aes_ciphertext\[120\],21.34µm
ciphertext_latched\[17\],21.34µm
ciphertext_latched\[33\],21.34µm
u_aes128_optimized.u_aes_core.temp_state_reg\[74\],21.3µm
ciphertext_latched\[59\],21.28µm
_1170_,21.22µm
ciphertext_latched\[91\],21.12µm
_2712_,21.09µm
_1269_,21.08µm
clear_d,21.04µm
_2017_,21µm
net544,20.96µm
u_aes128_optimized.u_aes_core.temp_state_reg\[127\],20.94µm
_0984_,20.92µm
net1206,20.92µm
net1065,20.88µm
_1103_,20.86µm
_2201_,20.84µm
_2281_,20.82µm
_2787_,20.82µm
ciphertext_latched\[113\],20.82µm
_2592_,20.8µm
net828,20.8µm
_1959_,20.75µm
_1177_,20.74µm
aes_ciphertext\[117\],20.74µm
plaintext_reg\[14\],20.72µm
_0029_,20.685µm
_1566_,20.66µm
net64,20.64µm
net1176,20.64µm
_2261_,20.6µm
_1299_,20.58µm
_1717_,20.56µm
_1117_,20.52µm
net150,20.51µm
u_aes128_optimized.u_aes_core.round_key_reg\[36\],20.5µm
u_aes128_optimized.u_aes_core.round_key_reg\[100\],20.47µm
_1746_,20.44µm
_2229_,20.38µm
_2447_,20.36µm
_1423_,20.32µm
_2056_,20.295µm
_2604_,20.22µm
net62,20.22µm
_1163_,20.2µm
_1258_,20.2µm
_2967_,20.2µm
ciphertext_latched\[70\],20.2µm
_2706_,20.18µm
_2759_,20.18µm
key_reg\[103\],20.16µm
u_aes128_optimized.u_aes_core.g_word\[7\],20.09µm
_1719_,20.08µm
_1963_,20.08µm
_1874_,20.04µm
_1929_,20.04µm
_2365_,20.02µm
net896,20.02µm
_2126_,20µm
u_aes128_optimized.u_aes_core.temp_state_reg\[120\],20µm
_2767_,19.97µm
_1490_,19.96µm
net1476,19.9µm
_2631_,19.88µm
output_index\[3\],19.88µm
u_aes128_optimized.u_aes_core.rot_word_reg\[10\],19.86µm
u_aes128_optimized.u_aes_core.temp_state_reg\[67\],19.86µm
u_aes128_optimized.u_aes_core.round_key_reg\[44\],19.84µm
u_aes128_optimized.u_aes_core.round_key_reg\[122\],19.79µm
_2730_,19.78µm
ciphertext_latched\[35\],19.78µm
_1565_,19.76µm
u_aes128_optimized.u_aes_core.temp_state_reg\[60\],19.74µm
u_aes128_optimized.u_aes_core.round_key_reg\[121\],19.71µm
_1507_,19.7µm
net995,19.68µm
net1078,19.68µm
_1214_,19.66µm
u_aes128_optimized.u_aes_core.rcon_reg\[0\],19.66µm
_2025_,19.64µm
_2779_,19.625µm
net651,19.62µm
u_aes128_optimized.u_aes_core.temp_state_reg\[37\],19.54µm
_1498_,19.525µm
_1242_,19.5µm
key_reg\[19\],19.5µm
ciphertext_latched\[112\],19.48µm
net1288,19.48µm
net1014,19.46µm
u_aes128_optimized.u_aes_core.temp_state_reg\[27\],19.45µm
plaintext_reg\[64\],19.41µm
net1028,19.4µm
u_aes128_optimized.u_aes_core.temp_state_reg\[66\],19.38µm
net924,19.34µm
net1174,19.34µm
net809,19.33µm
u_aes128_optimized.u_aes_core.temp_state_reg\[53\],19.26µm
_3009_,19.24µm
net1166,19.22µm
net1,19.2µm
u_aes128_optimized.u_aes_core.rcon_reg\[3\],19.2µm
_1309_,19.18µm
ciphertext_latched\[51\],19.18µm
net747,19.13µm
_2752_,19.12µm
net1004,19.1µm
u_aes128_optimized.u_aes_core.rot_word_reg\[16\],19.095µm
u_aes128_optimized.u_aes_core.temp_state_reg\[34\],19.09µm
_1553_,19.08µm
_2149_,19.08µm
u_aes128_optimized.u_aes_core.temp_state_reg\[102\],19.08µm
_1824_,19.04µm
net994,19.02µm
_1626_,19µm
_1850_,19µm
_2329_,19µm
_1042_,18.98µm
_2573_,18.98µm
u_aes128_optimized.u_aes_core.sub_word_reg\[26\],18.98µm
u_aes128_optimized.u_aes_core.sub_word_reg\[27\],18.98µm
_1266_,18.96µm
_1574_,18.96µm
u_aes128_optimized.u_aes_core.round_key_reg\[119\],18.94µm
u_aes128_optimized.u_aes_core.temp_state_reg\[72\],18.94µm
net975,18.94µm
_1506_,18.9µm
net1048,18.88µm
_2871_,18.86µm
_2999_,18.86µm
u_aes128_optimized.u_aes_core.temp_state_reg\[103\],18.86µm
net1008,18.86µm
_1295_,18.84µm
u_aes128_optimized.u_aes_core.temp_state_reg\[49\],18.84µm
u_aes128_optimized.u_aes_core.temp_state_reg\[98\],18.84µm
_2646_,18.8µm
u_aes128_optimized.u_aes_core.round_key_reg\[91\],18.79µm
_1005_,18.72µm
_1434_,18.7µm
u_aes128_optimized.u_aes_core.round_reg\[2\],18.7µm
key_reg\[39\],18.68µm
net1110,18.68µm
net1120,18.68µm
u_aes128_optimized.u_aes_core.temp_state_reg\[18\],18.67µm
_1233_,18.66µm
_2404_,18.66µm
_2537_,18.66µm
net1061,18.64µm
u_aes128_optimized.u_aes_core.g_word\[23\],18.62µm
net256,18.62µm
net795,18.61µm
plaintext_reg\[46\],18.56µm
u_aes128_optimized.u_aes_core.temp_state_reg\[91\],18.54µm
_1281_,18.52µm
_1304_,18.52µm
_2295_,18.52µm
_1614_,18.5µm
_1678_,18.5µm
plaintext_reg\[115\],18.5µm
net1115,18.48µm
_1430_,18.46µm
_2075_,18.44µm
_2872_,18.44µm
key_reg\[22\],18.44µm
net862,18.44µm
_2415_,18.4µm
key_reg\[30\],18.4µm
net1202,18.4µm
u_aes128_optimized.u_aes_core.temp_state_reg\[39\],18.36µm
_1807_,18.34µm
u_aes128_optimized.u_aes_core.temp_state_reg\[106\],18.34µm
net923,18.34µm
net722,18.33µm
_1166_,18.3µm
net974,18.3µm
u_aes128_optimized.u_aes_core.temp_state_reg\[71\],18.285µm
_1305_,18.26µm
u_aes128_optimized.u_aes_core.round_key_reg\[97\],18.24µm
key_reg\[112\],18.16µm
plaintext_reg\[75\],18.16µm
_1073_,18.14µm
_1834_,18.14µm
aes_ciphertext\[32\],18.14µm
net644,18.11µm
u_aes128_optimized.u_aes_core.round_key_reg\[126\],18.09µm
_2676_,18.06µm
u_aes128_optimized.u_aes_core.round_key_reg\[127\],18.06µm
_1426_,18.04µm
net844,18.03µm
net921,18.02µm
net1011,18.02µm
net1045,18.02µm
_2928_,18µm
_1276_,17.98µm
plaintext_reg\[15\],17.98µm
net302,17.98µm
_0428_,17.94µm
_3038_,17.94µm
_1438_,17.92µm
net1132,17.92µm
net1058,17.9µm
u_aes128_optimized.u_aes_core.temp_state_reg\[54\],17.88µm
_2643_,17.87µm
net800,17.84µm
plaintext_reg\[52\],17.82µm
net1137,17.82µm
u_aes128_optimized.u_aes_core.temp_state_reg\[107\],17.81µm
net872,17.8µm
_1051_,17.78µm
_1162_,17.76µm
key_index\[3\],17.74µm
u_aes128_optimized.u_aes_core.g_word\[19\],17.73µm
u_aes128_optimized.u_aes_core.temp_state_reg\[46\],17.72µm
_2786_,17.71µm
_1435_,17.7µm
_2427_,17.7µm
net770,17.68µm
_1200_,17.64µm
u_aes128_optimized.u_aes_core.temp_state_reg\[29\],17.63µm
_0356_,17.62µm
_2760_,17.6µm
_2657_,17.58µm
_2289_,17.54µm
key_reg\[70\],17.535µm
_2442_,17.52µm
u_aes128_optimized.u_aes_core.sub_word_reg\[28\],17.52µm
net294,17.52µm
net1042,17.5µm
_2120_,17.48µm
u_aes128_optimized.u_aes_core.temp_state_reg\[36\],17.46µm
net711,17.45µm
key_reg\[60\],17.44µm
_2751_,17.43µm
_1480_,17.42µm
net1113,17.38µm
_2875_,17.36µm
ciphertext_latched\[2\],17.36µm
ciphertext_latched\[96\],17.34µm
u_aes128_optimized.u_aes_core.temp_state_reg\[69\],17.32µm
_2968_,17.275µm
_1178_,17.26µm
net1560,17.26µm
_1056_,17.24µm
net1559,17.24µm
_1278_,17.2µm
_1113_,17.195µm
_1179_,17.18µm
_2703_,17.18µm
u_aes128_optimized.u_aes_core.temp_state_reg\[73\],17.17µm
_1010_,17.16µm
u_aes128_optimized.u_aes_core.temp_state_reg\[87\],17.14µm
net979,17.14µm
_2519_,17.12µm
u_aes128_optimized.u_aes_core.temp_state_reg\[85\],17.12µm
net798,17.11µm
_1206_,17.1µm
_1218_,17.1µm
_1475_,17.08µm
_2874_,17.08µm
net1022,17.08µm
net982,17.04µm
u_aes128_optimized.u_aes_core.round_key_reg\[108\],17.03µm
_2709_,17.02µm
net1501,17.02µm
u_aes128_optimized.u_aes_core.temp_state_reg\[23\],17.01µm
_1142_,17µm
_1624_,17µm
ciphertext_latched\[86\],17µm
net814,16.99µm
_2780_,16.98µm
plaintext_reg\[51\],16.98µm
net1101,16.98µm
_2334_,16.94µm
_2881_,16.92µm
key_reg\[124\],16.9µm
plaintext_reg\[53\],16.9µm
_2085_,16.875µm
_2031_,16.86µm
u_aes128_optimized.u_aes_core.temp_state_reg\[100\],16.86µm
_2569_,16.84µm
aes_ciphertext\[115\],16.84µm
u_aes128_optimized.u_aes_core.sub_word_reg\[25\],16.82µm
net948,16.82µm
u_aes128_optimized.u_aes_core.round_key_reg\[94\],16.8µm
u_aes128_optimized.u_aes_core.temp_state_reg\[65\],16.795µm
u_aes128_optimized.u_aes_core.temp_state_reg\[11\],16.79µm
_1203_,16.78µm
net1084,16.78µm
_1213_,16.765µm
plaintext_reg\[56\],16.735µm
ciphertext_latched\[18\],16.66µm
u_aes128_optimized.u_aes_core.temp_state_reg\[40\],16.66µm
net1031,16.66µm
net1329,16.66µm
_1264_,16.64µm
net1055,16.64µm
u_aes128_optimized.u_aes_core.round_key_reg\[107\],16.63µm
_1594_,16.62µm
plaintext_reg\[49\],16.62µm
_2230_,16.6µm
plaintext_reg\[70\],16.6µm
u_aes128_optimized.u_aes_core.temp_state_reg\[45\],16.6µm
net526,16.6µm
net1093,16.6µm
plaintext_reg\[124\],16.58µm
u_aes128_optimized.u_aes_core.round_key_reg\[112\],16.57µm
_2157_,16.56µm
_2480_,16.56µm
ciphertext_latched\[118\],16.56µm
_1431_,16.54µm
_1515_,16.52µm
_2700_,16.52µm
_2727_,16.52µm
u_aes128_optimized.u_aes_core.temp_state_reg\[50\],16.52µm
u_aes128_optimized.u_aes_core.temp_state_reg\[122\],16.5µm
u_aes128_optimized.u_aes_core.temp_state_reg\[32\],16.48µm
net1105,16.48µm
net1357,16.48µm
net1187,16.42µm
net1474,16.42µm
_1202_,16.38µm
_2276_,16.38µm
net1050,16.38µm
_2106_,16.32µm
plaintext_reg\[66\],16.32µm
net1040,16.32µm
_2086_,16.315µm
u_aes128_optimized.u_aes_core.temp_state_reg\[70\],16.315µm
_2625_,16.31µm
_2246_,16.3µm
u_aes128_optimized.u_aes_core.temp_state_reg\[96\],16.3µm
u_aes128_optimized.u_aes_core.temp_state_reg\[16\],16.295µm
u_aes128_optimized.u_aes_core.temp_state_reg\[12\],16.27µm
_2033_,16.26µm
uio_in[1],16.25µm
key_reg\[63\],16.24µm
net701,16.23µm
_2347_,16.22µm
u_aes128_optimized.u_aes_core.round_key_reg\[68\],16.22µm
u_aes128_optimized.u_aes_core.temp_state_reg\[126\],16.22µm
ciphertext_latched\[67\],16.16µm
net919,16.16µm
_2927_,16.155µm
_2247_,16.14µm
net1478,16.14µm
plaintext_reg\[78\],16.12µm
plaintext_reg\[16\],16.1µm
net1090,16.1µm
net1409,16.1µm
_1322_,16.085µm
plaintext_reg\[47\],16.08µm
net1440,16.08µm
key_reg\[95\],16.065µm
key_reg\[25\],16.06µm
net714,16.05µm
_2485_,16.02µm
ciphertext_latched\[121\],16.02µm
u_aes128_optimized.u_aes_core.rot_word_reg\[25\],16.02µm
net1540,16.02µm
_1076_,16µm
_1533_,16µm
ciphertext_latched\[29\],16µm
net939,16µm
u_aes128_optimized.u_aes_core.temp_state_reg\[48\],15.98µm
u_aes128_optimized.u_aes_core.temp_state_reg\[28\],15.97µm
_2652_,15.95µm
_1094_,15.94µm
net1393,15.94µm
_2946_,15.9µm
u_aes128_optimized.u_aes_core.temp_state_reg\[42\],15.9µm
aes_ciphertext\[46\],15.88µm
u_aes128_optimized.u_aes_core.round_key_reg\[32\],15.88µm
_1291_,15.86µm
_1393_,15.86µm
_2618_,15.86µm
ciphertext_latched\[31\],15.82µm
u_aes128_optimized.u_aes_core.temp_state_reg\[2\],15.81µm
key_reg\[109\],15.8µm
key_reg\[23\],15.8µm
net905,15.8µm
net906,15.8µm
_1235_,15.78µm
_2348_,15.78µm
_2375_,15.77µm
plaintext_reg\[41\],15.74µm
_2237_,15.73µm
_1636_,15.72µm
_2567_,15.72µm
u_aes128_optimized.u_aes_core.round_key_reg\[98\],15.69µm
_2458_,15.68µm
net913,15.68µm
_2022_,15.64µm
_2206_,15.64µm
plaintext_reg\[109\],15.64µm
plaintext_reg\[32\],15.64µm
uio_in[3],15.63µm
net987,15.62µm
net999,15.62µm
u_aes128_optimized.u_aes_core.temp_state_reg\[26\],15.61µm
aes_ciphertext\[70\],15.6µm
plaintext_reg\[83\],15.58µm
net268,15.58µm
u_aes128_optimized.u_aes_core.round_key_reg\[123\],15.56µm
u_aes128_optimized.u_aes_core.temp_state_reg\[83\],15.56µm
net1020,15.54µm
_1764_,15.52µm
u_aes128_optimized.u_aes_core.temp_state_reg\[111\],15.5µm
_2772_,15.49µm
_1839_,15.48µm
u_aes128_optimized.u_aes_core.sub_word_reg\[29\],15.48µm
_2016_,15.47µm
_1920_,15.46µm
net539,15.46µm
net1506,15.46µm
key_reg\[64\],15.455µm
key_reg\[32\],15.44µm
u_aes128_optimized.u_aes_core.temp_state_reg\[58\],15.44µm
_1702_,15.42µm
_1077_,15.4µm
_1290_,15.4µm
_2839_,15.4µm
_2629_,15.36µm
_2257_,15.34µm
ciphertext_latched\[15\],15.34µm
u_aes128_optimized.u_aes_core.rot_word_reg\[18\],15.34µm
net547,15.34µm
key_reg\[79\],15.335µm
u_aes128_optimized.u_aes_core.temp_state_reg\[55\],15.32µm
_1638_,15.28µm
net1035,15.28µm
_1283_,15.26µm
_1334_,15.26µm
_1619_,15.26µm
ciphertext_latched\[85\],15.26µm
u_aes128_optimized.u_aes_core.temp_state_reg\[123\],15.26µm
_2072_,15.24µm
net642,15.22µm
net871,15.22µm
u_aes128_optimized.u_aes_core.temp_state_reg\[89\],15.18µm
net259,15.18µm
net1415,15.16µm
_1265_,15.1µm
_1844_,15.1µm
_2460_,15.1µm
plaintext_reg\[40\],15.1µm
net989,15.1µm
u_aes128_optimized.u_aes_core.temp_state_reg\[22\],15.07µm
key_reg\[114\],15.06µm
aes_ciphertext\[62\],15.04µm
net1127,15.04µm
net1239,15.04µm
u_aes128_optimized.u_aes_core.g_word\[4\],15.02µm
u_aes128_optimized.u_aes_core.temp_state_reg\[31\],15.015µm
net1155,14.98µm
u_aes128_optimized.u_aes_core.temp_state_reg\[7\],14.97µm
_0870_,14.96µm
_2544_,14.955µm
_1734_,14.94µm
net1033,14.94µm
key_reg\[71\],14.925µm
_1375_,14.92µm
_2966_,14.9µm
u_aes128_optimized.u_aes_core.rot_word_reg\[20\],14.9µm
key_reg\[73\],14.89µm
u_aes128_optimized.u_aes_core.temp_state_reg\[15\],14.89µm
_2065_,14.88µm
_2781_,14.88µm
net957,14.88µm
_2765_,14.87µm
_1575_,14.86µm
_2661_,14.86µm
plaintext_reg\[93\],14.86µm
_1570_,14.84µm
ciphertext_latched\[50\],14.84µm
key_reg\[55\],14.84µm
_2758_,14.83µm
u_aes128_optimized.u_aes_core.temp_state_reg\[77\],14.82µm
_2858_,14.8µm
_2433_,14.78µm
net894,14.78µm
net1051,14.78µm
plaintext_reg\[30\],14.765µm
_1350_,14.76µm
_1792_,14.76µm
_2773_,14.76µm
net963,14.76µm
net992,14.76µm
u_aes128_optimized.u_aes_core.round_key_reg\[124\],14.74µm
u_aes128_optimized.u_aes_core.round_reg\[1\],14.72µm
net1143,14.72µm
net1324,14.72µm
net1549,14.7µm
ciphertext_latched\[105\],14.68µm
ciphertext_latched\[53\],14.68µm
plaintext_reg\[69\],14.68µm
_2143_,14.64µm
_2723_,14.64µm
_2763_,14.64µm
_2971_,14.64µm
net880,14.64µm
_1227_,14.62µm
_2669_,14.6µm
aes_ciphertext\[42\],14.6µm
key_reg\[47\],14.6µm
u_aes128_optimized.u_aes_core.round_key_reg\[57\],14.6µm
net869,14.6µm
_2349_,14.58µm
plaintext_reg\[35\],14.58µm
u_aes128_optimized.u_aes_core.temp_state_reg\[112\],14.58µm
net638,14.58µm
net741,14.57µm
_1982_,14.56µm
_1582_,14.54µm
_1637_,14.54µm
aes_ciphertext\[126\],14.54µm
_1640_,14.5µm
_2785_,14.5µm
net1082,14.48µm
net1220,14.48µm
_1634_,14.46µm
u_aes128_optimized.u_aes_core.sub_word_reg\[30\],14.46µm
_1673_,14.45µm
_0597_,14.44µm
_2855_,14.44µm
ciphertext_latched\[77\],14.44µm
_0520_,14.42µm
_1910_,14.42µm
_2231_,14.42µm
_2330_,14.42µm
net904,14.42µm
net1171,14.42µm
net1547,14.42µm
ui_in[2],14.41µm
_1217_,14.4µm
_1248_,14.4µm
u_aes128_optimized.u_aes_core.temp_state_reg\[33\],14.4µm
_0153_,14.38µm
u_aes128_optimized.u_aes_core.temp_state_reg\[47\],14.38µm
net945,14.38µm
_2866_,14.36µm
u_aes128_optimized.u_aes_core.round_key_reg\[111\],14.36µm
u_aes128_optimized.u_aes_core.temp_state_reg\[95\],14.36µm
_2150_,14.34µm
key_reg\[105\],14.34µm
net1089,14.34µm
_1250_,14.3µm
_1654_,14.3µm
plaintext_reg\[23\],14.3µm
key_reg\[56\],14.28µm
net1257,14.28µm
net384,14.27µm
ciphertext_latched\[5\],14.26µm
key_reg\[87\],14.25µm
net1499,14.24µm
u_aes128_optimized.u_aes_core.temp_state_reg\[21\],14.235µm
_0718_,14.22µm
_1969_,14.22µm
_1977_,14.22µm
_2129_,14.22µm
_2598_,14.22µm
plaintext_reg\[8\],14.18µm
net1209,14.16µm
net1188,14.14µm
_1888_,14.135µm
aes_ciphertext\[4\],14.12µm
ciphertext_latched\[106\],14.12µm
u_aes128_optimized.u_aes_core.byte_count\[2\],14.12µm
u_aes128_optimized.u_aes_core.temp_state_reg\[101\],14.1µm
u_aes128_optimized.u_aes_core.temp_state_reg\[52\],14.08µm
_0884_,14.06µm
_2047_,14.06µm
aes_ciphertext\[55\],14.06µm
plaintext_reg\[55\],14.04µm
_2753_,14.025µm
_3006_,14.02µm
net756,14.02µm
net1037,14.02µm
_0119_,14µm
_1621_,14µm
_2043_,14µm
plaintext_reg\[111\],14µm
_1099_,13.98µm
_2782_,13.98µm
key_reg\[67\],13.97µm
u_aes128_optimized.u_aes_core.temp_state_reg\[5\],13.97µm
net595,13.97µm
plaintext_reg\[121\],13.965µm
net925,13.965µm
_2429_,13.96µm
key_reg\[27\],13.96µm
u_aes128_optimized.u_aes_core.temp_state_reg\[108\],13.96µm
net1282,13.96µm
_2174_,13.94µm
_2313_,13.94µm
net951,13.94µm
_2796_,13.92µm
key_reg\[29\],13.92µm
_2403_,13.88µm
plaintext_reg\[110\],13.88µm
_2155_,13.84µm
_2699_,13.84µm
plaintext_reg\[80\],13.84µm
_2746_,13.825µm
_2497_,13.82µm
_2766_,13.82µm
net973,13.82µm
u_aes128_optimized.u_aes_core.temp_state_reg\[35\],13.8µm
u_aes128_optimized.u_aes_core.temp_state_reg\[78\],13.8µm
_2123_,13.795µm
plaintext_reg\[96\],13.79µm
net985,13.78µm
net1346,13.78µm
_1949_,13.76µm
net511,13.76µm
u_aes128_optimized.u_aes_core.temp_state_reg\[6\],13.755µm
ciphertext_latched\[80\],13.74µm
_1394_,13.72µm
aes_ciphertext\[96\],13.72µm
key_reg\[58\],13.72µm
ciphertext_latched\[28\],13.705µm
net1139,13.7µm
u_aes128_optimized.u_aes_core.temp_state_reg\[118\],13.68µm
u_aes128_optimized.u_aes_core.temp_state_reg\[93\],13.68µm
net1148,13.68µm
net1541,13.68µm
_0578_,13.665µm
_2917_,13.66µm
net983,13.66µm
_1765_,13.64µm
_2627_,13.64µm
key_reg\[38\],13.64µm
u_aes128_optimized.u_aes_core.g_word\[20\],13.64µm
u_aes128_optimized.u_aes_core.rot_word_reg\[0\],13.64µm
_1015_,13.62µm
_2455_,13.62µm
_2705_,13.62µm
key_reg\[123\],13.62µm
net1554,13.62µm
key_reg\[86\],13.605µm
key_reg\[34\],13.6µm
_2044_,13.58µm
key_reg\[96\],13.56µm
u_aes128_optimized.u_aes_core.round_key_reg\[87\],13.56µm
u_aes128_optimized.u_aes_core.temp_state_reg\[1\],13.55µm
_0978_,13.54µm
_2376_,13.54µm
_1923_,13.53µm
net699,13.53µm
_1100_,13.52µm
_2105_,13.5µm
_2214_,13.5µm
u_aes128_optimized.u_aes_core.round_key_reg\[118\],13.5µm
_1835_,13.48µm
net1146,13.46µm
_1040_,13.44µm
_2251_,13.44µm
ciphertext_latched\[124\],13.44µm
_1864_,13.42µm
_2513_,13.42µm
ciphertext_latched\[48\],13.42µm
net1502,13.42µm
u_aes128_optimized.u_aes_core.temp_state_reg\[9\],13.41µm
_0162_,13.4µm
net1286,13.4µm
_1201_,13.38µm
plaintext_reg\[118\],13.38µm
_2215_,13.375µm
key_reg\[65\],13.345µm
u_aes128_optimized.u_aes_core.temp_state_reg\[121\],13.34µm
_1655_,13.32µm
ciphertext_latched\[116\],13.32µm
u_aes128_optimized.u_aes_core.temp_state_reg\[104\],13.32µm
net1036,13.32µm
u_aes128_optimized.u_aes_core.rot_word_reg\[23\],13.31µm
_0000_,13.3µm
_2745_,13.3µm
plaintext_reg\[87\],13.3µm
net254,13.3µm
net1477,13.3µm
_2011_,13.28µm
_2336_,13.28µm
net1383,13.28µm
_2663_,13.26µm
aes_ciphertext\[9\],13.26µm
u_aes128_optimized.u_aes_core.temp_state_reg\[116\],13.26µm
key_reg\[84\],13.25µm
_0204_,13.24µm
ciphertext_latched\[0\],13.24µm
ciphertext_latched\[75\],13.24µm
key_reg\[81\],13.215µm
_1633_,13.2µm
net1181,13.2µm
_2421_,13.18µm
net371,13.18µm
net997,13.18µm
ciphertext_latched\[84\],13.16µm
plaintext_reg\[79\],13.16µm
net1557,13.16µm
net1161,13.14µm
aes_ciphertext\[8\],13.12µm
ciphertext_latched\[38\],13.12µm
plaintext_reg\[95\],13.11µm
net753,13.11µm
_1428_,13.1µm
_3005_,13.1µm
u_aes128_optimized.u_aes_core.round_key_reg\[120\],13.1µm
_0243_,13.08µm
_2262_,13.08µm
net870,13.045µm
_0420_,13.04µm
_0466_,13.04µm
u_aes128_optimized.u_aes_core.temp_state_reg\[84\],13.04µm
net1019,13.04µm
ui_in[5],13.03µm
_0418_,13.02µm
_2694_,13µm
net1241,13µm
net1177,12.98µm
_0502_,12.96µm
_1064_,12.96µm
_1415_,12.96µm
_1890_,12.96µm
_2165_,12.96µm
_2679_,12.96µm
_2836_,12.96µm
plaintext_reg\[76\],12.96µm
net965,12.96µm
_1405_,12.955µm
_1937_,12.94µm
u_aes128_optimized.u_aes_core.rcon_reg\[6\],12.94µm
net1016,12.94µm
net763,12.93µm
_1410_,12.92µm
_2647_,12.92µm
_2655_,12.92µm
_2865_,12.92µm
ciphertext_latched\[72\],12.92µm
key_reg\[80\],12.92µm
u_aes128_optimized.u_aes_core.round_key_reg\[113\],12.92µm
net53,12.92µm
net1337,12.92µm
_1454_,12.9µm
_1543_,12.9µm
net937,12.9µm
net990,12.9µm
_2315_,12.88µm
_0562_,12.865µm
_2285_,12.84µm
_2894_,12.82µm
ciphertext_latched\[74\],12.82µm
u_aes128_optimized.u_aes_core.temp_state_reg\[41\],12.8µm
_2748_,12.78µm
u_aes128_optimized.u_aes_core.rot_word_reg\[12\],12.78µm
u_aes128_optimized.u_aes_core.temp_state_reg\[17\],12.765µm
ciphertext_latched\[32\],12.76µm
ciphertext_latched\[95\],12.74µm
_1813_,12.72µm
_1842_,12.715µm
_0677_,12.7µm
_0877_,12.7µm
_1232_,12.7µm
_1744_,12.7µm
net1072,12.7µm
_2438_,12.695µm
_1399_,12.68µm
u_aes128_optimized.u_aes_core.temp_state_reg\[94\],12.68µm
u_aes128_optimized.u_aes_core.temp_state_reg\[88\],12.67µm
_0600_,12.66µm
_2283_,12.66µm
_2398_,12.66µm
plaintext_reg\[20\],12.66µm
_2473_,12.64µm
_2525_,12.64µm
net1056,12.64µm
_2649_,12.635µm
u_aes128_optimized.u_aes_core.g_word\[2\],12.63µm
u_aes128_optimized.u_aes_core.temp_state_reg\[10\],12.63µm
_1190_,12.62µm
_1766_,12.62µm
_1919_,12.62µm
_2179_,12.62µm
_2466_,12.62µm
_2827_,12.62µm
net1228,12.62µm
_1277_,12.6µm
ciphertext_latched\[11\],12.6µm
net1068,12.6µm
plaintext_reg\[116\],12.58µm
_1928_,12.56µm
_1849_,12.54µm
_2677_,12.54µm
_2886_,12.54µm
ciphertext_latched\[52\],12.54µm
key_reg\[20\],12.54µm
u_aes128_optimized.u_aes_core.temp_state_reg\[115\],12.54µm
u_aes128_optimized.u_aes_core.temp_state_reg\[62\],12.54µm
net1006,12.54µm
_0703_,12.52µm
key_reg\[4\],12.52µm
net1299,12.52µm
_1497_,12.5µm
net1302,12.5µm
_0911_,12.48µm
ciphertext_latched\[24\],12.48µm
_1209_,12.46µm
_1952_,12.46µm
_2522_,12.445µm
key_reg\[40\],12.42µm
plaintext_reg\[112\],12.42µm
u_aes128_optimized.u_aes_core.temp_state_reg\[61\],12.42µm
u_aes128_optimized.u_aes_core.temp_state_reg\[97\],12.42µm
net934,12.42µm
_1033_,12.4µm
plaintext_reg\[19\],12.4µm
net1131,12.4µm
_2815_,12.39µm
_1521_,12.38µm
_2608_,12.38µm
_2639_,12.38µm
_2824_,12.38µm
u_aes128_optimized.u_aes_core.temp_state_reg\[110\],12.38µm
key_reg\[78\],12.375µm
key_reg\[77\],12.37µm
_1096_,12.36µm
ciphertext_latched\[115\],12.36µm
net1462,12.36µm
net915,12.34µm
_2528_,12.33µm
_2634_,12.32µm
net1469,12.3µm
_1995_,12.28µm
net673,12.27µm
net1010,12.26µm
_0022_,12.24µm
_1400_,12.24µm
_2551_,12.24µm
_2581_,12.24µm
_2910_,12.24µm
u_aes128_optimized.u_aes_core.temp_state_reg\[86\],12.24µm
_0296_,12.22µm
_2687_,12.22µm
_1342_,12.21µm
_2216_,12.2µm
ciphertext_latched\[22\],12.2µm
_1760_,12.18µm
_2119_,12.18µm
_2243_,12.18µm
_2046_,12.16µm
_2172_,12.16µm
_2740_,12.16µm
_2901_,12.16µm
net1494,12.16µm
_0558_,12.155µm
_1753_,12.12µm
ciphertext_latched\[12\],12.12µm
plaintext_reg\[63\],12.12µm
net984,12.12µm
net1172,12.12µm
_1938_,12.08µm
net911,12.08µm
_1234_,12.06µm
key_reg\[101\],12.04µm
net1185,12.04µm
net1569,12.04µm
key_reg\[72\],12.03µm
u_aes128_optimized.u_aes_core.temp_state_reg\[109\],12.02µm
net1366,12.02µm
_2159_,12.015µm
_0971_,12µm
key_reg\[18\],12µm
_0550_,11.98µm
_2811_,11.98µm
ciphertext_latched\[9\],11.98µm
plaintext_reg\[82\],11.98µm
_2722_,11.96µm
aes_ciphertext\[103\],11.96µm
u_aes128_optimized.u_aes_core.temp_state_reg\[4\],11.95µm
_1087_,11.92µm
_1409_,11.92µm
_2695_,11.92µm
_2804_,11.92µm
u_aes128_optimized.u_aes_core.sub_word_reg\[31\],11.92µm
net1259,11.92µm
_1965_,11.88µm
_2410_,11.88µm
key_reg\[53\],11.88µm
u_aes128_optimized.u_aes_core.rot_word_reg\[17\],11.88µm
_1173_,11.86µm
_1668_,11.86µm
ciphertext_latched\[26\],11.86µm
net821,11.86µm
net1244,11.86µm
_1627_,11.84µm
_2860_,11.84µm
key_reg\[127\],11.84µm
plaintext_reg\[38\],11.84µm
plaintext_reg\[54\],11.84µm
net931,11.84µm
net1021,11.84µm
_0406_,11.82µm
_0448_,11.82µm
net966,11.82µm
_2808_,11.8µm
_0973_,11.78µm
_2210_,11.78µm
_2514_,11.78µm
ciphertext_latched\[19\],11.78µm
ciphertext_latched\[55\],11.78µm
net1274,11.78µm
ciphertext_latched\[6\],11.76µm
net1153,11.76µm
u_aes128_optimized.u_aes_core.temp_state_reg\[8\],11.755µm
_1664_,11.74µm
_1706_,11.74µm
key_reg\[121\],11.74µm
key_reg\[126\],11.74µm
_1827_,11.705µm
_0723_,11.7µm
u_aes128_optimized.u_aes_core.rot_word_reg\[8\],11.7µm
u_aes128_optimized.u_aes_core.temp_state_reg\[124\],11.7µm
net1285,11.7µm
net1414,11.7µm
net824,11.67µm
_1822_,11.665µm
_1704_,11.66µm
u_aes128_optimized.u_aes_core.temp_state_reg\[76\],11.66µm
net1507,11.66µm
_1785_,11.655µm
_2475_,11.65µm
_2873_,11.64µm
_1018_,11.62µm
_1860_,11.62µm
_2575_,11.62µm
ciphertext_latched\[119\],11.62µm
key_reg\[0\],11.62µm
ciphertext_latched\[4\],11.6µm
_0319_,11.58µm
_2476_,11.58µm
_2557_,11.58µm
net1114,11.58µm
net1203,11.58µm
_1014_,11.56µm
_2107_,11.56µm
_2235_,11.56µm
key_reg\[24\],11.56µm
net874,11.56µm
net1098,11.56µm
net1532,11.56µm
_1563_,11.54µm
net892,11.54µm
net900,11.54µm
net1060,11.54µm
net1222,11.54µm
net1236,11.54µm
_1569_,11.52µm
_0145_,11.5µm
_3000_,11.5µm
net942,11.5µm
net1265,11.5µm
net1505,11.5µm
_2114_,11.48µm
_0251_,11.46µm
_0917_,11.46µm
_2797_,11.42µm
key_reg\[48\],11.42µm
net1150,11.42µm
net1323,11.42µm
u_aes128_optimized.u_aes_core.temp_state_reg\[19\],11.415µm
ciphertext_latched\[39\],11.4µm
ciphertext_latched\[98\],11.4µm
key_reg\[31\],11.4µm
_2501_,11.38µm
_2675_,11.38µm
key_reg\[107\],11.38µm
net842,11.36µm
net1109,11.36µm
net1548,11.36µm
_2721_,11.34µm
_1790_,11.33µm
u_aes128_optimized.u_aes_core.temp_state_reg\[25\],11.33µm
aes_ciphertext\[57\],11.32µm
_0358_,11.3µm
_1340_,11.3µm
_2939_,11.3µm
net926,11.3µm
_1545_,11.28µm
_2487_,11.28µm
ciphertext_latched\[30\],11.28µm
plaintext_reg\[81\],11.28µm
_1071_,11.26µm
_1962_,11.26µm
_2385_,11.24µm
net1515,11.24µm
_0808_,11.22µm
net1049,11.22µm
_0730_,11.2µm
_1267_,11.2µm
_2263_,11.2µm
_2830_,11.2µm
plaintext_reg\[67\],11.2µm
u_aes128_optimized.u_aes_core.state\[7\],11.2µm
net1103,11.2µm
_1882_,11.195µm
_1084_,11.18µm
key_reg\[61\],11.18µm
_0013_,11.16µm
_1161_,11.16µm
_1189_,11.16µm
_3004_,11.16µm
ciphertext_latched\[16\],11.16µm
_2004_,11.14µm
_2572_,11.14µm
plaintext_reg\[61\],11.14µm
u_aes128_optimized.u_aes_core.temp_state_reg\[20\],11.13µm
net184,11.12µm
net879,11.12µm
net920,11.12µm
ciphertext_latched\[41\],11.1µm
net1196,11.1µm
net1380,11.1µm
net1430,11.1µm
plaintext_reg\[94\],11.085µm
_1853_,11.08µm
_2090_,11.08µm
net881,11.08µm
net890,11.08µm
net1159,11.08µm
net1325,11.08µm
_2430_,11.07µm
_1552_,11.06µm
net1063,11.06µm
_2084_,11.04µm
_2171_,11.04µm
_2651_,11.04µm
_2665_,11.04µm
_3007_,11.04µm
u_aes128_optimized.u_aes_core.rot_word_reg\[4\],11.04µm
_0215_,11.02µm
net909,11.02µm
_1752_,11µm
_1993_,11µm
_0337_,10.98µm
net1054,10.98µm
_1396_,10.96µm
_1716_,10.96µm
_2828_,10.96µm
key_reg\[122\],10.96µm
_2595_,10.94µm
_0602_,10.92µm
ciphertext_latched\[42\],10.92µm
_0445_,10.9µm
_1546_,10.9µm
_2891_,10.9µm
aes_ciphertext\[91\],10.9µm
net878,10.9µm
net1149,10.9µm
_2104_,10.88µm
_2622_,10.88µm
net889,10.88µm
key_reg\[108\],10.86µm
_0586_,10.84µm
_0593_,10.84µm
_0687_,10.84µm
_0928_,10.84µm
u_aes128_optimized.u_aes_core.temp_state_reg\[63\],10.84µm
_2441_,10.835µm
plaintext_reg\[92\],10.825µm
_0555_,10.82µm
_0871_,10.82µm
_1339_,10.8µm
_2298_,10.8µm
_2823_,10.8µm
net1572,10.8µm
_0999_,10.78µm
_1646_,10.78µm
_2563_,10.78µm
_2789_,10.78µm
aes_ciphertext\[83\],10.78µm
ciphertext_latched\[107\],10.78µm
net48,10.78µm
net970,10.78µm
net980,10.78µm
net1264,10.78µm
net1368,10.78µm
key_reg\[6\],10.77µm
_1561_,10.74µm
_1783_,10.74µm
_2023_,10.74µm
_2842_,10.74µm
aes_ciphertext\[80\],10.74µm
net949,10.74µm
net952,10.74µm
net1013,10.74µm
_1688_,10.72µm
_2316_,10.72µm
_2568_,10.72µm
_2845_,10.72µm
_1141_,10.7µm
plaintext_reg\[0\],10.7µm
plaintext_reg\[71\],10.7µm
net282,10.7µm
_0422_,10.66µm
_2392_,10.66µm
net1419,10.66µm
_1134_,10.64µm
net1123,10.64µm
net1194,10.64µm
net1306,10.64µm
net1340,10.64µm
net1361,10.64µm
net1534,10.64µm
_2844_,10.62µm
ciphertext_latched\[114\],10.62µm
u_aes128_optimized.u_aes_core.temp_state_reg\[81\],10.62µm
net649,10.62µm
u_aes128_optimized.u_aes_core.temp_state_reg\[30\],10.61µm
_1689_,10.6µm
ciphertext_latched\[49\],10.6µm
plaintext_reg\[28\],10.585µm
_0455_,10.58µm
_0495_,10.58µm
_0671_,10.58µm
_2645_,10.58µm
key_reg\[36\],10.58µm
key_reg\[49\],10.58µm
u_aes128_optimized.u_aes_core.temp_state_reg\[56\],10.58µm
net1283,10.58µm
net1287,10.58µm
_1164_,10.54µm
_2945_,10.54µm
aes_ciphertext\[12\],10.54µm
key_reg\[42\],10.54µm
net272,10.54µm
ciphertext_latched\[66\],10.52µm
ciphertext_latched\[7\],10.52µm
net1162,10.52µm
ciphertext_latched\[13\],10.5µm
plaintext_reg\[42\],10.5µm
key_reg\[75\],10.495µm
_2776_,10.48µm
key_reg\[83\],10.465µm
key_reg\[120\],10.46µm
key_reg\[93\],10.46µm
net960,10.46µm
_2096_,10.44µm
_0637_,10.42µm
_2354_,10.42µm
net1247,10.42µm
net1355,10.42µm
key_reg\[69\],10.41µm
net743,10.41µm
key_reg\[68\],10.405µm
key_reg\[44\],10.4µm
net1352,10.4µm
_1486_,10.38µm
_1883_,10.38µm
plaintext_reg\[84\],10.38µm
u_aes128_optimized.u_aes_core.temp_state_reg\[38\],10.38µm
_0931_,10.36µm
_1029_,10.36µm
plaintext_reg\[45\],10.36µm
_2187_,10.355µm
_1723_,10.34µm
_1793_,10.34µm
net1350,10.34µm
_2297_,10.325µm
plaintext_reg\[58\],10.325µm
_1082_,10.32µm
_1527_,10.32µm
net1039,10.32µm
net1134,10.32µm
net1484,10.32µm
net1551,10.32µm
_0317_,10.3µm
net863,10.285µm
_0221_,10.28µm
_0413_,10.28µm
_0866_,10.28µm
_1150_,10.28µm
_1459_,10.28µm
_2079_,10.28µm
_2650_,10.28µm
_2794_,10.28µm
_2848_,10.28µm
plaintext_reg\[48\],10.28µm
net927,10.28µm
net1309,10.28µm
net1349,10.28µm
u_aes128_optimized.u_aes_core.g_word\[17\],10.27µm
_2335_,10.26µm
_2878_,10.24µm
aes_ciphertext\[17\],10.24µm
_1896_,10.23µm
u_aes128_optimized.u_aes_core.temp_state_reg\[24\],10.225µm
net1353,10.22µm
net1479,10.22µm
_2468_,10.21µm
_1360_,10.2µm
_2783_,10.2µm
_2798_,10.2µm
_0479_,10.185µm
_1034_,10.18µm
_1167_,10.18µm
net955,10.18µm
net1190,10.18µm
net1293,10.18µm
_0754_,10.16µm
_1058_,10.16µm
_1172_,10.16µm
_2947_,10.16µm
key_reg\[26\],10.16µm
_2933_,10.14µm
ciphertext_latched\[45\],10.14µm
ciphertext_latched\[83\],10.14µm
net866,10.12µm
net888,10.12µm
net959,10.12µm
net1208,10.12µm
_1889_,10.11µm
u_aes128_optimized.u_aes_core.temp_state_reg\[13\],10.11µm
_2451_,10.08µm
net943,10.08µm
net958,10.08µm
_0452_,10.06µm
_0552_,10.06µm
_0827_,10.06µm
ciphertext_latched\[100\],10.06µm
plaintext_loaded,10.04µm
_2490_,10.02µm
_1525_,10µm
_2296_,10µm
_2803_,10µm
net887,10µm
net1095,10µm
net695,9.99µm
_0567_,9.98µm
_0916_,9.98µm
_1153_,9.98µm
net1280,9.98µm
net1561,9.98µm
_0307_,9.96µm
_0614_,9.96µm
_1667_,9.96µm
ciphertext_latched\[36\],9.96µm
_1808_,9.94µm
_1859_,9.94µm
_1870_,9.94µm
_2200_,9.94µm
_2277_,9.94µm
_2697_,9.94µm
aes_ciphertext\[54\],9.94µm
key_reg\[104\],9.94µm
u_aes128_optimized.u_aes_core.temp_state_reg\[0\],9.94µm
net1295,9.94µm
_1555_,9.92µm
_1641_,9.92µm
key_reg\[89\],9.915µm
_0105_,9.905µm
key_reg\[74\],9.905µm
plaintext_reg\[100\],9.905µm
_0005_,9.9µm
_0914_,9.9µm
_2207_,9.9µm
_1720_,9.88µm
_1825_,9.88µm
_2641_,9.88µm
_2822_,9.88µm
net1235,9.88µm
_0441_,9.86µm
_0665_,9.86µm
_0936_,9.86µm
_1773_,9.86µm
_2417_,9.86µm
_2711_,9.86µm
_2747_,9.86µm
ciphertext_latched\[46\],9.86µm
ciphertext_latched\[93\],9.86µm
net1297,9.86µm
net1443,9.86µm
_2832_,9.84µm
_0014_,9.82µm
_1176_,9.82µm
_1542_,9.82µm
_1820_,9.82µm
_2112_,9.82µm
ciphertext_latched\[104\],9.82µm
key_reg\[9\],9.82µm
net176,9.82µm
net884,9.82µm
net1080,9.82µm
net1468,9.82µm
_2449_,9.815µm
_0939_,9.8µm
_2428_,9.8µm
ciphertext_latched\[69\],9.8µm
u_aes128_optimized.u_aes_core.temp_state_reg\[57\],9.79µm
_1184_,9.78µm
_1855_,9.78µm
_2138_,9.78µm
_2139_,9.78µm
key_reg\[106\],9.78µm
u_aes128_optimized.u_aes_core.temp_state_reg\[43\],9.78µm
_0292_,9.765µm
_0539_,9.765µm
_0276_,9.76µm
_1168_,9.76µm
_2005_,9.76µm
_2638_,9.76µm
_2915_,9.76µm
net916,9.76µm
_1174_,9.74µm
_2182_,9.74µm
_2880_,9.74µm
ui_in[4],9.73µm
net1316,9.72µm
net1461,9.72µm
_1576_,9.7µm
_2241_,9.7µm
net1332,9.7µm
_2333_,9.68µm
uio_out[7],9.67µm
_2698_,9.66µm
_2911_,9.66µm
net1519,9.66µm
net1543,9.66µm
net1079,9.64µm
net1453,9.64µm
net1545,9.62µm
_0393_,9.6µm
_0442_,9.6µm
_0756_,9.6µm
_1510_,9.6µm
net976,9.6µm
_0183_,9.58µm
_0468_,9.58µm
_0528_,9.58µm
u_aes128_optimized.u_aes_core.temp_state_reg\[51\],9.58µm
net1106,9.58µm
plaintext_reg\[57\],9.555µm
_0987_,9.54µm
_1075_,9.54µm
_2792_,9.54µm
aes_ciphertext\[122\],9.54µm
aes_ciphertext\[66\],9.54µm
aes_ciphertext\[7\],9.54µm
key_reg\[11\],9.54µm
net1344,9.54µm
_1659_,9.52µm
aes_ciphertext\[118\],9.52µm
aes_ciphertext\[6\],9.52µm
aes_ciphertext\[72\],9.52µm
key_reg\[28\],9.52µm
net1099,9.52µm
net1266,9.52µm
_0423_,9.505µm
_2203_,9.505µm
_1469_,9.5µm
_2164_,9.5µm
_0004_,9.48µm
_2809_,9.48µm
key_reg\[13\],9.48µm
net947,9.48µm
net1023,9.48µm
_1463_,9.47µm
u_aes128_optimized.u_aes_core.g_word\[12\],9.47µm
_0708_,9.46µm
output_index\[0\],9.46µm
u_aes128_optimized.u_aes_core.temp_state_reg\[125\],9.46µm
_0348_,9.44µm
_0909_,9.44µm
_0980_,9.44µm
_1643_,9.44µm
_2426_,9.44µm
_2626_,9.44µm
aes_ciphertext\[63\],9.44µm
key_reg\[10\],9.44µm
key_reg\[8\],9.44µm
plaintext_reg\[113\],9.44µm
plaintext_reg\[22\],9.44µm
net292,9.44µm
_1324_,9.435µm
_2153_,9.425µm
plaintext_reg\[108\],9.425µm
_0338_,9.42µm
_0357_,9.42µm
_0490_,9.42µm
_0575_,9.42µm
_1758_,9.42µm
_2360_,9.42µm
u_aes128_optimized.u_aes_core.rot_word_reg\[15\],9.42µm
_0440_,9.4µm
_0707_,9.4µm
_1781_,9.4µm
_2020_,9.4µm
_2924_,9.4µm
plaintext_reg\[104\],9.4µm
plaintext_reg\[18\],9.4µm
u_aes128_optimized.u_aes_core.rot_word_reg\[26\],9.4µm
net1207,9.4µm
net1269,9.4µm
net1290,9.4µm
net1539,9.4µm
plaintext_reg\[6\],9.38µm
net1436,9.38µm
_0566_,9.365µm
_0953_,9.36µm
_1268_,9.36µm
_1956_,9.36µm
_2508_,9.36µm
_2605_,9.36µm
_3011_,9.36µm
aes_ciphertext\[125\],9.36µm
net1002,9.36µm
_2064_,9.34µm
u_aes128_optimized.u_aes_core.temp_state_reg\[80\],9.34µm
_0141_,9.325µm
_2463_,9.325µm
_0193_,9.32µm
_1120_,9.32µm
_1978_,9.32µm
_2127_,9.32µm
_2160_,9.32µm
_2260_,9.32µm
_2303_,9.32µm
u_aes128_optimized.u_aes_core.temp_state_reg\[99\],9.32µm
net1135,9.3µm
net1224,9.3µm
net1376,9.3µm
net1378,9.3µm
net57,9.28µm
net922,9.28µm
_1036_,9.26µm
_1683_,9.26µm
net876,9.26µm
net1260,9.26µm
net1396,9.26µm
_2630_,9.25µm
_0627_,9.24µm
_1271_,9.24µm
_2682_,9.24µm
_2843_,9.24µm
net991,9.24µm
_0564_,9.22µm
_2716_,9.22µm
uo_out[3],9.21µm
_0318_,9.205µm
_0545_,9.205µm
_0424_,9.2µm
_0474_,9.2µm
_2325_,9.2µm
net1154,9.2µm
net1201,9.2µm
net1321,9.2µm
net1377,9.2µm
_2817_,9.19µm
net902,9.18µm
net940,9.18µm
ciphertext_latched\[3\],9.16µm
net903,9.16µm
net1268,9.16µm
_0613_,9.14µm
_0962_,9.14µm
net1267,9.14µm
_0469_,9.12µm
_1017_,9.12µm
_1947_,9.12µm
_2357_,9.115µm
_0101_,9.1µm
_0846_,9.1µm
_0868_,9.1µm
_0018_,9.08µm
_0369_,9.08µm
_0385_,9.08µm
_0458_,9.08µm
_0845_,9.08µm
_0904_,9.08µm
_2768_,9.08µm
plaintext_reg\[126\],9.08µm
net1556,9.08µm
net691,9.07µm
_0203_,9.06µm
_0731_,9.06µm
_1185_,9.06µm
ciphertext_latched\[122\],9.06µm
net1179,9.06µm
net1215,9.06µm
_1875_,9.04µm
_2213_,9.02µm
_2523_,9.02µm
_2599_,9.02µm
ciphertext_latched\[1\],9.02µm
net964,9.02µm
_0890_,9µm
_2456_,9µm
net1530,9µm
_2411_,8.995µm
_0127_,8.98µm
_0343_,8.98µm
_0397_,8.98µm
_0864_,8.98µm
_0886_,8.98µm
_1801_,8.98µm
plaintext_reg\[86\],8.98µm
net1416,8.98µm
u_aes128_optimized.u_aes_core.g_word\[14\],8.97µm
_0944_,8.96µm
_1386_,8.96µm
_1998_,8.96µm
_2869_,8.96µm
net932,8.96µm
net1425,8.96µm
_1872_,8.955µm
_1666_,8.94µm
_1697_,8.94µm
_1729_,8.94µm
_2498_,8.94µm
_2499_,8.94µm
_2582_,8.94µm
_2653_,8.94µm
_1365_,8.92µm
net1000,8.92µm
_0312_,8.905µm
_1630_,8.905µm
_2510_,8.905µm
_0450_,8.9µm
_1613_,8.9µm
_2405_,8.9µm
key_reg\[33\],8.9µm
plaintext_reg\[36\],8.9µm
plaintext_reg\[3\],8.9µm
_2076_,8.88µm
_0611_,8.86µm
_2102_,8.86µm
_2286_,8.86µm
_2548_,8.86µm
plaintext_reg\[85\],8.86µm
u_aes128_optimized.u_aes_core.temp_state_reg\[44\],8.84µm
net1292,8.84µm
net1341,8.84µm
_0177_,8.82µm
_0639_,8.82µm
_2826_,8.82µm
ciphertext_latched\[21\],8.82µm
plaintext_reg\[12\],8.82µm
net1129,8.82µm
net1370,8.82µm
ciphertext_latched\[120\],8.8µm
key_reg\[5\],8.8µm
plaintext_reg\[65\],8.8µm
net875,8.8µm
net1253,8.8µm
key_loaded,8.795µm
_0194_,8.78µm
_2838_,8.78µm
_2926_,8.78µm
_2937_,8.78µm
ciphertext_latched\[44\],8.78µm
net1133,8.78µm
_1446_,8.775µm
_1953_,8.76µm
_2807_,8.74µm
plaintext_reg\[105\],8.74µm
net893,8.74µm
net1225,8.74µm
net1313,8.74µm
net1372,8.74µm
net1429,8.74µm
net1442,8.74µm
net1467,8.74µm
net1261,8.72µm
_0236_,8.7µm
_0404_,8.7µm
_0581_,8.7µm
_1791_,8.7µm
_2087_,8.7µm
ciphertext_latched\[64\],8.7µm
plaintext_reg\[91\],8.7µm
_0505_,8.68µm
plaintext_reg\[59\],8.665µm
_1524_,8.66µm
plaintext_reg\[62\],8.655µm
_0693_,8.64µm
_2674_,8.64µm
_0478_,8.625µm
_0085_,8.62µm
_0090_,8.62µm
_0122_,8.62µm
_0964_,8.62µm
net1426,8.62µm
net1459,8.62µm
net768,8.61µm
_0863_,8.6µm
_0893_,8.6µm
_1873_,8.6µm
_2448_,8.6µm
aes_ciphertext\[0\],8.6µm
net1356,8.6µm
net1546,8.6µm
_0813_,8.58µm
_2635_,8.58µm
ciphertext_latched\[103\],8.58µm
net885,8.58µm
net941,8.58µm
_1460_,8.56µm
_2134_,8.56µm
_2556_,8.56µm
aes_ciphertext\[98\],8.56µm
key_reg\[15\],8.56µm
key_reg\[66\],8.555µm
_0885_,8.52µm
_0923_,8.52µm
_1138_,8.52µm
_1520_,8.52µm
_1858_,8.52µm
_2258_,8.52µm
_2374_,8.52µm
_2588_,8.52µm
_2620_,8.52µm
key_reg\[99\],8.52µm
_2095_,8.5µm
ciphertext_latched\[108\],8.48µm
net1152,8.48µm
net1360,8.48µm
_0561_,8.46µm
_0573_,8.46µm
_1282_,8.46µm
_1348_,8.46µm
_1857_,8.445µm
_2419_,8.445µm
_0037_,8.44µm
_0444_,8.44µm
_1429_,8.44µm
_1747_,8.44µm
_1828_,8.44µm
_2058_,8.44µm
_2310_,8.44µm
_2526_,8.44µm
key_reg\[116\],8.44µm
plaintext_reg\[4\],8.44µm
net1312,8.44µm
u_aes128_optimized.u_aes_core.temp_state_reg\[3\],8.43µm
_2196_,8.42µm
_1971_,8.4µm
_2089_,8.4µm
_2147_,8.4µm
_2678_,8.4µm
_1346_,8.38µm
_1617_,8.38µm
net967,8.38µm
net1085,8.38µm
net1219,8.38µm
net678,8.37µm
_0326_,8.365µm
_0509_,8.365µm
_1710_,8.36µm
_1784_,8.36µm
_1831_,8.36µm
_2532_,8.36µm
key_reg\[37\],8.36µm
net1237,8.36µm
_0775_,8.345µm
_2470_,8.32µm
_2847_,8.32µm
plaintext_reg\[21\],8.32µm
net1032,8.32µm
_0117_,8.3µm
_1922_,8.3µm
key_reg\[125\],8.3µm
net1451,8.3µm
_2729_,8.28µm
_2795_,8.28µm
_2904_,8.28µm
net1336,8.28µm
net1363,8.28µm
net1420,8.28µm
net1434,8.28µm
net1473,8.28µm
net1542,8.28µm
_0096_,8.26µm
net877,8.26µm
net1504,8.26µm
_0305_,8.24µm
_0140_,8.22µm
_0372_,8.22µm
_0488_,8.22µm
_0773_,8.22µm
_1911_,8.22µm
net962,8.22µm
net1310,8.22µm
_0006_,8.2µm
_2314_,8.2µm
aes_done,8.2µm
key_reg\[117\],8.2µm
_0757_,8.195µm
_0826_,8.18µm
_1003_,8.18µm
_0016_,8.165µm
ciphertext_latched\[27\],8.165µm
_0409_,8.16µm
_0894_,8.16µm
_0919_,8.16µm
_2790_,8.16µm
net944,8.16µm
net1273,8.16µm
net1371,8.16µm
net1456,8.16µm
net1489,8.16µm
_2279_,8.145µm
_0205_,8.14µm
_0431_,8.14µm
_0867_,8.14µm
_0918_,8.14µm
_1241_,8.14µm
_2733_,8.14µm
aes_ciphertext\[67\],8.14µm
net933,8.14µm
_1192_,8.12µm
_1274_,8.12µm
_0055_,8.1µm
_0072_,8.1µm
_0143_,8.1µm
_1020_,8.1µm
_1946_,8.1µm
_2055_,8.1µm
_2191_,8.1µm
_2225_,8.1µm
_2644_,8.1µm
_2903_,8.1µm
aes_ciphertext\[53\],8.1µm
aes_ciphertext\[92\],8.1µm
aes_ciphertext\[94\],8.1µm
key_reg\[102\],8.1µm
plaintext_reg\[7\],8.1µm
_0280_,8.08µm
_1452_,8.08µm
key_reg\[111\],8.08µm
_0197_,8.06µm
_1028_,8.06µm
_2238_,8.06µm
_2521_,8.06µm
_2942_,8.06µm
aes_ciphertext\[110\],8.06µm
aes_ciphertext\[33\],8.06µm
aes_ciphertext\[64\],8.06µm
ui_in[3],8.05µm
_1862_,8.045µm
_1439_,8.04µm
_2305_,8.04µm
plaintext_reg\[27\],8.04µm
_1316_,8.02µm
_1320_,8.02µm
_2319_,8.02µm
_2617_,8.02µm
net1030,8.02µm
net1138,8.02µm
net1367,8.02µm
net1432,8.02µm
net868,8µm
_0511_,7.98µm
_1074_,7.98µm
_1436_,7.98µm
_2202_,7.98µm
ciphertext_latched\[71\],7.98µm
key_reg\[14\],7.98µm
plaintext_reg\[43\],7.98µm
u_aes128_optimized.u_aes_core.col_count\[1\],7.98µm
net946,7.98µm
net1102,7.98µm
net1221,7.98µm
_2587_,7.96µm
u_aes128_optimized.u_aes_core.g_word\[5\],7.95µm
_0238_,7.94µm
_1385_,7.94µm
_1482_,7.94µm
_2274_,7.94µm
_2311_,7.94µm
_2494_,7.94µm
_2738_,7.94µm
_0553_,7.925µm
ciphertext_latched\[47\],7.92µm
plaintext_reg\[29\],7.92µm
plaintext_reg\[60\],7.92µm
net1052,7.92µm
net1070,7.92µm
net1223,7.92µm
net1405,7.92µm
net1437,7.92µm
_1607_,7.91µm
_1002_,7.905µm
_1761_,7.9µm
_2198_,7.9µm
_2586_,7.9µm
ciphertext_latched\[34\],7.9µm
net364,7.9µm
net1277,7.9µm
_1089_,7.88µm
_1512_,7.88µm
_2905_,7.88µm
net1291,7.88µm
uo_out[0],7.87µm
_0199_,7.86µm
_1603_,7.86µm
_2317_,7.86µm
net1438,7.86µm
_1397_,7.855µm
_0572_,7.84µm
plaintext_reg\[102\],7.84µm
_0571_,7.83µm
_0496_,7.825µm
_2227_,7.825µm
_0323_,7.82µm
_1358_,7.82µm
_2856_,7.82µm
net1411,7.82µm
net1485,7.82µm
net1487,7.82µm
net1517,7.82µm
_0151_,7.8µm
net1358,7.8µm
net1528,7.8µm
net1562,7.8µm
_0530_,7.78µm
_0686_,7.78µm
_2854_,7.78µm
net1147,7.78µm
_0798_,7.76µm
net1012,7.76µm
_0349_,7.74µm
_1713_,7.74µm
_1983_,7.74µm
plaintext_reg\[31\],7.74µm
_0056_,7.72µm
net1180,7.72µm
net1574,7.72µm
_0540_,7.715µm
_2228_,7.715µm
_2388_,7.71µm
_2816_,7.71µm
_1341_,7.7µm
_0340_,7.68µm
_0618_,7.68µm
_0834_,7.68µm
_0865_,7.68µm
_2018_,7.68µm
_2244_,7.68µm
aes_ciphertext\[25\],7.68µm
net1077,7.68µm
net1145,7.68µm
net1217,7.68µm
_0058_,7.64µm
_0169_,7.64µm
_0517_,7.64µm
_1901_,7.64µm
_2108_,7.64µm
_2224_,7.64µm
_2378_,7.64µm
_2464_,7.64µm
_2517_,7.64µm
_2853_,7.64µm
aes_ciphertext\[56\],7.64µm
_0480_,7.62µm
_0628_,7.62µm
_0237_,7.6µm
_0473_,7.6µm
_0536_,7.6µm
_0932_,7.6µm
_2418_,7.6µm
_1679_,7.58µm
plaintext_reg\[123\],7.58µm
net833,7.57µm
_0061_,7.56µm
_0149_,7.56µm
_1612_,7.56µm
_1841_,7.56µm
_1943_,7.56µm
_2814_,7.56µm
_2884_,7.56µm
aes_ciphertext\[75\],7.56µm
ciphertext_latched\[37\],7.56µm
u_aes128_optimized.u_aes_core.state\[8\],7.56µm
net1568,7.56µm
_0801_,7.54µm
_2026_,7.54µm
_0407_,7.525µm
_0503_,7.52µm
_1407_,7.52µm
_1549_,7.52µm
_1926_,7.52µm
ciphertext_latched\[101\],7.52µm
ciphertext_latched\[125\],7.52µm
u_aes128_optimized.u_aes_core.sub_word_reg\[24\],7.52µm
u_aes128_optimized.u_aes_core.temp_state_reg\[105\],7.52µm
net977,7.52µm
net1246,7.52µm
_2471_,7.5µm
u_aes128_optimized.u_aes_core.g_word\[1\],7.49µm
_1848_,7.48µm
_1868_,7.48µm
_2450_,7.48µm
_2542_,7.48µm
_0320_,7.465µm
_2611_,7.46µm
_2912_,7.46µm
net1074,7.46µm
net1086,7.46µm
net1488,7.46µm
_0330_,7.445µm
key_reg\[85\],7.445µm
_0506_,7.44µm
_0585_,7.44µm
_2248_,7.44µm
_2580_,7.44µm
plaintext_reg\[17\],7.44µm
_2168_,7.425µm
_1013_,7.42µm
_1810_,7.42µm
_2252_,7.42µm
u_aes128_optimized.u_aes_core.temp_state_reg\[119\],7.42µm
_0076_,7.4µm
_1499_,7.4µm
_2637_,7.4µm
ciphertext_latched\[97\],7.4µm
u_aes128_optimized.u_aes_core.temp_state_reg\[59\],7.4µm
_1035_,7.38µm
uio_out[6],7.37µm
_0429_,7.365µm
_1240_,7.36µm
_2749_,7.36µm
net961,7.36µm
net1041,7.36µm
net1043,7.36µm
net1238,7.36µm
net1428,7.36µm
net1529,7.36µm
_0396_,7.345µm
_0157_,7.34µm
_0645_,7.34µm
_2270_,7.34µm
_2327_,7.34µm
net864,7.34µm
net908,7.34µm
net1075,7.34µm
net1373,7.34µm
net1435,7.34µm
net1472,7.34µm
_2454_,7.325µm
_0309_,7.32µm
_0580_,7.32µm
_0664_,7.32µm
_1602_,7.32µm
_1629_,7.32µm
_1994_,7.32µm
_2553_,7.32µm
_2791_,7.32µm
net1458,7.32µm
_2253_,7.315µm
_0217_,7.3µm
_0559_,7.3µm
_0700_,7.3µm
_1437_,7.3µm
_2489_,7.3µm
key_reg\[100\],7.3µm
net1226,7.3µm
_0260_,7.26µm
_0297_,7.24µm
_0955_,7.24µm
_1441_,7.24µm
_2188_,7.24µm
net1126,7.24µm
net1552,7.24µm
_0007_,7.22µm
_0104_,7.22µm
_0227_,7.22µm
_0306_,7.22µm
_0311_,7.22µm
_0365_,7.22µm
_0453_,7.22µm
_0739_,7.22µm
_0748_,7.22µm
_1114_,7.22µm
_1332_,7.22µm
_1939_,7.22µm
_2909_,7.22µm
ciphertext_latched\[127\],7.22µm
key_reg\[35\],7.22µm
net1330,7.22µm
net1400,7.22µm
_1382_,7.2µm
_2032_,7.2µm
_2212_,7.2µm
plaintext_reg\[50\],7.2µm
_0074_,7.18µm
_0082_,7.18µm
_0159_,7.18µm
_0253_,7.18µm
_0839_,7.18µm
_0958_,7.18µm
_0963_,7.18µm
_1804_,7.18µm
_2435_,7.18µm
_2613_,7.18µm
aes_ciphertext\[113\],7.18µm
aes_ciphertext\[73\],7.18µm
key_reg\[113\],7.18µm
key_reg\[1\],7.18µm
plaintext_index\[0\],7.18µm
plaintext_reg\[114\],7.18µm
_0051_,7.16µm
net640,7.15µm
_0052_,7.14µm
_0981_,7.14µm
_2445_,7.14µm
_2742_,7.14µm
_1585_,7.12µm
_1682_,7.12µm
_2969_,7.12µm
_0111_,7.1µm
_0869_,7.1µm
_0902_,7.1µm
_1374_,7.1µm
_1703_,7.1µm
_1708_,7.1µm
_1751_,7.1µm
_1944_,7.1µm
_2612_,7.1µm
plaintext_reg\[117\],7.1µm
net1096,7.1µm
net1198,7.1µm
net1296,7.1µm
aes_ciphertext\[59\],7.08µm
_0113_,7.065µm
_0492_,7.065µm
_0002_,7.06µm
_0109_,7.06µm
_0408_,7.06µm
_0744_,7.06µm
_2030_,7.06µm
_2424_,7.06µm
net882,7.06µm
net917,7.06µm
net1250,7.06µm
key_reg\[90\],7.055µm
ui_in[1],7.05µm
u_aes128_optimized.u_aes_core.g_word\[18\],7.03µm
net1015,7.025µm
_2879_,7µm
_2902_,7µm
net1073,7µm
net1245,7µm
net1294,7µm
net1339,7µm
_2167_,6.98µm
plaintext_reg\[1\],6.98µm
net332,6.98µm
net1200,6.98µm
_2668_,6.96µm
_2704_,6.96µm
u_aes128_optimized.u_aes_core.g_word\[15\],6.96µm
net1178,6.96µm
_2483_,6.945µm
_0050_,6.94µm
_0081_,6.94µm
_0182_,6.94µm
_0231_,6.94µm
_0421_,6.94µm
_0751_,6.94µm
_1950_,6.94µm
_2387_,6.94µm
_2701_,6.94µm
_2717_,6.94µm
_2719_,6.94µm
net1076,6.94µm
_2900_,6.92µm
net1369,6.92µm
net1001,6.9µm
net1144,6.9µm
net1251,6.9µm
_2534_,6.885µm
_0134_,6.88µm
_0626_,6.88µm
_2801_,6.88µm
ciphertext_latched\[43\],6.88µm
net928,6.88µm
net929,6.88µm
net1256,6.88µm
net1491,6.88µm
net1536,6.88µm
net1573,6.88µm
plaintext_reg\[122\],6.865µm
_0606_,6.86µm
_2204_,6.86µm
_0535_,6.855µm
_0379_,6.84µm
_0400_,6.84µm
_0402_,6.84µm
_0548_,6.84µm
_0743_,6.84µm
_0878_,6.84µm
net506,6.84µm
net1156,6.84µm
_2541_,6.825µm
_0446_,6.82µm
u_aes128_optimized.u_aes_core.g_word\[21\],6.82µm
_0290_,6.8µm
_1511_,6.78µm
_2469_,6.78µm
_2923_,6.78µm
plaintext_reg\[97\],6.78µm
_0447_,6.76µm
_0709_,6.76µm
_0935_,6.76µm
_1333_,6.76µm
_2520_,6.76µm
aes_ciphertext\[51\],6.76µm
aes_ciphertext\[97\],6.76µm
ciphertext_latched\[54\],6.76µm
key_reg\[115\],6.76µm
net1025,6.76µm
net1279,6.76µm
net1509,6.76µm
net1511,6.76µm
net1526,6.76µm
_1312_,6.74µm
_2770_,6.74µm
net1278,6.74µm
_0045_,6.72µm
_0067_,6.72µm
_0112_,6.72µm
_0130_,6.72µm
_0133_,6.72µm
_0376_,6.72µm
_0897_,6.72µm
_1347_,6.72µm
_2115_,6.72µm
_2364_,6.72µm
_2812_,6.72µm
_2892_,6.72µm
aes_ciphertext\[95\],6.72µm
ciphertext_latched\[87\],6.72µm
plaintext_reg\[37\],6.72µm
net1083,6.72µm
net1116,6.72µm
net1240,6.72µm
net1303,6.72µm
_1856_,6.7µm
_1964_,6.7µm
_1847_,6.68µm
_0985_,6.66µm
_0325_,6.64µm
_1508_,6.64µm
_1693_,6.64µm
_1714_,6.64µm
_1745_,6.64µm
_1763_,6.64µm
_1823_,6.64µm
_2600_,6.64µm
_2667_,6.64µm
_2713_,6.64µm
_2851_,6.64µm
_2868_,6.64µm
_2936_,6.64µm
ciphertext_latched\[8\],6.64µm
plaintext_reg\[2\],6.64µm
net1046,6.64µm
net1062,6.64µm
_0380_,6.62µm
_2406_,6.605µm
_0434_,6.6µm
_0514_,6.6µm
_1001_,6.6µm
_1383_,6.6µm
_1671_,6.6µm
_1907_,6.6µm
key_reg\[41\],6.6µm
plaintext_reg\[119\],6.6µm
net51,6.6µm
net1211,6.6µm
net1347,6.6µm
net1029,6.54µm
net1305,6.54µm
net1514,6.54µm
net1531,6.54µm
_0454_,6.52µm
_0470_,6.52µm
_0583_,6.52µm
_1479_,6.52µm
_2834_,6.52µm
net1242,6.52µm
_1805_,6.505µm
_0940_,6.5µm
_2898_,6.5µm
_0198_,6.48µm
_0783_,6.48µm
_1124_,6.48µm
_1317_,6.48µm
_2039_,6.48µm
_2802_,6.48µm
_0740_,6.465µm
_1880_,6.46µm
_1940_,6.44µm
net1122,6.44µm
net1284,6.44µm
net1424,6.44µm
_0206_,6.42µm
_0875_,6.42µm
_0960_,6.42µm
net1433,6.42µm
net1466,6.42µm
_2259_,6.415µm
net654,6.41µm
_1775_,6.405µm
_0366_,6.4µm
_0541_,6.4µm
_1417_,6.4µm
plaintext_index\[1\],6.4µm
plaintext_reg\[107\],6.4µm
key_reg\[76\],6.39µm
_0235_,6.38µm
_0427_,6.38µm
_0529_,6.38µm
_0824_,6.38µm
_0854_,6.38µm
_2614_,6.38µm
_2755_,6.38µm
_0362_,6.36µm
_0461_,6.36µm
_2467_,6.36µm
_1367_,6.355µm
_0275_,6.32µm
_0588_,6.32µm
net972,6.32µm
net1044,6.32µm
net1362,6.32µm
_0062_,6.3µm
_0102_,6.3µm
_0460_,6.3µm
_0592_,6.3µm
_0705_,6.3µm
_0765_,6.3µm
_0828_,6.3µm
_0992_,6.3µm
_1327_,6.3µm
_1680_,6.3µm
aes_ciphertext\[127\],6.3µm
aes_ciphertext\[22\],6.3µm
net1170,6.3µm
_2137_,6.285µm
_1363_,6.28µm
_0030_,6.26µm
_0377_,6.26µm
_0500_,6.26µm
_0524_,6.26µm
_0715_,6.26µm
_1606_,6.26µm
_1731_,6.26µm
_1812_,6.26µm
_1821_,6.26µm
_1876_,6.26µm
_2189_,6.26µm
_3003_,6.26µm
aes_ciphertext\[5\],6.26µm
key_reg\[17\],6.26µm
net1169,6.26µm
net1439,6.26µm
_2234_,6.255µm
_1411_,6.25µm
_1323_,6.24µm
_2393_,6.24µm
plaintext_reg\[127\],6.24µm
_0041_,6.2µm
_0370_,6.2µm
_2309_,6.2µm
_2323_,6.2µm
_2857_,6.18µm
key_reg\[52\],6.18µm
plaintext_index\[2\],6.18µm
net274,6.18µm
net910,6.18µm
net998,6.18µm
_0321_,6.14µm
_0433_,6.14µm
_1865_,6.14µm
_1912_,6.14µm
_2389_,6.14µm
_2529_,6.14µm
net1191,6.14µm
net1314,6.14µm
net1326,6.14µm
key_reg\[82\],6.13µm
_0136_,6.105µm
_0494_,6.08µm
_2180_,6.08µm
_2840_,6.08µm
_2882_,6.08µm
net1262,6.08µm
net1399,6.08µm
net1567,6.08µm
_1453_,6.07µm
_2363_,6.065µm
_0095_,6.06µm
_1055_,6.06µm
_1894_,6.06µm
_2906_,6.06µm
_2943_,6.06µm
net956,6.06µm
_2890_,6.04µm
net853,6.03µm
_0244_,6.02µm
_1470_,6.02µm
_1483_,6.02µm
_1924_,6.02µm
_2140_,6.02µm
_2326_,6.02µm
plaintext_reg\[120\],6.02µm
_2271_,6.01µm
uio_out[5],5.99µm
_1021_,5.98µm
_1321_,5.98µm
_2185_,5.98µm
net891,5.98µm
net1067,5.98µm
net1088,5.98µm
net1100,5.98µm
net1142,5.98µm
net1183,5.98µm
net1189,5.98µm
net1298,5.98µm
net1320,5.98µm
net1322,5.98µm
net1327,5.98µm
net1328,5.98µm
net1345,5.98µm
net1348,5.98µm
net1354,5.98µm
net1404,5.98µm
net1406,5.98µm
net1457,5.98µm
net1500,5.98µm
net1563,5.98µm
net1571,5.98µm
_2146_,5.965µm
_0174_,5.96µm
_0374_,5.96µm
_0390_,5.96µm
_0701_,5.96µm
_0831_,5.96µm
_2741_,5.96µm
net709,5.95µm
_0837_,5.94µm
_2184_,5.94µm
_2222_,5.94µm
plaintext_reg\[68\],5.94µm
plaintext_reg\[98\],5.94µm
_2142_,5.935µm
_0336_,5.92µm
_0410_,5.92µm
_0417_,5.92µm
_0471_,5.92µm
_0508_,5.92µm
_0560_,5.92µm
_0625_,5.92µm
_0656_,5.92µm
_0768_,5.92µm
_0815_,5.92µm
_0838_,5.92µm
_0848_,5.92µm
key_reg\[45\],5.92µm
_2788_,5.91µm
_0355_,5.9µm
_1488_,5.9µm
_0036_,5.86µm
_0043_,5.86µm
_0252_,5.86µm
_0976_,5.86µm
_2267_,5.86µm
aes_ciphertext\[11\],5.86µm
net981,5.86µm
net1009,5.86µm
net1125,5.86µm
net1254,5.86µm
_0334_,5.84µm
_0344_,5.84µm
_0425_,5.84µm
_0464_,5.84µm
_0538_,5.84µm
_0544_,5.84µm
_0574_,5.84µm
_0576_,5.84µm
_0755_,5.84µm
_1352_,5.84µm
_1368_,5.84µm
_1755_,5.84µm
_2583_,5.84µm
aes_ciphertext\[14\],5.84µm
aes_ciphertext\[29\],5.84µm
aes_ciphertext\[30\],5.84µm
key_reg\[50\],5.84µm
plaintext_reg\[5\],5.84µm
_2457_,5.835µm
_2342_,5.825µm
_1728_,5.82µm
_2000_,5.82µm
_2934_,5.82µm
_1004_,5.805µm
_0287_,5.8µm
_0612_,5.8µm
_0796_,5.8µm
_0861_,5.8µm
_0974_,5.8µm
_1086_,5.8µm
_1645_,5.8µm
_1974_,5.8µm
_1975_,5.8µm
_2382_,5.8µm
_2859_,5.8µm
aes_ciphertext\[20\],5.8µm
aes_ciphertext\[36\],5.8µm
aes_ciphertext\[90\],5.8µm
key_reg\[118\],5.8µm
key_reg\[7\],5.8µm
u_aes128_optimized.u_aes_core.state\[6\],5.8µm
_0806_,5.78µm
_0998_,5.78µm
_1817_,5.765µm
_1442_,5.755µm
_2409_,5.755µm
_0537_,5.74µm
_1620_,5.74µm
_1739_,5.74µm
_1840_,5.74µm
net1520,5.74µm
_0673_,5.72µm
_0794_,5.72µm
_0889_,5.72µm
_1387_,5.72µm
_1403_,5.72µm
_1721_,5.72µm
_2009_,5.72µm
_2623_,5.72µm
_2831_,5.72µm
net895,5.72µm
net1275,5.72µm
_0242_,5.7µm
_0790_,5.7µm
_2660_,5.7µm
_0189_,5.68µm
_0211_,5.68µm
_0512_,5.68µm
_0990_,5.68µm
_1738_,5.68µm
_1778_,5.68µm
_1836_,5.68µm
_2062_,5.68µm
ciphertext_latched\[79\],5.68µm
key_reg\[98\],5.68µm
_0938_,5.645µm
_1388_,5.62µm
net914,5.62µm
net978,5.62µm
net1333,5.62µm
net1334,5.62µm
_0342_,5.6µm
_0405_,5.6µm
_0459_,5.6µm
_0781_,5.6µm
_2887_,5.6µm
net901,5.6µm
net918,5.6µm
net1523,5.6µm
_1909_,5.595µm
_2318_,5.595µm
_2552_,5.58µm
net1130,5.58µm
net1168,5.58µm
net1460,5.58µm
_1795_,5.565µm
_0278_,5.56µm
_1914_,5.56µm
_2300_,5.56µm
_0054_,5.545µm
_2015_,5.52µm
_2367_,5.52µm
_2648_,5.52µm
net886,5.52µm
net898,5.52µm
net899,5.52µm
net935,5.52µm
net1003,5.52µm
net1026,5.52µm
net1034,5.52µm
net1091,5.52µm
net1107,5.52µm
net1117,5.52µm
net1141,5.52µm
net1157,5.52µm
net1158,5.52µm
net1163,5.52µm
net1164,5.52µm
net1182,5.52µm
net1212,5.52µm
net1227,5.52µm
net1229,5.52µm
net1258,5.52µm
net1412,5.52µm
net1446,5.52µm
net1481,5.52µm
net1510,5.52µm
net1558,5.52µm
net1564,5.52µm
_0001_,5.5µm
_0053_,5.5µm
_0060_,5.5µm
_1093_,5.5µm
_1130_,5.5µm
_1326_,5.5µm
_2156_,5.5µm
_2554_,5.5µm
_2577_,5.5µm
net1151,5.5µm
net1450,5.5µm
_1156_,5.48µm
_1932_,5.48µm
_2130_,5.48µm
ciphertext_latched\[68\],5.48µm
_0156_,5.46µm
_0273_,5.46µm
_0373_,5.46µm
_0437_,5.46µm
_0609_,5.46µm
_0624_,5.46µm
_0910_,5.46µm
net1553,5.46µm
_0465_,5.44µm
_1139_,5.44µm
_0745_,5.435µm
_0882_,5.4µm
_0925_,5.4µm
_1147_,5.4µm
_2010_,5.4µm
_2346_,5.4µm
_2352_,5.4µm
_2775_,5.4µm
_2870_,5.4µm
aes_ciphertext\[58\],5.4µm
ciphertext_latched\[117\],5.4µm
net1108,5.4µm
net1193,5.4µm
net1401,5.4µm
_0171_,5.385µm
_0125_,5.38µm
_0230_,5.38µm
_0301_,5.38µm
_0467_,5.38µm
_0587_,5.38µm
_0599_,5.38µm
_0733_,5.38µm
_0879_,5.38µm
_0949_,5.38µm
_1026_,5.38µm
_1169_,5.38µm
_1652_,5.38µm
_1771_,5.38µm
_1815_,5.38µm
_2154_,5.38µm
key_reg\[57\],5.38µm
net1231,5.38µm
net1392,5.38µm
_1837_,5.375µm
_2819_,5.37µm
_0518_,5.365µm
plaintext_reg\[24\],5.365µm
_0522_,5.36µm
_1030_,5.36µm
_1445_,5.36µm
ciphertext_latched\[10\],5.36µm
_0202_,5.34µm
_0282_,5.34µm
_0721_,5.34µm
_0764_,5.34µm
_0948_,5.34µm
_1581_,5.34µm
_1727_,5.34µm
_1754_,5.34µm
_1779_,5.34µm
_1878_,5.34µm
_1955_,5.34µm
_2169_,5.34µm
_2208_,5.34µm
_2304_,5.34µm
_2443_,5.34µm
_2672_,5.34µm
_2734_,5.34µm
aes_ciphertext\[39\],5.34µm
aes_ciphertext\[47\],5.34µm
key_reg\[119\],5.34µm
key_reg\[97\],5.34µm
net1140,5.34µm
_0547_,5.325µm
_0192_,5.28µm
_0353_,5.28µm
_1558_,5.28µm
_1768_,5.28µm
key_reg\[59\],5.28µm
net1308,5.28µm
_0034_,5.26µm
_0110_,5.26µm
_0131_,5.26µm
_0188_,5.26µm
_0216_,5.26µm
_0749_,5.26µm
_1090_,5.26µm
_1881_,5.26µm
_1991_,5.26µm
_2057_,5.26µm
_2109_,5.26µm
_2152_,5.26µm
_2366_,5.26µm
_2566_,5.26µm
_2659_,5.26µm
_2714_,5.26µm
_2793_,5.26µm
_2877_,5.26µm
ciphertext_latched\[111\],5.26µm
ciphertext_latched\[76\],5.26µm
key_reg\[110\],5.26µm
key_reg\[54\],5.26µm
plaintext_reg\[33\],5.26µm
net1118,5.26µm
net1503,5.26µm
_0895_,5.24µm
_0900_,5.24µm
_2099_,5.24µm
net1422,5.24µm
_0546_,5.225µm
_0672_,5.225µm
_0811_,5.225µm
_0501_,5.22µm
_1690_,5.22µm
_1707_,5.22µm
_2175_,5.22µm
net907,5.22µm
_0457_,5.16µm
_1443_,5.16µm
_2054_,5.16µm
net950,5.16µm
net1128,5.16µm
net1216,5.16µm
net1272,5.16µm
net1463,5.16µm
_0128_,5.14µm
_0187_,5.14µm
_0213_,5.14µm
_0542_,5.14µm
_0929_,5.14µm
_1000_,5.14µm
_1016_,5.14µm
_2852_,5.14µm
_2876_,5.14µm
ciphertext_latched\[99\],5.14µm
_1330_,5.12µm
net1381,5.12µm
net854,5.11µm
_0921_,5.1µm
_1592_,5.1µm
_1674_,5.1µm
_1692_,5.1µm
_2320_,5.1µm
_0636_,5.085µm
_0477_,5.065µm
_0186_,5.06µm
_1833_,5.06µm
_2135_,5.06µm
_2432_,5.06µm
_2511_,5.06µm
net1038,5.06µm
net1087,5.06µm
net1097,5.06µm
net1121,5.06µm
net1124,5.06µm
net1173,5.06µm
net1184,5.06µm
net1192,5.06µm
net1205,5.06µm
net1213,5.06µm
net1243,5.06µm
net1248,5.06µm
net1252,5.06µm
net1255,5.06µm
net1271,5.06µm
net1300,5.06µm
net1301,5.06µm
net1304,5.06µm
net1311,5.06µm
net1315,5.06µm
net1319,5.06µm
net1331,5.06µm
net1335,5.06µm
net1365,5.06µm
net1390,5.06µm
net1418,5.06µm
net1475,5.06µm
net1486,5.06µm
net1521,5.06µm
_0032_,5.04µm
_0161_,5.04µm
_0219_,5.04µm
_0640_,5.04µm
_0660_,5.04µm
_2761_,5.04µm
net1544,5.04µm
_0604_,5.02µm
_0853_,5.02µm
_1461_,5.02µm
_2306_,5.02µm
aes_ciphertext\[78\],5.02µm
load_key_d,5.02µm
plaintext_reg\[106\],5.02µm
_0077_,5µm
_0087_,5µm
_0267_,5µm
_0271_,5µm
_0350_,5µm
_0387_,5µm
_0484_,5µm
_0519_,5µm
_0579_,5µm
_0750_,5µm
_0860_,5µm
net986,5µm
net1570,5µm
_2394_,4.975µm
_1877_,4.945µm
_2197_,4.945µm
_0233_,4.94µm
_0443_,4.94µm
_0892_,4.94µm
_1376_,4.94µm
_0026_,4.92µm
_0069_,4.92µm
_0091_,4.92µm
_0142_,4.92µm
_0298_,4.92µm
_0304_,4.92µm
_0347_,4.92µm
_0482_,4.92µm
_0543_,4.92µm
_0549_,4.92µm
_0590_,4.92µm
_0621_,4.92µm
_0683_,4.92µm
_0714_,4.92µm
_0722_,4.92µm
_0901_,4.92µm
_0926_,4.92µm
_0950_,4.92µm
_0970_,4.92µm
_1335_,4.92µm
_1632_,4.92µm
_1647_,4.92µm
_1736_,4.92µm
_1776_,4.92µm
_2233_,4.92µm
_2287_,4.92µm
_2666_,4.92µm
aes_ciphertext\[109\],4.92µm
aes_ciphertext\[27\],4.92µm
ciphertext_latched\[14\],4.92µm
key_reg\[21\],4.92µm
net1496,4.92µm
_2369_,4.915µm
_0184_,4.9µm
_2482_,4.9µm
_0175_,4.88µm
_0899_,4.88µm
_0912_,4.88µm
_0977_,4.88µm
_1159_,4.88µm
_1806_,4.88µm
_1957_,4.88µm
_2067_,4.88µm
_2162_,4.88µm
_2254_,4.88µm
_2278_,4.88µm
_2290_,4.88µm
_2362_,4.88µm
_2420_,4.88µm
_2452_,4.88µm
aes_ciphertext\[124\],4.88µm
aes_ciphertext\[99\],4.88µm
net1317,4.88µm
_2416_,4.835µm
_0439_,4.82µm
_0451_,4.82µm
_1111_,4.82µm
_2145_,4.82µm
_2193_,4.82µm
_2269_,4.82µm
_2400_,4.82µm
_2507_,4.82µm
_2562_,4.82µm
_2754_,4.82µm
u_aes128_optimized.u_aes_core.g_word\[13\],4.81µm
_0080_,4.8µm
_0499_,4.8µm
_0679_,4.8µm
_0726_,4.8µm
_0967_,4.8µm
_0986_,4.8µm
_1109_,4.8µm
_1451_,4.8µm
_1455_,4.8µm
_1623_,4.8µm
_1676_,4.8µm
_1788_,4.8µm
_2051_,4.8µm
_2558_,4.8µm
_2574_,4.8µm
_2769_,4.8µm
_2799_,4.8µm
net1234,4.8µm
net1538,4.8µm
_2078_,4.78µm
plaintext_reg\[101\],4.78µm
key_reg\[92\],4.775µm
_1418_,4.77µm
_0658_,4.765µm
_1794_,4.76µm
_1846_,4.76µm
_1935_,4.76µm
_2414_,4.76µm
_2883_,4.76µm
net1535,4.76µm
plaintext_reg\[88\],4.74µm
plaintext_reg\[90\],4.74µm
_2707_,4.7µm
_2899_,4.7µm
ciphertext_latched\[40\],4.7µm
net1276,4.7µm
net1495,4.7µm
_0115_,4.68µm
_0178_,4.68µm
_0577_,4.68µm
_0685_,4.68µm
_0770_,4.68µm
_1351_,4.68µm
_1789_,4.68µm
_2800_,4.68µm
_2862_,4.68µm
ciphertext_latched\[23\],4.68µm
_1414_,4.66µm
net1165,4.66µm
net1204,4.66µm
net1497,4.66µm
key_reg\[91\],4.63µm
_0462_,4.605µm
_0351_,4.6µm
_1031_,4.6µm
_1097_,4.6µm
_1786_,4.6µm
_1826_,4.6µm
net1270,4.6µm
net1359,4.6µm
net1384,4.6µm
_0010_,4.58µm
_0093_,4.58µm
_0135_,4.58µm
_0160_,4.58µm
_0630_,4.58µm
_0651_,4.58µm
_0653_,4.58µm
_0716_,4.58µm
_0759_,4.58µm
_0766_,4.58µm
_0915_,4.58µm
_0965_,4.58µm
_0989_,4.58µm
_0993_,4.58µm
net865,4.58µm
net1005,4.58µm
net1007,4.58µm
net1057,4.58µm
net1455,4.58µm
_0554_,4.56µm
_1370_,4.56µm
_0033_,4.54µm
_0057_,4.54µm
_0181_,4.54µm
_0295_,4.54µm
_0620_,4.54µm
_0710_,4.54µm
_0725_,4.54µm
_0836_,4.54µm
_0996_,4.54µm
_0167_,4.505µm
_0456_,4.505µm
_0359_,4.48µm
_0486_,4.48µm
_0922_,4.48µm
_0943_,4.48µm
_1420_,4.48µm
_1496_,4.48µm
_2395_,4.48µm
_2412_,4.48µm
net1482,4.48µm
_0283_,4.46µm
_0335_,4.46µm
_0346_,4.46µm
_0498_,4.46µm
_0584_,4.46µm
_0698_,4.46µm
_0780_,4.46µm
_0788_,4.46µm
_0872_,4.46µm
_0972_,4.46µm
_0983_,4.46µm
_2080_,4.46µm
_2338_,4.46µm
_2343_,4.46µm
_2355_,4.46µm
_2356_,4.46µm
_3034_,4.46µm
aes_ciphertext\[18\],4.46µm
aes_ciphertext\[45\],4.46µm
aes_ciphertext\[74\],4.46µm
aes_ciphertext\[82\],4.46µm
aes_ciphertext\[88\],4.46µm
key_reg\[51\],4.46µm
net1167,4.46µm
_1123_,4.44µm
_1377_,4.44µm
_2101_,4.44µm
_2849_,4.44µm
_0862_,4.42µm
_0957_,4.42µm
_0961_,4.42µm
_0969_,4.42µm
_1968_,4.42µm
_2368_,4.42µm
_2546_,4.42µm
_2585_,4.42µm
_2531_,4.395µm
net668,4.39µm
_2221_,4.38µm
_1900_,4.375µm
_1412_,4.36µm
_2292_,4.36µm
_2413_,4.36µm
_2437_,4.36µm
_2491_,4.36µm
_2560_,4.36µm
_2578_,4.36µm
_2425_,4.35µm
plaintext_reg\[25\],4.345µm
_0008_,4.34µm
_0040_,4.34µm
_0232_,4.34µm
_0623_,4.34µm
_0655_,4.34µm
_0769_,4.34µm
_1129_,4.34µm
_1384_,4.34µm
_1502_,4.34µm
_1593_,4.34µm
_1642_,4.34µm
_2282_,4.34µm
_2340_,4.34µm
_2732_,4.34µm
aes_ciphertext\[101\],4.34µm
aes_ciphertext\[106\],4.34µm
key_reg\[46\],4.34µm
_0138_,4.32µm
_0248_,4.305µm
_0589_,4.305µm
_0797_,4.305µm
_0201_,4.265µm
load_plaintext_d,4.24µm
net1119,4.24µm
_2431_,4.225µm
_0497_,4.22µm
_0629_,4.22µm
_0641_,4.22µm
_0724_,4.22µm
_0758_,4.22µm
_0763_,4.22µm
_0787_,4.22µm
_0832_,4.22µm
_2948_,4.22µm
plaintext_reg\[34\],4.22µm
plaintext_reg\[44\],4.22µm
net1407,4.22µm
net1480,4.22µm
_2907_,4.2µm
net1289,4.2µm
net1379,4.2µm
net1395,4.2µm
net1448,4.2µm
_0531_,4.145µm
_0332_,4.14µm
_0399_,4.14µm
_0403_,4.14µm
_0487_,4.14µm
_0489_,4.14µm
_0513_,4.14µm
_0515_,4.14µm
_0521_,4.14µm
_1025_,4.14µm
_1345_,4.14µm
_1639_,4.14µm
_2324_,4.14µm
_2938_,4.14µm
net1375,4.14µm
net1402,4.14µm
net1417,4.14µm
net1427,4.14µm
net1465,4.14µm
net1490,4.14µm
net1498,4.14µm
net1512,4.14µm
net1524,4.14µm
net1525,4.14µm
_0107_,4.12µm
_0144_,4.12µm
_0268_,4.12µm
_0274_,4.12µm
_0286_,4.12µm
_0391_,4.12µm
_0392_,4.12µm
_0789_,4.12µm
_0842_,4.12µm
_0898_,4.12µm
net1382,4.12µm
_0563_,4.1µm
_0644_,4.1µm
_1343_,4.1µm
_1364_,4.1µm
_1691_,4.1µm
_1718_,4.1µm
_1904_,4.1µm
_0020_,4.08µm
_0123_,4.08µm
_0259_,4.08µm
_0367_,4.08µm
_0432_,4.08µm
_0814_,4.08µm
_0859_,4.08µm
_0291_,4.055µm
_0361_,4.045µm
_0810_,4.02µm
_0880_,4.02µm
_2124_,4.02µm
_2462_,4.02µm
_0046_,4µm
_0092_,4µm
_0148_,4µm
_0170_,4µm
_0190_,4µm
_0247_,4µm
_0411_,4µm
_0414_,4µm
_0435_,4µm
_0523_,4µm
_0556_,4µm
_0631_,4µm
_0635_,4µm
_0680_,4µm
_0851_,4µm
_0858_,4µm
_0946_,4µm
_1019_,4µm
_1023_,4µm
_1536_,4µm
_1662_,4µm
_1830_,4µm
_2380_,4µm
aes_ciphertext\[108\],4µm
aes_ciphertext\[15\],4µm
aes_ciphertext\[2\],4µm
aes_ciphertext\[52\],4µm
aes_ciphertext\[77\],4µm
aes_ciphertext\[93\],4µm
key_reg\[3\],4µm
key_reg\[43\],4µm
net1066,4µm
net1385,4µm
_2190_,3.995µm
_2345_,3.995µm
_2820_,3.99µm
_0849_,3.98µm
_1146_,3.98µm
_1362_,3.98µm
_1133_,3.935µm
_0246_,3.905µm
_0952_,3.9µm
_0979_,3.9µm
_1540_,3.9µm
_1550_,3.9µm
_1990_,3.9µm
_2250_,3.9µm
_2256_,3.9µm
_2372_,3.9µm
_2397_,3.9µm
_2486_,3.9µm
_0633_,3.88µm
_1449_,3.88µm
_1481_,3.88µm
_1987_,3.88µm
_2810_,3.88µm
_2863_,3.88µm
_2957_,3.88µm
net1445,3.88µm
net1492,3.88µm
_0289_,3.86µm
_0293_,3.86µm
plaintext_reg\[26\],3.855µm
_0166_,3.845µm
_0844_,3.845µm
plaintext_reg\[89\],3.82µm
_1616_,3.78µm
_2128_,3.78µm
_2502_,3.78µm
net1374,3.78µm
_0234_,3.76µm
_0240_,3.76µm
_0262_,3.76µm
_0643_,3.76µm
_0668_,3.76µm
_0669_,3.76µm
_0692_,3.76µm
_0816_,3.76µm
_0818_,3.76µm
_0855_,3.76µm
_0942_,3.76µm
_1110_,3.76µm
net1232,3.74µm
net849,3.73µm
net850,3.73µm
net851,3.73µm
net852,3.73µm
net855,3.73µm
net857,3.73µm
net,3.73µm
_0436_,3.685µm
net1160,3.68µm
net1175,3.68µm
_0066_,3.66µm
_0071_,3.66µm
_0075_,3.66µm
_0106_,3.66µm
_0129_,3.66µm
_0176_,3.66µm
_0225_,3.66µm
_0375_,3.66µm
_0386_,3.66µm
_0648_,3.66µm
_0657_,3.66µm
_0742_,3.66µm
_0792_,3.66µm
_0833_,3.66µm
_0876_,3.66µm
net936,3.66µm
net954,3.66µm
net1343,3.66µm
_0601_,3.64µm
_1742_,3.64µm
_1958_,3.64µm
aes_ciphertext\[102\],3.64µm
aes_ciphertext\[111\],3.64µm
_2339_,3.635µm
plaintext_reg\[125\],3.6µm
net859,3.58µm
net860,3.58µm
net858,3.58µm
_0809_,3.575µm
_0526_,3.56µm
_0891_,3.56µm
_0905_,3.56µm
_0906_,3.56µm
_0908_,3.56µm
_0927_,3.56µm
_0933_,3.56µm
_0941_,3.56µm
_0947_,3.56µm
_0968_,3.56µm
_0988_,3.56µm
_1349_,3.56µm
_1851_,3.56µm
_2321_,3.56µm
_2478_,3.56µm
_2515_,3.56µm
_2893_,3.56µm
_0027_,3.54µm
_0078_,3.54µm
_0158_,3.54µm
_0168_,3.54µm
_0226_,3.54µm
_0250_,3.54µm
_0300_,3.54µm
_0352_,3.54µm
_0384_,3.54µm
_0395_,3.54µm
_0416_,3.54µm
_0485_,3.54µm
_0491_,3.54µm
_0617_,3.54µm
_0619_,3.54µm
_0661_,3.54µm
_0681_,3.54µm
_0689_,3.54µm
_0702_,3.54µm
_0704_,3.54µm
_0712_,3.54µm
_0772_,3.54µm
_0802_,3.54µm
_0804_,3.54µm
_0821_,3.54µm
_0840_,3.54µm
_0843_,3.54µm
_0850_,3.54µm
_0874_,3.54µm
_0982_,3.54µm
_1468_,3.54µm
_1649_,3.54µm
_1948_,3.54µm
_2132_,3.54µm
_2220_,3.54µm
_2379_,3.54µm
_2503_,3.54µm
_2762_,3.54µm
aes_ciphertext\[10\],3.54µm
aes_ciphertext\[112\],3.54µm
aes_ciphertext\[19\],3.54µm
aes_ciphertext\[26\],3.54µm
aes_ciphertext\[40\],3.54µm
aes_ciphertext\[76\],3.54µm
aes_ciphertext\[89\],3.54µm
net883,3.54µm
_1711_,3.53µm
_2505_,3.52µm
_2841_,3.52µm
_2381_,3.505µm
_1354_,3.44µm
_1732_,3.44µm
_1845_,3.44µm
_2173_,3.44µm
_1887_,3.435µm
_0394_,3.42µm
_1356_,3.42µm
_1584_,3.42µm
_1672_,3.42µm
_1985_,3.42µm
_1988_,3.42µm
_2218_,3.42µm
_2477_,3.42µm
_2496_,3.42µm
_2504_,3.42µm
_2593_,3.42µm
_2654_,3.42µm
_2696_,3.42µm
_2702_,3.42µm
_2725_,3.42µm
_2829_,3.42µm
_2833_,3.42µm
_2864_,3.42µm
_2940_,3.42µm
key_reg\[2\],3.42µm
net1471,3.42µm
net1522,3.42µm
_1661_,3.4µm
_0038_,3.385µm
_0426_,3.385µm
_1107_,3.32µm
_2570_,3.32µm
_3037_,3.32µm
net1186,3.32µm
_2821_,3.31µm
_0064_,3.3µm
_0214_,3.3µm
_0265_,3.3µm
_0314_,3.3µm
_0670_,3.3µm
_0675_,3.3µm
_0690_,3.3µm
_0694_,3.3µm
_0752_,3.3µm
_0793_,3.3µm
_0883_,3.3µm
_1315_,3.3µm
_3008_,3.3µm
net1059,3.3µm
net1351,3.3µm
_0596_,3.24µm
_1799_,3.22µm
_1843_,3.22µm
_2028_,3.22µm
_2540_,3.22µm
_0048_,3.2µm
_0083_,3.2µm
_0084_,3.2µm
_0108_,3.2µm
_0120_,3.2µm
_0121_,3.2µm
_0185_,3.2µm
_0210_,3.2µm
_0263_,3.2µm
_0616_,3.2µm
_0697_,3.2µm
_0706_,3.2µm
_0711_,3.2µm
_0720_,3.2µm
_0732_,3.2µm
_0736_,3.2µm
_0819_,3.2µm
_0841_,3.2µm
_0852_,3.2µm
_0937_,3.2µm
_0945_,3.2µm
_0954_,3.2µm
_1371_,3.2µm
net867,3.2µm
net1104,3.2µm
_0137_,3.18µm
_0303_,3.18µm
_0551_,3.18µm
_1416_,3.18µm
net1403,3.18µm
_0313_,3.12µm
_2272_,3.1µm
_2533_,3.1µm
_2240_,3.085µm
_0044_,3.08µm
_0059_,3.08µm
_0068_,3.08µm
_0098_,3.08µm
_0116_,3.08µm
_0191_,3.08µm
_0212_,3.08µm
_0249_,3.08µm
_0258_,3.08µm
_0327_,3.08µm
_0331_,3.08µm
_0333_,3.08µm
_0371_,3.08µm
_0382_,3.08µm
_0412_,3.08µm
_0472_,3.08µm
_0493_,3.08µm
_0591_,3.08µm
_0666_,3.08µm
_0738_,3.08µm
_0823_,3.08µm
_0835_,3.08µm
_0924_,3.08µm
_0966_,3.08µm
_1329_,3.08µm
_1589_,3.08µm
_1984_,3.08µm
_2118_,3.08µm
_2545_,3.08µm
_2708_,3.08µm
_2896_,3.08µm
_2925_,3.08µm
_2944_,3.08µm
aes_ciphertext\[34\],3.08µm
key_reg\[12\],3.08µm
net988,3.08µm
net1210,3.08µm
net1441,3.08µm
net1555,3.08µm
_1390_,3.06µm
_1440_,3.06µm
_1556_,3.06µm
_2038_,3.06µm
_2818_,3.06µm
_0557_,2.98µm
_1080_,2.98µm
_1447_,2.98µm
_1658_,2.98µm
_1675_,2.98µm
_1757_,2.98µm
_2001_,2.98µm
_2116_,2.98µm
_2219_,2.98µm
_2226_,2.98µm
_0017_,2.96µm
_0795_,2.96µm
_0997_,2.96µm
_1155_,2.96µm
_1300_,2.96µm
_2069_,2.96µm
_2373_,2.96µm
_2538_,2.96µm
_2642_,2.96µm
_2726_,2.96µm
_2835_,2.96µm
_2861_,2.96µm
_2885_,2.96µm
_2897_,2.96µm
_2949_,2.96µm
net1527,2.96µm
net1550,2.96µm
_0042_,2.925µm
_0607_,2.925µm
net856,2.9µm
_1331_,2.86µm
_2399_,2.86µm
net1214,2.86µm
net1263,2.86µm
net1449,2.86µm
net1493,2.86µm
_0256_,2.84µm
_0310_,2.84µm
_0483_,2.84µm
_0516_,2.84µm
_0642_,2.84µm
_0667_,2.84µm
_0776_,2.84µm
_1686_,2.84µm
_1913_,2.84µm
_2049_,2.84µm
_1770_,2.835µm
_2559_,2.835µm
_0146_,2.785µm
_0281_,2.765µm
_0341_,2.765µm
_0364_,2.765µm
_1143_,2.76µm
_1838_,2.76µm
_1863_,2.76µm
_2280_,2.76µm
_2299_,2.76µm
_2484_,2.76µm
_2908_,2.76µm
_2941_,2.76µm
net1136,2.76µm
net1318,2.76µm
net1391,2.76µm
net1394,2.76µm
net1397,2.76µm
net1398,2.76µm
net1408,2.76µm
net1413,2.76µm
net1431,2.76µm
net1444,2.76µm
net1518,2.76µm
net1533,2.76µm
net1566,2.76µm
_0011_,2.74µm
_0024_,2.74µm
_0025_,2.74µm
_0094_,2.74µm
_0097_,2.74µm
_0114_,2.74µm
_0154_,2.74µm
_0207_,2.74µm
_0209_,2.74µm
_0279_,2.74µm
_0329_,2.74µm
_0605_,2.74µm
_0646_,2.74µm
_0659_,2.74µm
_0684_,2.74µm
_0688_,2.74µm
_0695_,2.74µm
_0696_,2.74µm
_0699_,2.74µm
_0727_,2.74µm
_0753_,2.74µm
_0760_,2.74µm
_0778_,2.74µm
_0857_,2.74µm
_0975_,2.74µm
_2098_,2.74µm
net912,2.74µm
net953,2.74µm
_0415_,2.72µm
_0803_,2.72µm
_1996_,2.72µm
aes_ciphertext\[121\],2.72µm
_0294_,2.64µm
_0316_,2.64µm
_0322_,2.64µm
_0565_,2.64µm
_0568_,2.64µm
_0570_,2.64µm
_0582_,2.64µm
_0598_,2.64µm
_0747_,2.64µm
_0812_,2.64µm
_1577_,2.64µm
_1893_,2.64µm
_1916_,2.64µm
_2183_,2.64µm
_2312_,2.64µm
_2481_,2.64µm
_2509_,2.64µm
_2527_,2.64µm
net1388,2.64µm
_0019_,2.62µm
_0073_,2.62µm
_0089_,2.62µm
_0155_,2.62µm
_0165_,2.62µm
_0200_,2.62µm
_0229_,2.62µm
_0254_,2.62µm
_0257_,2.62µm
_0272_,2.62µm
_0308_,2.62µm
_0328_,2.62µm
_0339_,2.62µm
_0360_,2.62µm
_0398_,2.62µm
_0463_,2.62µm
_0476_,2.62µm
_0527_,2.62µm
_0569_,2.62µm
_0595_,2.62µm
_0662_,2.62µm
_0713_,2.62µm
_0762_,2.62µm
_0777_,2.62µm
_0785_,2.62µm
_0786_,2.62µm
_0934_,2.62µm
_0951_,2.62µm
_0994_,2.62µm
_1319_,2.62µm
_1537_,2.62µm
_1598_,2.62µm
_1921_,2.62µm
_2461_,2.62µm
_2535_,2.62µm
_2594_,2.62µm
_2596_,2.62µm
_2606_,2.62µm
aes_ciphertext\[107\],2.62µm
aes_ciphertext\[114\],2.62µm
aes_ciphertext\[1\],2.62µm
aes_ciphertext\[60\],2.62µm
aes_ciphertext\[69\],2.62µm
read_next_d,2.62µm
net1094,2.62µm
net1423,2.62µm
_1344_,2.535µm
_2516_,2.525µm
_0245_,2.5µm
_0847_,2.5µm
_1336_,2.5µm
_1588_,2.5µm
_1670_,2.5µm
_1750_,2.5µm
_1861_,2.5µm
_2007_,2.5µm
_2014_,2.5µm
_2059_,2.5µm
_2239_,2.5µm
_2302_,2.5µm
_2439_,2.5µm
_2564_,2.5µm
_2624_,2.5µm
_2671_,2.5µm
_2805_,2.5µm
_2825_,2.5µm
aes_ciphertext\[24\],2.5µm
start_d,2.5µm
net1027,2.5µm
net1454,2.5µm
net1483,2.5µm
net1508,2.5µm
_0805_,2.465µm
_1121_,2.4µm
_2265_,2.4µm
key_reg\[16\],2.4µm
net993,2.4µm
net1281,2.4µm
net1307,2.4µm
net1464,2.4µm
_0261_,2.38µm
_0315_,2.38µm
_0363_,2.38µm
_0737_,2.38µm
_1517_,2.38µm
_2060_,2.38µm
_2293_,2.38µm
_2401_,2.38µm
net897,2.38µm
_1800_,2.34µm
net1064,2.305µm
_0525_,2.3µm
_1027_,2.3µm
_1032_,2.3µm
_1476_,2.3µm
_1816_,2.3µm
_1866_,2.3µm
_1886_,2.3µm
_2048_,2.3µm
_2291_,2.3µm
_2307_,2.3µm
_2361_,2.3µm
_2423_,2.3µm
_2474_,2.3µm
_2492_,2.3µm
_2495_,2.3µm
_2579_,2.3µm
_2846_,2.3µm
_2850_,2.3µm
_2916_,2.3µm
net1047,2.3µm
net1053,2.3µm
net1092,2.3µm
net1199,2.3µm
net1452,2.3µm
_0047_,2.28µm
_0063_,2.28µm
_0088_,2.28µm
_0139_,2.28µm
_0173_,2.28µm
_0179_,2.28µm
_0180_,2.28µm
_0195_,2.28µm
_0196_,2.28µm
_0241_,2.28µm
_0255_,2.28µm
_0270_,2.28µm
_0285_,2.28µm
_0288_,2.28µm
_0368_,2.28µm
_0378_,2.28µm
_0383_,2.28µm
_0608_,2.28µm
_0654_,2.28µm
_0663_,2.28µm
_0674_,2.28µm
_0691_,2.28µm
_0728_,2.28µm
_0729_,2.28µm
_0771_,2.28µm
_0774_,2.28µm
_0820_,2.28µm
_0825_,2.28µm
_0830_,2.28µm
_0856_,2.28µm
_0887_,2.28µm
_0913_,2.28µm
_0930_,2.28µm
net996,2.28µm
_0746_,2.205µm
_0807_,2.205µm
_0741_,2.19µm
_2161_,2.18µm
_2686_,2.18µm
_2692_,2.18µm
_0028_,2.16µm
_0049_,2.16µm
_0079_,2.16µm
_0086_,2.16µm
_0100_,2.16µm
_0126_,2.16µm
_0132_,2.16µm
_0147_,2.16µm
_0152_,2.16µm
_0163_,2.16µm
_0164_,2.16µm
_0218_,2.16µm
_0222_,2.16µm
_0223_,2.16µm
_0264_,2.16µm
_0269_,2.16µm
_0354_,2.16µm
_0401_,2.16µm
_0430_,2.16µm
_0438_,2.16µm
_0475_,2.16µm
_0507_,2.16µm
_0510_,2.16µm
_0532_,2.16µm
_0594_,2.16µm
_0603_,2.16µm
_0647_,2.16µm
_0650_,2.16µm
_0652_,2.16µm
_0761_,2.16µm
_0784_,2.16µm
_0873_,2.16µm
_0956_,2.16µm
_0959_,2.16µm
_1083_,2.16µm
_1489_,2.16µm
_1523_,2.16µm
_1735_,2.16µm
_1871_,2.16µm
_1885_,2.16µm
_1898_,2.16µm
_1992_,2.16µm
_2034_,2.16µm
_2122_,2.16µm
_2177_,2.16µm
_2632_,2.16µm
_2720_,2.16µm
_2784_,2.16µm
_2889_,2.16µm
aes_ciphertext\[105\],2.16µm
aes_ciphertext\[31\],2.16µm
aes_ciphertext\[43\],2.16µm
_1832_,2.155µm
_2351_,2.155µm
_2002_,2.06µm
_0065_,2.04µm
_0070_,2.04µm
_0172_,2.04µm
_1116_,2.04µm
_1600_,2.04µm
_1694_,2.04µm
_2041_,2.04µm
_2070_,2.04µm
_2073_,2.04µm
_2081_,2.04µm
_2273_,2.04µm
_2684_,2.04µm
_2689_,2.04µm
_2813_,2.04µm
_3030_,2.04µm
net1233,2.04µm
_0299_,2.005µm
_0449_,2.005µm
_0481_,2.005µm
_1780_,1.97µm
_1022_,1.94µm
net1081,1.94µm
net1230,1.94µm
net1364,1.94µm
net1386,1.94µm
net1410,1.94µm
net1516,1.94µm
_2131_,1.915µm
_0302_,1.86µm
_0150_,1.845µm
_0504_,1.845µm
_1318_,1.84µm
_1917_,1.84µm
_2052_,1.84µm
_2331_,1.84µm
_2602_,1.84µm
_2656_,1.84µm
_2662_,1.84µm
_2680_,1.84µm
_2710_,1.84µm
_2888_,1.84µm
_2895_,1.84µm
_2913_,1.84µm
_2914_,1.84µm
_2918_,1.84µm
net938,1.84µm
net969,1.84µm
net1069,1.84µm
net1565,1.84µm
_0015_,1.82µm
_0039_,1.82µm
_0220_,1.82µm
_0224_,1.82µm
_0266_,1.82µm
_0615_,1.82µm
_0632_,1.82µm
_0638_,1.82µm
_0735_,1.82µm
_0791_,1.82µm
_0799_,1.82µm
_0817_,1.82µm
_0829_,1.82µm
net1018,1.82µm
net1111,1.82µm
net1421,1.82µm
_1930_,1.72µm
_2266_,1.72µm
_2571_,1.72µm
_2996_,1.72µm
_1852_,1.715µm
_2547_,1.715µm
_0009_,1.7µm
_0012_,1.7µm
_0021_,1.7µm
_0023_,1.7µm
_0035_,1.7µm
_0103_,1.7µm
_0239_,1.7µm
_0284_,1.7µm
_0419_,1.7µm
_0533_,1.7µm
_0610_,1.7µm
_0622_,1.7µm
_0634_,1.7µm
_0676_,1.7µm
_0678_,1.7µm
_0682_,1.7µm
_0719_,1.7µm
_0767_,1.7µm
_0822_,1.7µm
_0881_,1.7µm
_0888_,1.7µm
_0896_,1.7µm
_0903_,1.7µm
_0907_,1.7µm
_0920_,1.7µm
_0991_,1.7µm
_1774_,1.7µm
_1796_,1.7µm
_1818_,1.7µm
_1895_,1.7µm
_1980_,1.7µm
_2344_,1.7µm
_2350_,1.7µm
_2358_,1.7µm
_2370_,1.7µm
_2407_,1.7µm
_2565_,1.7µm
aes_ciphertext\[100\],1.7µm
aes_ciphertext\[28\],1.7µm
aes_ciphertext\[38\],1.7µm
aes_ciphertext\[41\],1.7µm
aes_ciphertext\[44\],1.7µm
aes_ciphertext\[65\],1.7µm
aes_ciphertext\[71\],1.7µm
aes_ciphertext\[79\],1.7µm
aes_ciphertext\[81\],1.7µm
aes_ciphertext\[86\],1.7µm
_2176_,1.685µm
_2444_,1.685µm
_1867_,1.625µm
_2209_,1.625µm
_2584_,1.625µm
aes_ciphertext\[16\],1.6µm
_0099_,1.545µm
_0649_,1.545µm
_0779_,1.545µm
_1024_,1.48µm
net1218,1.48µm
net1249,1.48µm
net1338,1.48µm
net1389,1.48µm
net1447,1.48µm
net1470,1.48µm
net1513,1.48µm
_1905_,1.38µm
_1933_,1.38µm
_2110_,1.38µm
_2332_,1.38µm
_2576_,1.38µm
_2636_,1.38µm
_2683_,1.38µm
_2731_,1.38µm
_2953_,1.38µm
net873,1.38µm
net1071,1.38µm
_0031_,1.36µm
_0118_,1.36µm
_0124_,1.36µm
_0208_,1.36µm
_0228_,1.36µm
_0277_,1.36µm
_0324_,1.36µm
_0381_,1.36µm
_0388_,1.36µm
_0389_,1.36µm
_0717_,1.36µm
_0734_,1.36µm
_0782_,1.36µm
_0800_,1.36µm
aes_ciphertext\[104\],1.26µm
_0345_,1.085µm
_0534_,1.085µm
_0995_,1.085µm
_1413_,1.02µm
_2728_,1.02µm
net1342,1.02µm
net1387,1.02µm
_1596_,0.92µm
_1941_,0.92µm
_2012_,0.92µm
_2019_,0.92µm
_2091_,0.92µm
_2093_,0.92µm
_2690_,0.92µm
aes_ciphertext\[116\],0.92µm
aes_ciphertext\[13\],0.92µm
aes_ciphertext\[21\],0.92µm
aes_ciphertext\[35\],0.92µm
aes_ciphertext\[37\],0.92µm
aes_ciphertext\[3\],0.92µm
aes_ciphertext\[48\],0.92µm
aes_ciphertext\[49\],0.92µm
aes_ciphertext\[50\],0.92µm
aes_ciphertext\[61\],0.92µm
aes_ciphertext\[68\],0.92µm
aes_ciphertext\[84\],0.92µm
aes_ciphertext\[85\],0.92µm
net270,0.92µm
_1902_,0.8µm
_2027_,0.8µm
_1580_,0.46µm
_1749_,0.46µm
_2037_,0.46µm
_2083_,0.46µm
_2806_,0.46µm
_2837_,0.46µm
_2867_,0.46µm
_2955_,0.46µm
