
===========================================================================
report_checks -unconstrained
===========================================================================
======================= min_ss_100C_1v60 Corner ===================================

Startpoint: rst_n (input port clocked by clk)
Endpoint: _18983_ (recovery check against rising-edge clock clk)
Path Group: asynchronous
Path Type: max

Fanout         Cap        Slew       Delay        Time   Description
---------------------------------------------------------------------------------------------
                                  0.000000    0.000000   clock clk (rise edge)
                                  0.000000    0.000000   clock network delay (propagated)
                                 20.000000   20.000000 ^ input external delay
     1    0.002811    0.032327    0.015826   20.015825 ^ rst_n (in)
                                                         rst_n (net)
                      0.032327    0.000000   20.015825 ^ input2/A (sky130_fd_sc_hd__clkdlybuf4s25_1)
     1    0.003458    0.082727    0.452470   20.468296 ^ input2/X (sky130_fd_sc_hd__clkdlybuf4s25_1)
                                                         net2 (net)
                      0.082727    0.000048   20.468344 ^ fanout2077/A (sky130_fd_sc_hd__clkdlybuf4s25_1)
     7    0.142494    2.235928    2.007622   22.475967 ^ fanout2077/X (sky130_fd_sc_hd__clkdlybuf4s25_1)
                                                         net2077 (net)
                      2.235928    0.000711   22.476677 ^ fanout2011/A (sky130_fd_sc_hd__clkdlybuf4s25_1)
     2    0.036714    0.590909    1.385367   23.862043 ^ fanout2011/X (sky130_fd_sc_hd__clkdlybuf4s25_1)
                                                         net2011 (net)
                      0.590909    0.000071   23.862114 ^ _09509_/B (sky130_fd_sc_hd__and2_2)
     1    0.007617    0.105202    0.481231   24.343346 ^ _09509_/X (sky130_fd_sc_hd__and2_2)
                                                         core_reset_n (net)
                      0.105202    0.000220   24.343567 ^ fanout1987/A (sky130_fd_sc_hd__clkdlybuf4s25_1)
     3    0.021429    0.354984    0.685120   25.028687 ^ fanout1987/X (sky130_fd_sc_hd__clkdlybuf4s25_1)
                                                         net1987 (net)
                      0.354984    0.000217   25.028902 ^ load_slew1990/A (sky130_fd_sc_hd__buf_2)
     3    0.055245    0.429221    0.574813   25.603716 ^ load_slew1990/X (sky130_fd_sc_hd__buf_2)
                                                         net1990 (net)
                      0.429460    0.005823   25.609539 ^ load_slew1989/A (sky130_fd_sc_hd__clkbuf_4)
     2    0.082610    0.391730    0.644578   26.254116 ^ load_slew1989/X (sky130_fd_sc_hd__clkbuf_4)
                                                         net1989 (net)
                      0.391757    0.003528   26.257645 ^ fanout1976/A (sky130_fd_sc_hd__clkdlybuf4s25_1)
     6    0.082577    1.307778    1.475973   27.733618 ^ fanout1976/X (sky130_fd_sc_hd__clkdlybuf4s25_1)
                                                         net1976 (net)
                      1.307778    0.003428   27.737045 ^ fanout1975/A (sky130_fd_sc_hd__clkdlybuf4s25_1)
     6    0.057352    0.913145    1.437430   29.174475 ^ fanout1975/X (sky130_fd_sc_hd__clkdlybuf4s25_1)
                                                         net1975 (net)
                      0.913145    0.000293   29.174768 ^ fanout1973/A (sky130_fd_sc_hd__clkdlybuf4s25_1)
     2    0.006462    0.126542    0.782482   29.957251 ^ fanout1973/X (sky130_fd_sc_hd__clkdlybuf4s25_1)
                                                         net1973 (net)
                      0.126542    0.000064   29.957314 ^ load_slew1974/A (sky130_fd_sc_hd__clkbuf_4)
     8    0.043247    0.218791    0.383224   30.340538 ^ load_slew1974/X (sky130_fd_sc_hd__clkbuf_4)
                                                         net1974 (net)
                      0.218793    0.001133   30.341671 ^ fanout1971/A (sky130_fd_sc_hd__clkdlybuf4s25_1)
     2    0.008127    0.151690    0.588535   30.930206 ^ fanout1971/X (sky130_fd_sc_hd__clkdlybuf4s25_1)
                                                         net1971 (net)
                      0.151690    0.000057   30.930264 ^ fanout1969/A (sky130_fd_sc_hd__clkdlybuf4s25_1)
     2    0.008098    0.151197    0.558110   31.488373 ^ fanout1969/X (sky130_fd_sc_hd__clkdlybuf4s25_1)
                                                         net1969 (net)
                      0.151197    0.000103   31.488476 ^ load_slew1970/A (sky130_fd_sc_hd__buf_4)
     9    0.040608    0.191391    0.337252   31.825729 ^ load_slew1970/X (sky130_fd_sc_hd__buf_4)
                                                         net1970 (net)
                      0.191394    0.001087   31.826817 ^ _18983_/RESET_B (sky130_fd_sc_hd__dfrtp_2)
                                             31.826817   data arrival time

                                100.000000  100.000000   clock clk (rise edge)
                                  0.000000  100.000000   clock source latency
     2    0.107470    0.771635    0.541426  100.541420 ^ clk (in)
                                                         clk (net)
                      0.771709    0.000000  100.541420 ^ clkbuf_0_clk/A (sky130_fd_sc_hd__clkbuf_16)
     8    0.118788    0.209620    0.609390  101.150810 ^ clkbuf_0_clk/X (sky130_fd_sc_hd__clkbuf_16)
                                                         clknet_0_clk (net)
                      0.209826    0.006139  101.156952 ^ clkbuf_3_5_0_clk/A (sky130_fd_sc_hd__clkbuf_8)
     8    0.096636    0.268708    0.446079  101.603027 ^ clkbuf_3_5_0_clk/X (sky130_fd_sc_hd__clkbuf_8)
                                                         clknet_3_5_0_clk (net)
                      0.268725    0.002316  101.605347 ^ clkbuf_leaf_29_clk/A (sky130_fd_sc_hd__clkbuf_8)
    14    0.047902    0.149598    0.381981  101.987328 ^ clkbuf_leaf_29_clk/X (sky130_fd_sc_hd__clkbuf_8)
                                                         clknet_leaf_29_clk (net)
                      0.149598    0.000284  101.987610 ^ _18983_/CLK (sky130_fd_sc_hd__dfrtp_2)
                                 -0.250000  101.737617   clock uncertainty
                                  0.000000  101.737617   clock reconvergence pessimism
                                  0.419555  102.157166   library recovery time
                                            102.157166   data required time
---------------------------------------------------------------------------------------------
                                            102.157166   data required time
                                            -31.826817   data arrival time
---------------------------------------------------------------------------------------------
                                             70.330353   slack (MET)


Startpoint: uio_in[1] (input port clocked by clk)
Endpoint: _19382_ (rising edge-triggered flip-flop clocked by clk)
Path Group: clk
Path Type: max

Fanout         Cap        Slew       Delay        Time   Description
---------------------------------------------------------------------------------------------
                                  0.000000    0.000000   clock clk (rise edge)
                                  0.000000    0.000000   clock network delay (propagated)
                                 20.000000   20.000000 ^ input external delay
     1    0.002819    0.032381    0.015868   20.015869 ^ uio_in[1] (in)
                                                         uio_in[1] (net)
                      0.032381    0.000000   20.015869 ^ input12/A (sky130_fd_sc_hd__buf_1)
     1    0.018115    0.348637    0.331577   20.347445 ^ input12/X (sky130_fd_sc_hd__buf_1)
                                                         net12 (net)
                      0.348643    0.001192   20.348637 ^ wire2078/A (sky130_fd_sc_hd__buf_2)
     2    0.056935    0.441065    0.583821   20.932459 ^ wire2078/X (sky130_fd_sc_hd__buf_2)
                                                         net2078 (net)
                      0.441068    0.002029   20.934486 ^ _18302_/C_N (sky130_fd_sc_hd__or3b_2)
     2    0.081144    0.503392    1.608278   22.542765 v _18302_/X (sky130_fd_sc_hd__or3b_2)
                                                         _01050_ (net)
                      0.503392    0.000712   22.543476 v fanout373/A (sky130_fd_sc_hd__clkdlybuf4s25_1)
    10    0.109711    1.440430    1.644740   24.188217 v fanout373/X (sky130_fd_sc_hd__clkdlybuf4s25_1)
                                                         net373 (net)
                      1.440430    0.001418   24.189634 v _18312_/B (sky130_fd_sc_hd__nor2_2)
     3    0.045417    0.903417    1.216247   25.405880 ^ _18312_/Y (sky130_fd_sc_hd__nor2_2)
                                                         _01052_ (net)
                      0.903417    0.000343   25.406223 ^ fanout253/A (sky130_fd_sc_hd__clkdlybuf4s25_1)
     5    0.049835    0.796613    1.260384   26.666607 ^ fanout253/X (sky130_fd_sc_hd__clkdlybuf4s25_1)
                                                         net253 (net)
                      0.796613    0.002220   26.668827 ^ fanout252/A (sky130_fd_sc_hd__clkdlybuf4s25_1)
     6    0.058182    0.927584    1.326400   27.995228 ^ fanout252/X (sky130_fd_sc_hd__clkdlybuf4s25_1)
                                                         net252 (net)
                      0.927588    0.003732   27.998960 ^ fanout249/A (sky130_fd_sc_hd__clkdlybuf4s25_1)
     7    0.049976    0.798723    1.267699   29.266659 ^ fanout249/X (sky130_fd_sc_hd__clkdlybuf4s25_1)
                                                         net249 (net)
                      0.798723    0.000290   29.266949 ^ fanout248/A (sky130_fd_sc_hd__clkdlybuf4s25_1)
    10    0.057126    0.910558    1.316847   30.583796 ^ fanout248/X (sky130_fd_sc_hd__clkdlybuf4s25_1)
                                                         net248 (net)
                      0.910558    0.002295   30.586090 ^ _18437_/B1 (sky130_fd_sc_hd__a22o_2)
     1    0.002726    0.083246    0.538257   31.124348 ^ _18437_/X (sky130_fd_sc_hd__a22o_2)
                                                         _00651_ (net)
                      0.083246    0.000032   31.124380 ^ hold2289/A (sky130_fd_sc_hd__dlygate4sd3_1)
     1    0.002563    0.092468    1.042807   32.167187 ^ hold2289/X (sky130_fd_sc_hd__dlygate4sd3_1)
                                                         net2289 (net)
                      0.092468    0.000025   32.167213 ^ _19382_/D (sky130_fd_sc_hd__dfrtp_2)
                                             32.167213   data arrival time

                                100.000000  100.000000   clock clk (rise edge)
                                  0.000000  100.000000   clock source latency
     2    0.107470    0.771635    0.541426  100.541420 ^ clk (in)
                                                         clk (net)
                      0.771709    0.000000  100.541420 ^ clkbuf_0_clk/A (sky130_fd_sc_hd__clkbuf_16)
     8    0.118788    0.209620    0.609390  101.150810 ^ clkbuf_0_clk/X (sky130_fd_sc_hd__clkbuf_16)
                                                         clknet_0_clk (net)
                      0.209826    0.006139  101.156952 ^ clkbuf_3_5_0_clk/A (sky130_fd_sc_hd__clkbuf_8)
     8    0.096636    0.268708    0.446079  101.603027 ^ clkbuf_3_5_0_clk/X (sky130_fd_sc_hd__clkbuf_8)
                                                         clknet_3_5_0_clk (net)
                      0.268714    0.001656  101.604683 ^ clkbuf_leaf_33_clk/A (sky130_fd_sc_hd__clkbuf_8)
    15    0.048822    0.151838    0.383622  101.988312 ^ clkbuf_leaf_33_clk/X (sky130_fd_sc_hd__clkbuf_8)
                                                         clknet_leaf_33_clk (net)
                      0.151843    0.001101  101.989410 ^ _19382_/CLK (sky130_fd_sc_hd__dfrtp_2)
                                 -0.250000  101.739410   clock uncertainty
                                  0.000000  101.739410   clock reconvergence pessimism
                                 -0.129610  101.609802   library setup time
                                            101.609802   data required time
---------------------------------------------------------------------------------------------
                                            101.609802   data required time
                                            -32.167213   data arrival time
---------------------------------------------------------------------------------------------
                                             69.442596   slack (MET)




===========================================================================
report_checks --slack_max -0.01
============================================================================
======================= min_ss_100C_1v60 Corner ===================================

No paths found.


===========================================================================
 report_check_types -max_slew -max_cap -max_fanout -violators
============================================================================
======================= min_ss_100C_1v60 Corner ===================================

max slew

Pin                                        Limit        Slew       Slack
------------------------------------------------------------------------
ANTENNA_294/DIODE                       0.750000    2.236045   -1.486045 (VIOLATED)
fanout2076/A                            0.750000    2.236045   -1.486045 (VIOLATED)
ANTENNA_227/DIODE                       0.750000    2.236011   -1.486011 (VIOLATED)
fanout2055/A                            0.750000    2.236011   -1.486011 (VIOLATED)
fanout2060/A                            0.750000    2.236009   -1.486009 (VIOLATED)
fanout2044/A                            0.750000    2.235954   -1.485954 (VIOLATED)
fanout2011/A                            0.750000    2.235928   -1.485928 (VIOLATED)
fanout2077/X                            0.750000    2.235928   -1.485928 (VIOLATED)
_17860_/A1                              0.750000    2.010276   -1.260276 (VIOLATED)
_17810_/A1                              0.750000    2.010275   -1.260275 (VIOLATED)
_17835_/A1                              0.750000    2.010275   -1.260275 (VIOLATED)
_17524_/A1                              0.750000    2.010267   -1.260268 (VIOLATED)
_17549_/A1                              0.750000    2.010268   -1.260268 (VIOLATED)
_17964_/A1                              0.750000    2.010267   -1.260267 (VIOLATED)
fanout900/A                             0.750000    2.010267   -1.260267 (VIOLATED)
_17731_/A1                              0.750000    2.010262   -1.260262 (VIOLATED)
_17785_/A1                              0.750000    2.010262   -1.260262 (VIOLATED)
fanout901/X                             0.750000    2.010262   -1.260262 (VIOLATED)
ANTENNA_208/DIODE                       0.750000    1.899143   -1.149143 (VIOLATED)
ANTENNA_209/DIODE                       0.750000    1.899143   -1.149143 (VIOLATED)
_09503_/A                               0.750000    1.899143   -1.149143 (VIOLATED)
_11836_/A1                              0.750000    1.899143   -1.149143 (VIOLATED)
_12267_/A1                              0.750000    1.899143   -1.149143 (VIOLATED)
_15783_/A1                              0.750000    1.899143   -1.149143 (VIOLATED)
_15845_/B                               0.750000    1.899143   -1.149143 (VIOLATED)
_15846_/A1                              0.750000    1.899143   -1.149143 (VIOLATED)
_15859_/B                               0.750000    1.899143   -1.149143 (VIOLATED)
_15860_/A1                              0.750000    1.899143   -1.149143 (VIOLATED)
_15869_/A1                              0.750000    1.899143   -1.149143 (VIOLATED)
_18136_/A                               0.750000    1.899143   -1.149143 (VIOLATED)
fanout235/X                             0.750000    1.899143   -1.149143 (VIOLATED)
fanout177/A                             0.750000    1.847318   -1.097318 (VIOLATED)
fanout170/A                             0.750000    1.847315   -1.097315 (VIOLATED)
fanout168/A                             0.750000    1.847302   -1.097302 (VIOLATED)
fanout166/A                             0.750000    1.847277   -1.097277 (VIOLATED)
fanout163/A                             0.750000    1.847076   -1.097076 (VIOLATED)
fanout155/A                             0.750000    1.847031   -1.097031 (VIOLATED)
fanout178/X                             0.750000    1.847031   -1.097031 (VIOLATED)
_18410_/B2                              0.750000    1.769152   -1.019152 (VIOLATED)
_18416_/B2                              0.750000    1.769143   -1.019143 (VIOLATED)
_18414_/B2                              0.750000    1.769142   -1.019142 (VIOLATED)
_18418_/B2                              0.750000    1.769142   -1.019142 (VIOLATED)
_18420_/B2                              0.750000    1.769141   -1.019141 (VIOLATED)
_18422_/B2                              0.750000    1.769125   -1.019125 (VIOLATED)
_18412_/B2                              0.750000    1.769118   -1.019118 (VIOLATED)
_18312_/B                               0.750000    1.768612   -1.018612 (VIOLATED)
_18725_/C                               0.750000    1.768612   -1.018612 (VIOLATED)
_18733_/A4                              0.750000    1.768612   -1.018612 (VIOLATED)
fanout373/X                             0.750000    1.768612   -1.018612 (VIOLATED)
fanout898/A                             0.750000    1.744092   -0.994092 (VIOLATED)
ANTENNA_212/DIODE                       0.750000    1.744047   -0.994047 (VIOLATED)
fanout892/A                             0.750000    1.744047   -0.994047 (VIOLATED)
_17775_/A1                              0.750000    1.743937   -0.993937 (VIOLATED)
fanout888/A                             0.750000    1.743913   -0.993913 (VIOLATED)
fanout884/A                             0.750000    1.743897   -0.993897 (VIOLATED)
fanout881/A                             0.750000    1.743885   -0.993885 (VIOLATED)
fanout882/A                             0.750000    1.743883   -0.993884 (VIOLATED)
fanout899/X                             0.750000    1.743881   -0.993881 (VIOLATED)
_17774_/X                               0.750000    1.743212   -0.993213 (VIOLATED)
_17601_/A1                              0.750000    1.716940   -0.966940 (VIOLATED)
_17600_/X                               0.750000    1.716588   -0.966588 (VIOLATED)
fanout1627/A                            0.750000    1.665418   -0.915418 (VIOLATED)
_10399_/C1                              0.750000    1.665399   -0.915399 (VIOLATED)
fanout1626/A                            0.750000    1.665400   -0.915400 (VIOLATED)
_11197_/B1                              0.750000    1.665392   -0.915392 (VIOLATED)
_17598_/A0                              0.750000    1.665358   -0.915358 (VIOLATED)
fanout1628/X                            0.750000    1.665358   -0.915358 (VIOLATED)
_17256_/B                               0.750000    1.597253   -0.847253 (VIOLATED)
_17255_/X                               0.750000    1.596527   -0.846527 (VIOLATED)
_16423_/B                               0.750000    1.596038   -0.846038 (VIOLATED)
_16422_/X                               0.750000    1.595478   -0.845478 (VIOLATED)
_11702_/A1                              0.750000    1.572671   -0.822671 (VIOLATED)
_11746_/A1                              0.750000    1.572668   -0.822668 (VIOLATED)
fanout1059/A                            0.750000    1.572651   -0.822651 (VIOLATED)
_11413_/A                               0.750000    1.572550   -0.822550 (VIOLATED)
_17889_/A1                              0.750000    1.572550   -0.822550 (VIOLATED)
fanout1060/X                            0.750000    1.572550   -0.822550 (VIOLATED)
_17742_/A1                              0.750000    1.572083   -0.822083 (VIOLATED)
_17741_/X                               0.750000    1.571833   -0.821833 (VIOLATED)
_18142_/C1                              0.750000    1.542228   -0.792228 (VIOLATED)
fanout235/A                             0.750000    1.538932   -0.788932 (VIOLATED)
_09502_/Y                               0.750000    1.538917   -0.788917 (VIOLATED)
_17709_/A1                              0.750000    1.470859   -0.720859 (VIOLATED)
_17708_/X                               0.750000    1.470766   -0.720766 (VIOLATED)
ANTENNA_274/DIODE                       0.750000    1.434937   -0.684937 (VIOLATED)
ANTENNA_273/DIODE                       0.750000    1.434936   -0.684936 (VIOLATED)
_17509_/A1                              0.750000    1.434937   -0.684937 (VIOLATED)
_17508_/X                               0.750000    1.434785   -0.684785 (VIOLATED)
ANTENNA_218/DIODE                       0.750000    1.419758   -0.669758 (VIOLATED)
fanout964/A                             0.750000    1.419759   -0.669759 (VIOLATED)
fanout963/A                             0.750000    1.419748   -0.669748 (VIOLATED)
ANTENNA_217/DIODE                       0.750000    1.419747   -0.669747 (VIOLATED)
ANTENNA_216/DIODE                       0.750000    1.419726   -0.669726 (VIOLATED)
fanout962/A                             0.750000    1.419726   -0.669726 (VIOLATED)
_12213_/A                               0.750000    1.419535   -0.669535 (VIOLATED)
_17918_/A1                              0.750000    1.419535   -0.669535 (VIOLATED)
fanout965/X                             0.750000    1.419535   -0.669535 (VIOLATED)
_18311_/A2                              0.750000    1.386016   -0.636016 (VIOLATED)
_18308_/A2                              0.750000    1.386008   -0.636008 (VIOLATED)
_18305_/A2                              0.750000    1.386006   -0.636006 (VIOLATED)
_18303_/B                               0.750000    1.385990   -0.635990 (VIOLATED)
_18710_/A2                              0.750000    1.385990   -0.635990 (VIOLATED)
_18711_/A2                              0.750000    1.385990   -0.635990 (VIOLATED)
_18712_/A2                              0.750000    1.385990   -0.635990 (VIOLATED)
_18713_/A3                              0.750000    1.385990   -0.635990 (VIOLATED)
_18715_/A3                              0.750000    1.385990   -0.635990 (VIOLATED)
_18716_/D                               0.750000    1.385990   -0.635990 (VIOLATED)
fanout255/X                             0.750000    1.385990   -0.635990 (VIOLATED)
_11950_/B                               0.750000    1.371351   -0.621351 (VIOLATED)
_11949_/X                               0.750000    1.371181   -0.621181 (VIOLATED)
_14173_/A                               0.750000    1.371181   -0.621181 (VIOLATED)
_17973_/A2                              0.750000    1.371181   -0.621181 (VIOLATED)
ANTENNA_148/DIODE                       0.750000    1.366806   -0.616806 (VIOLATED)
ANTENNA_150/DIODE                       0.750000    1.366807   -0.616807 (VIOLATED)
ANTENNA_152/DIODE                       0.750000    1.366807   -0.616807 (VIOLATED)
ANTENNA_154/DIODE                       0.750000    1.366807   -0.616807 (VIOLATED)
ANTENNA_156/DIODE                       0.750000    1.366807   -0.616807 (VIOLATED)
_17700_/A1                              0.750000    1.366806   -0.616806 (VIOLATED)
ANTENNA_149/DIODE                       0.750000    1.366805   -0.616805 (VIOLATED)
ANTENNA_151/DIODE                       0.750000    1.366804   -0.616804 (VIOLATED)
ANTENNA_153/DIODE                       0.750000    1.366804   -0.616804 (VIOLATED)
ANTENNA_155/DIODE                       0.750000    1.366804   -0.616804 (VIOLATED)
_17699_/X                               0.750000    1.366658   -0.616658 (VIOLATED)
ANTENNA_118/DIODE                       0.750000    1.363818   -0.613818 (VIOLATED)
ANTENNA_119/DIODE                       0.750000    1.363818   -0.613818 (VIOLATED)
ANTENNA_120/DIODE                       0.750000    1.363818   -0.613818 (VIOLATED)
ANTENNA_121/DIODE                       0.750000    1.363818   -0.613818 (VIOLATED)
ANTENNA_122/DIODE                       0.750000    1.363818   -0.613818 (VIOLATED)
ANTENNA_123/DIODE                       0.750000    1.363818   -0.613818 (VIOLATED)
ANTENNA_125/DIODE                       0.750000    1.363818   -0.613818 (VIOLATED)
_17613_/A1                              0.750000    1.363818   -0.613818 (VIOLATED)
ANTENNA_124/DIODE                       0.750000    1.363817   -0.613817 (VIOLATED)
_17612_/X                               0.750000    1.363786   -0.613786 (VIOLATED)
ANTENNA_164/DIODE                       0.750000    1.350957   -0.600957 (VIOLATED)
_17739_/A1                              0.750000    1.350958   -0.600958 (VIOLATED)
_17738_/X                               0.750000    1.350929   -0.600929 (VIOLATED)
_12574_/A                               0.750000    1.341732   -0.591732 (VIOLATED)
_12539_/X                               0.750000    1.341384   -0.591384 (VIOLATED)
_16195_/A_N                             0.750000    1.330156   -0.580156 (VIOLATED)
_16981_/A1                              0.750000    1.330155   -0.580155 (VIOLATED)
fanout1619/A                            0.750000    1.330154   -0.580154 (VIOLATED)
fanout1616/A                            0.750000    1.330152   -0.580152 (VIOLATED)
_17604_/A0                              0.750000    1.329826   -0.579826 (VIOLATED)
fanout1620/X                            0.750000    1.329826   -0.579826 (VIOLATED)
_11912_/B1                              0.750000    1.319826   -0.569826 (VIOLATED)
_12107_/C1                              0.750000    1.319813   -0.569813 (VIOLATED)
_12207_/C1                              0.750000    1.319444   -0.569444 (VIOLATED)
_12068_/C1                              0.750000    1.319440   -0.569440 (VIOLATED)
_12075_/C1                              0.750000    1.319428   -0.569428 (VIOLATED)
_12231_/A                               0.750000    1.319427   -0.569427 (VIOLATED)
_12235_/C1                              0.750000    1.319427   -0.569427 (VIOLATED)
_12116_/C1                              0.750000    1.319414   -0.569414 (VIOLATED)
_11998_/B1                              0.750000    1.319409   -0.569409 (VIOLATED)
_11782_/A                               0.750000    1.319407   -0.569407 (VIOLATED)
fanout775/X                             0.750000    1.319407   -0.569407 (VIOLATED)
_09406_/A                               0.750000    1.314386   -0.564386 (VIOLATED)
_11911_/A1                              0.750000    1.314383   -0.564383 (VIOLATED)
_11907_/B2                              0.750000    1.314381   -0.564381 (VIOLATED)
_11945_/C1                              0.750000    1.314379   -0.564379 (VIOLATED)
_12208_/B1                              0.750000    1.314354   -0.564354 (VIOLATED)
_12069_/C1                              0.750000    1.314007   -0.564007 (VIOLATED)
_12084_/B1                              0.750000    1.314007   -0.564007 (VIOLATED)
_12091_/B2                              0.750000    1.314007   -0.564007 (VIOLATED)
_12132_/A1                              0.750000    1.314007   -0.564007 (VIOLATED)
_17904_/A1                              0.750000    1.314007   -0.564007 (VIOLATED)
fanout1010/X                            0.750000    1.314007   -0.564007 (VIOLATED)
ANTENNA_225/DIODE                       0.750000    1.307778   -0.557778 (VIOLATED)
fanout1948/A                            0.750000    1.307778   -0.557778 (VIOLATED)
fanout1950/A                            0.750000    1.307778   -0.557778 (VIOLATED)
fanout1952/A                            0.750000    1.307778   -0.557778 (VIOLATED)
fanout1957/A                            0.750000    1.307778   -0.557778 (VIOLATED)
fanout1975/A                            0.750000    1.307778   -0.557778 (VIOLATED)
fanout1976/X                            0.750000    1.307778   -0.557778 (VIOLATED)
_17604_/A1                              0.750000    1.305063   -0.555063 (VIOLATED)
_17603_/X                               0.750000    1.304635   -0.554635 (VIOLATED)
_12926_/A2                              0.750000    1.302116   -0.552116 (VIOLATED)
_12914_/C                               0.750000    1.302114   -0.552114 (VIOLATED)
_12946_/C                               0.750000    1.302114   -0.552114 (VIOLATED)
_13308_/B                               0.750000    1.302114   -0.552114 (VIOLATED)
_12943_/A2                              0.750000    1.302113   -0.552113 (VIOLATED)
_13456_/A2                              0.750000    1.302102   -0.552102 (VIOLATED)
_12942_/B                               0.750000    1.302100   -0.552100 (VIOLATED)
_13638_/B                               0.750000    1.302100   -0.552100 (VIOLATED)
_13641_/A2                              0.750000    1.302100   -0.552100 (VIOLATED)
_14081_/C                               0.750000    1.302100   -0.552100 (VIOLATED)
fanout478/X                             0.750000    1.302100   -0.552100 (VIOLATED)
ANTENNA_126/DIODE                       0.750000    1.300793   -0.550793 (VIOLATED)
_17616_/A1                              0.750000    1.300793   -0.550793 (VIOLATED)
_17615_/X                               0.750000    1.300769   -0.550769 (VIOLATED)
_18306_/A1                              0.750000    1.295418   -0.545418 (VIOLATED)
_18161_/B1                              0.750000    1.295417   -0.545417 (VIOLATED)
ANTENNA_157/DIODE                       0.750000    1.295240   -0.545240 (VIOLATED)
ANTENNA_158/DIODE                       0.750000    1.295240   -0.545240 (VIOLATED)
ANTENNA_159/DIODE                       0.750000    1.295240   -0.545240 (VIOLATED)
ANTENNA_160/DIODE                       0.750000    1.295240   -0.545240 (VIOLATED)
_17706_/A1                              0.750000    1.295240   -0.545240 (VIOLATED)
_17705_/X                               0.750000    1.295164   -0.545164 (VIOLATED)
_10852_/B                               0.750000    1.295147   -0.545147 (VIOLATED)
_13669_/A                               0.750000    1.294651   -0.544651 (VIOLATED)
_17944_/B                               0.750000    1.294646   -0.544646 (VIOLATED)
_10851_/Y                               0.750000    1.294642   -0.544642 (VIOLATED)
_18160_/X                               0.750000    1.293574   -0.543574 (VIOLATED)
_15825_/B                               0.750000    1.293081   -0.543081 (VIOLATED)
_15824_/X                               0.750000    1.292948   -0.542948 (VIOLATED)
_14604_/A                               0.750000    1.291486   -0.541486 (VIOLATED)
_14610_/B                               0.750000    1.291486   -0.541486 (VIOLATED)
_14630_/A_N                             0.750000    1.291486   -0.541486 (VIOLATED)
_14633_/A                               0.750000    1.291486   -0.541486 (VIOLATED)
_14634_/A                               0.750000    1.291486   -0.541486 (VIOLATED)
_14662_/B                               0.750000    1.291486   -0.541486 (VIOLATED)
_14668_/B                               0.750000    1.291486   -0.541486 (VIOLATED)
_14691_/A1                              0.750000    1.291486   -0.541486 (VIOLATED)
_14851_/A1                              0.750000    1.291486   -0.541486 (VIOLATED)
_15476_/C1                              0.750000    1.291486   -0.541486 (VIOLATED)
fanout1574/X                            0.750000    1.291486   -0.541486 (VIOLATED)
_17932_/B2                              0.750000    1.285996   -0.535996 (VIOLATED)
_17982_/A2_N                            0.750000    1.285993   -0.535993 (VIOLATED)
_17963_/B                               0.750000    1.285989   -0.535989 (VIOLATED)
_17946_/B                               0.750000    1.285972   -0.535972 (VIOLATED)
_17996_/A2_N                            0.750000    1.285968   -0.535968 (VIOLATED)
_17735_/A3                              0.750000    1.285965   -0.535965 (VIOLATED)
_17749_/B1                              0.750000    1.285960   -0.535960 (VIOLATED)
_17756_/B1                              0.750000    1.285959   -0.535959 (VIOLATED)
_17778_/A2                              0.750000    1.285959   -0.535959 (VIOLATED)
_18136_/B                               0.750000    1.285959   -0.535959 (VIOLATED)
fanout278/X                             0.750000    1.285959   -0.535959 (VIOLATED)
_11583_/A                               0.750000    1.271020   -0.521020 (VIOLATED)
_11536_/X                               0.750000    1.270861   -0.520861 (VIOLATED)
_11865_/B                               0.750000    1.248018   -0.498018 (VIOLATED)
_11867_/B                               0.750000    1.248016   -0.498016 (VIOLATED)
_11868_/B                               0.750000    1.248016   -0.498016 (VIOLATED)
_11876_/B                               0.750000    1.248016   -0.498016 (VIOLATED)
_11877_/B                               0.750000    1.248016   -0.498016 (VIOLATED)
_11920_/A                               0.750000    1.248016   -0.498016 (VIOLATED)
_11978_/A1                              0.750000    1.248016   -0.498016 (VIOLATED)
_11981_/A2                              0.750000    1.248016   -0.498016 (VIOLATED)
_12070_/A2                              0.750000    1.248016   -0.498016 (VIOLATED)
_12082_/D                               0.750000    1.248016   -0.498016 (VIOLATED)
fanout497/X                             0.750000    1.248016   -0.498016 (VIOLATED)
_15850_/B                               0.750000    1.247837   -0.497837 (VIOLATED)
_15849_/X                               0.750000    1.247771   -0.497771 (VIOLATED)
_11854_/B                               0.750000    1.243674   -0.493674 (VIOLATED)
_12192_/A1                              0.750000    1.243673   -0.493673 (VIOLATED)
_12162_/B2                              0.750000    1.243671   -0.493671 (VIOLATED)
_11989_/A1                              0.750000    1.243669   -0.493669 (VIOLATED)
_12025_/A3                              0.750000    1.243666   -0.493666 (VIOLATED)
_11915_/A2                              0.750000    1.243665   -0.493665 (VIOLATED)
_11972_/A1                              0.750000    1.243665   -0.493665 (VIOLATED)
_11986_/A                               0.750000    1.243665   -0.493665 (VIOLATED)
_11990_/A1                              0.750000    1.243665   -0.493665 (VIOLATED)
_12114_/A                               0.750000    1.243665   -0.493665 (VIOLATED)
fanout501/X                             0.750000    1.243665   -0.493665 (VIOLATED)
wire1378/A                              0.750000    1.241695   -0.491695 (VIOLATED)
_17732_/A1                              0.750000    1.241692   -0.491692 (VIOLATED)
fanout1377/X                            0.750000    1.241692   -0.491692 (VIOLATED)
_17521_/A1                              0.750000    1.241676   -0.491676 (VIOLATED)
_17520_/X                               0.750000    1.241548   -0.491548 (VIOLATED)
ANTENNA_292/DIODE                       0.750000    1.240848   -0.490848 (VIOLATED)
_17610_/S                               0.750000    1.240848   -0.490848 (VIOLATED)
ANTENNA_293/DIODE                       0.750000    1.240845   -0.490845 (VIOLATED)
_17901_/A2                              0.750000    1.240845   -0.490845 (VIOLATED)
_18142_/B1                              0.750000    1.240845   -0.490845 (VIOLATED)
fanout608/X                             0.750000    1.240845   -0.490845 (VIOLATED)
wire609/A                               0.750000    1.240845   -0.490845 (VIOLATED)
_17481_/A1                              0.750000    1.227665   -0.477665 (VIOLATED)
_17480_/X                               0.750000    1.227612   -0.477612 (VIOLATED)
_12442_/A                               0.750000    1.223998   -0.473998 (VIOLATED)
_12384_/X                               0.750000    1.223976   -0.473976 (VIOLATED)
_11830_/B1                              0.750000    1.222246   -0.472246 (VIOLATED)
_11831_/A                               0.750000    1.222246   -0.472246 (VIOLATED)
_12076_/A1                              0.750000    1.222246   -0.472246 (VIOLATED)
_12237_/B1                              0.750000    1.222246   -0.472246 (VIOLATED)
_12117_/B1                              0.750000    1.222246   -0.472246 (VIOLATED)
_11905_/B1                              0.750000    1.222243   -0.472243 (VIOLATED)
_11910_/C1                              0.750000    1.222243   -0.472243 (VIOLATED)
_11930_/B                               0.750000    1.222243   -0.472243 (VIOLATED)
_12002_/A1                              0.750000    1.222243   -0.472243 (VIOLATED)
_12246_/B1                              0.750000    1.222243   -0.472243 (VIOLATED)
fanout774/X                             0.750000    1.222243   -0.472243 (VIOLATED)
_17277_/C1                              0.750000    1.218475   -0.468475 (VIOLATED)
fanout1352/A                            0.750000    1.218158   -0.468158 (VIOLATED)
_09481_/A                               0.750000    1.218156   -0.468156 (VIOLATED)
_16535_/B1                              0.750000    1.218156   -0.468156 (VIOLATED)
_16652_/A                               0.750000    1.218156   -0.468156 (VIOLATED)
_16659_/B1                              0.750000    1.218156   -0.468156 (VIOLATED)
_16916_/C1                              0.750000    1.218156   -0.468156 (VIOLATED)
_16934_/C1                              0.750000    1.218156   -0.468156 (VIOLATED)
_17129_/B1                              0.750000    1.218156   -0.468156 (VIOLATED)
_17745_/A0                              0.750000    1.218156   -0.468156 (VIOLATED)
fanout1353/X                            0.750000    1.218156   -0.468156 (VIOLATED)
ANTENNA_211/DIODE                       0.750000    1.217186   -0.467186 (VIOLATED)
_18130_/A                               0.750000    1.217186   -0.467186 (VIOLATED)
_18142_/A1                              0.750000    1.217186   -0.467186 (VIOLATED)
fanout855/A                             0.750000    1.217186   -0.467186 (VIOLATED)
fanout857/A                             0.750000    1.217186   -0.467186 (VIOLATED)
fanout858/A                             0.750000    1.217186   -0.467186 (VIOLATED)
fanout860/X                             0.750000    1.217186   -0.467186 (VIOLATED)
_15759_/B                               0.750000    1.212697   -0.462697 (VIOLATED)
_15758_/X                               0.750000    1.212566   -0.462566 (VIOLATED)
_16471_/B                               0.750000    1.211876   -0.461876 (VIOLATED)
_16700_/A1                              0.750000    1.211875   -0.461875 (VIOLATED)
_16979_/C                               0.750000    1.211865   -0.461865 (VIOLATED)
_16193_/A1                              0.750000    1.211864   -0.461864 (VIOLATED)
_16676_/A2                              0.750000    1.211849   -0.461849 (VIOLATED)
_16982_/A2                              0.750000    1.211825   -0.461825 (VIOLATED)
_16120_/A                               0.750000    1.211497   -0.461497 (VIOLATED)
_16675_/B                               0.750000    1.211497   -0.461497 (VIOLATED)
_17050_/B1                              0.750000    1.211497   -0.461497 (VIOLATED)
_17182_/A2                              0.750000    1.211497   -0.461497 (VIOLATED)
fanout395/X                             0.750000    1.211497   -0.461497 (VIOLATED)
_10063_/B                               0.750000    1.209624   -0.459624 (VIOLATED)
_10051_/A2                              0.750000    1.209623   -0.459623 (VIOLATED)
_10716_/A2                              0.750000    1.209624   -0.459624 (VIOLATED)
_10083_/B                               0.750000    1.209623   -0.459623 (VIOLATED)
_11253_/B2                              0.750000    1.209623   -0.459623 (VIOLATED)
_11262_/A2                              0.750000    1.209623   -0.459623 (VIOLATED)
_11355_/A1                              0.750000    1.209622   -0.459622 (VIOLATED)
_10038_/B                               0.750000    1.209620   -0.459620 (VIOLATED)
_10069_/B                               0.750000    1.209617   -0.459618 (VIOLATED)
_10070_/A2                              0.750000    1.209617   -0.459618 (VIOLATED)
fanout528/X                             0.750000    1.209617   -0.459618 (VIOLATED)
_11392_/A                               0.750000    1.208403   -0.458404 (VIOLATED)
_11285_/A1                              0.750000    1.208075   -0.458075 (VIOLATED)
_11145_/B2                              0.750000    1.208073   -0.458073 (VIOLATED)
_11302_/B2                              0.750000    1.208064   -0.458064 (VIOLATED)
_10989_/A3                              0.750000    1.208044   -0.458044 (VIOLATED)
_10433_/C                               0.750000    1.208042   -0.458042 (VIOLATED)
_10179_/A                               0.750000    1.208040   -0.458040 (VIOLATED)
_10649_/B                               0.750000    1.208040   -0.458040 (VIOLATED)
_10657_/A1                              0.750000    1.208040   -0.458040 (VIOLATED)
_10837_/C                               0.750000    1.208040   -0.458040 (VIOLATED)
fanout520/X                             0.750000    1.208040   -0.458040 (VIOLATED)
wire1647/A                              0.750000    1.206766   -0.456766 (VIOLATED)
ANTENNA_219/DIODE                       0.750000    1.206678   -0.456678 (VIOLATED)
ANTENNA_220/DIODE                       0.750000    1.206678   -0.456678 (VIOLATED)
ANTENNA_221/DIODE                       0.750000    1.206678   -0.456678 (VIOLATED)
ANTENNA_222/DIODE                       0.750000    1.206678   -0.456678 (VIOLATED)
ANTENNA_223/DIODE                       0.750000    1.206678   -0.456678 (VIOLATED)
ANTENNA_224/DIODE                       0.750000    1.206678   -0.456678 (VIOLATED)
_17589_/A0                              0.750000    1.206678   -0.456678 (VIOLATED)
fanout1646/X                            0.750000    1.206678   -0.456678 (VIOLATED)
_12264_/C                               0.750000    1.206058   -0.456058 (VIOLATED)
_12265_/B1                              0.750000    1.206056   -0.456056 (VIOLATED)
_12263_/X                               0.750000    1.205459   -0.455459 (VIOLATED)
ANTENNA_129/DIODE                       0.750000    1.196343   -0.446343 (VIOLATED)
ANTENNA_131/DIODE                       0.750000    1.196343   -0.446343 (VIOLATED)
ANTENNA_134/DIODE                       0.750000    1.196343   -0.446343 (VIOLATED)
ANTENNA_136/DIODE                       0.750000    1.196343   -0.446343 (VIOLATED)
_17655_/A1                              0.750000    1.196343   -0.446343 (VIOLATED)
ANTENNA_130/DIODE                       0.750000    1.196342   -0.446342 (VIOLATED)
ANTENNA_132/DIODE                       0.750000    1.196342   -0.446342 (VIOLATED)
ANTENNA_133/DIODE                       0.750000    1.196341   -0.446341 (VIOLATED)
ANTENNA_135/DIODE                       0.750000    1.196341   -0.446341 (VIOLATED)
ANTENNA_137/DIODE                       0.750000    1.196341   -0.446341 (VIOLATED)
_17654_/X                               0.750000    1.196195   -0.446195 (VIOLATED)
_09383_/A                               0.750000    1.195469   -0.445470 (VIOLATED)
_10731_/A1                              0.750000    1.195469   -0.445470 (VIOLATED)
_10959_/C1                              0.750000    1.195469   -0.445470 (VIOLATED)
_10967_/C1                              0.750000    1.195469   -0.445470 (VIOLATED)
_10969_/B2                              0.750000    1.195469   -0.445470 (VIOLATED)
_10970_/A1                              0.750000    1.195469   -0.445470 (VIOLATED)
_11132_/A1                              0.750000    1.195469   -0.445470 (VIOLATED)
_17718_/A0                              0.750000    1.195469   -0.445470 (VIOLATED)
fanout1397/A                            0.750000    1.195469   -0.445470 (VIOLATED)
fanout1398/X                            0.750000    1.195469   -0.445470 (VIOLATED)
_17896_/B                               0.750000    1.188085   -0.438085 (VIOLATED)
_11674_/B                               0.750000    1.188084   -0.438084 (VIOLATED)
_11673_/Y                               0.750000    1.188032   -0.438032 (VIOLATED)
_11907_/C1                              0.750000    1.182564   -0.432564 (VIOLATED)
_11919_/B1                              0.750000    1.182564   -0.432564 (VIOLATED)
_11944_/C1                              0.750000    1.182564   -0.432564 (VIOLATED)
_11980_/A1                              0.750000    1.182564   -0.432564 (VIOLATED)
_12092_/B2                              0.750000    1.182564   -0.432564 (VIOLATED)
_12117_/A1                              0.750000    1.182564   -0.432564 (VIOLATED)
_12128_/C1                              0.750000    1.182564   -0.432564 (VIOLATED)
_12205_/B1                              0.750000    1.182564   -0.432564 (VIOLATED)
_12246_/A1                              0.750000    1.182564   -0.432564 (VIOLATED)
_17901_/A1                              0.750000    1.182564   -0.432564 (VIOLATED)
fanout776/X                             0.750000    1.182564   -0.432564 (VIOLATED)
_12273_/A                               0.750000    1.178284   -0.428284 (VIOLATED)
_12281_/A_N                             0.750000    1.178284   -0.428284 (VIOLATED)
_12282_/A                               0.750000    1.178284   -0.428284 (VIOLATED)
_12293_/A                               0.750000    1.178284   -0.428284 (VIOLATED)
_12297_/A                               0.750000    1.178284   -0.428284 (VIOLATED)
_12298_/A                               0.750000    1.178284   -0.428284 (VIOLATED)
_12299_/A_N                             0.750000    1.178284   -0.428284 (VIOLATED)
_12300_/A_N                             0.750000    1.178284   -0.428284 (VIOLATED)
_12318_/A                               0.750000    1.178284   -0.428284 (VIOLATED)
_12430_/C                               0.750000    1.178284   -0.428284 (VIOLATED)
fanout1008/X                            0.750000    1.178284   -0.428284 (VIOLATED)
_12008_/A                               0.750000    1.177601   -0.427601 (VIOLATED)
_11957_/X                               0.750000    1.177475   -0.427475 (VIOLATED)
_12284_/B                               0.750000    1.175081   -0.425082 (VIOLATED)
_12324_/B                               0.750000    1.175081   -0.425081 (VIOLATED)
_12395_/B                               0.750000    1.175079   -0.425079 (VIOLATED)
_12344_/A2                              0.750000    1.175077   -0.425077 (VIOLATED)
_12356_/A                               0.750000    1.175075   -0.425075 (VIOLATED)
_12361_/A2                              0.750000    1.175075   -0.425075 (VIOLATED)
_12386_/A2                              0.750000    1.175075   -0.425075 (VIOLATED)
_12387_/A2                              0.750000    1.175075   -0.425075 (VIOLATED)
_12542_/A1                              0.750000    1.175075   -0.425075 (VIOLATED)
_12675_/A4                              0.750000    1.175075   -0.425075 (VIOLATED)
fanout491/X                             0.750000    1.175075   -0.425075 (VIOLATED)
_10997_/A1                              0.750000    1.172929   -0.422929 (VIOLATED)
_10196_/B1                              0.750000    1.172929   -0.422929 (VIOLATED)
_10250_/A1                              0.750000    1.172928   -0.422928 (VIOLATED)
_10238_/B1                              0.750000    1.172928   -0.422928 (VIOLATED)
_10455_/B1                              0.750000    1.172928   -0.422928 (VIOLATED)
_10472_/A1                              0.750000    1.172928   -0.422928 (VIOLATED)
_10674_/S0                              0.750000    1.172928   -0.422928 (VIOLATED)
_10677_/C1                              0.750000    1.172928   -0.422928 (VIOLATED)
_10680_/S0                              0.750000    1.172928   -0.422928 (VIOLATED)
_10822_/A                               0.750000    1.172928   -0.422928 (VIOLATED)
fanout806/X                             0.750000    1.172928   -0.422928 (VIOLATED)
_17321_/B                               0.750000    1.172926   -0.422926 (VIOLATED)
_12872_/A                               0.750000    1.172801   -0.422801 (VIOLATED)
_13721_/A1                              0.750000    1.172799   -0.422799 (VIOLATED)
_12853_/A                               0.750000    1.172795   -0.422795 (VIOLATED)
_12848_/A                               0.750000    1.172794   -0.422794 (VIOLATED)
_13456_/A1                              0.750000    1.172793   -0.422793 (VIOLATED)
_13632_/A1                              0.750000    1.172785   -0.422785 (VIOLATED)
_13950_/A1                              0.750000    1.172785   -0.422785 (VIOLATED)
_12941_/A1                              0.750000    1.172776   -0.422776 (VIOLATED)
_12926_/A1                              0.750000    1.172769   -0.422769 (VIOLATED)
_12931_/A                               0.750000    1.172769   -0.422769 (VIOLATED)
fanout736/X                             0.750000    1.172769   -0.422769 (VIOLATED)
_17320_/X                               0.750000    1.172766   -0.422766 (VIOLATED)
ANTENNA_90/DIODE                        0.750000    1.171920   -0.421920 (VIOLATED)
ANTENNA_91/DIODE                        0.750000    1.171920   -0.421920 (VIOLATED)
ANTENNA_92/DIODE                        0.750000    1.171920   -0.421920 (VIOLATED)
ANTENNA_93/DIODE                        0.750000    1.171920   -0.421920 (VIOLATED)
_17512_/A1                              0.750000    1.171920   -0.421920 (VIOLATED)
_17511_/X                               0.750000    1.171896   -0.421896 (VIOLATED)
_10826_/C1                              0.750000    1.171506   -0.421506 (VIOLATED)
_10842_/C1                              0.750000    1.171506   -0.421506 (VIOLATED)
_10841_/C1                              0.750000    1.171505   -0.421505 (VIOLATED)
_11161_/B1                              0.750000    1.171505   -0.421505 (VIOLATED)
_11387_/A                               0.750000    1.171505   -0.421505 (VIOLATED)
_11394_/C1                              0.750000    1.171501   -0.421501 (VIOLATED)
_10833_/B1                              0.750000    1.171499   -0.421500 (VIOLATED)
_11305_/C1                              0.750000    1.171500   -0.421500 (VIOLATED)
_12684_/A                               0.750000    1.171486   -0.421486 (VIOLATED)
_17937_/A1                              0.750000    1.171486   -0.421486 (VIOLATED)
fanout903/X                             0.750000    1.171486   -0.421486 (VIOLATED)
_14542_/B1                              0.750000    1.170900   -0.420900 (VIOLATED)
_14865_/A2                              0.750000    1.170900   -0.420900 (VIOLATED)
_14885_/B                               0.750000    1.170900   -0.420900 (VIOLATED)
_14897_/A2                              0.750000    1.170900   -0.420900 (VIOLATED)
_15108_/A                               0.750000    1.170900   -0.420900 (VIOLATED)
_15113_/B                               0.750000    1.170900   -0.420900 (VIOLATED)
_15369_/B                               0.750000    1.170900   -0.420900 (VIOLATED)
_15442_/A3                              0.750000    1.170900   -0.420900 (VIOLATED)
_15443_/B1                              0.750000    1.170900   -0.420900 (VIOLATED)
_15454_/A2                              0.750000    1.170900   -0.420900 (VIOLATED)
fanout433/X                             0.750000    1.170900   -0.420900 (VIOLATED)
fanout646/A                             0.750000    1.170660   -0.420660 (VIOLATED)
_09498_/Y                               0.750000    1.170609   -0.420609 (VIOLATED)
fanout629/A                             0.750000    1.170609   -0.420609 (VIOLATED)
ANTENNA_275/DIODE                       0.750000    1.163594   -0.413594 (VIOLATED)
_17518_/A1                              0.750000    1.163594   -0.413594 (VIOLATED)
_17517_/X                               0.750000    1.163539   -0.413539 (VIOLATED)
_17631_/A1                              0.750000    1.163481   -0.413481 (VIOLATED)
_17630_/X                               0.750000    1.163436   -0.413436 (VIOLATED)
_12703_/B                               0.750000    1.161470   -0.411470 (VIOLATED)
_12704_/B                               0.750000    1.161470   -0.411470 (VIOLATED)
_12767_/A2                              0.750000    1.161470   -0.411470 (VIOLATED)
_12794_/B                               0.750000    1.161470   -0.411470 (VIOLATED)
_12798_/A2                              0.750000    1.161470   -0.411470 (VIOLATED)
_12831_/A2                              0.750000    1.161470   -0.411470 (VIOLATED)
_13541_/A2                              0.750000    1.161470   -0.411470 (VIOLATED)
_13817_/A1                              0.750000    1.161470   -0.411470 (VIOLATED)
_13938_/A                               0.750000    1.161470   -0.411470 (VIOLATED)
_13942_/A2                              0.750000    1.161470   -0.411470 (VIOLATED)
fanout484/X                             0.750000    1.161470   -0.411470 (VIOLATED)
_09808_/B                               0.750000    1.158729   -0.408729 (VIOLATED)
_09792_/B                               0.750000    1.158728   -0.408728 (VIOLATED)
_09802_/B                               0.750000    1.158728   -0.408728 (VIOLATED)
_10787_/A1                              0.750000    1.158728   -0.408728 (VIOLATED)
_09780_/B                               0.750000    1.158727   -0.408727 (VIOLATED)
_09785_/A2                              0.750000    1.158727   -0.408727 (VIOLATED)
_09788_/B                               0.750000    1.158727   -0.408727 (VIOLATED)
_09803_/B                               0.750000    1.158727   -0.408727 (VIOLATED)
_09832_/C_N                             0.750000    1.158727   -0.408727 (VIOLATED)
fanout1202/A                            0.750000    1.158727   -0.408727 (VIOLATED)
fanout1203/X                            0.750000    1.158727   -0.408727 (VIOLATED)
_18304_/A2                              0.750000    1.158424   -0.408425 (VIOLATED)
_18425_/B2                              0.750000    1.158425   -0.408425 (VIOLATED)
_18307_/A2                              0.750000    1.158420   -0.408420 (VIOLATED)
_18428_/B2                              0.750000    1.158416   -0.408416 (VIOLATED)
_18426_/B2                              0.750000    1.158409   -0.408409 (VIOLATED)
_18163_/B1                              0.750000    1.158403   -0.408403 (VIOLATED)
_18429_/B2                              0.750000    1.158400   -0.408400 (VIOLATED)
_18307_/A1                              0.750000    1.158399   -0.408399 (VIOLATED)
_18427_/B2                              0.750000    1.158392   -0.408392 (VIOLATED)
_18306_/A2                              0.750000    1.158378   -0.408378 (VIOLATED)
_18309_/A2                              0.750000    1.158378   -0.408378 (VIOLATED)
_18310_/A2                              0.750000    1.158378   -0.408378 (VIOLATED)
fanout254/X                             0.750000    1.158378   -0.408378 (VIOLATED)
_09804_/B                               0.750000    1.157602   -0.407602 (VIOLATED)
_10345_/A3                              0.750000    1.157602   -0.407602 (VIOLATED)
_10354_/B                               0.750000    1.157602   -0.407602 (VIOLATED)
_10573_/A                               0.750000    1.157602   -0.407602 (VIOLATED)
_10586_/B1                              0.750000    1.157602   -0.407602 (VIOLATED)
_10898_/A2                              0.750000    1.157602   -0.407602 (VIOLATED)
_11041_/B                               0.750000    1.157602   -0.407602 (VIOLATED)
_11313_/A                               0.750000    1.157602   -0.407602 (VIOLATED)
_11316_/B1                              0.750000    1.157602   -0.407602 (VIOLATED)
_11333_/A1                              0.750000    1.157602   -0.407602 (VIOLATED)
fanout546/X                             0.750000    1.157602   -0.407602 (VIOLATED)
_18162_/X                               0.750000    1.156422   -0.406422 (VIOLATED)
_14307_/A2                              0.750000    1.156399   -0.406399 (VIOLATED)
_14776_/B                               0.750000    1.156399   -0.406399 (VIOLATED)
_14785_/A3                              0.750000    1.156399   -0.406399 (VIOLATED)
_14791_/B                               0.750000    1.156399   -0.406399 (VIOLATED)
_14997_/C                               0.750000    1.156399   -0.406399 (VIOLATED)
_14998_/C                               0.750000    1.156399   -0.406399 (VIOLATED)
_15155_/A                               0.750000    1.156399   -0.406399 (VIOLATED)
_15166_/A2                              0.750000    1.156399   -0.406399 (VIOLATED)
_15274_/B                               0.750000    1.156399   -0.406399 (VIOLATED)
_15542_/A2                              0.750000    1.156399   -0.406399 (VIOLATED)
fanout452/X                             0.750000    1.156399   -0.406399 (VIOLATED)
_09393_/A                               0.750000    1.154302   -0.404302 (VIOLATED)
_11001_/A1                              0.750000    1.154302   -0.404302 (VIOLATED)
_11143_/B1                              0.750000    1.154299   -0.404299 (VIOLATED)
_10452_/B1                              0.750000    1.154292   -0.404292 (VIOLATED)
_10455_/A1                              0.750000    1.154293   -0.404293 (VIOLATED)
_10477_/B1                              0.750000    1.154288   -0.404288 (VIOLATED)
_10678_/A1                              0.750000    1.154286   -0.404286 (VIOLATED)
_10847_/B1                              0.750000    1.154285   -0.404285 (VIOLATED)
_11147_/B1                              0.750000    1.154285   -0.404285 (VIOLATED)
_11155_/C1                              0.750000    1.154285   -0.404285 (VIOLATED)
fanout908/X                             0.750000    1.154285   -0.404285 (VIOLATED)
_10171_/A                               0.750000    1.151661   -0.401661 (VIOLATED)
_10199_/C1                              0.750000    1.151661   -0.401661 (VIOLATED)
_10227_/A1                              0.750000    1.151661   -0.401661 (VIOLATED)
_10241_/A                               0.750000    1.151661   -0.401661 (VIOLATED)
_10432_/C1                              0.750000    1.151661   -0.401661 (VIOLATED)
_10438_/A1                              0.750000    1.151661   -0.401661 (VIOLATED)
_10649_/A                               0.750000    1.151661   -0.401661 (VIOLATED)
_10989_/A1                              0.750000    1.151661   -0.401661 (VIOLATED)
_11140_/A1                              0.750000    1.151661   -0.401661 (VIOLATED)
_12535_/A                               0.750000    1.151661   -0.401661 (VIOLATED)
fanout798/X                             0.750000    1.151661   -0.401661 (VIOLATED)
_18157_/B1                              0.750000    1.151569   -0.401569 (VIOLATED)
_18304_/A1                              0.750000    1.151568   -0.401568 (VIOLATED)
_12138_/A                               0.750000    1.150418   -0.400418 (VIOLATED)
_12103_/X                               0.750000    1.150221   -0.400221 (VIOLATED)
_18723_/A                               0.750000    1.149783   -0.399783 (VIOLATED)
_18706_/B1                              0.750000    1.149782   -0.399782 (VIOLATED)
_18709_/A                               0.750000    1.149776   -0.399776 (VIOLATED)
_18713_/B1                              0.750000    1.149774   -0.399774 (VIOLATED)
fanout1866/A                            0.750000    1.149765   -0.399765 (VIOLATED)
ANTENNA_210/DIODE                       0.750000    1.149737   -0.399737 (VIOLATED)
wire354/A                               0.750000    1.149737   -0.399737 (VIOLATED)
fanout350/A                             0.750000    1.149721   -0.399721 (VIOLATED)
fanout353/X                             0.750000    1.149721   -0.399721 (VIOLATED)
_18156_/X                               0.750000    1.149541   -0.399541 (VIOLATED)
_09512_/Y                               0.750000    1.149432   -0.399432 (VIOLATED)
_13584_/A1                              0.750000    1.148984   -0.398984 (VIOLATED)
_13906_/A1                              0.750000    1.148983   -0.398984 (VIOLATED)
_13992_/B2                              0.750000    1.148984   -0.398984 (VIOLATED)
_13908_/B1                              0.750000    1.148982   -0.398982 (VIOLATED)
_13899_/B1                              0.750000    1.148981   -0.398981 (VIOLATED)
_13599_/A1                              0.750000    1.148975   -0.398976 (VIOLATED)
_13576_/C1                              0.750000    1.148965   -0.398965 (VIOLATED)
_13508_/B                               0.750000    1.148964   -0.398964 (VIOLATED)
_13373_/B1                              0.750000    1.148957   -0.398957 (VIOLATED)
_13747_/B                               0.750000    1.148957   -0.398957 (VIOLATED)
fanout328/X                             0.750000    1.148957   -0.398957 (VIOLATED)
_09428_/A                               0.750000    1.148780   -0.398780 (VIOLATED)
_13661_/C1                              0.750000    1.148780   -0.398780 (VIOLATED)
_13664_/A1                              0.750000    1.148780   -0.398780 (VIOLATED)
_13712_/A1                              0.750000    1.148780   -0.398780 (VIOLATED)
_13727_/S0                              0.750000    1.148780   -0.398780 (VIOLATED)
_13884_/C1                              0.750000    1.148780   -0.398780 (VIOLATED)
_13979_/B1                              0.750000    1.148780   -0.398780 (VIOLATED)
_13980_/A1                              0.750000    1.148780   -0.398780 (VIOLATED)
_14090_/B1                              0.750000    1.148780   -0.398780 (VIOLATED)
_14104_/B1                              0.750000    1.148780   -0.398780 (VIOLATED)
fanout1728/X                            0.750000    1.148780   -0.398780 (VIOLATED)
_16650_/A2                              0.750000    1.147987   -0.397987 (VIOLATED)
_16274_/B                               0.750000    1.147986   -0.397986 (VIOLATED)
_16343_/A1                              0.750000    1.147986   -0.397986 (VIOLATED)
_16365_/B                               0.750000    1.147986   -0.397986 (VIOLATED)
_16539_/A                               0.750000    1.147986   -0.397986 (VIOLATED)
_16548_/A3                              0.750000    1.147986   -0.397986 (VIOLATED)
_16638_/A1                              0.750000    1.147986   -0.397986 (VIOLATED)
_16656_/A3                              0.750000    1.147986   -0.397986 (VIOLATED)
_16926_/A3                              0.750000    1.147986   -0.397986 (VIOLATED)
_17228_/A2                              0.750000    1.147986   -0.397986 (VIOLATED)
fanout385/X                             0.750000    1.147986   -0.397986 (VIOLATED)
ANTENNA_242/DIODE                       0.750000    1.147625   -0.397625 (VIOLATED)
ANTENNA_244/DIODE                       0.750000    1.147625   -0.397625 (VIOLATED)
ANTENNA_246/DIODE                       0.750000    1.147625   -0.397625 (VIOLATED)
ANTENNA_248/DIODE                       0.750000    1.147625   -0.397625 (VIOLATED)
_17494_/A1                              0.750000    1.147625   -0.397625 (VIOLATED)
ANTENNA_241/DIODE                       0.750000    1.147624   -0.397624 (VIOLATED)
ANTENNA_243/DIODE                       0.750000    1.147624   -0.397624 (VIOLATED)
ANTENNA_245/DIODE                       0.750000    1.147624   -0.397624 (VIOLATED)
ANTENNA_247/DIODE                       0.750000    1.147624   -0.397624 (VIOLATED)
ANTENNA_249/DIODE                       0.750000    1.147624   -0.397624 (VIOLATED)
_17493_/X                               0.750000    1.147588   -0.397588 (VIOLATED)
fanout645/A                             0.750000    1.145407   -0.395407 (VIOLATED)
fanout639/A                             0.750000    1.145384   -0.395384 (VIOLATED)
fanout634/A                             0.750000    1.145351   -0.395351 (VIOLATED)
fanout636/A                             0.750000    1.145343   -0.395343 (VIOLATED)
fanout631/A                             0.750000    1.145323   -0.395323 (VIOLATED)
fanout633/A                             0.750000    1.145323   -0.395323 (VIOLATED)
fanout646/X                             0.750000    1.145323   -0.395323 (VIOLATED)
_11166_/B                               0.750000    1.142137   -0.392137 (VIOLATED)
_13918_/A                               0.750000    1.141695   -0.391695 (VIOLATED)
_17949_/B1                              0.750000    1.141687   -0.391687 (VIOLATED)
_11165_/X                               0.750000    1.141683   -0.391683 (VIOLATED)
_13500_/A1                              0.750000    1.141623   -0.391623 (VIOLATED)
_13597_/B1                              0.750000    1.141623   -0.391623 (VIOLATED)
_13494_/A1_N                            0.750000    1.141623   -0.391623 (VIOLATED)
_13048_/B                               0.750000    1.141620   -0.391620 (VIOLATED)
_13521_/A2                              0.750000    1.141620   -0.391620 (VIOLATED)
_13997_/A1                              0.750000    1.141618   -0.391619 (VIOLATED)
_13346_/A2                              0.750000    1.141615   -0.391615 (VIOLATED)
_13371_/B1                              0.750000    1.141615   -0.391615 (VIOLATED)
_13742_/B                               0.750000    1.141615   -0.391615 (VIOLATED)
_13749_/A2                              0.750000    1.141615   -0.391615 (VIOLATED)
fanout467/X                             0.750000    1.141615   -0.391615 (VIOLATED)
_11713_/B                               0.750000    1.141026   -0.391026 (VIOLATED)
_15225_/A                               0.750000    1.140927   -0.390927 (VIOLATED)
_15231_/A2                              0.750000    1.140927   -0.390927 (VIOLATED)
_14621_/B                               0.750000    1.140925   -0.390925 (VIOLATED)
_14829_/A2                              0.750000    1.140925   -0.390925 (VIOLATED)
_14838_/A1                              0.750000    1.140925   -0.390925 (VIOLATED)
_15063_/B                               0.750000    1.140925   -0.390925 (VIOLATED)
_15343_/A1                              0.750000    1.140925   -0.390925 (VIOLATED)
_15469_/A1                              0.750000    1.140925   -0.390925 (VIOLATED)
_15671_/A1                              0.750000    1.140925   -0.390925 (VIOLATED)
_15673_/A1                              0.750000    1.140925   -0.390925 (VIOLATED)
fanout427/X                             0.750000    1.140925   -0.390925 (VIOLATED)
_11712_/X                               0.750000    1.140884   -0.390884 (VIOLATED)
_17792_/A1                              0.750000    1.139534   -0.389534 (VIOLATED)
_17791_/X                               0.750000    1.139022   -0.389022 (VIOLATED)
_11524_/C1                              0.750000    1.138858   -0.388858 (VIOLATED)
_11559_/C1                              0.750000    1.138858   -0.388858 (VIOLATED)
_11628_/C1                              0.750000    1.138858   -0.388858 (VIOLATED)
_11647_/A1                              0.750000    1.138858   -0.388858 (VIOLATED)
_11668_/A1                              0.750000    1.138858   -0.388858 (VIOLATED)
_11695_/B1                              0.750000    1.138858   -0.388858 (VIOLATED)
_11745_/A1                              0.750000    1.138858   -0.388858 (VIOLATED)
_11757_/B1                              0.750000    1.138858   -0.388858 (VIOLATED)
_11764_/C1                              0.750000    1.138858   -0.388858 (VIOLATED)
_11766_/C1                              0.750000    1.138858   -0.388858 (VIOLATED)
fanout785/X                             0.750000    1.138858   -0.388858 (VIOLATED)
_11170_/B2                              0.750000    1.135353   -0.385353 (VIOLATED)
_11190_/A2                              0.750000    1.135352   -0.385352 (VIOLATED)
_09758_/A1                              0.750000    1.135351   -0.385351 (VIOLATED)
_09767_/A2                              0.750000    1.135347   -0.385347 (VIOLATED)
_09747_/A2                              0.750000    1.135345   -0.385345 (VIOLATED)
_09704_/A2                              0.750000    1.135025   -0.385025 (VIOLATED)
_10411_/A2                              0.750000    1.135023   -0.385023 (VIOLATED)
_09644_/A                               0.750000    1.135002   -0.385002 (VIOLATED)
_09652_/A2                              0.750000    1.135002   -0.385002 (VIOLATED)
_09657_/B                               0.750000    1.135002   -0.385002 (VIOLATED)
fanout555/X                             0.750000    1.135002   -0.385002 (VIOLATED)
_10156_/A                               0.750000    1.133443   -0.383443 (VIOLATED)
_10160_/B                               0.750000    1.133443   -0.383443 (VIOLATED)
_10182_/B                               0.750000    1.133443   -0.383443 (VIOLATED)
_10184_/B                               0.750000    1.133443   -0.383443 (VIOLATED)
_10191_/A1                              0.750000    1.133443   -0.383443 (VIOLATED)
_10200_/B                               0.750000    1.133443   -0.383443 (VIOLATED)
_10652_/B                               0.750000    1.133443   -0.383443 (VIOLATED)
_11385_/A2                              0.750000    1.133443   -0.383443 (VIOLATED)
_12379_/A                               0.750000    1.133443   -0.383443 (VIOLATED)
_17922_/A1                              0.750000    1.133443   -0.383443 (VIOLATED)
fanout956/X                             0.750000    1.133443   -0.383443 (VIOLATED)
_13257_/C1                              0.750000    1.132077   -0.382077 (VIOLATED)
_13258_/A1                              0.750000    1.132077   -0.382077 (VIOLATED)
_13558_/C1                              0.750000    1.132074   -0.382074 (VIOLATED)
_13551_/C1                              0.750000    1.132072   -0.382072 (VIOLATED)
_12829_/B1                              0.750000    1.132060   -0.382060 (VIOLATED)
_12837_/A1                              0.750000    1.132051   -0.382051 (VIOLATED)
_12809_/A                               0.750000    1.132042   -0.382042 (VIOLATED)
_13825_/A1                              0.750000    1.132032   -0.382032 (VIOLATED)
_13934_/C1                              0.750000    1.132016   -0.382016 (VIOLATED)
_09415_/A                               0.750000    1.131698   -0.381698 (VIOLATED)
fanout1443/X                            0.750000    1.131698   -0.381698 (VIOLATED)
_14496_/B                               0.750000    1.131517   -0.381517 (VIOLATED)
_14497_/A2                              0.750000    1.131517   -0.381517 (VIOLATED)
_14499_/B                               0.750000    1.131517   -0.381517 (VIOLATED)
_14510_/B                               0.750000    1.131517   -0.381517 (VIOLATED)
_14511_/B                               0.750000    1.131517   -0.381517 (VIOLATED)
_14521_/B                               0.750000    1.131517   -0.381517 (VIOLATED)
_14541_/A2                              0.750000    1.131517   -0.381517 (VIOLATED)
_14556_/B                               0.750000    1.131517   -0.381517 (VIOLATED)
_14572_/A2                              0.750000    1.131517   -0.381517 (VIOLATED)
_14576_/A2                              0.750000    1.131517   -0.381517 (VIOLATED)
fanout1807/X                            0.750000    1.131517   -0.381517 (VIOLATED)
_18155_/B                               0.750000    1.130662   -0.380662 (VIOLATED)
_18159_/B2                              0.750000    1.130662   -0.380662 (VIOLATED)
_18165_/B2                              0.750000    1.130662   -0.380662 (VIOLATED)
_18171_/B2                              0.750000    1.130662   -0.380662 (VIOLATED)
_18698_/A2                              0.750000    1.130662   -0.380662 (VIOLATED)
_18699_/A2                              0.750000    1.130662   -0.380662 (VIOLATED)
_18700_/A2                              0.750000    1.130662   -0.380662 (VIOLATED)
_18701_/A3                              0.750000    1.130662   -0.380662 (VIOLATED)
_18703_/A3                              0.750000    1.130662   -0.380662 (VIOLATED)
_18704_/D                               0.750000    1.130662   -0.380662 (VIOLATED)
fanout277/X                             0.750000    1.130662   -0.380662 (VIOLATED)
_17298_/A1                              0.750000    1.128206   -0.378206 (VIOLATED)
_17052_/A2                              0.750000    1.128206   -0.378206 (VIOLATED)
_16112_/B                               0.750000    1.128205   -0.378205 (VIOLATED)
_16137_/A2                              0.750000    1.128205   -0.378205 (VIOLATED)
_16169_/A1                              0.750000    1.128205   -0.378205 (VIOLATED)
_16679_/B                               0.750000    1.128205   -0.378205 (VIOLATED)
_16690_/A2                              0.750000    1.128205   -0.378205 (VIOLATED)
_16698_/A2_N                            0.750000    1.128205   -0.378205 (VIOLATED)
_16782_/A1                              0.750000    1.128205   -0.378205 (VIOLATED)
_17057_/A1                              0.750000    1.128205   -0.378205 (VIOLATED)
fanout398/X                             0.750000    1.128205   -0.378205 (VIOLATED)
_11037_/A1                              0.750000    1.126792   -0.376792 (VIOLATED)
fanout1633/A                            0.750000    1.126787   -0.376787 (VIOLATED)
fanout1632/A                            0.750000    1.126771   -0.376771 (VIOLATED)
fanout1634/A                            0.750000    1.126745   -0.376745 (VIOLATED)
_17592_/A0                              0.750000    1.126630   -0.376630 (VIOLATED)
fanout1635/X                            0.750000    1.126630   -0.376630 (VIOLATED)
_09728_/B1                              0.750000    1.125105   -0.375105 (VIOLATED)
_09671_/A1                              0.750000    1.125104   -0.375104 (VIOLATED)
_10512_/C1                              0.750000    1.125103   -0.375103 (VIOLATED)
_09695_/A                               0.750000    1.125102   -0.375102 (VIOLATED)
_09707_/B1                              0.750000    1.125102   -0.375102 (VIOLATED)
_09751_/A1                              0.750000    1.125102   -0.375102 (VIOLATED)
_09775_/A1                              0.750000    1.125102   -0.375102 (VIOLATED)
_10405_/A1                              0.750000    1.125102   -0.375102 (VIOLATED)
_10415_/A                               0.750000    1.125102   -0.375102 (VIOLATED)
_10504_/C1                              0.750000    1.125102   -0.375102 (VIOLATED)
fanout847/X                             0.750000    1.125102   -0.375102 (VIOLATED)
fanout2038/A                            0.750000    1.121997   -0.371997 (VIOLATED)
fanout2033/A                            0.750000    1.121996   -0.371996 (VIOLATED)
fanout2020/A                            0.750000    1.121991   -0.371991 (VIOLATED)
fanout2021/A                            0.750000    1.121991   -0.371991 (VIOLATED)
fanout2023/A                            0.750000    1.121991   -0.371991 (VIOLATED)
fanout2028/A                            0.750000    1.121991   -0.371991 (VIOLATED)
fanout2043/A                            0.750000    1.121991   -0.371991 (VIOLATED)
fanout2044/X                            0.750000    1.121991   -0.371991 (VIOLATED)
_14383_/A_N                             0.750000    1.120691   -0.370691 (VIOLATED)
_14397_/A_N                             0.750000    1.120691   -0.370691 (VIOLATED)
_09449_/A                               0.750000    1.120689   -0.370689 (VIOLATED)
_14384_/B                               0.750000    1.120689   -0.370689 (VIOLATED)
_14381_/B                               0.750000    1.120686   -0.370687 (VIOLATED)
_15559_/A                               0.750000    1.120679   -0.370679 (VIOLATED)
_15308_/A1                              0.750000    1.120670   -0.370670 (VIOLATED)
_14467_/A_N                             0.750000    1.120669   -0.370669 (VIOLATED)
fanout1350/A                            0.750000    1.120663   -0.370663 (VIOLATED)
_17748_/A0                              0.750000    1.120333   -0.370333 (VIOLATED)
fanout1351/X                            0.750000    1.120333   -0.370333 (VIOLATED)
_16294_/B                               0.750000    1.116008   -0.366008 (VIOLATED)
_16345_/A3                              0.750000    1.116008   -0.366008 (VIOLATED)
_16366_/A1                              0.750000    1.116008   -0.366008 (VIOLATED)
_16520_/A1                              0.750000    1.116008   -0.366008 (VIOLATED)
_16651_/A2                              0.750000    1.116008   -0.366008 (VIOLATED)
_16663_/B1                              0.750000    1.116008   -0.366008 (VIOLATED)
_16928_/C                               0.750000    1.116008   -0.366008 (VIOLATED)
_17116_/B1                              0.750000    1.116008   -0.366008 (VIOLATED)
_17228_/B1                              0.750000    1.116008   -0.366008 (VIOLATED)
_17267_/A                               0.750000    1.116008   -0.366008 (VIOLATED)
fanout381/X                             0.750000    1.116008   -0.366008 (VIOLATED)
_14492_/B                               0.750000    1.114024   -0.364024 (VIOLATED)
_14496_/A                               0.750000    1.114024   -0.364024 (VIOLATED)
_14510_/A                               0.750000    1.114024   -0.364024 (VIOLATED)
_14511_/A                               0.750000    1.114024   -0.364024 (VIOLATED)
_14520_/B                               0.750000    1.114024   -0.364024 (VIOLATED)
_14549_/A1                              0.750000    1.114024   -0.364024 (VIOLATED)
_14865_/A1                              0.750000    1.114024   -0.364024 (VIOLATED)
_14896_/A2                              0.750000    1.114024   -0.364024 (VIOLATED)
_15439_/B1                              0.750000    1.114024   -0.364024 (VIOLATED)
_15694_/B2                              0.750000    1.114024   -0.364024 (VIOLATED)
fanout1811/X                            0.750000    1.114024   -0.364024 (VIOLATED)
_10560_/A1                              0.750000    1.113914   -0.363914 (VIOLATED)
_10597_/B2                              0.750000    1.113914   -0.363915 (VIOLATED)
_10884_/B1                              0.750000    1.113914   -0.363915 (VIOLATED)
_10374_/A                               0.750000    1.113914   -0.363914 (VIOLATED)
_11051_/B1                              0.750000    1.113909   -0.363909 (VIOLATED)
_10377_/A1                              0.750000    1.113908   -0.363908 (VIOLATED)
_09794_/B                               0.750000    1.113906   -0.363906 (VIOLATED)
_09818_/B2                              0.750000    1.113906   -0.363906 (VIOLATED)
_10780_/A                               0.750000    1.113906   -0.363906 (VIOLATED)
_10788_/A1                              0.750000    1.113906   -0.363906 (VIOLATED)
fanout544/X                             0.750000    1.113906   -0.363906 (VIOLATED)
ANTENNA_162/DIODE                       0.750000    1.110138   -0.360138 (VIOLATED)
_17721_/A1                              0.750000    1.110138   -0.360138 (VIOLATED)
_17720_/X                               0.750000    1.110121   -0.360121 (VIOLATED)
_12420_/A1                              0.750000    1.110022   -0.360022 (VIOLATED)
_12581_/A1                              0.750000    1.110021   -0.360021 (VIOLATED)
_12396_/C1                              0.750000    1.110021   -0.360021 (VIOLATED)
_12339_/B                               0.750000    1.110019   -0.360019 (VIOLATED)
_12557_/A1                              0.750000    1.110019   -0.360019 (VIOLATED)
_12499_/B1                              0.750000    1.110017   -0.360017 (VIOLATED)
_12328_/A1                              0.750000    1.110016   -0.360016 (VIOLATED)
_12364_/C                               0.750000    1.110016   -0.360016 (VIOLATED)
_12431_/B                               0.750000    1.110016   -0.360016 (VIOLATED)
_12515_/B                               0.750000    1.110016   -0.360016 (VIOLATED)
fanout493/X                             0.750000    1.110016   -0.360016 (VIOLATED)
_12890_/A                               0.750000    1.106836   -0.356836 (VIOLATED)
_13656_/A                               0.750000    1.106836   -0.356836 (VIOLATED)
_13723_/A                               0.750000    1.106835   -0.356835 (VIOLATED)
_12941_/B1                              0.750000    1.106835   -0.356835 (VIOLATED)
_13859_/A1                              0.750000    1.106835   -0.356835 (VIOLATED)
_13325_/A                               0.750000    1.106834   -0.356834 (VIOLATED)
_13471_/A1                              0.750000    1.106833   -0.356833 (VIOLATED)
_13702_/A1                              0.750000    1.106833   -0.356833 (VIOLATED)
_12867_/A1                              0.750000    1.106832   -0.356832 (VIOLATED)
fanout734/A                             0.750000    1.106832   -0.356832 (VIOLATED)
fanout735/X                             0.750000    1.106832   -0.356832 (VIOLATED)
_17769_/A1                              0.750000    1.106794   -0.356795 (VIOLATED)
_17768_/X                               0.750000    1.106769   -0.356769 (VIOLATED)
_14746_/A2                              0.750000    1.106355   -0.356355 (VIOLATED)
_14908_/A2                              0.750000    1.106355   -0.356355 (VIOLATED)
_14429_/C1                              0.750000    1.106354   -0.356354 (VIOLATED)
_14442_/A1                              0.750000    1.106354   -0.356354 (VIOLATED)
_14443_/A1                              0.750000    1.106354   -0.356354 (VIOLATED)
_14479_/A                               0.750000    1.106354   -0.356354 (VIOLATED)
_14745_/A1                              0.750000    1.106354   -0.356354 (VIOLATED)
_14915_/C                               0.750000    1.106354   -0.356354 (VIOLATED)
_15041_/A2                              0.750000    1.106354   -0.356354 (VIOLATED)
_15255_/B                               0.750000    1.106354   -0.356354 (VIOLATED)
fanout444/X                             0.750000    1.106354   -0.356354 (VIOLATED)
_09513_/B                               0.750000    1.104048   -0.354048 (VIOLATED)
_18155_/A                               0.750000    1.104048   -0.354048 (VIOLATED)
_18172_/A                               0.750000    1.104048   -0.354048 (VIOLATED)
_18303_/A                               0.750000    1.104048   -0.354048 (VIOLATED)
_18312_/A                               0.750000    1.104048   -0.354048 (VIOLATED)
_18698_/B1                              0.750000    1.104048   -0.354048 (VIOLATED)
_18701_/B1                              0.750000    1.104048   -0.354048 (VIOLATED)
_18710_/B1                              0.750000    1.104048   -0.354048 (VIOLATED)
_18718_/B1                              0.750000    1.104048   -0.354048 (VIOLATED)
_18721_/A                               0.750000    1.104048   -0.354048 (VIOLATED)
fanout1866/X                            0.750000    1.104048   -0.354048 (VIOLATED)
_11932_/A1                              0.750000    1.103790   -0.353790 (VIOLATED)
_11926_/A_N                             0.750000    1.103789   -0.353789 (VIOLATED)
_11862_/B                               0.750000    1.103788   -0.353788 (VIOLATED)
_11886_/B                               0.750000    1.103788   -0.353788 (VIOLATED)
_11874_/A1                              0.750000    1.103781   -0.353781 (VIOLATED)
_11858_/B                               0.750000    1.103779   -0.353779 (VIOLATED)
_11896_/B                               0.750000    1.103777   -0.353777 (VIOLATED)
_11927_/A2                              0.750000    1.103777   -0.353777 (VIOLATED)
_11960_/A                               0.750000    1.103777   -0.353777 (VIOLATED)
fanout1051/A                            0.750000    1.103777   -0.353777 (VIOLATED)
fanout1052/X                            0.750000    1.103777   -0.353777 (VIOLATED)
_09624_/A                               0.750000    1.101960   -0.351960 (VIOLATED)
_09676_/B                               0.750000    1.101960   -0.351960 (VIOLATED)
_09677_/B                               0.750000    1.101960   -0.351960 (VIOLATED)
_09720_/A2                              0.750000    1.101960   -0.351960 (VIOLATED)
_09722_/A1                              0.750000    1.101960   -0.351960 (VIOLATED)
_09768_/C_N                             0.750000    1.101960   -0.351960 (VIOLATED)
_10422_/A1                              0.750000    1.101960   -0.351960 (VIOLATED)
_11016_/A1                              0.750000    1.101960   -0.351960 (VIOLATED)
_11021_/A3                              0.750000    1.101960   -0.351960 (VIOLATED)
fanout1677/A                            0.750000    1.101960   -0.351960 (VIOLATED)
fanout1678/X                            0.750000    1.101960   -0.351960 (VIOLATED)
ANTENNA_278/DIODE                       0.750000    1.098274   -0.348274 (VIOLATED)
ANTENNA_279/DIODE                       0.750000    1.098274   -0.348274 (VIOLATED)
_17595_/A1                              0.750000    1.098273   -0.348273 (VIOLATED)
_14611_/B                               0.750000    1.098171   -0.348171 (VIOLATED)
_14613_/C                               0.750000    1.098171   -0.348171 (VIOLATED)
_14629_/A                               0.750000    1.098171   -0.348171 (VIOLATED)
_14655_/B                               0.750000    1.098171   -0.348171 (VIOLATED)
_14692_/A                               0.750000    1.098171   -0.348171 (VIOLATED)
_14846_/A                               0.750000    1.098171   -0.348171 (VIOLATED)
_14847_/A1                              0.750000    1.098171   -0.348171 (VIOLATED)
_15211_/B                               0.750000    1.098171   -0.348171 (VIOLATED)
_15332_/A1                              0.750000    1.098171   -0.348171 (VIOLATED)
_15473_/A3                              0.750000    1.098171   -0.348171 (VIOLATED)
fanout430/X                             0.750000    1.098171   -0.348171 (VIOLATED)
_17594_/X                               0.750000    1.097890   -0.347890 (VIOLATED)
ANTENNA_7/DIODE                         0.750000    1.095727   -0.345727 (VIOLATED)
_17771_/X                               0.750000    1.095727   -0.345727 (VIOLATED)
_17772_/A1                              0.750000    1.095727   -0.345727 (VIOLATED)
ANTENNA_289/DIODE                       0.750000    1.095359   -0.345359 (VIOLATED)
_15946_/A2                              0.750000    1.095359   -0.345359 (VIOLATED)
_15961_/C                               0.750000    1.095359   -0.345359 (VIOLATED)
_15975_/B                               0.750000    1.095359   -0.345359 (VIOLATED)
_15978_/A                               0.750000    1.095359   -0.345359 (VIOLATED)
_16219_/A2                              0.750000    1.095359   -0.345359 (VIOLATED)
_16247_/A1                              0.750000    1.095359   -0.345359 (VIOLATED)
_16448_/A                               0.750000    1.095359   -0.345359 (VIOLATED)
_16609_/B                               0.750000    1.095359   -0.345359 (VIOLATED)
_17023_/A2                              0.750000    1.095359   -0.345359 (VIOLATED)
_17026_/A2                              0.750000    1.095359   -0.345359 (VIOLATED)
fanout419/X                             0.750000    1.095359   -0.345359 (VIOLATED)
_12408_/A2                              0.750000    1.095064   -0.345064 (VIOLATED)
_12552_/A1                              0.750000    1.095062   -0.345062 (VIOLATED)
_12554_/A2                              0.750000    1.095062   -0.345062 (VIOLATED)
_12670_/A1                              0.750000    1.095059   -0.345059 (VIOLATED)
_12351_/A2                              0.750000    1.095054   -0.345054 (VIOLATED)
_12543_/B2                              0.750000    1.095053   -0.345053 (VIOLATED)
_12527_/A3                              0.750000    1.095052   -0.345052 (VIOLATED)
ANTENNA_290/DIODE                       0.750000    1.095037   -0.345037 (VIOLATED)
_12432_/A2                              0.750000    1.095037   -0.345037 (VIOLATED)
_12433_/A2                              0.750000    1.095037   -0.345037 (VIOLATED)
_12449_/A                               0.750000    1.095037   -0.345037 (VIOLATED)
fanout490/X                             0.750000    1.095037   -0.345037 (VIOLATED)
_09455_/A                               0.750000    1.094809   -0.344809 (VIOLATED)
_14689_/B1                              0.750000    1.094809   -0.344809 (VIOLATED)
_14690_/A1                              0.750000    1.094809   -0.344809 (VIOLATED)
_14840_/C1                              0.750000    1.094809   -0.344809 (VIOLATED)
_14853_/A1                              0.750000    1.094809   -0.344809 (VIOLATED)
_15097_/S0                              0.750000    1.094809   -0.344809 (VIOLATED)
_15098_/S0                              0.750000    1.094809   -0.344809 (VIOLATED)
_15362_/C1                              0.750000    1.094809   -0.344809 (VIOLATED)
_15596_/B1                              0.750000    1.094809   -0.344809 (VIOLATED)
_15666_/C1                              0.750000    1.094809   -0.344809 (VIOLATED)
fanout1539/X                            0.750000    1.094809   -0.344809 (VIOLATED)
_18285_/B2                              0.750000    1.093716   -0.343716 (VIOLATED)
_18157_/B2                              0.750000    1.093716   -0.343716 (VIOLATED)
_18163_/B2                              0.750000    1.093708   -0.343708 (VIOLATED)
_18286_/B2                              0.750000    1.093702   -0.343703 (VIOLATED)
_18161_/B2                              0.750000    1.093698   -0.343698 (VIOLATED)
_18167_/B2                              0.750000    1.093697   -0.343697 (VIOLATED)
_18169_/B2                              0.750000    1.093697   -0.343697 (VIOLATED)
_18290_/B2                              0.750000    1.093697   -0.343697 (VIOLATED)
_18291_/B2                              0.750000    1.093697   -0.343697 (VIOLATED)
_18292_/B2                              0.750000    1.093697   -0.343697 (VIOLATED)
fanout276/X                             0.750000    1.093697   -0.343697 (VIOLATED)
_16153_/B                               0.750000    1.092378   -0.342378 (VIOLATED)
_16155_/B                               0.750000    1.092378   -0.342378 (VIOLATED)
_16156_/B                               0.750000    1.092378   -0.342378 (VIOLATED)
_16180_/A3                              0.750000    1.092378   -0.342378 (VIOLATED)
_16199_/A2                              0.750000    1.092378   -0.342378 (VIOLATED)
_16501_/A1                              0.750000    1.092378   -0.342378 (VIOLATED)
_16778_/A2                              0.750000    1.092378   -0.342378 (VIOLATED)
_16785_/B                               0.750000    1.092378   -0.342378 (VIOLATED)
_16792_/A2                              0.750000    1.092378   -0.342378 (VIOLATED)
_16795_/A2                              0.750000    1.092378   -0.342378 (VIOLATED)
fanout400/X                             0.750000    1.092378   -0.342378 (VIOLATED)
_12598_/A                               0.750000    1.090330   -0.340330 (VIOLATED)
_12474_/A                               0.750000    1.090328   -0.340328 (VIOLATED)
_12470_/A                               0.750000    1.090327   -0.340327 (VIOLATED)
_12319_/B                               0.750000    1.090324   -0.340324 (VIOLATED)
_12546_/A2                              0.750000    1.090321   -0.340321 (VIOLATED)
_12337_/A                               0.750000    1.090316   -0.340316 (VIOLATED)
_12408_/A1                              0.750000    1.090314   -0.340314 (VIOLATED)
_12663_/A1                              0.750000    1.090313   -0.340313 (VIOLATED)
fanout772/A                             0.750000    1.090313   -0.340313 (VIOLATED)
fanout773/X                             0.750000    1.090313   -0.340313 (VIOLATED)
_10832_/C1                              0.750000    1.088407   -0.338407 (VIOLATED)
_11408_/S0                              0.750000    1.088403   -0.338403 (VIOLATED)
fanout906/A                             0.750000    1.088400   -0.338400 (VIOLATED)
_12648_/A                               0.750000    1.088363   -0.338363 (VIOLATED)
_17935_/A1                              0.750000    1.088356   -0.338357 (VIOLATED)
fanout907/X                             0.750000    1.088356   -0.338357 (VIOLATED)
_10782_/B1                              0.750000    1.088189   -0.338189 (VIOLATED)
_10810_/C1                              0.750000    1.088189   -0.338189 (VIOLATED)
_09836_/B1                              0.750000    1.088187   -0.338187 (VIOLATED)
_09874_/A1                              0.750000    1.088186   -0.338186 (VIOLATED)
_10384_/A1                              0.750000    1.088185   -0.338185 (VIOLATED)
_10591_/C1                              0.750000    1.088185   -0.338185 (VIOLATED)
_10801_/C1                              0.750000    1.088185   -0.338185 (VIOLATED)
_10888_/B1                              0.750000    1.088185   -0.338185 (VIOLATED)
_11053_/C1                              0.750000    1.088185   -0.338185 (VIOLATED)
_11342_/A1_N                            0.750000    1.088185   -0.338185 (VIOLATED)
fanout824/X                             0.750000    1.088185   -0.338185 (VIOLATED)
_11399_/D                               0.750000    1.087924   -0.337924 (VIOLATED)
_10662_/B                               0.750000    1.087924   -0.337924 (VIOLATED)
_11152_/A3                              0.750000    1.087924   -0.337924 (VIOLATED)
_10469_/B                               0.750000    1.087922   -0.337922 (VIOLATED)
_10432_/A2                              0.750000    1.087921   -0.337921 (VIOLATED)
_10441_/A2                              0.750000    1.087921   -0.337921 (VIOLATED)
_10463_/A2                              0.750000    1.087921   -0.337921 (VIOLATED)
_10474_/A2                              0.750000    1.087921   -0.337921 (VIOLATED)
_10647_/A2                              0.750000    1.087922   -0.337922 (VIOLATED)
_10836_/B1                              0.750000    1.087921   -0.337921 (VIOLATED)
fanout513/X                             0.750000    1.087921   -0.337921 (VIOLATED)
_15956_/A1                              0.750000    1.086279   -0.336279 (VIOLATED)
_15968_/B1                              0.750000    1.086279   -0.336279 (VIOLATED)
_16439_/A1                              0.750000    1.086279   -0.336279 (VIOLATED)
_16443_/A1                              0.750000    1.086279   -0.336279 (VIOLATED)
_16600_/A                               0.750000    1.086279   -0.336279 (VIOLATED)
_16603_/A1                              0.750000    1.086279   -0.336279 (VIOLATED)
_16625_/C1                              0.750000    1.086279   -0.336279 (VIOLATED)
_16753_/B2                              0.750000    1.086279   -0.336279 (VIOLATED)
_16909_/S0                              0.750000    1.086279   -0.336279 (VIOLATED)
_17159_/C1                              0.750000    1.086279   -0.336279 (VIOLATED)
fanout684/X                             0.750000    1.086279   -0.336279 (VIOLATED)
_09381_/A                               0.750000    1.085345   -0.335345 (VIOLATED)
_09788_/A_N                             0.750000    1.085345   -0.335345 (VIOLATED)
_09792_/A                               0.750000    1.085345   -0.335345 (VIOLATED)
_09810_/A1                              0.750000    1.085345   -0.335345 (VIOLATED)
_09821_/A1                              0.750000    1.085345   -0.335345 (VIOLATED)
_09831_/A1                              0.750000    1.085345   -0.335345 (VIOLATED)
_09847_/A                               0.750000    1.085345   -0.335345 (VIOLATED)
_09867_/A                               0.750000    1.085345   -0.335345 (VIOLATED)
_10890_/A1                              0.750000    1.085345   -0.335345 (VIOLATED)
fanout1192/A                            0.750000    1.085345   -0.335345 (VIOLATED)
fanout1193/X                            0.750000    1.085345   -0.335345 (VIOLATED)
_15170_/B1                              0.750000    1.084693   -0.334693 (VIOLATED)
_15292_/C1                              0.750000    1.084692   -0.334692 (VIOLATED)
_15417_/C1                              0.750000    1.084690   -0.334691 (VIOLATED)
_15428_/C1                              0.750000    1.084690   -0.334690 (VIOLATED)
_15536_/B1                              0.750000    1.084690   -0.334690 (VIOLATED)
_15407_/C1                              0.750000    1.084686   -0.334686 (VIOLATED)
_15157_/B1                              0.750000    1.084685   -0.334685 (VIOLATED)
_15172_/A1                              0.750000    1.084684   -0.334684 (VIOLATED)
_14372_/S0                              0.750000    1.084684   -0.334684 (VIOLATED)
_14782_/B1                              0.750000    1.084677   -0.334677 (VIOLATED)
fanout722/X                             0.750000    1.084677   -0.334677 (VIOLATED)
_10057_/B                               0.750000    1.084475   -0.334475 (VIOLATED)
_10071_/A2                              0.750000    1.084475   -0.334475 (VIOLATED)
_10321_/B                               0.750000    1.084475   -0.334475 (VIOLATED)
_10330_/B                               0.750000    1.084475   -0.334475 (VIOLATED)
_10610_/A3                              0.750000    1.084475   -0.334475 (VIOLATED)
_10717_/A                               0.750000    1.084475   -0.334475 (VIOLATED)
_10947_/B                               0.750000    1.084475   -0.334475 (VIOLATED)
_11253_/A2                              0.750000    1.084475   -0.334475 (VIOLATED)
_11260_/B                               0.750000    1.084475   -0.334475 (VIOLATED)
_11362_/B2                              0.750000    1.084475   -0.334475 (VIOLATED)
fanout525/X                             0.750000    1.084475   -0.334475 (VIOLATED)
_10508_/B1                              0.750000    1.084395   -0.334395 (VIOLATED)
_09730_/S0                              0.750000    1.084394   -0.334394 (VIOLATED)
_10496_/A1                              0.750000    1.084393   -0.334393 (VIOLATED)
_10500_/C1                              0.750000    1.084392   -0.334392 (VIOLATED)
_11020_/C1                              0.750000    1.084391   -0.334391 (VIOLATED)
_09751_/B1                              0.750000    1.084389   -0.334389 (VIOLATED)
_10426_/B1                              0.750000    1.084389   -0.334389 (VIOLATED)
_10882_/A1                              0.750000    1.084389   -0.334389 (VIOLATED)
_11033_/C1                              0.750000    1.084389   -0.334390 (VIOLATED)
_11195_/A1                              0.750000    1.084389   -0.334389 (VIOLATED)
fanout846/X                             0.750000    1.084389   -0.334389 (VIOLATED)
_09480_/A                               0.750000    1.084188   -0.334188 (VIOLATED)
_16056_/B1                              0.750000    1.084188   -0.334188 (VIOLATED)
_16383_/C1                              0.750000    1.084188   -0.334188 (VIOLATED)
_16392_/B1                              0.750000    1.084188   -0.334188 (VIOLATED)
_16416_/C                               0.750000    1.084188   -0.334188 (VIOLATED)
_16574_/B1                              0.750000    1.084188   -0.334188 (VIOLATED)
_16584_/A1                              0.750000    1.084188   -0.334188 (VIOLATED)
_16873_/A1                              0.750000    1.084188   -0.334188 (VIOLATED)
_16968_/A1                              0.750000    1.084188   -0.334188 (VIOLATED)
_17222_/S1                              0.750000    1.084188   -0.334188 (VIOLATED)
fanout1104/X                            0.750000    1.084188   -0.334188 (VIOLATED)
_14325_/C                               0.750000    1.084137   -0.334137 (VIOLATED)
_14327_/A                               0.750000    1.084137   -0.334137 (VIOLATED)
_14335_/B                               0.750000    1.084137   -0.334137 (VIOLATED)
_14337_/A1                              0.750000    1.084137   -0.334137 (VIOLATED)
_14774_/A3                              0.750000    1.084137   -0.334137 (VIOLATED)
_14778_/A3                              0.750000    1.084137   -0.334137 (VIOLATED)
_14954_/C                               0.750000    1.084137   -0.334137 (VIOLATED)
_15014_/A2                              0.750000    1.084137   -0.334137 (VIOLATED)
_15151_/A1                              0.750000    1.084137   -0.334137 (VIOLATED)
_15282_/A1                              0.750000    1.084137   -0.334137 (VIOLATED)
fanout454/X                             0.750000    1.084137   -0.334137 (VIOLATED)
_15105_/A                               0.750000    1.083083   -0.333083 (VIOLATED)
_15376_/B                               0.750000    1.083084   -0.333084 (VIOLATED)
_15180_/A_N                             0.750000    1.083082   -0.333082 (VIOLATED)
_15687_/B2                              0.750000    1.083080   -0.333080 (VIOLATED)
_14559_/B                               0.750000    1.083079   -0.333079 (VIOLATED)
_14896_/A3                              0.750000    1.083079   -0.333079 (VIOLATED)
_15197_/B1                              0.750000    1.083079   -0.333079 (VIOLATED)
_15377_/A1                              0.750000    1.083079   -0.333079 (VIOLATED)
_15439_/C1                              0.750000    1.083079   -0.333079 (VIOLATED)
_15694_/B1                              0.750000    1.083079   -0.333079 (VIOLATED)
fanout432/X                             0.750000    1.083079   -0.333079 (VIOLATED)
_16050_/A1                              0.750000    1.080838   -0.330838 (VIOLATED)
_16051_/A2                              0.750000    1.080838   -0.330838 (VIOLATED)
_16078_/A                               0.750000    1.080838   -0.330838 (VIOLATED)
_16080_/B                               0.750000    1.080838   -0.330838 (VIOLATED)
_16093_/B                               0.750000    1.080838   -0.330838 (VIOLATED)
_16408_/B                               0.750000    1.080838   -0.330838 (VIOLATED)
_16409_/B                               0.750000    1.080838   -0.330838 (VIOLATED)
_16553_/A2                              0.750000    1.080838   -0.330838 (VIOLATED)
_16730_/A1                              0.750000    1.080838   -0.330838 (VIOLATED)
_17097_/A1                              0.750000    1.080838   -0.330838 (VIOLATED)
fanout412/X                             0.750000    1.080838   -0.330838 (VIOLATED)
_14529_/A                               0.750000    1.077427   -0.327427 (VIOLATED)
_15126_/B1                              0.750000    1.077427   -0.327427 (VIOLATED)
_15136_/C1                              0.750000    1.077427   -0.327427 (VIOLATED)
_15205_/A1                              0.750000    1.077427   -0.327427 (VIOLATED)
_15372_/C1                              0.750000    1.077427   -0.327427 (VIOLATED)
_15389_/B1                              0.750000    1.077427   -0.327427 (VIOLATED)
_15397_/A1                              0.750000    1.077427   -0.327427 (VIOLATED)
_15463_/C1                              0.750000    1.077427   -0.327427 (VIOLATED)
_15707_/S1                              0.750000    1.077427   -0.327427 (VIOLATED)
fanout1774/A                            0.750000    1.077427   -0.327427 (VIOLATED)
fanout1775/X                            0.750000    1.077427   -0.327427 (VIOLATED)
_14085_/B1                              0.750000    1.072792   -0.322792 (VIOLATED)
_14104_/A1                              0.750000    1.072792   -0.322792 (VIOLATED)
_14088_/B2                              0.750000    1.072789   -0.322789 (VIOLATED)
_13869_/A1                              0.750000    1.072788   -0.322788 (VIOLATED)
_13871_/A1                              0.750000    1.072785   -0.322785 (VIOLATED)
_12894_/B1                              0.750000    1.072780   -0.322780 (VIOLATED)
_12895_/A1                              0.750000    1.072780   -0.322780 (VIOLATED)
_13466_/B1                              0.750000    1.072780   -0.322780 (VIOLATED)
_12920_/C1                              0.750000    1.072770   -0.322770 (VIOLATED)
_13662_/A                               0.750000    1.072770   -0.322770 (VIOLATED)
fanout741/X                             0.750000    1.072770   -0.322770 (VIOLATED)
ANTENNA_107/DIODE                       0.750000    1.072664   -0.322664 (VIOLATED)
_17577_/A1                              0.750000    1.072664   -0.322664 (VIOLATED)
_16122_/A                               0.750000    1.072649   -0.322649 (VIOLATED)
_16503_/B                               0.750000    1.072646   -0.322646 (VIOLATED)
_17170_/B                               0.750000    1.072646   -0.322646 (VIOLATED)
_16201_/C                               0.750000    1.072642   -0.322642 (VIOLATED)
_16791_/A2                              0.750000    1.072640   -0.322640 (VIOLATED)
_16778_/B1                              0.750000    1.072630   -0.322630 (VIOLATED)
_16178_/B                               0.750000    1.072628   -0.322628 (VIOLATED)
_16490_/A                               0.750000    1.072628   -0.322628 (VIOLATED)
_16992_/A                               0.750000    1.072628   -0.322628 (VIOLATED)
_17042_/B2                              0.750000    1.072628   -0.322628 (VIOLATED)
fanout397/X                             0.750000    1.072628   -0.322628 (VIOLATED)
_17576_/X                               0.750000    1.072576   -0.322576 (VIOLATED)
_16344_/C                               0.750000    1.071990   -0.321990 (VIOLATED)
_16290_/B                               0.750000    1.071989   -0.321989 (VIOLATED)
_16335_/A1                              0.750000    1.071989   -0.321989 (VIOLATED)
_16366_/B2                              0.750000    1.071989   -0.321989 (VIOLATED)
_16651_/B2                              0.750000    1.071989   -0.321989 (VIOLATED)
_16662_/A1                              0.750000    1.071989   -0.321989 (VIOLATED)
_16837_/A2                              0.750000    1.071989   -0.321989 (VIOLATED)
_16840_/B1                              0.750000    1.071989   -0.321989 (VIOLATED)
_16935_/A2                              0.750000    1.071989   -0.321989 (VIOLATED)
_17246_/A                               0.750000    1.071989   -0.321989 (VIOLATED)
fanout382/X                             0.750000    1.071989   -0.321989 (VIOLATED)
fanout618/A                             0.750000    1.071505   -0.321505 (VIOLATED)
ANTENNA_37/DIODE                        0.750000    1.071505   -0.321505 (VIOLATED)
fanout606/A                             0.750000    1.071470   -0.321470 (VIOLATED)
_09419_/A                               0.750000    1.071452   -0.321453 (VIOLATED)
_12690_/A                               0.750000    1.071452   -0.321453 (VIOLATED)
_12704_/A                               0.750000    1.071452   -0.321453 (VIOLATED)
_12706_/A_N                             0.750000    1.071452   -0.321453 (VIOLATED)
_12716_/A                               0.750000    1.071452   -0.321453 (VIOLATED)
_12717_/A                               0.750000    1.071452   -0.321453 (VIOLATED)
_12787_/C                               0.750000    1.071452   -0.321453 (VIOLATED)
_13218_/B2                              0.750000    1.071452   -0.321453 (VIOLATED)
_13541_/A1                              0.750000    1.071452   -0.321453 (VIOLATED)
_13792_/B2                              0.750000    1.071452   -0.321453 (VIOLATED)
fanout1471/X                            0.750000    1.071452   -0.321453 (VIOLATED)
fanout608/A                             0.750000    1.071295   -0.321296 (VIOLATED)
fanout602/A                             0.750000    1.071251   -0.321251 (VIOLATED)
_09499_/X                               0.750000    1.071248   -0.321248 (VIOLATED)
_16149_/A                               0.750000    1.070522   -0.320523 (VIOLATED)
_16187_/C1                              0.750000    1.070522   -0.320523 (VIOLATED)
_16204_/A1                              0.750000    1.070522   -0.320523 (VIOLATED)
_16510_/A1                              0.750000    1.070522   -0.320523 (VIOLATED)
_16703_/B1                              0.750000    1.070522   -0.320523 (VIOLATED)
_16809_/B1                              0.750000    1.070522   -0.320523 (VIOLATED)
_16810_/A1                              0.750000    1.070522   -0.320523 (VIOLATED)
_16996_/C1                              0.750000    1.070522   -0.320523 (VIOLATED)
fanout1580/A                            0.750000    1.070522   -0.320523 (VIOLATED)
fanout1581/A                            0.750000    1.070522   -0.320523 (VIOLATED)
fanout1582/X                            0.750000    1.070522   -0.320523 (VIOLATED)
_11750_/A                               0.750000    1.069174   -0.319174 (VIOLATED)
_12031_/A1                              0.750000    1.069174   -0.319174 (VIOLATED)
_12041_/A1                              0.750000    1.069174   -0.319174 (VIOLATED)
_12044_/B1                              0.750000    1.069174   -0.319174 (VIOLATED)
fanout1017/A                            0.750000    1.069174   -0.319174 (VIOLATED)
fanout1018/A                            0.750000    1.069174   -0.319174 (VIOLATED)
fanout1019/A                            0.750000    1.069174   -0.319174 (VIOLATED)
fanout1020/X                            0.750000    1.069174   -0.319174 (VIOLATED)
_09440_/A                               0.750000    1.069153   -0.319153 (VIOLATED)
_14289_/B1                              0.750000    1.069153   -0.319153 (VIOLATED)
_14366_/A1                              0.750000    1.069153   -0.319153 (VIOLATED)
_14796_/B1                              0.750000    1.069153   -0.319153 (VIOLATED)
_14979_/B2                              0.750000    1.069153   -0.319153 (VIOLATED)
_14985_/B1                              0.750000    1.069153   -0.319153 (VIOLATED)
_14995_/A1                              0.750000    1.069153   -0.319153 (VIOLATED)
_15010_/A1                              0.750000    1.069153   -0.319153 (VIOLATED)
_15301_/S0                              0.750000    1.069153   -0.319153 (VIOLATED)
_15547_/B1                              0.750000    1.069153   -0.319153 (VIOLATED)
fanout1252/X                            0.750000    1.069153   -0.319153 (VIOLATED)
_11878_/A2                              0.750000    1.068797   -0.318797 (VIOLATED)
_11866_/B2                              0.750000    1.068796   -0.318796 (VIOLATED)
_11884_/A                               0.750000    1.068796   -0.318796 (VIOLATED)
_12014_/A1                              0.750000    1.068796   -0.318796 (VIOLATED)
_12016_/A                               0.750000    1.068795   -0.318795 (VIOLATED)
_11941_/B                               0.750000    1.068792   -0.318792 (VIOLATED)
_11942_/A1                              0.750000    1.068791   -0.318791 (VIOLATED)
_12027_/A                               0.750000    1.068788   -0.318788 (VIOLATED)
_11848_/A                               0.750000    1.068787   -0.318787 (VIOLATED)
fanout783/A                             0.750000    1.068779   -0.318779 (VIOLATED)
fanout784/X                             0.750000    1.068779   -0.318779 (VIOLATED)
_14605_/A2                              0.750000    1.066632   -0.316632 (VIOLATED)
_14616_/A_N                             0.750000    1.066632   -0.316632 (VIOLATED)
_14622_/B                               0.750000    1.066632   -0.316632 (VIOLATED)
_14630_/B                               0.750000    1.066632   -0.316632 (VIOLATED)
_14633_/B                               0.750000    1.066632   -0.316632 (VIOLATED)
_14634_/B                               0.750000    1.066632   -0.316632 (VIOLATED)
_14643_/B                               0.750000    1.066632   -0.316632 (VIOLATED)
_14644_/A_N                             0.750000    1.066632   -0.316632 (VIOLATED)
_15073_/A1                              0.750000    1.066632   -0.316632 (VIOLATED)
_15466_/A                               0.750000    1.066632   -0.316632 (VIOLATED)
fanout1569/X                            0.750000    1.066632   -0.316632 (VIOLATED)
_15198_/C1                              0.750000    1.065480   -0.315480 (VIOLATED)
_14889_/C1                              0.750000    1.065479   -0.315479 (VIOLATED)
_15203_/A1                              0.750000    1.065479   -0.315479 (VIOLATED)
_15125_/B1                              0.750000    1.065478   -0.315478 (VIOLATED)
_15130_/B1                              0.750000    1.065478   -0.315478 (VIOLATED)
_15195_/A1                              0.750000    1.065478   -0.315478 (VIOLATED)
_15399_/S1                              0.750000    1.065475   -0.315475 (VIOLATED)
_15109_/B1                              0.750000    1.065468   -0.315468 (VIOLATED)
fanout694/A                             0.750000    1.065467   -0.315467 (VIOLATED)
fanout695/A                             0.750000    1.065467   -0.315467 (VIOLATED)
fanout696/X                             0.750000    1.065467   -0.315467 (VIOLATED)
_10786_/A1                              0.750000    1.063027   -0.313027 (VIOLATED)
_09873_/A1                              0.750000    1.063026   -0.313026 (VIOLATED)
_10789_/C1                              0.750000    1.063025   -0.313025 (VIOLATED)
_09820_/C1                              0.750000    1.063024   -0.313024 (VIOLATED)
_09848_/B1                              0.750000    1.063024   -0.313024 (VIOLATED)
_09856_/A                               0.750000    1.063024   -0.313024 (VIOLATED)
_10578_/B1                              0.750000    1.063024   -0.313024 (VIOLATED)
_10579_/A1                              0.750000    1.063024   -0.313024 (VIOLATED)
_11067_/A1                              0.750000    1.063024   -0.313024 (VIOLATED)
_11341_/B1                              0.750000    1.063024   -0.313024 (VIOLATED)
fanout1158/X                            0.750000    1.063024   -0.313024 (VIOLATED)
_10571_/A2                              0.750000    1.062168   -0.312168 (VIOLATED)
fanout1203/A                            0.750000    1.062163   -0.312163 (VIOLATED)
_09801_/A                               0.750000    1.062146   -0.312146 (VIOLATED)
_09826_/A_N                             0.750000    1.062144   -0.312144 (VIOLATED)
fanout1201/A                            0.750000    1.062143   -0.312143 (VIOLATED)
_09838_/A2                              0.750000    1.062142   -0.312142 (VIOLATED)
_09742_/B                               0.750000    1.062021   -0.312021 (VIOLATED)
_10411_/A1                              0.750000    1.062020   -0.312020 (VIOLATED)
_09752_/A2                              0.750000    1.062018   -0.312018 (VIOLATED)
_10871_/A                               0.750000    1.062016   -0.312017 (VIOLATED)
_09632_/B                               0.750000    1.062012   -0.312012 (VIOLATED)
_09634_/A2                              0.750000    1.062009   -0.312009 (VIOLATED)
_09633_/B                               0.750000    1.062008   -0.312008 (VIOLATED)
_09700_/A2                              0.750000    1.062008   -0.312008 (VIOLATED)
_09714_/A3                              0.750000    1.062008   -0.312008 (VIOLATED)
_10707_/A1                              0.750000    1.062008   -0.312008 (VIOLATED)
fanout557/X                             0.750000    1.062008   -0.312008 (VIOLATED)
_17826_/A0                              0.750000    1.061838   -0.311838 (VIOLATED)
fanout1204/X                            0.750000    1.061838   -0.311838 (VIOLATED)
_11461_/A1_N                            0.750000    1.061097   -0.311097 (VIOLATED)
_11494_/A3                              0.750000    1.061097   -0.311097 (VIOLATED)
_11538_/B                               0.750000    1.061097   -0.311097 (VIOLATED)
_11539_/A2                              0.750000    1.061097   -0.311097 (VIOLATED)
_11562_/B                               0.750000    1.061097   -0.311097 (VIOLATED)
_11564_/A3                              0.750000    1.061097   -0.311097 (VIOLATED)
_11569_/C_N                             0.750000    1.061097   -0.311097 (VIOLATED)
_11605_/A1                              0.750000    1.061097   -0.311097 (VIOLATED)
_11657_/A1                              0.750000    1.061097   -0.311097 (VIOLATED)
_11754_/A3                              0.750000    1.061097   -0.311097 (VIOLATED)
fanout508/X                             0.750000    1.061097   -0.311097 (VIOLATED)
_11991_/A1                              0.750000    1.057577   -0.307577 (VIOLATED)
_12081_/B                               0.750000    1.057576   -0.307576 (VIOLATED)
_12082_/C                               0.750000    1.057576   -0.307576 (VIOLATED)
_12071_/A2                              0.750000    1.057575   -0.307575 (VIOLATED)
_12074_/A2                              0.750000    1.057572   -0.307572 (VIOLATED)
_11967_/A1                              0.750000    1.057571   -0.307571 (VIOLATED)
_11985_/A                               0.750000    1.057571   -0.307571 (VIOLATED)
_12047_/A2                              0.750000    1.057571   -0.307571 (VIOLATED)
_12113_/A1                              0.750000    1.057571   -0.307571 (VIOLATED)
_12130_/A2                              0.750000    1.057571   -0.307571 (VIOLATED)
fanout337/X                             0.750000    1.057571   -0.307571 (VIOLATED)
_15432_/A1                              0.750000    1.057126   -0.307126 (VIOLATED)
_15532_/B1                              0.750000    1.057126   -0.307126 (VIOLATED)
_15540_/A                               0.750000    1.057125   -0.307125 (VIOLATED)
_15556_/C1                              0.750000    1.057125   -0.307125 (VIOLATED)
_14330_/B1                              0.750000    1.057124   -0.307125 (VIOLATED)
_14371_/A1                              0.750000    1.057125   -0.307125 (VIOLATED)
_14959_/B1                              0.750000    1.057119   -0.307119 (VIOLATED)
_14817_/A1                              0.750000    1.057116   -0.307116 (VIOLATED)
_14988_/A1                              0.750000    1.057116   -0.307116 (VIOLATED)
_14994_/C1                              0.750000    1.057116   -0.307116 (VIOLATED)
fanout724/X                             0.750000    1.057116   -0.307116 (VIOLATED)
_10460_/A                               0.750000    1.056776   -0.306776 (VIOLATED)
_10473_/B1                              0.750000    1.056776   -0.306776 (VIOLATED)
_10477_/A1                              0.750000    1.056776   -0.306776 (VIOLATED)
_10676_/C1                              0.750000    1.056776   -0.306776 (VIOLATED)
_10988_/A                               0.750000    1.056776   -0.306776 (VIOLATED)
_10995_/B1                              0.750000    1.056776   -0.306776 (VIOLATED)
_11000_/A1                              0.750000    1.056776   -0.306776 (VIOLATED)
_11157_/B1                              0.750000    1.056776   -0.306776 (VIOLATED)
_11160_/A1                              0.750000    1.056776   -0.306776 (VIOLATED)
fanout904/A                             0.750000    1.056776   -0.306776 (VIOLATED)
fanout905/X                             0.750000    1.056776   -0.306776 (VIOLATED)
_17226_/C1                              0.750000    1.056053   -0.306053 (VIOLATED)
_17112_/C1                              0.750000    1.056052   -0.306052 (VIOLATED)
_17122_/B1                              0.750000    1.056052   -0.306052 (VIOLATED)
_17230_/B1                              0.750000    1.056053   -0.306053 (VIOLATED)
_16841_/C1                              0.750000    1.056051   -0.306051 (VIOLATED)
_17243_/C1                              0.750000    1.056051   -0.306051 (VIOLATED)
_16313_/B                               0.750000    1.056050   -0.306050 (VIOLATED)
_16517_/C1                              0.750000    1.056049   -0.306049 (VIOLATED)
_17237_/C1                              0.750000    1.056048   -0.306048 (VIOLATED)
_16345_/C1                              0.750000    1.056044   -0.306044 (VIOLATED)
fanout665/X                             0.750000    1.056044   -0.306044 (VIOLATED)
_13297_/B                               0.750000    1.054688   -0.304688 (VIOLATED)
_13470_/B                               0.750000    1.054688   -0.304688 (VIOLATED)
_13471_/A3                              0.750000    1.054688   -0.304688 (VIOLATED)
_13482_/B1                              0.750000    1.054688   -0.304688 (VIOLATED)
_13633_/A2                              0.750000    1.054688   -0.304688 (VIOLATED)
_13647_/A2                              0.750000    1.054688   -0.304688 (VIOLATED)
_13708_/B                               0.750000    1.054688   -0.304688 (VIOLATED)
_13714_/A2                              0.750000    1.054688   -0.304688 (VIOLATED)
_14089_/A3                              0.750000    1.054688   -0.304688 (VIOLATED)
_14095_/A2                              0.750000    1.054688   -0.304688 (VIOLATED)
fanout475/X                             0.750000    1.054688   -0.304688 (VIOLATED)
ANTENNA_163/DIODE                       0.750000    1.054356   -0.304356 (VIOLATED)
_17736_/B1                              0.750000    1.054356   -0.304356 (VIOLATED)
_17735_/X                               0.750000    1.054234   -0.304234 (VIOLATED)
ANTENNA_109/DIODE                       0.750000    1.052994   -0.302994 (VIOLATED)
ANTENNA_111/DIODE                       0.750000    1.052994   -0.302994 (VIOLATED)
ANTENNA_113/DIODE                       0.750000    1.052994   -0.302994 (VIOLATED)
ANTENNA_115/DIODE                       0.750000    1.052994   -0.302994 (VIOLATED)
ANTENNA_117/DIODE                       0.750000    1.052994   -0.302994 (VIOLATED)
_17580_/A1                              0.750000    1.052994   -0.302994 (VIOLATED)
ANTENNA_108/DIODE                       0.750000    1.052994   -0.302994 (VIOLATED)
ANTENNA_110/DIODE                       0.750000    1.052994   -0.302994 (VIOLATED)
ANTENNA_112/DIODE                       0.750000    1.052994   -0.302994 (VIOLATED)
ANTENNA_114/DIODE                       0.750000    1.052993   -0.302993 (VIOLATED)
ANTENNA_116/DIODE                       0.750000    1.052993   -0.302993 (VIOLATED)
_17579_/X                               0.750000    1.052981   -0.302981 (VIOLATED)
_09461_/A                               0.750000    1.051056   -0.301056 (VIOLATED)
_14596_/B1                              0.750000    1.051056   -0.301056 (VIOLATED)
_14598_/C1                              0.750000    1.051056   -0.301056 (VIOLATED)
_14898_/A                               0.750000    1.051056   -0.301056 (VIOLATED)
_14899_/A1                              0.750000    1.051056   -0.301056 (VIOLATED)
_14900_/A                               0.750000    1.051056   -0.301056 (VIOLATED)
_15200_/B1                              0.750000    1.051056   -0.301056 (VIOLATED)
_15447_/C1                              0.750000    1.051056   -0.301056 (VIOLATED)
_15463_/A1                              0.750000    1.051056   -0.301056 (VIOLATED)
_15629_/B1                              0.750000    1.051056   -0.301056 (VIOLATED)
fanout1777/X                            0.750000    1.051056   -0.301056 (VIOLATED)
_17506_/A1                              0.750000    1.050759   -0.300759 (VIOLATED)
_19068_/RESET_B                         0.750000    1.050698   -0.300698 (VIOLATED)
fanout1936/A                            0.750000    1.050692   -0.300692 (VIOLATED)
fanout1932/A                            0.750000    1.050677   -0.300677 (VIOLATED)
fanout1943/A                            0.750000    1.050661   -0.300661 (VIOLATED)
fanout1929/A                            0.750000    1.050652   -0.300652 (VIOLATED)
fanout1944/X                            0.750000    1.050652   -0.300652 (VIOLATED)
_17505_/X                               0.750000    1.050591   -0.300591 (VIOLATED)
_13443_/B1                              0.750000    1.049861   -0.299861 (VIOLATED)
_13839_/B1                              0.750000    1.049861   -0.299861 (VIOLATED)
_13697_/B1                              0.750000    1.049857   -0.299857 (VIOLATED)
_13698_/B1                              0.750000    1.049857   -0.299857 (VIOLATED)
_09427_/A                               0.750000    1.049854   -0.299854 (VIOLATED)
_13154_/B1                              0.750000    1.049854   -0.299854 (VIOLATED)
_13158_/A1                              0.750000    1.049854   -0.299854 (VIOLATED)
_13294_/A                               0.750000    1.049854   -0.299854 (VIOLATED)
_13295_/A1                              0.750000    1.049854   -0.299854 (VIOLATED)
_13627_/S0                              0.750000    1.049854   -0.299854 (VIOLATED)
fanout1488/X                            0.750000    1.049854   -0.299854 (VIOLATED)
fanout1403/A                            0.750000    1.046926   -0.296926 (VIOLATED)
_10638_/S0                              0.750000    1.046923   -0.296923 (VIOLATED)
_10143_/A1                              0.750000    1.046920   -0.296920 (VIOLATED)
_10319_/A1                              0.750000    1.046916   -0.296916 (VIOLATED)
_10335_/A1                              0.750000    1.046914   -0.296914 (VIOLATED)
_10337_/A1                              0.750000    1.046914   -0.296914 (VIOLATED)
_10722_/A1                              0.750000    1.046914   -0.296914 (VIOLATED)
_10744_/S0                              0.750000    1.046914   -0.296914 (VIOLATED)
_10968_/B2                              0.750000    1.046914   -0.296914 (VIOLATED)
_11372_/C1                              0.750000    1.046914   -0.296914 (VIOLATED)
fanout1404/X                            0.750000    1.046914   -0.296914 (VIOLATED)
_11022_/A2                              0.750000    1.046204   -0.296204 (VIOLATED)
_09760_/B2                              0.750000    1.046204   -0.296204 (VIOLATED)
_09704_/B1                              0.750000    1.046203   -0.296203 (VIOLATED)
_11027_/A2                              0.750000    1.046203   -0.296203 (VIOLATED)
_09759_/A                               0.750000    1.046201   -0.296201 (VIOLATED)
_09680_/A                               0.750000    1.046200   -0.296200 (VIOLATED)
_09688_/B                               0.750000    1.046200   -0.296200 (VIOLATED)
_10397_/A3                              0.750000    1.046200   -0.296200 (VIOLATED)
_10422_/B1                              0.750000    1.046200   -0.296200 (VIOLATED)
_10689_/A1                              0.750000    1.046200   -0.296200 (VIOLATED)
fanout551/X                             0.750000    1.046200   -0.296200 (VIOLATED)
fanout219/A                             0.750000    1.045519   -0.295520 (VIOLATED)
fanout215/A                             0.750000    1.045518   -0.295518 (VIOLATED)
_18261_/A2                              0.750000    1.045511   -0.295511 (VIOLATED)
fanout207/A                             0.750000    1.045511   -0.295511 (VIOLATED)
fanout212/A                             0.750000    1.045511   -0.295511 (VIOLATED)
fanout220/X                             0.750000    1.045511   -0.295511 (VIOLATED)
_12824_/C1                              0.750000    1.043803   -0.293803 (VIOLATED)
_12817_/C1                              0.750000    1.043803   -0.293803 (VIOLATED)
_12827_/B1                              0.750000    1.043803   -0.293803 (VIOLATED)
_12832_/B1                              0.750000    1.043803   -0.293803 (VIOLATED)
_13551_/A1                              0.750000    1.043800   -0.293800 (VIOLATED)
_13558_/B2                              0.750000    1.043798   -0.293798 (VIOLATED)
_12755_/B1                              0.750000    1.043794   -0.293794 (VIOLATED)
_13246_/B1                              0.750000    1.043794   -0.293794 (VIOLATED)
_13933_/B1                              0.750000    1.043795   -0.293795 (VIOLATED)
_13947_/A1                              0.750000    1.043795   -0.293795 (VIOLATED)
fanout759/X                             0.750000    1.043794   -0.293794 (VIOLATED)
_09453_/A                               0.750000    1.043791   -0.293791 (VIOLATED)
_14677_/C1                              0.750000    1.043791   -0.293791 (VIOLATED)
_14714_/B1                              0.750000    1.043791   -0.293791 (VIOLATED)
_15220_/B1                              0.750000    1.043791   -0.293791 (VIOLATED)
_15221_/A1                              0.750000    1.043791   -0.293791 (VIOLATED)
_15230_/C1                              0.750000    1.043791   -0.293791 (VIOLATED)
_15363_/A1                              0.750000    1.043791   -0.293791 (VIOLATED)
_15479_/A1                              0.750000    1.043791   -0.293791 (VIOLATED)
_15487_/B1                              0.750000    1.043791   -0.293791 (VIOLATED)
_15614_/B1                              0.750000    1.043791   -0.293791 (VIOLATED)
fanout1533/X                            0.750000    1.043791   -0.293791 (VIOLATED)
_09760_/B1                              0.750000    1.043221   -0.293221 (VIOLATED)
_10418_/C1                              0.750000    1.043220   -0.293220 (VIOLATED)
_10410_/B                               0.750000    1.043219   -0.293219 (VIOLATED)
_09668_/A2                              0.750000    1.043218   -0.293218 (VIOLATED)
_09703_/A2                              0.750000    1.043218   -0.293218 (VIOLATED)
_09759_/B                               0.750000    1.043218   -0.293218 (VIOLATED)
_10514_/B1                              0.750000    1.043218   -0.293218 (VIOLATED)
_10517_/B1                              0.750000    1.043218   -0.293218 (VIOLATED)
_10699_/B                               0.750000    1.043218   -0.293218 (VIOLATED)
_10858_/D                               0.750000    1.043218   -0.293218 (VIOLATED)
fanout548/X                             0.750000    1.043218   -0.293218 (VIOLATED)
_10001_/A1                              0.750000    1.043151   -0.293151 (VIOLATED)
_11078_/C1                              0.750000    1.043151   -0.293151 (VIOLATED)
_11079_/C1                              0.750000    1.043151   -0.293151 (VIOLATED)
_11076_/C1                              0.750000    1.043150   -0.293150 (VIOLATED)
_10929_/B1                              0.750000    1.043148   -0.293148 (VIOLATED)
_10550_/B1                              0.750000    1.043142   -0.293142 (VIOLATED)
_09940_/B1                              0.750000    1.043141   -0.293141 (VIOLATED)
_09985_/B1                              0.750000    1.043141   -0.293141 (VIOLATED)
_10011_/S1                              0.750000    1.043141   -0.293141 (VIOLATED)
_10779_/A1                              0.750000    1.043141   -0.293141 (VIOLATED)
fanout836/X                             0.750000    1.043141   -0.293141 (VIOLATED)
_09399_/A                               0.750000    1.042991   -0.292991 (VIOLATED)
_11525_/A1                              0.750000    1.042991   -0.292991 (VIOLATED)
_11626_/C1                              0.750000    1.042991   -0.292991 (VIOLATED)
_11646_/C1                              0.750000    1.042991   -0.292991 (VIOLATED)
_11665_/C1                              0.750000    1.042991   -0.292991 (VIOLATED)
_11758_/A1                              0.750000    1.042991   -0.292991 (VIOLATED)
_11761_/B1                              0.750000    1.042991   -0.292991 (VIOLATED)
_11811_/S0                              0.750000    1.042991   -0.292991 (VIOLATED)
fanout1061/A                            0.750000    1.042991   -0.292991 (VIOLATED)
fanout1062/A                            0.750000    1.042991   -0.292991 (VIOLATED)
fanout1063/X                            0.750000    1.042991   -0.292991 (VIOLATED)
_12374_/A1                              0.750000    1.042892   -0.292892 (VIOLATED)
_12400_/B1                              0.750000    1.042892   -0.292892 (VIOLATED)
_12412_/C1                              0.750000    1.042892   -0.292892 (VIOLATED)
_12424_/A1                              0.750000    1.042892   -0.292892 (VIOLATED)
_12436_/A1                              0.750000    1.042892   -0.292892 (VIOLATED)
_12465_/B1                              0.750000    1.042892   -0.292892 (VIOLATED)
_12509_/C1                              0.750000    1.042892   -0.292892 (VIOLATED)
_12525_/C1                              0.750000    1.042892   -0.292892 (VIOLATED)
_12568_/C1                              0.750000    1.042892   -0.292892 (VIOLATED)
_12680_/S0                              0.750000    1.042892   -0.292892 (VIOLATED)
fanout765/X                             0.750000    1.042892   -0.292892 (VIOLATED)
_14385_/B                               0.750000    1.041444   -0.291444 (VIOLATED)
_14394_/B                               0.750000    1.041444   -0.291444 (VIOLATED)
_14398_/B2                              0.750000    1.041444   -0.291444 (VIOLATED)
_14405_/B                               0.750000    1.041444   -0.291444 (VIOLATED)
_14406_/A                               0.750000    1.041444   -0.291444 (VIOLATED)
_14415_/C_N                             0.750000    1.041444   -0.291444 (VIOLATED)
_14417_/B                               0.750000    1.041444   -0.291444 (VIOLATED)
_14465_/A_N                             0.750000    1.041444   -0.291444 (VIOLATED)
_14741_/A                               0.750000    1.041444   -0.291444 (VIOLATED)
fanout1349/A                            0.750000    1.041444   -0.291444 (VIOLATED)
fanout1350/X                            0.750000    1.041444   -0.291444 (VIOLATED)
_16029_/A2                              0.750000    1.041264   -0.291264 (VIOLATED)
_16030_/B                               0.750000    1.041264   -0.291264 (VIOLATED)
_16096_/A1                              0.750000    1.041264   -0.291264 (VIOLATED)
_16404_/B                               0.750000    1.041264   -0.291264 (VIOLATED)
_16411_/A1                              0.750000    1.041264   -0.291264 (VIOLATED)
_16561_/A1                              0.750000    1.041264   -0.291264 (VIOLATED)
_16709_/A1                              0.750000    1.041264   -0.291264 (VIOLATED)
_16718_/B                               0.750000    1.041264   -0.291264 (VIOLATED)
_16942_/A1                              0.750000    1.041264   -0.291264 (VIOLATED)
_17217_/A1                              0.750000    1.041264   -0.291264 (VIOLATED)
fanout411/X                             0.750000    1.041264   -0.291264 (VIOLATED)
_16679_/A                               0.750000    1.040691   -0.290691 (VIOLATED)
_16491_/C1                              0.750000    1.040690   -0.290690 (VIOLATED)
_16487_/C1                              0.750000    1.040689   -0.290689 (VIOLATED)
_16204_/B1                              0.750000    1.040686   -0.290686 (VIOLATED)
_16794_/B1                              0.750000    1.040684   -0.290684 (VIOLATED)
_16997_/A                               0.750000    1.040677   -0.290677 (VIOLATED)
_16796_/C1                              0.750000    1.040675   -0.290675 (VIOLATED)
_16977_/A1                              0.750000    1.040672   -0.290672 (VIOLATED)
_17312_/C1                              0.750000    1.040666   -0.290666 (VIOLATED)
fanout655/A                             0.750000    1.040666   -0.290666 (VIOLATED)
fanout656/X                             0.750000    1.040666   -0.290666 (VIOLATED)
_09376_/A                               0.750000    1.037279   -0.287279 (VIOLATED)
_09936_/C1                              0.750000    1.037279   -0.287279 (VIOLATED)
_09957_/C1                              0.750000    1.037279   -0.287279 (VIOLATED)
_09966_/C1                              0.750000    1.037279   -0.287279 (VIOLATED)
_10267_/C1                              0.750000    1.037279   -0.287279 (VIOLATED)
_10277_/B1                              0.750000    1.037279   -0.287279 (VIOLATED)
_10287_/B1                              0.750000    1.037279   -0.287279 (VIOLATED)
_10555_/C1                              0.750000    1.037279   -0.287279 (VIOLATED)
_10775_/C1                              0.750000    1.037279   -0.287279 (VIOLATED)
_11248_/A1                              0.750000    1.037279   -0.287279 (VIOLATED)
fanout1679/X                            0.750000    1.037279   -0.287279 (VIOLATED)
_13297_/A                               0.750000    1.033363   -0.283363 (VIOLATED)
_12888_/B                               0.750000    1.033363   -0.283363 (VIOLATED)
_12887_/A1                              0.750000    1.033362   -0.283362 (VIOLATED)
fanout1769/A                            0.750000    1.033361   -0.283361 (VIOLATED)
_12922_/A                               0.750000    1.033357   -0.283357 (VIOLATED)
_13467_/B2                              0.750000    1.033356   -0.283356 (VIOLATED)
_12933_/A                               0.750000    1.033356   -0.283356 (VIOLATED)
_13478_/A1                              0.750000    1.033354   -0.283354 (VIOLATED)
_12886_/A                               0.750000    1.033348   -0.283348 (VIOLATED)
_13860_/A2                              0.750000    1.033348   -0.283348 (VIOLATED)
fanout1770/X                            0.750000    1.033348   -0.283348 (VIOLATED)
_12879_/A                               0.750000    1.032224   -0.282224 (VIOLATED)
_13476_/A                               0.750000    1.032224   -0.282224 (VIOLATED)
_13868_/A1_N                            0.750000    1.032224   -0.282224 (VIOLATED)
_12880_/B                               0.750000    1.032223   -0.282223 (VIOLATED)
_13707_/A3                              0.750000    1.032222   -0.282222 (VIOLATED)
_13722_/A1                              0.750000    1.032220   -0.282220 (VIOLATED)
_13641_/B1                              0.750000    1.032219   -0.282219 (VIOLATED)
_13467_/A1_N                            0.750000    1.032213   -0.282213 (VIOLATED)
_12867_/A2                              0.750000    1.032208   -0.282208 (VIOLATED)
_12946_/B                               0.750000    1.032206   -0.282206 (VIOLATED)
fanout479/X                             0.750000    1.032206   -0.282206 (VIOLATED)
_09364_/A                               0.750000    1.031323   -0.281323 (VIOLATED)
_09655_/B1                              0.750000    1.031323   -0.281323 (VIOLATED)
_09683_/B1                              0.750000    1.031323   -0.281323 (VIOLATED)
_09740_/C1                              0.750000    1.031323   -0.281323 (VIOLATED)
_09772_/C1                              0.750000    1.031323   -0.281323 (VIOLATED)
_10426_/A1                              0.750000    1.031323   -0.281323 (VIOLATED)
_10882_/B1                              0.750000    1.031323   -0.281323 (VIOLATED)
_10883_/B1                              0.750000    1.031323   -0.281323 (VIOLATED)
_11039_/A1                              0.750000    1.031323   -0.281323 (VIOLATED)
_11195_/B1                              0.750000    1.031323   -0.281323 (VIOLATED)
fanout1626/X                            0.750000    1.031323   -0.281323 (VIOLATED)
_17248_/B2                              0.750000    1.031254   -0.281254 (VIOLATED)
_16631_/C                               0.750000    1.031254   -0.281254 (VIOLATED)
_16299_/B                               0.750000    1.031253   -0.281253 (VIOLATED)
_16922_/B                               0.750000    1.031252   -0.281252 (VIOLATED)
_17228_/A1                              0.750000    1.031252   -0.281252 (VIOLATED)
_16267_/C                               0.750000    1.031251   -0.281251 (VIOLATED)
_16340_/A2                              0.750000    1.031251   -0.281251 (VIOLATED)
_16355_/B                               0.750000    1.031251   -0.281251 (VIOLATED)
_16824_/C                               0.750000    1.031251   -0.281251 (VIOLATED)
_16841_/A1                              0.750000    1.031251   -0.281251 (VIOLATED)
fanout387/X                             0.750000    1.031251   -0.281251 (VIOLATED)
_11103_/A1                              0.750000    1.030452   -0.280452 (VIOLATED)
_11112_/A1                              0.750000    1.030451   -0.280451 (VIOLATED)
_11111_/A                               0.750000    1.030450   -0.280450 (VIOLATED)
_11369_/C1                              0.750000    1.030449   -0.280449 (VIOLATED)
_10620_/A1                              0.750000    1.030449   -0.280449 (VIOLATED)
_10721_/A1                              0.750000    1.030449   -0.280449 (VIOLATED)
_10736_/B1                              0.750000    1.030449   -0.280449 (VIOLATED)
_11126_/A1                              0.750000    1.030449   -0.280449 (VIOLATED)
fanout810/A                             0.750000    1.030449   -0.280449 (VIOLATED)
fanout811/A                             0.750000    1.030449   -0.280449 (VIOLATED)
fanout812/X                             0.750000    1.030449   -0.280449 (VIOLATED)
_14805_/A1                              0.750000    1.029917   -0.279917 (VIOLATED)
_14987_/B2                              0.750000    1.029917   -0.279917 (VIOLATED)
_14328_/B                               0.750000    1.029917   -0.279917 (VIOLATED)
_14329_/C                               0.750000    1.029915   -0.279915 (VIOLATED)
_14794_/B                               0.750000    1.029916   -0.279916 (VIOLATED)
_14945_/A1                              0.750000    1.029915   -0.279915 (VIOLATED)
_14972_/A                               0.750000    1.029915   -0.279915 (VIOLATED)
_14974_/B                               0.750000    1.029915   -0.279915 (VIOLATED)
_15411_/B                               0.750000    1.029915   -0.279915 (VIOLATED)
_15426_/D                               0.750000    1.029915   -0.279915 (VIOLATED)
fanout457/X                             0.750000    1.029915   -0.279915 (VIOLATED)
_14761_/B1                              0.750000    1.029265   -0.279265 (VIOLATED)
_14764_/A1                              0.750000    1.029265   -0.279265 (VIOLATED)
_14905_/B1                              0.750000    1.029265   -0.279265 (VIOLATED)
_14910_/A1                              0.750000    1.029265   -0.279265 (VIOLATED)
_14913_/B1                              0.750000    1.029265   -0.279265 (VIOLATED)
_14914_/A1                              0.750000    1.029265   -0.279265 (VIOLATED)
_14937_/A1                              0.750000    1.029265   -0.279265 (VIOLATED)
_15252_/S0                              0.750000    1.029265   -0.279265 (VIOLATED)
_15266_/B1                              0.750000    1.029265   -0.279265 (VIOLATED)
_15588_/S0                              0.750000    1.029265   -0.279265 (VIOLATED)
fanout1301/X                            0.750000    1.029265   -0.279265 (VIOLATED)
_10408_/A1                              0.750000    1.029022   -0.279022 (VIOLATED)
_09721_/B                               0.750000    1.029020   -0.279020 (VIOLATED)
_10691_/A2                              0.750000    1.029017   -0.279017 (VIOLATED)
_09764_/B2                              0.750000    1.029013   -0.279013 (VIOLATED)
_09692_/B                               0.750000    1.029012   -0.279012 (VIOLATED)
_09753_/A1                              0.750000    1.029010   -0.279010 (VIOLATED)
_11027_/B2                              0.750000    1.029010   -0.279010 (VIOLATED)
_10412_/A1                              0.750000    1.029009   -0.279009 (VIOLATED)
_09644_/B                               0.750000    1.028997   -0.278997 (VIOLATED)
_09653_/B                               0.750000    1.028997   -0.278997 (VIOLATED)
fanout553/X                             0.750000    1.028997   -0.278997 (VIOLATED)
_18697_/B1                              0.750000    1.028144   -0.278144 (VIOLATED)
_18679_/B1                              0.750000    1.028138   -0.278138 (VIOLATED)
fanout369/A                             0.750000    1.028127   -0.278127 (VIOLATED)
fanout368/A                             0.750000    1.028109   -0.278109 (VIOLATED)
fanout366/A                             0.750000    1.028072   -0.278072 (VIOLATED)
fanout370/X                             0.750000    1.028072   -0.278072 (VIOLATED)
_12040_/B2                              0.750000    1.027915   -0.277915 (VIOLATED)
_12029_/C1                              0.750000    1.027915   -0.277915 (VIOLATED)
_12030_/A1                              0.750000    1.027913   -0.277913 (VIOLATED)
_11917_/B                               0.750000    1.027913   -0.277913 (VIOLATED)
_11923_/D                               0.750000    1.027909   -0.277909 (VIOLATED)
_12106_/B2                              0.750000    1.027905   -0.277905 (VIOLATED)
_11898_/A3                              0.750000    1.027903   -0.277903 (VIOLATED)
_11983_/A2                              0.750000    1.027902   -0.277902 (VIOLATED)
_12035_/C                               0.750000    1.027902   -0.277902 (VIOLATED)
_12065_/A2                              0.750000    1.027902   -0.277902 (VIOLATED)
fanout498/X                             0.750000    1.027902   -0.277902 (VIOLATED)
_16060_/A1                              0.750000    1.027391   -0.277391 (VIOLATED)
_16377_/A                               0.750000    1.027391   -0.277391 (VIOLATED)
_16413_/A2                              0.750000    1.027391   -0.277391 (VIOLATED)
_16555_/A                               0.750000    1.027391   -0.277391 (VIOLATED)
_16560_/A2                              0.750000    1.027391   -0.277391 (VIOLATED)
_16576_/A3                              0.750000    1.027391   -0.277391 (VIOLATED)
_16577_/A1                              0.750000    1.027391   -0.277391 (VIOLATED)
_16865_/A2                              0.750000    1.027391   -0.277391 (VIOLATED)
_17212_/A1                              0.750000    1.027391   -0.277391 (VIOLATED)
_17217_/B2                              0.750000    1.027391   -0.277391 (VIOLATED)
fanout407/X                             0.750000    1.027391   -0.277391 (VIOLATED)
_11833_/B1                              0.750000    1.025720   -0.275720 (VIOLATED)
_11834_/A                               0.750000    1.025720   -0.275720 (VIOLATED)
_11792_/X                               0.750000    1.025576   -0.275576 (VIOLATED)
_15771_/B                               0.750000    1.025549   -0.275549 (VIOLATED)
_15770_/X                               0.750000    1.025467   -0.275467 (VIOLATED)
_12072_/B1                              0.750000    1.024703   -0.274703 (VIOLATED)
_12118_/B                               0.750000    1.024702   -0.274702 (VIOLATED)
_11898_/A4                              0.750000    1.024699   -0.274699 (VIOLATED)
_12187_/C                               0.750000    1.024651   -0.274651 (VIOLATED)
_11880_/Y                               0.750000    1.024644   -0.274644 (VIOLATED)
_12021_/B                               0.750000    1.024644   -0.274644 (VIOLATED)
_12085_/B                               0.750000    1.024644   -0.274644 (VIOLATED)
_10787_/A2                              0.750000    1.024221   -0.274221 (VIOLATED)
_09861_/A2                              0.750000    1.024220   -0.274220 (VIOLATED)
_11218_/B1                              0.750000    1.024220   -0.274220 (VIOLATED)
_10900_/B1                              0.750000    1.024217   -0.274217 (VIOLATED)
_11322_/A0                              0.750000    1.024214   -0.274214 (VIOLATED)
_10369_/B                               0.750000    1.024206   -0.274206 (VIOLATED)
fanout537/A                             0.750000    1.024206   -0.274206 (VIOLATED)
fanout538/X                             0.750000    1.024206   -0.274206 (VIOLATED)
_11821_/C                               0.750000    1.024001   -0.274001 (VIOLATED)
_11822_/A2                              0.750000    1.024000   -0.274000 (VIOLATED)
_11820_/X                               0.750000    1.023951   -0.273951 (VIOLATED)
_11428_/A3                              0.750000    1.021293   -0.271293 (VIOLATED)
_11504_/B                               0.750000    1.021293   -0.271293 (VIOLATED)
_11505_/A2                              0.750000    1.021293   -0.271293 (VIOLATED)
_11560_/B                               0.750000    1.021293   -0.271293 (VIOLATED)
_11567_/A2                              0.750000    1.021293   -0.271293 (VIOLATED)
_11652_/A2                              0.750000    1.021293   -0.271293 (VIOLATED)
_11679_/A1                              0.750000    1.021293   -0.271293 (VIOLATED)
_11719_/A2                              0.750000    1.021293   -0.271293 (VIOLATED)
_11760_/C                               0.750000    1.021293   -0.271293 (VIOLATED)
_11774_/A2                              0.750000    1.021293   -0.271293 (VIOLATED)
fanout511/X                             0.750000    1.021293   -0.271293 (VIOLATED)
_09735_/B                               0.750000    1.021196   -0.271196 (VIOLATED)
_09760_/A2                              0.750000    1.021195   -0.271195 (VIOLATED)
_10402_/C                               0.750000    1.021193   -0.271193 (VIOLATED)
_11192_/A3                              0.750000    1.021192   -0.271192 (VIOLATED)
_10409_/B                               0.750000    1.021189   -0.271189 (VIOLATED)
_10867_/B                               0.750000    1.021186   -0.271186 (VIOLATED)
_09752_/B1                              0.750000    1.021186   -0.271186 (VIOLATED)
_10490_/A2                              0.750000    1.021186   -0.271186 (VIOLATED)
_10492_/A2_N                            0.750000    1.021186   -0.271186 (VIOLATED)
_10514_/A2                              0.750000    1.021186   -0.271186 (VIOLATED)
fanout549/X                             0.750000    1.021186   -0.271186 (VIOLATED)
_12523_/A1                              0.750000    1.021048   -0.271048 (VIOLATED)
_12388_/B                               0.750000    1.021047   -0.271047 (VIOLATED)
_12428_/A                               0.750000    1.021046   -0.271046 (VIOLATED)
_12363_/A                               0.750000    1.021045   -0.271045 (VIOLATED)
_12563_/A2                              0.750000    1.021044   -0.271044 (VIOLATED)
_12403_/A3                              0.750000    1.021042   -0.271042 (VIOLATED)
_12513_/A1                              0.750000    1.021041   -0.271041 (VIOLATED)
_12301_/A3                              0.750000    1.021040   -0.271040 (VIOLATED)
_12480_/A1                              0.750000    1.021040   -0.271040 (VIOLATED)
_12482_/A1                              0.750000    1.021040   -0.271040 (VIOLATED)
fanout489/X                             0.750000    1.021040   -0.271040 (VIOLATED)
_15658_/A                               0.750000    1.021005   -0.271005 (VIOLATED)
_14651_/B                               0.750000    1.021005   -0.271005 (VIOLATED)
_14612_/A                               0.750000    1.021004   -0.271004 (VIOLATED)
_14683_/B1                              0.750000    1.021004   -0.271004 (VIOLATED)
_14706_/A                               0.750000    1.021004   -0.271004 (VIOLATED)
_14836_/A2                              0.750000    1.021004   -0.271004 (VIOLATED)
_15214_/B                               0.750000    1.021004   -0.271004 (VIOLATED)
_15233_/A                               0.750000    1.021004   -0.271004 (VIOLATED)
_15473_/A2                              0.750000    1.021004   -0.271004 (VIOLATED)
fanout697/A                             0.750000    1.021004   -0.271004 (VIOLATED)
fanout698/X                             0.750000    1.021004   -0.271004 (VIOLATED)
_09808_/A                               0.750000    1.018575   -0.268575 (VIOLATED)
_09802_/A                               0.750000    1.018573   -0.268573 (VIOLATED)
_09803_/A                               0.750000    1.018574   -0.268574 (VIOLATED)
_09781_/A                               0.750000    1.018572   -0.268572 (VIOLATED)
_09831_/A2                              0.750000    1.018572   -0.268572 (VIOLATED)
_10571_/A1                              0.750000    1.018572   -0.268572 (VIOLATED)
_10575_/A                               0.750000    1.018572   -0.268572 (VIOLATED)
_10784_/A1                              0.750000    1.018572   -0.268572 (VIOLATED)
_11062_/A1                              0.750000    1.018572   -0.268572 (VIOLATED)
fanout1197/A                            0.750000    1.018572   -0.268572 (VIOLATED)
fanout1198/X                            0.750000    1.018572   -0.268572 (VIOLATED)
ANTENNA_147/DIODE                       0.750000    1.017316   -0.267316 (VIOLATED)
_17697_/A1                              0.750000    1.017316   -0.267316 (VIOLATED)
_17696_/X                               0.750000    1.017043   -0.267043 (VIOLATED)
_17565_/A1                              0.750000    1.013752   -0.263752 (VIOLATED)
ANTENNA_277/DIODE                       0.750000    1.013751   -0.263751 (VIOLATED)
_17564_/X                               0.750000    1.013629   -0.263629 (VIOLATED)
_16163_/C1                              0.750000    1.013446   -0.263446 (VIOLATED)
_17179_/A1                              0.750000    1.013445   -0.263445 (VIOLATED)
_17194_/C1                              0.750000    1.013445   -0.263445 (VIOLATED)
_17072_/S1                              0.750000    1.013442   -0.263442 (VIOLATED)
_16508_/B1                              0.750000    1.013436   -0.263436 (VIOLATED)
_17000_/B1                              0.750000    1.013433   -0.263433 (VIOLATED)
_16177_/B1                              0.750000    1.013428   -0.263428 (VIOLATED)
_16203_/A1                              0.750000    1.013428   -0.263428 (VIOLATED)
_16705_/C1                              0.750000    1.013428   -0.263428 (VIOLATED)
fanout1583/A                            0.750000    1.013428   -0.263428 (VIOLATED)
fanout1584/X                            0.750000    1.013428   -0.263428 (VIOLATED)
_10251_/S0                              0.750000    1.012198   -0.262198 (VIOLATED)
_10453_/A1                              0.750000    1.012198   -0.262198 (VIOLATED)
_10454_/C1                              0.750000    1.012198   -0.262198 (VIOLATED)
_10472_/C1                              0.750000    1.012198   -0.262198 (VIOLATED)
_10675_/A                               0.750000    1.012198   -0.262198 (VIOLATED)
_10680_/S1                              0.750000    1.012198   -0.262198 (VIOLATED)
_10848_/A1                              0.750000    1.012198   -0.262198 (VIOLATED)
_10998_/B1                              0.750000    1.012198   -0.262198 (VIOLATED)
_11144_/A1                              0.750000    1.012198   -0.262198 (VIOLATED)
_11146_/C1                              0.750000    1.012198   -0.262198 (VIOLATED)
fanout805/X                             0.750000    1.012198   -0.262198 (VIOLATED)
_11077_/C1                              0.750000    1.012031   -0.262031 (VIOLATED)
_09371_/A                               0.750000    1.012031   -0.262031 (VIOLATED)
_09975_/B1                              0.750000    1.012031   -0.262031 (VIOLATED)
_10278_/B1                              0.750000    1.012031   -0.262031 (VIOLATED)
_10298_/A1                              0.750000    1.012031   -0.262031 (VIOLATED)
_10778_/C1                              0.750000    1.012031   -0.262031 (VIOLATED)
_11096_/C1                              0.750000    1.012031   -0.262031 (VIOLATED)
_11250_/S                               0.750000    1.012031   -0.262031 (VIOLATED)
fanout1680/A                            0.750000    1.012031   -0.262031 (VIOLATED)
fanout1681/X                            0.750000    1.012031   -0.262031 (VIOLATED)
_15114_/C1                              0.750000    1.011273   -0.261273 (VIOLATED)
_15116_/A                               0.750000    1.011273   -0.261273 (VIOLATED)
_15136_/A1                              0.750000    1.011273   -0.261273 (VIOLATED)
_15182_/C1                              0.750000    1.011273   -0.261273 (VIOLATED)
_15187_/C1                              0.750000    1.011273   -0.261273 (VIOLATED)
_15384_/B1                              0.750000    1.011273   -0.261273 (VIOLATED)
_15391_/B2                              0.750000    1.011273   -0.261273 (VIOLATED)
_15687_/C1                              0.750000    1.011273   -0.261273 (VIOLATED)
_15688_/A1                              0.750000    1.011273   -0.261273 (VIOLATED)
fanout691/A                             0.750000    1.011273   -0.261273 (VIOLATED)
fanout692/X                             0.750000    1.011273   -0.261273 (VIOLATED)
_09908_/B                               0.750000    1.010400   -0.260400 (VIOLATED)
_10021_/C                               0.750000    1.010399   -0.260399 (VIOLATED)
_10527_/B2                              0.750000    1.010398   -0.260398 (VIOLATED)
_10263_/B                               0.750000    1.010395   -0.260395 (VIOLATED)
_10539_/A                               0.750000    1.010392   -0.260392 (VIOLATED)
_11093_/A1                              0.750000    1.010391   -0.260391 (VIOLATED)
_09915_/B                               0.750000    1.010387   -0.260387 (VIOLATED)
_09907_/B                               0.750000    1.010386   -0.260386 (VIOLATED)
_10006_/A1                              0.750000    1.010386   -0.260386 (VIOLATED)
_09988_/B                               0.750000    1.010383   -0.260383 (VIOLATED)
fanout535/X                             0.750000    1.010383   -0.260383 (VIOLATED)
_10077_/C1                              0.750000    1.009654   -0.259654 (VIOLATED)
_10106_/B1                              0.750000    1.009654   -0.259654 (VIOLATED)
_10141_/A1                              0.750000    1.009654   -0.259654 (VIOLATED)
_10627_/A                               0.750000    1.009654   -0.259654 (VIOLATED)
_10631_/C1                              0.750000    1.009654   -0.259654 (VIOLATED)
_10635_/A1                              0.750000    1.009654   -0.259654 (VIOLATED)
_10724_/A1                              0.750000    1.009654   -0.259654 (VIOLATED)
_10728_/B                               0.750000    1.009654   -0.259654 (VIOLATED)
_11269_/C1                              0.750000    1.009654   -0.259654 (VIOLATED)
_11357_/D1                              0.750000    1.009654   -0.259654 (VIOLATED)
fanout811/X                             0.750000    1.009654   -0.259654 (VIOLATED)
_16540_/A1                              0.750000    1.008476   -0.258476 (VIOLATED)
_16321_/B                               0.750000    1.008475   -0.258475 (VIOLATED)
_16348_/B                               0.750000    1.008475   -0.258475 (VIOLATED)
_16519_/D                               0.750000    1.008475   -0.258475 (VIOLATED)
_16654_/A1                              0.750000    1.008475   -0.258475 (VIOLATED)
_16836_/C                               0.750000    1.008475   -0.258475 (VIOLATED)
_16931_/A2                              0.750000    1.008475   -0.258475 (VIOLATED)
_17109_/B1                              0.750000    1.008475   -0.258475 (VIOLATED)
_17114_/A2_N                            0.750000    1.008475   -0.258475 (VIOLATED)
_17128_/A2                              0.750000    1.008475   -0.258475 (VIOLATED)
fanout380/X                             0.750000    1.008475   -0.258475 (VIOLATED)
_12746_/A                               0.750000    1.008262   -0.258262 (VIOLATED)
_12747_/A                               0.750000    1.008262   -0.258262 (VIOLATED)
_12758_/A1                              0.750000    1.008262   -0.258262 (VIOLATED)
_12794_/A                               0.750000    1.008262   -0.258262 (VIOLATED)
_12801_/A1                              0.750000    1.008262   -0.258262 (VIOLATED)
_13820_/A2                              0.750000    1.008262   -0.258262 (VIOLATED)
fanout1471/A                            0.750000    1.008262   -0.258262 (VIOLATED)
fanout1472/A                            0.750000    1.008262   -0.258262 (VIOLATED)
fanout1473/X                            0.750000    1.008262   -0.258262 (VIOLATED)
_09623_/A                               0.750000    1.007980   -0.257980 (VIOLATED)
_09630_/A_N                             0.750000    1.007980   -0.257980 (VIOLATED)
_09631_/A_N                             0.750000    1.007980   -0.257980 (VIOLATED)
_09639_/B                               0.750000    1.007980   -0.257980 (VIOLATED)
_09643_/B                               0.750000    1.007980   -0.257980 (VIOLATED)
_09686_/A                               0.750000    1.007980   -0.257980 (VIOLATED)
_09702_/B                               0.750000    1.007980   -0.257980 (VIOLATED)
_09703_/A1                              0.750000    1.007980   -0.257980 (VIOLATED)
_09761_/A1                              0.750000    1.007980   -0.257980 (VIOLATED)
_10421_/A1                              0.750000    1.007980   -0.257980 (VIOLATED)
fanout1674/X                            0.750000    1.007980   -0.257980 (VIOLATED)
_11561_/A1                              0.750000    1.007045   -0.257045 (VIOLATED)
_11480_/A2                              0.750000    1.007044   -0.257044 (VIOLATED)
_11446_/A                               0.750000    1.007043   -0.257043 (VIOLATED)
_11656_/A2                              0.750000    1.007038   -0.257038 (VIOLATED)
_11445_/B                               0.750000    1.007037   -0.257037 (VIOLATED)
_11497_/C                               0.750000    1.007037   -0.257037 (VIOLATED)
_11502_/A2                              0.750000    1.007037   -0.257037 (VIOLATED)
_11505_/A3                              0.750000    1.007037   -0.257037 (VIOLATED)
_11720_/A1                              0.750000    1.007037   -0.257037 (VIOLATED)
_11760_/D                               0.750000    1.007037   -0.257037 (VIOLATED)
fanout510/X                             0.750000    1.007037   -0.257037 (VIOLATED)
_16338_/C1                              0.750000    1.006621   -0.256622 (VIOLATED)
_16354_/A                               0.750000    1.006621   -0.256622 (VIOLATED)
_16655_/B2                              0.750000    1.006621   -0.256622 (VIOLATED)
_16662_/B1                              0.750000    1.006621   -0.256622 (VIOLATED)
_16667_/S1                              0.750000    1.006621   -0.256622 (VIOLATED)
_16843_/A1                              0.750000    1.006621   -0.256622 (VIOLATED)
_16913_/B1                              0.750000    1.006621   -0.256622 (VIOLATED)
_16935_/B1                              0.750000    1.006621   -0.256622 (VIOLATED)
_17130_/A1                              0.750000    1.006621   -0.256622 (VIOLATED)
_17251_/A1                              0.750000    1.006621   -0.256622 (VIOLATED)
fanout667/X                             0.750000    1.006621   -0.256622 (VIOLATED)
_17503_/A1                              0.750000    1.005307   -0.255307 (VIOLATED)
ANTENNA_89/DIODE                        0.750000    1.005306   -0.255307 (VIOLATED)
_17502_/X                               0.750000    1.004991   -0.254991 (VIOLATED)
_14270_/B                               0.750000    1.004470   -0.254470 (VIOLATED)
_14299_/A2                              0.750000    1.004470   -0.254470 (VIOLATED)
_14799_/B                               0.750000    1.004470   -0.254470 (VIOLATED)
_14803_/A2                              0.750000    1.004470   -0.254470 (VIOLATED)
_14810_/A2                              0.750000    1.004470   -0.254470 (VIOLATED)
_14955_/B1                              0.750000    1.004470   -0.254470 (VIOLATED)
_14966_/A                               0.750000    1.004470   -0.254470 (VIOLATED)
_14973_/A2                              0.750000    1.004470   -0.254470 (VIOLATED)
_15149_/A1                              0.750000    1.004470   -0.254470 (VIOLATED)
_15412_/A2                              0.750000    1.004470   -0.254470 (VIOLATED)
fanout458/X                             0.750000    1.004470   -0.254470 (VIOLATED)
_12688_/B                               0.750000    1.004403   -0.254403 (VIOLATED)
_12697_/A_N                             0.750000    1.004403   -0.254403 (VIOLATED)
_12699_/A_N                             0.750000    1.004403   -0.254403 (VIOLATED)
_12702_/B                               0.750000    1.004403   -0.254403 (VIOLATED)
_12706_/B                               0.750000    1.004403   -0.254403 (VIOLATED)
_12716_/B                               0.750000    1.004403   -0.254403 (VIOLATED)
_12717_/B                               0.750000    1.004403   -0.254403 (VIOLATED)
_12741_/B                               0.750000    1.004403   -0.254403 (VIOLATED)
_12757_/A_N                             0.750000    1.004403   -0.254403 (VIOLATED)
_12787_/B                               0.750000    1.004403   -0.254403 (VIOLATED)
fanout1477/X                            0.750000    1.004403   -0.254403 (VIOLATED)
_16662_/A2                              0.750000    1.003328   -0.253328 (VIOLATED)
_16651_/B1                              0.750000    1.003328   -0.253328 (VIOLATED)
_16927_/A3                              0.750000    1.003328   -0.253328 (VIOLATED)
_16661_/A3                              0.750000    1.003327   -0.253327 (VIOLATED)
_17114_/B1                              0.750000    1.003326   -0.253326 (VIOLATED)
_16532_/C                               0.750000    1.003326   -0.253326 (VIOLATED)
_16326_/B                               0.750000    1.003323   -0.253323 (VIOLATED)
_16356_/B                               0.750000    1.003318   -0.253318 (VIOLATED)
_16530_/C                               0.750000    1.003318   -0.253318 (VIOLATED)
_16632_/B2                              0.750000    1.003318   -0.253318 (VIOLATED)
fanout377/X                             0.750000    1.003318   -0.253318 (VIOLATED)
_16133_/A1                              0.750000    0.999928   -0.249928 (VIOLATED)
_16173_/C                               0.750000    0.999928   -0.249928 (VIOLATED)
_16198_/A1                              0.750000    0.999928   -0.249928 (VIOLATED)
_16482_/A1                              0.750000    0.999928   -0.249928 (VIOLATED)
_16489_/B                               0.750000    0.999928   -0.249928 (VIOLATED)
_16498_/A2                              0.750000    0.999928   -0.249928 (VIOLATED)
_16500_/B                               0.750000    0.999928   -0.249928 (VIOLATED)
_16505_/B                               0.750000    0.999928   -0.249928 (VIOLATED)
_17058_/A2                              0.750000    0.999928   -0.249928 (VIOLATED)
_17065_/B1                              0.750000    0.999928   -0.249928 (VIOLATED)
fanout396/X                             0.750000    0.999928   -0.249928 (VIOLATED)
_09460_/A                               0.750000    0.998929   -0.248929 (VIOLATED)
_14546_/B1                              0.750000    0.998929   -0.248929 (VIOLATED)
_14555_/S                               0.750000    0.998929   -0.248929 (VIOLATED)
_14563_/A1                              0.750000    0.998929   -0.248929 (VIOLATED)
_14586_/B1                              0.750000    0.998929   -0.248929 (VIOLATED)
_14591_/B1                              0.750000    0.998929   -0.248929 (VIOLATED)
_14899_/B1                              0.750000    0.998929   -0.248929 (VIOLATED)
_14901_/B1                              0.750000    0.998929   -0.248929 (VIOLATED)
_15374_/B1                              0.750000    0.998929   -0.248929 (VIOLATED)
_15381_/C1                              0.750000    0.998929   -0.248929 (VIOLATED)
fanout1774/X                            0.750000    0.998929   -0.248929 (VIOLATED)
_14447_/A                               0.750000    0.996765   -0.246766 (VIOLATED)
_14454_/A                               0.750000    0.996765   -0.246765 (VIOLATED)
_15577_/A1                              0.750000    0.996762   -0.246762 (VIOLATED)
fanout1342/A                            0.750000    0.996761   -0.246761 (VIOLATED)
_14415_/A                               0.750000    0.996753   -0.246753 (VIOLATED)
_14432_/A1                              0.750000    0.996753   -0.246753 (VIOLATED)
_14448_/A                               0.750000    0.996753   -0.246753 (VIOLATED)
_14930_/A1                              0.750000    0.996753   -0.246753 (VIOLATED)
_14933_/A1                              0.750000    0.996753   -0.246753 (VIOLATED)
_15317_/A1                              0.750000    0.996753   -0.246753 (VIOLATED)
fanout1343/X                            0.750000    0.996753   -0.246753 (VIOLATED)
_10600_/B1                              0.750000    0.996638   -0.246638 (VIOLATED)
_10601_/B1                              0.750000    0.996638   -0.246638 (VIOLATED)
_10366_/A1                              0.750000    0.996637   -0.246637 (VIOLATED)
_09378_/A                               0.750000    0.996634   -0.246634 (VIOLATED)
_11340_/A1                              0.750000    0.996632   -0.246632 (VIOLATED)
_11341_/A1                              0.750000    0.996631   -0.246631 (VIOLATED)
_11321_/C1                              0.750000    0.996625   -0.246625 (VIOLATED)
_11046_/C1                              0.750000    0.996621   -0.246621 (VIOLATED)
_09837_/B1                              0.750000    0.996620   -0.246620 (VIOLATED)
_11053_/A1                              0.750000    0.996620   -0.246620 (VIOLATED)
fanout1161/X                            0.750000    0.996620   -0.246620 (VIOLATED)
_13183_/B                               0.750000    0.995580   -0.245580 (VIOLATED)
_13184_/B                               0.750000    0.995580   -0.245580 (VIOLATED)
_13424_/A3                              0.750000    0.995578   -0.245578 (VIOLATED)
_13206_/C                               0.750000    0.995574   -0.245574 (VIOLATED)
_13281_/C                               0.750000    0.995573   -0.245573 (VIOLATED)
_13288_/A1_N                            0.750000    0.995569   -0.245569 (VIOLATED)
_13095_/B                               0.750000    0.995565   -0.245565 (VIOLATED)
_13103_/A1                              0.750000    0.995565   -0.245565 (VIOLATED)
_13131_/B1                              0.750000    0.995565   -0.245565 (VIOLATED)
_13203_/C                               0.750000    0.995565   -0.245565 (VIOLATED)
fanout460/X                             0.750000    0.995565   -0.245565 (VIOLATED)
_15799_/B                               0.750000    0.995239   -0.245239 (VIOLATED)
ANTENNA_250/DIODE                       0.750000    0.995232   -0.245232 (VIOLATED)
ANTENNA_251/DIODE                       0.750000    0.995232   -0.245232 (VIOLATED)
ANTENNA_253/DIODE                       0.750000    0.995232   -0.245232 (VIOLATED)
ANTENNA_252/DIODE                       0.750000    0.995231   -0.245231 (VIOLATED)
_17497_/A1                              0.750000    0.995232   -0.245232 (VIOLATED)
ANTENNA_254/DIODE                       0.750000    0.995231   -0.245231 (VIOLATED)
_15798_/Y                               0.750000    0.995230   -0.245230 (VIOLATED)
_17496_/X                               0.750000    0.995217   -0.245217 (VIOLATED)
_16768_/A2                              0.750000    0.993705   -0.243706 (VIOLATED)
_15917_/A1                              0.750000    0.993703   -0.243703 (VIOLATED)
_16606_/A1                              0.750000    0.993698   -0.243698 (VIOLATED)
_16207_/B                               0.750000    0.993692   -0.243692 (VIOLATED)
_16246_/B                               0.750000    0.993692   -0.243692 (VIOLATED)
_16459_/C                               0.750000    0.993692   -0.243692 (VIOLATED)
_16592_/A1                              0.750000    0.993692   -0.243692 (VIOLATED)
_16593_/C                               0.750000    0.993692   -0.243692 (VIOLATED)
_16623_/A1                              0.750000    0.993692   -0.243692 (VIOLATED)
_16882_/B                               0.750000    0.993692   -0.243692 (VIOLATED)
fanout418/X                             0.750000    0.993692   -0.243692 (VIOLATED)
_09390_/A                               0.750000    0.992517   -0.242517 (VIOLATED)
_11455_/A                               0.750000    0.992517   -0.242517 (VIOLATED)
_11458_/A                               0.750000    0.992517   -0.242517 (VIOLATED)
_11462_/A                               0.750000    0.992517   -0.242517 (VIOLATED)
_11466_/A                               0.750000    0.992517   -0.242517 (VIOLATED)
_11565_/A1                              0.750000    0.992517   -0.242517 (VIOLATED)
_11590_/C                               0.750000    0.992517   -0.242517 (VIOLATED)
_11690_/A1                              0.750000    0.992517   -0.242517 (VIOLATED)
fanout1101/A                            0.750000    0.992517   -0.242517 (VIOLATED)
fanout1102/X                            0.750000    0.992517   -0.242517 (VIOLATED)
_14461_/A                               0.750000    0.991778   -0.241778 (VIOLATED)
_14739_/A1                              0.750000    0.991778   -0.241778 (VIOLATED)
_14466_/A                               0.750000    0.991777   -0.241777 (VIOLATED)
_14722_/A2                              0.750000    0.991777   -0.241777 (VIOLATED)
_14718_/A                               0.750000    0.991775   -0.241775 (VIOLATED)
_14390_/A2                              0.750000    0.991775   -0.241775 (VIOLATED)
_14749_/A                               0.750000    0.991775   -0.241775 (VIOLATED)
_14933_/C1                              0.750000    0.991775   -0.241775 (VIOLATED)
_15254_/A                               0.750000    0.991775   -0.241775 (VIOLATED)
fanout710/A                             0.750000    0.991775   -0.241775 (VIOLATED)
fanout711/X                             0.750000    0.991775   -0.241775 (VIOLATED)
_10489_/C1                              0.750000    0.991097   -0.241097 (VIOLATED)
_10504_/A1                              0.750000    0.991097   -0.241097 (VIOLATED)
_10512_/A1                              0.750000    0.991097   -0.241097 (VIOLATED)
_10518_/C1                              0.750000    0.991097   -0.241097 (VIOLATED)
_10695_/C1                              0.750000    0.991097   -0.241097 (VIOLATED)
_10706_/C1                              0.750000    0.991097   -0.241097 (VIOLATED)
_10712_/C1                              0.750000    0.991097   -0.241097 (VIOLATED)
_10869_/A                               0.750000    0.991097   -0.241097 (VIOLATED)
_10870_/A1                              0.750000    0.991097   -0.241097 (VIOLATED)
_11038_/A1                              0.750000    0.991097   -0.241097 (VIOLATED)
fanout1629/X                            0.750000    0.991097   -0.241097 (VIOLATED)
_14427_/B1                              0.750000    0.990058   -0.240058 (VIOLATED)
_14481_/C1                              0.750000    0.990055   -0.240055 (VIOLATED)
_14470_/A1                              0.750000    0.990053   -0.240053 (VIOLATED)
_14462_/C1                              0.750000    0.990052   -0.240052 (VIOLATED)
_14451_/A1                              0.750000    0.990051   -0.240051 (VIOLATED)
_15023_/B1                              0.750000    0.990045   -0.240045 (VIOLATED)
_15584_/D1                              0.750000    0.990041   -0.240041 (VIOLATED)
_15582_/S                               0.750000    0.990040   -0.240040 (VIOLATED)
_14759_/C1                              0.750000    0.990037   -0.240037 (VIOLATED)
_14763_/C1                              0.750000    0.990037   -0.240037 (VIOLATED)
fanout1296/X                            0.750000    0.990037   -0.240037 (VIOLATED)
_15820_/B                               0.750000    0.989560   -0.239560 (VIOLATED)
_15819_/X                               0.750000    0.989329   -0.239329 (VIOLATED)
_09389_/A                               0.750000    0.988758   -0.238758 (VIOLATED)
_10044_/B                               0.750000    0.988758   -0.238758 (VIOLATED)
_10057_/A                               0.750000    0.988758   -0.238758 (VIOLATED)
_10080_/B                               0.750000    0.988758   -0.238758 (VIOLATED)
_10091_/C_N                             0.750000    0.988758   -0.238758 (VIOLATED)
_10093_/A_N                             0.750000    0.988758   -0.238758 (VIOLATED)
_10104_/A2                              0.750000    0.988758   -0.238758 (VIOLATED)
_10110_/A2                              0.750000    0.988758   -0.238758 (VIOLATED)
_10111_/B                               0.750000    0.988758   -0.238758 (VIOLATED)
fanout1433/A                            0.750000    0.988758   -0.238758 (VIOLATED)
fanout1434/X                            0.750000    0.988758   -0.238758 (VIOLATED)
_09482_/A                               0.750000    0.987665   -0.237665 (VIOLATED)
_16535_/A1                              0.750000    0.987665   -0.237665 (VIOLATED)
_16543_/C1                              0.750000    0.987665   -0.237665 (VIOLATED)
_16666_/S                               0.750000    0.987665   -0.237665 (VIOLATED)
_17121_/C1                              0.750000    0.987665   -0.237665 (VIOLATED)
_17123_/C1                              0.750000    0.987665   -0.237665 (VIOLATED)
_17129_/A1                              0.750000    0.987665   -0.237665 (VIOLATED)
_17231_/C1                              0.750000    0.987665   -0.237665 (VIOLATED)
_17244_/C1                              0.750000    0.987665   -0.237665 (VIOLATED)
_17742_/A0                              0.750000    0.987665   -0.237665 (VIOLATED)
fanout1354/X                            0.750000    0.987665   -0.237665 (VIOLATED)
_14029_/B1                              0.750000    0.983221   -0.233221 (VIOLATED)
_13444_/A2                              0.750000    0.983219   -0.233219 (VIOLATED)
_13694_/A1                              0.750000    0.983219   -0.233219 (VIOLATED)
_13122_/B                               0.750000    0.983218   -0.233218 (VIOLATED)
_13433_/A                               0.750000    0.983213   -0.233213 (VIOLATED)
_13123_/A2                              0.750000    0.983207   -0.233207 (VIOLATED)
_13119_/A1                              0.750000    0.983197   -0.233197 (VIOLATED)
_14019_/A1                              0.750000    0.983195   -0.233195 (VIOLATED)
_13144_/A3                              0.750000    0.983190   -0.233190 (VIOLATED)
_13843_/A3                              0.750000    0.983190   -0.233190 (VIOLATED)
fanout464/X                             0.750000    0.983190   -0.233190 (VIOLATED)
_12375_/A1                              0.750000    0.982069   -0.232069 (VIOLATED)
_12401_/B1                              0.750000    0.982069   -0.232069 (VIOLATED)
_12468_/B1                              0.750000    0.982069   -0.232069 (VIOLATED)
_12566_/A                               0.750000    0.982069   -0.232069 (VIOLATED)
_12569_/A1                              0.750000    0.982069   -0.232069 (VIOLATED)
_12643_/B1                              0.750000    0.982069   -0.232069 (VIOLATED)
_12644_/A1_N                            0.750000    0.982069   -0.232069 (VIOLATED)
_12680_/S1                              0.750000    0.982069   -0.232069 (VIOLATED)
fanout959/A                             0.750000    0.982069   -0.232069 (VIOLATED)
fanout960/X                             0.750000    0.982069   -0.232069 (VIOLATED)
_14513_/B                               0.750000    0.982001   -0.232001 (VIOLATED)
_14539_/B                               0.750000    0.982001   -0.232001 (VIOLATED)
_14542_/A2                              0.750000    0.982001   -0.232001 (VIOLATED)
_14574_/A2                              0.750000    0.982001   -0.232001 (VIOLATED)
_14580_/B                               0.750000    0.982001   -0.232001 (VIOLATED)
_14581_/C                               0.750000    0.982001   -0.232001 (VIOLATED)
_14591_/A2                              0.750000    0.982001   -0.232001 (VIOLATED)
_14872_/A2                              0.750000    0.982001   -0.232001 (VIOLATED)
_15373_/A_N                             0.750000    0.982001   -0.232001 (VIOLATED)
_15379_/C                               0.750000    0.982001   -0.232001 (VIOLATED)
fanout436/X                             0.750000    0.982001   -0.232001 (VIOLATED)
_15740_/B                               0.750000    0.981130   -0.231130 (VIOLATED)
_15739_/Y                               0.750000    0.981108   -0.231108 (VIOLATED)
_09942_/B                               0.750000    0.978659   -0.228659 (VIOLATED)
_09947_/B                               0.750000    0.978659   -0.228659 (VIOLATED)
_09954_/B1                              0.750000    0.978659   -0.228659 (VIOLATED)
_09996_/A1                              0.750000    0.978659   -0.228659 (VIOLATED)
_10020_/B1                              0.750000    0.978659   -0.228659 (VIOLATED)
_10289_/B                               0.750000    0.978659   -0.228659 (VIOLATED)
_10771_/B                               0.750000    0.978659   -0.228659 (VIOLATED)
_10772_/A2                              0.750000    0.978659   -0.228659 (VIOLATED)
_11224_/B1                              0.750000    0.978659   -0.228659 (VIOLATED)
_11230_/B1                              0.750000    0.978659   -0.228659 (VIOLATED)
fanout532/X                             0.750000    0.978659   -0.228659 (VIOLATED)
_13070_/A_N                             0.750000    0.978249   -0.228249 (VIOLATED)
_13081_/B                               0.750000    0.978249   -0.228249 (VIOLATED)
_13091_/A                               0.750000    0.978249   -0.228249 (VIOLATED)
_13111_/B                               0.750000    0.978249   -0.228249 (VIOLATED)
_13116_/C_N                             0.750000    0.978249   -0.228249 (VIOLATED)
_13145_/A1                              0.750000    0.978249   -0.228249 (VIOLATED)
_13163_/A1                              0.750000    0.978249   -0.228249 (VIOLATED)
_13178_/A2                              0.750000    0.978249   -0.228249 (VIOLATED)
_13193_/C                               0.750000    0.978249   -0.228249 (VIOLATED)
fanout1519/A                            0.750000    0.978249   -0.228249 (VIOLATED)
fanout1520/X                            0.750000    0.978249   -0.228249 (VIOLATED)
_12845_/B                               0.750000    0.978191   -0.228191 (VIOLATED)
_12847_/A_N                             0.750000    0.978191   -0.228191 (VIOLATED)
_12850_/B                               0.750000    0.978191   -0.228191 (VIOLATED)
_12856_/A                               0.750000    0.978191   -0.228191 (VIOLATED)
_12862_/B                               0.750000    0.978191   -0.228191 (VIOLATED)
_12870_/A                               0.750000    0.978191   -0.228191 (VIOLATED)
_12871_/A                               0.750000    0.978191   -0.228191 (VIOLATED)
_12878_/A2                              0.750000    0.978191   -0.228191 (VIOLATED)
_12924_/A                               0.750000    0.978191   -0.228191 (VIOLATED)
_12925_/A                               0.750000    0.978191   -0.228191 (VIOLATED)
fanout1769/X                            0.750000    0.978191   -0.228191 (VIOLATED)
ANTENNA_230/DIODE                       0.750000    0.976635   -0.226635 (VIOLATED)
ANTENNA_231/DIODE                       0.750000    0.976635   -0.226635 (VIOLATED)
_17745_/A1                              0.750000    0.976635   -0.226635 (VIOLATED)
_17744_/X                               0.750000    0.976613   -0.226613 (VIOLATED)
_16104_/B                               0.750000    0.976145   -0.226145 (VIOLATED)
_16105_/B                               0.750000    0.976145   -0.226145 (VIOLATED)
_16108_/B                               0.750000    0.976145   -0.226145 (VIOLATED)
_16109_/B                               0.750000    0.976145   -0.226145 (VIOLATED)
_16114_/C_N                             0.750000    0.976145   -0.226145 (VIOLATED)
_16125_/A_N                             0.750000    0.976145   -0.226145 (VIOLATED)
_16131_/A2                              0.750000    0.976145   -0.226145 (VIOLATED)
_16144_/B                               0.750000    0.976145   -0.226145 (VIOLATED)
_16166_/A1                              0.750000    0.976145   -0.226145 (VIOLATED)
_16179_/C                               0.750000    0.976145   -0.226145 (VIOLATED)
fanout1616/X                            0.750000    0.976145   -0.226145 (VIOLATED)
_16173_/A                               0.750000    0.975583   -0.225583 (VIOLATED)
_16479_/A                               0.750000    0.975583   -0.225583 (VIOLATED)
_16497_/A                               0.750000    0.975583   -0.225583 (VIOLATED)
_16500_/A                               0.750000    0.975583   -0.225583 (VIOLATED)
_16504_/A1                              0.750000    0.975583   -0.225583 (VIOLATED)
_16688_/A                               0.750000    0.975583   -0.225583 (VIOLATED)
_16799_/A                               0.750000    0.975583   -0.225583 (VIOLATED)
_16973_/B1                              0.750000    0.975583   -0.225583 (VIOLATED)
_16986_/A1                              0.750000    0.975583   -0.225583 (VIOLATED)
_17044_/A1                              0.750000    0.975583   -0.225583 (VIOLATED)
fanout649/X                             0.750000    0.975583   -0.225583 (VIOLATED)
_13448_/A1                              0.750000    0.974751   -0.224751 (VIOLATED)
_13200_/A1                              0.750000    0.974751   -0.224751 (VIOLATED)
_13438_/C1                              0.750000    0.974751   -0.224751 (VIOLATED)
_13685_/A1                              0.750000    0.974751   -0.224751 (VIOLATED)
_13835_/A1                              0.750000    0.974750   -0.224750 (VIOLATED)
_13171_/S0                              0.750000    0.974750   -0.224750 (VIOLATED)
_13678_/D1                              0.750000    0.974750   -0.224750 (VIOLATED)
_13679_/C1                              0.750000    0.974750   -0.224750 (VIOLATED)
_13279_/S1                              0.750000    0.974741   -0.224741 (VIOLATED)
fanout742/A                             0.750000    0.974740   -0.224740 (VIOLATED)
fanout743/X                             0.750000    0.974740   -0.224740 (VIOLATED)
_09414_/A                               0.750000    0.972584   -0.222584 (VIOLATED)
_12372_/B1                              0.750000    0.972584   -0.222584 (VIOLATED)
_12414_/A1                              0.750000    0.972584   -0.222584 (VIOLATED)
_12436_/C1                              0.750000    0.972584   -0.222584 (VIOLATED)
_12486_/A1                              0.750000    0.972584   -0.222584 (VIOLATED)
_12505_/B1                              0.750000    0.972584   -0.222584 (VIOLATED)
_12512_/C1                              0.750000    0.972584   -0.222584 (VIOLATED)
_12521_/A                               0.750000    0.972584   -0.222584 (VIOLATED)
_12529_/A1                              0.750000    0.972584   -0.222584 (VIOLATED)
_12606_/A1                              0.750000    0.972584   -0.222584 (VIOLATED)
fanout959/X                             0.750000    0.972584   -0.222584 (VIOLATED)
_18311_/A1                              0.750000    0.972189   -0.222189 (VIOLATED)
_18171_/B1                              0.750000    0.972187   -0.222187 (VIOLATED)
_14131_/A2                              0.750000    0.972022   -0.222022 (VIOLATED)
_14130_/Y                               0.750000    0.971937   -0.221937 (VIOLATED)
_12843_/A_N                             0.750000    0.971063   -0.221064 (VIOLATED)
_12847_/B                               0.750000    0.971063   -0.221064 (VIOLATED)
_12870_/B                               0.750000    0.971063   -0.221064 (VIOLATED)
_12871_/B                               0.750000    0.971063   -0.221064 (VIOLATED)
_12883_/B                               0.750000    0.971063   -0.221064 (VIOLATED)
_12887_/A2                              0.750000    0.971063   -0.221064 (VIOLATED)
_12924_/B                               0.750000    0.971063   -0.221064 (VIOLATED)
_12925_/B                               0.750000    0.971063   -0.221064 (VIOLATED)
_12949_/B                               0.750000    0.971063   -0.221064 (VIOLATED)
_13296_/A2                              0.750000    0.971063   -0.221064 (VIOLATED)
fanout1764/X                            0.750000    0.971063   -0.221064 (VIOLATED)
_18170_/X                               0.750000    0.970222   -0.220222 (VIOLATED)
fanout1657/A                            0.750000    0.969593   -0.219593 (VIOLATED)
fanout1653/A                            0.750000    0.969591   -0.219591 (VIOLATED)
fanout1651/A                            0.750000    0.969577   -0.219577 (VIOLATED)
_17586_/A0                              0.750000    0.969538   -0.219538 (VIOLATED)
_18897_/Q                               0.750000    0.969538   -0.219538 (VIOLATED)
_17004_/A                               0.750000    0.967800   -0.217800 (VIOLATED)
_17459_/B                               0.750000    0.967798   -0.217798 (VIOLATED)
_17134_/B                               0.750000    0.967797   -0.217797 (VIOLATED)
_17002_/A                               0.750000    0.967793   -0.217793 (VIOLATED)
_17456_/A0                              0.750000    0.967791   -0.217791 (VIOLATED)
_16968_/X                               0.750000    0.967748   -0.217748 (VIOLATED)
_09400_/A                               0.750000    0.967566   -0.217566 (VIOLATED)
_11493_/C1                              0.750000    0.967566   -0.217566 (VIOLATED)
_11507_/A1                              0.750000    0.967566   -0.217566 (VIOLATED)
_11513_/C1                              0.750000    0.967566   -0.217566 (VIOLATED)
_11578_/A1                              0.750000    0.967566   -0.217566 (VIOLATED)
_11625_/C1                              0.750000    0.967566   -0.217566 (VIOLATED)
_11627_/B1                              0.750000    0.967566   -0.217566 (VIOLATED)
_11669_/S1                              0.750000    0.967566   -0.217566 (VIOLATED)
_11778_/A1                              0.750000    0.967566   -0.217566 (VIOLATED)
_11812_/A                               0.750000    0.967566   -0.217566 (VIOLATED)
fanout1059/X                            0.750000    0.967566   -0.217566 (VIOLATED)
_15675_/A1                              0.750000    0.965984   -0.215984 (VIOLATED)
_14672_/B1                              0.750000    0.965984   -0.215984 (VIOLATED)
_15471_/A1                              0.750000    0.965983   -0.215983 (VIOLATED)
_15478_/B1                              0.750000    0.965982   -0.215982 (VIOLATED)
_15486_/A                               0.750000    0.965981   -0.215981 (VIOLATED)
_14710_/A                               0.750000    0.965977   -0.215977 (VIOLATED)
_15348_/B2                              0.750000    0.965976   -0.215976 (VIOLATED)
_14676_/A                               0.750000    0.965974   -0.215974 (VIOLATED)
_14839_/B2                              0.750000    0.965974   -0.215974 (VIOLATED)
_14841_/A1                              0.750000    0.965974   -0.215974 (VIOLATED)
fanout703/X                             0.750000    0.965974   -0.215974 (VIOLATED)
_13527_/B1                              0.750000    0.965904   -0.215904 (VIOLATED)
_13005_/A                               0.750000    0.965899   -0.215899 (VIOLATED)
_13510_/B2                              0.750000    0.965895   -0.215895 (VIOLATED)
_13520_/B1                              0.750000    0.965892   -0.215892 (VIOLATED)
_09434_/A                               0.750000    0.965889   -0.215889 (VIOLATED)
_13600_/B1                              0.750000    0.965889   -0.215889 (VIOLATED)
_13601_/A1_N                            0.750000    0.965889   -0.215889 (VIOLATED)
_13914_/A1                              0.750000    0.965889   -0.215889 (VIOLATED)
_13994_/B1                              0.750000    0.965889   -0.215889 (VIOLATED)
_17823_/A0                              0.750000    0.965889   -0.215889 (VIOLATED)
fanout1205/X                            0.750000    0.965889   -0.215889 (VIOLATED)
_10310_/A1                              0.750000    0.965767   -0.215767 (VIOLATED)
_10320_/A1                              0.750000    0.965767   -0.215767 (VIOLATED)
_10331_/C1                              0.750000    0.965767   -0.215767 (VIOLATED)
_10721_/B1                              0.750000    0.965767   -0.215767 (VIOLATED)
_10950_/C1                              0.750000    0.965767   -0.215767 (VIOLATED)
_10964_/B1                              0.750000    0.965767   -0.215767 (VIOLATED)
_11261_/C1                              0.750000    0.965767   -0.215767 (VIOLATED)
_11266_/B2                              0.750000    0.965767   -0.215767 (VIOLATED)
_11275_/S0                              0.750000    0.965767   -0.215767 (VIOLATED)
_11355_/B1                              0.750000    0.965767   -0.215767 (VIOLATED)
fanout813/X                             0.750000    0.965767   -0.215767 (VIOLATED)
_16827_/B1                              0.750000    0.965670   -0.215670 (VIOLATED)
_16828_/A1                              0.750000    0.965670   -0.215670 (VIOLATED)
_17249_/B1                              0.750000    0.965668   -0.215668 (VIOLATED)
_17287_/A1                              0.750000    0.965668   -0.215668 (VIOLATED)
_17286_/B1                              0.750000    0.965667   -0.215667 (VIOLATED)
_16368_/B1                              0.750000    0.965666   -0.215666 (VIOLATED)
_16369_/A1_N                            0.750000    0.965666   -0.215666 (VIOLATED)
_16521_/B1                              0.750000    0.965666   -0.215666 (VIOLATED)
_16842_/C1                              0.750000    0.965666   -0.215666 (VIOLATED)
fanout1355/X                            0.750000    0.965666   -0.215666 (VIOLATED)
_09365_/A                               0.750000    0.964839   -0.214839 (VIOLATED)
_09775_/B1                              0.750000    0.964839   -0.214839 (VIOLATED)
_10405_/B1                              0.750000    0.964839   -0.214839 (VIOLATED)
_10876_/C1                              0.750000    0.964839   -0.214839 (VIOLATED)
_11037_/C1                              0.750000    0.964839   -0.214839 (VIOLATED)
_11194_/A                               0.750000    0.964839   -0.214839 (VIOLATED)
_11196_/A                               0.750000    0.964839   -0.214839 (VIOLATED)
_11197_/A1                              0.750000    0.964839   -0.214839 (VIOLATED)
fanout1629/A                            0.750000    0.964839   -0.214839 (VIOLATED)
fanout1630/X                            0.750000    0.964839   -0.214839 (VIOLATED)
_16748_/B                               0.750000    0.964225   -0.214225 (VIOLATED)
_16747_/X                               0.750000    0.964136   -0.214136 (VIOLATED)
_10121_/A                               0.750000    0.963408   -0.213408 (VIOLATED)
_10123_/B                               0.750000    0.963408   -0.213408 (VIOLATED)
_10314_/A0                              0.750000    0.963408   -0.213408 (VIOLATED)
_10316_/C                               0.750000    0.963408   -0.213408 (VIOLATED)
_10323_/A                               0.750000    0.963408   -0.213408 (VIOLATED)
_10603_/B2                              0.750000    0.963408   -0.213408 (VIOLATED)
_10732_/B1                              0.750000    0.963408   -0.213408 (VIOLATED)
_10955_/A2                              0.750000    0.963408   -0.213408 (VIOLATED)
_11256_/A2                              0.750000    0.963408   -0.213408 (VIOLATED)
_11361_/A1                              0.750000    0.963408   -0.213408 (VIOLATED)
fanout526/X                             0.750000    0.963408   -0.213408 (VIOLATED)
_18338_/B1                              0.750000    0.963334   -0.213334 (VIOLATED)
_18346_/B1                              0.750000    0.963334   -0.213334 (VIOLATED)
_18377_/B1                              0.750000    0.963334   -0.213334 (VIOLATED)
_18404_/B1                              0.750000    0.963334   -0.213334 (VIOLATED)
fanout240/A                             0.750000    0.963334   -0.213334 (VIOLATED)
fanout242/A                             0.750000    0.963334   -0.213334 (VIOLATED)
fanout243/X                             0.750000    0.963334   -0.213334 (VIOLATED)
_16110_/B                               0.750000    0.963063   -0.213063 (VIOLATED)
_16116_/B                               0.750000    0.963063   -0.213063 (VIOLATED)
_16134_/B                               0.750000    0.963063   -0.213063 (VIOLATED)
_16172_/B                               0.750000    0.963063   -0.213063 (VIOLATED)
_17601_/A0                              0.750000    0.963063   -0.213063 (VIOLATED)
fanout1624/A                            0.750000    0.963063   -0.213063 (VIOLATED)
fanout1625/X                            0.750000    0.963063   -0.213063 (VIOLATED)
fanout862/A                             0.750000    0.961509   -0.211509 (VIOLATED)
_18609_/A1_N                            0.750000    0.961507   -0.211507 (VIOLATED)
_18621_/A1_N                            0.750000    0.961504   -0.211504 (VIOLATED)
_18545_/A1_N                            0.750000    0.961501   -0.211501 (VIOLATED)
_18589_/A1_N                            0.750000    0.961498   -0.211498 (VIOLATED)
_18561_/A1_N                            0.750000    0.961496   -0.211496 (VIOLATED)
_18605_/A1_N                            0.750000    0.961496   -0.211496 (VIOLATED)
_18577_/A1_N                            0.750000    0.961495   -0.211495 (VIOLATED)
_18625_/A1_N                            0.750000    0.961495   -0.211495 (VIOLATED)
fanout861/A                             0.750000    0.961494   -0.211494 (VIOLATED)
fanout863/X                             0.750000    0.961494   -0.211494 (VIOLATED)
_12574_/B                               0.750000    0.961411   -0.211411 (VIOLATED)
_17931_/A2                              0.750000    0.961408   -0.211408 (VIOLATED)
_12573_/Y                               0.750000    0.961360   -0.211360 (VIOLATED)
_13461_/S                               0.750000    0.961286   -0.211286 (VIOLATED)
_13703_/C1                              0.750000    0.961286   -0.211286 (VIOLATED)
_13474_/D1                              0.750000    0.961284   -0.211284 (VIOLATED)
_13487_/A1                              0.750000    0.961284   -0.211284 (VIOLATED)
_14086_/A                               0.750000    0.961284   -0.211284 (VIOLATED)
_13488_/B2                              0.750000    0.961282   -0.211282 (VIOLATED)
fanout1730/A                            0.750000    0.961281   -0.211281 (VIOLATED)
_13877_/C1                              0.750000    0.961281   -0.211281 (VIOLATED)
_13957_/C1                              0.750000    0.961281   -0.211281 (VIOLATED)
_13975_/A1                              0.750000    0.961281   -0.211281 (VIOLATED)
fanout1731/X                            0.750000    0.961281   -0.211281 (VIOLATED)
_12973_/B                               0.750000    0.959536   -0.209536 (VIOLATED)
_13022_/B                               0.750000    0.959536   -0.209536 (VIOLATED)
_13033_/A2                              0.750000    0.959536   -0.209536 (VIOLATED)
_13042_/C                               0.750000    0.959536   -0.209536 (VIOLATED)
_13350_/A3                              0.750000    0.959536   -0.209536 (VIOLATED)
_13522_/A3                              0.750000    0.959536   -0.209536 (VIOLATED)
_13732_/C1                              0.750000    0.959536   -0.209536 (VIOLATED)
_13743_/A3                              0.750000    0.959536   -0.209536 (VIOLATED)
_13750_/A2                              0.750000    0.959536   -0.209536 (VIOLATED)
_13753_/B2                              0.750000    0.959536   -0.209536 (VIOLATED)
fanout469/X                             0.750000    0.959536   -0.209536 (VIOLATED)
ANTENNA_32/DIODE                        0.750000    0.959261   -0.209261 (VIOLATED)
ANTENNA_25/DIODE                        0.750000    0.959260   -0.209260 (VIOLATED)
ANTENNA_27/DIODE                        0.750000    0.959260   -0.209261 (VIOLATED)
ANTENNA_29/DIODE                        0.750000    0.959261   -0.209261 (VIOLATED)
_17845_/A1                              0.750000    0.959260   -0.209260 (VIOLATED)
ANTENNA_24/DIODE                        0.750000    0.959259   -0.209260 (VIOLATED)
ANTENNA_26/DIODE                        0.750000    0.959259   -0.209259 (VIOLATED)
ANTENNA_28/DIODE                        0.750000    0.959259   -0.209259 (VIOLATED)
ANTENNA_30/DIODE                        0.750000    0.959259   -0.209259 (VIOLATED)
ANTENNA_31/DIODE                        0.750000    0.959258   -0.209258 (VIOLATED)
_17844_/X                               0.750000    0.958769   -0.208769 (VIOLATED)
_16795_/C1                              0.750000    0.958739   -0.208739 (VIOLATED)
_16802_/B1                              0.750000    0.958739   -0.208739 (VIOLATED)
_17000_/A1                              0.750000    0.958739   -0.208739 (VIOLATED)
_17065_/C1                              0.750000    0.958739   -0.208739 (VIOLATED)
_17067_/B1                              0.750000    0.958739   -0.208739 (VIOLATED)
_17310_/C1                              0.750000    0.958739   -0.208739 (VIOLATED)
fanout1587/A                            0.750000    0.958739   -0.208739 (VIOLATED)
fanout1588/A                            0.750000    0.958739   -0.208739 (VIOLATED)
fanout1589/X                            0.750000    0.958739   -0.208739 (VIOLATED)
_15989_/A1                              0.750000    0.958552   -0.208552 (VIOLATED)
_15957_/S                               0.750000    0.958551   -0.208551 (VIOLATED)
_17029_/A                               0.750000    0.958550   -0.208550 (VIOLATED)
_16444_/A1                              0.750000    0.958548   -0.208548 (VIOLATED)
_16453_/B1                              0.750000    0.958542   -0.208542 (VIOLATED)
_16458_/B1                              0.750000    0.958538   -0.208539 (VIOLATED)
_16212_/B1                              0.750000    0.958536   -0.208536 (VIOLATED)
_16226_/B1                              0.750000    0.958536   -0.208536 (VIOLATED)
_16761_/A                               0.750000    0.958536   -0.208536 (VIOLATED)
_16892_/B1                              0.750000    0.958536   -0.208536 (VIOLATED)
fanout683/X                             0.750000    0.958536   -0.208536 (VIOLATED)
fanout1760/A                            0.750000    0.958168   -0.208168 (VIOLATED)
_12909_/A1                              0.750000    0.958168   -0.208168 (VIOLATED)
_13641_/A1                              0.750000    0.958167   -0.208167 (VIOLATED)
_13709_/A1                              0.750000    0.958166   -0.208166 (VIOLATED)
_12867_/B2                              0.750000    0.958164   -0.208164 (VIOLATED)
_12875_/A_N                             0.750000    0.958164   -0.208164 (VIOLATED)
_12884_/A                               0.750000    0.958164   -0.208164 (VIOLATED)
_12908_/A1                              0.750000    0.958164   -0.208164 (VIOLATED)
_12943_/A1                              0.750000    0.958164   -0.208164 (VIOLATED)
_13725_/A1                              0.750000    0.958164   -0.208164 (VIOLATED)
fanout1761/X                            0.750000    0.958164   -0.208164 (VIOLATED)
_09404_/A                               0.750000    0.958058   -0.208058 (VIOLATED)
_11929_/C1                              0.750000    0.958058   -0.208058 (VIOLATED)
_11975_/C1                              0.750000    0.958058   -0.208058 (VIOLATED)
_11997_/A                               0.750000    0.958058   -0.208058 (VIOLATED)
_12036_/B1                              0.750000    0.958058   -0.208058 (VIOLATED)
_12076_/B1                              0.750000    0.958058   -0.208058 (VIOLATED)
_12108_/C1                              0.750000    0.958058   -0.208058 (VIOLATED)
_12121_/C1                              0.750000    0.958058   -0.208058 (VIOLATED)
_12233_/B1                              0.750000    0.958058   -0.208058 (VIOLATED)
_12236_/C1                              0.750000    0.958058   -0.208058 (VIOLATED)
fanout1017/X                            0.750000    0.958058   -0.208058 (VIOLATED)
_16133_/Y                               0.750000    0.957440   -0.207440 (VIOLATED)
_16137_/B1                              0.750000    0.957440   -0.207440 (VIOLATED)
_16163_/A2                              0.750000    0.957440   -0.207440 (VIOLATED)
_16989_/C1                              0.750000    0.957440   -0.207440 (VIOLATED)
_17056_/B1                              0.750000    0.957440   -0.207440 (VIOLATED)
_09441_/A                               0.750000    0.956880   -0.206880 (VIOLATED)
_14802_/B1                              0.750000    0.956880   -0.206880 (VIOLATED)
_14807_/C1                              0.750000    0.956880   -0.206880 (VIOLATED)
_14996_/B1                              0.750000    0.956880   -0.206880 (VIOLATED)
_15286_/B1                              0.750000    0.956880   -0.206880 (VIOLATED)
_15287_/A1                              0.750000    0.956880   -0.206880 (VIOLATED)
_15300_/B1                              0.750000    0.956880   -0.206880 (VIOLATED)
_15413_/B1                              0.750000    0.956880   -0.206880 (VIOLATED)
_17792_/A0                              0.750000    0.956880   -0.206880 (VIOLATED)
fanout1254/A                            0.750000    0.956880   -0.206880 (VIOLATED)
fanout1255/X                            0.750000    0.956880   -0.206880 (VIOLATED)
_16261_/A                               0.750000    0.956351   -0.206351 (VIOLATED)
_16283_/A                               0.750000    0.956351   -0.206351 (VIOLATED)
_16285_/A                               0.750000    0.956351   -0.206351 (VIOLATED)
_16299_/A                               0.750000    0.956351   -0.206351 (VIOLATED)
_16340_/A1                              0.750000    0.956351   -0.206351 (VIOLATED)
_16531_/A                               0.750000    0.956351   -0.206351 (VIOLATED)
_16640_/A1                              0.750000    0.956351   -0.206351 (VIOLATED)
_16825_/A                               0.750000    0.956351   -0.206351 (VIOLATED)
_17101_/A1                              0.750000    0.956351   -0.206351 (VIOLATED)
_17225_/A                               0.750000    0.956351   -0.206351 (VIOLATED)
fanout660/X                             0.750000    0.956351   -0.206351 (VIOLATED)
_14602_/B                               0.750000    0.955986   -0.205986 (VIOLATED)
_14606_/A2                              0.750000    0.955986   -0.205986 (VIOLATED)
_14624_/A2                              0.750000    0.955986   -0.205986 (VIOLATED)
_14625_/A2                              0.750000    0.955986   -0.205986 (VIOLATED)
_14631_/B                               0.750000    0.955986   -0.205986 (VIOLATED)
_14632_/A_N                             0.750000    0.955986   -0.205986 (VIOLATED)
_14638_/B                               0.750000    0.955986   -0.205986 (VIOLATED)
_14639_/A2                              0.750000    0.955986   -0.205986 (VIOLATED)
_14642_/B                               0.750000    0.955986   -0.205986 (VIOLATED)
_14702_/A_N                             0.750000    0.955986   -0.205986 (VIOLATED)
fanout1572/X                            0.750000    0.955986   -0.205986 (VIOLATED)
_10581_/A2                              0.750000    0.954502   -0.204502 (VIOLATED)
_11051_/A2                              0.750000    0.954501   -0.204501 (VIOLATED)
_10563_/A1                              0.750000    0.954499   -0.204499 (VIOLATED)
_11063_/A1                              0.750000    0.954498   -0.204498 (VIOLATED)
_10570_/A                               0.750000    0.954497   -0.204497 (VIOLATED)
_10378_/B                               0.750000    0.954495   -0.204495 (VIOLATED)
_10785_/A1                              0.750000    0.954495   -0.204495 (VIOLATED)
_10796_/A1                              0.750000    0.954495   -0.204495 (VIOLATED)
_10905_/B2                              0.750000    0.954495   -0.204495 (VIOLATED)
_11335_/A2                              0.750000    0.954495   -0.204495 (VIOLATED)
fanout545/X                             0.750000    0.954495   -0.204495 (VIOLATED)
_12477_/C1                              0.750000    0.953423   -0.203423 (VIOLATED)
_12600_/C1                              0.750000    0.953423   -0.203423 (VIOLATED)
_12590_/B1                              0.750000    0.953420   -0.203420 (VIOLATED)
_12589_/A                               0.750000    0.953419   -0.203419 (VIOLATED)
_12369_/B1                              0.750000    0.953418   -0.203418 (VIOLATED)
_12437_/A1                              0.750000    0.953418   -0.203418 (VIOLATED)
_12481_/D1                              0.750000    0.953418   -0.203418 (VIOLATED)
_12484_/A                               0.750000    0.953418   -0.203418 (VIOLATED)
_12564_/A1                              0.750000    0.953418   -0.203418 (VIOLATED)
_12636_/A                               0.750000    0.953418   -0.203418 (VIOLATED)
fanout963/X                             0.750000    0.953418   -0.203418 (VIOLATED)
_15585_/A1                              0.750000    0.952309   -0.202309 (VIOLATED)
_15044_/S1                              0.750000    0.952307   -0.202308 (VIOLATED)
_14485_/C1                              0.750000    0.952307   -0.202307 (VIOLATED)
_14441_/C1                              0.750000    0.952305   -0.202305 (VIOLATED)
_15522_/B1                              0.750000    0.952302   -0.202302 (VIOLATED)
_15261_/B1                              0.750000    0.952302   -0.202302 (VIOLATED)
_14428_/A1                              0.750000    0.952300   -0.202301 (VIOLATED)
_14757_/B1                              0.750000    0.952300   -0.202301 (VIOLATED)
_15046_/A1                              0.750000    0.952300   -0.202301 (VIOLATED)
_15264_/A                               0.750000    0.952300   -0.202301 (VIOLATED)
fanout713/X                             0.750000    0.952300   -0.202301 (VIOLATED)
_16259_/A                               0.750000    0.951600   -0.201600 (VIOLATED)
_16260_/A                               0.750000    0.951600   -0.201600 (VIOLATED)
_16269_/B                               0.750000    0.951600   -0.201600 (VIOLATED)
_16273_/A                               0.750000    0.951600   -0.201600 (VIOLATED)
_16280_/B                               0.750000    0.951600   -0.201600 (VIOLATED)
_16282_/A_N                             0.750000    0.951600   -0.201600 (VIOLATED)
_16286_/B                               0.750000    0.951600   -0.201600 (VIOLATED)
_16303_/A_N                             0.750000    0.951600   -0.201600 (VIOLATED)
_16308_/A                               0.750000    0.951600   -0.201600 (VIOLATED)
_16637_/B1                              0.750000    0.951600   -0.201600 (VIOLATED)
fanout1394/X                            0.750000    0.951600   -0.201600 (VIOLATED)
_10071_/B1                              0.750000    0.951540   -0.201540 (VIOLATED)
_10105_/B1                              0.750000    0.951540   -0.201540 (VIOLATED)
_10133_/A                               0.750000    0.951540   -0.201540 (VIOLATED)
_10135_/C1                              0.750000    0.951540   -0.201540 (VIOLATED)
_10138_/A                               0.750000    0.951540   -0.201540 (VIOLATED)
_10306_/A1                              0.750000    0.951540   -0.201540 (VIOLATED)
_10308_/B1                              0.750000    0.951540   -0.201540 (VIOLATED)
_10729_/A1                              0.750000    0.951540   -0.201540 (VIOLATED)
_10732_/C1                              0.750000    0.951540   -0.201540 (VIOLATED)
_11108_/B1                              0.750000    0.951540   -0.201540 (VIOLATED)
fanout808/X                             0.750000    0.951540   -0.201540 (VIOLATED)
_11430_/B                               0.750000    0.950856   -0.200856 (VIOLATED)
_11433_/A                               0.750000    0.950856   -0.200856 (VIOLATED)
_11465_/A                               0.750000    0.950856   -0.200856 (VIOLATED)
_11485_/A                               0.750000    0.950856   -0.200856 (VIOLATED)
_11501_/A2                              0.750000    0.950856   -0.200856 (VIOLATED)
_11515_/A                               0.750000    0.950856   -0.200856 (VIOLATED)
_11516_/A                               0.750000    0.950856   -0.200856 (VIOLATED)
_11540_/S0                              0.750000    0.950856   -0.200856 (VIOLATED)
_11563_/B                               0.750000    0.950856   -0.200856 (VIOLATED)
_11594_/A1                              0.750000    0.950856   -0.200856 (VIOLATED)
fanout794/X                             0.750000    0.950856   -0.200856 (VIOLATED)
_09471_/A                               0.750000    0.950624   -0.200624 (VIOLATED)
_15885_/A                               0.750000    0.950624   -0.200624 (VIOLATED)
_15887_/B                               0.750000    0.950624   -0.200624 (VIOLATED)
_15900_/C                               0.750000    0.950624   -0.200624 (VIOLATED)
_15905_/A                               0.750000    0.950624   -0.200624 (VIOLATED)
_15918_/A1                              0.750000    0.950624   -0.200624 (VIOLATED)
_15932_/A                               0.750000    0.950624   -0.200624 (VIOLATED)
_15960_/A1                              0.750000    0.950624   -0.200624 (VIOLATED)
_16215_/A                               0.750000    0.950624   -0.200624 (VIOLATED)
_16219_/A1                              0.750000    0.950624   -0.200624 (VIOLATED)
fanout1849/X                            0.750000    0.950624   -0.200624 (VIOLATED)
_10976_/A3                              0.750000    0.950181   -0.200181 (VIOLATED)
_11149_/A2                              0.750000    0.950167   -0.200167 (VIOLATED)
_10819_/A3                              0.750000    0.950166   -0.200166 (VIOLATED)
_10234_/Y                               0.750000    0.950164   -0.200164 (VIOLATED)
_10643_/A2                              0.750000    0.950164   -0.200164 (VIOLATED)
_11398_/A2                              0.750000    0.950164   -0.200164 (VIOLATED)
_11846_/B                               0.750000    0.949240   -0.199240 (VIOLATED)
_11924_/A1                              0.750000    0.949240   -0.199240 (VIOLATED)
_11977_/A                               0.750000    0.949240   -0.199240 (VIOLATED)
_12074_/A1                              0.750000    0.949240   -0.199240 (VIOLATED)
_12217_/A1                              0.750000    0.949240   -0.199240 (VIOLATED)
_12219_/A1                              0.750000    0.949240   -0.199240 (VIOLATED)
fanout782/A                             0.750000    0.949240   -0.199240 (VIOLATED)
fanout783/X                             0.750000    0.949240   -0.199240 (VIOLATED)
_16137_/A1                              0.750000    0.944453   -0.194453 (VIOLATED)
_16154_/A                               0.750000    0.944453   -0.194453 (VIOLATED)
_16160_/A2                              0.750000    0.944453   -0.194453 (VIOLATED)
_16201_/B                               0.750000    0.944453   -0.194453 (VIOLATED)
_16481_/A3                              0.750000    0.944453   -0.194453 (VIOLATED)
_16670_/A                               0.750000    0.944453   -0.194453 (VIOLATED)
_16690_/A1                              0.750000    0.944453   -0.194453 (VIOLATED)
_16698_/A1_N                            0.750000    0.944453   -0.194453 (VIOLATED)
_16792_/B1                              0.750000    0.944453   -0.194453 (VIOLATED)
_17296_/A1                              0.750000    0.944453   -0.194453 (VIOLATED)
fanout399/X                             0.750000    0.944453   -0.194453 (VIOLATED)
_09841_/A                               0.750000    0.944076   -0.194076 (VIOLATED)
_09853_/A                               0.750000    0.944077   -0.194077 (VIOLATED)
_09778_/B                               0.750000    0.944076   -0.194076 (VIOLATED)
_09779_/C_N                             0.750000    0.944076   -0.194076 (VIOLATED)
_09840_/A1                              0.750000    0.944076   -0.194076 (VIOLATED)
_09865_/A                               0.750000    0.944076   -0.194076 (VIOLATED)
_09868_/A_N                             0.750000    0.944076   -0.194076 (VIOLATED)
_09869_/A1                              0.750000    0.944076   -0.194076 (VIOLATED)
_10371_/A1                              0.750000    0.944076   -0.194076 (VIOLATED)
_10568_/A1                              0.750000    0.944076   -0.194076 (VIOLATED)
fanout1189/X                            0.750000    0.944076   -0.194076 (VIOLATED)
_14821_/B                               0.750000    0.943364   -0.193364 (VIOLATED)
_14820_/X                               0.750000    0.943335   -0.193335 (VIOLATED)
_14498_/B                               0.750000    0.942280   -0.192280 (VIOLATED)
_14523_/B                               0.750000    0.942280   -0.192280 (VIOLATED)
_14524_/B                               0.750000    0.942280   -0.192280 (VIOLATED)
_14549_/A2                              0.750000    0.942280   -0.192280 (VIOLATED)
_14552_/B                               0.750000    0.942280   -0.192280 (VIOLATED)
_14557_/B                               0.750000    0.942280   -0.192280 (VIOLATED)
_14558_/B                               0.750000    0.942280   -0.192280 (VIOLATED)
_14566_/B                               0.750000    0.942280   -0.192280 (VIOLATED)
fanout1807/A                            0.750000    0.942280   -0.192280 (VIOLATED)
fanout1808/X                            0.750000    0.942280   -0.192280 (VIOLATED)
ANTENNA_256/DIODE                       0.750000    0.941830   -0.191830 (VIOLATED)
ANTENNA_258/DIODE                       0.750000    0.941830   -0.191830 (VIOLATED)
ANTENNA_255/DIODE                       0.750000    0.941829   -0.191829 (VIOLATED)
_17500_/A1                              0.750000    0.941829   -0.191829 (VIOLATED)
ANTENNA_257/DIODE                       0.750000    0.941829   -0.191829 (VIOLATED)
ANTENNA_259/DIODE                       0.750000    0.941829   -0.191829 (VIOLATED)
_18270_/B2                              0.750000    0.941707   -0.191707 (VIOLATED)
_18274_/B2                              0.750000    0.941677   -0.191677 (VIOLATED)
_18278_/B2                              0.750000    0.941671   -0.191671 (VIOLATED)
_18282_/B2                              0.750000    0.941670   -0.191670 (VIOLATED)
_18276_/B2                              0.750000    0.941661   -0.191661 (VIOLATED)
_18272_/B2                              0.750000    0.941659   -0.191659 (VIOLATED)
_18284_/B2                              0.750000    0.941636   -0.191636 (VIOLATED)
_18280_/B2                              0.750000    0.941629   -0.191629 (VIOLATED)
_17499_/X                               0.750000    0.941593   -0.191593 (VIOLATED)
_18172_/B                               0.750000    0.941382   -0.191382 (VIOLATED)
_18154_/X                               0.750000    0.941377   -0.191377 (VIOLATED)
_11862_/A_N                             0.750000    0.940528   -0.190528 (VIOLATED)
_11868_/A                               0.750000    0.940528   -0.190528 (VIOLATED)
_11869_/B                               0.750000    0.940528   -0.190528 (VIOLATED)
_11870_/B                               0.750000    0.940528   -0.190528 (VIOLATED)
_11871_/A                               0.750000    0.940528   -0.190528 (VIOLATED)
_11874_/A2                              0.750000    0.940528   -0.190528 (VIOLATED)
_11877_/A                               0.750000    0.940528   -0.190528 (VIOLATED)
_11897_/A                               0.750000    0.940528   -0.190528 (VIOLATED)
_11901_/A                               0.750000    0.940528   -0.190528 (VIOLATED)
_11932_/A2                              0.750000    0.940528   -0.190528 (VIOLATED)
fanout1047/X                            0.750000    0.940528   -0.190528 (VIOLATED)
_13565_/A1                              0.750000    0.940406   -0.190406 (VIOLATED)
_13554_/A1                              0.750000    0.940406   -0.190406 (VIOLATED)
_12764_/A                               0.750000    0.940405   -0.190405 (VIOLATED)
_12796_/A                               0.750000    0.940405   -0.190405 (VIOLATED)
_12803_/A                               0.750000    0.940405   -0.190405 (VIOLATED)
_13397_/A                               0.750000    0.940405   -0.190405 (VIOLATED)
_13821_/A1                              0.750000    0.940405   -0.190405 (VIOLATED)
_13922_/A1                              0.750000    0.940405   -0.190405 (VIOLATED)
_13931_/A                               0.750000    0.940405   -0.190405 (VIOLATED)
fanout756/A                             0.750000    0.940405   -0.190405 (VIOLATED)
fanout757/X                             0.750000    0.940405   -0.190405 (VIOLATED)
_16248_/A                               0.750000    0.940152   -0.190152 (VIOLATED)
_16753_/C1                              0.750000    0.940151   -0.190151 (VIOLATED)
_16626_/C1                              0.750000    0.940151   -0.190151 (VIOLATED)
_16627_/A1                              0.750000    0.940151   -0.190151 (VIOLATED)
fanout1823/A                            0.750000    0.940150   -0.190150 (VIOLATED)
_17164_/C1                              0.750000    0.940150   -0.190150 (VIOLATED)
_17019_/A                               0.750000    0.940149   -0.190149 (VIOLATED)
_09469_/A                               0.750000    0.940149   -0.190149 (VIOLATED)
_17494_/A0                              0.750000    0.940149   -0.190149 (VIOLATED)
fanout1824/X                            0.750000    0.940149   -0.190149 (VIOLATED)
_13108_/B                               0.750000    0.939790   -0.189791 (VIOLATED)
_13279_/A0                              0.750000    0.939791   -0.189791 (VIOLATED)
_13113_/A                               0.750000    0.939790   -0.189790 (VIOLATED)
_13125_/B                               0.750000    0.939787   -0.189787 (VIOLATED)
_13269_/A                               0.750000    0.939786   -0.189786 (VIOLATED)
_13118_/C                               0.750000    0.939786   -0.189786 (VIOLATED)
_13174_/B                               0.750000    0.939780   -0.189780 (VIOLATED)
_13071_/B                               0.750000    0.939780   -0.189780 (VIOLATED)
_13134_/A1_N                            0.750000    0.939780   -0.189780 (VIOLATED)
_13260_/C                               0.750000    0.939780   -0.189780 (VIOLATED)
fanout466/X                             0.750000    0.939780   -0.189780 (VIOLATED)
_09436_/A                               0.750000    0.937878   -0.187878 (VIOLATED)
_13054_/B1                              0.750000    0.937878   -0.187878 (VIOLATED)
_13357_/B1                              0.750000    0.937878   -0.187878 (VIOLATED)
_13359_/A                               0.750000    0.937878   -0.187878 (VIOLATED)
_13527_/A1                              0.750000    0.937878   -0.187878 (VIOLATED)
_13734_/A1                              0.750000    0.937878   -0.187878 (VIOLATED)
_13996_/B1                              0.750000    0.937878   -0.187878 (VIOLATED)
_14002_/C1                              0.750000    0.937878   -0.187878 (VIOLATED)
_14075_/B2                              0.750000    0.937878   -0.187878 (VIOLATED)
_17817_/A0                              0.750000    0.937878   -0.187878 (VIOLATED)
fanout1210/X                            0.750000    0.937878   -0.187878 (VIOLATED)
_16159_/A                               0.750000    0.937425   -0.187425 (VIOLATED)
_16477_/B1                              0.750000    0.937425   -0.187425 (VIOLATED)
_16800_/C1                              0.750000    0.937425   -0.187425 (VIOLATED)
_16806_/A1                              0.750000    0.937425   -0.187425 (VIOLATED)
_16974_/A                               0.750000    0.937425   -0.187425 (VIOLATED)
_17048_/B1                              0.750000    0.937425   -0.187425 (VIOLATED)
_17060_/B1                              0.750000    0.937425   -0.187425 (VIOLATED)
_17063_/C1                              0.750000    0.937425   -0.187425 (VIOLATED)
_17180_/C1                              0.750000    0.937425   -0.187425 (VIOLATED)
_17301_/C1                              0.750000    0.937425   -0.187425 (VIOLATED)
fanout653/X                             0.750000    0.937425   -0.187425 (VIOLATED)
_14275_/A                               0.750000    0.937077   -0.187077 (VIOLATED)
_14296_/A                               0.750000    0.937077   -0.187077 (VIOLATED)
_14318_/A                               0.750000    0.937077   -0.187077 (VIOLATED)
_14320_/B                               0.750000    0.937077   -0.187077 (VIOLATED)
_14340_/A1                              0.750000    0.937077   -0.187077 (VIOLATED)
_14342_/B                               0.750000    0.937077   -0.187077 (VIOLATED)
_14766_/A_N                             0.750000    0.937077   -0.187077 (VIOLATED)
_14952_/A1                              0.750000    0.937077   -0.187077 (VIOLATED)
fanout1288/A                            0.750000    0.937077   -0.187077 (VIOLATED)
fanout1289/A                            0.750000    0.937077   -0.187077 (VIOLATED)
fanout1290/X                            0.750000    0.937077   -0.187077 (VIOLATED)
_09385_/A                               0.750000    0.935012   -0.185012 (VIOLATED)
_10142_/B1                              0.750000    0.935012   -0.185012 (VIOLATED)
_10311_/A1                              0.750000    0.935012   -0.185012 (VIOLATED)
_10322_/C1                              0.750000    0.935012   -0.185012 (VIOLATED)
_10324_/A1                              0.750000    0.935012   -0.185012 (VIOLATED)
_10328_/A1                              0.750000    0.935012   -0.185012 (VIOLATED)
_10329_/A1                              0.750000    0.935012   -0.185012 (VIOLATED)
_11118_/C1                              0.750000    0.935012   -0.185012 (VIOLATED)
_11130_/A1                              0.750000    0.935012   -0.185012 (VIOLATED)
_11350_/C1                              0.750000    0.935012   -0.185012 (VIOLATED)
fanout1402/X                            0.750000    0.935012   -0.185012 (VIOLATED)
_11154_/A1                              0.750000    0.934989   -0.184989 (VIOLATED)
_11137_/B2                              0.750000    0.934989   -0.184989 (VIOLATED)
_10236_/B                               0.750000    0.934988   -0.184988 (VIOLATED)
_10440_/A                               0.750000    0.934988   -0.184988 (VIOLATED)
_10443_/A1                              0.750000    0.934988   -0.184988 (VIOLATED)
_10445_/B                               0.750000    0.934988   -0.184988 (VIOLATED)
_10660_/A2                              0.750000    0.934988   -0.184988 (VIOLATED)
_10664_/A2                              0.750000    0.934988   -0.184988 (VIOLATED)
_10672_/C1                              0.750000    0.934988   -0.184988 (VIOLATED)
_10992_/A                               0.750000    0.934988   -0.184988 (VIOLATED)
fanout514/X                             0.750000    0.934988   -0.184988 (VIOLATED)
_12701_/A_N                             0.750000    0.934065   -0.184065 (VIOLATED)
_12746_/B                               0.750000    0.934065   -0.184065 (VIOLATED)
_12747_/B                               0.750000    0.934065   -0.184065 (VIOLATED)
_12762_/B                               0.750000    0.934065   -0.184065 (VIOLATED)
_13549_/B                               0.750000    0.934065   -0.184065 (VIOLATED)
_13800_/B2                              0.750000    0.934065   -0.184065 (VIOLATED)
_13820_/A3                              0.750000    0.934065   -0.184065 (VIOLATED)
fanout1482/A                            0.750000    0.934065   -0.184065 (VIOLATED)
fanout1483/X                            0.750000    0.934065   -0.184065 (VIOLATED)
_09391_/A                               0.750000    0.933928   -0.183928 (VIOLATED)
_10251_/S1                              0.750000    0.933928   -0.183928 (VIOLATED)
_10471_/C1                              0.750000    0.933928   -0.183928 (VIOLATED)
_10678_/B1                              0.750000    0.933928   -0.183928 (VIOLATED)
_10845_/B1                              0.750000    0.933928   -0.183928 (VIOLATED)
_10997_/C1                              0.750000    0.933928   -0.183928 (VIOLATED)
_10998_/A1                              0.750000    0.933928   -0.183928 (VIOLATED)
_11000_/C1                              0.750000    0.933928   -0.183928 (VIOLATED)
_11162_/B2                              0.750000    0.933928   -0.183928 (VIOLATED)
_11391_/B1                              0.750000    0.933928   -0.183928 (VIOLATED)
fanout902/X                             0.750000    0.933928   -0.183928 (VIOLATED)
_12693_/B1                              0.750000    0.933550   -0.183550 (VIOLATED)
_12719_/B                               0.750000    0.933550   -0.183550 (VIOLATED)
_12729_/A                               0.750000    0.933550   -0.183550 (VIOLATED)
_12739_/A                               0.750000    0.933550   -0.183550 (VIOLATED)
_12748_/A1                              0.750000    0.933550   -0.183550 (VIOLATED)
_13229_/B1                              0.750000    0.933550   -0.183550 (VIOLATED)
_13241_/A1                              0.750000    0.933550   -0.183550 (VIOLATED)
_13242_/B1                              0.750000    0.933550   -0.183550 (VIOLATED)
_13251_/A1                              0.750000    0.933550   -0.183550 (VIOLATED)
_13548_/A1                              0.750000    0.933550   -0.183550 (VIOLATED)
fanout1468/X                            0.750000    0.933550   -0.183550 (VIOLATED)
_17138_/B                               0.750000    0.932346   -0.182346 (VIOLATED)
_18481_/B1                              0.750000    0.931674   -0.181674 (VIOLATED)
_18497_/B1                              0.750000    0.931673   -0.181673 (VIOLATED)
_18681_/B1                              0.750000    0.931672   -0.181672 (VIOLATED)
_18687_/B1                              0.750000    0.931669   -0.181669 (VIOLATED)
fanout363/A                             0.750000    0.931669   -0.181669 (VIOLATED)
fanout364/A                             0.750000    0.931669   -0.181669 (VIOLATED)
fanout365/A                             0.750000    0.931669   -0.181669 (VIOLATED)
fanout366/X                             0.750000    0.931669   -0.181669 (VIOLATED)
_17137_/X                               0.750000    0.931471   -0.181471 (VIOLATED)
_16383_/B2                              0.750000    0.930187   -0.180187 (VIOLATED)
_16389_/B1                              0.750000    0.930187   -0.180187 (VIOLATED)
_16575_/A                               0.750000    0.930187   -0.180187 (VIOLATED)
_16578_/C1                              0.750000    0.930187   -0.180187 (VIOLATED)
_16580_/C1                              0.750000    0.930187   -0.180187 (VIOLATED)
_16583_/A1                              0.750000    0.930187   -0.180187 (VIOLATED)
_16709_/C1                              0.750000    0.930187   -0.180187 (VIOLATED)
_16714_/C1                              0.750000    0.930187   -0.180187 (VIOLATED)
_16871_/B1                              0.750000    0.930187   -0.180187 (VIOLATED)
_17099_/A1                              0.750000    0.930187   -0.180187 (VIOLATED)
fanout1107/X                            0.750000    0.930187   -0.180187 (VIOLATED)
_16698_/B1                              0.750000    0.930083   -0.180083 (VIOLATED)
_16780_/A1                              0.750000    0.930083   -0.180083 (VIOLATED)
_16142_/A2                              0.750000    0.930083   -0.180083 (VIOLATED)
_16473_/A2                              0.750000    0.930083   -0.180083 (VIOLATED)
_16147_/A1                              0.750000    0.930082   -0.180082 (VIOLATED)
_16682_/A3                              0.750000    0.930082   -0.180082 (VIOLATED)
_16468_/A1                              0.750000    0.930081   -0.180081 (VIOLATED)
_16488_/B                               0.750000    0.930080   -0.180080 (VIOLATED)
_16689_/A1                              0.750000    0.930080   -0.180080 (VIOLATED)
_16691_/A3                              0.750000    0.930080   -0.180080 (VIOLATED)
fanout394/X                             0.750000    0.930080   -0.180080 (VIOLATED)
_11751_/A                               0.750000    0.929316   -0.179316 (VIOLATED)
_11718_/X                               0.750000    0.929223   -0.179223 (VIOLATED)
ANTENNA_10/DIODE                        0.750000    0.929121   -0.179121 (VIOLATED)
ANTENNA_11/DIODE                        0.750000    0.929121   -0.179121 (VIOLATED)
ANTENNA_12/DIODE                        0.750000    0.929121   -0.179121 (VIOLATED)
ANTENNA_13/DIODE                        0.750000    0.929121   -0.179121 (VIOLATED)
ANTENNA_14/DIODE                        0.750000    0.929121   -0.179121 (VIOLATED)
_17794_/X                               0.750000    0.929121   -0.179121 (VIOLATED)
_17795_/A1                              0.750000    0.929121   -0.179121 (VIOLATED)
_14279_/A                               0.750000    0.928988   -0.178988 (VIOLATED)
_14999_/A                               0.750000    0.928988   -0.178988 (VIOLATED)
_15003_/B2                              0.750000    0.928988   -0.178988 (VIOLATED)
_15154_/S                               0.750000    0.928988   -0.178988 (VIOLATED)
_15169_/A1                              0.750000    0.928988   -0.178988 (VIOLATED)
_15289_/A1                              0.750000    0.928988   -0.178988 (VIOLATED)
_15291_/A1                              0.750000    0.928988   -0.178988 (VIOLATED)
_15420_/A1                              0.750000    0.928988   -0.178988 (VIOLATED)
_15539_/A1                              0.750000    0.928988   -0.178988 (VIOLATED)
_15554_/B2                              0.750000    0.928988   -0.178988 (VIOLATED)
fanout721/X                             0.750000    0.928988   -0.178988 (VIOLATED)
_16256_/A_N                             0.750000    0.928807   -0.178807 (VIOLATED)
_16257_/B                               0.750000    0.928807   -0.178807 (VIOLATED)
_16264_/B                               0.750000    0.928807   -0.178807 (VIOLATED)
_16274_/A                               0.750000    0.928807   -0.178807 (VIOLATED)
_16277_/B                               0.750000    0.928807   -0.178807 (VIOLATED)
_16283_/B                               0.750000    0.928807   -0.178807 (VIOLATED)
_16284_/A                               0.750000    0.928807   -0.178807 (VIOLATED)
_16307_/A                               0.750000    0.928807   -0.178807 (VIOLATED)
_16643_/A1                              0.750000    0.928807   -0.178807 (VIOLATED)
fanout1394/A                            0.750000    0.928807   -0.178807 (VIOLATED)
fanout1395/X                            0.750000    0.928807   -0.178807 (VIOLATED)
_18433_/B1                              0.750000    0.927607   -0.177607 (VIOLATED)
_18440_/B1                              0.750000    0.927605   -0.177605 (VIOLATED)
_18436_/B1                              0.750000    0.927603   -0.177603 (VIOLATED)
_18434_/B1                              0.750000    0.927597   -0.177597 (VIOLATED)
fanout249/A                             0.750000    0.927588   -0.177588 (VIOLATED)
fanout250/A                             0.750000    0.927584   -0.177584 (VIOLATED)
fanout252/X                             0.750000    0.927584   -0.177584 (VIOLATED)
ANTENNA_18/DIODE                        0.750000    0.927184   -0.177184 (VIOLATED)
ANTENNA_19/DIODE                        0.750000    0.927184   -0.177184 (VIOLATED)
ANTENNA_20/DIODE                        0.750000    0.927184   -0.177184 (VIOLATED)
ANTENNA_21/DIODE                        0.750000    0.927184   -0.177184 (VIOLATED)
ANTENNA_22/DIODE                        0.750000    0.927184   -0.177184 (VIOLATED)
_17832_/A1                              0.750000    0.927184   -0.177184 (VIOLATED)
ANTENNA_17/DIODE                        0.750000    0.927183   -0.177183 (VIOLATED)
ANTENNA_23/DIODE                        0.750000    0.927183   -0.177183 (VIOLATED)
_17831_/X                               0.750000    0.927174   -0.177174 (VIOLATED)
_14084_/A                               0.750000    0.925735   -0.175735 (VIOLATED)
_14096_/B1                              0.750000    0.925735   -0.175735 (VIOLATED)
_14102_/B1                              0.750000    0.925735   -0.175735 (VIOLATED)
_14103_/A1                              0.750000    0.925734   -0.175734 (VIOLATED)
_14090_/A1                              0.750000    0.925734   -0.175734 (VIOLATED)
_13878_/C1                              0.750000    0.925732   -0.175732 (VIOLATED)
_09430_/A                               0.750000    0.925730   -0.175730 (VIOLATED)
_13299_/A1                              0.750000    0.925726   -0.175726 (VIOLATED)
_13489_/S1                              0.750000    0.925726   -0.175726 (VIOLATED)
_13712_/B1                              0.750000    0.925726   -0.175726 (VIOLATED)
fanout1734/X                            0.750000    0.925726   -0.175726 (VIOLATED)
_11496_/B                               0.750000    0.923971   -0.173971 (VIOLATED)
_11611_/C                               0.750000    0.923971   -0.173971 (VIOLATED)
_11606_/B                               0.750000    0.923970   -0.173970 (VIOLATED)
_11551_/B                               0.750000    0.923970   -0.173970 (VIOLATED)
_11494_/B2                              0.750000    0.923968   -0.173968 (VIOLATED)
_11548_/A1                              0.750000    0.923967   -0.173968 (VIOLATED)
_11553_/A2                              0.750000    0.923967   -0.173968 (VIOLATED)
_11598_/A2                              0.750000    0.923967   -0.173968 (VIOLATED)
_11644_/B2                              0.750000    0.923968   -0.173968 (VIOLATED)
_11728_/B1                              0.750000    0.923967   -0.173968 (VIOLATED)
fanout505/X                             0.750000    0.923967   -0.173968 (VIOLATED)
_09416_/A                               0.750000    0.923925   -0.173925 (VIOLATED)
_12752_/B1                              0.750000    0.923925   -0.173925 (VIOLATED)
_12766_/A1                              0.750000    0.923925   -0.173925 (VIOLATED)
_12772_/A1                              0.750000    0.923925   -0.173925 (VIOLATED)
_12791_/A1                              0.750000    0.923925   -0.173925 (VIOLATED)
_13567_/B1                              0.750000    0.923925   -0.173925 (VIOLATED)
_13779_/A                               0.750000    0.923925   -0.173925 (VIOLATED)
_13794_/C1                              0.750000    0.923925   -0.173925 (VIOLATED)
fanout1445/A                            0.750000    0.923925   -0.173925 (VIOLATED)
fanout1446/A                            0.750000    0.923925   -0.173925 (VIOLATED)
fanout1447/X                            0.750000    0.923925   -0.173925 (VIOLATED)
_16376_/B1                              0.750000    0.923802   -0.173802 (VIOLATED)
_16571_/C1                              0.750000    0.923802   -0.173802 (VIOLATED)
_16574_/A1                              0.750000    0.923802   -0.173802 (VIOLATED)
_16724_/A                               0.750000    0.923802   -0.173802 (VIOLATED)
_16738_/A                               0.750000    0.923802   -0.173802 (VIOLATED)
_16857_/S1                              0.750000    0.923802   -0.173802 (VIOLATED)
_16943_/C1                              0.750000    0.923802   -0.173802 (VIOLATED)
_16950_/C1                              0.750000    0.923802   -0.173802 (VIOLATED)
_17094_/C1                              0.750000    0.923802   -0.173802 (VIOLATED)
_17223_/S                               0.750000    0.923802   -0.173802 (VIOLATED)
fanout676/X                             0.750000    0.923802   -0.173802 (VIOLATED)
_18041_/A1                              0.750000    0.922969   -0.172969 (VIOLATED)
_17911_/A1                              0.750000    0.922968   -0.172968 (VIOLATED)
_18025_/A1                              0.750000    0.922968   -0.172968 (VIOLATED)
_18087_/A1                              0.750000    0.922968   -0.172968 (VIOLATED)
_18089_/A1                              0.750000    0.922968   -0.172968 (VIOLATED)
_18097_/A1                              0.750000    0.922968   -0.172968 (VIOLATED)
_18103_/A1                              0.750000    0.922968   -0.172968 (VIOLATED)
_18105_/A1                              0.750000    0.922968   -0.172968 (VIOLATED)
fanout894/A                             0.750000    0.922968   -0.172968 (VIOLATED)
fanout895/X                             0.750000    0.922968   -0.172968 (VIOLATED)
_14640_/A                               0.750000    0.922057   -0.172057 (VIOLATED)
_14657_/B                               0.750000    0.922057   -0.172057 (VIOLATED)
_14664_/A1                              0.750000    0.922057   -0.172057 (VIOLATED)
_14695_/C1                              0.750000    0.922057   -0.172057 (VIOLATED)
_14697_/B                               0.750000    0.922057   -0.172057 (VIOLATED)
_14842_/A                               0.750000    0.922057   -0.172057 (VIOLATED)
_15051_/A                               0.750000    0.922057   -0.172057 (VIOLATED)
_15343_/B1                              0.750000    0.922057   -0.172057 (VIOLATED)
_15344_/A1                              0.750000    0.922057   -0.172057 (VIOLATED)
_15485_/A1                              0.750000    0.922057   -0.172057 (VIOLATED)
fanout697/X                             0.750000    0.922057   -0.172057 (VIOLATED)
_15419_/C1                              0.750000    0.921981   -0.171981 (VIOLATED)
_15543_/B1                              0.750000    0.921981   -0.171981 (VIOLATED)
_15293_/A1                              0.750000    0.921980   -0.171980 (VIOLATED)
_15171_/A1                              0.750000    0.921980   -0.171980 (VIOLATED)
_15410_/C1                              0.750000    0.921979   -0.171979 (VIOLATED)
_15431_/A1                              0.750000    0.921979   -0.171979 (VIOLATED)
_15557_/A1                              0.750000    0.921977   -0.171977 (VIOLATED)
_14773_/C1                              0.750000    0.921977   -0.171977 (VIOLATED)
_14812_/A                               0.750000    0.921977   -0.171977 (VIOLATED)
_14959_/A1                              0.750000    0.921977   -0.171977 (VIOLATED)
fanout1253/X                            0.750000    0.921977   -0.171977 (VIOLATED)
_16312_/A1                              0.750000    0.921284   -0.171284 (VIOLATED)
_16628_/A                               0.750000    0.921284   -0.171284 (VIOLATED)
_16640_/B1                              0.750000    0.921284   -0.171284 (VIOLATED)
_16918_/B1                              0.750000    0.921284   -0.171284 (VIOLATED)
_17240_/A                               0.750000    0.921284   -0.171284 (VIOLATED)
_17273_/A1                              0.750000    0.921284   -0.171284 (VIOLATED)
fanout657/A                             0.750000    0.921284   -0.171284 (VIOLATED)
fanout658/A                             0.750000    0.921284   -0.171284 (VIOLATED)
fanout659/X                             0.750000    0.921284   -0.171284 (VIOLATED)
_18628_/B                               0.750000    0.920665   -0.170665 (VIOLATED)
_18626_/B                               0.750000    0.920663   -0.170663 (VIOLATED)
_18642_/B                               0.750000    0.920663   -0.170663 (VIOLATED)
fanout1867/A                            0.750000    0.920662   -0.170662 (VIOLATED)
_18624_/B                               0.750000    0.920658   -0.170658 (VIOLATED)
fanout1869/A                            0.750000    0.920647   -0.170647 (VIOLATED)
fanout1870/X                            0.750000    0.920647   -0.170647 (VIOLATED)
_18477_/A1_N                            0.750000    0.920098   -0.170098 (VIOLATED)
_18519_/A1_N                            0.750000    0.920097   -0.170097 (VIOLATED)
_18485_/A1_N                            0.750000    0.920096   -0.170096 (VIOLATED)
_18567_/A1_N                            0.750000    0.920096   -0.170096 (VIOLATED)
_18569_/A1_N                            0.750000    0.920092   -0.170092 (VIOLATED)
_18461_/A1_N                            0.750000    0.920091   -0.170091 (VIOLATED)
_18493_/A1_N                            0.750000    0.920090   -0.170090 (VIOLATED)
_18467_/A1_N                            0.750000    0.920089   -0.170089 (VIOLATED)
_18647_/A1_N                            0.750000    0.920081   -0.170081 (VIOLATED)
fanout864/A                             0.750000    0.920081   -0.170081 (VIOLATED)
fanout865/X                             0.750000    0.920081   -0.170081 (VIOLATED)
_12050_/B1                              0.750000    0.919981   -0.169981 (VIOLATED)
_12152_/B1                              0.750000    0.919981   -0.169981 (VIOLATED)
_12051_/A1                              0.750000    0.919980   -0.169980 (VIOLATED)
_11946_/A1                              0.750000    0.919980   -0.169980 (VIOLATED)
_11971_/C1                              0.750000    0.919979   -0.169979 (VIOLATED)
_12000_/A1                              0.750000    0.919979   -0.169979 (VIOLATED)
_12087_/B1                              0.750000    0.919979   -0.169979 (VIOLATED)
_12171_/C1                              0.750000    0.919979   -0.169979 (VIOLATED)
_12204_/C1                              0.750000    0.919979   -0.169979 (VIOLATED)
_12242_/B1                              0.750000    0.919979   -0.169979 (VIOLATED)
fanout1014/X                            0.750000    0.919979   -0.169979 (VIOLATED)
_09467_/A                               0.750000    0.919608   -0.169608 (VIOLATED)
_16233_/B                               0.750000    0.919608   -0.169608 (VIOLATED)
_16253_/A1                              0.750000    0.919608   -0.169608 (VIOLATED)
_16465_/B2                              0.750000    0.919608   -0.169608 (VIOLATED)
_16612_/B1                              0.750000    0.919608   -0.169608 (VIOLATED)
_16619_/A1_N                            0.750000    0.919608   -0.169608 (VIOLATED)
_16624_/B1                              0.750000    0.919608   -0.169608 (VIOLATED)
_16625_/A1                              0.750000    0.919608   -0.169608 (VIOLATED)
_16765_/B1                              0.750000    0.919608   -0.169608 (VIOLATED)
_16776_/A1                              0.750000    0.919608   -0.169608 (VIOLATED)
fanout1816/X                            0.750000    0.919608   -0.169608 (VIOLATED)
_15718_/B                               0.750000    0.919324   -0.169324 (VIOLATED)
_16339_/A1                              0.750000    0.919318   -0.169318 (VIOLATED)
_16368_/A1                              0.750000    0.919318   -0.169318 (VIOLATED)
_16550_/B1                              0.750000    0.919318   -0.169318 (VIOLATED)
_16828_/C1                              0.750000    0.919318   -0.169318 (VIOLATED)
_16921_/C1                              0.750000    0.919318   -0.169318 (VIOLATED)
_16937_/B1                              0.750000    0.919318   -0.169318 (VIOLATED)
_17238_/B1                              0.750000    0.919318   -0.169318 (VIOLATED)
_17262_/B1                              0.750000    0.919318   -0.169318 (VIOLATED)
_17268_/B1                              0.750000    0.919318   -0.169318 (VIOLATED)
_17270_/C1                              0.750000    0.919318   -0.169318 (VIOLATED)
fanout1352/X                            0.750000    0.919318   -0.169318 (VIOLATED)
_15717_/X                               0.750000    0.919298   -0.169298 (VIOLATED)
_10043_/B                               0.750000    0.918467   -0.168467 (VIOLATED)
_10134_/B                               0.750000    0.918467   -0.168467 (VIOLATED)
_10325_/A1                              0.750000    0.918467   -0.168467 (VIOLATED)
_10327_/A1                              0.750000    0.918467   -0.168467 (VIOLATED)
_10334_/B                               0.750000    0.918467   -0.168467 (VIOLATED)
_11109_/A1                              0.750000    0.918467   -0.168467 (VIOLATED)
_11256_/B2                              0.750000    0.918467   -0.168467 (VIOLATED)
_11345_/A                               0.750000    0.918467   -0.168467 (VIOLATED)
_11346_/A                               0.750000    0.918467   -0.168467 (VIOLATED)
_11348_/A                               0.750000    0.918467   -0.168467 (VIOLATED)
fanout527/X                             0.750000    0.918467   -0.168467 (VIOLATED)
_10078_/C1                              0.750000    0.918073   -0.168073 (VIOLATED)
_10087_/C1                              0.750000    0.918073   -0.168073 (VIOLATED)
_10098_/A                               0.750000    0.918073   -0.168073 (VIOLATED)
_10099_/A1                              0.750000    0.918073   -0.168073 (VIOLATED)
_10102_/A                               0.750000    0.918073   -0.168073 (VIOLATED)
_10125_/A1                              0.750000    0.918073   -0.168073 (VIOLATED)
_10132_/C1                              0.750000    0.918073   -0.168073 (VIOLATED)
_10140_/B1                              0.750000    0.918073   -0.168073 (VIOLATED)
_10339_/C1                              0.750000    0.918073   -0.168073 (VIOLATED)
_11375_/A1                              0.750000    0.918073   -0.168073 (VIOLATED)
fanout1397/X                            0.750000    0.918073   -0.168073 (VIOLATED)
_10073_/A                               0.750000    0.917837   -0.167837 (VIOLATED)
_10095_/A                               0.750000    0.917837   -0.167837 (VIOLATED)
_10314_/S0                              0.750000    0.917837   -0.167837 (VIOLATED)
_10321_/A                               0.750000    0.917837   -0.167837 (VIOLATED)
_10334_/A                               0.750000    0.917837   -0.167837 (VIOLATED)
_10610_/A1                              0.750000    0.917837   -0.167837 (VIOLATED)
_10630_/A                               0.750000    0.917837   -0.167837 (VIOLATED)
_10718_/A                               0.750000    0.917837   -0.167837 (VIOLATED)
_10961_/A1                              0.750000    0.917837   -0.167837 (VIOLATED)
_11259_/A1                              0.750000    0.917837   -0.167837 (VIOLATED)
fanout807/X                             0.750000    0.917837   -0.167837 (VIOLATED)
_18309_/B1                              0.750000    0.916444   -0.166444 (VIOLATED)
_18339_/A2                              0.750000    0.916442   -0.166442 (VIOLATED)
_18331_/A2                              0.750000    0.916441   -0.166441 (VIOLATED)
_18363_/A2                              0.750000    0.916440   -0.166440 (VIOLATED)
_18343_/A2                              0.750000    0.916440   -0.166440 (VIOLATED)
_18335_/A2                              0.750000    0.916440   -0.166440 (VIOLATED)
_18355_/A2                              0.750000    0.916439   -0.166439 (VIOLATED)
_18310_/B1                              0.750000    0.916439   -0.166439 (VIOLATED)
_18318_/A2                              0.750000    0.916439   -0.166439 (VIOLATED)
_18327_/A2                              0.750000    0.916439   -0.166439 (VIOLATED)
fanout188/X                             0.750000    0.916439   -0.166439 (VIOLATED)
ANTENNA_232/DIODE                       0.750000    0.915979   -0.165979 (VIOLATED)
ANTENNA_233/DIODE                       0.750000    0.915979   -0.165979 (VIOLATED)
ANTENNA_234/DIODE                       0.750000    0.915979   -0.165979 (VIOLATED)
ANTENNA_235/DIODE                       0.750000    0.915979   -0.165979 (VIOLATED)
ANTENNA_236/DIODE                       0.750000    0.915979   -0.165979 (VIOLATED)
ANTENNA_237/DIODE                       0.750000    0.915979   -0.165979 (VIOLATED)
ANTENNA_238/DIODE                       0.750000    0.915979   -0.165979 (VIOLATED)
ANTENNA_239/DIODE                       0.750000    0.915979   -0.165979 (VIOLATED)
_17850_/X                               0.750000    0.915979   -0.165979 (VIOLATED)
_17851_/A1                              0.750000    0.915979   -0.165979 (VIOLATED)
_11783_/A                               0.750000    0.915452   -0.165452 (VIOLATED)
_11716_/A                               0.750000    0.915448   -0.165448 (VIOLATED)
ANTENNA_46/DIODE                        0.750000    0.915439   -0.165439 (VIOLATED)
_11135_/A0                              0.750000    0.915438   -0.165438 (VIOLATED)
ANTENNA_47/DIODE                        0.750000    0.915392   -0.165392 (VIOLATED)
_11199_/A                               0.750000    0.915382   -0.165382 (VIOLATED)
_18343_/B1                              0.750000    0.915282   -0.165282 (VIOLATED)
_18335_/B1                              0.750000    0.915281   -0.165281 (VIOLATED)
_18327_/B1                              0.750000    0.915279   -0.165279 (VIOLATED)
_18355_/B1                              0.750000    0.915276   -0.165276 (VIOLATED)
_18363_/B1                              0.750000    0.915274   -0.165274 (VIOLATED)
_18339_/B1                              0.750000    0.915273   -0.165273 (VIOLATED)
_18331_/B1                              0.750000    0.915269   -0.165269 (VIOLATED)
_18318_/B1                              0.750000    0.915267   -0.165267 (VIOLATED)
_18319_/B1                              0.750000    0.915267   -0.165267 (VIOLATED)
_18336_/B1                              0.750000    0.915267   -0.165267 (VIOLATED)
fanout245/X                             0.750000    0.915267   -0.165267 (VIOLATED)
_12301_/A2                              0.750000    0.915261   -0.165261 (VIOLATED)
_12623_/A1                              0.750000    0.915261   -0.165261 (VIOLATED)
_12620_/A                               0.750000    0.915260   -0.165260 (VIOLATED)
_12278_/Y                               0.750000    0.915259   -0.165259 (VIOLATED)
_12327_/B                               0.750000    0.915259   -0.165259 (VIOLATED)
_12453_/A                               0.750000    0.915259   -0.165259 (VIOLATED)
_12515_/C                               0.750000    0.915259   -0.165259 (VIOLATED)
_12550_/B                               0.750000    0.915259   -0.165259 (VIOLATED)
_11039_/X                               0.750000    0.914247   -0.164247 (VIOLATED)
_10001_/B1                              0.750000    0.914226   -0.164226 (VIOLATED)
_10266_/C1                              0.750000    0.914226   -0.164226 (VIOLATED)
_10531_/A                               0.750000    0.914226   -0.164226 (VIOLATED)
_10549_/A                               0.750000    0.914226   -0.164226 (VIOLATED)
_10925_/C1                              0.750000    0.914226   -0.164226 (VIOLATED)
_10926_/C1                              0.750000    0.914226   -0.164226 (VIOLATED)
_11088_/C1                              0.750000    0.914226   -0.164226 (VIOLATED)
_11241_/S1                              0.750000    0.914226   -0.164226 (VIOLATED)
_11247_/B2                              0.750000    0.914226   -0.164226 (VIOLATED)
fanout834/A                             0.750000    0.914226   -0.164226 (VIOLATED)
fanout835/X                             0.750000    0.914226   -0.164226 (VIOLATED)
_12077_/A2                              0.750000    0.913897   -0.163897 (VIOLATED)
_12066_/A2                              0.750000    0.913897   -0.163897 (VIOLATED)
_12192_/A3                              0.750000    0.913894   -0.163894 (VIOLATED)
_11863_/Y                               0.750000    0.913636   -0.163636 (VIOLATED)
_11872_/B                               0.750000    0.913636   -0.163636 (VIOLATED)
_11900_/B                               0.750000    0.913636   -0.163636 (VIOLATED)
_16545_/B1                              0.750000    0.913470   -0.163470 (VIOLATED)
_16838_/A1                              0.750000    0.913470   -0.163470 (VIOLATED)
_16922_/A                               0.750000    0.913470   -0.163470 (VIOLATED)
_16929_/A                               0.750000    0.913470   -0.163470 (VIOLATED)
_16933_/C1                              0.750000    0.913470   -0.163470 (VIOLATED)
_17117_/C1                              0.750000    0.913470   -0.163470 (VIOLATED)
_17237_/A1                              0.750000    0.913470   -0.163470 (VIOLATED)
_17248_/C1                              0.750000    0.913470   -0.163470 (VIOLATED)
_17273_/B1                              0.750000    0.913470   -0.163470 (VIOLATED)
fanout663/A                             0.750000    0.913470   -0.163470 (VIOLATED)
fanout664/X                             0.750000    0.913470   -0.163470 (VIOLATED)
fanout1958/A                            0.750000    0.913147   -0.163147 (VIOLATED)
_19102_/RESET_B                         0.750000    0.913145   -0.163145 (VIOLATED)
fanout1960/A                            0.750000    0.913145   -0.163145 (VIOLATED)
fanout1966/A                            0.750000    0.913145   -0.163145 (VIOLATED)
fanout1967/A                            0.750000    0.913145   -0.163145 (VIOLATED)
fanout1973/A                            0.750000    0.913145   -0.163145 (VIOLATED)
fanout1975/X                            0.750000    0.913145   -0.163145 (VIOLATED)
_16018_/C1                              0.750000    0.912785   -0.162785 (VIOLATED)
_16025_/C1                              0.750000    0.912785   -0.162785 (VIOLATED)
_16042_/C1                              0.750000    0.912785   -0.162785 (VIOLATED)
_16056_/A1                              0.750000    0.912785   -0.162785 (VIOLATED)
_16570_/B1                              0.750000    0.912785   -0.162785 (VIOLATED)
_16571_/A1                              0.750000    0.912785   -0.162785 (VIOLATED)
_17087_/A1                              0.750000    0.912785   -0.162785 (VIOLATED)
_17088_/C1                              0.750000    0.912785   -0.162785 (VIOLATED)
_17207_/C1                              0.750000    0.912785   -0.162785 (VIOLATED)
_17208_/B1                              0.750000    0.912785   -0.162785 (VIOLATED)
fanout1111/X                            0.750000    0.912785   -0.162785 (VIOLATED)
_18352_/B1                              0.750000    0.912187   -0.162187 (VIOLATED)
_18317_/B1                              0.750000    0.912186   -0.162186 (VIOLATED)
_18326_/B1                              0.750000    0.912185   -0.162185 (VIOLATED)
_18334_/B1                              0.750000    0.912184   -0.162184 (VIOLATED)
_18342_/B1                              0.750000    0.912183   -0.162183 (VIOLATED)
_18314_/B1                              0.750000    0.912182   -0.162182 (VIOLATED)
_18322_/B1                              0.750000    0.912182   -0.162182 (VIOLATED)
_18330_/B1                              0.750000    0.912182   -0.162182 (VIOLATED)
_18351_/B1                              0.750000    0.912182   -0.162182 (VIOLATED)
_18359_/B1                              0.750000    0.912182   -0.162182 (VIOLATED)
fanout244/X                             0.750000    0.912182   -0.162182 (VIOLATED)
_09820_/B2                              0.750000    0.912088   -0.162088 (VIOLATED)
_11211_/C1                              0.750000    0.912087   -0.162087 (VIOLATED)
_10811_/A1                              0.750000    0.912086   -0.162086 (VIOLATED)
_10896_/A1                              0.750000    0.912086   -0.162086 (VIOLATED)
_10901_/C1                              0.750000    0.912086   -0.162086 (VIOLATED)
_10908_/B1                              0.750000    0.912086   -0.162086 (VIOLATED)
_11324_/C1                              0.750000    0.912086   -0.162086 (VIOLATED)
_11334_/C1                              0.750000    0.912086   -0.162086 (VIOLATED)
_11339_/A1                              0.750000    0.912086   -0.162086 (VIOLATED)
fanout822/A                             0.750000    0.912086   -0.162086 (VIOLATED)
fanout823/X                             0.750000    0.912086   -0.162086 (VIOLATED)
_12990_/A_N                             0.750000    0.911685   -0.161685 (VIOLATED)
_13008_/A                               0.750000    0.911684   -0.161684 (VIOLATED)
_12955_/A_N                             0.750000    0.911682   -0.161682 (VIOLATED)
_13001_/A                               0.750000    0.911682   -0.161682 (VIOLATED)
_13015_/B                               0.750000    0.911682   -0.161682 (VIOLATED)
_13014_/B                               0.750000    0.911682   -0.161682 (VIOLATED)
_12960_/B                               0.750000    0.911681   -0.161681 (VIOLATED)
_12962_/B                               0.750000    0.911681   -0.161681 (VIOLATED)
_13491_/B                               0.750000    0.911681   -0.161681 (VIOLATED)
_13896_/A1                              0.750000    0.911681   -0.161681 (VIOLATED)
fanout1243/X                            0.750000    0.911681   -0.161681 (VIOLATED)
_12433_/C1                              0.750000    0.911601   -0.161601 (VIOLATED)
_12477_/A1                              0.750000    0.911600   -0.161600 (VIOLATED)
_12423_/B1                              0.750000    0.911600   -0.161600 (VIOLATED)
_12459_/B1                              0.750000    0.911600   -0.161600 (VIOLATED)
_12466_/A1                              0.750000    0.911600   -0.161600 (VIOLATED)
_12546_/B1                              0.750000    0.911600   -0.161600 (VIOLATED)
_12597_/A                               0.750000    0.911600   -0.161600 (VIOLATED)
_12628_/C1                              0.750000    0.911600   -0.161600 (VIOLATED)
_12632_/B1                              0.750000    0.911600   -0.161600 (VIOLATED)
fanout769/A                             0.750000    0.911600   -0.161600 (VIOLATED)
fanout770/X                             0.750000    0.911600   -0.161600 (VIOLATED)
_16104_/A                               0.750000    0.911461   -0.161461 (VIOLATED)
_16105_/A                               0.750000    0.911461   -0.161461 (VIOLATED)
_16114_/B                               0.750000    0.911461   -0.161461 (VIOLATED)
_16125_/B                               0.750000    0.911461   -0.161461 (VIOLATED)
_16131_/A1                              0.750000    0.911461   -0.161461 (VIOLATED)
_16143_/A_N                             0.750000    0.911461   -0.161461 (VIOLATED)
_16144_/A                               0.750000    0.911461   -0.161461 (VIOLATED)
_16174_/A2                              0.750000    0.911461   -0.161461 (VIOLATED)
_16179_/B                               0.750000    0.911461   -0.161461 (VIOLATED)
_16700_/B1                              0.750000    0.911461   -0.161461 (VIOLATED)
fanout1621/X                            0.750000    0.911461   -0.161461 (VIOLATED)
_15916_/A1                              0.750000    0.911205   -0.161205 (VIOLATED)
_15938_/A                               0.750000    0.911205   -0.161205 (VIOLATED)
_15955_/B2                              0.750000    0.911205   -0.161205 (VIOLATED)
_15969_/B1                              0.750000    0.911205   -0.161205 (VIOLATED)
_16767_/A1                              0.750000    0.911205   -0.161205 (VIOLATED)
_16768_/C1                              0.750000    0.911205   -0.161205 (VIOLATED)
_16771_/A1                              0.750000    0.911205   -0.161205 (VIOLATED)
_16774_/S                               0.750000    0.911205   -0.161205 (VIOLATED)
_17033_/A1                              0.750000    0.911205   -0.161205 (VIOLATED)
fanout679/A                             0.750000    0.911205   -0.161205 (VIOLATED)
fanout680/X                             0.750000    0.911205   -0.161205 (VIOLATED)
_14682_/C1                              0.750000    0.911090   -0.161090 (VIOLATED)
_14844_/B1                              0.750000    0.911090   -0.161090 (VIOLATED)
_15217_/A1                              0.750000    0.911090   -0.161090 (VIOLATED)
_15341_/B2                              0.750000    0.911090   -0.161090 (VIOLATED)
_15474_/A1                              0.750000    0.911090   -0.161090 (VIOLATED)
_15480_/B1                              0.750000    0.911090   -0.161090 (VIOLATED)
_15606_/C1                              0.750000    0.911090   -0.161090 (VIOLATED)
_15611_/A1                              0.750000    0.911090   -0.161090 (VIOLATED)
_15673_/C1                              0.750000    0.911090   -0.161090 (VIOLATED)
fanout699/A                             0.750000    0.911090   -0.161090 (VIOLATED)
fanout700/X                             0.750000    0.911090   -0.161090 (VIOLATED)
_18379_/B1                              0.750000    0.910558   -0.160558 (VIOLATED)
_18387_/B1                              0.750000    0.910558   -0.160558 (VIOLATED)
_18395_/B1                              0.750000    0.910558   -0.160558 (VIOLATED)
_18403_/B1                              0.750000    0.910558   -0.160558 (VIOLATED)
_18414_/A2                              0.750000    0.910558   -0.160558 (VIOLATED)
_18418_/A2                              0.750000    0.910558   -0.160558 (VIOLATED)
_18420_/A2                              0.750000    0.910558   -0.160558 (VIOLATED)
_18435_/B1                              0.750000    0.910558   -0.160558 (VIOLATED)
_18437_/B1                              0.750000    0.910558   -0.160558 (VIOLATED)
_18438_/B1                              0.750000    0.910558   -0.160558 (VIOLATED)
fanout248/X                             0.750000    0.910558   -0.160558 (VIOLATED)
_18523_/B1                              0.750000    0.910532   -0.160532 (VIOLATED)
_18585_/B1                              0.750000    0.910532   -0.160532 (VIOLATED)
_18603_/B1                              0.750000    0.910532   -0.160532 (VIOLATED)
_18507_/B1                              0.750000    0.910529   -0.160529 (VIOLATED)
_18555_/B1                              0.750000    0.910529   -0.160529 (VIOLATED)
_18571_/B1                              0.750000    0.910529   -0.160529 (VIOLATED)
_18593_/B1                              0.750000    0.910529   -0.160529 (VIOLATED)
_18619_/B1                              0.750000    0.910529   -0.160529 (VIOLATED)
_18641_/B1                              0.750000    0.910529   -0.160529 (VIOLATED)
_18733_/B1                              0.750000    0.910529   -0.160529 (VIOLATED)
fanout362/X                             0.750000    0.910529   -0.160529 (VIOLATED)
_18306_/B1                              0.750000    0.910087   -0.160087 (VIOLATED)
_18315_/A2                              0.750000    0.910087   -0.160087 (VIOLATED)
_18323_/A2                              0.750000    0.910087   -0.160087 (VIOLATED)
_18347_/A2                              0.750000    0.910087   -0.160087 (VIOLATED)
_18371_/A2                              0.750000    0.910087   -0.160087 (VIOLATED)
_18438_/A2                              0.750000    0.910087   -0.160087 (VIOLATED)
_18439_/A2                              0.750000    0.910087   -0.160087 (VIOLATED)
fanout192/A                             0.750000    0.910087   -0.160087 (VIOLATED)
fanout194/X                             0.750000    0.910087   -0.160087 (VIOLATED)
_16261_/B                               0.750000    0.909799   -0.159799 (VIOLATED)
_17113_/A1                              0.750000    0.909799   -0.159799 (VIOLATED)
_16825_/C                               0.750000    0.909798   -0.159798 (VIOLATED)
_16640_/A2                              0.750000    0.909796   -0.159796 (VIOLATED)
_16301_/A2                              0.750000    0.909795   -0.159795 (VIOLATED)
_16342_/A2                              0.750000    0.909795   -0.159795 (VIOLATED)
_16344_/A                               0.750000    0.909795   -0.159795 (VIOLATED)
_16349_/A1                              0.750000    0.909795   -0.159795 (VIOLATED)
_16541_/B                               0.750000    0.909795   -0.159795 (VIOLATED)
_16821_/A2                              0.750000    0.909795   -0.159795 (VIOLATED)
fanout386/X                             0.750000    0.909795   -0.159795 (VIOLATED)
_15045_/C1                              0.750000    0.909058   -0.159058 (VIOLATED)
_14487_/S                               0.750000    0.909058   -0.159058 (VIOLATED)
_15522_/A1                              0.750000    0.909057   -0.159057 (VIOLATED)
_15516_/A1                              0.750000    0.909056   -0.159056 (VIOLATED)
_09452_/A                               0.750000    0.909054   -0.159054 (VIOLATED)
_14753_/B1                              0.750000    0.909052   -0.159052 (VIOLATED)
_14723_/B1                              0.750000    0.909051   -0.159051 (VIOLATED)
_14750_/A                               0.750000    0.909051   -0.159051 (VIOLATED)
_14758_/C1                              0.750000    0.909051   -0.159051 (VIOLATED)
_14761_/A1                              0.750000    0.909051   -0.159051 (VIOLATED)
fanout1294/X                            0.750000    0.909051   -0.159051 (VIOLATED)
_15883_/B                               0.750000    0.908115   -0.158115 (VIOLATED)
_15882_/X                               0.750000    0.907965   -0.157965 (VIOLATED)
_16509_/B1                              0.750000    0.905059   -0.155059 (VIOLATED)
_16678_/B1                              0.750000    0.905059   -0.155059 (VIOLATED)
_16687_/B1                              0.750000    0.905059   -0.155059 (VIOLATED)
_16699_/C1                              0.750000    0.905059   -0.155059 (VIOLATED)
_16807_/C1                              0.750000    0.905059   -0.155059 (VIOLATED)
_16977_/C1                              0.750000    0.905059   -0.155059 (VIOLATED)
_16984_/B1                              0.750000    0.905059   -0.155059 (VIOLATED)
_16995_/B1                              0.750000    0.905059   -0.155059 (VIOLATED)
_16998_/C1                              0.750000    0.905059   -0.155059 (VIOLATED)
_16999_/C1                              0.750000    0.905059   -0.155059 (VIOLATED)
fanout1580/X                            0.750000    0.905059   -0.155059 (VIOLATED)
_11966_/C1                              0.750000    0.904692   -0.154692 (VIOLATED)
_12169_/A1                              0.750000    0.904692   -0.154692 (VIOLATED)
_12157_/S1                              0.750000    0.904691   -0.154691 (VIOLATED)
_12047_/A1                              0.750000    0.904691   -0.154691 (VIOLATED)
_12225_/B1                              0.750000    0.904691   -0.154691 (VIOLATED)
_12043_/C1                              0.750000    0.904691   -0.154691 (VIOLATED)
_12162_/C1                              0.750000    0.904689   -0.154689 (VIOLATED)
_12165_/B                               0.750000    0.904689   -0.154689 (VIOLATED)
_11866_/C1                              0.750000    0.904688   -0.154688 (VIOLATED)
_11910_/B2                              0.750000    0.904688   -0.154688 (VIOLATED)
fanout780/X                             0.750000    0.904688   -0.154688 (VIOLATED)
_16396_/A2                              0.750000    0.904658   -0.154658 (VIOLATED)
_16075_/A2                              0.750000    0.904658   -0.154658 (VIOLATED)
_16853_/A2                              0.750000    0.904657   -0.154657 (VIOLATED)
_17081_/A2                              0.750000    0.904657   -0.154657 (VIOLATED)
_16563_/C                               0.750000    0.904656   -0.154656 (VIOLATED)
_16072_/B                               0.750000    0.904656   -0.154656 (VIOLATED)
_16074_/A2                              0.750000    0.904656   -0.154656 (VIOLATED)
_16374_/A3                              0.750000    0.904656   -0.154656 (VIOLATED)
_16378_/A1                              0.750000    0.904656   -0.154656 (VIOLATED)
_16710_/B1                              0.750000    0.904656   -0.154656 (VIOLATED)
fanout402/X                             0.750000    0.904656   -0.154656 (VIOLATED)
_14973_/A1                              0.750000    0.904552   -0.154552 (VIOLATED)
_14270_/A                               0.750000    0.904551   -0.154551 (VIOLATED)
_14317_/A2                              0.750000    0.904550   -0.154550 (VIOLATED)
_14268_/A_N                             0.750000    0.904549   -0.154549 (VIOLATED)
_14283_/B                               0.750000    0.904549   -0.154549 (VIOLATED)
_14312_/B                               0.750000    0.904549   -0.154549 (VIOLATED)
_14297_/B                               0.750000    0.904548   -0.154548 (VIOLATED)
_14328_/A                               0.750000    0.904548   -0.154548 (VIOLATED)
_14343_/C                               0.750000    0.904548   -0.154548 (VIOLATED)
fanout1286/A                            0.750000    0.904548   -0.154548 (VIOLATED)
fanout1287/X                            0.750000    0.904548   -0.154548 (VIOLATED)
_10218_/B1                              0.750000    0.904394   -0.154394 (VIOLATED)
_10239_/A1                              0.750000    0.904394   -0.154394 (VIOLATED)
_10450_/B1                              0.750000    0.904394   -0.154394 (VIOLATED)
_10454_/A1                              0.750000    0.904394   -0.154394 (VIOLATED)
_10674_/S1                              0.750000    0.904394   -0.154394 (VIOLATED)
_10837_/A                               0.750000    0.904394   -0.154394 (VIOLATED)
_10844_/A1                              0.750000    0.904394   -0.154394 (VIOLATED)
_10976_/S0                              0.750000    0.904394   -0.154394 (VIOLATED)
_10995_/A1                              0.750000    0.904394   -0.154394 (VIOLATED)
fanout800/A                             0.750000    0.904394   -0.154394 (VIOLATED)
fanout801/X                             0.750000    0.904394   -0.154394 (VIOLATED)
_18312_/Y                               0.750000    0.903417   -0.153417 (VIOLATED)
fanout239/A                             0.750000    0.903417   -0.153417 (VIOLATED)
fanout243/A                             0.750000    0.903417   -0.153417 (VIOLATED)
fanout253/A                             0.750000    0.903417   -0.153417 (VIOLATED)
_12578_/A0                              0.750000    0.903264   -0.153264 (VIOLATED)
_11099_/B                               0.750000    0.903262   -0.153262 (VIOLATED)
_12141_/A                               0.750000    0.903248   -0.153248 (VIOLATED)
_11199_/B                               0.750000    0.903236   -0.153236 (VIOLATED)
_11098_/X                               0.750000    0.902945   -0.152945 (VIOLATED)
_12718_/A                               0.750000    0.902930   -0.152930 (VIOLATED)
_12727_/A                               0.750000    0.902930   -0.152930 (VIOLATED)
_12770_/A                               0.750000    0.902930   -0.152930 (VIOLATED)
_12800_/A                               0.750000    0.902930   -0.152930 (VIOLATED)
_12816_/A                               0.750000    0.902930   -0.152930 (VIOLATED)
_13249_/B1                              0.750000    0.902930   -0.152930 (VIOLATED)
_13403_/A                               0.750000    0.902930   -0.152930 (VIOLATED)
_13410_/A1                              0.750000    0.902930   -0.152930 (VIOLATED)
_13559_/B1                              0.750000    0.902930   -0.152930 (VIOLATED)
_13813_/A1                              0.750000    0.902930   -0.152930 (VIOLATED)
fanout758/X                             0.750000    0.902930   -0.152930 (VIOLATED)
_12720_/A1                              0.750000    0.901928   -0.151928 (VIOLATED)
_12733_/B                               0.750000    0.901928   -0.151928 (VIOLATED)
_12734_/B                               0.750000    0.901928   -0.151928 (VIOLATED)
_12770_/C                               0.750000    0.901928   -0.151928 (VIOLATED)
_12777_/B                               0.750000    0.901928   -0.151928 (VIOLATED)
_13225_/A1                              0.750000    0.901928   -0.151928 (VIOLATED)
_13229_/A1                              0.750000    0.901928   -0.151928 (VIOLATED)
_13538_/A1                              0.750000    0.901928   -0.151928 (VIOLATED)
_13564_/A1                              0.750000    0.901928   -0.151928 (VIOLATED)
_13931_/D_N                             0.750000    0.901928   -0.151928 (VIOLATED)
fanout482/X                             0.750000    0.901928   -0.151928 (VIOLATED)
_10197_/A1                              0.750000    0.901550   -0.151550 (VIOLATED)
_10208_/C1                              0.750000    0.901550   -0.151550 (VIOLATED)
_10242_/B1                              0.750000    0.901550   -0.151550 (VIOLATED)
_10248_/B2                              0.750000    0.901550   -0.151550 (VIOLATED)
_10249_/A1                              0.750000    0.901550   -0.151550 (VIOLATED)
_10471_/A1                              0.750000    0.901550   -0.151550 (VIOLATED)
_10980_/C1                              0.750000    0.901550   -0.151550 (VIOLATED)
_10983_/B1                              0.750000    0.901550   -0.151550 (VIOLATED)
_10993_/C1                              0.750000    0.901550   -0.151550 (VIOLATED)
_11144_/C1                              0.750000    0.901550   -0.151550 (VIOLATED)
fanout904/X                             0.750000    0.901550   -0.151550 (VIOLATED)
_17571_/A1                              0.750000    0.901466   -0.151466 (VIOLATED)
_16573_/A1                              0.750000    0.901297   -0.151297 (VIOLATED)
_16583_/B1                              0.750000    0.901297   -0.151297 (VIOLATED)
_16741_/S                               0.750000    0.901297   -0.151297 (VIOLATED)
_16871_/A1                              0.750000    0.901297   -0.151297 (VIOLATED)
_16962_/B1                              0.750000    0.901297   -0.151297 (VIOLATED)
_16966_/C1                              0.750000    0.901297   -0.151297 (VIOLATED)
_17094_/A1                              0.750000    0.901297   -0.151297 (VIOLATED)
_17095_/B1                              0.750000    0.901297   -0.151297 (VIOLATED)
_17210_/A1                              0.750000    0.901297   -0.151297 (VIOLATED)
fanout1111/A                            0.750000    0.901297   -0.151297 (VIOLATED)
fanout1112/X                            0.750000    0.901297   -0.151297 (VIOLATED)
_17570_/X                               0.750000    0.901233   -0.151233 (VIOLATED)
_14153_/A1                              0.750000    0.901134   -0.151134 (VIOLATED)
_14217_/B1                              0.750000    0.901134   -0.151134 (VIOLATED)
_14218_/A1                              0.750000    0.901134   -0.151134 (VIOLATED)
_15781_/A1                              0.750000    0.901134   -0.151134 (VIOLATED)
fanout348/A                             0.750000    0.901134   -0.151134 (VIOLATED)
fanout350/X                             0.750000    0.901134   -0.151134 (VIOLATED)
_09379_/A                               0.750000    0.900724   -0.150724 (VIOLATED)
_10352_/S                               0.750000    0.900724   -0.150724 (VIOLATED)
_10377_/C1                              0.750000    0.900724   -0.150724 (VIOLATED)
_10382_/A1                              0.750000    0.900724   -0.150724 (VIOLATED)
_10596_/C1                              0.750000    0.900724   -0.150724 (VIOLATED)
_11045_/B1                              0.750000    0.900724   -0.150724 (VIOLATED)
_11046_/A1                              0.750000    0.900724   -0.150724 (VIOLATED)
_11315_/C1                              0.750000    0.900724   -0.150724 (VIOLATED)
_11337_/C1                              0.750000    0.900724   -0.150724 (VIOLATED)
fanout1163/A                            0.750000    0.900724   -0.150724 (VIOLATED)
fanout1164/X                            0.750000    0.900724   -0.150724 (VIOLATED)
_16275_/A                               0.750000    0.900074   -0.150074 (VIOLATED)
_16935_/A1                              0.750000    0.900074   -0.150074 (VIOLATED)
_16316_/A1                              0.750000    0.900074   -0.150074 (VIOLATED)
_16630_/A                               0.750000    0.900071   -0.150071 (VIOLATED)
_16267_/A                               0.750000    0.900070   -0.150070 (VIOLATED)
_16262_/B                               0.750000    0.900070   -0.150070 (VIOLATED)
_16297_/A                               0.750000    0.900070   -0.150070 (VIOLATED)
_16355_/A                               0.750000    0.900070   -0.150070 (VIOLATED)
fanout1379/A                            0.750000    0.900070   -0.150070 (VIOLATED)
fanout1380/X                            0.750000    0.900070   -0.150070 (VIOLATED)
_11912_/A1                              0.750000    0.899698   -0.149698 (VIOLATED)
_11945_/A1                              0.750000    0.899698   -0.149698 (VIOLATED)
_11970_/B1                              0.750000    0.899698   -0.149698 (VIOLATED)
_11971_/A1                              0.750000    0.899698   -0.149698 (VIOLATED)
_12000_/C1                              0.750000    0.899698   -0.149698 (VIOLATED)
_12047_/B1                              0.750000    0.899698   -0.149698 (VIOLATED)
_12157_/S0                              0.750000    0.899698   -0.149698 (VIOLATED)
_12169_/C1                              0.750000    0.899698   -0.149698 (VIOLATED)
_12171_/A1                              0.750000    0.899698   -0.149698 (VIOLATED)
_12204_/A1                              0.750000    0.899698   -0.149698 (VIOLATED)
fanout1019/X                            0.750000    0.899698   -0.149698 (VIOLATED)
_15897_/A                               0.750000    0.899283   -0.149283 (VIOLATED)
_15921_/A_N                             0.750000    0.899283   -0.149283 (VIOLATED)
_15928_/A1                              0.750000    0.899283   -0.149283 (VIOLATED)
_15945_/A                               0.750000    0.899283   -0.149283 (VIOLATED)
_15959_/A1                              0.750000    0.899283   -0.149283 (VIOLATED)
_15987_/A                               0.750000    0.899283   -0.149283 (VIOLATED)
_16884_/A1                              0.750000    0.899283   -0.149283 (VIOLATED)
_16895_/A1                              0.750000    0.899283   -0.149283 (VIOLATED)
_17023_/A1                              0.750000    0.899283   -0.149283 (VIOLATED)
fanout1852/A                            0.750000    0.899283   -0.149283 (VIOLATED)
fanout1853/X                            0.750000    0.899283   -0.149283 (VIOLATED)
_13583_/A2                              0.750000    0.898604   -0.148604 (VIOLATED)
_12967_/B                               0.750000    0.898604   -0.148604 (VIOLATED)
_13511_/B                               0.750000    0.898604   -0.148604 (VIOLATED)
_12968_/B                               0.750000    0.898603   -0.148603 (VIOLATED)
_12993_/A1                              0.750000    0.898600   -0.148600 (VIOLATED)
_13017_/B2                              0.750000    0.898600   -0.148600 (VIOLATED)
_13363_/A1                              0.750000    0.898600   -0.148600 (VIOLATED)
_13365_/A1                              0.750000    0.898600   -0.148600 (VIOLATED)
_13574_/A2                              0.750000    0.898600   -0.148600 (VIOLATED)
_13581_/A1                              0.750000    0.898600   -0.148600 (VIOLATED)
fanout471/X                             0.750000    0.898600   -0.148600 (VIOLATED)
_13060_/A_N                             0.750000    0.898489   -0.148489 (VIOLATED)
_13068_/B                               0.750000    0.898489   -0.148489 (VIOLATED)
_13074_/A                               0.750000    0.898489   -0.148489 (VIOLATED)
_13082_/A                               0.750000    0.898489   -0.148489 (VIOLATED)
_13115_/B                               0.750000    0.898489   -0.148489 (VIOLATED)
_13139_/A                               0.750000    0.898489   -0.148489 (VIOLATED)
_13172_/A1                              0.750000    0.898489   -0.148489 (VIOLATED)
_13836_/A                               0.750000    0.898489   -0.148489 (VIOLATED)
_14025_/A1                              0.750000    0.898489   -0.148489 (VIOLATED)
fanout1529/A                            0.750000    0.898489   -0.148489 (VIOLATED)
fanout1530/X                            0.750000    0.898489   -0.148489 (VIOLATED)
_14275_/B                               0.750000    0.898316   -0.148316 (VIOLATED)
_14320_/C_N                             0.750000    0.898315   -0.148315 (VIOLATED)
_14332_/B                               0.750000    0.898315   -0.148315 (VIOLATED)
_14342_/C                               0.750000    0.898315   -0.148315 (VIOLATED)
_14348_/B                               0.750000    0.898315   -0.148315 (VIOLATED)
_14771_/C                               0.750000    0.898315   -0.148315 (VIOLATED)
_14799_/A                               0.750000    0.898315   -0.148315 (VIOLATED)
_14815_/A1                              0.750000    0.898315   -0.148315 (VIOLATED)
fanout1283/A                            0.750000    0.898315   -0.148315 (VIOLATED)
fanout1284/A                            0.750000    0.898315   -0.148316 (VIOLATED)
fanout1285/X                            0.750000    0.898315   -0.148315 (VIOLATED)
_16504_/C1                              0.750000    0.897609   -0.147609 (VIOLATED)
_16978_/B1                              0.750000    0.897608   -0.147608 (VIOLATED)
_16806_/C1                              0.750000    0.897606   -0.147606 (VIOLATED)
_17059_/A                               0.750000    0.897605   -0.147605 (VIOLATED)
_17043_/B2                              0.750000    0.897604   -0.147604 (VIOLATED)
_17305_/A                               0.750000    0.897600   -0.147600 (VIOLATED)
_17175_/C1                              0.750000    0.897600   -0.147600 (VIOLATED)
_17051_/A                               0.750000    0.897598   -0.147598 (VIOLATED)
_17064_/B1                              0.750000    0.897598   -0.147598 (VIOLATED)
_17178_/A1                              0.750000    0.897598   -0.147598 (VIOLATED)
fanout655/X                             0.750000    0.897598   -0.147598 (VIOLATED)
_12308_/B                               0.750000    0.896543   -0.146543 (VIOLATED)
_12349_/A2                              0.750000    0.896543   -0.146543 (VIOLATED)
_12398_/A                               0.750000    0.896543   -0.146543 (VIOLATED)
_12426_/A2                              0.750000    0.896543   -0.146543 (VIOLATED)
_12434_/A                               0.750000    0.896543   -0.146543 (VIOLATED)
_12483_/A1                              0.750000    0.896543   -0.146543 (VIOLATED)
_12596_/B2                              0.750000    0.896543   -0.146543 (VIOLATED)
_12626_/A1                              0.750000    0.896543   -0.146543 (VIOLATED)
_12627_/A1                              0.750000    0.896543   -0.146543 (VIOLATED)
_12661_/A2                              0.750000    0.896543   -0.146543 (VIOLATED)
fanout492/X                             0.750000    0.896543   -0.146543 (VIOLATED)
ANTENNA_127/DIODE                       0.750000    0.896529   -0.146529 (VIOLATED)
_17622_/A1                              0.750000    0.896529   -0.146529 (VIOLATED)
_17621_/X                               0.750000    0.896524   -0.146524 (VIOLATED)
_11674_/A                               0.750000    0.896400   -0.146400 (VIOLATED)
_11639_/X                               0.750000    0.896171   -0.146171 (VIOLATED)
_10195_/B1                              0.750000    0.895773   -0.145773 (VIOLATED)
_10437_/A                               0.750000    0.895773   -0.145773 (VIOLATED)
_10644_/A1                              0.750000    0.895773   -0.145773 (VIOLATED)
_10835_/C1                              0.750000    0.895773   -0.145773 (VIOLATED)
_11136_/C1                              0.750000    0.895773   -0.145773 (VIOLATED)
_11283_/A                               0.750000    0.895773   -0.145773 (VIOLATED)
_11293_/A1                              0.750000    0.895773   -0.145773 (VIOLATED)
_11384_/A1                              0.750000    0.895773   -0.145773 (VIOLATED)
fanout802/A                             0.750000    0.895773   -0.145773 (VIOLATED)
fanout803/A                             0.750000    0.895773   -0.145773 (VIOLATED)
fanout804/X                             0.750000    0.895773   -0.145773 (VIOLATED)
_09483_/A                               0.750000    0.895536   -0.145536 (VIOLATED)
_16353_/B1                              0.750000    0.895536   -0.145536 (VIOLATED)
_16542_/D1                              0.750000    0.895536   -0.145536 (VIOLATED)
_16547_/C1                              0.750000    0.895536   -0.145536 (VIOLATED)
_16548_/C1                              0.750000    0.895536   -0.145536 (VIOLATED)
_16818_/S1                              0.750000    0.895536   -0.145536 (VIOLATED)
_16823_/C1                              0.750000    0.895536   -0.145536 (VIOLATED)
_16827_/A1                              0.750000    0.895536   -0.145536 (VIOLATED)
_16832_/B1                              0.750000    0.895536   -0.145536 (VIOLATED)
_17125_/B1                              0.750000    0.895536   -0.145536 (VIOLATED)
fanout1357/X                            0.750000    0.895536   -0.145536 (VIOLATED)
_09940_/A1                              0.750000    0.894658   -0.144658 (VIOLATED)
_09948_/B1                              0.750000    0.894658   -0.144658 (VIOLATED)
_09974_/B                               0.750000    0.894658   -0.144658 (VIOLATED)
_10026_/C1                              0.750000    0.894658   -0.144658 (VIOLATED)
_10027_/A1                              0.750000    0.894658   -0.144658 (VIOLATED)
_10296_/B1                              0.750000    0.894658   -0.144658 (VIOLATED)
_10556_/A1                              0.750000    0.894658   -0.144658 (VIOLATED)
_10776_/B1                              0.750000    0.894658   -0.144658 (VIOLATED)
_10778_/A1                              0.750000    0.894658   -0.144658 (VIOLATED)
_11228_/C1                              0.750000    0.894658   -0.144658 (VIOLATED)
fanout825/X                             0.750000    0.894658   -0.144658 (VIOLATED)
_16775_/S1                              0.750000    0.894555   -0.144555 (VIOLATED)
_16217_/C1                              0.750000    0.894554   -0.144554 (VIOLATED)
_17163_/B1                              0.750000    0.894554   -0.144554 (VIOLATED)
_17035_/B1                              0.750000    0.894553   -0.144553 (VIOLATED)
_15974_/B1                              0.750000    0.894550   -0.144550 (VIOLATED)
_16883_/B1                              0.750000    0.894550   -0.144550 (VIOLATED)
_17161_/C1                              0.750000    0.894550   -0.144550 (VIOLATED)
fanout1822/A                            0.750000    0.894550   -0.144550 (VIOLATED)
fanout1823/X                            0.750000    0.894550   -0.144550 (VIOLATED)
fanout1391/A                            0.750000    0.894283   -0.144283 (VIOLATED)
_13055_/B1                              0.750000    0.894046   -0.144046 (VIOLATED)
_13993_/A1                              0.750000    0.894046   -0.144046 (VIOLATED)
_13506_/A                               0.750000    0.894044   -0.144044 (VIOLATED)
_13513_/C1                              0.750000    0.894044   -0.144044 (VIOLATED)
_13593_/C1                              0.750000    0.894044   -0.144044 (VIOLATED)
_13518_/A1                              0.750000    0.894041   -0.144041 (VIOLATED)
_13495_/C1                              0.750000    0.894039   -0.144039 (VIOLATED)
_13381_/A1                              0.750000    0.894036   -0.144036 (VIOLATED)
_13505_/A                               0.750000    0.894036   -0.144036 (VIOLATED)
_13528_/A1                              0.750000    0.894036   -0.144036 (VIOLATED)
fanout1209/X                            0.750000    0.894036   -0.144036 (VIOLATED)
_17725_/A1                              0.750000    0.894007   -0.144007 (VIOLATED)
_18943_/Q                               0.750000    0.894007   -0.144007 (VIOLATED)
_12993_/A2                              0.750000    0.893983   -0.143983 (VIOLATED)
_13038_/C                               0.750000    0.893983   -0.143983 (VIOLATED)
_13044_/C                               0.750000    0.893983   -0.143983 (VIOLATED)
_13360_/B                               0.750000    0.893983   -0.143983 (VIOLATED)
_13364_/B                               0.750000    0.893983   -0.143983 (VIOLATED)
_13366_/B                               0.750000    0.893983   -0.143983 (VIOLATED)
_13374_/A                               0.750000    0.893983   -0.143983 (VIOLATED)
_13523_/B1                              0.750000    0.893983   -0.143983 (VIOLATED)
_13587_/B                               0.750000    0.893983   -0.143983 (VIOLATED)
_13752_/A1                              0.750000    0.893983   -0.143983 (VIOLATED)
fanout468/X                             0.750000    0.893983   -0.143983 (VIOLATED)
_15765_/B                               0.750000    0.893905   -0.143906 (VIOLATED)
_15764_/X                               0.750000    0.893681   -0.143682 (VIOLATED)
_11502_/A1                              0.750000    0.893626   -0.143626 (VIOLATED)
_11537_/A1                              0.750000    0.893626   -0.143626 (VIOLATED)
_11769_/A1                              0.750000    0.893626   -0.143626 (VIOLATED)
fanout1087/A                            0.750000    0.893626   -0.143626 (VIOLATED)
fanout1088/A                            0.750000    0.893626   -0.143626 (VIOLATED)
fanout1090/A                            0.750000    0.893626   -0.143626 (VIOLATED)
fanout1092/A                            0.750000    0.893626   -0.143626 (VIOLATED)
fanout1093/X                            0.750000    0.893626   -0.143626 (VIOLATED)
_09448_/A                               0.750000    0.892982   -0.142982 (VIOLATED)
_14470_/B1                              0.750000    0.892982   -0.142982 (VIOLATED)
_14918_/A1                              0.750000    0.892982   -0.142982 (VIOLATED)
_14928_/C1                              0.750000    0.892982   -0.142982 (VIOLATED)
_15322_/A1                              0.750000    0.892982   -0.142982 (VIOLATED)
_15323_/B1                              0.750000    0.892982   -0.142982 (VIOLATED)
_15328_/A                               0.750000    0.892982   -0.142982 (VIOLATED)
_15503_/C1                              0.750000    0.892982   -0.142982 (VIOLATED)
_15506_/A                               0.750000    0.892982   -0.142982 (VIOLATED)
_15514_/C1                              0.750000    0.892982   -0.142982 (VIOLATED)
fanout1300/X                            0.750000    0.892982   -0.142982 (VIOLATED)
_11846_/A                               0.750000    0.892382   -0.142382 (VIOLATED)
_11852_/B                               0.750000    0.892382   -0.142382 (VIOLATED)
_11853_/B                               0.750000    0.892382   -0.142382 (VIOLATED)
_11858_/A_N                             0.750000    0.892382   -0.142382 (VIOLATED)
_11869_/A                               0.750000    0.892382   -0.142382 (VIOLATED)
_11870_/A                               0.750000    0.892382   -0.142382 (VIOLATED)
_11881_/A                               0.750000    0.892382   -0.142382 (VIOLATED)
_11886_/A                               0.750000    0.892382   -0.142382 (VIOLATED)
fanout1055/A                            0.750000    0.892382   -0.142382 (VIOLATED)
fanout1056/X                            0.750000    0.892382   -0.142382 (VIOLATED)
_13471_/B1                              0.750000    0.892345   -0.142345 (VIOLATED)
_12900_/B                               0.750000    0.892345   -0.142345 (VIOLATED)
_13958_/A3                              0.750000    0.892344   -0.142344 (VIOLATED)
_13645_/A1                              0.750000    0.892344   -0.142344 (VIOLATED)
_12899_/B                               0.750000    0.892344   -0.142344 (VIOLATED)
_13306_/A2                              0.750000    0.892336   -0.142336 (VIOLATED)
_12901_/C                               0.750000    0.892335   -0.142335 (VIOLATED)
_12938_/A3                              0.750000    0.892335   -0.142335 (VIOLATED)
_12945_/C                               0.750000    0.892335   -0.142335 (VIOLATED)
_13648_/A2                              0.750000    0.892335   -0.142335 (VIOLATED)
fanout477/X                             0.750000    0.892335   -0.142335 (VIOLATED)
_10112_/A                               0.750000    0.891945   -0.141945 (VIOLATED)
_10113_/B                               0.750000    0.891945   -0.141945 (VIOLATED)
_10116_/B                               0.750000    0.891945   -0.141945 (VIOLATED)
_10300_/B                               0.750000    0.891945   -0.141945 (VIOLATED)
_10301_/B                               0.750000    0.891945   -0.141945 (VIOLATED)
_10315_/B                               0.750000    0.891945   -0.141945 (VIOLATED)
_10337_/A2                              0.750000    0.891945   -0.141945 (VIOLATED)
_10606_/B                               0.750000    0.891945   -0.141945 (VIOLATED)
_10626_/B                               0.750000    0.891945   -0.141945 (VIOLATED)
_11253_/B1                              0.750000    0.891945   -0.141945 (VIOLATED)
fanout521/X                             0.750000    0.891945   -0.141945 (VIOLATED)
_17300_/B1                              0.750000    0.891881   -0.141881 (VIOLATED)
_17297_/Y                               0.750000    0.891873   -0.141873 (VIOLATED)
_09498_/B                               0.750000    0.891349   -0.141349 (VIOLATED)
_09499_/B                               0.750000    0.891349   -0.141349 (VIOLATED)
_17475_/B                               0.750000    0.891349   -0.141349 (VIOLATED)
_17476_/B                               0.750000    0.891349   -0.141349 (VIOLATED)
_17724_/A1                              0.750000    0.891349   -0.141349 (VIOLATED)
_17734_/A1                              0.750000    0.891349   -0.141349 (VIOLATED)
_17751_/A1                              0.750000    0.891349   -0.141349 (VIOLATED)
_17758_/A1                              0.750000    0.891349   -0.141349 (VIOLATED)
_17762_/A1                              0.750000    0.891349   -0.141349 (VIOLATED)
_17947_/A1                              0.750000    0.891349   -0.141349 (VIOLATED)
fanout900/X                             0.750000    0.891349   -0.141349 (VIOLATED)
fanout319/A                             0.750000    0.891169   -0.141169 (VIOLATED)
fanout325/A                             0.750000    0.891168   -0.141168 (VIOLATED)
fanout309/A                             0.750000    0.891168   -0.141168 (VIOLATED)
fanout305/A                             0.750000    0.891165   -0.141166 (VIOLATED)
fanout310/A                             0.750000    0.891165   -0.141166 (VIOLATED)
fanout312/A                             0.750000    0.891165   -0.141166 (VIOLATED)
fanout326/X                             0.750000    0.891165   -0.141166 (VIOLATED)
_15995_/B                               0.750000    0.891102   -0.141102 (VIOLATED)
_09477_/A                               0.750000    0.891102   -0.141102 (VIOLATED)
_16002_/B                               0.750000    0.891101   -0.141101 (VIOLATED)
_16019_/B                               0.750000    0.891101   -0.141101 (VIOLATED)
_16035_/A_N                             0.750000    0.891101   -0.141101 (VIOLATED)
_16069_/A                               0.750000    0.891101   -0.141101 (VIOLATED)
_16087_/A2                              0.750000    0.891101   -0.141101 (VIOLATED)
_16370_/A                               0.750000    0.891101   -0.141101 (VIOLATED)
_16711_/C                               0.750000    0.891101   -0.141101 (VIOLATED)
_17076_/A                               0.750000    0.891101   -0.141101 (VIOLATED)
fanout1154/X                            0.750000    0.891101   -0.141101 (VIOLATED)
_13654_/A1                              0.750000    0.890902   -0.140902 (VIOLATED)
_13639_/A2                              0.750000    0.890901   -0.140901 (VIOLATED)
_13644_/D                               0.750000    0.890901   -0.140901 (VIOLATED)
_13638_/Y                               0.750000    0.890900   -0.140900 (VIOLATED)
_13876_/B                               0.750000    0.890900   -0.140900 (VIOLATED)
_14097_/A2                              0.750000    0.890900   -0.140900 (VIOLATED)
_16543_/A1                              0.750000    0.890676   -0.140676 (VIOLATED)
_16529_/A                               0.750000    0.890675   -0.140675 (VIOLATED)
_16534_/C1                              0.750000    0.890675   -0.140675 (VIOLATED)
_16331_/B1                              0.750000    0.890674   -0.140674 (VIOLATED)
_16337_/B1                              0.750000    0.890671   -0.140671 (VIOLATED)
_17102_/B1                              0.750000    0.890671   -0.140671 (VIOLATED)
_16936_/C1                              0.750000    0.890667   -0.140667 (VIOLATED)
_16668_/S                               0.750000    0.890664   -0.140664 (VIOLATED)
_16917_/A                               0.750000    0.890664   -0.140664 (VIOLATED)
_17739_/A0                              0.750000    0.890664   -0.140664 (VIOLATED)
fanout1356/X                            0.750000    0.890664   -0.140664 (VIOLATED)
_17975_/A2                              0.750000    0.889229   -0.139229 (VIOLATED)
_17763_/A2                              0.750000    0.889229   -0.139229 (VIOLATED)
_17948_/A2                              0.750000    0.889229   -0.139229 (VIOLATED)
_17981_/A2                              0.750000    0.889229   -0.139229 (VIOLATED)
_17991_/A2                              0.750000    0.889229   -0.139229 (VIOLATED)
_18006_/A2                              0.750000    0.889229   -0.139229 (VIOLATED)
_18013_/A2                              0.750000    0.889229   -0.139229 (VIOLATED)
_18045_/A2                              0.750000    0.889229   -0.139229 (VIOLATED)
_18060_/A2                              0.750000    0.889229   -0.139229 (VIOLATED)
_18076_/A2                              0.750000    0.889229   -0.139229 (VIOLATED)
fanout620/X                             0.750000    0.889229   -0.139229 (VIOLATED)
_16041_/B1                              0.750000    0.888827   -0.138827 (VIOLATED)
_16411_/A2                              0.750000    0.888827   -0.138827 (VIOLATED)
_16554_/A2                              0.750000    0.888827   -0.138827 (VIOLATED)
_16558_/A1                              0.750000    0.888827   -0.138827 (VIOLATED)
_16729_/B1                              0.750000    0.888827   -0.138827 (VIOLATED)
_16944_/A1                              0.750000    0.888827   -0.138827 (VIOLATED)
_16947_/B1                              0.750000    0.888827   -0.138827 (VIOLATED)
_16955_/A1                              0.750000    0.888827   -0.138827 (VIOLATED)
_17216_/A                               0.750000    0.888827   -0.138827 (VIOLATED)
_17217_/A2                              0.750000    0.888827   -0.138827 (VIOLATED)
fanout406/X                             0.750000    0.888827   -0.138827 (VIOLATED)
_18199_/B1                              0.750000    0.888629   -0.138629 (VIOLATED)
_18207_/B1                              0.750000    0.888628   -0.138628 (VIOLATED)
_18215_/B1                              0.750000    0.888628   -0.138628 (VIOLATED)
_18223_/B1                              0.750000    0.888628   -0.138628 (VIOLATED)
_18175_/B1                              0.750000    0.888627   -0.138627 (VIOLATED)
_18183_/B1                              0.750000    0.888627   -0.138627 (VIOLATED)
_18231_/B1                              0.750000    0.888627   -0.138627 (VIOLATED)
_18239_/B1                              0.750000    0.888627   -0.138627 (VIOLATED)
_18278_/A2                              0.750000    0.888627   -0.138627 (VIOLATED)
_18282_/A2                              0.750000    0.888627   -0.138627 (VIOLATED)
fanout271/X                             0.750000    0.888627   -0.138627 (VIOLATED)
_09392_/A                               0.750000    0.887731   -0.137731 (VIOLATED)
_10847_/A1                              0.750000    0.887731   -0.137731 (VIOLATED)
_10984_/C1                              0.750000    0.887731   -0.137731 (VIOLATED)
_11287_/B1                              0.750000    0.887731   -0.137731 (VIOLATED)
_11289_/C1                              0.750000    0.887731   -0.137731 (VIOLATED)
_11292_/B1                              0.750000    0.887731   -0.137731 (VIOLATED)
_11293_/C1                              0.750000    0.887731   -0.137731 (VIOLATED)
_11304_/S0                              0.750000    0.887731   -0.137731 (VIOLATED)
_11395_/A                               0.750000    0.887731   -0.137731 (VIOLATED)
_11396_/A1                              0.750000    0.887731   -0.137731 (VIOLATED)
fanout906/X                             0.750000    0.887731   -0.137731 (VIOLATED)
_16263_/B                               0.750000    0.887727   -0.137727 (VIOLATED)
_16271_/A_N                             0.750000    0.887727   -0.137727 (VIOLATED)
_16280_/A_N                             0.750000    0.887727   -0.137727 (VIOLATED)
_16282_/B                               0.750000    0.887727   -0.137727 (VIOLATED)
_16286_/A                               0.750000    0.887727   -0.137727 (VIOLATED)
_16314_/A                               0.750000    0.887727   -0.137727 (VIOLATED)
_16317_/A1                              0.750000    0.887727   -0.137727 (VIOLATED)
_16328_/A1                              0.750000    0.887727   -0.137727 (VIOLATED)
_16329_/A1                              0.750000    0.887727   -0.137727 (VIOLATED)
_16342_/A1                              0.750000    0.887727   -0.137727 (VIOLATED)
fanout1381/X                            0.750000    0.887727   -0.137727 (VIOLATED)
_15091_/A1                              0.750000    0.886810   -0.136810 (VIOLATED)
_15092_/A1                              0.750000    0.886810   -0.136810 (VIOLATED)
_15076_/C1                              0.750000    0.886809   -0.136809 (VIOLATED)
_15080_/A                               0.750000    0.886809   -0.136809 (VIOLATED)
_15090_/A                               0.750000    0.886807   -0.136807 (VIOLATED)
_09454_/A                               0.750000    0.886806   -0.136806 (VIOLATED)
_15607_/C1                              0.750000    0.886806   -0.136806 (VIOLATED)
_15230_/A1                              0.750000    0.886805   -0.136805 (VIOLATED)
_15238_/C1                              0.750000    0.886803   -0.136803 (VIOLATED)
_17643_/A0                              0.750000    0.886803   -0.136803 (VIOLATED)
fanout1536/X                            0.750000    0.886803   -0.136803 (VIOLATED)
_18167_/B1                              0.750000    0.884705   -0.134705 (VIOLATED)
_18309_/A1                              0.750000    0.884705   -0.134705 (VIOLATED)
_13594_/A                               0.750000    0.884665   -0.134665 (VIOLATED)
_13992_/C1                              0.750000    0.884665   -0.134665 (VIOLATED)
_13900_/A1                              0.750000    0.884664   -0.134665 (VIOLATED)
_13994_/A1                              0.750000    0.884665   -0.134665 (VIOLATED)
_13906_/C1                              0.750000    0.884664   -0.134664 (VIOLATED)
_09435_/A                               0.750000    0.884663   -0.134663 (VIOLATED)
_13004_/C1                              0.750000    0.884663   -0.134663 (VIOLATED)
_13011_/B1                              0.750000    0.884663   -0.134663 (VIOLATED)
_13040_/C1                              0.750000    0.884663   -0.134663 (VIOLATED)
_13530_/A1                              0.750000    0.884663   -0.134663 (VIOLATED)
fanout1206/X                            0.750000    0.884663   -0.134663 (VIOLATED)
_18166_/X                               0.750000    0.884307   -0.134307 (VIOLATED)
_18308_/A1                              0.750000    0.884260   -0.134260 (VIOLATED)
_18165_/B1                              0.750000    0.884256   -0.134256 (VIOLATED)
_14280_/B                               0.750000    0.884032   -0.134032 (VIOLATED)
_14301_/B1                              0.750000    0.884032   -0.134032 (VIOLATED)
_14803_/C1                              0.750000    0.884032   -0.134032 (VIOLATED)
_14807_/A1                              0.750000    0.884032   -0.134032 (VIOLATED)
_14948_/C1                              0.750000    0.884032   -0.134032 (VIOLATED)
_14976_/C1                              0.750000    0.884032   -0.134032 (VIOLATED)
_14990_/C1                              0.750000    0.884032   -0.134032 (VIOLATED)
_15148_/A1                              0.750000    0.884032   -0.134032 (VIOLATED)
_15160_/B2                              0.750000    0.884032   -0.134032 (VIOLATED)
_15278_/B1                              0.750000    0.884032   -0.134032 (VIOLATED)
fanout718/X                             0.750000    0.884032   -0.134032 (VIOLATED)
_18164_/X                               0.750000    0.883767   -0.133767 (VIOLATED)
_16113_/B                               0.750000    0.883147   -0.133147 (VIOLATED)
_16115_/A_N                             0.750000    0.883147   -0.133147 (VIOLATED)
_16119_/A                               0.750000    0.883147   -0.133147 (VIOLATED)
_16124_/A                               0.750000    0.883147   -0.133147 (VIOLATED)
_16128_/B                               0.750000    0.883147   -0.133147 (VIOLATED)
_16129_/B                               0.750000    0.883147   -0.133147 (VIOLATED)
_16152_/A1                              0.750000    0.883147   -0.133147 (VIOLATED)
_16153_/A                               0.750000    0.883147   -0.133147 (VIOLATED)
_16155_/A                               0.750000    0.883147   -0.133147 (VIOLATED)
_17044_/A2                              0.750000    0.883147   -0.133147 (VIOLATED)
fanout1613/X                            0.750000    0.883147   -0.133147 (VIOLATED)
_18293_/B1                              0.750000    0.882946   -0.132946 (VIOLATED)
_18300_/B1                              0.750000    0.882943   -0.132943 (VIOLATED)
_18296_/B1                              0.750000    0.882941   -0.132941 (VIOLATED)
_18294_/B1                              0.750000    0.882938   -0.132938 (VIOLATED)
fanout272/A                             0.750000    0.882935   -0.132935 (VIOLATED)
fanout271/A                             0.750000    0.882930   -0.132930 (VIOLATED)
fanout273/A                             0.750000    0.882930   -0.132930 (VIOLATED)
fanout275/X                             0.750000    0.882930   -0.132930 (VIOLATED)
_11987_/A2                              0.750000    0.882491   -0.132491 (VIOLATED)
_11995_/A                               0.750000    0.882491   -0.132491 (VIOLATED)
_12155_/B1                              0.750000    0.882490   -0.132490 (VIOLATED)
_11962_/A                               0.750000    0.882489   -0.132489 (VIOLATED)
_11988_/A3                              0.750000    0.882486   -0.132486 (VIOLATED)
_12028_/A2                              0.750000    0.882485   -0.132485 (VIOLATED)
_11903_/B                               0.750000    0.882484   -0.132484 (VIOLATED)
_11909_/A                               0.750000    0.882484   -0.132484 (VIOLATED)
_11984_/B                               0.750000    0.882484   -0.132484 (VIOLATED)
_11992_/A                               0.750000    0.882484   -0.132484 (VIOLATED)
fanout499/X                             0.750000    0.882484   -0.132484 (VIOLATED)
_09413_/A                               0.750000    0.882355   -0.132355 (VIOLATED)
_12367_/B1                              0.750000    0.882355   -0.132355 (VIOLATED)
_12368_/A1                              0.750000    0.882355   -0.132355 (VIOLATED)
_12374_/C1                              0.750000    0.882355   -0.132355 (VIOLATED)
_12529_/B1                              0.750000    0.882355   -0.132355 (VIOLATED)
_12555_/A                               0.750000    0.882355   -0.132355 (VIOLATED)
_12561_/B1                              0.750000    0.882355   -0.132355 (VIOLATED)
_12565_/A1                              0.750000    0.882355   -0.132355 (VIOLATED)
_12567_/B2                              0.750000    0.882355   -0.132355 (VIOLATED)
_12568_/A1                              0.750000    0.882355   -0.132355 (VIOLATED)
fanout961/X                             0.750000    0.882355   -0.132355 (VIOLATED)
_10030_/A_N                             0.750000    0.882306   -0.132306 (VIOLATED)
_10036_/B                               0.750000    0.882306   -0.132306 (VIOLATED)
_10045_/A_N                             0.750000    0.882306   -0.132306 (VIOLATED)
_10058_/A_N                             0.750000    0.882306   -0.132306 (VIOLATED)
_10065_/B                               0.750000    0.882306   -0.132306 (VIOLATED)
_10092_/B                               0.750000    0.882306   -0.132306 (VIOLATED)
_10109_/B                               0.750000    0.882306   -0.132306 (VIOLATED)
_10120_/A2                              0.750000    0.882306   -0.132306 (VIOLATED)
_10336_/A2                              0.750000    0.882306   -0.132306 (VIOLATED)
_17697_/A0                              0.750000    0.882306   -0.132306 (VIOLATED)
fanout1437/X                            0.750000    0.882306   -0.132306 (VIOLATED)
_18276_/A1                              0.750000    0.881706   -0.131706 (VIOLATED)
_09778_/A_N                             0.750000    0.881355   -0.131355 (VIOLATED)
_09779_/A                               0.750000    0.881355   -0.131355 (VIOLATED)
_09784_/A                               0.750000    0.881355   -0.131355 (VIOLATED)
_09807_/A                               0.750000    0.881355   -0.131355 (VIOLATED)
_09841_/C_N                             0.750000    0.881355   -0.131355 (VIOLATED)
_09849_/B                               0.750000    0.881355   -0.131355 (VIOLATED)
_09850_/B                               0.750000    0.881355   -0.131355 (VIOLATED)
_09853_/B                               0.750000    0.881355   -0.131355 (VIOLATED)
_09868_/B                               0.750000    0.881355   -0.131355 (VIOLATED)
_10341_/A_N                             0.750000    0.881355   -0.131355 (VIOLATED)
fanout1195/X                            0.750000    0.881355   -0.131355 (VIOLATED)
_10313_/A1                              0.750000    0.881144   -0.131144 (VIOLATED)
_10040_/B                               0.750000    0.881142   -0.131143 (VIOLATED)
_11351_/A1                              0.750000    0.881142   -0.131142 (VIOLATED)
_10031_/B                               0.750000    0.881141   -0.131141 (VIOLATED)
_10034_/A_N                             0.750000    0.881141   -0.131141 (VIOLATED)
_10085_/C                               0.750000    0.881141   -0.131141 (VIOLATED)
_10094_/A_N                             0.750000    0.881141   -0.131141 (VIOLATED)
_10609_/C1                              0.750000    0.881141   -0.131141 (VIOLATED)
_10619_/A                               0.750000    0.881141   -0.131141 (VIOLATED)
fanout1434/A                            0.750000    0.881141   -0.131141 (VIOLATED)
fanout1435/X                            0.750000    0.881141   -0.131141 (VIOLATED)
_17784_/B                               0.750000    0.880988   -0.130988 (VIOLATED)
_18074_/B2                              0.750000    0.880988   -0.130988 (VIOLATED)
_18264_/A1                              0.750000    0.880988   -0.130988 (VIOLATED)
_19229_/Q                               0.750000    0.880988   -0.130988 (VIOLATED)
_09475_/A                               0.750000    0.880689   -0.130689 (VIOLATED)
_16068_/C1                              0.750000    0.880689   -0.130689 (VIOLATED)
_16084_/B1                              0.750000    0.880689   -0.130689 (VIOLATED)
_16091_/C1                              0.750000    0.880689   -0.130689 (VIOLATED)
_16418_/A1                              0.750000    0.880689   -0.130689 (VIOLATED)
_16857_/S0                              0.750000    0.880689   -0.130689 (VIOLATED)
_16859_/A                               0.750000    0.880689   -0.130689 (VIOLATED)
_16951_/B1                              0.750000    0.880689   -0.130689 (VIOLATED)
_16952_/A1                              0.750000    0.880689   -0.130689 (VIOLATED)
_16960_/C1                              0.750000    0.880689   -0.130689 (VIOLATED)
fanout1110/X                            0.750000    0.880689   -0.130689 (VIOLATED)
_17725_/A2                              0.750000    0.880619   -0.130619 (VIOLATED)
_17732_/A2                              0.750000    0.880619   -0.130619 (VIOLATED)
_17978_/A2                              0.750000    0.880619   -0.130619 (VIOLATED)
_17994_/A2                              0.750000    0.880619   -0.130619 (VIOLATED)
_18010_/A2                              0.750000    0.880619   -0.130619 (VIOLATED)
_18042_/A2                              0.750000    0.880619   -0.130619 (VIOLATED)
_18046_/A2                              0.750000    0.880619   -0.130619 (VIOLATED)
_18058_/A2                              0.750000    0.880619   -0.130619 (VIOLATED)
_18079_/A2                              0.750000    0.880619   -0.130619 (VIOLATED)
fanout622/A                             0.750000    0.880619   -0.130619 (VIOLATED)
fanout623/X                             0.750000    0.880619   -0.130619 (VIOLATED)
_13120_/B1                              0.750000    0.879808   -0.129808 (VIOLATED)
_13212_/S1                              0.750000    0.879808   -0.129808 (VIOLATED)
_13291_/A                               0.750000    0.879808   -0.129808 (VIOLATED)
_13293_/C1                              0.750000    0.879808   -0.129808 (VIOLATED)
_13429_/C1                              0.750000    0.879808   -0.129808 (VIOLATED)
_13443_/A1                              0.750000    0.879808   -0.129808 (VIOLATED)
_13446_/B1                              0.750000    0.879808   -0.129808 (VIOLATED)
_13448_/B1                              0.750000    0.879808   -0.129808 (VIOLATED)
_13450_/B2                              0.750000    0.879808   -0.129808 (VIOLATED)
_13680_/B1                              0.750000    0.879808   -0.129808 (VIOLATED)
fanout1489/X                            0.750000    0.879808   -0.129808 (VIOLATED)
_18337_/A2                              0.750000    0.878754   -0.128754 (VIOLATED)
_18345_/A2                              0.750000    0.878754   -0.128754 (VIOLATED)
_18353_/A2                              0.750000    0.878754   -0.128754 (VIOLATED)
_18361_/A2                              0.750000    0.878754   -0.128754 (VIOLATED)
_18368_/A2                              0.750000    0.878754   -0.128754 (VIOLATED)
_18369_/A2                              0.750000    0.878754   -0.128754 (VIOLATED)
_18376_/A2                              0.750000    0.878754   -0.128754 (VIOLATED)
_18384_/A2                              0.750000    0.878754   -0.128754 (VIOLATED)
_18392_/A2                              0.750000    0.878754   -0.128754 (VIOLATED)
_18400_/A2                              0.750000    0.878754   -0.128754 (VIOLATED)
fanout185/X                             0.750000    0.878754   -0.128754 (VIOLATED)
_09422_/A                               0.750000    0.878312   -0.128312 (VIOLATED)
_13080_/B1                              0.750000    0.878312   -0.128312 (VIOLATED)
_13105_/B1                              0.750000    0.878312   -0.128312 (VIOLATED)
_13150_/C1                              0.750000    0.878312   -0.128312 (VIOLATED)
_13153_/C1                              0.750000    0.878312   -0.128312 (VIOLATED)
_13156_/B1                              0.750000    0.878312   -0.128312 (VIOLATED)
_13264_/C1                              0.750000    0.878312   -0.128312 (VIOLATED)
_13275_/A1                              0.750000    0.878312   -0.128312 (VIOLATED)
_13627_/S1                              0.750000    0.878312   -0.128312 (VIOLATED)
_14039_/S1                              0.750000    0.878312   -0.128312 (VIOLATED)
fanout1491/X                            0.750000    0.878312   -0.128312 (VIOLATED)
_13001_/B                               0.750000    0.878211   -0.128211 (VIOLATED)
_13335_/B                               0.750000    0.878211   -0.128211 (VIOLATED)
_13375_/B2                              0.750000    0.878211   -0.128211 (VIOLATED)
_13377_/B                               0.750000    0.878211   -0.128211 (VIOLATED)
_13491_/C                               0.750000    0.878211   -0.128211 (VIOLATED)
_13501_/A1                              0.750000    0.878211   -0.128211 (VIOLATED)
_13513_/A2                              0.750000    0.878211   -0.128211 (VIOLATED)
_13522_/A2                              0.750000    0.878211   -0.128211 (VIOLATED)
_13525_/A2                              0.750000    0.878211   -0.128211 (VIOLATED)
_13576_/B2                              0.750000    0.878211   -0.128211 (VIOLATED)
fanout473/X                             0.750000    0.878211   -0.128211 (VIOLATED)
_11422_/A_N                             0.750000    0.878072   -0.128072 (VIOLATED)
_11423_/B                               0.750000    0.878072   -0.128072 (VIOLATED)
_11432_/B                               0.750000    0.878072   -0.128072 (VIOLATED)
_11439_/A_N                             0.750000    0.878072   -0.128072 (VIOLATED)
_11456_/A_N                             0.750000    0.878072   -0.128072 (VIOLATED)
_11460_/A2                              0.750000    0.878072   -0.128072 (VIOLATED)
_11475_/A                               0.750000    0.878072   -0.128072 (VIOLATED)
_11541_/A1                              0.750000    0.878072   -0.128072 (VIOLATED)
_11546_/A                               0.750000    0.878072   -0.128072 (VIOLATED)
_11591_/B                               0.750000    0.878072   -0.128072 (VIOLATED)
fanout1096/X                            0.750000    0.878072   -0.128072 (VIOLATED)
_11837_/A                               0.750000    0.877141   -0.127141 (VIOLATED)
_10147_/A0                              0.750000    0.877139   -0.127139 (VIOLATED)
_12268_/A                               0.750000    0.877139   -0.127139 (VIOLATED)
_10258_/A                               0.750000    0.877139   -0.127139 (VIOLATED)
_09730_/X                               0.750000    0.877039   -0.127039 (VIOLATED)
_09559_/B                               0.750000    0.876952   -0.126952 (VIOLATED)
_09617_/A2                              0.750000    0.876951   -0.126951 (VIOLATED)
_09524_/Y                               0.750000    0.876950   -0.126950 (VIOLATED)
_09547_/A2                              0.750000    0.876950   -0.126950 (VIOLATED)
_09552_/A2                              0.750000    0.876950   -0.126950 (VIOLATED)
_09570_/B                               0.750000    0.876950   -0.126950 (VIOLATED)
_09579_/B                               0.750000    0.876950   -0.126950 (VIOLATED)
_09590_/B                               0.750000    0.876950   -0.126950 (VIOLATED)
_09607_/A2                              0.750000    0.876950   -0.126950 (VIOLATED)
_18732_/A1                              0.750000    0.876950   -0.126950 (VIOLATED)
_09447_/A                               0.750000    0.876948   -0.126948 (VIOLATED)
_14756_/C1                              0.750000    0.876948   -0.126948 (VIOLATED)
_14760_/D1                              0.750000    0.876948   -0.126948 (VIOLATED)
_14762_/A                               0.750000    0.876948   -0.126948 (VIOLATED)
_14938_/B1                              0.750000    0.876948   -0.126948 (VIOLATED)
_15252_/S1                              0.750000    0.876948   -0.126948 (VIOLATED)
_15260_/B1                              0.750000    0.876948   -0.126948 (VIOLATED)
_15578_/B1                              0.750000    0.876948   -0.126948 (VIOLATED)
_15579_/A1                              0.750000    0.876948   -0.126948 (VIOLATED)
_15586_/B                               0.750000    0.876948   -0.126948 (VIOLATED)
fanout1298/X                            0.750000    0.876948   -0.126948 (VIOLATED)
_09462_/A                               0.750000    0.876836   -0.126836 (VIOLATED)
_14595_/B1                              0.750000    0.876836   -0.126836 (VIOLATED)
_14596_/A1                              0.750000    0.876836   -0.126836 (VIOLATED)
_14597_/C1                              0.750000    0.876836   -0.126836 (VIOLATED)
_15447_/B2                              0.750000    0.876836   -0.126836 (VIOLATED)
_15457_/C1                              0.750000    0.876836   -0.126836 (VIOLATED)
_15462_/C1                              0.750000    0.876836   -0.126836 (VIOLATED)
_15706_/B1                              0.750000    0.876836   -0.126836 (VIOLATED)
_17518_/A0                              0.750000    0.876836   -0.126836 (VIOLATED)
fanout1779/A                            0.750000    0.876836   -0.126836 (VIOLATED)
fanout1780/X                            0.750000    0.876836   -0.126836 (VIOLATED)
_09472_/A                               0.750000    0.876821   -0.126822 (VIOLATED)
_15886_/B                               0.750000    0.876821   -0.126822 (VIOLATED)
_15897_/B                               0.750000    0.876821   -0.126822 (VIOLATED)
_15921_/B                               0.750000    0.876821   -0.126822 (VIOLATED)
_15924_/A1                              0.750000    0.876821   -0.126822 (VIOLATED)
_16754_/A1                              0.750000    0.876821   -0.126822 (VIOLATED)
_17014_/B2                              0.750000    0.876821   -0.126822 (VIOLATED)
_17153_/A1                              0.750000    0.876821   -0.126822 (VIOLATED)
fanout1864/A                            0.750000    0.876821   -0.126822 (VIOLATED)
fanout1865/X                            0.750000    0.876821   -0.126822 (VIOLATED)
_14859_/S0                              0.750000    0.875967   -0.125967 (VIOLATED)
_15229_/C1                              0.750000    0.875967   -0.125967 (VIOLATED)
_15236_/B                               0.750000    0.875967   -0.125967 (VIOLATED)
_15356_/A1                              0.750000    0.875967   -0.125967 (VIOLATED)
_15362_/A1                              0.750000    0.875967   -0.125967 (VIOLATED)
_15595_/A                               0.750000    0.875967   -0.125967 (VIOLATED)
_15605_/B1                              0.750000    0.875967   -0.125967 (VIOLATED)
_15611_/C1                              0.750000    0.875967   -0.125967 (VIOLATED)
_15678_/B1                              0.750000    0.875967   -0.125967 (VIOLATED)
fanout705/A                             0.750000    0.875967   -0.125967 (VIOLATED)
fanout706/X                             0.750000    0.875967   -0.125967 (VIOLATED)
_13907_/A1                              0.750000    0.875959   -0.125959 (VIOLATED)
_13913_/A1                              0.750000    0.875959   -0.125959 (VIOLATED)
_13897_/C1                              0.750000    0.875958   -0.125958 (VIOLATED)
_13590_/C1                              0.750000    0.875956   -0.125956 (VIOLATED)
_13595_/B1                              0.750000    0.875954   -0.125954 (VIOLATED)
_13499_/A1                              0.750000    0.875948   -0.125948 (VIOLATED)
_13889_/B2                              0.750000    0.875948   -0.125948 (VIOLATED)
fanout731/A                             0.750000    0.875948   -0.125948 (VIOLATED)
fanout732/X                             0.750000    0.875948   -0.125948 (VIOLATED)
_11420_/A_N                             0.750000    0.875611   -0.125611 (VIOLATED)
_11423_/A                               0.750000    0.875611   -0.125611 (VIOLATED)
_11429_/B                               0.750000    0.875611   -0.125611 (VIOLATED)
_11439_/B                               0.750000    0.875611   -0.125611 (VIOLATED)
_11449_/A                               0.750000    0.875611   -0.125611 (VIOLATED)
_11454_/A                               0.750000    0.875611   -0.125611 (VIOLATED)
_11460_/A1                              0.750000    0.875611   -0.125611 (VIOLATED)
_11517_/A                               0.750000    0.875611   -0.125611 (VIOLATED)
_11591_/C                               0.750000    0.875611   -0.125611 (VIOLATED)
_11803_/A1                              0.750000    0.875611   -0.125611 (VIOLATED)
fanout1101/X                            0.750000    0.875611   -0.125611 (VIOLATED)
_16063_/Y                               0.750000    0.874893   -0.124893 (VIOLATED)
_16384_/B1                              0.750000    0.874893   -0.124893 (VIOLATED)
_16717_/B1                              0.750000    0.874893   -0.124893 (VIOLATED)
_16852_/B1                              0.750000    0.874893   -0.124893 (VIOLATED)
_16853_/A1                              0.750000    0.874893   -0.124893 (VIOLATED)
_17198_/B1                              0.750000    0.874893   -0.124893 (VIOLATED)
_17200_/B1                              0.750000    0.874893   -0.124893 (VIOLATED)
_17212_/B1                              0.750000    0.874893   -0.124893 (VIOLATED)
ANTENNA_79/DIODE                        0.750000    0.874363   -0.124363 (VIOLATED)
ANTENNA_81/DIODE                        0.750000    0.874363   -0.124363 (VIOLATED)
_17482_/A1                              0.750000    0.874362   -0.124362 (VIOLATED)
ANTENNA_78/DIODE                        0.750000    0.874362   -0.124362 (VIOLATED)
ANTENNA_80/DIODE                        0.750000    0.874361   -0.124361 (VIOLATED)
ANTENNA_82/DIODE                        0.750000    0.874360   -0.124360 (VIOLATED)
_17481_/X                               0.750000    0.874253   -0.124253 (VIOLATED)
_10169_/B                               0.750000    0.873836   -0.123836 (VIOLATED)
_10201_/B                               0.750000    0.873836   -0.123836 (VIOLATED)
_10230_/A_N                             0.750000    0.873836   -0.123836 (VIOLATED)
fanout955/A                             0.750000    0.873836   -0.123836 (VIOLATED)
fanout957/A                             0.750000    0.873836   -0.123836 (VIOLATED)
fanout958/X                             0.750000    0.873836   -0.123836 (VIOLATED)
_16346_/A1                              0.750000    0.873722   -0.123722 (VIOLATED)
_16349_/C1                              0.750000    0.873722   -0.123722 (VIOLATED)
_16540_/B1                              0.750000    0.873722   -0.123722 (VIOLATED)
_16541_/A                               0.750000    0.873722   -0.123722 (VIOLATED)
_16544_/B1                              0.750000    0.873722   -0.123722 (VIOLATED)
_16639_/A1                              0.750000    0.873722   -0.123722 (VIOLATED)
_16644_/C1                              0.750000    0.873722   -0.123722 (VIOLATED)
_16818_/S0                              0.750000    0.873722   -0.123722 (VIOLATED)
_16919_/B1                              0.750000    0.873722   -0.123722 (VIOLATED)
_17105_/C1                              0.750000    0.873722   -0.123722 (VIOLATED)
fanout663/X                             0.750000    0.873722   -0.123722 (VIOLATED)
_18667_/A1_N                            0.750000    0.873711   -0.123711 (VIOLATED)
_18689_/A1_N                            0.750000    0.873711   -0.123711 (VIOLATED)
_18697_/A1_N                            0.750000    0.873710   -0.123710 (VIOLATED)
fanout873/A                             0.750000    0.873708   -0.123708 (VIOLATED)
fanout874/A                             0.750000    0.873708   -0.123708 (VIOLATED)
fanout875/A                             0.750000    0.873708   -0.123708 (VIOLATED)
fanout876/X                             0.750000    0.873708   -0.123708 (VIOLATED)
_10391_/A                               0.750000    0.873590   -0.123590 (VIOLATED)
_10519_/B1                              0.750000    0.873590   -0.123590 (VIOLATED)
_10520_/A1                              0.750000    0.873590   -0.123590 (VIOLATED)
_10695_/A1                              0.750000    0.873590   -0.123590 (VIOLATED)
_10697_/C1                              0.750000    0.873590   -0.123590 (VIOLATED)
_10709_/B1                              0.750000    0.873590   -0.123590 (VIOLATED)
_10712_/A1                              0.750000    0.873590   -0.123590 (VIOLATED)
_11011_/B1                              0.750000    0.873590   -0.123590 (VIOLATED)
_11014_/A1                              0.750000    0.873590   -0.123590 (VIOLATED)
_11189_/C1                              0.750000    0.873590   -0.123590 (VIOLATED)
fanout1633/X                            0.750000    0.873590   -0.123590 (VIOLATED)
_15899_/A                               0.750000    0.873538   -0.123538 (VIOLATED)
_17027_/A1                              0.750000    0.873536   -0.123536 (VIOLATED)
_17155_/A1                              0.750000    0.873536   -0.123536 (VIOLATED)
_16609_/A                               0.750000    0.873534   -0.123534 (VIOLATED)
_15948_/A                               0.750000    0.873532   -0.123532 (VIOLATED)
_16207_/A                               0.750000    0.873532   -0.123532 (VIOLATED)
_16209_/B1                              0.750000    0.873532   -0.123532 (VIOLATED)
_16213_/A                               0.750000    0.873532   -0.123532 (VIOLATED)
_16239_/A1                              0.750000    0.873532   -0.123532 (VIOLATED)
_16604_/B1                              0.750000    0.873532   -0.123532 (VIOLATED)
fanout681/X                             0.750000    0.873532   -0.123532 (VIOLATED)
_16296_/B1                              0.750000    0.873205   -0.123205 (VIOLATED)
_16362_/C1                              0.750000    0.873205   -0.123205 (VIOLATED)
_16366_/C1                              0.750000    0.873205   -0.123205 (VIOLATED)
_16520_/D1                              0.750000    0.873205   -0.123205 (VIOLATED)
_16842_/A1                              0.750000    0.873205   -0.123205 (VIOLATED)
_16925_/A                               0.750000    0.873205   -0.123205 (VIOLATED)
_17234_/B1                              0.750000    0.873205   -0.123205 (VIOLATED)
_17244_/A1                              0.750000    0.873205   -0.123205 (VIOLATED)
_17264_/A                               0.750000    0.873205   -0.123205 (VIOLATED)
_17271_/B1                              0.750000    0.873205   -0.123205 (VIOLATED)
fanout1358/X                            0.750000    0.873205   -0.123205 (VIOLATED)
_12435_/C1                              0.750000    0.873128   -0.123128 (VIOLATED)
_12478_/C1                              0.750000    0.873128   -0.123128 (VIOLATED)
_12485_/B1                              0.750000    0.873128   -0.123128 (VIOLATED)
_12588_/S0                              0.750000    0.873128   -0.123128 (VIOLATED)
_12601_/A                               0.750000    0.873128   -0.123128 (VIOLATED)
_12605_/A1                              0.750000    0.873128   -0.123128 (VIOLATED)
_12630_/C1                              0.750000    0.873128   -0.123128 (VIOLATED)
_12643_/A1                              0.750000    0.873128   -0.123128 (VIOLATED)
fanout967/X                             0.750000    0.873128   -0.123128 (VIOLATED)
_13535_/B                               0.750000    0.873024   -0.123024 (VIOLATED)
_13534_/X                               0.750000    0.873009   -0.123009 (VIOLATED)
_14062_/A1                              0.750000    0.872284   -0.122284 (VIOLATED)
_14067_/B1                              0.750000    0.872284   -0.122284 (VIOLATED)
_13893_/B1                              0.750000    0.872282   -0.122282 (VIOLATED)
_13761_/B1                              0.750000    0.872282   -0.122282 (VIOLATED)
_13046_/C1                              0.750000    0.872282   -0.122282 (VIOLATED)
_13052_/B1                              0.750000    0.872282   -0.122282 (VIOLATED)
_13348_/A1                              0.750000    0.872282   -0.122282 (VIOLATED)
_13357_/A1                              0.750000    0.872282   -0.122282 (VIOLATED)
_13373_/C1                              0.750000    0.872282   -0.122282 (VIOLATED)
_14006_/B2                              0.750000    0.872282   -0.122282 (VIOLATED)
fanout1208/X                            0.750000    0.872282   -0.122282 (VIOLATED)
_16215_/C                               0.750000    0.870522   -0.120522 (VIOLATED)
_15932_/B                               0.750000    0.870521   -0.120521 (VIOLATED)
_15893_/A_N                             0.750000    0.870520   -0.120520 (VIOLATED)
_15911_/B                               0.750000    0.870519   -0.120519 (VIOLATED)
_15937_/C                               0.750000    0.870519   -0.120519 (VIOLATED)
_15960_/A2                              0.750000    0.870519   -0.120519 (VIOLATED)
_16222_/A2                              0.750000    0.870519   -0.120519 (VIOLATED)
_17482_/A0                              0.750000    0.870519   -0.120519 (VIOLATED)
fanout1854/A                            0.750000    0.870519   -0.120519 (VIOLATED)
fanout1855/X                            0.750000    0.870519   -0.120519 (VIOLATED)
_16169_/A2                              0.750000    0.870459   -0.120459 (VIOLATED)
_17292_/A                               0.750000    0.870459   -0.120459 (VIOLATED)
_16151_/C_N                             0.750000    0.870458   -0.120458 (VIOLATED)
_16804_/A1                              0.750000    0.870458   -0.120458 (VIOLATED)
_17058_/A1                              0.750000    0.870457   -0.120457 (VIOLATED)
_18368_/B1                              0.750000    0.870376   -0.120376 (VIOLATED)
_18376_/B1                              0.750000    0.870376   -0.120376 (VIOLATED)
_18384_/B1                              0.750000    0.870376   -0.120376 (VIOLATED)
_18392_/B1                              0.750000    0.870374   -0.120374 (VIOLATED)
_18337_/B1                              0.750000    0.870374   -0.120374 (VIOLATED)
_18345_/B1                              0.750000    0.870374   -0.120374 (VIOLATED)
_18353_/B1                              0.750000    0.870374   -0.120374 (VIOLATED)
_18361_/B1                              0.750000    0.870374   -0.120374 (VIOLATED)
_18369_/B1                              0.750000    0.870374   -0.120374 (VIOLATED)
_18400_/B1                              0.750000    0.870374   -0.120374 (VIOLATED)
fanout242/X                             0.750000    0.870374   -0.120374 (VIOLATED)
_16111_/Y                               0.750000    0.870242   -0.120242 (VIOLATED)
_16150_/A                               0.750000    0.870242   -0.120242 (VIOLATED)
_17190_/B2                              0.750000    0.870242   -0.120242 (VIOLATED)
_17289_/A1                              0.750000    0.870242   -0.120242 (VIOLATED)
_14598_/A1                              0.750000    0.870007   -0.120007 (VIOLATED)
_14863_/B1                              0.750000    0.870007   -0.120007 (VIOLATED)
_14876_/A                               0.750000    0.870007   -0.120007 (VIOLATED)
_14877_/A1                              0.750000    0.870007   -0.120007 (VIOLATED)
_14878_/C1                              0.750000    0.870007   -0.120007 (VIOLATED)
_15121_/C1                              0.750000    0.870007   -0.120007 (VIOLATED)
_15196_/C1                              0.750000    0.870007   -0.120007 (VIOLATED)
_15440_/A1                              0.750000    0.870007   -0.120007 (VIOLATED)
_15444_/B1                              0.750000    0.870007   -0.120007 (VIOLATED)
_15461_/A                               0.750000    0.870007   -0.120007 (VIOLATED)
fanout694/X                             0.750000    0.870007   -0.120007 (VIOLATED)
_09855_/A2                              0.750000    0.869951   -0.119951 (VIOLATED)
_10359_/A0                              0.750000    0.869950   -0.119950 (VIOLATED)
_09860_/A2                              0.750000    0.869950   -0.119950 (VIOLATED)
_10344_/A2                              0.750000    0.869950   -0.119950 (VIOLATED)
_10562_/B                               0.750000    0.869950   -0.119950 (VIOLATED)
_10597_/A2                              0.750000    0.869950   -0.119950 (VIOLATED)
_11056_/A3                              0.750000    0.869950   -0.119950 (VIOLATED)
_11316_/A2                              0.750000    0.869950   -0.119950 (VIOLATED)
_11327_/A2                              0.750000    0.869950   -0.119950 (VIOLATED)
_11331_/B                               0.750000    0.869950   -0.119950 (VIOLATED)
fanout537/X                             0.750000    0.869950   -0.119950 (VIOLATED)
_14116_/B                               0.750000    0.869282   -0.119282 (VIOLATED)
_14115_/X                               0.750000    0.869221   -0.119221 (VIOLATED)
_10540_/A2                              0.750000    0.868865   -0.118865 (VIOLATED)
_10279_/C                               0.750000    0.868865   -0.118865 (VIOLATED)
_10286_/C                               0.750000    0.868865   -0.118865 (VIOLATED)
_11236_/B2                              0.750000    0.868865   -0.118865 (VIOLATED)
_09960_/Y                               0.750000    0.868862   -0.118862 (VIOLATED)
_09963_/A2_N                            0.750000    0.868862   -0.118862 (VIOLATED)
_14515_/B                               0.750000    0.867901   -0.117901 (VIOLATED)
_14531_/A                               0.750000    0.867901   -0.117901 (VIOLATED)
_14505_/A                               0.750000    0.867900   -0.117900 (VIOLATED)
_14512_/A                               0.750000    0.867900   -0.117900 (VIOLATED)
_14536_/A                               0.750000    0.867899   -0.117899 (VIOLATED)
_14530_/A                               0.750000    0.867898   -0.117898 (VIOLATED)
_14527_/B                               0.750000    0.867896   -0.117897 (VIOLATED)
_14535_/A                               0.750000    0.867896   -0.117897 (VIOLATED)
_14573_/A                               0.750000    0.867896   -0.117897 (VIOLATED)
_17509_/A0                              0.750000    0.867896   -0.117897 (VIOLATED)
fanout1805/X                            0.750000    0.867896   -0.117897 (VIOLATED)
_11380_/S                               0.750000    0.867679   -0.117679 (VIOLATED)
_12263_/S                               0.750000    0.867679   -0.117679 (VIOLATED)
_12654_/A1                              0.750000    0.867679   -0.117679 (VIOLATED)
_18144_/A2                              0.750000    0.867679   -0.117679 (VIOLATED)
_18145_/A3                              0.750000    0.867679   -0.117679 (VIOLATED)
_18147_/A2                              0.750000    0.867679   -0.117679 (VIOLATED)
_18149_/A2                              0.750000    0.867679   -0.117679 (VIOLATED)
_18150_/A3                              0.750000    0.867679   -0.117679 (VIOLATED)
_18151_/A3                              0.750000    0.867679   -0.117679 (VIOLATED)
fanout572/A                             0.750000    0.867679   -0.117679 (VIOLATED)
fanout574/X                             0.750000    0.867679   -0.117679 (VIOLATED)
_14220_/S                               0.750000    0.867299   -0.117299 (VIOLATED)
_15713_/S                               0.750000    0.867299   -0.117299 (VIOLATED)
_15719_/S                               0.750000    0.867299   -0.117299 (VIOLATED)
_15766_/S                               0.750000    0.867299   -0.117299 (VIOLATED)
_15772_/S                               0.750000    0.867299   -0.117299 (VIOLATED)
_15826_/S                               0.750000    0.867299   -0.117299 (VIOLATED)
_16424_/S                               0.750000    0.867299   -0.117299 (VIOLATED)
_17322_/S                               0.750000    0.867299   -0.117299 (VIOLATED)
fanout162/X                             0.750000    0.867299   -0.117299 (VIOLATED)
_10747_/A                               0.750000    0.867035   -0.117035 (VIOLATED)
_12446_/A0                              0.750000    0.867032   -0.117032 (VIOLATED)
_12011_/B                               0.750000    0.867032   -0.117032 (VIOLATED)
_10602_/A                               0.750000    0.867031   -0.117031 (VIOLATED)
_10556_/X                               0.750000    0.867022   -0.117022 (VIOLATED)
_17362_/A                               0.750000    0.865854   -0.115854 (VIOLATED)
_17166_/A                               0.750000    0.865836   -0.115836 (VIOLATED)
_17460_/A                               0.750000    0.865814   -0.115814 (VIOLATED)
_17137_/A2                              0.750000    0.865791   -0.115791 (VIOLATED)
_12979_/A2                              0.750000    0.865668   -0.115668 (VIOLATED)
_13034_/B                               0.750000    0.865668   -0.115668 (VIOLATED)
_13050_/B                               0.750000    0.865668   -0.115668 (VIOLATED)
_13342_/B                               0.750000    0.865668   -0.115668 (VIOLATED)
_13362_/C                               0.750000    0.865668   -0.115668 (VIOLATED)
_13372_/A1                              0.750000    0.865668   -0.115668 (VIOLATED)
_13493_/A2                              0.750000    0.865668   -0.115668 (VIOLATED)
_13523_/C1                              0.750000    0.865668   -0.115668 (VIOLATED)
_13741_/A3                              0.750000    0.865668   -0.115668 (VIOLATED)
fanout1241/A                            0.750000    0.865668   -0.115668 (VIOLATED)
fanout1242/X                            0.750000    0.865668   -0.115668 (VIOLATED)
_17356_/B                               0.750000    0.865650   -0.115650 (VIOLATED)
_17041_/X                               0.750000    0.864838   -0.114838 (VIOLATED)
_09412_/A                               0.750000    0.864641   -0.114641 (VIOLATED)
_12317_/B1                              0.750000    0.864641   -0.114641 (VIOLATED)
_12359_/B1                              0.750000    0.864641   -0.114641 (VIOLATED)
_12366_/C1                              0.750000    0.864641   -0.114641 (VIOLATED)
_12368_/C1                              0.750000    0.864641   -0.114641 (VIOLATED)
_12401_/A1                              0.750000    0.864641   -0.114641 (VIOLATED)
_12462_/C1                              0.750000    0.864641   -0.114641 (VIOLATED)
_12463_/B1                              0.750000    0.864641   -0.114641 (VIOLATED)
_12565_/C1                              0.750000    0.864641   -0.114641 (VIOLATED)
fanout966/A                             0.750000    0.864641   -0.114641 (VIOLATED)
fanout968/X                             0.750000    0.864641   -0.114641 (VIOLATED)
_12649_/A                               0.750000    0.864640   -0.114640 (VIOLATED)
_16525_/A2                              0.750000    0.864616   -0.114616 (VIOLATED)
fanout383/A                             0.750000    0.864615   -0.114615 (VIOLATED)
_16320_/C                               0.750000    0.864615   -0.114615 (VIOLATED)
_16345_/A2                              0.750000    0.864615   -0.114615 (VIOLATED)
_16348_/A                               0.750000    0.864615   -0.114615 (VIOLATED)
_16526_/A2                              0.750000    0.864615   -0.114615 (VIOLATED)
_16539_/B                               0.750000    0.864615   -0.114615 (VIOLATED)
_16634_/A3                              0.750000    0.864615   -0.114615 (VIOLATED)
_16815_/A2                              0.750000    0.864615   -0.114615 (VIOLATED)
fanout384/X                             0.750000    0.864615   -0.114615 (VIOLATED)
_12616_/X                               0.750000    0.864609   -0.114609 (VIOLATED)
_17065_/A1                              0.750000    0.864590   -0.114590 (VIOLATED)
fanout1613/A                            0.750000    0.864590   -0.114590 (VIOLATED)
fanout1614/A                            0.750000    0.864586   -0.114587 (VIOLATED)
_16109_/A_N                             0.750000    0.864586   -0.114586 (VIOLATED)
_16116_/A_N                             0.750000    0.864586   -0.114586 (VIOLATED)
_16134_/A                               0.750000    0.864586   -0.114586 (VIOLATED)
fanout1612/A                            0.750000    0.864586   -0.114586 (VIOLATED)
fanout1615/X                            0.750000    0.864586   -0.114586 (VIOLATED)
_16287_/B                               0.750000    0.864372   -0.114372 (VIOLATED)
_16305_/A                               0.750000    0.864372   -0.114372 (VIOLATED)
_16319_/B                               0.750000    0.864372   -0.114372 (VIOLATED)
_16653_/A1                              0.750000    0.864372   -0.114372 (VIOLATED)
_16661_/B2                              0.750000    0.864372   -0.114372 (VIOLATED)
_16915_/B2                              0.750000    0.864372   -0.114372 (VIOLATED)
_16928_/B                               0.750000    0.864372   -0.114372 (VIOLATED)
_17102_/A2                              0.750000    0.864372   -0.114372 (VIOLATED)
_17109_/A2                              0.750000    0.864372   -0.114372 (VIOLATED)
_17116_/A3                              0.750000    0.864372   -0.114372 (VIOLATED)
fanout383/X                             0.750000    0.864372   -0.114372 (VIOLATED)
ANTENNA_102/DIODE                       0.750000    0.864170   -0.114170 (VIOLATED)
ANTENNA_101/DIODE                       0.750000    0.864169   -0.114169 (VIOLATED)
_17574_/A1                              0.750000    0.864170   -0.114170 (VIOLATED)
ANTENNA_103/DIODE                       0.750000    0.864169   -0.114169 (VIOLATED)
ANTENNA_104/DIODE                       0.750000    0.864169   -0.114169 (VIOLATED)
ANTENNA_105/DIODE                       0.750000    0.864169   -0.114169 (VIOLATED)
ANTENNA_106/DIODE                       0.750000    0.864169   -0.114169 (VIOLATED)
_17573_/X                               0.750000    0.864145   -0.114145 (VIOLATED)
_17687_/S                               0.750000    0.863002   -0.113002 (VIOLATED)
_17760_/C                               0.750000    0.863002   -0.113002 (VIOLATED)
_17788_/S                               0.750000    0.863002   -0.113002 (VIOLATED)
_18006_/B1                              0.750000    0.863002   -0.113002 (VIOLATED)
_18012_/B2                              0.750000    0.863002   -0.113002 (VIOLATED)
_18023_/B1                              0.750000    0.863002   -0.113002 (VIOLATED)
_18044_/B2                              0.750000    0.863002   -0.113002 (VIOLATED)
_18060_/B1                              0.750000    0.863002   -0.113002 (VIOLATED)
_18076_/B1                              0.750000    0.863002   -0.113002 (VIOLATED)
fanout279/A                             0.750000    0.863002   -0.113002 (VIOLATED)
fanout281/X                             0.750000    0.863002   -0.113002 (VIOLATED)
_17568_/A1                              0.750000    0.862406   -0.112406 (VIOLATED)
_17567_/X                               0.750000    0.862218   -0.112218 (VIOLATED)
_12973_/A                               0.750000    0.860824   -0.110824 (VIOLATED)
_13491_/D                               0.750000    0.860823   -0.110823 (VIOLATED)
_13991_/A2                              0.750000    0.860823   -0.110823 (VIOLATED)
_13981_/A1                              0.750000    0.860823   -0.110823 (VIOLATED)
_13003_/A2                              0.750000    0.860819   -0.110819 (VIOLATED)
_13022_/A                               0.750000    0.860818   -0.110818 (VIOLATED)
_13983_/A1                              0.750000    0.860817   -0.110817 (VIOLATED)
_12986_/B                               0.750000    0.860813   -0.110813 (VIOLATED)
_13339_/C                               0.750000    0.860813   -0.110813 (VIOLATED)
_13350_/A2                              0.750000    0.860813   -0.110813 (VIOLATED)
fanout470/X                             0.750000    0.860813   -0.110813 (VIOLATED)
_16501_/B1                              0.750000    0.860438   -0.110438 (VIOLATED)
_16506_/A                               0.750000    0.860438   -0.110438 (VIOLATED)
_16696_/B1                              0.750000    0.860438   -0.110438 (VIOLATED)
_16699_/A1                              0.750000    0.860438   -0.110438 (VIOLATED)
_16976_/C1                              0.750000    0.860438   -0.110438 (VIOLATED)
_16984_/A1                              0.750000    0.860438   -0.110438 (VIOLATED)
_17070_/B1                              0.750000    0.860438   -0.110438 (VIOLATED)
_17177_/B1                              0.750000    0.860438   -0.110438 (VIOLATED)
_17193_/B1                              0.750000    0.860438   -0.110438 (VIOLATED)
_17295_/C1                              0.750000    0.860438   -0.110438 (VIOLATED)
fanout1587/X                            0.750000    0.860438   -0.110438 (VIOLATED)
_16388_/C1                              0.750000    0.859787   -0.109787 (VIOLATED)
_16560_/C1                              0.750000    0.859787   -0.109787 (VIOLATED)
_16708_/C1                              0.750000    0.859787   -0.109787 (VIOLATED)
_16714_/A1                              0.750000    0.859787   -0.109787 (VIOLATED)
_16856_/A1                              0.750000    0.859787   -0.109787 (VIOLATED)
_16954_/B1                              0.750000    0.859787   -0.109787 (VIOLATED)
_17080_/C1                              0.750000    0.859787   -0.109787 (VIOLATED)
_17204_/A                               0.750000    0.859787   -0.109787 (VIOLATED)
_17206_/C1                              0.750000    0.859787   -0.109787 (VIOLATED)
fanout669/A                             0.750000    0.859787   -0.109787 (VIOLATED)
fanout670/X                             0.750000    0.859787   -0.109787 (VIOLATED)
_18338_/A2                              0.750000    0.859761   -0.109761 (VIOLATED)
_18346_/A2                              0.750000    0.859761   -0.109761 (VIOLATED)
fanout183/A                             0.750000    0.859756   -0.109756 (VIOLATED)
_18404_/A2                              0.750000    0.859754   -0.109754 (VIOLATED)
_18377_/A2                              0.750000    0.859750   -0.109750 (VIOLATED)
fanout185/A                             0.750000    0.859750   -0.109750 (VIOLATED)
fanout186/X                             0.750000    0.859750   -0.109750 (VIOLATED)
_16063_/A                               0.750000    0.859221   -0.109221 (VIOLATED)
_16010_/A                               0.750000    0.859221   -0.109221 (VIOLATED)
_16048_/A1                              0.750000    0.859221   -0.109221 (VIOLATED)
_16065_/A                               0.750000    0.859221   -0.109221 (VIOLATED)
_16081_/A                               0.750000    0.859221   -0.109221 (VIOLATED)
_16396_/A1                              0.750000    0.859221   -0.109221 (VIOLATED)
fanout1146/A                            0.750000    0.859221   -0.109221 (VIOLATED)
fanout1151/A                            0.750000    0.859221   -0.109221 (VIOLATED)
fanout1152/X                            0.750000    0.859221   -0.109221 (VIOLATED)
_14507_/A                               0.750000    0.858754   -0.108754 (VIOLATED)
_14508_/A                               0.750000    0.858754   -0.108754 (VIOLATED)
_15102_/A                               0.750000    0.858754   -0.108754 (VIOLATED)
_09779_/B                               0.750000    0.858750   -0.108750 (VIOLATED)
_09784_/B                               0.750000    0.858750   -0.108750 (VIOLATED)
_09797_/A_N                             0.750000    0.858750   -0.108750 (VIOLATED)
_09807_/B                               0.750000    0.858750   -0.108750 (VIOLATED)
_09840_/A2                              0.750000    0.858750   -0.108750 (VIOLATED)
_09841_/B                               0.750000    0.858750   -0.108750 (VIOLATED)
_09860_/A1                              0.750000    0.858750   -0.108750 (VIOLATED)
_09868_/C                               0.750000    0.858750   -0.108750 (VIOLATED)
_11056_/A1                              0.750000    0.858750   -0.108750 (VIOLATED)
_11064_/B2                              0.750000    0.858750   -0.108750 (VIOLATED)
fanout1200/X                            0.750000    0.858750   -0.108750 (VIOLATED)
_14491_/Y                               0.750000    0.858509   -0.108509 (VIOLATED)
_14550_/A2                              0.750000    0.858509   -0.108509 (VIOLATED)
_14888_/B                               0.750000    0.858509   -0.108509 (VIOLATED)
_15456_/A1                              0.750000    0.858509   -0.108509 (VIOLATED)
_11980_/B1                              0.750000    0.858331   -0.108331 (VIOLATED)
_11996_/S1                              0.750000    0.858331   -0.108331 (VIOLATED)
_12069_/A1                              0.750000    0.858331   -0.108331 (VIOLATED)
_12073_/C1                              0.750000    0.858331   -0.108331 (VIOLATED)
_12083_/D                               0.750000    0.858331   -0.108331 (VIOLATED)
_12084_/A1                              0.750000    0.858331   -0.108331 (VIOLATED)
_12090_/A1                              0.750000    0.858331   -0.108331 (VIOLATED)
_12108_/A1                              0.750000    0.858331   -0.108331 (VIOLATED)
_12232_/C1                              0.750000    0.858331   -0.108331 (VIOLATED)
_12236_/A1                              0.750000    0.858331   -0.108331 (VIOLATED)
fanout1012/X                            0.750000    0.858331   -0.108331 (VIOLATED)
fanout1159/A                            0.750000    0.857836   -0.107836 (VIOLATED)
fanout1158/A                            0.750000    0.857832   -0.107832 (VIOLATED)
_10600_/A1                              0.750000    0.857829   -0.107829 (VIOLATED)
_10366_/C1                              0.750000    0.857828   -0.107828 (VIOLATED)
_09377_/A                               0.750000    0.857828   -0.107828 (VIOLATED)
_17848_/A0                              0.750000    0.857816   -0.107816 (VIOLATED)
fanout1160/X                            0.750000    0.857816   -0.107816 (VIOLATED)
_14674_/C1                              0.750000    0.857675   -0.107675 (VIOLATED)
_15061_/A                               0.750000    0.857675   -0.107675 (VIOLATED)
_15086_/C1                              0.750000    0.857675   -0.107675 (VIOLATED)
_15213_/D                               0.750000    0.857675   -0.107675 (VIOLATED)
_15215_/C1                              0.750000    0.857675   -0.107675 (VIOLATED)
_15347_/B2                              0.750000    0.857675   -0.107675 (VIOLATED)
_15479_/B1                              0.750000    0.857675   -0.107675 (VIOLATED)
_15599_/B1                              0.750000    0.857675   -0.107675 (VIOLATED)
_15602_/D1                              0.750000    0.857675   -0.107675 (VIOLATED)
_15675_/C1                              0.750000    0.857675   -0.107675 (VIOLATED)
fanout705/X                             0.750000    0.857675   -0.107675 (VIOLATED)
_16585_/B                               0.750000    0.857665   -0.107665 (VIOLATED)
_16744_/A                               0.750000    0.857665   -0.107665 (VIOLATED)
_17434_/B2                              0.750000    0.857663   -0.107663 (VIOLATED)
_16587_/B                               0.750000    0.857657   -0.107657 (VIOLATED)
_16584_/X                               0.750000    0.857649   -0.107649 (VIOLATED)
_15490_/A2                              0.750000    0.856757   -0.106757 (VIOLATED)
_14608_/B                               0.750000    0.856756   -0.106756 (VIOLATED)
_14852_/A1                              0.750000    0.856756   -0.106756 (VIOLATED)
_14619_/B                               0.750000    0.856755   -0.106755 (VIOLATED)
_14639_/A1                              0.750000    0.856754   -0.106754 (VIOLATED)
fanout1578/A                            0.750000    0.856754   -0.106754 (VIOLATED)
_14614_/B                               0.750000    0.856754   -0.106754 (VIOLATED)
_17625_/A0                              0.750000    0.856736   -0.106736 (VIOLATED)
fanout1579/X                            0.750000    0.856736   -0.106736 (VIOLATED)
_16146_/C                               0.750000    0.855439   -0.105439 (VIOLATED)
_16183_/C                               0.750000    0.855438   -0.105438 (VIOLATED)
_16184_/C                               0.750000    0.855438   -0.105438 (VIOLATED)
_16684_/A3                              0.750000    0.855437   -0.105437 (VIOLATED)
_16697_/B2                              0.750000    0.855435   -0.105435 (VIOLATED)
_16799_/C                               0.750000    0.855431   -0.105431 (VIOLATED)
_16150_/B                               0.750000    0.855429   -0.105429 (VIOLATED)
_16692_/A                               0.750000    0.855429   -0.105429 (VIOLATED)
_16693_/A                               0.750000    0.855429   -0.105429 (VIOLATED)
_16986_/A2                              0.750000    0.855429   -0.105429 (VIOLATED)
fanout392/X                             0.750000    0.855429   -0.105429 (VIOLATED)
_14492_/A                               0.750000    0.854648   -0.104648 (VIOLATED)
_14499_/A_N                             0.750000    0.854648   -0.104648 (VIOLATED)
_14500_/A                               0.750000    0.854648   -0.104648 (VIOLATED)
_14539_/A                               0.750000    0.854648   -0.104648 (VIOLATED)
_14542_/A1                              0.750000    0.854648   -0.104648 (VIOLATED)
_14549_/B1_N                            0.750000    0.854648   -0.104648 (VIOLATED)
_14557_/A                               0.750000    0.854648   -0.104648 (VIOLATED)
_14558_/A                               0.750000    0.854648   -0.104648 (VIOLATED)
_14881_/A1                              0.750000    0.854648   -0.104648 (VIOLATED)
_15379_/B                               0.750000    0.854648   -0.104648 (VIOLATED)
fanout1802/X                            0.750000    0.854648   -0.104648 (VIOLATED)
_09408_/A                               0.750000    0.854542   -0.104542 (VIOLATED)
_12276_/B                               0.750000    0.854542   -0.104542 (VIOLATED)
_12278_/A                               0.750000    0.854542   -0.104542 (VIOLATED)
_12279_/B                               0.750000    0.854542   -0.104542 (VIOLATED)
_12280_/A_N                             0.750000    0.854542   -0.104542 (VIOLATED)
_12283_/A                               0.750000    0.854542   -0.104542 (VIOLATED)
_12296_/A                               0.750000    0.854542   -0.104542 (VIOLATED)
_12305_/A                               0.750000    0.854542   -0.104542 (VIOLATED)
_12331_/C                               0.750000    0.854542   -0.104542 (VIOLATED)
_17906_/A1                              0.750000    0.854542   -0.104542 (VIOLATED)
fanout1006/X                            0.750000    0.854542   -0.104542 (VIOLATED)
_13657_/A3                              0.750000    0.854199   -0.104199 (VIOLATED)
_13720_/B                               0.750000    0.854198   -0.104198 (VIOLATED)
_13465_/A                               0.750000    0.854195   -0.104195 (VIOLATED)
_12871_/X                               0.750000    0.854193   -0.104193 (VIOLATED)
fanout478/A                             0.750000    0.854193   -0.104193 (VIOLATED)
_14534_/B                               0.750000    0.853785   -0.103785 (VIOLATED)
_14505_/B                               0.750000    0.853785   -0.103785 (VIOLATED)
_14530_/B                               0.750000    0.853784   -0.103784 (VIOLATED)
_15187_/B2                              0.750000    0.853784   -0.103784 (VIOLATED)
_09466_/A                               0.750000    0.853783   -0.103784 (VIOLATED)
_14509_/A_N                             0.750000    0.853783   -0.103784 (VIOLATED)
_15638_/B2                              0.750000    0.853783   -0.103784 (VIOLATED)
_17503_/A0                              0.750000    0.853783   -0.103784 (VIOLATED)
fanout1814/A                            0.750000    0.853783   -0.103784 (VIOLATED)
fanout1815/X                            0.750000    0.853783   -0.103784 (VIOLATED)
_12321_/B1                              0.750000    0.852465   -0.102465 (VIOLATED)
_12355_/A                               0.750000    0.852465   -0.102465 (VIOLATED)
_12429_/A                               0.750000    0.852465   -0.102465 (VIOLATED)
_12463_/A1                              0.750000    0.852465   -0.102465 (VIOLATED)
_12525_/A1                              0.750000    0.852465   -0.102465 (VIOLATED)
_12544_/A                               0.750000    0.852465   -0.102465 (VIOLATED)
_12560_/A                               0.750000    0.852465   -0.102465 (VIOLATED)
_12579_/C1                              0.750000    0.852465   -0.102465 (VIOLATED)
_12641_/C1                              0.750000    0.852465   -0.102465 (VIOLATED)
_12661_/C1                              0.750000    0.852465   -0.102465 (VIOLATED)
fanout767/X                             0.750000    0.852465   -0.102465 (VIOLATED)
_16147_/B2                              0.750000    0.852449   -0.102449 (VIOLATED)
_16166_/A2                              0.750000    0.852448   -0.102448 (VIOLATED)
_16185_/A0                              0.750000    0.852448   -0.102448 (VIOLATED)
_16777_/C                               0.750000    0.852448   -0.102448 (VIOLATED)
_16795_/B2                              0.750000    0.852446   -0.102446 (VIOLATED)
_16688_/C                               0.750000    0.852445   -0.102445 (VIOLATED)
_16693_/B                               0.750000    0.852445   -0.102445 (VIOLATED)
_16973_/A2                              0.750000    0.852445   -0.102445 (VIOLATED)
_17045_/D                               0.750000    0.852445   -0.102445 (VIOLATED)
_17052_/B1                              0.750000    0.852445   -0.102445 (VIOLATED)
fanout390/X                             0.750000    0.852445   -0.102445 (VIOLATED)
_09423_/A                               0.750000    0.852345   -0.102345 (VIOLATED)
_13106_/B1                              0.750000    0.852345   -0.102345 (VIOLATED)
_13154_/A1                              0.750000    0.852345   -0.102345 (VIOLATED)
_13157_/C1                              0.750000    0.852345   -0.102345 (VIOLATED)
_13267_/B1                              0.750000    0.852345   -0.102345 (VIOLATED)
_13275_/C1                              0.750000    0.852345   -0.102345 (VIOLATED)
_13620_/B2                              0.750000    0.852345   -0.102345 (VIOLATED)
_14021_/C1                              0.750000    0.852345   -0.102345 (VIOLATED)
_14023_/C1                              0.750000    0.852345   -0.102345 (VIOLATED)
_14035_/C1                              0.750000    0.852345   -0.102345 (VIOLATED)
fanout1496/X                            0.750000    0.852345   -0.102345 (VIOLATED)
_18159_/A2                              0.750000    0.852039   -0.102039 (VIOLATED)
_18165_/A2                              0.750000    0.852039   -0.102039 (VIOLATED)
_18174_/A2                              0.750000    0.852039   -0.102039 (VIOLATED)
_18182_/A2                              0.750000    0.852039   -0.102039 (VIOLATED)
_18186_/A2                              0.750000    0.852039   -0.102039 (VIOLATED)
_18190_/A2                              0.750000    0.852039   -0.102039 (VIOLATED)
_18194_/A2                              0.750000    0.852039   -0.102039 (VIOLATED)
_18195_/A2                              0.750000    0.852039   -0.102039 (VIOLATED)
_18203_/A2                              0.750000    0.852039   -0.102039 (VIOLATED)
_18211_/A2                              0.750000    0.852039   -0.102039 (VIOLATED)
fanout209/X                             0.750000    0.852039   -0.102039 (VIOLATED)
_18156_/A                               0.750000    0.851666   -0.101666 (VIOLATED)
input3/X                                0.750000    0.851635   -0.101635 (VIOLATED)
_11843_/B                               0.750000    0.851354   -0.101354 (VIOLATED)
_11916_/B                               0.750000    0.851354   -0.101354 (VIOLATED)
_11931_/A2                              0.750000    0.851354   -0.101354 (VIOLATED)
_12022_/B2                              0.750000    0.851354   -0.101354 (VIOLATED)
_12144_/A1                              0.750000    0.851354   -0.101354 (VIOLATED)
_12162_/A1                              0.750000    0.851354   -0.101354 (VIOLATED)
_12199_/A1                              0.750000    0.851354   -0.101354 (VIOLATED)
fanout1049/A                            0.750000    0.851354   -0.101354 (VIOLATED)
fanout1050/X                            0.750000    0.851354   -0.101354 (VIOLATED)
_13159_/B1                              0.750000    0.851068   -0.101069 (VIOLATED)
_13166_/A                               0.750000    0.851068   -0.101069 (VIOLATED)
_13167_/A1                              0.750000    0.851068   -0.101069 (VIOLATED)
_13168_/A1                              0.750000    0.851068   -0.101069 (VIOLATED)
_13170_/A                               0.750000    0.851068   -0.101069 (VIOLATED)
_13188_/A                               0.750000    0.851068   -0.101069 (VIOLATED)
_13207_/B2                              0.750000    0.851068   -0.101069 (VIOLATED)
_13440_/A1                              0.750000    0.851068   -0.101069 (VIOLATED)
_13442_/A1                              0.750000    0.851068   -0.101069 (VIOLATED)
_13684_/A2                              0.750000    0.851068   -0.101069 (VIOLATED)
fanout747/X                             0.750000    0.851068   -0.101069 (VIOLATED)
_13669_/B                               0.750000    0.850943   -0.100943 (VIOLATED)
_13668_/X                               0.750000    0.850859   -0.100859 (VIOLATED)
_16288_/B                               0.750000    0.849509   -0.099509 (VIOLATED)
_16301_/C1                              0.750000    0.849509   -0.099509 (VIOLATED)
_16340_/B1                              0.750000    0.849509   -0.099509 (VIOLATED)
_16351_/A                               0.750000    0.849509   -0.099509 (VIOLATED)
_16530_/A                               0.750000    0.849509   -0.099509 (VIOLATED)
_16631_/B                               0.750000    0.849509   -0.099509 (VIOLATED)
_16646_/C1                              0.750000    0.849509   -0.099509 (VIOLATED)
_16919_/A1                              0.750000    0.849509   -0.099509 (VIOLATED)
_16920_/A1                              0.750000    0.849509   -0.099509 (VIOLATED)
_17248_/A1                              0.750000    0.849509   -0.099509 (VIOLATED)
fanout658/X                             0.750000    0.849509   -0.099509 (VIOLATED)
_17166_/B                               0.750000    0.849446   -0.099446 (VIOLATED)
_17131_/A                               0.750000    0.849441   -0.099441 (VIOLATED)
_17462_/A0                              0.750000    0.849432   -0.099432 (VIOLATED)
_12689_/A                               0.750000    0.849229   -0.099229 (VIOLATED)
_12692_/A                               0.750000    0.849229   -0.099229 (VIOLATED)
_12693_/A1                              0.750000    0.849229   -0.099229 (VIOLATED)
_12703_/A                               0.750000    0.849229   -0.099229 (VIOLATED)
_12714_/A_N                             0.750000    0.849229   -0.099229 (VIOLATED)
_12715_/A                               0.750000    0.849229   -0.099229 (VIOLATED)
_12724_/B                               0.750000    0.849229   -0.099229 (VIOLATED)
_12784_/A1                              0.750000    0.849229   -0.099229 (VIOLATED)
_12805_/A                               0.750000    0.849229   -0.099229 (VIOLATED)
_13786_/A1                              0.750000    0.849229   -0.099229 (VIOLATED)
fanout1474/X                            0.750000    0.849229   -0.099229 (VIOLATED)
ANTENNA_260/DIODE                       0.750000    0.848866   -0.098866 (VIOLATED)
ANTENNA_261/DIODE                       0.750000    0.848866   -0.098866 (VIOLATED)
ANTENNA_262/DIODE                       0.750000    0.848866   -0.098866 (VIOLATED)
ANTENNA_263/DIODE                       0.750000    0.848866   -0.098866 (VIOLATED)
_17609_/X                               0.750000    0.848866   -0.098866 (VIOLATED)
_17610_/A1                              0.750000    0.848866   -0.098866 (VIOLATED)
_17100_/X                               0.750000    0.848587   -0.098587 (VIOLATED)
_11530_/A                               0.750000    0.847631   -0.097631 (VIOLATED)
_11418_/X                               0.750000    0.847621   -0.097621 (VIOLATED)
_18505_/A1_N                            0.750000    0.847516   -0.097516 (VIOLATED)
_18469_/A1_N                            0.750000    0.847516   -0.097516 (VIOLATED)
_18471_/A1_N                            0.750000    0.847516   -0.097516 (VIOLATED)
_18479_/A1_N                            0.750000    0.847516   -0.097516 (VIOLATED)
_18487_/A1_N                            0.750000    0.847516   -0.097516 (VIOLATED)
_18495_/A1_N                            0.750000    0.847516   -0.097516 (VIOLATED)
_18501_/A1_N                            0.750000    0.847516   -0.097516 (VIOLATED)
_18503_/A1_N                            0.750000    0.847516   -0.097516 (VIOLATED)
_18535_/A1_N                            0.750000    0.847516   -0.097516 (VIOLATED)
_18543_/A1_N                            0.750000    0.847516   -0.097516 (VIOLATED)
fanout869/X                             0.750000    0.847516   -0.097516 (VIOLATED)
_09916_/C1                              0.750000    0.846943   -0.096943 (VIOLATED)
_09949_/A1                              0.750000    0.846943   -0.096943 (VIOLATED)
_09966_/A1                              0.750000    0.846943   -0.096943 (VIOLATED)
_09970_/D1                              0.750000    0.846943   -0.096943 (VIOLATED)
_10761_/A                               0.750000    0.846943   -0.096943 (VIOLATED)
_11086_/B1                              0.750000    0.846943   -0.096943 (VIOLATED)
_11231_/C1                              0.750000    0.846943   -0.096943 (VIOLATED)
_11244_/A1                              0.750000    0.846943   -0.096943 (VIOLATED)
fanout826/A                             0.750000    0.846943   -0.096943 (VIOLATED)
fanout827/X                             0.750000    0.846943   -0.096943 (VIOLATED)
_09468_/A                               0.750000    0.845893   -0.095893 (VIOLATED)
_16253_/B1                              0.750000    0.845893   -0.095893 (VIOLATED)
_16254_/A1                              0.750000    0.845893   -0.095893 (VIOLATED)
_16601_/A                               0.750000    0.845893   -0.095893 (VIOLATED)
_16612_/A1                              0.750000    0.845893   -0.095893 (VIOLATED)
_16613_/A1                              0.750000    0.845893   -0.095893 (VIOLATED)
_16760_/B1                              0.750000    0.845893   -0.095893 (VIOLATED)
_17145_/C1                              0.750000    0.845893   -0.095893 (VIOLATED)
_17160_/A1                              0.750000    0.845893   -0.095893 (VIOLATED)
_17164_/A1                              0.750000    0.845893   -0.095893 (VIOLATED)
fanout1818/X                            0.750000    0.845893   -0.095893 (VIOLATED)
_14277_/A1                              0.750000    0.844824   -0.094824 (VIOLATED)
_14334_/A                               0.750000    0.844824   -0.094824 (VIOLATED)
_14776_/A                               0.750000    0.844824   -0.094824 (VIOLATED)
_14781_/A1                              0.750000    0.844824   -0.094824 (VIOLATED)
_14785_/A1                              0.750000    0.844824   -0.094824 (VIOLATED)
_14794_/A                               0.750000    0.844824   -0.094824 (VIOLATED)
_14806_/A1                              0.750000    0.844824   -0.094824 (VIOLATED)
_14948_/A1                              0.750000    0.844824   -0.094824 (VIOLATED)
_14973_/B1                              0.750000    0.844824   -0.094824 (VIOLATED)
_14992_/A1                              0.750000    0.844824   -0.094824 (VIOLATED)
fanout720/X                             0.750000    0.844824   -0.094824 (VIOLATED)
_11434_/B                               0.750000    0.844608   -0.094608 (VIOLATED)
_11435_/B                               0.750000    0.844608   -0.094608 (VIOLATED)
_11436_/C_N                             0.750000    0.844608   -0.094608 (VIOLATED)
_11437_/C_N                             0.750000    0.844608   -0.094608 (VIOLATED)
_11443_/B                               0.750000    0.844608   -0.094608 (VIOLATED)
_11479_/A1                              0.750000    0.844608   -0.094608 (VIOLATED)
_11489_/A                               0.750000    0.844608   -0.094608 (VIOLATED)
_11539_/A1                              0.750000    0.844608   -0.094608 (VIOLATED)
_11563_/C_N                             0.750000    0.844608   -0.094608 (VIOLATED)
fanout1095/X                            0.750000    0.844608   -0.094608 (VIOLATED)
_11209_/B1                              0.750000    0.844567   -0.094567 (VIOLATED)
_11210_/C1                              0.750000    0.844566   -0.094566 (VIOLATED)
_10368_/B1                              0.750000    0.844566   -0.094566 (VIOLATED)
_10903_/B1                              0.750000    0.844565   -0.094565 (VIOLATED)
_09848_/A1                              0.750000    0.844565   -0.094565 (VIOLATED)
_09834_/A                               0.750000    0.844563   -0.094563 (VIOLATED)
_10906_/A                               0.750000    0.844560   -0.094560 (VIOLATED)
_10803_/B1                              0.750000    0.844560   -0.094560 (VIOLATED)
_10794_/B1                              0.750000    0.844559   -0.094559 (VIOLATED)
fanout819/A                             0.750000    0.844559   -0.094559 (VIOLATED)
fanout820/X                             0.750000    0.844559   -0.094559 (VIOLATED)
_17754_/A1                              0.750000    0.844522   -0.094522 (VIOLATED)
_17753_/X                               0.750000    0.844505   -0.094505 (VIOLATED)
_11472_/C1                              0.750000    0.844238   -0.094238 (VIOLATED)
_11557_/B2                              0.750000    0.844238   -0.094238 (VIOLATED)
_11627_/A1                              0.750000    0.844238   -0.094238 (VIOLATED)
_11691_/C1                              0.750000    0.844238   -0.094238 (VIOLATED)
_11693_/C1                              0.750000    0.844238   -0.094238 (VIOLATED)
_11694_/C1                              0.750000    0.844238   -0.094238 (VIOLATED)
_11730_/S0                              0.750000    0.844238   -0.094238 (VIOLATED)
_11775_/B1                              0.750000    0.844238   -0.094238 (VIOLATED)
_11776_/A1                              0.750000    0.844238   -0.094238 (VIOLATED)
_11815_/C1                              0.750000    0.844238   -0.094238 (VIOLATED)
fanout1065/X                            0.750000    0.844238   -0.094238 (VIOLATED)
_09992_/A1                              0.750000    0.844160   -0.094160 (VIOLATED)
_09997_/C1                              0.750000    0.844160   -0.094160 (VIOLATED)
_10019_/C1                              0.750000    0.844160   -0.094160 (VIOLATED)
_10025_/A1                              0.750000    0.844160   -0.094160 (VIOLATED)
_10551_/A                               0.750000    0.844160   -0.094160 (VIOLATED)
_10553_/B1                              0.750000    0.844160   -0.094160 (VIOLATED)
_10555_/A1                              0.750000    0.844160   -0.094160 (VIOLATED)
_10930_/A1                              0.750000    0.844160   -0.094160 (VIOLATED)
_10940_/B1                              0.750000    0.844160   -0.094160 (VIOLATED)
_10943_/A1                              0.750000    0.844160   -0.094160 (VIOLATED)
fanout1680/X                            0.750000    0.844160   -0.094160 (VIOLATED)
_11414_/A                               0.750000    0.844004   -0.094004 (VIOLATED)
_11380_/X                               0.750000    0.843961   -0.093961 (VIOLATED)
_09732_/A                               0.750000    0.843672   -0.093672 (VIOLATED)
_09733_/A1                              0.750000    0.843672   -0.093672 (VIOLATED)
_09736_/A1                              0.750000    0.843672   -0.093672 (VIOLATED)
_09755_/A                               0.750000    0.843672   -0.093672 (VIOLATED)
_09756_/A                               0.750000    0.843672   -0.093672 (VIOLATED)
_09762_/A1                              0.750000    0.843672   -0.093672 (VIOLATED)
_09764_/A1_N                            0.750000    0.843672   -0.093672 (VIOLATED)
_10423_/A1                              0.750000    0.843672   -0.093672 (VIOLATED)
_10506_/A                               0.750000    0.843672   -0.093672 (VIOLATED)
_10513_/B1                              0.750000    0.843672   -0.093672 (VIOLATED)
fanout842/X                             0.750000    0.843672   -0.093672 (VIOLATED)
_12789_/B1                              0.750000    0.843611   -0.093611 (VIOLATED)
_12838_/A1                              0.750000    0.843611   -0.093611 (VIOLATED)
_13391_/B1                              0.750000    0.843611   -0.093611 (VIOLATED)
_13809_/C1                              0.750000    0.843611   -0.093611 (VIOLATED)
_13815_/A                               0.750000    0.843611   -0.093611 (VIOLATED)
_13823_/B1                              0.750000    0.843611   -0.093611 (VIOLATED)
_13925_/A1                              0.750000    0.843611   -0.093611 (VIOLATED)
_13929_/C1                              0.750000    0.843611   -0.093611 (VIOLATED)
_13936_/C1                              0.750000    0.843611   -0.093611 (VIOLATED)
_13941_/B1                              0.750000    0.843611   -0.093611 (VIOLATED)
fanout1445/X                            0.750000    0.843611   -0.093611 (VIOLATED)
_09488_/A                               0.750000    0.843480   -0.093480 (VIOLATED)
_17055_/A1                              0.750000    0.843480   -0.093480 (VIOLATED)
_17060_/A1                              0.750000    0.843480   -0.093480 (VIOLATED)
_17062_/B1                              0.750000    0.843480   -0.093480 (VIOLATED)
_17063_/A1                              0.750000    0.843480   -0.093480 (VIOLATED)
_17176_/A1                              0.750000    0.843480   -0.093480 (VIOLATED)
_17185_/C1                              0.750000    0.843480   -0.093480 (VIOLATED)
_17194_/A1                              0.750000    0.843480   -0.093480 (VIOLATED)
_17300_/A1                              0.750000    0.843480   -0.093480 (VIOLATED)
_17315_/A1                              0.750000    0.843480   -0.093480 (VIOLATED)
fanout1588/X                            0.750000    0.843480   -0.093480 (VIOLATED)
ANTENNA_176/DIODE                       0.750000    0.843465   -0.093465 (VIOLATED)
wire234/A                               0.750000    0.843465   -0.093465 (VIOLATED)
_09508_/Y                               0.750000    0.843451   -0.093451 (VIOLATED)
_11262_/A1                              0.750000    0.843111   -0.093111 (VIOLATED)
_09366_/A                               0.750000    0.843111   -0.093111 (VIOLATED)
_09771_/C1                              0.750000    0.843111   -0.093111 (VIOLATED)
_09773_/C1                              0.750000    0.843111   -0.093111 (VIOLATED)
_10059_/B                               0.750000    0.843111   -0.093111 (VIOLATED)
_10400_/A                               0.750000    0.843111   -0.093111 (VIOLATED)
_10419_/A                               0.750000    0.843111   -0.093111 (VIOLATED)
_11025_/B1                              0.750000    0.843111   -0.093111 (VIOLATED)
_11171_/C1                              0.750000    0.843111   -0.093111 (VIOLATED)
_11177_/B1                              0.750000    0.843111   -0.093111 (VIOLATED)
_11182_/B1                              0.750000    0.843111   -0.093111 (VIOLATED)
_11193_/A                               0.750000    0.843111   -0.093111 (VIOLATED)
fanout1634/X                            0.750000    0.843111   -0.093111 (VIOLATED)
_10041_/A                               0.750000    0.843111   -0.093111 (VIOLATED)
_10035_/B                               0.750000    0.843110   -0.093110 (VIOLATED)
_10036_/A                               0.750000    0.843110   -0.093110 (VIOLATED)
_10052_/A_N                             0.750000    0.843110   -0.093110 (VIOLATED)
_10053_/A_N                             0.750000    0.843110   -0.093110 (VIOLATED)
_10065_/A                               0.750000    0.843110   -0.093110 (VIOLATED)
_10738_/D_N                             0.750000    0.843110   -0.093110 (VIOLATED)
_10954_/A1                              0.750000    0.843110   -0.093110 (VIOLATED)
fanout1427/X                            0.750000    0.843110   -0.093110 (VIOLATED)
_13348_/B1                              0.750000    0.842463   -0.092463 (VIOLATED)
_13365_/B1                              0.750000    0.842463   -0.092463 (VIOLATED)
_13367_/A                               0.750000    0.842463   -0.092463 (VIOLATED)
_13370_/A                               0.750000    0.842463   -0.092463 (VIOLATED)
_13504_/C1                              0.750000    0.842463   -0.092463 (VIOLATED)
_13733_/A                               0.750000    0.842463   -0.092463 (VIOLATED)
_13737_/C                               0.750000    0.842463   -0.092463 (VIOLATED)
_13756_/B1                              0.750000    0.842463   -0.092463 (VIOLATED)
_13983_/B1                              0.750000    0.842463   -0.092463 (VIOLATED)
_13999_/A1                              0.750000    0.842463   -0.092463 (VIOLATED)
fanout731/X                             0.750000    0.842463   -0.092463 (VIOLATED)
_14816_/C1                              0.750000    0.841573   -0.091573 (VIOLATED)
_14949_/D1                              0.750000    0.841573   -0.091573 (VIOLATED)
_14952_/C1                              0.750000    0.841573   -0.091573 (VIOLATED)
_14977_/C1                              0.750000    0.841573   -0.091573 (VIOLATED)
_14978_/A1                              0.750000    0.841573   -0.091573 (VIOLATED)
_15006_/B1                              0.750000    0.841573   -0.091573 (VIOLATED)
_15175_/B1                              0.750000    0.841573   -0.091573 (VIOLATED)
_15432_/B1                              0.750000    0.841573   -0.091573 (VIOLATED)
_15557_/B1                              0.750000    0.841573   -0.091573 (VIOLATED)
_15558_/B1                              0.750000    0.841573   -0.091573 (VIOLATED)
fanout1248/X                            0.750000    0.841573   -0.091573 (VIOLATED)
_09410_/A                               0.750000    0.840673   -0.090673 (VIOLATED)
_12288_/B                               0.750000    0.840673   -0.090673 (VIOLATED)
_12313_/A                               0.750000    0.840673   -0.090673 (VIOLATED)
_12328_/B1                              0.750000    0.840673   -0.090673 (VIOLATED)
_12335_/B                               0.750000    0.840673   -0.090673 (VIOLATED)
_12341_/C                               0.750000    0.840673   -0.090673 (VIOLATED)
_12357_/A                               0.750000    0.840673   -0.090673 (VIOLATED)
_12364_/A                               0.750000    0.840673   -0.090673 (VIOLATED)
_12452_/B1                              0.750000    0.840673   -0.090673 (VIOLATED)
_17912_/A1                              0.750000    0.840673   -0.090673 (VIOLATED)
fanout979/X                             0.750000    0.840673   -0.090673 (VIOLATED)
_14451_/B1                              0.750000    0.840537   -0.090537 (VIOLATED)
_14452_/B1                              0.750000    0.840537   -0.090537 (VIOLATED)
_14486_/A1                              0.750000    0.840537   -0.090537 (VIOLATED)
_14917_/A1                              0.750000    0.840537   -0.090537 (VIOLATED)
_14936_/B1                              0.750000    0.840537   -0.090537 (VIOLATED)
_15039_/B1                              0.750000    0.840537   -0.090537 (VIOLATED)
_15045_/B2                              0.750000    0.840537   -0.090537 (VIOLATED)
_15509_/C1                              0.750000    0.840537   -0.090537 (VIOLATED)
_15515_/A1                              0.750000    0.840537   -0.090537 (VIOLATED)
_15520_/C1                              0.750000    0.840537   -0.090537 (VIOLATED)
fanout712/X                             0.750000    0.840537   -0.090537 (VIOLATED)
_12767_/C1                              0.750000    0.840523   -0.090523 (VIOLATED)
_12777_/A                               0.750000    0.840523   -0.090523 (VIOLATED)
_12786_/A                               0.750000    0.840523   -0.090523 (VIOLATED)
_12822_/A                               0.750000    0.840523   -0.090523 (VIOLATED)
_13392_/B2                              0.750000    0.840523   -0.090523 (VIOLATED)
_13393_/A1                              0.750000    0.840523   -0.090523 (VIOLATED)
_13396_/B                               0.750000    0.840523   -0.090523 (VIOLATED)
_13399_/A1                              0.750000    0.840523   -0.090523 (VIOLATED)
_13406_/B2                              0.750000    0.840523   -0.090523 (VIOLATED)
_13924_/A1                              0.750000    0.840523   -0.090523 (VIOLATED)
fanout1466/X                            0.750000    0.840523   -0.090523 (VIOLATED)
_11673_/A                               0.750000    0.839550   -0.089550 (VIOLATED)
_11895_/A1                              0.750000    0.839550   -0.089550 (VIOLATED)
_11935_/A                               0.750000    0.839550   -0.089550 (VIOLATED)
_11973_/A                               0.750000    0.839550   -0.089550 (VIOLATED)
_11982_/A1_N                            0.750000    0.839550   -0.089550 (VIOLATED)
_12035_/A                               0.750000    0.839550   -0.089550 (VIOLATED)
_12065_/A1                              0.750000    0.839550   -0.089550 (VIOLATED)
_12071_/A1                              0.750000    0.839550   -0.089550 (VIOLATED)
_12072_/A1                              0.750000    0.839550   -0.089550 (VIOLATED)
_12118_/A                               0.750000    0.839550   -0.089550 (VIOLATED)
fanout782/X                             0.750000    0.839550   -0.089550 (VIOLATED)
_14603_/B                               0.750000    0.839494   -0.089494 (VIOLATED)
_14611_/A                               0.750000    0.839494   -0.089494 (VIOLATED)
_14613_/A                               0.750000    0.839494   -0.089494 (VIOLATED)
_14623_/B                               0.750000    0.839494   -0.089494 (VIOLATED)
_14647_/A2                              0.750000    0.839494   -0.089494 (VIOLATED)
_14666_/B                               0.750000    0.839494   -0.089494 (VIOLATED)
_14691_/A2                              0.750000    0.839494   -0.089494 (VIOLATED)
_15473_/A1                              0.750000    0.839494   -0.089494 (VIOLATED)
_15609_/B1                              0.750000    0.839494   -0.089494 (VIOLATED)
fanout1570/A                            0.750000    0.839494   -0.089494 (VIOLATED)
fanout1571/X                            0.750000    0.839494   -0.089494 (VIOLATED)
_13087_/A                               0.750000    0.838452   -0.088452 (VIOLATED)
_13192_/A                               0.750000    0.838452   -0.088452 (VIOLATED)
_13093_/A                               0.750000    0.838451   -0.088451 (VIOLATED)
_13115_/A                               0.750000    0.838449   -0.088449 (VIOLATED)
_13085_/A_N                             0.750000    0.838447   -0.088447 (VIOLATED)
_13094_/A                               0.750000    0.838447   -0.088447 (VIOLATED)
_13135_/A1                              0.750000    0.838447   -0.088447 (VIOLATED)
_13164_/A_N                             0.750000    0.838447   -0.088447 (VIOLATED)
_13268_/A                               0.750000    0.838447   -0.088447 (VIOLATED)
_14029_/A1                              0.750000    0.838447   -0.088447 (VIOLATED)
fanout1526/X                            0.750000    0.838447   -0.088447 (VIOLATED)
_13417_/S0                              0.750000    0.838268   -0.088268 (VIOLATED)
_13237_/A                               0.750000    0.838267   -0.088267 (VIOLATED)
_13247_/A1                              0.750000    0.838267   -0.088267 (VIOLATED)
_13544_/C1                              0.750000    0.838267   -0.088267 (VIOLATED)
_09417_/A                               0.750000    0.838266   -0.088266 (VIOLATED)
_12792_/B1                              0.750000    0.838266   -0.088266 (VIOLATED)
_13251_/B1                              0.750000    0.838266   -0.088266 (VIOLATED)
_13539_/B1                              0.750000    0.838266   -0.088266 (VIOLATED)
_13563_/A                               0.750000    0.838266   -0.088266 (VIOLATED)
_13793_/A                               0.750000    0.838266   -0.088266 (VIOLATED)
fanout1450/X                            0.750000    0.838266   -0.088266 (VIOLATED)
_16012_/B1                              0.750000    0.837894   -0.087894 (VIOLATED)
_16020_/A1                              0.750000    0.837894   -0.087894 (VIOLATED)
_16024_/A1                              0.750000    0.837894   -0.087894 (VIOLATED)
_16029_/B1                              0.750000    0.837894   -0.087894 (VIOLATED)
_16038_/A                               0.750000    0.837894   -0.087894 (VIOLATED)
_16045_/A                               0.750000    0.837894   -0.087894 (VIOLATED)
_16557_/C1                              0.750000    0.837894   -0.087894 (VIOLATED)
_16718_/A                               0.750000    0.837894   -0.087894 (VIOLATED)
_16727_/A1                              0.750000    0.837894   -0.087894 (VIOLATED)
_16861_/A1                              0.750000    0.837894   -0.087894 (VIOLATED)
fanout673/X                             0.750000    0.837894   -0.087894 (VIOLATED)
_19018_/RESET_B                         0.750000    0.836912   -0.086912 (VIOLATED)
_19060_/RESET_B                         0.750000    0.836912   -0.086912 (VIOLATED)
_19076_/RESET_B                         0.750000    0.836912   -0.086912 (VIOLATED)
fanout1921/A                            0.750000    0.836908   -0.086908 (VIOLATED)
_18835_/RESET_B                         0.750000    0.836904   -0.086904 (VIOLATED)
_19066_/RESET_B                         0.750000    0.836904   -0.086904 (VIOLATED)
fanout1919/A                            0.750000    0.836904   -0.086904 (VIOLATED)
fanout1923/X                            0.750000    0.836904   -0.086904 (VIOLATED)
_14203_/A                               0.750000    0.836647   -0.086647 (VIOLATED)
_13915_/B                               0.750000    0.836646   -0.086646 (VIOLATED)
_14208_/B                               0.750000    0.836641   -0.086641 (VIOLATED)
_14153_/A2                              0.750000    0.836637   -0.086637 (VIOLATED)
_14156_/B                               0.750000    0.836634   -0.086634 (VIOLATED)
_13914_/X                               0.750000    0.836575   -0.086575 (VIOLATED)
_14382_/B                               0.750000    0.836450   -0.086450 (VIOLATED)
_14393_/A_N                             0.750000    0.836450   -0.086450 (VIOLATED)
_14404_/A                               0.750000    0.836450   -0.086450 (VIOLATED)
_14408_/A                               0.750000    0.836450   -0.086450 (VIOLATED)
_14409_/A                               0.750000    0.836450   -0.086450 (VIOLATED)
_14413_/C_N                             0.750000    0.836450   -0.086450 (VIOLATED)
_14418_/A                               0.750000    0.836450   -0.086450 (VIOLATED)
_14446_/A                               0.750000    0.836450   -0.086450 (VIOLATED)
_14478_/A1                              0.750000    0.836450   -0.086450 (VIOLATED)
fanout1341/A                            0.750000    0.836450   -0.086450 (VIOLATED)
fanout1342/X                            0.750000    0.836450   -0.086450 (VIOLATED)
_12272_/A                               0.750000    0.835962   -0.085962 (VIOLATED)
_12277_/B                               0.750000    0.835962   -0.085962 (VIOLATED)
_12309_/A                               0.750000    0.835962   -0.085962 (VIOLATED)
_12348_/A1                              0.750000    0.835962   -0.085962 (VIOLATED)
_12354_/A                               0.750000    0.835962   -0.085962 (VIOLATED)
_12362_/A1                              0.750000    0.835962   -0.085962 (VIOLATED)
_12580_/A1                              0.750000    0.835962   -0.085962 (VIOLATED)
fanout1006/A                            0.750000    0.835962   -0.085962 (VIOLATED)
fanout1007/X                            0.750000    0.835962   -0.085962 (VIOLATED)
_11458_/B                               0.750000    0.835923   -0.085923 (VIOLATED)
_11464_/A                               0.750000    0.835923   -0.085923 (VIOLATED)
_11521_/A1                              0.750000    0.835923   -0.085923 (VIOLATED)
_11549_/A                               0.750000    0.835923   -0.085923 (VIOLATED)
_11560_/A                               0.750000    0.835923   -0.085923 (VIOLATED)
_11620_/B1                              0.750000    0.835923   -0.085923 (VIOLATED)
_11682_/A1                              0.750000    0.835923   -0.085923 (VIOLATED)
_11719_/A1                              0.750000    0.835923   -0.085923 (VIOLATED)
_11734_/B                               0.750000    0.835923   -0.085923 (VIOLATED)
_11737_/A                               0.750000    0.835923   -0.085923 (VIOLATED)
fanout795/X                             0.750000    0.835923   -0.085923 (VIOLATED)
_10227_/B1                              0.750000    0.835633   -0.085633 (VIOLATED)
_10431_/C1                              0.750000    0.835633   -0.085633 (VIOLATED)
_10434_/A                               0.750000    0.835633   -0.085633 (VIOLATED)
_10457_/C1                              0.750000    0.835633   -0.085633 (VIOLATED)
_10982_/C1                              0.750000    0.835633   -0.085633 (VIOLATED)
_10987_/C1                              0.750000    0.835633   -0.085633 (VIOLATED)
_10989_/C1                              0.750000    0.835633   -0.085633 (VIOLATED)
_10990_/C1                              0.750000    0.835633   -0.085633 (VIOLATED)
_11139_/C1                              0.750000    0.835633   -0.085633 (VIOLATED)
_11390_/A                               0.750000    0.835633   -0.085633 (VIOLATED)
fanout800/X                             0.750000    0.835633   -0.085633 (VIOLATED)
_12955_/B                               0.750000    0.835271   -0.085271 (VIOLATED)
_12962_/A_N                             0.750000    0.835271   -0.085271 (VIOLATED)
_12965_/B                               0.750000    0.835271   -0.085271 (VIOLATED)
_12995_/B1                              0.750000    0.835271   -0.085271 (VIOLATED)
_12997_/B                               0.750000    0.835271   -0.085271 (VIOLATED)
_13007_/C                               0.750000    0.835271   -0.085271 (VIOLATED)
_13015_/A_N                             0.750000    0.835271   -0.085271 (VIOLATED)
_13033_/A1                              0.750000    0.835271   -0.085271 (VIOLATED)
_13374_/C_N                             0.750000    0.835271   -0.085271 (VIOLATED)
_13516_/A1                              0.750000    0.835271   -0.085271 (VIOLATED)
fanout1238/X                            0.750000    0.835271   -0.085271 (VIOLATED)
_18305_/B1                              0.750000    0.834849   -0.084849 (VIOLATED)
_18308_/B1                              0.750000    0.834849   -0.084849 (VIOLATED)
_18314_/A2                              0.750000    0.834849   -0.084849 (VIOLATED)
_18317_/A2                              0.750000    0.834849   -0.084849 (VIOLATED)
_18322_/A2                              0.750000    0.834849   -0.084849 (VIOLATED)
_18330_/A2                              0.750000    0.834849   -0.084849 (VIOLATED)
_18334_/A2                              0.750000    0.834849   -0.084849 (VIOLATED)
_18342_/A2                              0.750000    0.834849   -0.084849 (VIOLATED)
_18351_/A2                              0.750000    0.834849   -0.084849 (VIOLATED)
_18359_/A2                              0.750000    0.834849   -0.084849 (VIOLATED)
fanout187/X                             0.750000    0.834849   -0.084849 (VIOLATED)
_09647_/B                               0.750000    0.834527   -0.084527 (VIOLATED)
_09710_/B2                              0.750000    0.834527   -0.084527 (VIOLATED)
_10492_/A1_N                            0.750000    0.834527   -0.084527 (VIOLATED)
_10699_/A                               0.750000    0.834527   -0.084527 (VIOLATED)
_10708_/B2                              0.750000    0.834526   -0.084526 (VIOLATED)
_09643_/X                               0.750000    0.834523   -0.084523 (VIOLATED)
_09741_/A                               0.750000    0.834523   -0.084523 (VIOLATED)
_10409_/A                               0.750000    0.834523   -0.084523 (VIOLATED)
_09806_/B1                              0.750000    0.833759   -0.083759 (VIOLATED)
_09829_/C1                              0.750000    0.833759   -0.083759 (VIOLATED)
_09835_/C1                              0.750000    0.833759   -0.083759 (VIOLATED)
_09857_/C1                              0.750000    0.833759   -0.083759 (VIOLATED)
_09873_/B1                              0.750000    0.833759   -0.083759 (VIOLATED)
_10793_/B1                              0.750000    0.833759   -0.083759 (VIOLATED)
_10892_/C1                              0.750000    0.833759   -0.083759 (VIOLATED)
_10904_/A1                              0.750000    0.833759   -0.083759 (VIOLATED)
_11049_/C1                              0.750000    0.833759   -0.083759 (VIOLATED)
_11318_/B1                              0.750000    0.833759   -0.083759 (VIOLATED)
fanout1165/X                            0.750000    0.833759   -0.083759 (VIOLATED)
_17393_/A                               0.750000    0.833361   -0.083361 (VIOLATED)
_17443_/B                               0.750000    0.833360   -0.083360 (VIOLATED)
_16910_/B                               0.750000    0.833358   -0.083358 (VIOLATED)
_16879_/A0                              0.750000    0.833347   -0.083347 (VIOLATED)
_14514_/B                               0.750000    0.833342   -0.083342 (VIOLATED)
_14871_/A_N                             0.750000    0.833342   -0.083342 (VIOLATED)
_15450_/A1                              0.750000    0.833342   -0.083342 (VIOLATED)
_14540_/A                               0.750000    0.833342   -0.083342 (VIOLATED)
_15178_/B2                              0.750000    0.833340   -0.083340 (VIOLATED)
_14574_/A1                              0.750000    0.833339   -0.083339 (VIOLATED)
_14504_/A                               0.750000    0.833336   -0.083336 (VIOLATED)
_14892_/B                               0.750000    0.833326   -0.083326 (VIOLATED)
_14554_/B                               0.750000    0.833323   -0.083323 (VIOLATED)
fanout1805/A                            0.750000    0.833322   -0.083322 (VIOLATED)
fanout1806/X                            0.750000    0.833322   -0.083322 (VIOLATED)
_12648_/Y                               0.750000    0.833160   -0.083160 (VIOLATED)
_12649_/B                               0.750000    0.833160   -0.083160 (VIOLATED)
_17934_/B                               0.750000    0.833160   -0.083160 (VIOLATED)
_16776_/Y                               0.750000    0.832971   -0.082971 (VIOLATED)
_15931_/A                               0.750000    0.832547   -0.082547 (VIOLATED)
_15898_/A                               0.750000    0.832547   -0.082547 (VIOLATED)
_15915_/B1_N                            0.750000    0.832547   -0.082547 (VIOLATED)
_15891_/A                               0.750000    0.832546   -0.082546 (VIOLATED)
_15886_/A                               0.750000    0.832545   -0.082545 (VIOLATED)
_15894_/A                               0.750000    0.832545   -0.082545 (VIOLATED)
_15914_/B                               0.750000    0.832545   -0.082545 (VIOLATED)
_16223_/A1                              0.750000    0.832545   -0.082545 (VIOLATED)
_16429_/A1                              0.750000    0.832545   -0.082545 (VIOLATED)
_16434_/A1                              0.750000    0.832545   -0.082545 (VIOLATED)
fanout1850/X                            0.750000    0.832545   -0.082545 (VIOLATED)
_13701_/C1                              0.750000    0.832464   -0.082464 (VIOLATED)
_13331_/S0                              0.750000    0.832463   -0.082463 (VIOLATED)
_13977_/C1                              0.750000    0.832463   -0.082463 (VIOLATED)
_13663_/C1                              0.750000    0.832462   -0.082462 (VIOLATED)
_13661_/B2                              0.750000    0.832461   -0.082461 (VIOLATED)
_13659_/A                               0.750000    0.832459   -0.082459 (VIOLATED)
_17546_/A0                              0.750000    0.832458   -0.082458 (VIOLATED)
fanout1732/A                            0.750000    0.832458   -0.082458 (VIOLATED)
fanout1733/X                            0.750000    0.832458   -0.082458 (VIOLATED)
_16329_/Y                               0.750000    0.832333   -0.082333 (VIOLATED)
_16526_/B2                              0.750000    0.832333   -0.082333 (VIOLATED)
_16933_/B1                              0.750000    0.832333   -0.082333 (VIOLATED)
_17104_/C1                              0.750000    0.832333   -0.082333 (VIOLATED)
_17229_/D                               0.750000    0.832333   -0.082333 (VIOLATED)
_17265_/A2                              0.750000    0.832333   -0.082333 (VIOLATED)
max_cap376/A                            0.750000    0.832333   -0.082333 (VIOLATED)
_11505_/A1                              0.750000    0.831370   -0.081371 (VIOLATED)
_11510_/B                               0.750000    0.831370   -0.081371 (VIOLATED)
_11511_/A1                              0.750000    0.831370   -0.081371 (VIOLATED)
_11540_/S1                              0.750000    0.831370   -0.081371 (VIOLATED)
_11554_/C1                              0.750000    0.831370   -0.081371 (VIOLATED)
_11605_/C1                              0.750000    0.831370   -0.081371 (VIOLATED)
_11644_/C1                              0.750000    0.831370   -0.081371 (VIOLATED)
_11735_/B1                              0.750000    0.831370   -0.081371 (VIOLATED)
_11760_/B                               0.750000    0.831370   -0.081371 (VIOLATED)
_11763_/C1                              0.750000    0.831370   -0.081371 (VIOLATED)
fanout788/X                             0.750000    0.831370   -0.081371 (VIOLATED)
_14517_/A                               0.750000    0.831137   -0.081137 (VIOLATED)
_14569_/A1                              0.750000    0.831137   -0.081137 (VIOLATED)
_14575_/A1                              0.750000    0.831137   -0.081137 (VIOLATED)
_14579_/A1                              0.750000    0.831137   -0.081137 (VIOLATED)
_14860_/A1                              0.750000    0.831137   -0.081137 (VIOLATED)
_14861_/A                               0.750000    0.831137   -0.081137 (VIOLATED)
_14878_/B2                              0.750000    0.831137   -0.081137 (VIOLATED)
_14882_/S0                              0.750000    0.831137   -0.081137 (VIOLATED)
_14884_/A1                              0.750000    0.831137   -0.081137 (VIOLATED)
_15379_/A                               0.750000    0.831137   -0.081137 (VIOLATED)
fanout685/X                             0.750000    0.831137   -0.081137 (VIOLATED)
_12178_/A                               0.750000    0.830682   -0.080682 (VIOLATED)
_12143_/X                               0.750000    0.830670   -0.080670 (VIOLATED)
_13183_/A                               0.750000    0.829551   -0.079551 (VIOLATED)
_13184_/A                               0.750000    0.829551   -0.079551 (VIOLATED)
_13827_/A1_N                            0.750000    0.829550   -0.079550 (VIOLATED)
fanout1530/A                            0.750000    0.829542   -0.079542 (VIOLATED)
_13085_/B                               0.750000    0.829539   -0.079539 (VIOLATED)
fanout1531/A                            0.750000    0.829534   -0.079534 (VIOLATED)
_13076_/A_N                             0.750000    0.829534   -0.079534 (VIOLATED)
_17649_/A0                              0.750000    0.829523   -0.079523 (VIOLATED)
fanout1532/X                            0.750000    0.829523   -0.079523 (VIOLATED)
_09935_/C1                              0.750000    0.829381   -0.079381 (VIOLATED)
_10025_/B1                              0.750000    0.829381   -0.079381 (VIOLATED)
_10026_/A1                              0.750000    0.829381   -0.079381 (VIOLATED)
_10282_/B1                              0.750000    0.829381   -0.079381 (VIOLATED)
_10287_/A1                              0.750000    0.829381   -0.079381 (VIOLATED)
_10535_/C1                              0.750000    0.829381   -0.079381 (VIOLATED)
_10553_/A1                              0.750000    0.829381   -0.079381 (VIOLATED)
_10554_/A1                              0.750000    0.829381   -0.079381 (VIOLATED)
_10765_/B1                              0.750000    0.829381   -0.079381 (VIOLATED)
_11244_/B1                              0.750000    0.829381   -0.079381 (VIOLATED)
fanout1682/X                            0.750000    0.829381   -0.079381 (VIOLATED)
_11421_/A_N                             0.750000    0.828827   -0.078827 (VIOLATED)
_11424_/A2                              0.750000    0.828827   -0.078827 (VIOLATED)
_11440_/A_N                             0.750000    0.828827   -0.078827 (VIOLATED)
_11442_/B                               0.750000    0.828827   -0.078827 (VIOLATED)
_11463_/B                               0.750000    0.828827   -0.078827 (VIOLATED)
_11486_/B                               0.750000    0.828827   -0.078827 (VIOLATED)
_11504_/A                               0.750000    0.828827   -0.078827 (VIOLATED)
_11509_/B                               0.750000    0.828827   -0.078827 (VIOLATED)
_11514_/B                               0.750000    0.828827   -0.078827 (VIOLATED)
_11518_/A2                              0.750000    0.828827   -0.078827 (VIOLATED)
fanout1094/X                            0.750000    0.828827   -0.078827 (VIOLATED)
_14677_/A1                              0.750000    0.827976   -0.077976 (VIOLATED)
_14714_/A1                              0.750000    0.827976   -0.077976 (VIOLATED)
_15220_/A1                              0.750000    0.827976   -0.077976 (VIOLATED)
_15334_/A                               0.750000    0.827976   -0.077976 (VIOLATED)
_15338_/A1                              0.750000    0.827976   -0.077976 (VIOLATED)
_15341_/C1                              0.750000    0.827976   -0.077976 (VIOLATED)
_15361_/C1                              0.750000    0.827976   -0.077976 (VIOLATED)
_15494_/A1                              0.750000    0.827976   -0.077976 (VIOLATED)
_15613_/C1                              0.750000    0.827976   -0.077976 (VIOLATED)
_15669_/C1                              0.750000    0.827976   -0.077976 (VIOLATED)
fanout1534/X                            0.750000    0.827976   -0.077976 (VIOLATED)
_14370_/C1                              0.750000    0.827721   -0.077721 (VIOLATED)
_15429_/B1                              0.750000    0.827721   -0.077721 (VIOLATED)
_15430_/A1                              0.750000    0.827721   -0.077721 (VIOLATED)
_15536_/A1                              0.750000    0.827719   -0.077719 (VIOLATED)
_15555_/C1                              0.750000    0.827719   -0.077719 (VIOLATED)
_14364_/B1                              0.750000    0.827716   -0.077716 (VIOLATED)
_15006_/A1                              0.750000    0.827716   -0.077716 (VIOLATED)
_15171_/C1                              0.750000    0.827716   -0.077716 (VIOLATED)
_15431_/C1                              0.750000    0.827716   -0.077716 (VIOLATED)
_15543_/A1                              0.750000    0.827716   -0.077716 (VIOLATED)
fanout1250/X                            0.750000    0.827716   -0.077716 (VIOLATED)
_14681_/B1                              0.750000    0.826739   -0.076739 (VIOLATED)
_14686_/B1                              0.750000    0.826739   -0.076739 (VIOLATED)
_14834_/B1                              0.750000    0.826739   -0.076739 (VIOLATED)
_15335_/B1                              0.750000    0.826739   -0.076739 (VIOLATED)
_15352_/A1                              0.750000    0.826739   -0.076739 (VIOLATED)
_15360_/B1                              0.750000    0.826739   -0.076739 (VIOLATED)
_15593_/C1                              0.750000    0.826739   -0.076739 (VIOLATED)
_15652_/C1                              0.750000    0.826739   -0.076739 (VIOLATED)
_15665_/A1                              0.750000    0.826739   -0.076739 (VIOLATED)
fanout701/A                             0.750000    0.826739   -0.076739 (VIOLATED)
fanout702/X                             0.750000    0.826739   -0.076739 (VIOLATED)
_09740_/A1                              0.750000    0.826247   -0.076247 (VIOLATED)
_09772_/A1                              0.750000    0.826247   -0.076247 (VIOLATED)
_10399_/A1                              0.750000    0.826247   -0.076247 (VIOLATED)
_10403_/A                               0.750000    0.826247   -0.076247 (VIOLATED)
_10404_/A1                              0.750000    0.826247   -0.076247 (VIOLATED)
_10414_/C1                              0.750000    0.826247   -0.076247 (VIOLATED)
_10878_/C1                              0.750000    0.826247   -0.076247 (VIOLATED)
_11174_/A                               0.750000    0.826247   -0.076247 (VIOLATED)
_11179_/C1                              0.750000    0.826247   -0.076247 (VIOLATED)
_11185_/B1                              0.750000    0.826247   -0.076247 (VIOLATED)
fanout844/X                             0.750000    0.826247   -0.076247 (VIOLATED)
_14398_/B1                              0.750000    0.826200   -0.076200 (VIOLATED)
_14424_/A                               0.750000    0.826200   -0.076200 (VIOLATED)
_14430_/C                               0.750000    0.826200   -0.076200 (VIOLATED)
_14464_/B                               0.750000    0.826200   -0.076200 (VIOLATED)
_14477_/A                               0.750000    0.826200   -0.076200 (VIOLATED)
_14718_/C                               0.750000    0.826200   -0.076200 (VIOLATED)
_14747_/B                               0.750000    0.826200   -0.076200 (VIOLATED)
_14920_/D                               0.750000    0.826200   -0.076200 (VIOLATED)
_14926_/C                               0.750000    0.826200   -0.076200 (VIOLATED)
_15507_/A3                              0.750000    0.826200   -0.076200 (VIOLATED)
fanout445/X                             0.750000    0.826200   -0.076200 (VIOLATED)
_12272_/B                               0.750000    0.826113   -0.076113 (VIOLATED)
_12275_/B                               0.750000    0.826113   -0.076113 (VIOLATED)
_12320_/A_N                             0.750000    0.826113   -0.076113 (VIOLATED)
_12330_/A                               0.750000    0.826113   -0.076113 (VIOLATED)
_12362_/A2                              0.750000    0.826113   -0.076113 (VIOLATED)
_12403_/A1                              0.750000    0.826113   -0.076113 (VIOLATED)
fanout1002/A                            0.750000    0.826113   -0.076113 (VIOLATED)
fanout1004/A                            0.750000    0.826113   -0.076113 (VIOLATED)
fanout1005/X                            0.750000    0.826113   -0.076113 (VIOLATED)
_16467_/B1                              0.750000    0.825451   -0.075451 (VIOLATED)
_16502_/B1                              0.750000    0.825451   -0.075451 (VIOLATED)
_16508_/A1                              0.750000    0.825451   -0.075451 (VIOLATED)
_16689_/C1                              0.750000    0.825451   -0.075451 (VIOLATED)
_16690_/C1                              0.750000    0.825451   -0.075451 (VIOLATED)
_16801_/C1                              0.750000    0.825451   -0.075451 (VIOLATED)
_16804_/C1                              0.750000    0.825451   -0.075451 (VIOLATED)
_16983_/B1                              0.750000    0.825451   -0.075451 (VIOLATED)
_16986_/C1                              0.750000    0.825451   -0.075451 (VIOLATED)
_17056_/C1                              0.750000    0.825451   -0.075451 (VIOLATED)
fanout1594/X                            0.750000    0.825451   -0.075451 (VIOLATED)
_09701_/C1                              0.750000    0.825298   -0.075298 (VIOLATED)
_09733_/C1                              0.750000    0.825298   -0.075298 (VIOLATED)
_09739_/A1                              0.750000    0.825298   -0.075298 (VIOLATED)
_09743_/C1                              0.750000    0.825298   -0.075298 (VIOLATED)
_09771_/A1                              0.750000    0.825298   -0.075298 (VIOLATED)
_10398_/A1                              0.750000    0.825298   -0.075298 (VIOLATED)
_10418_/B1                              0.750000    0.825298   -0.075298 (VIOLATED)
_11171_/A1                              0.750000    0.825298   -0.075298 (VIOLATED)
_11172_/C1                              0.750000    0.825298   -0.075298 (VIOLATED)
_11185_/A1                              0.750000    0.825298   -0.075298 (VIOLATED)
fanout837/X                             0.750000    0.825298   -0.075298 (VIOLATED)
_11431_/B                               0.750000    0.824788   -0.074788 (VIOLATED)
_11466_/B                               0.750000    0.824788   -0.074788 (VIOLATED)
_11474_/A                               0.750000    0.824788   -0.074788 (VIOLATED)
_11478_/A1                              0.750000    0.824788   -0.074788 (VIOLATED)
_11488_/A                               0.750000    0.824788   -0.074788 (VIOLATED)
_11538_/A                               0.750000    0.824788   -0.074788 (VIOLATED)
_11564_/A1                              0.750000    0.824788   -0.074788 (VIOLATED)
_11590_/B                               0.750000    0.824788   -0.074788 (VIOLATED)
_11652_/A1                              0.750000    0.824788   -0.074788 (VIOLATED)
fanout1096/A                            0.750000    0.824788   -0.074788 (VIOLATED)
fanout1097/X                            0.750000    0.824788   -0.074788 (VIOLATED)
_17362_/B                               0.750000    0.824705   -0.074705 (VIOLATED)
_17132_/A                               0.750000    0.824695   -0.074695 (VIOLATED)
_17133_/A                               0.750000    0.824689   -0.074689 (VIOLATED)
_17359_/A0                              0.750000    0.824688   -0.074688 (VIOLATED)
_17408_/B                               0.750000    0.824664   -0.074664 (VIOLATED)
_12840_/A                               0.750000    0.824620   -0.074620 (VIOLATED)
_12906_/A                               0.750000    0.824620   -0.074620 (VIOLATED)
_12928_/B1                              0.750000    0.824620   -0.074620 (VIOLATED)
_12947_/A1                              0.750000    0.824620   -0.074620 (VIOLATED)
_12950_/A                               0.750000    0.824620   -0.074620 (VIOLATED)
_13483_/A                               0.750000    0.824620   -0.074620 (VIOLATED)
_13882_/A1                              0.750000    0.824620   -0.074620 (VIOLATED)
_14098_/C1                              0.750000    0.824620   -0.074620 (VIOLATED)
fanout739/A                             0.750000    0.824620   -0.074620 (VIOLATED)
fanout740/X                             0.750000    0.824620   -0.074620 (VIOLATED)
_10851_/B                               0.750000    0.824116   -0.074116 (VIOLATED)
_15272_/A                               0.750000    0.824077   -0.074077 (VIOLATED)
_18011_/A2                              0.750000    0.824075   -0.074075 (VIOLATED)
_10850_/X                               0.750000    0.824074   -0.074074 (VIOLATED)
_17072_/X                               0.750000    0.823844   -0.073844 (VIOLATED)
_13210_/A1                              0.750000    0.823516   -0.073516 (VIOLATED)
_13292_/A1                              0.750000    0.823516   -0.073516 (VIOLATED)
_13426_/A2                              0.750000    0.823516   -0.073516 (VIOLATED)
_13428_/B1                              0.750000    0.823516   -0.073516 (VIOLATED)
_13432_/C1                              0.750000    0.823516   -0.073516 (VIOLATED)
_13439_/B1                              0.750000    0.823516   -0.073516 (VIOLATED)
_13441_/C1                              0.750000    0.823516   -0.073516 (VIOLATED)
_13622_/A1                              0.750000    0.823516   -0.073516 (VIOLATED)
_13673_/B1                              0.750000    0.823516   -0.073516 (VIOLATED)
fanout1498/A                            0.750000    0.823516   -0.073516 (VIOLATED)
fanout1499/X                            0.750000    0.823516   -0.073516 (VIOLATED)
_13061_/B                               0.750000    0.823074   -0.073074 (VIOLATED)
_13063_/A2                              0.750000    0.823074   -0.073074 (VIOLATED)
_13073_/A                               0.750000    0.823074   -0.073074 (VIOLATED)
_13081_/A                               0.750000    0.823074   -0.073074 (VIOLATED)
_13083_/B                               0.750000    0.823074   -0.073074 (VIOLATED)
_13084_/B                               0.750000    0.823074   -0.073074 (VIOLATED)
_13086_/B                               0.750000    0.823074   -0.073074 (VIOLATED)
_13097_/B                               0.750000    0.823074   -0.073074 (VIOLATED)
_13107_/B                               0.750000    0.823074   -0.073074 (VIOLATED)
_13108_/A                               0.750000    0.823074   -0.073074 (VIOLATED)
fanout1528/X                            0.750000    0.823074   -0.073074 (VIOLATED)
_15994_/B                               0.750000    0.822999   -0.072999 (VIOLATED)
_15997_/A_N                             0.750000    0.822999   -0.072999 (VIOLATED)
_16037_/A2                              0.750000    0.822999   -0.072999 (VIOLATED)
_16040_/A2                              0.750000    0.822999   -0.072999 (VIOLATED)
_16043_/B                               0.750000    0.822999   -0.072999 (VIOLATED)
_16049_/B                               0.750000    0.822999   -0.072999 (VIOLATED)
_16058_/B                               0.750000    0.822999   -0.072999 (VIOLATED)
_16059_/C_N                             0.750000    0.822999   -0.072999 (VIOLATED)
_16073_/A2                              0.750000    0.822999   -0.072999 (VIOLATED)
_16413_/A1                              0.750000    0.822999   -0.072999 (VIOLATED)
fanout1153/X                            0.750000    0.822999   -0.072999 (VIOLATED)
_11438_/B1                              0.750000    0.822637   -0.072637 (VIOLATED)
_11491_/B1                              0.750000    0.822637   -0.072637 (VIOLATED)
_11559_/A1                              0.750000    0.822637   -0.072637 (VIOLATED)
_11595_/B1                              0.750000    0.822637   -0.072637 (VIOLATED)
_11608_/B1                              0.750000    0.822637   -0.072637 (VIOLATED)
_11619_/C1                              0.750000    0.822637   -0.072637 (VIOLATED)
_11625_/A1                              0.750000    0.822637   -0.072637 (VIOLATED)
_11740_/C1                              0.750000    0.822637   -0.072637 (VIOLATED)
_11742_/B1                              0.750000    0.822637   -0.072637 (VIOLATED)
_11811_/S1                              0.750000    0.822637   -0.072637 (VIOLATED)
fanout1064/X                            0.750000    0.822637   -0.072637 (VIOLATED)
_16205_/A1                              0.750000    0.822619   -0.072619 (VIOLATED)
_16485_/C1                              0.750000    0.822619   -0.072619 (VIOLATED)
_16493_/A                               0.750000    0.822619   -0.072619 (VIOLATED)
_16495_/A1                              0.750000    0.822619   -0.072619 (VIOLATED)
_16499_/A                               0.750000    0.822619   -0.072619 (VIOLATED)
_16671_/C1                              0.750000    0.822619   -0.072619 (VIOLATED)
_16678_/A1                              0.750000    0.822619   -0.072619 (VIOLATED)
_16682_/C1                              0.750000    0.822619   -0.072619 (VIOLATED)
_16781_/A                               0.750000    0.822619   -0.072619 (VIOLATED)
_16784_/B1                              0.750000    0.822619   -0.072619 (VIOLATED)
fanout1585/X                            0.750000    0.822619   -0.072619 (VIOLATED)
_16041_/C1                              0.750000    0.822536   -0.072536 (VIOLATED)
_16051_/B1                              0.750000    0.822536   -0.072536 (VIOLATED)
_16385_/A                               0.750000    0.822536   -0.072536 (VIOLATED)
_16391_/A                               0.750000    0.822536   -0.072536 (VIOLATED)
_16553_/C1                              0.750000    0.822536   -0.072536 (VIOLATED)
_16580_/A1                              0.750000    0.822536   -0.072536 (VIOLATED)
_16582_/B1                              0.750000    0.822536   -0.072536 (VIOLATED)
_16720_/A1                              0.750000    0.822536   -0.072536 (VIOLATED)
_16727_/C1                              0.750000    0.822536   -0.072536 (VIOLATED)
_16731_/A1                              0.750000    0.822536   -0.072536 (VIOLATED)
fanout669/X                             0.750000    0.822536   -0.072536 (VIOLATED)
_14771_/Y                               0.750000    0.822112   -0.072112 (VIOLATED)
_14772_/D                               0.750000    0.822112   -0.072112 (VIOLATED)
_14947_/A3                              0.750000    0.822112   -0.072112 (VIOLATED)
_14957_/A2                              0.750000    0.822112   -0.072112 (VIOLATED)
_14974_/C                               0.750000    0.822112   -0.072112 (VIOLATED)
_15000_/A2                              0.750000    0.822112   -0.072112 (VIOLATED)
_15159_/C                               0.750000    0.822112   -0.072112 (VIOLATED)
_12839_/B                               0.750000    0.820810   -0.070810 (VIOLATED)
_12873_/A                               0.750000    0.820810   -0.070810 (VIOLATED)
_12874_/A                               0.750000    0.820810   -0.070810 (VIOLATED)
_12913_/A                               0.750000    0.820810   -0.070810 (VIOLATED)
_13298_/A1                              0.750000    0.820810   -0.070810 (VIOLATED)
_13475_/B1                              0.750000    0.820810   -0.070810 (VIOLATED)
_13707_/A1                              0.750000    0.820810   -0.070810 (VIOLATED)
_13714_/B1                              0.750000    0.820810   -0.070810 (VIOLATED)
_13715_/A1                              0.750000    0.820810   -0.070810 (VIOLATED)
_14100_/A1                              0.750000    0.820810   -0.070810 (VIOLATED)
fanout733/X                             0.750000    0.820810   -0.070810 (VIOLATED)
_18056_/A                               0.750000    0.820643   -0.070643 (VIOLATED)
_17874_/A                               0.750000    0.820637   -0.070637 (VIOLATED)
_18084_/A                               0.750000    0.820637   -0.070637 (VIOLATED)
_18100_/A                               0.750000    0.820637   -0.070637 (VIOLATED)
_18116_/A                               0.750000    0.820637   -0.070637 (VIOLATED)
fanout858/X                             0.750000    0.820637   -0.070637 (VIOLATED)
load_slew859/A                          0.750000    0.820637   -0.070637 (VIOLATED)
_09487_/A                               0.750000    0.819758   -0.069758 (VIOLATED)
_16148_/C1                              0.750000    0.819758   -0.069758 (VIOLATED)
_16187_/A1                              0.750000    0.819758   -0.069758 (VIOLATED)
_16194_/B1                              0.750000    0.819758   -0.069758 (VIOLATED)
_16484_/A                               0.750000    0.819758   -0.069758 (VIOLATED)
_16485_/A1                              0.750000    0.819758   -0.069758 (VIOLATED)
_16486_/A                               0.750000    0.819758   -0.069758 (VIOLATED)
_16496_/C1                              0.750000    0.819758   -0.069758 (VIOLATED)
_16810_/B1                              0.750000    0.819758   -0.069758 (VIOLATED)
_17619_/A0                              0.750000    0.819758   -0.069758 (VIOLATED)
fanout1583/X                            0.750000    0.819758   -0.069758 (VIOLATED)
_11480_/B1                              0.750000    0.819533   -0.069533 (VIOLATED)
_11483_/A1                              0.750000    0.819533   -0.069533 (VIOLATED)
_11550_/B                               0.750000    0.819533   -0.069533 (VIOLATED)
_11597_/B                               0.750000    0.819533   -0.069533 (VIOLATED)
_11640_/C                               0.750000    0.819533   -0.069533 (VIOLATED)
_11650_/A1                              0.750000    0.819533   -0.069533 (VIOLATED)
_11723_/A1                              0.750000    0.819533   -0.069533 (VIOLATED)
_11727_/S                               0.750000    0.819533   -0.069533 (VIOLATED)
_11756_/A1                              0.750000    0.819533   -0.069533 (VIOLATED)
_11769_/B1                              0.750000    0.819533   -0.069533 (VIOLATED)
fanout509/X                             0.750000    0.819533   -0.069533 (VIOLATED)
_18197_/B1                              0.750000    0.819513   -0.069513 (VIOLATED)
_18205_/B1                              0.750000    0.819513   -0.069513 (VIOLATED)
_18213_/B1                              0.750000    0.819513   -0.069513 (VIOLATED)
_18221_/B1                              0.750000    0.819513   -0.069513 (VIOLATED)
_18228_/B1                              0.750000    0.819513   -0.069513 (VIOLATED)
_18229_/B1                              0.750000    0.819513   -0.069513 (VIOLATED)
_18236_/B1                              0.750000    0.819513   -0.069513 (VIOLATED)
_18244_/B1                              0.750000    0.819513   -0.069513 (VIOLATED)
_18252_/B1                              0.750000    0.819513   -0.069513 (VIOLATED)
_18268_/B1                              0.750000    0.819513   -0.069513 (VIOLATED)
fanout262/X                             0.750000    0.819513   -0.069513 (VIOLATED)
_17950_/A2                              0.750000    0.818065   -0.068065 (VIOLATED)
_17958_/A2                              0.750000    0.818065   -0.068065 (VIOLATED)
_17965_/A2                              0.750000    0.818065   -0.068065 (VIOLATED)
_17967_/A2                              0.750000    0.818065   -0.068065 (VIOLATED)
_17999_/A2                              0.750000    0.818065   -0.068065 (VIOLATED)
_18014_/A2                              0.750000    0.818065   -0.068065 (VIOLATED)
_18023_/A2                              0.750000    0.818065   -0.068065 (VIOLATED)
_18029_/A2                              0.750000    0.818065   -0.068065 (VIOLATED)
_18030_/A2                              0.750000    0.818065   -0.068065 (VIOLATED)
_18063_/A2                              0.750000    0.818065   -0.068065 (VIOLATED)
fanout622/X                             0.750000    0.818065   -0.068065 (VIOLATED)
_12591_/B1                              0.750000    0.817837   -0.067837 (VIOLATED)
_12596_/C1                              0.750000    0.817836   -0.067836 (VIOLATED)
_12629_/A1                              0.750000    0.817831   -0.067831 (VIOLATED)
_12583_/A                               0.750000    0.817829   -0.067829 (VIOLATED)
fanout767/A                             0.750000    0.817822   -0.067822 (VIOLATED)
fanout768/A                             0.750000    0.817822   -0.067822 (VIOLATED)
fanout770/A                             0.750000    0.817822   -0.067822 (VIOLATED)
fanout771/X                             0.750000    0.817822   -0.067822 (VIOLATED)
_12750_/B1                              0.750000    0.817689   -0.067689 (VIOLATED)
_12765_/A                               0.750000    0.817689   -0.067689 (VIOLATED)
_12769_/A                               0.750000    0.817689   -0.067689 (VIOLATED)
_12837_/B1                              0.750000    0.817689   -0.067689 (VIOLATED)
_13227_/A1                              0.750000    0.817689   -0.067689 (VIOLATED)
_13232_/A                               0.750000    0.817689   -0.067689 (VIOLATED)
_13236_/C1                              0.750000    0.817689   -0.067689 (VIOLATED)
_13398_/C1                              0.750000    0.817689   -0.067689 (VIOLATED)
_13807_/A                               0.750000    0.817689   -0.067689 (VIOLATED)
_13940_/A1                              0.750000    0.817689   -0.067689 (VIOLATED)
fanout761/X                             0.750000    0.817689   -0.067689 (VIOLATED)
_09950_/B                               0.750000    0.817668   -0.067668 (VIOLATED)
_10773_/B2                              0.750000    0.817668   -0.067668 (VIOLATED)
_09989_/A                               0.750000    0.817668   -0.067668 (VIOLATED)
_09913_/A                               0.750000    0.817668   -0.067668 (VIOLATED)
_09993_/A1                              0.750000    0.817668   -0.067668 (VIOLATED)
_10007_/B                               0.750000    0.817668   -0.067668 (VIOLATED)
_10274_/A1                              0.750000    0.817668   -0.067668 (VIOLATED)
_10288_/S                               0.750000    0.817668   -0.067668 (VIOLATED)
_10757_/A1                              0.750000    0.817668   -0.067668 (VIOLATED)
_11229_/B1                              0.750000    0.817668   -0.067668 (VIOLATED)
fanout833/X                             0.750000    0.817668   -0.067668 (VIOLATED)
_09445_/A                               0.750000    0.817569   -0.067569 (VIOLATED)
_14272_/A_N                             0.750000    0.817569   -0.067569 (VIOLATED)
_14298_/A2                              0.750000    0.817569   -0.067569 (VIOLATED)
_14300_/A_N                             0.750000    0.817569   -0.067569 (VIOLATED)
_14310_/A2                              0.750000    0.817569   -0.067569 (VIOLATED)
_14313_/B                               0.750000    0.817569   -0.067569 (VIOLATED)
_14778_/B2                              0.750000    0.817569   -0.067569 (VIOLATED)
_14780_/A2                              0.750000    0.817569   -0.067569 (VIOLATED)
_14789_/A2                              0.750000    0.817569   -0.067569 (VIOLATED)
_14803_/A1                              0.750000    0.817569   -0.067569 (VIOLATED)
fanout1286/X                            0.750000    0.817569   -0.067569 (VIOLATED)
_17984_/A                               0.750000    0.817072   -0.067072 (VIOLATED)
_17936_/A                               0.750000    0.817072   -0.067072 (VIOLATED)
_17940_/A                               0.750000    0.817072   -0.067072 (VIOLATED)
_17961_/A                               0.750000    0.817072   -0.067072 (VIOLATED)
_18048_/A                               0.750000    0.817072   -0.067072 (VIOLATED)
fanout848/X                             0.750000    0.817072   -0.067072 (VIOLATED)
load_slew849/A                          0.750000    0.817072   -0.067072 (VIOLATED)
_18386_/B1                              0.750000    0.816469   -0.066469 (VIOLATED)
_18394_/B1                              0.750000    0.816469   -0.066469 (VIOLATED)
_18402_/B1                              0.750000    0.816468   -0.066468 (VIOLATED)
_18364_/B1                              0.750000    0.816468   -0.066468 (VIOLATED)
_18372_/B1                              0.750000    0.816468   -0.066468 (VIOLATED)
_18380_/B1                              0.750000    0.816468   -0.066468 (VIOLATED)
_18388_/B1                              0.750000    0.816468   -0.066468 (VIOLATED)
_18396_/B1                              0.750000    0.816468   -0.066468 (VIOLATED)
fanout237/A                             0.750000    0.816468   -0.066468 (VIOLATED)
fanout239/X                             0.750000    0.816468   -0.066468 (VIOLATED)
_18197_/A2                              0.750000    0.816376   -0.066376 (VIOLATED)
_18205_/A2                              0.750000    0.816376   -0.066376 (VIOLATED)
_18213_/A2                              0.750000    0.816376   -0.066376 (VIOLATED)
_18221_/A2                              0.750000    0.816376   -0.066376 (VIOLATED)
_18228_/A2                              0.750000    0.816376   -0.066376 (VIOLATED)
_18229_/A2                              0.750000    0.816376   -0.066376 (VIOLATED)
_18236_/A2                              0.750000    0.816376   -0.066376 (VIOLATED)
_18244_/A2                              0.750000    0.816376   -0.066376 (VIOLATED)
_18252_/A2                              0.750000    0.816376   -0.066376 (VIOLATED)
_18268_/A2                              0.750000    0.816376   -0.066376 (VIOLATED)
fanout205/X                             0.750000    0.816376   -0.066376 (VIOLATED)
_12986_/A                               0.750000    0.815844   -0.065844 (VIOLATED)
_12999_/B1                              0.750000    0.815844   -0.065844 (VIOLATED)
_13051_/A1                              0.750000    0.815844   -0.065844 (VIOLATED)
_13344_/B1                              0.750000    0.815844   -0.065844 (VIOLATED)
_13352_/A1                              0.750000    0.815844   -0.065844 (VIOLATED)
_13524_/A1                              0.750000    0.815844   -0.065844 (VIOLATED)
_13732_/D1                              0.750000    0.815844   -0.065844 (VIOLATED)
_14000_/A                               0.750000    0.815844   -0.065844 (VIOLATED)
_14048_/A1                              0.750000    0.815844   -0.065844 (VIOLATED)
fanout727/A                             0.750000    0.815844   -0.065844 (VIOLATED)
fanout728/X                             0.750000    0.815844   -0.065844 (VIOLATED)
_11955_/A                               0.750000    0.815330   -0.065330 (VIOLATED)
_10521_/A                               0.750000    0.815328   -0.065328 (VIOLATED)
_10387_/A                               0.750000    0.815326   -0.065326 (VIOLATED)
_12384_/A0                              0.750000    0.815325   -0.065325 (VIOLATED)
_10388_/A                               0.750000    0.815321   -0.065321 (VIOLATED)
_18193_/B1                              0.750000    0.815260   -0.065260 (VIOLATED)
_18198_/B1                              0.750000    0.815260   -0.065260 (VIOLATED)
_18201_/B1                              0.750000    0.815260   -0.065260 (VIOLATED)
_18206_/B1                              0.750000    0.815260   -0.065260 (VIOLATED)
_18227_/B1                              0.750000    0.815260   -0.065260 (VIOLATED)
_18235_/B1                              0.750000    0.815260   -0.065260 (VIOLATED)
_18243_/B1                              0.750000    0.815260   -0.065260 (VIOLATED)
_18251_/B1                              0.750000    0.815260   -0.065260 (VIOLATED)
_18259_/B1                              0.750000    0.815260   -0.065260 (VIOLATED)
_18267_/B1                              0.750000    0.815260   -0.065260 (VIOLATED)
fanout261/X                             0.750000    0.815260   -0.065260 (VIOLATED)
_10298_/X                               0.750000    0.815260   -0.065260 (VIOLATED)
_11857_/A_N                             0.750000    0.814733   -0.064733 (VIOLATED)
_11863_/A                               0.750000    0.814733   -0.064733 (VIOLATED)
_11880_/A                               0.750000    0.814733   -0.064733 (VIOLATED)
_11882_/A                               0.750000    0.814733   -0.064733 (VIOLATED)
_11883_/C                               0.750000    0.814733   -0.064733 (VIOLATED)
_11885_/A                               0.750000    0.814733   -0.064733 (VIOLATED)
_11888_/A1                              0.750000    0.814733   -0.064733 (VIOLATED)
_11904_/A_N                             0.750000    0.814733   -0.064733 (VIOLATED)
_11916_/A                               0.750000    0.814733   -0.064733 (VIOLATED)
_11964_/A1                              0.750000    0.814733   -0.064733 (VIOLATED)
fanout1057/X                            0.750000    0.814733   -0.064733 (VIOLATED)
_11105_/A1                              0.750000    0.814564   -0.064564 (VIOLATED)
_11120_/B2                              0.750000    0.814564   -0.064564 (VIOLATED)
_11122_/A1                              0.750000    0.814564   -0.064564 (VIOLATED)
_11258_/B1                              0.750000    0.814564   -0.064564 (VIOLATED)
fanout807/A                             0.750000    0.814564   -0.064564 (VIOLATED)
fanout808/A                             0.750000    0.814564   -0.064564 (VIOLATED)
fanout809/X                             0.750000    0.814564   -0.064564 (VIOLATED)
_09564_/B1                              0.750000    0.814545   -0.064545 (VIOLATED)
_09616_/B1                              0.750000    0.814542   -0.064542 (VIOLATED)
_09543_/A2                              0.750000    0.814539   -0.064539 (VIOLATED)
_09530_/Y                               0.750000    0.814526   -0.064526 (VIOLATED)
max_cap229/A                            0.750000    0.814526   -0.064526 (VIOLATED)
_14835_/A                               0.750000    0.814113   -0.064113 (VIOLATED)
_14687_/A1                              0.750000    0.814113   -0.064113 (VIOLATED)
_14703_/B                               0.750000    0.814113   -0.064113 (VIOLATED)
_14669_/B                               0.750000    0.814113   -0.064113 (VIOLATED)
_14631_/A_N                             0.750000    0.814112   -0.064112 (VIOLATED)
_14638_/A                               0.750000    0.814112   -0.064112 (VIOLATED)
_14661_/B                               0.750000    0.814112   -0.064112 (VIOLATED)
_14702_/B                               0.750000    0.814112   -0.064112 (VIOLATED)
_15088_/B                               0.750000    0.814112   -0.064112 (VIOLATED)
_15089_/B                               0.750000    0.814112   -0.064112 (VIOLATED)
fanout1578/X                            0.750000    0.814112   -0.064112 (VIOLATED)
_15991_/A                               0.750000    0.813494   -0.063494 (VIOLATED)
_15998_/A_N                             0.750000    0.813494   -0.063494 (VIOLATED)
_15999_/B                               0.750000    0.813494   -0.063494 (VIOLATED)
_16022_/A1                              0.750000    0.813494   -0.063494 (VIOLATED)
_16026_/B                               0.750000    0.813494   -0.063494 (VIOLATED)
_16081_/B                               0.750000    0.813494   -0.063494 (VIOLATED)
_16394_/A1                              0.750000    0.813494   -0.063494 (VIOLATED)
_16399_/B                               0.750000    0.813494   -0.063494 (VIOLATED)
_16568_/A1                              0.750000    0.813494   -0.063494 (VIOLATED)
_16576_/A1                              0.750000    0.813494   -0.063494 (VIOLATED)
fanout1155/X                            0.750000    0.813494   -0.063494 (VIOLATED)
_13029_/A3                              0.750000    0.812771   -0.062771 (VIOLATED)
_13910_/A2                              0.750000    0.812771   -0.062771 (VIOLATED)
_13896_/A2                              0.750000    0.812771   -0.062771 (VIOLATED)
_13894_/C                               0.750000    0.812771   -0.062771 (VIOLATED)
_13998_/B1                              0.750000    0.812764   -0.062764 (VIOLATED)
_13988_/A2                              0.750000    0.812757   -0.062757 (VIOLATED)
_14869_/B1                              0.750000    0.812730   -0.062730 (VIOLATED)
_14879_/C1                              0.750000    0.812730   -0.062730 (VIOLATED)
_14883_/A                               0.750000    0.812730   -0.062730 (VIOLATED)
_14887_/C1                              0.750000    0.812730   -0.062730 (VIOLATED)
_15194_/B1                              0.750000    0.812730   -0.062730 (VIOLATED)
_15197_/C1                              0.750000    0.812730   -0.062730 (VIOLATED)
_15438_/B1                              0.750000    0.812730   -0.062730 (VIOLATED)
_15453_/C1                              0.750000    0.812730   -0.062730 (VIOLATED)
_15622_/C1                              0.750000    0.812730   -0.062730 (VIOLATED)
_15685_/C1                              0.750000    0.812730   -0.062730 (VIOLATED)
fanout1779/X                            0.750000    0.812730   -0.062730 (VIOLATED)
_09655_/A1                              0.750000    0.812673   -0.062673 (VIOLATED)
_09668_/B1                              0.750000    0.812673   -0.062673 (VIOLATED)
_09715_/A1                              0.750000    0.812673   -0.062673 (VIOLATED)
_09718_/B1                              0.750000    0.812673   -0.062673 (VIOLATED)
_09727_/A1                              0.750000    0.812673   -0.062673 (VIOLATED)
_10493_/B1                              0.750000    0.812673   -0.062673 (VIOLATED)
_10500_/A1                              0.750000    0.812673   -0.062673 (VIOLATED)
_10503_/C1                              0.750000    0.812673   -0.062673 (VIOLATED)
_11035_/B1                              0.750000    0.812673   -0.062673 (VIOLATED)
_11036_/A1                              0.750000    0.812673   -0.062673 (VIOLATED)
fanout839/X                             0.750000    0.812673   -0.062673 (VIOLATED)
_09474_/A                               0.750000    0.812648   -0.062648 (VIOLATED)
_16098_/B1                              0.750000    0.812648   -0.062648 (VIOLATED)
_16099_/A1                              0.750000    0.812648   -0.062648 (VIOLATED)
_16412_/C1                              0.750000    0.812648   -0.062648 (VIOLATED)
_16415_/C1                              0.750000    0.812648   -0.062648 (VIOLATED)
_16863_/A                               0.750000    0.812648   -0.062648 (VIOLATED)
_16945_/C1                              0.750000    0.812648   -0.062648 (VIOLATED)
_16948_/C1                              0.750000    0.812648   -0.062648 (VIOLATED)
_16961_/A                               0.750000    0.812648   -0.062648 (VIOLATED)
_16967_/A1                              0.750000    0.812648   -0.062648 (VIOLATED)
fanout1106/X                            0.750000    0.812648   -0.062648 (VIOLATED)
_13026_/Y                               0.750000    0.812522   -0.062522 (VIOLATED)
_13378_/A2                              0.750000    0.812522   -0.062522 (VIOLATED)
_14057_/A2                              0.750000    0.812522   -0.062522 (VIOLATED)
_13532_/A                               0.750000    0.812238   -0.062238 (VIOLATED)
_14135_/A                               0.750000    0.812234   -0.062234 (VIOLATED)
_14231_/B                               0.750000    0.812226   -0.062226 (VIOLATED)
_14182_/A                               0.750000    0.812194   -0.062194 (VIOLATED)
_14126_/B                               0.750000    0.811744   -0.061744 (VIOLATED)
_13530_/X                               0.750000    0.811658   -0.061658 (VIOLATED)
_17171_/B1                              0.750000    0.811509   -0.061509 (VIOLATED)
fanout652/A                             0.750000    0.811508   -0.061508 (VIOLATED)
_16999_/A1                              0.750000    0.811507   -0.061507 (VIOLATED)
_16998_/A1                              0.750000    0.811506   -0.061506 (VIOLATED)
_17190_/C1                              0.750000    0.811506   -0.061506 (VIOLATED)
_17298_/C1                              0.750000    0.811506   -0.061506 (VIOLATED)
_17312_/B2                              0.750000    0.811506   -0.061506 (VIOLATED)
fanout653/A                             0.750000    0.811506   -0.061506 (VIOLATED)
fanout654/X                             0.750000    0.811506   -0.061506 (VIOLATED)
_14537_/B1                              0.750000    0.811021   -0.061021 (VIOLATED)
_14895_/B1                              0.750000    0.811021   -0.061021 (VIOLATED)
_15181_/A1                              0.750000    0.811021   -0.061021 (VIOLATED)
_15186_/D1                              0.750000    0.811021   -0.061021 (VIOLATED)
_15392_/A                               0.750000    0.811021   -0.061021 (VIOLATED)
_15435_/B1                              0.750000    0.811021   -0.061021 (VIOLATED)
_15625_/B2                              0.750000    0.811021   -0.061021 (VIOLATED)
_15634_/C1                              0.750000    0.811021   -0.061021 (VIOLATED)
_15638_/C1                              0.750000    0.811021   -0.061021 (VIOLATED)
_17515_/A0                              0.750000    0.811021   -0.061021 (VIOLATED)
fanout1790/X                            0.750000    0.811021   -0.061021 (VIOLATED)
_12549_/A2                              0.750000    0.810566   -0.060566 (VIOLATED)
_12579_/A1                              0.750000    0.810566   -0.060566 (VIOLATED)
_12391_/A                               0.750000    0.810566   -0.060566 (VIOLATED)
_12390_/A1                              0.750000    0.810566   -0.060566 (VIOLATED)
_12524_/A                               0.750000    0.810565   -0.060565 (VIOLATED)
fanout979/A                             0.750000    0.810565   -0.060565 (VIOLATED)
fanout982/A                             0.750000    0.810565   -0.060565 (VIOLATED)
fanout983/X                             0.750000    0.810565   -0.060565 (VIOLATED)
_10151_/B                               0.750000    0.810521   -0.060521 (VIOLATED)
_10152_/B                               0.750000    0.810521   -0.060521 (VIOLATED)
_10157_/A                               0.750000    0.810521   -0.060521 (VIOLATED)
_10175_/A                               0.750000    0.810521   -0.060521 (VIOLATED)
_10187_/A_N                             0.750000    0.810521   -0.060521 (VIOLATED)
_10188_/A                               0.750000    0.810521   -0.060521 (VIOLATED)
_10190_/A                               0.750000    0.810521   -0.060521 (VIOLATED)
_10214_/C_N                             0.750000    0.810521   -0.060521 (VIOLATED)
_10221_/B                               0.750000    0.810521   -0.060521 (VIOLATED)
_10432_/A1                              0.750000    0.810521   -0.060521 (VIOLATED)
fanout953/X                             0.750000    0.810521   -0.060521 (VIOLATED)
_12168_/B2                              0.750000    0.810420   -0.060420 (VIOLATED)
_09401_/A                               0.750000    0.810419   -0.060419 (VIOLATED)
_11958_/A                               0.750000    0.810418   -0.060418 (VIOLATED)
_12164_/A                               0.750000    0.810417   -0.060417 (VIOLATED)
_11959_/A                               0.750000    0.810412   -0.060412 (VIOLATED)
_17890_/A1                              0.750000    0.810412   -0.060412 (VIOLATED)
fanout1057/A                            0.750000    0.810412   -0.060412 (VIOLATED)
fanout1058/X                            0.750000    0.810412   -0.060412 (VIOLATED)
_16443_/C1                              0.750000    0.810383   -0.060384 (VIOLATED)
_16447_/A                               0.750000    0.810383   -0.060384 (VIOLATED)
_17021_/C1                              0.750000    0.810383   -0.060384 (VIOLATED)
_17022_/A1                              0.750000    0.810383   -0.060384 (VIOLATED)
_17030_/A1                              0.750000    0.810383   -0.060384 (VIOLATED)
_17033_/C1                              0.750000    0.810383   -0.060384 (VIOLATED)
_17038_/C1                              0.750000    0.810383   -0.060384 (VIOLATED)
_17039_/C1                              0.750000    0.810383   -0.060384 (VIOLATED)
_17160_/C1                              0.750000    0.810383   -0.060384 (VIOLATED)
fanout1821/A                            0.750000    0.810383   -0.060384 (VIOLATED)
fanout1822/X                            0.750000    0.810383   -0.060384 (VIOLATED)
_17365_/A0                              0.750000    0.809879   -0.059879 (VIOLATED)
_17253_/B                               0.750000    0.809878   -0.059878 (VIOLATED)
_17368_/B                               0.750000    0.809877   -0.059877 (VIOLATED)
_17419_/B                               0.750000    0.809876   -0.059876 (VIOLATED)
_17195_/X                               0.750000    0.809857   -0.059857 (VIOLATED)
_18113_/A1                              0.750000    0.809469   -0.059469 (VIOLATED)
_18099_/A1                              0.750000    0.809468   -0.059468 (VIOLATED)
_18115_/A1                              0.750000    0.809461   -0.059461 (VIOLATED)
_17524_/B1                              0.750000    0.809456   -0.059456 (VIOLATED)
_17905_/A1                              0.750000    0.809456   -0.059456 (VIOLATED)
fanout890/A                             0.750000    0.809456   -0.059456 (VIOLATED)
fanout892/X                             0.750000    0.809456   -0.059456 (VIOLATED)
_12844_/A                               0.750000    0.809298   -0.059298 (VIOLATED)
_12849_/A                               0.750000    0.809298   -0.059298 (VIOLATED)
_12852_/A_N                             0.750000    0.809298   -0.059298 (VIOLATED)
_12857_/C_N                             0.750000    0.809298   -0.059298 (VIOLATED)
_12889_/A_N                             0.750000    0.809298   -0.059298 (VIOLATED)
_12898_/A                               0.750000    0.809298   -0.059298 (VIOLATED)
_12932_/C                               0.750000    0.809298   -0.059298 (VIOLATED)
_12934_/A                               0.750000    0.809298   -0.059298 (VIOLATED)
fanout1762/A                            0.750000    0.809298   -0.059298 (VIOLATED)
fanout1763/X                            0.750000    0.809298   -0.059298 (VIOLATED)
_18575_/A1_N                            0.750000    0.808847   -0.058847 (VIOLATED)
_18599_/A1_N                            0.750000    0.808847   -0.058847 (VIOLATED)
fanout865/A                             0.750000    0.808847   -0.058847 (VIOLATED)
fanout866/A                             0.750000    0.808847   -0.058847 (VIOLATED)
fanout867/A                             0.750000    0.808847   -0.058847 (VIOLATED)
fanout868/X                             0.750000    0.808847   -0.058847 (VIOLATED)
_17229_/C                               0.750000    0.808786   -0.058786 (VIOLATED)
_16515_/A2                              0.750000    0.808785   -0.058785 (VIOLATED)
_16544_/A2                              0.750000    0.808785   -0.058785 (VIOLATED)
_16545_/A2                              0.750000    0.808785   -0.058785 (VIOLATED)
_16637_/A1                              0.750000    0.808785   -0.058785 (VIOLATED)
_16660_/C                               0.750000    0.808785   -0.058785 (VIOLATED)
_16814_/A2                              0.750000    0.808785   -0.058785 (VIOLATED)
_16922_/D                               0.750000    0.808785   -0.058785 (VIOLATED)
_17260_/A1                              0.750000    0.808785   -0.058785 (VIOLATED)
_17267_/B                               0.750000    0.808785   -0.058785 (VIOLATED)
fanout378/X                             0.750000    0.808785   -0.058785 (VIOLATED)
_09372_/A                               0.750000    0.808428   -0.058428 (VIOLATED)
_09937_/C1                              0.750000    0.808428   -0.058428 (VIOLATED)
_10268_/A1                              0.750000    0.808428   -0.058428 (VIOLATED)
_10542_/C1                              0.750000    0.808428   -0.058428 (VIOLATED)
_10543_/C1                              0.750000    0.808428   -0.058428 (VIOLATED)
_10546_/C                               0.750000    0.808428   -0.058428 (VIOLATED)
_10942_/C1                              0.750000    0.808428   -0.058428 (VIOLATED)
_11092_/B1                              0.750000    0.808428   -0.058428 (VIOLATED)
_11095_/B1                              0.750000    0.808428   -0.058428 (VIOLATED)
_11235_/C1                              0.750000    0.808428   -0.058428 (VIOLATED)
fanout1684/X                            0.750000    0.808428   -0.058428 (VIOLATED)
_09369_/A                               0.750000    0.807456   -0.057456 (VIOLATED)
_09622_/B                               0.750000    0.807456   -0.057456 (VIOLATED)
_09626_/A_N                             0.750000    0.807456   -0.057456 (VIOLATED)
_09659_/B                               0.750000    0.807456   -0.057456 (VIOLATED)
_09667_/A_N                             0.750000    0.807456   -0.057456 (VIOLATED)
_09688_/A                               0.750000    0.807456   -0.057456 (VIOLATED)
_09724_/A1                              0.750000    0.807456   -0.057456 (VIOLATED)
_09770_/A1                              0.750000    0.807456   -0.057456 (VIOLATED)
_11008_/B2                              0.750000    0.807456   -0.057456 (VIOLATED)
fanout1669/A                            0.750000    0.807456   -0.057456 (VIOLATED)
fanout1671/X                            0.750000    0.807456   -0.057456 (VIOLATED)
_09923_/C                               0.750000    0.807298   -0.057298 (VIOLATED)
_09991_/C1                              0.750000    0.807298   -0.057298 (VIOLATED)
_09998_/B1                              0.750000    0.807298   -0.057298 (VIOLATED)
_10000_/C1                              0.750000    0.807298   -0.057298 (VIOLATED)
_10522_/B1                              0.750000    0.807298   -0.057298 (VIOLATED)
_10548_/C1                              0.750000    0.807298   -0.057298 (VIOLATED)
_10915_/B1                              0.750000    0.807298   -0.057298 (VIOLATED)
_10919_/C1                              0.750000    0.807298   -0.057298 (VIOLATED)
_11071_/A                               0.750000    0.807298   -0.057298 (VIOLATED)
_11234_/B1                              0.750000    0.807298   -0.057298 (VIOLATED)
fanout830/X                             0.750000    0.807298   -0.057298 (VIOLATED)
_12474_/C                               0.750000    0.807269   -0.057269 (VIOLATED)
_12422_/A1                              0.750000    0.807269   -0.057269 (VIOLATED)
_12545_/C                               0.750000    0.807266   -0.057266 (VIOLATED)
_12661_/B2                              0.750000    0.807265   -0.057265 (VIOLATED)
_12524_/C                               0.750000    0.807264   -0.057264 (VIOLATED)
_12353_/Y                               0.750000    0.807262   -0.057262 (VIOLATED)
_18118_/A2                              0.750000    0.807122   -0.057122 (VIOLATED)
_17854_/A2                              0.750000    0.807122   -0.057122 (VIOLATED)
_18144_/B2                              0.750000    0.807122   -0.057122 (VIOLATED)
_17875_/A2                              0.750000    0.807121   -0.057121 (VIOLATED)
_17906_/A2                              0.750000    0.807121   -0.057121 (VIOLATED)
_18085_/A2                              0.750000    0.807121   -0.057121 (VIOLATED)
_18090_/A2                              0.750000    0.807121   -0.057121 (VIOLATED)
_18101_/A2                              0.750000    0.807121   -0.057121 (VIOLATED)
_18117_/A2                              0.750000    0.807121   -0.057121 (VIOLATED)
_18145_/B1                              0.750000    0.807121   -0.057121 (VIOLATED)
fanout644/X                             0.750000    0.807121   -0.057121 (VIOLATED)
wire133/A                               0.750000    0.806457   -0.056457 (VIOLATED)
_09777_/B                               0.750000    0.806348   -0.056348 (VIOLATED)
_09809_/A                               0.750000    0.806348   -0.056348 (VIOLATED)
_09812_/A                               0.750000    0.806348   -0.056348 (VIOLATED)
_09814_/A_N                             0.750000    0.806348   -0.056348 (VIOLATED)
_09826_/C                               0.750000    0.806348   -0.056348 (VIOLATED)
_09838_/B1_N                            0.750000    0.806348   -0.056348 (VIOLATED)
_10581_/B2                              0.750000    0.806348   -0.056348 (VIOLATED)
_11040_/A1                              0.750000    0.806348   -0.056348 (VIOLATED)
_11050_/A1                              0.750000    0.806348   -0.056348 (VIOLATED)
fanout1189/A                            0.750000    0.806348   -0.056348 (VIOLATED)
fanout1190/X                            0.750000    0.806348   -0.056348 (VIOLATED)
_14077_/Y                               0.750000    0.806292   -0.056292 (VIOLATED)
ANTENNA_76/DIODE                        0.750000    0.806237   -0.056237 (VIOLATED)
_17479_/A1                              0.750000    0.806237   -0.056237 (VIOLATED)
ANTENNA_75/DIODE                        0.750000    0.806237   -0.056237 (VIOLATED)
ANTENNA_77/DIODE                        0.750000    0.806236   -0.056236 (VIOLATED)
_17478_/X                               0.750000    0.806118   -0.056118 (VIOLATED)
_16255_/A_N                             0.750000    0.806110   -0.056110 (VIOLATED)
_16265_/B                               0.750000    0.806110   -0.056110 (VIOLATED)
_16281_/B                               0.750000    0.806110   -0.056110 (VIOLATED)
_16297_/B                               0.750000    0.806110   -0.056110 (VIOLATED)
_16326_/A                               0.750000    0.806110   -0.056110 (VIOLATED)
_16327_/A_N                             0.750000    0.806110   -0.056110 (VIOLATED)
_16334_/A2                              0.750000    0.806110   -0.056110 (VIOLATED)
_16532_/A                               0.750000    0.806110   -0.056110 (VIOLATED)
_16661_/A1                              0.750000    0.806110   -0.056110 (VIOLATED)
_17114_/A1_N                            0.750000    0.806110   -0.056110 (VIOLATED)
fanout1392/X                            0.750000    0.806110   -0.056110 (VIOLATED)
_11557_/C1                              0.750000    0.805886   -0.055886 (VIOLATED)
_11651_/C1                              0.750000    0.805886   -0.055886 (VIOLATED)
_11659_/B1                              0.750000    0.805886   -0.055886 (VIOLATED)
_11663_/B2                              0.750000    0.805886   -0.055886 (VIOLATED)
_11692_/C1                              0.750000    0.805886   -0.055886 (VIOLATED)
_11699_/B1                              0.750000    0.805886   -0.055886 (VIOLATED)
_11701_/A1                              0.750000    0.805886   -0.055886 (VIOLATED)
_11725_/C1                              0.750000    0.805886   -0.055886 (VIOLATED)
_11741_/A                               0.750000    0.805886   -0.055886 (VIOLATED)
_11772_/C1                              0.750000    0.805886   -0.055886 (VIOLATED)
fanout1061/X                            0.750000    0.805886   -0.055886 (VIOLATED)
_18002_/B1                              0.750000    0.805785   -0.055785 (VIOLATED)
_18066_/B1                              0.750000    0.805784   -0.055784 (VIOLATED)
_18083_/B1                              0.750000    0.805783   -0.055783 (VIOLATED)
_17648_/S                               0.750000    0.805781   -0.055781 (VIOLATED)
_17672_/S                               0.750000    0.805781   -0.055781 (VIOLATED)
_17624_/S                               0.750000    0.805779   -0.055779 (VIOLATED)
_17922_/B1                              0.750000    0.805779   -0.055779 (VIOLATED)
_17989_/B1                              0.750000    0.805778   -0.055778 (VIOLATED)
fanout295/A                             0.750000    0.805778   -0.055778 (VIOLATED)
fanout296/X                             0.750000    0.805778   -0.055778 (VIOLATED)
_18386_/A2                              0.750000    0.805743   -0.055743 (VIOLATED)
_18394_/A2                              0.750000    0.805743   -0.055743 (VIOLATED)
_18402_/A2                              0.750000    0.805743   -0.055743 (VIOLATED)
_18364_/A2                              0.750000    0.805742   -0.055742 (VIOLATED)
_18372_/A2                              0.750000    0.805742   -0.055742 (VIOLATED)
_18380_/A2                              0.750000    0.805742   -0.055742 (VIOLATED)
_18388_/A2                              0.750000    0.805742   -0.055742 (VIOLATED)
_18396_/A2                              0.750000    0.805742   -0.055742 (VIOLATED)
fanout180/A                             0.750000    0.805742   -0.055742 (VIOLATED)
fanout182/X                             0.750000    0.805742   -0.055742 (VIOLATED)
_09896_/B1                              0.750000    0.805726   -0.055726 (VIOLATED)
_09938_/A1                              0.750000    0.805726   -0.055726 (VIOLATED)
_10022_/C1                              0.750000    0.805726   -0.055726 (VIOLATED)
_10272_/A1                              0.750000    0.805726   -0.055726 (VIOLATED)
_10279_/A                               0.750000    0.805726   -0.055726 (VIOLATED)
_10285_/B                               0.750000    0.805726   -0.055726 (VIOLATED)
_10524_/C1                              0.750000    0.805726   -0.055726 (VIOLATED)
_10529_/C1                              0.750000    0.805726   -0.055726 (VIOLATED)
_10757_/C1                              0.750000    0.805726   -0.055726 (VIOLATED)
_11241_/S0                              0.750000    0.805726   -0.055726 (VIOLATED)
fanout826/X                             0.750000    0.805726   -0.055726 (VIOLATED)
_11844_/A                               0.750000    0.805187   -0.055187 (VIOLATED)
_11845_/B                               0.750000    0.805187   -0.055187 (VIOLATED)
_11851_/B                               0.750000    0.805187   -0.055187 (VIOLATED)
_11859_/A                               0.750000    0.805187   -0.055187 (VIOLATED)
_11864_/A                               0.750000    0.805187   -0.055187 (VIOLATED)
_11896_/A_N                             0.750000    0.805187   -0.055187 (VIOLATED)
_11913_/A1                              0.750000    0.805187   -0.055187 (VIOLATED)
_11925_/A                               0.750000    0.805187   -0.055187 (VIOLATED)
_11927_/A1                              0.750000    0.805187   -0.055187 (VIOLATED)
_12023_/C                               0.750000    0.805187   -0.055187 (VIOLATED)
fanout1055/X                            0.750000    0.805187   -0.055187 (VIOLATED)
_18169_/B1                              0.750000    0.805174   -0.055174 (VIOLATED)
_18310_/A1                              0.750000    0.805171   -0.055171 (VIOLATED)
_14657_/A                               0.750000    0.804986   -0.054986 (VIOLATED)
_14672_/A1                              0.750000    0.804986   -0.054986 (VIOLATED)
_15058_/A                               0.750000    0.804986   -0.054986 (VIOLATED)
_15059_/C1                              0.750000    0.804986   -0.054986 (VIOLATED)
_15344_/B1                              0.750000    0.804986   -0.054986 (VIOLATED)
_15467_/A1                              0.750000    0.804986   -0.054986 (VIOLATED)
_15476_/B1                              0.750000    0.804986   -0.054986 (VIOLATED)
_15598_/B1                              0.750000    0.804986   -0.054986 (VIOLATED)
_15600_/C1                              0.750000    0.804986   -0.054986 (VIOLATED)
_15672_/A1                              0.750000    0.804986   -0.054986 (VIOLATED)
fanout699/X                             0.750000    0.804986   -0.054986 (VIOLATED)
_13628_/A                               0.750000    0.804909   -0.054909 (VIOLATED)
_14237_/B                               0.750000    0.804903   -0.054903 (VIOLATED)
_14144_/A                               0.750000    0.804896   -0.054896 (VIOLATED)
_14140_/A2                              0.750000    0.804891   -0.054891 (VIOLATED)
_09459_/A                               0.750000    0.804603   -0.054603 (VIOLATED)
_14606_/B1_N                            0.750000    0.804603   -0.054603 (VIOLATED)
_14613_/B                               0.750000    0.804603   -0.054603 (VIOLATED)
_14624_/B1                              0.750000    0.804603   -0.054603 (VIOLATED)
_14679_/B1                              0.750000    0.804603   -0.054603 (VIOLATED)
_14685_/C1                              0.750000    0.804603   -0.054603 (VIOLATED)
_14829_/A1                              0.750000    0.804603   -0.054603 (VIOLATED)
_15070_/A3                              0.750000    0.804603   -0.054603 (VIOLATED)
_15075_/A1                              0.750000    0.804603   -0.054603 (VIOLATED)
_15087_/A1                              0.750000    0.804603   -0.054603 (VIOLATED)
fanout1555/X                            0.750000    0.804603   -0.054603 (VIOLATED)
_18168_/X                               0.750000    0.804520   -0.054520 (VIOLATED)
_09625_/A                               0.750000    0.804502   -0.054502 (VIOLATED)
_09629_/B                               0.750000    0.804502   -0.054502 (VIOLATED)
_09635_/B                               0.750000    0.804502   -0.054502 (VIOLATED)
_09636_/B                               0.750000    0.804502   -0.054502 (VIOLATED)
_09645_/A_N                             0.750000    0.804502   -0.054502 (VIOLATED)
_09646_/B                               0.750000    0.804502   -0.054502 (VIOLATED)
_09650_/B                               0.750000    0.804502   -0.054502 (VIOLATED)
_09651_/B                               0.750000    0.804502   -0.054502 (VIOLATED)
_09663_/A1                              0.750000    0.804502   -0.054502 (VIOLATED)
_09719_/B                               0.750000    0.804502   -0.054502 (VIOLATED)
fanout1675/X                            0.750000    0.804502   -0.054502 (VIOLATED)
_09562_/B1                              0.750000    0.804230   -0.054230 (VIOLATED)
_09610_/A2                              0.750000    0.804227   -0.054227 (VIOLATED)
_09569_/B1                              0.750000    0.804226   -0.054227 (VIOLATED)
_09537_/Y                               0.750000    0.804194   -0.054194 (VIOLATED)
max_cap226/A                            0.750000    0.804194   -0.054194 (VIOLATED)
_13601_/X                               0.750000    0.804149   -0.054149 (VIOLATED)
ANTENNA_143/DIODE                       0.750000    0.803816   -0.053816 (VIOLATED)
_17670_/A1                              0.750000    0.803816   -0.053816 (VIOLATED)
ANTENNA_142/DIODE                       0.750000    0.803816   -0.053816 (VIOLATED)
ANTENNA_144/DIODE                       0.750000    0.803816   -0.053816 (VIOLATED)
_17669_/X                               0.750000    0.803592   -0.053592 (VIOLATED)
_13451_/A1                              0.750000    0.803549   -0.053549 (VIOLATED)
_13287_/A1                              0.750000    0.803548   -0.053548 (VIOLATED)
_13186_/A1                              0.750000    0.803547   -0.053547 (VIOLATED)
_13207_/C1                              0.750000    0.803547   -0.053547 (VIOLATED)
_13289_/C1                              0.750000    0.803547   -0.053547 (VIOLATED)
_13293_/A1                              0.750000    0.803547   -0.053547 (VIOLATED)
_13436_/A1                              0.750000    0.803547   -0.053547 (VIOLATED)
_13677_/C1                              0.750000    0.803547   -0.053547 (VIOLATED)
_13691_/A1                              0.750000    0.803547   -0.053547 (VIOLATED)
_13696_/C1                              0.750000    0.803547   -0.053547 (VIOLATED)
fanout750/X                             0.750000    0.803547   -0.053547 (VIOLATED)
_10382_/A2                              0.750000    0.803216   -0.053216 (VIOLATED)
_10595_/A2                              0.750000    0.803216   -0.053216 (VIOLATED)
_11060_/A2                              0.750000    0.803215   -0.053215 (VIOLATED)
_11064_/B1                              0.750000    0.803214   -0.053214 (VIOLATED)
_15499_/B1                              0.750000    0.803213   -0.053213 (VIOLATED)
_15521_/C1                              0.750000    0.803213   -0.053213 (VIOLATED)
_14925_/C1                              0.750000    0.803213   -0.053213 (VIOLATED)
_15046_/B1                              0.750000    0.803213   -0.053213 (VIOLATED)
_15048_/A1                              0.750000    0.803213   -0.053213 (VIOLATED)
_17766_/A0                              0.750000    0.803213   -0.053213 (VIOLATED)
fanout1300/A                            0.750000    0.803213   -0.053213 (VIOLATED)
fanout1301/A                            0.750000    0.803213   -0.053213 (VIOLATED)
fanout1302/X                            0.750000    0.803213   -0.053213 (VIOLATED)
_14675_/C1                              0.750000    0.803129   -0.053129 (VIOLATED)
_15603_/C1                              0.750000    0.803129   -0.053129 (VIOLATED)
_15674_/C1                              0.750000    0.803128   -0.053128 (VIOLATED)
_14673_/B1                              0.750000    0.803127   -0.053127 (VIOLATED)
_15470_/C1                              0.750000    0.803127   -0.053127 (VIOLATED)
_14711_/B1                              0.750000    0.803127   -0.053127 (VIOLATED)
_14712_/C1                              0.750000    0.803127   -0.053127 (VIOLATED)
_14838_/B1                              0.750000    0.803127   -0.053127 (VIOLATED)
_14849_/C1                              0.750000    0.803127   -0.053127 (VIOLATED)
_15474_/C1                              0.750000    0.803127   -0.053127 (VIOLATED)
fanout1537/X                            0.750000    0.803127   -0.053127 (VIOLATED)
_18161_/A2                              0.750000    0.803062   -0.053063 (VIOLATED)
_18175_/A2                              0.750000    0.803062   -0.053063 (VIOLATED)
_18183_/A2                              0.750000    0.803062   -0.053063 (VIOLATED)
_18199_/A2                              0.750000    0.803062   -0.053063 (VIOLATED)
_18207_/A2                              0.750000    0.803062   -0.053063 (VIOLATED)
_18215_/A2                              0.750000    0.803062   -0.053063 (VIOLATED)
_18223_/A2                              0.750000    0.803062   -0.053063 (VIOLATED)
_18231_/A2                              0.750000    0.803062   -0.053063 (VIOLATED)
_18239_/A2                              0.750000    0.803062   -0.053063 (VIOLATED)
_18289_/A2                              0.750000    0.803062   -0.053063 (VIOLATED)
fanout214/X                             0.750000    0.803062   -0.053063 (VIOLATED)
_10358_/Y                               0.750000    0.802995   -0.052995 (VIOLATED)
_10597_/B1                              0.750000    0.802995   -0.052995 (VIOLATED)
_10884_/A1_N                            0.750000    0.802995   -0.052995 (VIOLATED)
_11333_/A2                              0.750000    0.802995   -0.052995 (VIOLATED)
_14373_/A_N                             0.750000    0.802630   -0.052630 (VIOLATED)
_14383_/B                               0.750000    0.802630   -0.052630 (VIOLATED)
_14385_/A                               0.750000    0.802630   -0.052630 (VIOLATED)
_14394_/A_N                             0.750000    0.802630   -0.052630 (VIOLATED)
_14397_/C                               0.750000    0.802630   -0.052630 (VIOLATED)
_14405_/A                               0.750000    0.802630   -0.052630 (VIOLATED)
_14417_/A                               0.750000    0.802630   -0.052630 (VIOLATED)
_14433_/A1                              0.750000    0.802630   -0.052630 (VIOLATED)
_14439_/A1                              0.750000    0.802630   -0.052630 (VIOLATED)
_14459_/A_N                             0.750000    0.802630   -0.052630 (VIOLATED)
fanout1344/X                            0.750000    0.802630   -0.052630 (VIOLATED)
ANTENNA_1/DIODE                         0.750000    0.802530   -0.052530 (VIOLATED)
ANTENNA_2/DIODE                         0.750000    0.802530   -0.052530 (VIOLATED)
ANTENNA_3/DIODE                         0.750000    0.802530   -0.052530 (VIOLATED)
ANTENNA_4/DIODE                         0.750000    0.802530   -0.052530 (VIOLATED)
_17747_/X                               0.750000    0.802530   -0.052530 (VIOLATED)
_17748_/A1                              0.750000    0.802530   -0.052530 (VIOLATED)
_09386_/A                               0.750000    0.802103   -0.052103 (VIOLATED)
_10714_/B1                              0.750000    0.802103   -0.052103 (VIOLATED)
_10719_/D                               0.750000    0.802103   -0.052103 (VIOLATED)
_10735_/A1                              0.750000    0.802103   -0.052103 (VIOLATED)
_10741_/B1                              0.750000    0.802103   -0.052103 (VIOLATED)
_11253_/C1                              0.750000    0.802103   -0.052103 (VIOLATED)
_11267_/C1                              0.750000    0.802103   -0.052103 (VIOLATED)
_11274_/A1                              0.750000    0.802103   -0.052103 (VIOLATED)
_17709_/A0                              0.750000    0.802103   -0.052103 (VIOLATED)
fanout1406/A                            0.750000    0.802103   -0.052103 (VIOLATED)
fanout1407/X                            0.750000    0.802103   -0.052103 (VIOLATED)
_11085_/A1                              0.750000    0.802055   -0.052055 (VIOLATED)
_09995_/B                               0.750000    0.802055   -0.052055 (VIOLATED)
max_cap533/A                            0.750000    0.802054   -0.052054 (VIOLATED)
_09907_/C                               0.750000    0.802053   -0.052053 (VIOLATED)
_10923_/A2                              0.750000    0.802052   -0.052052 (VIOLATED)
_09905_/Y                               0.750000    0.802050   -0.052050 (VIOLATED)
_09988_/C                               0.750000    0.802050   -0.052050 (VIOLATED)
_18163_/A2                              0.750000    0.801772   -0.051772 (VIOLATED)
_18184_/A2                              0.750000    0.801772   -0.051772 (VIOLATED)
_18192_/A2                              0.750000    0.801772   -0.051772 (VIOLATED)
_18286_/A2                              0.750000    0.801772   -0.051772 (VIOLATED)
_18292_/A2                              0.750000    0.801772   -0.051772 (VIOLATED)
_18293_/A2                              0.750000    0.801772   -0.051772 (VIOLATED)
fanout217/A                             0.750000    0.801772   -0.051772 (VIOLATED)
fanout219/X                             0.750000    0.801772   -0.051772 (VIOLATED)
_17646_/A1                              0.750000    0.801564   -0.051564 (VIOLATED)
_17645_/X                               0.750000    0.801539   -0.051539 (VIOLATED)
_12863_/B                               0.750000    0.800497   -0.050497 (VIOLATED)
_12864_/A                               0.750000    0.800497   -0.050497 (VIOLATED)
_12866_/A                               0.750000    0.800497   -0.050497 (VIOLATED)
_12875_/B                               0.750000    0.800497   -0.050497 (VIOLATED)
_12901_/B                               0.750000    0.800497   -0.050497 (VIOLATED)
_12904_/B                               0.750000    0.800497   -0.050497 (VIOLATED)
_12923_/B2                              0.750000    0.800497   -0.050497 (VIOLATED)
_13313_/C1                              0.750000    0.800497   -0.050497 (VIOLATED)
_13699_/A1                              0.750000    0.800497   -0.050497 (VIOLATED)
_13875_/B                               0.750000    0.800497   -0.050497 (VIOLATED)
fanout1754/X                            0.750000    0.800497   -0.050497 (VIOLATED)
_17485_/A1                              0.750000    0.800432   -0.050432 (VIOLATED)
ANTENNA_83/DIODE                        0.750000    0.800432   -0.050432 (VIOLATED)
_18561_/B1                              0.750000    0.800392   -0.050392 (VIOLATED)
_18545_/B1                              0.750000    0.800391   -0.050391 (VIOLATED)
_18577_/B1                              0.750000    0.800391   -0.050391 (VIOLATED)
_18609_/B1                              0.750000    0.800391   -0.050391 (VIOLATED)
_18625_/B1                              0.750000    0.800391   -0.050391 (VIOLATED)
fanout357/A                             0.750000    0.800391   -0.050391 (VIOLATED)
fanout358/X                             0.750000    0.800391   -0.050391 (VIOLATED)
_17484_/X                               0.750000    0.800289   -0.050289 (VIOLATED)
_12841_/B                               0.750000    0.799493   -0.049493 (VIOLATED)
_12844_/B                               0.750000    0.799493   -0.049493 (VIOLATED)
_12846_/A_N                             0.750000    0.799493   -0.049493 (VIOLATED)
_12849_/B                               0.750000    0.799493   -0.049493 (VIOLATED)
_12855_/A_N                             0.750000    0.799493   -0.049493 (VIOLATED)
_12857_/A                               0.750000    0.799493   -0.049493 (VIOLATED)
_12861_/B                               0.750000    0.799493   -0.049493 (VIOLATED)
_12863_/A                               0.750000    0.799493   -0.049493 (VIOLATED)
_12877_/A_N                             0.750000    0.799493   -0.049493 (VIOLATED)
_12889_/B                               0.750000    0.799493   -0.049493 (VIOLATED)
fanout1771/X                            0.750000    0.799493   -0.049493 (VIOLATED)
_16496_/A1                              0.750000    0.799158   -0.049158 (VIOLATED)
_16996_/A1                              0.750000    0.799158   -0.049158 (VIOLATED)
_17069_/A                               0.750000    0.799158   -0.049158 (VIOLATED)
fanout1593/A                            0.750000    0.799158   -0.049158 (VIOLATED)
fanout1595/A                            0.750000    0.799158   -0.049158 (VIOLATED)
fanout1597/A                            0.750000    0.799158   -0.049158 (VIOLATED)
fanout1599/X                            0.750000    0.799158   -0.049158 (VIOLATED)
_09847_/B                               0.750000    0.799055   -0.049055 (VIOLATED)
_09864_/A                               0.750000    0.799055   -0.049055 (VIOLATED)
_10583_/B                               0.750000    0.799055   -0.049055 (VIOLATED)
_10594_/A1                              0.750000    0.799055   -0.049055 (VIOLATED)
_10791_/A2                              0.750000    0.799055   -0.049055 (VIOLATED)
_10803_/A2                              0.750000    0.799055   -0.049055 (VIOLATED)
_10890_/B1                              0.750000    0.799055   -0.049055 (VIOLATED)
_11040_/B2                              0.750000    0.799055   -0.049055 (VIOLATED)
fanout1178/A                            0.750000    0.799055   -0.049055 (VIOLATED)
fanout1180/A                            0.750000    0.799055   -0.049055 (VIOLATED)
fanout1182/X                            0.750000    0.799055   -0.049055 (VIOLATED)
_18315_/B1                              0.750000    0.798723   -0.048723 (VIOLATED)
_18323_/B1                              0.750000    0.798723   -0.048723 (VIOLATED)
_18347_/B1                              0.750000    0.798723   -0.048723 (VIOLATED)
_18371_/B1                              0.750000    0.798723   -0.048723 (VIOLATED)
_18422_/A2                              0.750000    0.798723   -0.048723 (VIOLATED)
_18439_/B1                              0.750000    0.798723   -0.048723 (VIOLATED)
fanout248/A                             0.750000    0.798723   -0.048723 (VIOLATED)
fanout249/X                             0.750000    0.798723   -0.048723 (VIOLATED)
_09681_/A                               0.750000    0.797966   -0.047966 (VIOLATED)
_09701_/A1                              0.750000    0.797966   -0.047966 (VIOLATED)
_09705_/A_N                             0.750000    0.797966   -0.047966 (VIOLATED)
_09731_/B1                              0.750000    0.797966   -0.047966 (VIOLATED)
_09734_/A1                              0.750000    0.797966   -0.047966 (VIOLATED)
_09738_/C                               0.750000    0.797966   -0.047966 (VIOLATED)
_09747_/B1                              0.750000    0.797966   -0.047966 (VIOLATED)
_11026_/A                               0.750000    0.797966   -0.047966 (VIOLATED)
_11027_/A1                              0.750000    0.797966   -0.047966 (VIOLATED)
fanout1648/A                            0.750000    0.797966   -0.047966 (VIOLATED)
fanout1650/X                            0.750000    0.797966   -0.047966 (VIOLATED)
_09626_/B                               0.750000    0.797634   -0.047634 (VIOLATED)
_09628_/A                               0.750000    0.797634   -0.047634 (VIOLATED)
_09640_/A1                              0.750000    0.797634   -0.047634 (VIOLATED)
_09659_/A                               0.750000    0.797634   -0.047634 (VIOLATED)
_09700_/A1                              0.750000    0.797634   -0.047634 (VIOLATED)
_10864_/A                               0.750000    0.797634   -0.047634 (VIOLATED)
_11008_/A1                              0.750000    0.797634   -0.047634 (VIOLATED)
_11010_/A1                              0.750000    0.797634   -0.047634 (VIOLATED)
_11015_/A1                              0.750000    0.797634   -0.047634 (VIOLATED)
fanout1662/A                            0.750000    0.797634   -0.047634 (VIOLATED)
fanout1663/X                            0.750000    0.797634   -0.047634 (VIOLATED)
_09935_/A1                              0.750000    0.797297   -0.047297 (VIOLATED)
_09984_/C1                              0.750000    0.797297   -0.047297 (VIOLATED)
_09993_/B1                              0.750000    0.797297   -0.047297 (VIOLATED)
_10013_/A                               0.750000    0.797297   -0.047297 (VIOLATED)
_10019_/A1                              0.750000    0.797297   -0.047297 (VIOLATED)
_10533_/B1                              0.750000    0.797297   -0.047297 (VIOLATED)
_10767_/A1                              0.750000    0.797297   -0.047297 (VIOLATED)
_10935_/A                               0.750000    0.797297   -0.047297 (VIOLATED)
_11088_/B2                              0.750000    0.797297   -0.047297 (VIOLATED)
fanout1689/A                            0.750000    0.797297   -0.047297 (VIOLATED)
fanout1690/X                            0.750000    0.797297   -0.047297 (VIOLATED)
_14458_/C1                              0.750000    0.796760   -0.046760 (VIOLATED)
_14480_/B1                              0.750000    0.796760   -0.046760 (VIOLATED)
_14755_/B1                              0.750000    0.796760   -0.046760 (VIOLATED)
_14928_/A1                              0.750000    0.796760   -0.046760 (VIOLATED)
_15018_/B1                              0.750000    0.796760   -0.046760 (VIOLATED)
_15019_/A                               0.750000    0.796760   -0.046760 (VIOLATED)
_15504_/C1                              0.750000    0.796760   -0.046760 (VIOLATED)
_15572_/B                               0.750000    0.796760   -0.046760 (VIOLATED)
_15581_/S                               0.750000    0.796760   -0.046760 (VIOLATED)
_15584_/A1                              0.750000    0.796760   -0.046760 (VIOLATED)
fanout707/X                             0.750000    0.796760   -0.046760 (VIOLATED)
_11890_/A                               0.750000    0.796684   -0.046684 (VIOLATED)
_11931_/A1                              0.750000    0.796684   -0.046684 (VIOLATED)
_11961_/A1                              0.750000    0.796684   -0.046684 (VIOLATED)
_11963_/A                               0.750000    0.796684   -0.046684 (VIOLATED)
_12025_/A1                              0.750000    0.796684   -0.046684 (VIOLATED)
_12202_/A1                              0.750000    0.796684   -0.046684 (VIOLATED)
fanout1053/A                            0.750000    0.796684   -0.046684 (VIOLATED)
fanout1054/X                            0.750000    0.796684   -0.046684 (VIOLATED)
_18393_/B1                              0.750000    0.796613   -0.046613 (VIOLATED)
_18401_/B1                              0.750000    0.796613   -0.046613 (VIOLATED)
_18408_/B1                              0.750000    0.796613   -0.046613 (VIOLATED)
fanout246/A                             0.750000    0.796613   -0.046613 (VIOLATED)
fanout252/A                             0.750000    0.796613   -0.046613 (VIOLATED)
fanout253/X                             0.750000    0.796613   -0.046613 (VIOLATED)
_14488_/A_N                             0.750000    0.796071   -0.046071 (VIOLATED)
_14489_/B                               0.750000    0.796071   -0.046071 (VIOLATED)
_14490_/B                               0.750000    0.796071   -0.046071 (VIOLATED)
_14491_/B                               0.750000    0.796071   -0.046071 (VIOLATED)
_14493_/A_N                             0.750000    0.796071   -0.046071 (VIOLATED)
_14497_/A1                              0.750000    0.796071   -0.046071 (VIOLATED)
_14500_/B                               0.750000    0.796071   -0.046071 (VIOLATED)
_14576_/A1                              0.750000    0.796071   -0.046071 (VIOLATED)
_15443_/B2                              0.750000    0.796071   -0.046071 (VIOLATED)
fanout1811/A                            0.750000    0.796071   -0.046071 (VIOLATED)
fanout1812/X                            0.750000    0.796071   -0.046071 (VIOLATED)
_13052_/A1                              0.750000    0.796069   -0.046069 (VIOLATED)
_13347_/A1                              0.750000    0.796069   -0.046069 (VIOLATED)
_13352_/C1                              0.750000    0.796069   -0.046069 (VIOLATED)
_13355_/B1                              0.750000    0.796069   -0.046069 (VIOLATED)
_13368_/C1                              0.750000    0.796069   -0.046069 (VIOLATED)
_13524_/C1                              0.750000    0.796069   -0.046069 (VIOLATED)
_13735_/A1                              0.750000    0.796069   -0.046069 (VIOLATED)
_13752_/C1                              0.750000    0.796069   -0.046069 (VIOLATED)
_13889_/C1                              0.750000    0.796069   -0.046069 (VIOLATED)
_17814_/A0                              0.750000    0.796069   -0.046069 (VIOLATED)
fanout1219/X                            0.750000    0.796069   -0.046069 (VIOLATED)
_12612_/A                               0.750000    0.795799   -0.045799 (VIOLATED)
_12578_/X                               0.750000    0.795739   -0.045739 (VIOLATED)
_18172_/Y                               0.750000    0.795679   -0.045679 (VIOLATED)
fanout264/A                             0.750000    0.795679   -0.045679 (VIOLATED)
fanout269/A                             0.750000    0.795679   -0.045679 (VIOLATED)
fanout275/A                             0.750000    0.795679   -0.045679 (VIOLATED)
_18299_/B1                              0.750000    0.795040   -0.045040 (VIOLATED)
_18297_/B1                              0.750000    0.795040   -0.045040 (VIOLATED)
_18298_/B1                              0.750000    0.795040   -0.045040 (VIOLATED)
_18295_/B1                              0.750000    0.795038   -0.045038 (VIOLATED)
_18247_/B1                              0.750000    0.795033   -0.045033 (VIOLATED)
_18255_/B1                              0.750000    0.795033   -0.045033 (VIOLATED)
_18263_/B1                              0.750000    0.795033   -0.045033 (VIOLATED)
_18274_/A2                              0.750000    0.795033   -0.045033 (VIOLATED)
fanout272/X                             0.750000    0.795033   -0.045033 (VIOLATED)
_12806_/C1                              0.750000    0.795023   -0.045023 (VIOLATED)
_12808_/A1                              0.750000    0.795023   -0.045023 (VIOLATED)
_12823_/C1                              0.750000    0.795023   -0.045023 (VIOLATED)
_12830_/B1                              0.750000    0.795023   -0.045023 (VIOLATED)
_13245_/A                               0.750000    0.795023   -0.045023 (VIOLATED)
_13802_/C1                              0.750000    0.795023   -0.045023 (VIOLATED)
_13804_/A1                              0.750000    0.795023   -0.045023 (VIOLATED)
_13806_/A1                              0.750000    0.795023   -0.045023 (VIOLATED)
_13817_/B1                              0.750000    0.795023   -0.045023 (VIOLATED)
_13936_/B2                              0.750000    0.795023   -0.045023 (VIOLATED)
fanout752/X                             0.750000    0.795023   -0.045023 (VIOLATED)
_10135_/A2                              0.750000    0.794794   -0.044794 (VIOLATED)
_10116_/A                               0.750000    0.794794   -0.044794 (VIOLATED)
_10955_/A3                              0.750000    0.794794   -0.044794 (VIOLATED)
_11128_/D                               0.750000    0.794794   -0.044794 (VIOLATED)
_10065_/Y                               0.750000    0.794793   -0.044793 (VIOLATED)
_10082_/A3                              0.750000    0.794793   -0.044793 (VIOLATED)
_10121_/B                               0.750000    0.794793   -0.044793 (VIOLATED)
_10318_/A2                              0.750000    0.794793   -0.044793 (VIOLATED)
_10718_/B                               0.750000    0.794793   -0.044793 (VIOLATED)
_11787_/B                               0.750000    0.794656   -0.044656 (VIOLATED)
_12868_/A1                              0.750000    0.794560   -0.044560 (VIOLATED)
_13308_/A                               0.750000    0.794560   -0.044560 (VIOLATED)
_13318_/B2                              0.750000    0.794560   -0.044560 (VIOLATED)
_13326_/C1                              0.750000    0.794560   -0.044560 (VIOLATED)
_13660_/S0                              0.750000    0.794560   -0.044560 (VIOLATED)
_13699_/C1                              0.750000    0.794560   -0.044560 (VIOLATED)
_13855_/B1                              0.750000    0.794560   -0.044560 (VIOLATED)
_13860_/A1                              0.750000    0.794560   -0.044560 (VIOLATED)
_13862_/C1                              0.750000    0.794560   -0.044560 (VIOLATED)
_13971_/A                               0.750000    0.794560   -0.044560 (VIOLATED)
fanout739/X                             0.750000    0.794560   -0.044560 (VIOLATED)
_11786_/X                               0.750000    0.794433   -0.044433 (VIOLATED)
_13075_/B1_N                            0.750000    0.794167   -0.044167 (VIOLATED)
_13079_/A                               0.750000    0.794167   -0.044167 (VIOLATED)
_13178_/B1                              0.750000    0.794167   -0.044167 (VIOLATED)
_13189_/A                               0.750000    0.794167   -0.044167 (VIOLATED)
_13283_/C1                              0.750000    0.794167   -0.044167 (VIOLATED)
_13423_/A                               0.750000    0.794167   -0.044167 (VIOLATED)
_13424_/A1                              0.750000    0.794167   -0.044167 (VIOLATED)
_13439_/A1                              0.750000    0.794167   -0.044167 (VIOLATED)
_13441_/A1                              0.750000    0.794167   -0.044167 (VIOLATED)
_13444_/A1                              0.750000    0.794167   -0.044167 (VIOLATED)
fanout1510/X                            0.750000    0.794167   -0.044167 (VIOLATED)
_11476_/A                               0.750000    0.794152   -0.044152 (VIOLATED)
_11545_/A                               0.750000    0.794152   -0.044152 (VIOLATED)
fanout1094/A                            0.750000    0.794152   -0.044152 (VIOLATED)
fanout1095/A                            0.750000    0.794152   -0.044152 (VIOLATED)
fanout1097/A                            0.750000    0.794152   -0.044152 (VIOLATED)
fanout1098/X                            0.750000    0.794152   -0.044152 (VIOLATED)
_09839_/B1                              0.750000    0.794004   -0.044004 (VIOLATED)
_09855_/C1                              0.750000    0.794004   -0.044004 (VIOLATED)
_10569_/B1                              0.750000    0.794004   -0.044004 (VIOLATED)
_10588_/B1                              0.750000    0.794004   -0.044004 (VIOLATED)
_10590_/A                               0.750000    0.794004   -0.044004 (VIOLATED)
_11045_/A1                              0.750000    0.794004   -0.044004 (VIOLATED)
_11060_/C1                              0.750000    0.794004   -0.044004 (VIOLATED)
_11063_/B1                              0.750000    0.794004   -0.044004 (VIOLATED)
_11065_/A                               0.750000    0.794004   -0.044004 (VIOLATED)
fanout1167/A                            0.750000    0.794004   -0.044004 (VIOLATED)
fanout1168/X                            0.750000    0.794004   -0.044004 (VIOLATED)
_17829_/A1                              0.750000    0.793838   -0.043838 (VIOLATED)
_17828_/X                               0.750000    0.793800   -0.043800 (VIOLATED)
wire144/A                               0.750000    0.793614   -0.043615 (VIOLATED)
_10812_/Y                               0.750000    0.793605   -0.043605 (VIOLATED)
_13467_/B1                              0.750000    0.793218   -0.043218 (VIOLATED)
_13468_/A                               0.750000    0.793218   -0.043218 (VIOLATED)
_13477_/B1                              0.750000    0.793218   -0.043218 (VIOLATED)
_13715_/B1                              0.750000    0.793218   -0.043218 (VIOLATED)
_13716_/B2                              0.750000    0.793218   -0.043218 (VIOLATED)
_13722_/C1                              0.750000    0.793218   -0.043218 (VIOLATED)
_13954_/B1                              0.750000    0.793218   -0.043218 (VIOLATED)
_14083_/A1                              0.750000    0.793218   -0.043218 (VIOLATED)
_14089_/C1                              0.750000    0.793218   -0.043218 (VIOLATED)
_14097_/A1                              0.750000    0.793218   -0.043218 (VIOLATED)
fanout737/X                             0.750000    0.793218   -0.043218 (VIOLATED)
_17724_/B1                              0.750000    0.792057   -0.042057 (VIOLATED)
_17734_/B1                              0.750000    0.792057   -0.042057 (VIOLATED)
_17751_/B1                              0.750000    0.792057   -0.042057 (VIOLATED)
_17762_/B1                              0.750000    0.792057   -0.042057 (VIOLATED)
_17947_/B1                              0.750000    0.792057   -0.042057 (VIOLATED)
_17980_/A1                              0.750000    0.792057   -0.042057 (VIOLATED)
_17996_/B1                              0.750000    0.792057   -0.042057 (VIOLATED)
_18007_/A1                              0.750000    0.792057   -0.042057 (VIOLATED)
_18012_/A1                              0.750000    0.792057   -0.042057 (VIOLATED)
_18039_/A1                              0.750000    0.792057   -0.042057 (VIOLATED)
fanout879/X                             0.750000    0.792057   -0.042057 (VIOLATED)
_12372_/A1                              0.750000    0.791666   -0.041666 (VIOLATED)
_12413_/A1                              0.750000    0.791666   -0.041666 (VIOLATED)
_12419_/C1                              0.750000    0.791666   -0.041666 (VIOLATED)
_12504_/B1                              0.750000    0.791666   -0.041666 (VIOLATED)
_12512_/A1                              0.750000    0.791666   -0.041666 (VIOLATED)
_12519_/A                               0.750000    0.791666   -0.041666 (VIOLATED)
_12520_/A1                              0.750000    0.791666   -0.041666 (VIOLATED)
_12528_/B1                              0.750000    0.791666   -0.041666 (VIOLATED)
_12564_/C1                              0.750000    0.791666   -0.041666 (VIOLATED)
_12567_/C1                              0.750000    0.791666   -0.041666 (VIOLATED)
fanout966/X                             0.750000    0.791666   -0.041666 (VIOLATED)
_10147_/S                               0.750000    0.791648   -0.041648 (VIOLATED)
_11418_/S                               0.750000    0.791648   -0.041648 (VIOLATED)
_17378_/S                               0.750000    0.791648   -0.041648 (VIOLATED)
_17385_/S                               0.750000    0.791648   -0.041648 (VIOLATED)
_17390_/S                               0.750000    0.791648   -0.041648 (VIOLATED)
_17405_/S                               0.750000    0.791648   -0.041648 (VIOLATED)
_17427_/S                               0.750000    0.791648   -0.041648 (VIOLATED)
fanout581/A                             0.750000    0.791648   -0.041648 (VIOLATED)
fanout583/X                             0.750000    0.791648   -0.041648 (VIOLATED)
_18283_/B                               0.750000    0.791632   -0.041632 (VIOLATED)
_18409_/B                               0.750000    0.791632   -0.041632 (VIOLATED)
_18423_/B                               0.750000    0.791632   -0.041632 (VIOLATED)
_18650_/B                               0.750000    0.791632   -0.041632 (VIOLATED)
_18672_/B                               0.750000    0.791632   -0.041632 (VIOLATED)
_18682_/B                               0.750000    0.791632   -0.041632 (VIOLATED)
fanout1896/A                            0.750000    0.791632   -0.041632 (VIOLATED)
fanout1898/X                            0.750000    0.791632   -0.041632 (VIOLATED)
_14501_/B                               0.750000    0.791351   -0.041352 (VIOLATED)
_14509_/B                               0.750000    0.791351   -0.041352 (VIOLATED)
_14514_/A_N                             0.750000    0.791351   -0.041352 (VIOLATED)
_14540_/B                               0.750000    0.791351   -0.041352 (VIOLATED)
_14553_/B                               0.750000    0.791351   -0.041352 (VIOLATED)
_14554_/D_N                             0.750000    0.791351   -0.041352 (VIOLATED)
_14871_/C                               0.750000    0.791351   -0.041352 (VIOLATED)
_14888_/A                               0.750000    0.791351   -0.041352 (VIOLATED)
_15104_/A                               0.750000    0.791351   -0.041352 (VIOLATED)
_15641_/A1                              0.750000    0.791351   -0.041352 (VIOLATED)
fanout1809/X                            0.750000    0.791351   -0.041352 (VIOLATED)
_16279_/B1                              0.750000    0.791049   -0.041049 (VIOLATED)
_16831_/A                               0.750000    0.791049   -0.041049 (VIOLATED)
_16834_/C1                              0.750000    0.791049   -0.041049 (VIOLATED)
_16920_/B1                              0.750000    0.791049   -0.041049 (VIOLATED)
_16932_/C1                              0.750000    0.791049   -0.041049 (VIOLATED)
_17236_/C1                              0.750000    0.791049   -0.041049 (VIOLATED)
_17278_/B1                              0.750000    0.791049   -0.041049 (VIOLATED)
_17283_/B1                              0.750000    0.791049   -0.041049 (VIOLATED)
fanout1365/A                            0.750000    0.791049   -0.041049 (VIOLATED)
fanout1367/X                            0.750000    0.791049   -0.041049 (VIOLATED)
_18489_/A1_N                            0.750000    0.790866   -0.040866 (VIOLATED)
_18681_/A1_N                            0.750000    0.790865   -0.040865 (VIOLATED)
_18497_/A1_N                            0.750000    0.790865   -0.040865 (VIOLATED)
_18457_/A1_N                            0.750000    0.790864   -0.040864 (VIOLATED)
_18473_/A1_N                            0.750000    0.790864   -0.040864 (VIOLATED)
_18481_/A1_N                            0.750000    0.790864   -0.040864 (VIOLATED)
_18635_/A1_N                            0.750000    0.790864   -0.040864 (VIOLATED)
fanout871/A                             0.750000    0.790864   -0.040864 (VIOLATED)
fanout872/X                             0.750000    0.790864   -0.040864 (VIOLATED)
_18044_/A1                              0.750000    0.790763   -0.040763 (VIOLATED)
_18061_/A1                              0.750000    0.790763   -0.040763 (VIOLATED)
_18065_/A1                              0.750000    0.790763   -0.040763 (VIOLATED)
_18077_/A1                              0.750000    0.790763   -0.040763 (VIOLATED)
fanout879/A                             0.750000    0.790763   -0.040763 (VIOLATED)
fanout880/A                             0.750000    0.790763   -0.040763 (VIOLATED)
fanout881/X                             0.750000    0.790763   -0.040763 (VIOLATED)
_18193_/A2                              0.750000    0.790310   -0.040310 (VIOLATED)
_18198_/A2                              0.750000    0.790310   -0.040310 (VIOLATED)
_18201_/A2                              0.750000    0.790310   -0.040310 (VIOLATED)
_18206_/A2                              0.750000    0.790310   -0.040310 (VIOLATED)
_18227_/A2                              0.750000    0.790310   -0.040310 (VIOLATED)
_18235_/A2                              0.750000    0.790310   -0.040310 (VIOLATED)
_18243_/A2                              0.750000    0.790310   -0.040310 (VIOLATED)
_18251_/A2                              0.750000    0.790310   -0.040310 (VIOLATED)
_18259_/A2                              0.750000    0.790310   -0.040310 (VIOLATED)
_18267_/A2                              0.750000    0.790310   -0.040310 (VIOLATED)
fanout204/X                             0.750000    0.790310   -0.040310 (VIOLATED)
_18661_/B1                              0.750000    0.789660   -0.039660 (VIOLATED)
_18677_/B1                              0.750000    0.789660   -0.039660 (VIOLATED)
_18447_/B1                              0.750000    0.789660   -0.039660 (VIOLATED)
_18451_/B1                              0.750000    0.789660   -0.039660 (VIOLATED)
_18453_/B1                              0.750000    0.789660   -0.039660 (VIOLATED)
_18455_/B1                              0.750000    0.789660   -0.039660 (VIOLATED)
_18655_/B1                              0.750000    0.789660   -0.039660 (VIOLATED)
_18659_/B1                              0.750000    0.789660   -0.039660 (VIOLATED)
_18695_/B1                              0.750000    0.789660   -0.039660 (VIOLATED)
fanout367/A                             0.750000    0.789660   -0.039660 (VIOLATED)
fanout368/X                             0.750000    0.789660   -0.039660 (VIOLATED)
_16273_/B                               0.750000    0.789246   -0.039246 (VIOLATED)
_16291_/A                               0.750000    0.789246   -0.039246 (VIOLATED)
_16292_/B                               0.750000    0.789246   -0.039246 (VIOLATED)
_16293_/B                               0.750000    0.789246   -0.039246 (VIOLATED)
_16356_/A                               0.750000    0.789246   -0.039246 (VIOLATED)
_16657_/A2                              0.750000    0.789246   -0.039246 (VIOLATED)
_16819_/B1                              0.750000    0.789246   -0.039246 (VIOLATED)
_16821_/C1                              0.750000    0.789246   -0.039246 (VIOLATED)
_17274_/A1                              0.750000    0.789246   -0.039246 (VIOLATED)
fanout1375/A                            0.750000    0.789246   -0.039246 (VIOLATED)
fanout1376/X                            0.750000    0.789246   -0.039246 (VIOLATED)
_14495_/A                               0.750000    0.789164   -0.039164 (VIOLATED)
_14533_/B1                              0.750000    0.789164   -0.039164 (VIOLATED)
_14561_/A                               0.750000    0.789164   -0.039164 (VIOLATED)
_14571_/A                               0.750000    0.789164   -0.039164 (VIOLATED)
_14893_/B1                              0.750000    0.789164   -0.039164 (VIOLATED)
_15101_/B1                              0.750000    0.789164   -0.039164 (VIOLATED)
_15122_/B1                              0.750000    0.789164   -0.039164 (VIOLATED)
_15123_/A1                              0.750000    0.789164   -0.039164 (VIOLATED)
_15127_/A1                              0.750000    0.789164   -0.039164 (VIOLATED)
_15180_/C                               0.750000    0.789164   -0.039164 (VIOLATED)
fanout687/X                             0.750000    0.789164   -0.039164 (VIOLATED)
_17633_/S                               0.750000    0.788876   -0.038876 (VIOLATED)
_17681_/S                               0.750000    0.788876   -0.038876 (VIOLATED)
_17722_/C                               0.750000    0.788876   -0.038876 (VIOLATED)
_17776_/B1                              0.750000    0.788876   -0.038876 (VIOLATED)
_18038_/B1                              0.750000    0.788876   -0.038876 (VIOLATED)
_18054_/B1                              0.750000    0.788876   -0.038876 (VIOLATED)
_18058_/B1                              0.750000    0.788876   -0.038876 (VIOLATED)
_18070_/B1                              0.750000    0.788876   -0.038876 (VIOLATED)
_18138_/A                               0.750000    0.788876   -0.038876 (VIOLATED)
_18140_/B1                              0.750000    0.788876   -0.038876 (VIOLATED)
fanout286/X                             0.750000    0.788876   -0.038876 (VIOLATED)
_14478_/A2                              0.750000    0.788842   -0.038842 (VIOLATED)
_14472_/A                               0.750000    0.788842   -0.038842 (VIOLATED)
_14392_/B                               0.750000    0.788841   -0.038841 (VIOLATED)
_15021_/C                               0.750000    0.788841   -0.038841 (VIOLATED)
_14416_/C_N                             0.750000    0.788840   -0.038840 (VIOLATED)
_14376_/B                               0.750000    0.788839   -0.038839 (VIOLATED)
_14411_/A1                              0.750000    0.788837   -0.038837 (VIOLATED)
_14375_/A_N                             0.750000    0.788837   -0.038837 (VIOLATED)
_14434_/B                               0.750000    0.788837   -0.038837 (VIOLATED)
_14447_/B                               0.750000    0.788837   -0.038837 (VIOLATED)
fanout1346/X                            0.750000    0.788837   -0.038837 (VIOLATED)
_13208_/A                               0.750000    0.788836   -0.038836 (VIOLATED)
_13418_/B1                              0.750000    0.788836   -0.038836 (VIOLATED)
_13436_/C1                              0.750000    0.788836   -0.038836 (VIOLATED)
_13444_/C1                              0.750000    0.788836   -0.038836 (VIOLATED)
_13603_/A1                              0.750000    0.788836   -0.038836 (VIOLATED)
_13621_/B                               0.750000    0.788836   -0.038836 (VIOLATED)
_13674_/A                               0.750000    0.788836   -0.038836 (VIOLATED)
_13677_/A1                              0.750000    0.788836   -0.038836 (VIOLATED)
_13682_/C1                              0.750000    0.788836   -0.038836 (VIOLATED)
_13690_/C1                              0.750000    0.788836   -0.038836 (VIOLATED)
fanout742/X                             0.750000    0.788836   -0.038836 (VIOLATED)
_14502_/B                               0.750000    0.787930   -0.037930 (VIOLATED)
_14504_/B                               0.750000    0.787930   -0.037930 (VIOLATED)
_14531_/B                               0.750000    0.787930   -0.037930 (VIOLATED)
_14560_/B                               0.750000    0.787930   -0.037930 (VIOLATED)
_14565_/A                               0.750000    0.787930   -0.037930 (VIOLATED)
_14567_/A1                              0.750000    0.787930   -0.037930 (VIOLATED)
_14871_/B                               0.750000    0.787930   -0.037930 (VIOLATED)
_15114_/A1                              0.750000    0.787930   -0.037930 (VIOLATED)
_15129_/A1                              0.750000    0.787930   -0.037930 (VIOLATED)
_15702_/A1                              0.750000    0.787930   -0.037930 (VIOLATED)
fanout1814/X                            0.750000    0.787930   -0.037930 (VIOLATED)
_12319_/Y                               0.750000    0.787587   -0.037587 (VIOLATED)
_12347_/C                               0.750000    0.787587   -0.037587 (VIOLATED)
_12435_/A2                              0.750000    0.787587   -0.037587 (VIOLATED)
_12472_/A1                              0.750000    0.787587   -0.037587 (VIOLATED)
_12552_/A2                              0.750000    0.787587   -0.037587 (VIOLATED)
_12594_/B                               0.750000    0.787587   -0.037587 (VIOLATED)
_11555_/B1                              0.750000    0.787211   -0.037211 (VIOLATED)
_11576_/S1                              0.750000    0.787211   -0.037211 (VIOLATED)
_11624_/C1                              0.750000    0.787211   -0.037211 (VIOLATED)
_11692_/A1                              0.750000    0.787211   -0.037211 (VIOLATED)
_11696_/C1                              0.750000    0.787211   -0.037211 (VIOLATED)
_11699_/A1                              0.750000    0.787211   -0.037211 (VIOLATED)
_11700_/A1                              0.750000    0.787211   -0.037211 (VIOLATED)
_11739_/A                               0.750000    0.787211   -0.037211 (VIOLATED)
_11744_/C1                              0.750000    0.787211   -0.037211 (VIOLATED)
_11820_/A1                              0.750000    0.787211   -0.037211 (VIOLATED)
fanout786/X                             0.750000    0.787211   -0.037211 (VIOLATED)
_15503_/A1                              0.750000    0.786429   -0.036429 (VIOLATED)
_15500_/A1                              0.750000    0.786429   -0.036429 (VIOLATED)
_15038_/A1_N                            0.750000    0.786428   -0.036428 (VIOLATED)
_15242_/A                               0.750000    0.786428   -0.036428 (VIOLATED)
_15247_/B2                              0.750000    0.786428   -0.036428 (VIOLATED)
_15573_/A                               0.750000    0.786428   -0.036428 (VIOLATED)
fanout707/A                             0.750000    0.786428   -0.036428 (VIOLATED)
fanout708/A                             0.750000    0.786428   -0.036428 (VIOLATED)
fanout709/X                             0.750000    0.786428   -0.036428 (VIOLATED)
_15057_/B                               0.750000    0.786376   -0.036376 (VIOLATED)
_15212_/A1                              0.750000    0.786375   -0.036375 (VIOLATED)
_15056_/A                               0.750000    0.786375   -0.036375 (VIOLATED)
_15216_/A3                              0.750000    0.786373   -0.036373 (VIOLATED)
_14682_/A1                              0.750000    0.786367   -0.036367 (VIOLATED)
_15591_/C                               0.750000    0.786363   -0.036363 (VIOLATED)
_15593_/A2                              0.750000    0.786363   -0.036363 (VIOLATED)
fanout428/A                             0.750000    0.786363   -0.036363 (VIOLATED)
fanout429/X                             0.750000    0.786363   -0.036363 (VIOLATED)
_17469_/A1                              0.750000    0.786327   -0.036327 (VIOLATED)
_17468_/Y                               0.750000    0.786324   -0.036324 (VIOLATED)
_17870_/B1                              0.750000    0.786324   -0.036324 (VIOLATED)
_12689_/B                               0.750000    0.786305   -0.036305 (VIOLATED)
_12692_/B                               0.750000    0.786305   -0.036305 (VIOLATED)
_12696_/B                               0.750000    0.786305   -0.036305 (VIOLATED)
_12707_/B                               0.750000    0.786305   -0.036305 (VIOLATED)
_12708_/B                               0.750000    0.786305   -0.036305 (VIOLATED)
_12709_/B                               0.750000    0.786305   -0.036305 (VIOLATED)
_12714_/B                               0.750000    0.786305   -0.036305 (VIOLATED)
_12724_/A_N                             0.750000    0.786305   -0.036305 (VIOLATED)
_12735_/A                               0.750000    0.786305   -0.036305 (VIOLATED)
_12805_/B                               0.750000    0.786305   -0.036305 (VIOLATED)
fanout1485/X                            0.750000    0.786305   -0.036305 (VIOLATED)
_12274_/B                               0.750000    0.786282   -0.036282 (VIOLATED)
_12278_/B                               0.750000    0.786282   -0.036282 (VIOLATED)
_12305_/B                               0.750000    0.786282   -0.036282 (VIOLATED)
_12308_/A                               0.750000    0.786282   -0.036282 (VIOLATED)
_12335_/A                               0.750000    0.786282   -0.036282 (VIOLATED)
_12353_/A                               0.750000    0.786282   -0.036282 (VIOLATED)
_12388_/A                               0.750000    0.786282   -0.036282 (VIOLATED)
fanout1000/A                            0.750000    0.786282   -0.036282 (VIOLATED)
fanout1001/X                            0.750000    0.786282   -0.036282 (VIOLATED)
_10380_/C1                              0.750000    0.786130   -0.036130 (VIOLATED)
_10786_/B1                              0.750000    0.786130   -0.036130 (VIOLATED)
_10802_/C1                              0.750000    0.786130   -0.036130 (VIOLATED)
_10887_/C1                              0.750000    0.786130   -0.036130 (VIOLATED)
_10909_/A1                              0.750000    0.786130   -0.036130 (VIOLATED)
_11204_/C1                              0.750000    0.786130   -0.036130 (VIOLATED)
_11205_/A1                              0.750000    0.786130   -0.036130 (VIOLATED)
_11208_/C1                              0.750000    0.786130   -0.036130 (VIOLATED)
_11222_/S1                              0.750000    0.786130   -0.036130 (VIOLATED)
fanout1165/A                            0.750000    0.786130   -0.036130 (VIOLATED)
fanout1166/X                            0.750000    0.786130   -0.036130 (VIOLATED)
_18433_/A2                              0.750000    0.785946   -0.035946 (VIOLATED)
_18425_/A2                              0.750000    0.785946   -0.035946 (VIOLATED)
fanout195/A                             0.750000    0.785944   -0.035944 (VIOLATED)
_18307_/B1                              0.750000    0.785941   -0.035941 (VIOLATED)
_18316_/A2                              0.750000    0.785941   -0.035941 (VIOLATED)
_18324_/A2                              0.750000    0.785941   -0.035941 (VIOLATED)
_18332_/A2                              0.750000    0.785941   -0.035941 (VIOLATED)
fanout196/X                             0.750000    0.785941   -0.035941 (VIOLATED)
_09432_/A                               0.750000    0.785819   -0.035819 (VIOLATED)
_12842_/B                               0.750000    0.785819   -0.035819 (VIOLATED)
_12851_/A_N                             0.750000    0.785819   -0.035819 (VIOLATED)
_12855_/B                               0.750000    0.785819   -0.035819 (VIOLATED)
_12876_/A_N                             0.750000    0.785819   -0.035819 (VIOLATED)
_12882_/A                               0.750000    0.785819   -0.035819 (VIOLATED)
_12885_/A                               0.750000    0.785819   -0.035819 (VIOLATED)
_12897_/A                               0.750000    0.785819   -0.035819 (VIOLATED)
_12948_/A1                              0.750000    0.785819   -0.035819 (VIOLATED)
_13484_/A1                              0.750000    0.785819   -0.035819 (VIOLATED)
fanout1762/X                            0.750000    0.785819   -0.035819 (VIOLATED)
_10308_/A1                              0.750000    0.785381   -0.035381 (VIOLATED)
_10613_/C_N                             0.750000    0.785381   -0.035381 (VIOLATED)
_17700_/A0                              0.750000    0.785381   -0.035381 (VIOLATED)
fanout1432/A                            0.750000    0.785381   -0.035381 (VIOLATED)
fanout1435/A                            0.750000    0.785381   -0.035381 (VIOLATED)
fanout1436/X                            0.750000    0.785381   -0.035381 (VIOLATED)
_15897_/C_N                             0.750000    0.784840   -0.034840 (VIOLATED)
_15899_/B                               0.750000    0.784840   -0.034840 (VIOLATED)
_15921_/C                               0.750000    0.784840   -0.034840 (VIOLATED)
_15924_/A2                              0.750000    0.784840   -0.034840 (VIOLATED)
_15959_/A2                              0.750000    0.784840   -0.034840 (VIOLATED)
_15977_/A                               0.750000    0.784840   -0.034840 (VIOLATED)
_16231_/A                               0.750000    0.784840   -0.034840 (VIOLATED)
_16240_/A1                              0.750000    0.784840   -0.034840 (VIOLATED)
fanout1858/A                            0.750000    0.784840   -0.034840 (VIOLATED)
fanout1859/X                            0.750000    0.784840   -0.034840 (VIOLATED)
_09652_/B1                              0.750000    0.784669   -0.034669 (VIOLATED)
_09654_/A                               0.750000    0.784669   -0.034669 (VIOLATED)
_09669_/A                               0.750000    0.784669   -0.034669 (VIOLATED)
_09672_/A                               0.750000    0.784669   -0.034669 (VIOLATED)
_10505_/A1                              0.750000    0.784669   -0.034669 (VIOLATED)
_10707_/B2                              0.750000    0.784669   -0.034669 (VIOLATED)
_11012_/A1                              0.750000    0.784669   -0.034669 (VIOLATED)
_11030_/A                               0.750000    0.784669   -0.034669 (VIOLATED)
_11032_/C1                              0.750000    0.784669   -0.034669 (VIOLATED)
fanout843/X                             0.750000    0.784669   -0.034669 (VIOLATED)
_14285_/D                               0.750000    0.784602   -0.034602 (VIOLATED)
_14308_/B2                              0.750000    0.784602   -0.034602 (VIOLATED)
_14322_/A2                              0.750000    0.784602   -0.034602 (VIOLATED)
_14954_/B                               0.750000    0.784602   -0.034602 (VIOLATED)
_14957_/A1                              0.750000    0.784602   -0.034602 (VIOLATED)
_15000_/A1                              0.750000    0.784602   -0.034602 (VIOLATED)
_15406_/C                               0.750000    0.784602   -0.034602 (VIOLATED)
_15409_/C1                              0.750000    0.784602   -0.034602 (VIOLATED)
_15416_/A2                              0.750000    0.784602   -0.034602 (VIOLATED)
_15545_/A1                              0.750000    0.784602   -0.034602 (VIOLATED)
fanout455/X                             0.750000    0.784602   -0.034602 (VIOLATED)
_18633_/B1                              0.750000    0.784123   -0.034123 (VIOLATED)
_18685_/B1                              0.750000    0.784121   -0.034121 (VIOLATED)
_18617_/B1                              0.750000    0.784121   -0.034121 (VIOLATED)
_18575_/B1                              0.750000    0.784117   -0.034117 (VIOLATED)
fanout360/A                             0.750000    0.784110   -0.034110 (VIOLATED)
_18647_/B1                              0.750000    0.784107   -0.034107 (VIOLATED)
fanout359/A                             0.750000    0.784107   -0.034107 (VIOLATED)
fanout361/X                             0.750000    0.784107   -0.034107 (VIOLATED)
wire103/A                               0.750000    0.783808   -0.033808 (VIOLATED)
ANTENNA_269/DIODE                       0.750000    0.783808   -0.033808 (VIOLATED)
_11223_/X                               0.750000    0.783806   -0.033806 (VIOLATED)
_17478_/S                               0.750000    0.783423   -0.033423 (VIOLATED)
_17825_/S                               0.750000    0.783423   -0.033423 (VIOLATED)
_17850_/S                               0.750000    0.783423   -0.033423 (VIOLATED)
_17875_/B1                              0.750000    0.783423   -0.033423 (VIOLATED)
_17906_/B1                              0.750000    0.783423   -0.033423 (VIOLATED)
_18085_/B1                              0.750000    0.783423   -0.033423 (VIOLATED)
_18117_/B1                              0.750000    0.783423   -0.033423 (VIOLATED)
_18131_/B1                              0.750000    0.783423   -0.033423 (VIOLATED)
fanout322/A                             0.750000    0.783423   -0.033423 (VIOLATED)
fanout324/X                             0.750000    0.783423   -0.033423 (VIOLATED)
_17854_/B2                              0.750000    0.783079   -0.033079 (VIOLATED)
_17857_/B2                              0.750000    0.783079   -0.033079 (VIOLATED)
_17864_/B2                              0.750000    0.783079   -0.033079 (VIOLATED)
_17867_/B2                              0.750000    0.783079   -0.033079 (VIOLATED)
_17870_/B2                              0.750000    0.783079   -0.033079 (VIOLATED)
_17877_/A1                              0.750000    0.783079   -0.033079 (VIOLATED)
_18119_/A1                              0.750000    0.783079   -0.033079 (VIOLATED)
_18121_/A1                              0.750000    0.783079   -0.033079 (VIOLATED)
_18125_/A1                              0.750000    0.783079   -0.033079 (VIOLATED)
_18145_/A1                              0.750000    0.783079   -0.033079 (VIOLATED)
fanout893/X                             0.750000    0.783079   -0.033079 (VIOLATED)
_16304_/B1_N                            0.750000    0.782784   -0.032784 (VIOLATED)
_16320_/B                               0.750000    0.782784   -0.032784 (VIOLATED)
_16323_/A                               0.750000    0.782784   -0.032784 (VIOLATED)
_16357_/A1                              0.750000    0.782784   -0.032784 (VIOLATED)
_16359_/A                               0.750000    0.782784   -0.032784 (VIOLATED)
_16514_/A1                              0.750000    0.782784   -0.032784 (VIOLATED)
_16825_/B                               0.750000    0.782784   -0.032784 (VIOLATED)
_16830_/A                               0.750000    0.782784   -0.032784 (VIOLATED)
_16839_/A1                              0.750000    0.782784   -0.032784 (VIOLATED)
_17284_/A1                              0.750000    0.782784   -0.032784 (VIOLATED)
fanout1373/X                            0.750000    0.782784   -0.032784 (VIOLATED)
_10051_/B1                              0.750000    0.782658   -0.032658 (VIOLATED)
_10099_/C1                              0.750000    0.782658   -0.032658 (VIOLATED)
_10122_/C1                              0.750000    0.782658   -0.032658 (VIOLATED)
_10314_/S1                              0.750000    0.782658   -0.032658 (VIOLATED)
_10336_/A1                              0.750000    0.782658   -0.032658 (VIOLATED)
_10734_/C1                              0.750000    0.782658   -0.032658 (VIOLATED)
_10956_/S0                              0.750000    0.782658   -0.032658 (VIOLATED)
_11254_/A1                              0.750000    0.782658   -0.032658 (VIOLATED)
_11256_/C1                              0.750000    0.782658   -0.032658 (VIOLATED)
_11362_/C1                              0.750000    0.782658   -0.032658 (VIOLATED)
fanout810/X                             0.750000    0.782658   -0.032658 (VIOLATED)
_13244_/B                               0.750000    0.782568   -0.032568 (VIOLATED)
_13249_/A2                              0.750000    0.782567   -0.032567 (VIOLATED)
_12774_/A                               0.750000    0.782565   -0.032565 (VIOLATED)
_12759_/A1                              0.750000    0.782564   -0.032564 (VIOLATED)
_13812_/A2                              0.750000    0.782559   -0.032559 (VIOLATED)
_13248_/B                               0.750000    0.782557   -0.032557 (VIOLATED)
_12748_/A3                              0.750000    0.782557   -0.032557 (VIOLATED)
_12775_/A                               0.750000    0.782551   -0.032551 (VIOLATED)
_12746_/Y                               0.750000    0.782291   -0.032291 (VIOLATED)
_13821_/A3                              0.750000    0.782291   -0.032291 (VIOLATED)
_13922_/A3                              0.750000    0.782291   -0.032291 (VIOLATED)
_18468_/B                               0.750000    0.782235   -0.032235 (VIOLATED)
_18486_/B                               0.750000    0.782235   -0.032235 (VIOLATED)
_18502_/B                               0.750000    0.782235   -0.032235 (VIOLATED)
_18600_/B                               0.750000    0.782235   -0.032235 (VIOLATED)
fanout1879/A                            0.750000    0.782235   -0.032235 (VIOLATED)
fanout1881/X                            0.750000    0.782235   -0.032235 (VIOLATED)
load_slew1882/A                         0.750000    0.782235   -0.032235 (VIOLATED)
_14388_/A                               0.750000    0.781906   -0.031906 (VIOLATED)
_14389_/C_N                             0.750000    0.781906   -0.031906 (VIOLATED)
_14402_/A2                              0.750000    0.781906   -0.031906 (VIOLATED)
_14423_/A2                              0.750000    0.781906   -0.031906 (VIOLATED)
_14463_/A                               0.750000    0.781906   -0.031906 (VIOLATED)
_14721_/A                               0.750000    0.781906   -0.031906 (VIOLATED)
fanout1330/A                            0.750000    0.781906   -0.031906 (VIOLATED)
fanout1332/A                            0.750000    0.781906   -0.031906 (VIOLATED)
fanout1333/A                            0.750000    0.781906   -0.031906 (VIOLATED)
fanout1335/X                            0.750000    0.781906   -0.031906 (VIOLATED)
_10347_/B2                              0.750000    0.781816   -0.031816 (VIOLATED)
_10354_/A                               0.750000    0.781816   -0.031816 (VIOLATED)
_10360_/A                               0.750000    0.781816   -0.031816 (VIOLATED)
_10364_/A                               0.750000    0.781816   -0.031816 (VIOLATED)
_10381_/A                               0.750000    0.781816   -0.031816 (VIOLATED)
_10383_/A1                              0.750000    0.781816   -0.031816 (VIOLATED)
_10799_/B1                              0.750000    0.781816   -0.031816 (VIOLATED)
_10885_/B2                              0.750000    0.781816   -0.031816 (VIOLATED)
_11333_/C1                              0.750000    0.781816   -0.031816 (VIOLATED)
_11338_/B2                              0.750000    0.781816   -0.031816 (VIOLATED)
fanout1169/X                            0.750000    0.781816   -0.031816 (VIOLATED)
fanout1749/A                            0.750000    0.781573   -0.031573 (VIOLATED)
fanout1750/A                            0.750000    0.781573   -0.031573 (VIOLATED)
fanout1751/A                            0.750000    0.781572   -0.031572 (VIOLATED)
fanout1753/A                            0.750000    0.781572   -0.031572 (VIOLATED)
fanout1757/A                            0.750000    0.781566   -0.031566 (VIOLATED)
fanout1758/X                            0.750000    0.781566   -0.031566 (VIOLATED)
_18553_/A1_N                            0.750000    0.781341   -0.031341 (VIOLATED)
_18585_/A1_N                            0.750000    0.781340   -0.031340 (VIOLATED)
_18603_/A1_N                            0.750000    0.781340   -0.031340 (VIOLATED)
_18523_/A1_N                            0.750000    0.781340   -0.031340 (VIOLATED)
_18507_/A1_N                            0.750000    0.781335   -0.031335 (VIOLATED)
_18555_/A1_N                            0.750000    0.781335   -0.031335 (VIOLATED)
_18571_/A1_N                            0.750000    0.781335   -0.031335 (VIOLATED)
_18593_/A1_N                            0.750000    0.781335   -0.031335 (VIOLATED)
_18619_/A1_N                            0.750000    0.781335   -0.031335 (VIOLATED)
_18641_/A1_N                            0.750000    0.781335   -0.031335 (VIOLATED)
fanout866/X                             0.750000    0.781335   -0.031335 (VIOLATED)
_18447_/A1_N                            0.750000    0.781110   -0.031110 (VIOLATED)
_18445_/A1_N                            0.750000    0.781110   -0.031110 (VIOLATED)
_18463_/A1_N                            0.750000    0.781110   -0.031110 (VIOLATED)
_18527_/A1_N                            0.750000    0.781110   -0.031110 (VIOLATED)
_18607_/A1_N                            0.750000    0.781110   -0.031110 (VIOLATED)
_18639_/A1_N                            0.750000    0.781110   -0.031110 (VIOLATED)
_18671_/A1_N                            0.750000    0.781110   -0.031110 (VIOLATED)
_18691_/A1_N                            0.750000    0.781110   -0.031110 (VIOLATED)
_18693_/A1_N                            0.750000    0.781110   -0.031110 (VIOLATED)
_18695_/A1_N                            0.750000    0.781110   -0.031110 (VIOLATED)
fanout873/X                             0.750000    0.781110   -0.031110 (VIOLATED)
_09780_/A                               0.750000    0.780801   -0.030801 (VIOLATED)
_09785_/A1                              0.750000    0.780801   -0.030801 (VIOLATED)
_09793_/A                               0.750000    0.780801   -0.030801 (VIOLATED)
_09796_/B                               0.750000    0.780801   -0.030801 (VIOLATED)
_09811_/B                               0.750000    0.780801   -0.030801 (VIOLATED)
_09815_/B                               0.750000    0.780801   -0.030801 (VIOLATED)
_09816_/A_N                             0.750000    0.780801   -0.030801 (VIOLATED)
_09830_/B                               0.750000    0.780801   -0.030801 (VIOLATED)
_09832_/B                               0.750000    0.780801   -0.030801 (VIOLATED)
_10342_/A_N                             0.750000    0.780801   -0.030801 (VIOLATED)
fanout1197/X                            0.750000    0.780801   -0.030801 (VIOLATED)
_16675_/A                               0.750000    0.780407   -0.030407 (VIOLATED)
_17050_/C1                              0.750000    0.780407   -0.030407 (VIOLATED)
_17053_/A                               0.750000    0.780407   -0.030407 (VIOLATED)
_17054_/C1                              0.750000    0.780407   -0.030407 (VIOLATED)
_17057_/C1                              0.750000    0.780407   -0.030407 (VIOLATED)
_17061_/A1                              0.750000    0.780407   -0.030407 (VIOLATED)
_17066_/A1                              0.750000    0.780407   -0.030407 (VIOLATED)
_17168_/B1                              0.750000    0.780407   -0.030407 (VIOLATED)
_17173_/C1                              0.750000    0.780407   -0.030407 (VIOLATED)
_17299_/A                               0.750000    0.780407   -0.030407 (VIOLATED)
fanout1596/X                            0.750000    0.780407   -0.030407 (VIOLATED)
_12807_/B1                              0.750000    0.780311   -0.030311 (VIOLATED)
_12808_/C1                              0.750000    0.780311   -0.030311 (VIOLATED)
_12818_/A1                              0.750000    0.780311   -0.030311 (VIOLATED)
_12835_/B1                              0.750000    0.780311   -0.030311 (VIOLATED)
_13804_/C1                              0.750000    0.780311   -0.030311 (VIOLATED)
_13806_/C1                              0.750000    0.780311   -0.030311 (VIOLATED)
_13808_/C1                              0.750000    0.780311   -0.030311 (VIOLATED)
_13809_/A1                              0.750000    0.780311   -0.030311 (VIOLATED)
_13819_/B1                              0.750000    0.780311   -0.030311 (VIOLATED)
_13823_/A1                              0.750000    0.780311   -0.030311 (VIOLATED)
fanout1448/X                            0.750000    0.780311   -0.030311 (VIOLATED)
_19401_/RESET_B                         0.750000    0.779374   -0.029374 (VIOLATED)
_19177_/RESET_B                         0.750000    0.779373   -0.029373 (VIOLATED)
_19301_/RESET_B                         0.750000    0.779372   -0.029372 (VIOLATED)
_19397_/RESET_B                         0.750000    0.779370   -0.029371 (VIOLATED)
_19165_/RESET_B                         0.750000    0.779370   -0.029370 (VIOLATED)
_19394_/RESET_B                         0.750000    0.779368   -0.029368 (VIOLATED)
fanout2041/A                            0.750000    0.779362   -0.029362 (VIOLATED)
fanout2043/X                            0.750000    0.779362   -0.029362 (VIOLATED)
_14586_/A1                              0.750000    0.779154   -0.029154 (VIOLATED)
_14593_/A1                              0.750000    0.779154   -0.029154 (VIOLATED)
_15107_/C1                              0.750000    0.779154   -0.029154 (VIOLATED)
_15117_/B1                              0.750000    0.779154   -0.029154 (VIOLATED)
_15371_/B1                              0.750000    0.779154   -0.029154 (VIOLATED)
_15372_/A1                              0.750000    0.779154   -0.029154 (VIOLATED)
_15445_/A                               0.750000    0.779154   -0.029154 (VIOLATED)
_15456_/C1                              0.750000    0.779154   -0.029154 (VIOLATED)
_15459_/B1                              0.750000    0.779154   -0.029154 (VIOLATED)
_15462_/B2                              0.750000    0.779154   -0.029154 (VIOLATED)
fanout1786/X                            0.750000    0.779154   -0.029154 (VIOLATED)
_15943_/B                               0.750000    0.779061   -0.029061 (VIOLATED)
_15964_/C                               0.750000    0.779061   -0.029061 (VIOLATED)
_15965_/C                               0.750000    0.779061   -0.029061 (VIOLATED)
_15966_/A1                              0.750000    0.779061   -0.029061 (VIOLATED)
_15975_/A                               0.750000    0.779061   -0.029061 (VIOLATED)
_15979_/A0                              0.750000    0.779061   -0.029061 (VIOLATED)
_16429_/B1                              0.750000    0.779061   -0.029061 (VIOLATED)
_16764_/A1                              0.750000    0.779061   -0.029061 (VIOLATED)
_16772_/A1                              0.750000    0.779061   -0.029061 (VIOLATED)
_16773_/A1_N                            0.750000    0.779061   -0.029061 (VIOLATED)
fanout1844/X                            0.750000    0.779061   -0.029061 (VIOLATED)
_12283_/X                               0.750000    0.778390   -0.028390 (VIOLATED)
_12499_/A2                              0.750000    0.778390   -0.028390 (VIOLATED)
_12522_/A2                              0.750000    0.778390   -0.028390 (VIOLATED)
fanout491/A                             0.750000    0.778390   -0.028390 (VIOLATED)
_12982_/B                               0.750000    0.778310   -0.028310 (VIOLATED)
_12959_/A_N                             0.750000    0.778310   -0.028310 (VIOLATED)
_12972_/B                               0.750000    0.778310   -0.028310 (VIOLATED)
_12991_/A_N                             0.750000    0.778310   -0.028310 (VIOLATED)
_12998_/A1                              0.750000    0.778310   -0.028310 (VIOLATED)
_13013_/B                               0.750000    0.778310   -0.028310 (VIOLATED)
_13035_/A                               0.750000    0.778310   -0.028310 (VIOLATED)
_13050_/C_N                             0.750000    0.778310   -0.028310 (VIOLATED)
_13493_/A1                              0.750000    0.778310   -0.028310 (VIOLATED)
_17801_/A0                              0.750000    0.778310   -0.028310 (VIOLATED)
fanout1246/X                            0.750000    0.778310   -0.028310 (VIOLATED)
_18469_/B1                              0.750000    0.778182   -0.028182 (VIOLATED)
_18487_/B1                              0.750000    0.778182   -0.028182 (VIOLATED)
_18501_/B1                              0.750000    0.778182   -0.028182 (VIOLATED)
_18503_/B1                              0.750000    0.778182   -0.028182 (VIOLATED)
_18505_/B1                              0.750000    0.778182   -0.028182 (VIOLATED)
_18513_/B1                              0.750000    0.778182   -0.028182 (VIOLATED)
_18521_/B1                              0.750000    0.778182   -0.028182 (VIOLATED)
_18535_/B1                              0.750000    0.778182   -0.028182 (VIOLATED)
_18537_/B1                              0.750000    0.778182   -0.028182 (VIOLATED)
_18543_/B1                              0.750000    0.778182   -0.028182 (VIOLATED)
fanout364/X                             0.750000    0.778182   -0.028182 (VIOLATED)
_15178_/A1                              0.750000    0.778035   -0.028035 (VIOLATED)
_15130_/A1                              0.750000    0.778035   -0.028035 (VIOLATED)
_15129_/B1                              0.750000    0.778035   -0.028035 (VIOLATED)
_15191_/C                               0.750000    0.778032   -0.028032 (VIOLATED)
fanout1797/A                            0.750000    0.778030   -0.028030 (VIOLATED)
fanout1799/A                            0.750000    0.778030   -0.028030 (VIOLATED)
fanout1800/A                            0.750000    0.778030   -0.028030 (VIOLATED)
fanout1801/X                            0.750000    0.778030   -0.028030 (VIOLATED)
_09995_/A                               0.750000    0.778003   -0.028003 (VIOLATED)
_11243_/A2                              0.750000    0.778003   -0.028003 (VIOLATED)
_09915_/A                               0.750000    0.778001   -0.028001 (VIOLATED)
_10536_/B                               0.750000    0.777999   -0.027999 (VIOLATED)
_11238_/A1                              0.750000    0.777997   -0.027997 (VIOLATED)
_11234_/A3                              0.750000    0.777996   -0.027996 (VIOLATED)
_09892_/Y                               0.750000    0.777995   -0.027995 (VIOLATED)
_10756_/A                               0.750000    0.777995   -0.027995 (VIOLATED)
_14296_/Y                               0.750000    0.777780   -0.027781 (VIOLATED)
_14311_/A                               0.750000    0.777780   -0.027781 (VIOLATED)
_14314_/A1                              0.750000    0.777780   -0.027781 (VIOLATED)
_14326_/A2                              0.750000    0.777780   -0.027781 (VIOLATED)
_14774_/B1                              0.750000    0.777780   -0.027781 (VIOLATED)
_15158_/B1                              0.750000    0.777780   -0.027781 (VIOLATED)
_15294_/B2                              0.750000    0.777780   -0.027781 (VIOLATED)
_15416_/A3                              0.750000    0.777780   -0.027781 (VIOLATED)
_15422_/B1                              0.750000    0.777780   -0.027781 (VIOLATED)
_12975_/A                               0.750000    0.777680   -0.027680 (VIOLATED)
_12990_/B                               0.750000    0.777680   -0.027680 (VIOLATED)
_12991_/B                               0.750000    0.777680   -0.027680 (VIOLATED)
_13006_/B                               0.750000    0.777680   -0.027680 (VIOLATED)
_13016_/B                               0.750000    0.777680   -0.027680 (VIOLATED)
_13034_/C_N                             0.750000    0.777680   -0.027680 (VIOLATED)
_13050_/A                               0.750000    0.777680   -0.027680 (VIOLATED)
_13493_/B1                              0.750000    0.777680   -0.027680 (VIOLATED)
_13732_/A1                              0.750000    0.777680   -0.027680 (VIOLATED)
fanout1236/A                            0.750000    0.777680   -0.027680 (VIOLATED)
fanout1237/X                            0.750000    0.777680   -0.027680 (VIOLATED)
_14826_/C1                              0.750000    0.777635   -0.027635 (VIOLATED)
_14853_/C1                              0.750000    0.777635   -0.027635 (VIOLATED)
_15054_/B                               0.750000    0.777635   -0.027635 (VIOLATED)
_15078_/A                               0.750000    0.777635   -0.027635 (VIOLATED)
_15229_/A1                              0.750000    0.777635   -0.027635 (VIOLATED)
_15235_/S                               0.750000    0.777635   -0.027635 (VIOLATED)
_15238_/A1                              0.750000    0.777635   -0.027635 (VIOLATED)
_15354_/A                               0.750000    0.777635   -0.027635 (VIOLATED)
_15490_/A1                              0.750000    0.777635   -0.027635 (VIOLATED)
_15491_/C1                              0.750000    0.777635   -0.027635 (VIOLATED)
fanout701/X                             0.750000    0.777635   -0.027635 (VIOLATED)
_15357_/C1                              0.750000    0.777616   -0.027616 (VIOLATED)
_15358_/B1                              0.750000    0.777616   -0.027616 (VIOLATED)
_14858_/A1                              0.750000    0.777616   -0.027616 (VIOLATED)
_15224_/C1                              0.750000    0.777616   -0.027616 (VIOLATED)
_15228_/C1                              0.750000    0.777616   -0.027616 (VIOLATED)
_15590_/A                               0.750000    0.777616   -0.027616 (VIOLATED)
_15591_/A                               0.750000    0.777616   -0.027616 (VIOLATED)
_15655_/A                               0.750000    0.777616   -0.027616 (VIOLATED)
_15663_/A1                              0.750000    0.777616   -0.027616 (VIOLATED)
_15668_/B1                              0.750000    0.777616   -0.027616 (VIOLATED)
fanout1549/X                            0.750000    0.777616   -0.027616 (VIOLATED)
_15889_/B                               0.750000    0.777596   -0.027596 (VIOLATED)
_15890_/B                               0.750000    0.777596   -0.027596 (VIOLATED)
_15898_/C_N                             0.750000    0.777596   -0.027596 (VIOLATED)
_15912_/B                               0.750000    0.777596   -0.027596 (VIOLATED)
_15915_/A2                              0.750000    0.777596   -0.027596 (VIOLATED)
_15923_/B                               0.750000    0.777596   -0.027596 (VIOLATED)
_15931_/B                               0.750000    0.777596   -0.027596 (VIOLATED)
_15950_/B                               0.750000    0.777596   -0.027596 (VIOLATED)
_15964_/B                               0.750000    0.777596   -0.027596 (VIOLATED)
_15965_/B                               0.750000    0.777596   -0.027596 (VIOLATED)
fanout1856/X                            0.750000    0.777596   -0.027596 (VIOLATED)
_12956_/B                               0.750000    0.777386   -0.027386 (VIOLATED)
_12957_/B                               0.750000    0.777386   -0.027386 (VIOLATED)
_12958_/B                               0.750000    0.777386   -0.027386 (VIOLATED)
_12966_/B                               0.750000    0.777386   -0.027386 (VIOLATED)
_12969_/A_N                             0.750000    0.777386   -0.027386 (VIOLATED)
_12976_/B                               0.750000    0.777386   -0.027386 (VIOLATED)
_12989_/B                               0.750000    0.777386   -0.027386 (VIOLATED)
_13002_/C_N                             0.750000    0.777386   -0.027386 (VIOLATED)
_13026_/A2                              0.750000    0.777386   -0.027386 (VIOLATED)
_13341_/B                               0.750000    0.777386   -0.027386 (VIOLATED)
fanout1240/X                            0.750000    0.777386   -0.027386 (VIOLATED)
_11842_/B                               0.750000    0.776951   -0.026951 (VIOLATED)
_11860_/B                               0.750000    0.776951   -0.026951 (VIOLATED)
_11872_/A                               0.750000    0.776951   -0.026951 (VIOLATED)
_11878_/A1                              0.750000    0.776951   -0.026951 (VIOLATED)
_11880_/B                               0.750000    0.776951   -0.026951 (VIOLATED)
_11882_/C                               0.750000    0.776951   -0.026951 (VIOLATED)
_11883_/B                               0.750000    0.776951   -0.026951 (VIOLATED)
_11888_/A2                              0.750000    0.776951   -0.026951 (VIOLATED)
_11900_/A                               0.750000    0.776951   -0.026951 (VIOLATED)
_11963_/B                               0.750000    0.776951   -0.026951 (VIOLATED)
fanout1049/X                            0.750000    0.776951   -0.026951 (VIOLATED)
_18216_/A2                              0.750000    0.776824   -0.026824 (VIOLATED)
_18260_/A2                              0.750000    0.776823   -0.026823 (VIOLATED)
_18237_/A2                              0.750000    0.776823   -0.026823 (VIOLATED)
_18245_/A2                              0.750000    0.776823   -0.026823 (VIOLATED)
_18725_/B                               0.750000    0.776823   -0.026823 (VIOLATED)
_18733_/A3                              0.750000    0.776823   -0.026823 (VIOLATED)
fanout205/A                             0.750000    0.776823   -0.026823 (VIOLATED)
fanout206/X                             0.750000    0.776823   -0.026823 (VIOLATED)
_12442_/B                               0.750000    0.776270   -0.026270 (VIOLATED)
_17925_/A2                              0.750000    0.776252   -0.026252 (VIOLATED)
_12441_/Y                               0.750000    0.776248   -0.026248 (VIOLATED)
_10948_/B1                              0.750000    0.776244   -0.026244 (VIOLATED)
_10958_/B1                              0.750000    0.776244   -0.026244 (VIOLATED)
_10959_/A1                              0.750000    0.776244   -0.026244 (VIOLATED)
_10963_/B1                              0.750000    0.776244   -0.026244 (VIOLATED)
_11271_/A1                              0.750000    0.776244   -0.026244 (VIOLATED)
_11363_/B1                              0.750000    0.776244   -0.026244 (VIOLATED)
fanout1402/A                            0.750000    0.776244   -0.026244 (VIOLATED)
fanout1404/A                            0.750000    0.776244   -0.026244 (VIOLATED)
fanout1405/X                            0.750000    0.776244   -0.026244 (VIOLATED)
_09958_/B1                              0.750000    0.776151   -0.026151 (VIOLATED)
_09975_/A1                              0.750000    0.776151   -0.026151 (VIOLATED)
_10272_/C1                              0.750000    0.776151   -0.026151 (VIOLATED)
_10295_/C1                              0.750000    0.776151   -0.026151 (VIOLATED)
_10759_/A                               0.750000    0.776151   -0.026151 (VIOLATED)
_10774_/A                               0.750000    0.776151   -0.026151 (VIOLATED)
_10775_/B2                              0.750000    0.776151   -0.026151 (VIOLATED)
_11228_/A1                              0.750000    0.776151   -0.026151 (VIOLATED)
fanout1685/A                            0.750000    0.776151   -0.026151 (VIOLATED)
fanout1686/X                            0.750000    0.776151   -0.026151 (VIOLATED)
_09438_/A                               0.750000    0.775758   -0.025758 (VIOLATED)
_12959_/B                               0.750000    0.775758   -0.025758 (VIOLATED)
_12979_/B1_N                            0.750000    0.775758   -0.025758 (VIOLATED)
_12992_/A                               0.750000    0.775758   -0.025758 (VIOLATED)
_13013_/A                               0.750000    0.775758   -0.025758 (VIOLATED)
_13044_/A                               0.750000    0.775758   -0.025758 (VIOLATED)
_13523_/A1                              0.750000    0.775758   -0.025758 (VIOLATED)
_13526_/A1                              0.750000    0.775758   -0.025758 (VIOLATED)
fanout1228/A                            0.750000    0.775758   -0.025758 (VIOLATED)
fanout1230/A                            0.750000    0.775758   -0.025758 (VIOLATED)
fanout1231/X                            0.750000    0.775758   -0.025758 (VIOLATED)
_13331_/S1                              0.750000    0.775395   -0.025395 (VIOLATED)
_12921_/A1                              0.750000    0.775392   -0.025392 (VIOLATED)
_12953_/A1                              0.750000    0.775388   -0.025388 (VIOLATED)
_12951_/B1                              0.750000    0.775381   -0.025381 (VIOLATED)
_17550_/A1                              0.750000    0.775367   -0.025367 (VIOLATED)
fanout1729/X                            0.750000    0.775367   -0.025367 (VIOLATED)
_11854_/Y                               0.750000    0.775257   -0.025257 (VIOLATED)
_11866_/A2                              0.750000    0.775257   -0.025257 (VIOLATED)
_11906_/A1                              0.750000    0.775257   -0.025257 (VIOLATED)
_12067_/A1                              0.750000    0.775257   -0.025257 (VIOLATED)
_12074_/A3                              0.750000    0.775257   -0.025257 (VIOLATED)
_12217_/A3                              0.750000    0.775257   -0.025257 (VIOLATED)
_15926_/B1                              0.750000    0.775209   -0.025209 (VIOLATED)
_16232_/A1                              0.750000    0.775209   -0.025209 (VIOLATED)
_16243_/B1                              0.750000    0.775209   -0.025209 (VIOLATED)
_16606_/B1                              0.750000    0.775209   -0.025209 (VIOLATED)
_16885_/A                               0.750000    0.775209   -0.025209 (VIOLATED)
_16891_/B1                              0.750000    0.775209   -0.025209 (VIOLATED)
_16892_/A1                              0.750000    0.775209   -0.025209 (VIOLATED)
_16894_/B2                              0.750000    0.775209   -0.025209 (VIOLATED)
_17037_/A1_N                            0.750000    0.775209   -0.025209 (VIOLATED)
fanout1828/A                            0.750000    0.775209   -0.025209 (VIOLATED)
fanout1830/X                            0.750000    0.775209   -0.025209 (VIOLATED)
_17705_/S                               0.750000    0.774807   -0.024807 (VIOLATED)
_17747_/S                               0.750000    0.774807   -0.024807 (VIOLATED)
_17771_/S                               0.750000    0.774807   -0.024807 (VIOLATED)
_17783_/B                               0.750000    0.774807   -0.024807 (VIOLATED)
_17794_/S                               0.750000    0.774807   -0.024807 (VIOLATED)
_17928_/B1                              0.750000    0.774807   -0.024807 (VIOLATED)
_17962_/B1                              0.750000    0.774807   -0.024807 (VIOLATED)
_18026_/B1                              0.750000    0.774807   -0.024807 (VIOLATED)
_18074_/B1                              0.750000    0.774807   -0.024807 (VIOLATED)
_18080_/B1                              0.750000    0.774807   -0.024807 (VIOLATED)
fanout295/X                             0.750000    0.774807   -0.024807 (VIOLATED)
_12964_/B1                              0.750000    0.774720   -0.024720 (VIOLATED)
_12976_/A                               0.750000    0.774720   -0.024720 (VIOLATED)
_12977_/A                               0.750000    0.774720   -0.024720 (VIOLATED)
_13047_/A1                              0.750000    0.774720   -0.024720 (VIOLATED)
_13341_/A                               0.750000    0.774720   -0.024720 (VIOLATED)
_13342_/A                               0.750000    0.774720   -0.024720 (VIOLATED)
_13350_/A1                              0.750000    0.774720   -0.024720 (VIOLATED)
_13741_/A1                              0.750000    0.774720   -0.024720 (VIOLATED)
_13890_/B1                              0.750000    0.774720   -0.024720 (VIOLATED)
_14050_/B1                              0.750000    0.774720   -0.024720 (VIOLATED)
fanout727/X                             0.750000    0.774720   -0.024720 (VIOLATED)
_13709_/C1                              0.750000    0.772927   -0.022927 (VIOLATED)
_13711_/A1                              0.750000    0.772927   -0.022927 (VIOLATED)
_13727_/S1                              0.750000    0.772927   -0.022927 (VIOLATED)
_13866_/C1                              0.750000    0.772927   -0.022927 (VIOLATED)
_13870_/B1                              0.750000    0.772927   -0.022927 (VIOLATED)
_13874_/B1                              0.750000    0.772927   -0.022927 (VIOLATED)
_14082_/B1                              0.750000    0.772927   -0.022927 (VIOLATED)
_14083_/C1                              0.750000    0.772927   -0.022927 (VIOLATED)
_14089_/A1                              0.750000    0.772927   -0.022927 (VIOLATED)
_14103_/C1                              0.750000    0.772927   -0.022927 (VIOLATED)
fanout1730/X                            0.750000    0.772927   -0.022927 (VIOLATED)
_14382_/A_N                             0.750000    0.772715   -0.022715 (VIOLATED)
_14386_/A                               0.750000    0.772715   -0.022715 (VIOLATED)
_14393_/B                               0.750000    0.772715   -0.022715 (VIOLATED)
_14403_/A1                              0.750000    0.772715   -0.022715 (VIOLATED)
_14407_/A                               0.750000    0.772715   -0.022715 (VIOLATED)
_14413_/A                               0.750000    0.772715   -0.022715 (VIOLATED)
_14414_/B                               0.750000    0.772715   -0.022715 (VIOLATED)
_14418_/B                               0.750000    0.772715   -0.022715 (VIOLATED)
_14423_/A1                              0.750000    0.772715   -0.022715 (VIOLATED)
_14454_/B                               0.750000    0.772715   -0.022715 (VIOLATED)
fanout1348/X                            0.750000    0.772715   -0.022715 (VIOLATED)
_12106_/C1                              0.750000    0.772586   -0.022586 (VIOLATED)
_12115_/B1                              0.750000    0.772586   -0.022586 (VIOLATED)
_12119_/B1                              0.750000    0.772586   -0.022586 (VIOLATED)
_12130_/C1                              0.750000    0.772586   -0.022586 (VIOLATED)
_12170_/A1                              0.750000    0.772586   -0.022586 (VIOLATED)
_12200_/C1                              0.750000    0.772586   -0.022586 (VIOLATED)
_12238_/A1                              0.750000    0.772586   -0.022586 (VIOLATED)
_12243_/A                               0.750000    0.772586   -0.022586 (VIOLATED)
_12244_/C1                              0.750000    0.772586   -0.022586 (VIOLATED)
fanout779/X                             0.750000    0.772586   -0.022586 (VIOLATED)
_13060_/B                               0.750000    0.772411   -0.022411 (VIOLATED)
_13064_/A_N                             0.750000    0.772411   -0.022411 (VIOLATED)
_13069_/A_N                             0.750000    0.772411   -0.022411 (VIOLATED)
_13074_/B                               0.750000    0.772411   -0.022411 (VIOLATED)
_13082_/B                               0.750000    0.772411   -0.022411 (VIOLATED)
_13093_/B                               0.750000    0.772411   -0.022411 (VIOLATED)
_13094_/B                               0.750000    0.772411   -0.022411 (VIOLATED)
_13115_/C_N                             0.750000    0.772411   -0.022411 (VIOLATED)
_13131_/A1                              0.750000    0.772411   -0.022411 (VIOLATED)
_13135_/A2                              0.750000    0.772411   -0.022411 (VIOLATED)
fanout1521/X                            0.750000    0.772411   -0.022411 (VIOLATED)
_16934_/A1                              0.750000    0.771791   -0.021791 (VIOLATED)
_16367_/A3                              0.750000    0.771790   -0.021790 (VIOLATED)
_16364_/Y                               0.750000    0.771788   -0.021788 (VIOLATED)
_16548_/B1                              0.750000    0.771788   -0.021788 (VIOLATED)
_16829_/A2                              0.750000    0.771788   -0.021788 (VIOLATED)
clkbuf_0_clk/A                          0.750000    0.771709   -0.021709 (VIOLATED)
ANTENNA_169/DIODE                       0.750000    0.771708   -0.021708 (VIOLATED)
clk                                     0.750000    0.771635   -0.021635 (VIOLATED)
fanout1359/A                            0.750000    0.771501   -0.021501 (VIOLATED)
fanout1358/A                            0.750000    0.771497   -0.021497 (VIOLATED)
_17124_/A1                              0.750000    0.771495   -0.021495 (VIOLATED)
_17123_/A1                              0.750000    0.771495   -0.021495 (VIOLATED)
_17128_/C1                              0.750000    0.771494   -0.021494 (VIOLATED)
fanout1356/A                            0.750000    0.771494   -0.021494 (VIOLATED)
fanout1360/X                            0.750000    0.771494   -0.021494 (VIOLATED)
_12843_/B                               0.750000    0.770327   -0.020327 (VIOLATED)
_12845_/A                               0.750000    0.770327   -0.020327 (VIOLATED)
_12850_/A                               0.750000    0.770327   -0.020327 (VIOLATED)
_12878_/A1                              0.750000    0.770327   -0.020327 (VIOLATED)
_12883_/A                               0.750000    0.770327   -0.020327 (VIOLATED)
_12949_/A                               0.750000    0.770327   -0.020327 (VIOLATED)
_13296_/A1                              0.750000    0.770327   -0.020327 (VIOLATED)
_13631_/A                               0.750000    0.770327   -0.020327 (VIOLATED)
_14096_/A1                              0.750000    0.770327   -0.020327 (VIOLATED)
_14101_/A1                              0.750000    0.770327   -0.020327 (VIOLATED)
fanout1759/X                            0.750000    0.770327   -0.020327 (VIOLATED)
_17888_/A                               0.750000    0.769537   -0.019537 (VIOLATED)
_17896_/A                               0.750000    0.769537   -0.019537 (VIOLATED)
_17944_/A                               0.750000    0.769537   -0.019537 (VIOLATED)
_17970_/A                               0.750000    0.769537   -0.019537 (VIOLATED)
_18106_/A                               0.750000    0.769537   -0.019537 (VIOLATED)
fanout857/X                             0.750000    0.769537   -0.019537 (VIOLATED)
_14274_/B                               0.750000    0.769163   -0.019163 (VIOLATED)
_14294_/A1                              0.750000    0.769163   -0.019163 (VIOLATED)
_14334_/B                               0.750000    0.769163   -0.019163 (VIOLATED)
_14343_/A                               0.750000    0.769163   -0.019163 (VIOLATED)
_14771_/A                               0.750000    0.769163   -0.019163 (VIOLATED)
_17782_/A0                              0.750000    0.769163   -0.019163 (VIOLATED)
fanout1280/A                            0.750000    0.769163   -0.019163 (VIOLATED)
fanout1281/A                            0.750000    0.769163   -0.019163 (VIOLATED)
fanout1282/X                            0.750000    0.769163   -0.019163 (VIOLATED)
_15849_/A0                              0.750000    0.769066   -0.019066 (VIOLATED)
_15099_/A                               0.750000    0.769066   -0.019066 (VIOLATED)
max_cap125/A                            0.750000    0.769065   -0.019065 (VIOLATED)
_15049_/Y                               0.750000    0.769063   -0.019063 (VIOLATED)
_09375_/A                               0.750000    0.768950   -0.018950 (VIOLATED)
_09932_/B1                              0.750000    0.768950   -0.018950 (VIOLATED)
_09934_/A                               0.750000    0.768950   -0.018950 (VIOLATED)
_09972_/A                               0.750000    0.768950   -0.018950 (VIOLATED)
_09988_/A                               0.750000    0.768950   -0.018950 (VIOLATED)
_10545_/C1                              0.750000    0.768950   -0.018950 (VIOLATED)
_10923_/C1                              0.750000    0.768950   -0.018950 (VIOLATED)
_10924_/B1                              0.750000    0.768950   -0.018950 (VIOLATED)
_10926_/A1                              0.750000    0.768950   -0.018950 (VIOLATED)
_10928_/B2                              0.750000    0.768950   -0.018950 (VIOLATED)
fanout1692/X                            0.750000    0.768950   -0.018950 (VIOLATED)
_15972_/A                               0.750000    0.768170   -0.018170 (VIOLATED)
_15988_/A1                              0.750000    0.768170   -0.018170 (VIOLATED)
_16445_/B1                              0.750000    0.768170   -0.018170 (VIOLATED)
_16446_/C1                              0.750000    0.768170   -0.018170 (VIOLATED)
_17022_/A2                              0.750000    0.768170   -0.018170 (VIOLATED)
_17039_/A1                              0.750000    0.768170   -0.018170 (VIOLATED)
_17144_/C1                              0.750000    0.768170   -0.018170 (VIOLATED)
_17158_/C1                              0.750000    0.768170   -0.018170 (VIOLATED)
_17159_/A1                              0.750000    0.768170   -0.018170 (VIOLATED)
fanout1830/A                            0.750000    0.768170   -0.018170 (VIOLATED)
fanout1831/X                            0.750000    0.768170   -0.018170 (VIOLATED)
ANTENNA_94/DIODE                        0.750000    0.767398   -0.017398 (VIOLATED)
_17515_/A1                              0.750000    0.767398   -0.017398 (VIOLATED)
_17514_/X                               0.750000    0.767313   -0.017313 (VIOLATED)
_13097_/A                               0.750000    0.767312   -0.017312 (VIOLATED)
_13083_/A_N                             0.750000    0.767312   -0.017312 (VIOLATED)
_13084_/A_N                             0.750000    0.767312   -0.017312 (VIOLATED)
_13107_/C                               0.750000    0.767312   -0.017312 (VIOLATED)
_13086_/A                               0.750000    0.767311   -0.017311 (VIOLATED)
_13058_/A_N                             0.750000    0.767311   -0.017311 (VIOLATED)
_13059_/A_N                             0.750000    0.767311   -0.017311 (VIOLATED)
_13061_/A                               0.750000    0.767311   -0.017311 (VIOLATED)
_13062_/A                               0.750000    0.767311   -0.017311 (VIOLATED)
_13063_/A1                              0.750000    0.767311   -0.017311 (VIOLATED)
fanout1523/X                            0.750000    0.767311   -0.017311 (VIOLATED)
_09992_/B1                              0.750000    0.767279   -0.017279 (VIOLATED)
_10927_/C1                              0.750000    0.767279   -0.017279 (VIOLATED)
_11080_/A                               0.750000    0.767279   -0.017279 (VIOLATED)
_11081_/A1                              0.750000    0.767279   -0.017279 (VIOLATED)
fanout1682/A                            0.750000    0.767279   -0.017279 (VIOLATED)
fanout1683/A                            0.750000    0.767279   -0.017279 (VIOLATED)
fanout1684/A                            0.750000    0.767279   -0.017279 (VIOLATED)
fanout1685/X                            0.750000    0.767279   -0.017279 (VIOLATED)
_12691_/C                               0.750000    0.766839   -0.016839 (VIOLATED)
_12696_/A_N                             0.750000    0.766839   -0.016839 (VIOLATED)
_12707_/C_N                             0.750000    0.766839   -0.016839 (VIOLATED)
_12708_/C_N                             0.750000    0.766839   -0.016839 (VIOLATED)
_12715_/B                               0.750000    0.766839   -0.016839 (VIOLATED)
_12733_/A                               0.750000    0.766839   -0.016839 (VIOLATED)
_12735_/B                               0.750000    0.766839   -0.016839 (VIOLATED)
_12756_/A_N                             0.750000    0.766839   -0.016839 (VIOLATED)
_12805_/C                               0.750000    0.766839   -0.016839 (VIOLATED)
_13249_/A1                              0.750000    0.766839   -0.016839 (VIOLATED)
fanout1479/X                            0.750000    0.766839   -0.016839 (VIOLATED)
_10046_/B                               0.750000    0.766314   -0.016314 (VIOLATED)
_10076_/A                               0.750000    0.766314   -0.016314 (VIOLATED)
_10077_/A1                              0.750000    0.766314   -0.016314 (VIOLATED)
_10139_/A                               0.750000    0.766314   -0.016314 (VIOLATED)
_10309_/A1                              0.750000    0.766314   -0.016314 (VIOLATED)
_10326_/A                               0.750000    0.766314   -0.016314 (VIOLATED)
_10723_/B1                              0.750000    0.766314   -0.016314 (VIOLATED)
_10726_/B1                              0.750000    0.766314   -0.016314 (VIOLATED)
_11121_/A1                              0.750000    0.766314   -0.016314 (VIOLATED)
fanout1424/A                            0.750000    0.766314   -0.016314 (VIOLATED)
fanout1425/X                            0.750000    0.766314   -0.016314 (VIOLATED)
_18241_/B1                              0.750000    0.766201   -0.016201 (VIOLATED)
_18233_/B1                              0.750000    0.766201   -0.016201 (VIOLATED)
_18225_/B1                              0.750000    0.766201   -0.016201 (VIOLATED)
_18217_/B1                              0.750000    0.766199   -0.016199 (VIOLATED)
_18222_/B1                              0.750000    0.766199   -0.016199 (VIOLATED)
_18230_/B1                              0.750000    0.766196   -0.016196 (VIOLATED)
_18209_/B1                              0.750000    0.766196   -0.016196 (VIOLATED)
_18214_/B1                              0.750000    0.766196   -0.016196 (VIOLATED)
_18238_/B1                              0.750000    0.766196   -0.016196 (VIOLATED)
_18246_/B1                              0.750000    0.766196   -0.016196 (VIOLATED)
fanout256/X                             0.750000    0.766196   -0.016196 (VIOLATED)
_10682_/B                               0.750000    0.766170   -0.016170 (VIOLATED)
_15954_/S                               0.750000    0.765984   -0.015984 (VIOLATED)
_15955_/C1                              0.750000    0.765984   -0.015984 (VIOLATED)
_15974_/A1                              0.750000    0.765984   -0.015984 (VIOLATED)
_15980_/B1                              0.750000    0.765984   -0.015984 (VIOLATED)
_16438_/C1                              0.750000    0.765984   -0.015984 (VIOLATED)
_16441_/C1                              0.750000    0.765984   -0.015984 (VIOLATED)
_16756_/C1                              0.750000    0.765984   -0.015984 (VIOLATED)
_17022_/C1                              0.750000    0.765984   -0.015984 (VIOLATED)
_17148_/C1                              0.750000    0.765984   -0.015984 (VIOLATED)
_17154_/C1                              0.750000    0.765984   -0.015984 (VIOLATED)
fanout1819/X                            0.750000    0.765984   -0.015984 (VIOLATED)
_10681_/X                               0.750000    0.765935   -0.015935 (VIOLATED)
_15961_/A                               0.750000    0.765723   -0.015723 (VIOLATED)
_15983_/A                               0.750000    0.765723   -0.015723 (VIOLATED)
_16214_/A1                              0.750000    0.765723   -0.015723 (VIOLATED)
_16431_/A1                              0.750000    0.765723   -0.015723 (VIOLATED)
_16768_/A1                              0.750000    0.765723   -0.015723 (VIOLATED)
_16893_/B2                              0.750000    0.765723   -0.015723 (VIOLATED)
_16904_/A1                              0.750000    0.765723   -0.015723 (VIOLATED)
_17023_/C1                              0.750000    0.765723   -0.015723 (VIOLATED)
fanout681/A                             0.750000    0.765723   -0.015723 (VIOLATED)
fanout682/X                             0.750000    0.765723   -0.015723 (VIOLATED)
_09620_/A                               0.750000    0.765192   -0.015192 (VIOLATED)
_09686_/C_N                             0.750000    0.765192   -0.015192 (VIOLATED)
_09697_/A                               0.750000    0.765192   -0.015192 (VIOLATED)
_09713_/A_N                             0.750000    0.765192   -0.015192 (VIOLATED)
_09742_/A                               0.750000    0.765192   -0.015192 (VIOLATED)
_10860_/A1                              0.750000    0.765192   -0.015192 (VIOLATED)
_10866_/A                               0.750000    0.765192   -0.015192 (VIOLATED)
_11026_/B                               0.750000    0.765192   -0.015192 (VIOLATED)
fanout1658/A                            0.750000    0.765192   -0.015192 (VIOLATED)
fanout1660/X                            0.750000    0.765192   -0.015192 (VIOLATED)
_09894_/A1                              0.750000    0.764944   -0.014944 (VIOLATED)
_09921_/A                               0.750000    0.764944   -0.014944 (VIOLATED)
_09924_/A_N                             0.750000    0.764944   -0.014944 (VIOLATED)
_09928_/A                               0.750000    0.764944   -0.014944 (VIOLATED)
_09933_/A                               0.750000    0.764944   -0.014944 (VIOLATED)
_09962_/A1                              0.750000    0.764944   -0.014944 (VIOLATED)
_10290_/A_N                             0.750000    0.764944   -0.014944 (VIOLATED)
fanout1718/A                            0.750000    0.764944   -0.014944 (VIOLATED)
fanout1719/X                            0.750000    0.764944   -0.014944 (VIOLATED)
_17678_/A1                              0.750000    0.764668   -0.014668 (VIOLATED)
_17677_/X                               0.750000    0.764657   -0.014657 (VIOLATED)
_11842_/A_N                             0.750000    0.764601   -0.014601 (VIOLATED)
_11854_/A                               0.750000    0.764601   -0.014601 (VIOLATED)
_11857_/B                               0.750000    0.764601   -0.014601 (VIOLATED)
_11860_/A                               0.750000    0.764601   -0.014601 (VIOLATED)
_11863_/B                               0.750000    0.764601   -0.014601 (VIOLATED)
_11882_/B                               0.750000    0.764601   -0.014601 (VIOLATED)
_11883_/A_N                             0.750000    0.764601   -0.014601 (VIOLATED)
_11885_/B                               0.750000    0.764601   -0.014601 (VIOLATED)
_11916_/C_N                             0.750000    0.764601   -0.014601 (VIOLATED)
_11941_/A                               0.750000    0.764601   -0.014601 (VIOLATED)
fanout1053/X                            0.750000    0.764601   -0.014601 (VIOLATED)
ANTENNA_173/DIODE                       0.750000    0.763751   -0.013751 (VIOLATED)
_18418_/A1                              0.750000    0.763751   -0.013751 (VIOLATED)
_09451_/A                               0.750000    0.763722   -0.013722 (VIOLATED)
_14726_/B1                              0.750000    0.763722   -0.013722 (VIOLATED)
_14731_/A1                              0.750000    0.763722   -0.013722 (VIOLATED)
_14739_/D1                              0.750000    0.763722   -0.013722 (VIOLATED)
_14760_/A1                              0.750000    0.763722   -0.013722 (VIOLATED)
_14907_/A                               0.750000    0.763722   -0.013722 (VIOLATED)
_14909_/A                               0.750000    0.763722   -0.013722 (VIOLATED)
_14919_/A1                              0.750000    0.763722   -0.013722 (VIOLATED)
_14924_/A                               0.750000    0.763722   -0.013722 (VIOLATED)
_14932_/C1                              0.750000    0.763722   -0.013722 (VIOLATED)
fanout1313/X                            0.750000    0.763722   -0.013722 (VIOLATED)
_17787_/A                               0.750000    0.763714   -0.013714 (VIOLATED)
_18405_/A1                              0.750000    0.763714   -0.013714 (VIOLATED)
_19358_/Q                               0.750000    0.763714   -0.013714 (VIOLATED)
_15988_/C1                              0.750000    0.763323   -0.013323 (VIOLATED)
_16463_/C1                              0.750000    0.763323   -0.013323 (VIOLATED)
_16464_/A1                              0.750000    0.763323   -0.013323 (VIOLATED)
_17030_/B1                              0.750000    0.763323   -0.013323 (VIOLATED)
_17040_/A1                              0.750000    0.763323   -0.013323 (VIOLATED)
_17150_/D1                              0.750000    0.763323   -0.013323 (VIOLATED)
fanout1819/A                            0.750000    0.763323   -0.013323 (VIOLATED)
fanout1820/X                            0.750000    0.763323   -0.013323 (VIOLATED)
_09513_/A                               0.750000    0.763135   -0.013136 (VIOLATED)
_18725_/A                               0.750000    0.763133   -0.013133 (VIOLATED)
_18733_/A2                              0.750000    0.763124   -0.013124 (VIOLATED)
_09510_/Y                               0.750000    0.763034   -0.013034 (VIOLATED)
_16257_/A_N                             0.750000    0.762799   -0.012799 (VIOLATED)
_16262_/A_N                             0.750000    0.762799   -0.012799 (VIOLATED)
_16284_/B                               0.750000    0.762799   -0.012799 (VIOLATED)
_16304_/A2                              0.750000    0.762799   -0.012799 (VIOLATED)
_16308_/B                               0.750000    0.762799   -0.012799 (VIOLATED)
_16309_/B                               0.750000    0.762799   -0.012799 (VIOLATED)
_16648_/A                               0.750000    0.762799   -0.012799 (VIOLATED)
fanout1389/A                            0.750000    0.762799   -0.012799 (VIOLATED)
fanout1390/X                            0.750000    0.762799   -0.012799 (VIOLATED)
_16105_/X                               0.750000    0.762731   -0.012731 (VIOLATED)
_16160_/A1                              0.750000    0.762731   -0.012731 (VIOLATED)
_17173_/B2                              0.750000    0.762731   -0.012731 (VIOLATED)
_17192_/A1                              0.750000    0.762731   -0.012731 (VIOLATED)
fanout400/A                             0.750000    0.762731   -0.012731 (VIOLATED)
_09810_/B1                              0.750000    0.762626   -0.012626 (VIOLATED)
_09833_/A                               0.750000    0.762626   -0.012626 (VIOLATED)
_10350_/B1                              0.750000    0.762626   -0.012626 (VIOLATED)
_10789_/A1                              0.750000    0.762626   -0.012626 (VIOLATED)
_10807_/C1                              0.750000    0.762626   -0.012626 (VIOLATED)
_10809_/B1                              0.750000    0.762626   -0.012626 (VIOLATED)
_10895_/B                               0.750000    0.762626   -0.012626 (VIOLATED)
_10908_/A1                              0.750000    0.762626   -0.012626 (VIOLATED)
_11213_/C1                              0.750000    0.762626   -0.012626 (VIOLATED)
_11214_/C1                              0.750000    0.762626   -0.012626 (VIOLATED)
fanout819/X                             0.750000    0.762626   -0.012626 (VIOLATED)
_15185_/B1                              0.750000    0.761771   -0.011771 (VIOLATED)
_14895_/A1                              0.750000    0.761771   -0.011771 (VIOLATED)
_14897_/A1                              0.750000    0.761771   -0.011771 (VIOLATED)
_15115_/C1                              0.750000    0.761771   -0.011771 (VIOLATED)
_15127_/B1                              0.750000    0.761771   -0.011771 (VIOLATED)
_15132_/C1                              0.750000    0.761771   -0.011771 (VIOLATED)
_15181_/C1                              0.750000    0.761771   -0.011771 (VIOLATED)
_15202_/A1                              0.750000    0.761771   -0.011771 (VIOLATED)
_15691_/C1                              0.750000    0.761771   -0.011771 (VIOLATED)
_15704_/C1                              0.750000    0.761771   -0.011771 (VIOLATED)
fanout1781/X                            0.750000    0.761771   -0.011771 (VIOLATED)
_11425_/A                               0.750000    0.761181   -0.011181 (VIOLATED)
_11441_/A                               0.750000    0.761181   -0.011181 (VIOLATED)
_11478_/B1                              0.750000    0.761181   -0.011181 (VIOLATED)
_11479_/B1                              0.750000    0.761181   -0.011181 (VIOLATED)
_11522_/A1                              0.750000    0.761181   -0.011181 (VIOLATED)
_11592_/A1                              0.750000    0.761181   -0.011181 (VIOLATED)
_11602_/A1                              0.750000    0.761181   -0.011181 (VIOLATED)
_11607_/A                               0.750000    0.761181   -0.011181 (VIOLATED)
_11660_/A1                              0.750000    0.761181   -0.011181 (VIOLATED)
_11667_/A1                              0.750000    0.761181   -0.011181 (VIOLATED)
fanout1079/X                            0.750000    0.761181   -0.011181 (VIOLATED)
_16766_/A1                              0.750000    0.761146   -0.011147 (VIOLATED)
_17011_/A0                              0.750000    0.761146   -0.011147 (VIOLATED)
_17146_/A1                              0.750000    0.761146   -0.011147 (VIOLATED)
fanout1842/A                            0.750000    0.761146   -0.011147 (VIOLATED)
fanout1844/A                            0.750000    0.761146   -0.011147 (VIOLATED)
fanout1845/A                            0.750000    0.761146   -0.011147 (VIOLATED)
fanout1847/X                            0.750000    0.761146   -0.011147 (VIOLATED)
_16055_/B                               0.750000    0.760219   -0.010219 (VIOLATED)
_16091_/A1                              0.750000    0.760219   -0.010219 (VIOLATED)
_16402_/B1                              0.750000    0.760219   -0.010219 (VIOLATED)
_16414_/A                               0.750000    0.760219   -0.010219 (VIOLATED)
_16947_/D1                              0.750000    0.760219   -0.010219 (VIOLATED)
_16960_/B2                              0.750000    0.760219   -0.010219 (VIOLATED)
_16966_/A1                              0.750000    0.760219   -0.010219 (VIOLATED)
_17082_/B1                              0.750000    0.760219   -0.010219 (VIOLATED)
_17084_/B1                              0.750000    0.760219   -0.010219 (VIOLATED)
_17093_/A1                              0.750000    0.760219   -0.010219 (VIOLATED)
fanout668/X                             0.750000    0.760219   -0.010219 (VIOLATED)
_17884_/C1                              0.750000    0.760048   -0.010048 (VIOLATED)
_17894_/A2                              0.750000    0.760048   -0.010048 (VIOLATED)
_17910_/A2                              0.750000    0.760048   -0.010048 (VIOLATED)
_17960_/A2                              0.750000    0.760048   -0.010048 (VIOLATED)
_17977_/A2                              0.750000    0.760048   -0.010048 (VIOLATED)
_18009_/A2                              0.750000    0.760048   -0.010048 (VIOLATED)
_18072_/A2                              0.750000    0.760048   -0.010048 (VIOLATED)
_18109_/A2                              0.750000    0.760048   -0.010048 (VIOLATED)
_18110_/A2                              0.750000    0.760048   -0.010048 (VIOLATED)
_18112_/A2                              0.750000    0.760048   -0.010048 (VIOLATED)
fanout637/X                             0.750000    0.760048   -0.010048 (VIOLATED)
_13096_/B                               0.750000    0.759903   -0.009903 (VIOLATED)
_13176_/C1                              0.750000    0.759903   -0.009903 (VIOLATED)
_13274_/A1                              0.750000    0.759903   -0.009903 (VIOLATED)
_13624_/C1                              0.750000    0.759903   -0.009903 (VIOLATED)
_13852_/A1                              0.750000    0.759903   -0.009903 (VIOLATED)
_14012_/A2                              0.750000    0.759903   -0.009903 (VIOLATED)
_14021_/A1                              0.750000    0.759903   -0.009903 (VIOLATED)
_14023_/A1                              0.750000    0.759903   -0.009903 (VIOLATED)
_14027_/A1                              0.750000    0.759903   -0.009903 (VIOLATED)
_14029_/C1                              0.750000    0.759903   -0.009903 (VIOLATED)
fanout745/X                             0.750000    0.759903   -0.009903 (VIOLATED)
_14454_/Y                               0.750000    0.759629   -0.009629 (VIOLATED)
_14455_/C                               0.750000    0.759629   -0.009629 (VIOLATED)
_14903_/C                               0.750000    0.759629   -0.009629 (VIOLATED)
_14909_/C                               0.750000    0.759629   -0.009629 (VIOLATED)
_15019_/C                               0.750000    0.759629   -0.009629 (VIOLATED)
_12965_/A                               0.750000    0.759543   -0.009543 (VIOLATED)
_12983_/B                               0.750000    0.759543   -0.009543 (VIOLATED)
_12984_/B                               0.750000    0.759543   -0.009543 (VIOLATED)
_12995_/A2                              0.750000    0.759543   -0.009543 (VIOLATED)
_12997_/A                               0.750000    0.759543   -0.009543 (VIOLATED)
_13033_/B2                              0.750000    0.759543   -0.009543 (VIOLATED)
_13034_/A                               0.750000    0.759543   -0.009543 (VIOLATED)
fanout1244/X                            0.750000    0.759543   -0.009543 (VIOLATED)
_12290_/B                               0.750000    0.759400   -0.009400 (VIOLATED)
_12307_/A                               0.750000    0.759400   -0.009400 (VIOLATED)
_12329_/C1                              0.750000    0.759400   -0.009400 (VIOLATED)
_12349_/B1                              0.750000    0.759400   -0.009400 (VIOLATED)
_12508_/C1                              0.750000    0.759400   -0.009400 (VIOLATED)
_12517_/B                               0.750000    0.759400   -0.009400 (VIOLATED)
_12543_/C1                              0.750000    0.759400   -0.009400 (VIOLATED)
_12660_/C1                              0.750000    0.759400   -0.009400 (VIOLATED)
_12663_/C1                              0.750000    0.759400   -0.009400 (VIOLATED)
_12666_/C1                              0.750000    0.759400   -0.009400 (VIOLATED)
fanout971/X                             0.750000    0.759400   -0.009400 (VIOLATED)
_10028_/A_N                             0.750000    0.759382   -0.009382 (VIOLATED)
_10029_/A_N                             0.750000    0.759382   -0.009382 (VIOLATED)
_10032_/B                               0.750000    0.759382   -0.009382 (VIOLATED)
_10033_/B                               0.750000    0.759382   -0.009382 (VIOLATED)
_10042_/B                               0.750000    0.759382   -0.009382 (VIOLATED)
_10049_/B                               0.750000    0.759382   -0.009382 (VIOLATED)
_10050_/A2                              0.750000    0.759382   -0.009382 (VIOLATED)
_10060_/B                               0.750000    0.759382   -0.009382 (VIOLATED)
_10061_/B                               0.750000    0.759382   -0.009382 (VIOLATED)
_10103_/A2                              0.750000    0.759382   -0.009382 (VIOLATED)
fanout1433/X                            0.750000    0.759382   -0.009382 (VIOLATED)
_16132_/A2                              0.750000    0.758976   -0.008976 (VIOLATED)
_16167_/A                               0.750000    0.758976   -0.008976 (VIOLATED)
_16489_/A                               0.750000    0.758976   -0.008976 (VIOLATED)
_17311_/A1                              0.750000    0.758976   -0.008976 (VIOLATED)
fanout1617/A                            0.750000    0.758976   -0.008976 (VIOLATED)
fanout1618/A                            0.750000    0.758976   -0.008976 (VIOLATED)
fanout1619/X                            0.750000    0.758976   -0.008976 (VIOLATED)
_12693_/Y                               0.750000    0.758521   -0.008521 (VIOLATED)
_12694_/B                               0.750000    0.758521   -0.008521 (VIOLATED)
_13222_/A1                              0.750000    0.758521   -0.008521 (VIOLATED)
_13233_/B2                              0.750000    0.758521   -0.008521 (VIOLATED)
_13552_/A                               0.750000    0.758521   -0.008521 (VIOLATED)
_13944_/A1                              0.750000    0.758521   -0.008521 (VIOLATED)
_09387_/A                               0.750000    0.758333   -0.008333 (VIOLATED)
_10043_/A                               0.750000    0.758333   -0.008333 (VIOLATED)
_10047_/B                               0.750000    0.758333   -0.008333 (VIOLATED)
_10051_/A1                              0.750000    0.758333   -0.008333 (VIOLATED)
_10056_/B                               0.750000    0.758333   -0.008333 (VIOLATED)
_10062_/B                               0.750000    0.758333   -0.008333 (VIOLATED)
_10092_/A                               0.750000    0.758333   -0.008333 (VIOLATED)
_10611_/A1                              0.750000    0.758333   -0.008333 (VIOLATED)
_10946_/A1                              0.750000    0.758333   -0.008333 (VIOLATED)
_11362_/A1                              0.750000    0.758333   -0.008333 (VIOLATED)
fanout1416/X                            0.750000    0.758333   -0.008333 (VIOLATED)
_18637_/B1                              0.750000    0.758183   -0.008183 (VIOLATED)
_18643_/B1                              0.750000    0.758183   -0.008183 (VIOLATED)
_18645_/B1                              0.750000    0.758183   -0.008183 (VIOLATED)
fanout355/A                             0.750000    0.758183   -0.008183 (VIOLATED)
fanout356/A                             0.750000    0.758183   -0.008183 (VIOLATED)
fanout357/X                             0.750000    0.758183   -0.008183 (VIOLATED)
_09380_/A                               0.750000    0.758063   -0.008063 (VIOLATED)
_10351_/A1                              0.750000    0.758063   -0.008063 (VIOLATED)
_10594_/C1                              0.750000    0.758063   -0.008063 (VIOLATED)
_10781_/B1                              0.750000    0.758063   -0.008063 (VIOLATED)
_10785_/C1                              0.750000    0.758063   -0.008063 (VIOLATED)
_10796_/C1                              0.750000    0.758063   -0.008063 (VIOLATED)
_10886_/C1                              0.750000    0.758063   -0.008063 (VIOLATED)
_10905_/C1                              0.750000    0.758063   -0.008063 (VIOLATED)
_10907_/A                               0.750000    0.758063   -0.008063 (VIOLATED)
_17839_/A0                              0.750000    0.758063   -0.008063 (VIOLATED)
fanout1173/X                            0.750000    0.758063   -0.008063 (VIOLATED)
_09443_/A                               0.750000    0.757969   -0.007969 (VIOLATED)
_14271_/B                               0.750000    0.757969   -0.007969 (VIOLATED)
_14273_/B                               0.750000    0.757969   -0.007969 (VIOLATED)
_14306_/A                               0.750000    0.757969   -0.007969 (VIOLATED)
_14344_/A1                              0.750000    0.757969   -0.007969 (VIOLATED)
_14347_/A1                              0.750000    0.757969   -0.007969 (VIOLATED)
_14352_/C                               0.750000    0.757969   -0.007969 (VIOLATED)
_14362_/A1                              0.750000    0.757969   -0.007969 (VIOLATED)
_14779_/A1                              0.750000    0.757969   -0.007969 (VIOLATED)
_14944_/A1                              0.750000    0.757969   -0.007969 (VIOLATED)
fanout1277/X                            0.750000    0.757969   -0.007969 (VIOLATED)
_11841_/A_N                             0.750000    0.757583   -0.007583 (VIOLATED)
_11844_/B                               0.750000    0.757583   -0.007583 (VIOLATED)
_11853_/A_N                             0.750000    0.757583   -0.007583 (VIOLATED)
_11859_/B                               0.750000    0.757583   -0.007583 (VIOLATED)
_11861_/B                               0.750000    0.757583   -0.007583 (VIOLATED)
_11864_/B                               0.750000    0.757583   -0.007583 (VIOLATED)
_11873_/A                               0.750000    0.757583   -0.007583 (VIOLATED)
_11891_/A                               0.750000    0.757583   -0.007583 (VIOLATED)
_11913_/A2                              0.750000    0.757583   -0.007583 (VIOLATED)
_12023_/B                               0.750000    0.757583   -0.007583 (VIOLATED)
fanout1051/X                            0.750000    0.757583   -0.007583 (VIOLATED)
_17925_/A1                              0.750000    0.757481   -0.007481 (VIOLATED)
_17949_/A1                              0.750000    0.757481   -0.007481 (VIOLATED)
_17964_/B1                              0.750000    0.757481   -0.007481 (VIOLATED)
_17966_/A1                              0.750000    0.757481   -0.007481 (VIOLATED)
_17982_/B1                              0.750000    0.757481   -0.007481 (VIOLATED)
_17998_/A1                              0.750000    0.757481   -0.007481 (VIOLATED)
_18015_/A1                              0.750000    0.757481   -0.007481 (VIOLATED)
_18028_/A1                              0.750000    0.757481   -0.007481 (VIOLATED)
_18031_/A1                              0.750000    0.757481   -0.007481 (VIOLATED)
_18047_/A1                              0.750000    0.757481   -0.007481 (VIOLATED)
fanout880/X                             0.750000    0.757481   -0.007481 (VIOLATED)
_10361_/B1                              0.750000    0.757480   -0.007480 (VIOLATED)
_10365_/A1                              0.750000    0.757480   -0.007480 (VIOLATED)
_10375_/C1                              0.750000    0.757480   -0.007480 (VIOLATED)
_10566_/B1                              0.750000    0.757480   -0.007480 (VIOLATED)
_10574_/C1                              0.750000    0.757480   -0.007480 (VIOLATED)
_10578_/A1                              0.750000    0.757480   -0.007480 (VIOLATED)
_10591_/A1                              0.750000    0.757480   -0.007480 (VIOLATED)
_11057_/C1                              0.750000    0.757480   -0.007480 (VIOLATED)
_11066_/A1                              0.750000    0.757480   -0.007480 (VIOLATED)
_11325_/C1                              0.750000    0.757480   -0.007480 (VIOLATED)
fanout1163/X                            0.750000    0.757480   -0.007480 (VIOLATED)
_14267_/A_N                             0.750000    0.756817   -0.006817 (VIOLATED)
_14272_/B                               0.750000    0.756817   -0.006817 (VIOLATED)
_14292_/A                               0.750000    0.756817   -0.006817 (VIOLATED)
_14293_/A                               0.750000    0.756817   -0.006817 (VIOLATED)
_14301_/A1                              0.750000    0.756817   -0.006817 (VIOLATED)
_14333_/A                               0.750000    0.756817   -0.006817 (VIOLATED)
_14336_/A                               0.750000    0.756817   -0.006817 (VIOLATED)
_14778_/A1                              0.750000    0.756817   -0.006817 (VIOLATED)
_14780_/A1                              0.750000    0.756817   -0.006817 (VIOLATED)
_14797_/A1                              0.750000    0.756817   -0.006817 (VIOLATED)
fanout1280/X                            0.750000    0.756817   -0.006817 (VIOLATED)
_09805_/A                               0.750000    0.756671   -0.006671 (VIOLATED)
_09828_/B1                              0.750000    0.756671   -0.006671 (VIOLATED)
_09829_/A1                              0.750000    0.756671   -0.006671 (VIOLATED)
_09870_/C1                              0.750000    0.756671   -0.006671 (VIOLATED)
_09872_/A                               0.750000    0.756671   -0.006671 (VIOLATED)
_10580_/B1                              0.750000    0.756671   -0.006671 (VIOLATED)
_10788_/C1                              0.750000    0.756671   -0.006671 (VIOLATED)
_10790_/C1                              0.750000    0.756671   -0.006671 (VIOLATED)
_10893_/B1                              0.750000    0.756671   -0.006671 (VIOLATED)
_11221_/A1                              0.750000    0.756671   -0.006671 (VIOLATED)
fanout1171/X                            0.750000    0.756671   -0.006671 (VIOLATED)
_14521_/Y                               0.750000    0.755550   -0.005550 (VIOLATED)
_14551_/B                               0.750000    0.755550   -0.005550 (VIOLATED)
_14590_/C                               0.750000    0.755550   -0.005550 (VIOLATED)
_15437_/B                               0.750000    0.755550   -0.005550 (VIOLATED)
max_cap434/A                            0.750000    0.755550   -0.005550 (VIOLATED)
_14740_/A                               0.750000    0.755470   -0.005470 (VIOLATED)
_14743_/A                               0.750000    0.755470   -0.005470 (VIOLATED)
_14757_/A1                              0.750000    0.755470   -0.005470 (VIOLATED)
_14903_/A                               0.750000    0.755470   -0.005470 (VIOLATED)
_14925_/A1                              0.750000    0.755470   -0.005470 (VIOLATED)
_14931_/B1                              0.750000    0.755470   -0.005470 (VIOLATED)
_14935_/B1                              0.750000    0.755470   -0.005470 (VIOLATED)
_15026_/A1                              0.750000    0.755470   -0.005470 (VIOLATED)
_15312_/A1                              0.750000    0.755470   -0.005470 (VIOLATED)
_15316_/B1                              0.750000    0.755470   -0.005470 (VIOLATED)
fanout708/X                             0.750000    0.755470   -0.005470 (VIOLATED)
_18445_/B1                              0.750000    0.755364   -0.005364 (VIOLATED)
_18463_/B1                              0.750000    0.755364   -0.005364 (VIOLATED)
_18527_/B1                              0.750000    0.755364   -0.005364 (VIOLATED)
_18607_/B1                              0.750000    0.755364   -0.005364 (VIOLATED)
_18639_/B1                              0.750000    0.755364   -0.005364 (VIOLATED)
_18653_/B1                              0.750000    0.755364   -0.005364 (VIOLATED)
_18669_/B1                              0.750000    0.755364   -0.005364 (VIOLATED)
_18671_/B1                              0.750000    0.755364   -0.005364 (VIOLATED)
_18691_/B1                              0.750000    0.755364   -0.005364 (VIOLATED)
_18693_/B1                              0.750000    0.755364   -0.005364 (VIOLATED)
fanout367/X                             0.750000    0.755364   -0.005364 (VIOLATED)
fanout1034/A                            0.750000    0.755350   -0.005350 (VIOLATED)
fanout1035/A                            0.750000    0.755350   -0.005350 (VIOLATED)
fanout1037/A                            0.750000    0.755350   -0.005350 (VIOLATED)
fanout1038/A                            0.750000    0.755350   -0.005350 (VIOLATED)
fanout1041/A                            0.750000    0.755350   -0.005350 (VIOLATED)
fanout1043/A                            0.750000    0.755350   -0.005350 (VIOLATED)
fanout1044/X                            0.750000    0.755350   -0.005350 (VIOLATED)
_12720_/A2                              0.750000    0.755314   -0.005314 (VIOLATED)
_13409_/C                               0.750000    0.755313   -0.005313 (VIOLATED)
_12781_/A                               0.750000    0.755312   -0.005312 (VIOLATED)
_13937_/A2                              0.750000    0.755312   -0.005312 (VIOLATED)
_12716_/X                               0.750000    0.755311   -0.005311 (VIOLATED)
_12796_/B                               0.750000    0.755311   -0.005311 (VIOLATED)
_12810_/B                               0.750000    0.755311   -0.005311 (VIOLATED)
_12811_/A3                              0.750000    0.755311   -0.005311 (VIOLATED)
_13229_/A2                              0.750000    0.755311   -0.005311 (VIOLATED)
_13944_/A2                              0.750000    0.755311   -0.005311 (VIOLATED)
_13128_/C1                              0.750000    0.754992   -0.004992 (VIOLATED)
_13180_/B1                              0.750000    0.754992   -0.004992 (VIOLATED)
_13434_/A                               0.750000    0.754992   -0.004992 (VIOLATED)
_13435_/A1                              0.750000    0.754992   -0.004992 (VIOLATED)
_13606_/B1                              0.750000    0.754992   -0.004992 (VIOLATED)
_13607_/A1_N                            0.750000    0.754992   -0.004992 (VIOLATED)
_13626_/A1_N                            0.750000    0.754992   -0.004992 (VIOLATED)
_13683_/A                               0.750000    0.754992   -0.004992 (VIOLATED)
_13688_/C1                              0.750000    0.754992   -0.004992 (VIOLATED)
_13830_/B1                              0.750000    0.754992   -0.004992 (VIOLATED)
fanout1494/X                            0.750000    0.754992   -0.004992 (VIOLATED)
_11105_/D1                              0.750000    0.754947   -0.004947 (VIOLATED)
_11115_/C1                              0.750000    0.754947   -0.004947 (VIOLATED)
_11119_/A1                              0.750000    0.754947   -0.004947 (VIOLATED)
_11122_/B1                              0.750000    0.754947   -0.004947 (VIOLATED)
_11129_/B1                              0.750000    0.754947   -0.004947 (VIOLATED)
_11270_/C1                              0.750000    0.754947   -0.004947 (VIOLATED)
_11359_/B1                              0.750000    0.754947   -0.004947 (VIOLATED)
_11374_/A1                              0.750000    0.754947   -0.004947 (VIOLATED)
fanout814/X                             0.750000    0.754947   -0.004947 (VIOLATED)
_09869_/C1                              0.750000    0.754509   -0.004509 (VIOLATED)
_10343_/A                               0.750000    0.754509   -0.004509 (VIOLATED)
_10344_/C1                              0.750000    0.754509   -0.004509 (VIOLATED)
_10356_/A                               0.750000    0.754509   -0.004509 (VIOLATED)
_10379_/A                               0.750000    0.754509   -0.004509 (VIOLATED)
_10572_/A                               0.750000    0.754509   -0.004509 (VIOLATED)
_10798_/B                               0.750000    0.754509   -0.004509 (VIOLATED)
_10894_/A                               0.750000    0.754509   -0.004509 (VIOLATED)
_11051_/A1                              0.750000    0.754509   -0.004509 (VIOLATED)
_11326_/A                               0.750000    0.754509   -0.004509 (VIOLATED)
fanout816/X                             0.750000    0.754509   -0.004509 (VIOLATED)
_15198_/A1                              0.750000    0.754488   -0.004488 (VIOLATED)
_15376_/A                               0.750000    0.754488   -0.004488 (VIOLATED)
_15637_/A1                              0.750000    0.754488   -0.004488 (VIOLATED)
_15638_/A1                              0.750000    0.754488   -0.004488 (VIOLATED)
fanout685/A                             0.750000    0.754488   -0.004488 (VIOLATED)
fanout686/A                             0.750000    0.754488   -0.004488 (VIOLATED)
fanout687/A                             0.750000    0.754488   -0.004488 (VIOLATED)
fanout688/X                             0.750000    0.754488   -0.004488 (VIOLATED)
_18304_/B1                              0.750000    0.753743   -0.003743 (VIOLATED)
_18313_/A2                              0.750000    0.753743   -0.003743 (VIOLATED)
_18321_/A2                              0.750000    0.753743   -0.003743 (VIOLATED)
_18329_/A2                              0.750000    0.753743   -0.003743 (VIOLATED)
_18426_/A2                              0.750000    0.753743   -0.003743 (VIOLATED)
_18428_/A2                              0.750000    0.753743   -0.003743 (VIOLATED)
_18432_/A2                              0.750000    0.753743   -0.003743 (VIOLATED)
_18434_/A2                              0.750000    0.753743   -0.003743 (VIOLATED)
_18436_/A2                              0.750000    0.753743   -0.003743 (VIOLATED)
_18440_/A2                              0.750000    0.753743   -0.003743 (VIOLATED)
fanout195/X                             0.750000    0.753743   -0.003743 (VIOLATED)
_13059_/B                               0.750000    0.753058   -0.003058 (VIOLATED)
_13065_/A_N                             0.750000    0.753058   -0.003058 (VIOLATED)
_13075_/A2                              0.750000    0.753058   -0.003058 (VIOLATED)
_13090_/A                               0.750000    0.753058   -0.003058 (VIOLATED)
_13112_/B                               0.750000    0.753058   -0.003058 (VIOLATED)
_13133_/A2                              0.750000    0.753058   -0.003058 (VIOLATED)
_13160_/A                               0.750000    0.753058   -0.003058 (VIOLATED)
_13196_/A1                              0.750000    0.753058   -0.003058 (VIOLATED)
_13280_/A                               0.750000    0.753058   -0.003058 (VIOLATED)
fanout1518/A                            0.750000    0.753058   -0.003058 (VIOLATED)
fanout1519/X                            0.750000    0.753058   -0.003058 (VIOLATED)
_12380_/A                               0.750000    0.752824   -0.002824 (VIOLATED)
_12270_/X                               0.750000    0.752792   -0.002792 (VIOLATED)
_16126_/A                               0.750000    0.752448   -0.002448 (VIOLATED)
_16133_/B1                              0.750000    0.752448   -0.002448 (VIOLATED)
_16199_/C1                              0.750000    0.752448   -0.002448 (VIOLATED)
_16474_/A1                              0.750000    0.752448   -0.002448 (VIOLATED)
_16475_/B1                              0.750000    0.752448   -0.002448 (VIOLATED)
_16685_/A1                              0.750000    0.752448   -0.002448 (VIOLATED)
_16698_/B2                              0.750000    0.752448   -0.002448 (VIOLATED)
_16786_/A1                              0.750000    0.752448   -0.002448 (VIOLATED)
_16789_/A1                              0.750000    0.752448   -0.002448 (VIOLATED)
_16793_/A1                              0.750000    0.752448   -0.002448 (VIOLATED)
fanout647/X                             0.750000    0.752448   -0.002448 (VIOLATED)
_10438_/B1                              0.750000    0.752027   -0.002027 (VIOLATED)
_10470_/B1                              0.750000    0.752027   -0.002027 (VIOLATED)
_10647_/C1                              0.750000    0.752027   -0.002027 (VIOLATED)
_10660_/C1                              0.750000    0.752027   -0.002027 (VIOLATED)
_10666_/A1                              0.750000    0.752027   -0.002027 (VIOLATED)
_10671_/A1                              0.750000    0.752027   -0.002027 (VIOLATED)
_10676_/A1                              0.750000    0.752027   -0.002027 (VIOLATED)
_10824_/A1                              0.750000    0.752027   -0.002027 (VIOLATED)
_11137_/C1                              0.750000    0.752027   -0.002027 (VIOLATED)
_11402_/C1                              0.750000    0.752027   -0.002027 (VIOLATED)
fanout914/X                             0.750000    0.752027   -0.002027 (VIOLATED)
_16306_/A                               0.750000    0.751877   -0.001877 (VIOLATED)
_16312_/C1                              0.750000    0.751877   -0.001877 (VIOLATED)
_16337_/A1                              0.750000    0.751877   -0.001877 (VIOLATED)
_16911_/B1                              0.750000    0.751877   -0.001877 (VIOLATED)
_17226_/A1                              0.750000    0.751877   -0.001877 (VIOLATED)
_17229_/A                               0.750000    0.751877   -0.001877 (VIOLATED)
_17230_/A1                              0.750000    0.751877   -0.001877 (VIOLATED)
_17242_/B1                              0.750000    0.751877   -0.001877 (VIOLATED)
_17270_/A1                              0.750000    0.751877   -0.001877 (VIOLATED)
fanout1363/A                            0.750000    0.751877   -0.001877 (VIOLATED)
fanout1364/X                            0.750000    0.751877   -0.001877 (VIOLATED)
_16100_/A                               0.750000    0.751739   -0.001739 (VIOLATED)
_16157_/B2                              0.750000    0.751739   -0.001739 (VIOLATED)
_16158_/B                               0.750000    0.751739   -0.001739 (VIOLATED)
_16159_/B                               0.750000    0.751739   -0.001739 (VIOLATED)
_16503_/A                               0.750000    0.751739   -0.001739 (VIOLATED)
_16674_/B                               0.750000    0.751739   -0.001739 (VIOLATED)
_16691_/A1                              0.750000    0.751739   -0.001739 (VIOLATED)
_16796_/A1                              0.750000    0.751739   -0.001739 (VIOLATED)
_16975_/A1                              0.750000    0.751739   -0.001739 (VIOLATED)
_17188_/A1                              0.750000    0.751739   -0.001739 (VIOLATED)
fanout1605/X                            0.750000    0.751739   -0.001739 (VIOLATED)
_12690_/B                               0.750000    0.751668   -0.001668 (VIOLATED)
_12697_/B                               0.750000    0.751668   -0.001668 (VIOLATED)
_12702_/A                               0.750000    0.751668   -0.001668 (VIOLATED)
_12726_/A                               0.750000    0.751668   -0.001668 (VIOLATED)
_12741_/A                               0.750000    0.751668   -0.001668 (VIOLATED)
_12763_/B                               0.750000    0.751668   -0.001668 (VIOLATED)
_12776_/B                               0.750000    0.751668   -0.001668 (VIOLATED)
_12787_/A_N                             0.750000    0.751668   -0.001668 (VIOLATED)
_12811_/A2                              0.750000    0.751668   -0.001668 (VIOLATED)
_13218_/A2                              0.750000    0.751668   -0.001668 (VIOLATED)
fanout1482/X                            0.750000    0.751668   -0.001668 (VIOLATED)
_14319_/A                               0.750000    0.751616   -0.001616 (VIOLATED)
_14331_/A1                              0.750000    0.751616   -0.001616 (VIOLATED)
_14345_/B1                              0.750000    0.751616   -0.001616 (VIOLATED)
_14357_/A1                              0.750000    0.751616   -0.001616 (VIOLATED)
_14767_/A                               0.750000    0.751616   -0.001616 (VIOLATED)
_14768_/A                               0.750000    0.751616   -0.001616 (VIOLATED)
_14811_/C1                              0.750000    0.751616   -0.001616 (VIOLATED)
_14951_/B1                              0.750000    0.751616   -0.001616 (VIOLATED)
_14958_/A1                              0.750000    0.751616   -0.001616 (VIOLATED)
_15406_/A                               0.750000    0.751616   -0.001616 (VIOLATED)
fanout716/X                             0.750000    0.751616   -0.001616 (VIOLATED)
_12788_/A                               0.750000    0.751042   -0.001042 (VIOLATED)
_12705_/B                               0.750000    0.751041   -0.001041 (VIOLATED)
_12700_/B                               0.750000    0.751040   -0.001040 (VIOLATED)
_12687_/B                               0.750000    0.751040   -0.001040 (VIOLATED)
_12698_/A_N                             0.750000    0.751040   -0.001040 (VIOLATED)
_13248_/A                               0.750000    0.751039   -0.001039 (VIOLATED)
fanout1479/A                            0.750000    0.751039   -0.001039 (VIOLATED)
fanout1480/A                            0.750000    0.751039   -0.001039 (VIOLATED)
fanout1481/X                            0.750000    0.751039   -0.001039 (VIOLATED)
_09795_/B1                              0.750000    0.750449   -0.000449 (VIOLATED)
_09819_/B2                              0.750000    0.750449   -0.000449 (VIOLATED)
_09835_/A1                              0.750000    0.750449   -0.000449 (VIOLATED)
_09863_/A                               0.750000    0.750449   -0.000449 (VIOLATED)
_09866_/C1                              0.750000    0.750449   -0.000449 (VIOLATED)
_10370_/A1                              0.750000    0.750449   -0.000449 (VIOLATED)
_10791_/A1                              0.750000    0.750449   -0.000449 (VIOLATED)
_10891_/B1                              0.750000    0.750449   -0.000449 (VIOLATED)
_10892_/A1                              0.750000    0.750449   -0.000449 (VIOLATED)
_11049_/A1                              0.750000    0.750449   -0.000449 (VIOLATED)
fanout1172/X                            0.750000    0.750449   -0.000449 (VIOLATED)
_09917_/A                               0.750000    0.750282   -0.000282 (VIOLATED)
_09919_/A                               0.750000    0.750282   -0.000282 (VIOLATED)
_09980_/B                               0.750000    0.750282   -0.000282 (VIOLATED)
_10005_/B2                              0.750000    0.750282   -0.000282 (VIOLATED)
_10009_/B                               0.750000    0.750282   -0.000282 (VIOLATED)
_10264_/A1                              0.750000    0.750282   -0.000282 (VIOLATED)
_10265_/A                               0.750000    0.750282   -0.000282 (VIOLATED)
_10931_/B                               0.750000    0.750282   -0.000282 (VIOLATED)
_10932_/B1                              0.750000    0.750282   -0.000282 (VIOLATED)
_11234_/A1                              0.750000    0.750282   -0.000282 (VIOLATED)
fanout832/X                             0.750000    0.750282   -0.000282 (VIOLATED)
_17861_/A2                              0.750000    0.750243   -0.000243 (VIOLATED)
_17873_/A2                              0.750000    0.750243   -0.000243 (VIOLATED)
_17881_/A2                              0.750000    0.750243   -0.000243 (VIOLATED)
_17912_/A2                              0.750000    0.750243   -0.000243 (VIOLATED)
_18122_/A2                              0.750000    0.750243   -0.000243 (VIOLATED)
_18129_/A2                              0.750000    0.750243   -0.000243 (VIOLATED)
_18131_/A2                              0.750000    0.750243   -0.000243 (VIOLATED)
_18147_/B2                              0.750000    0.750243   -0.000243 (VIOLATED)
_18149_/B2                              0.750000    0.750243   -0.000243 (VIOLATED)
_18150_/B1                              0.750000    0.750243   -0.000243 (VIOLATED)
fanout643/X                             0.750000    0.750243   -0.000243 (VIOLATED)

max fanout

Pin                                   Limit Fanout  Slack
---------------------------------------------------------
clkbuf_leaf_4_clk/X                      10     16     -6 (VIOLATED)
clkbuf_leaf_20_clk/X                     10     15     -5 (VIOLATED)
clkbuf_leaf_22_clk/X                     10     15     -5 (VIOLATED)
clkbuf_leaf_2_clk/X                      10     15     -5 (VIOLATED)
clkbuf_leaf_31_clk/X                     10     15     -5 (VIOLATED)
clkbuf_leaf_32_clk/X                     10     15     -5 (VIOLATED)
clkbuf_leaf_33_clk/X                     10     15     -5 (VIOLATED)
clkbuf_leaf_35_clk/X                     10     15     -5 (VIOLATED)
clkbuf_leaf_39_clk/X                     10     15     -5 (VIOLATED)
clkbuf_leaf_3_clk/X                      10     15     -5 (VIOLATED)
clkbuf_leaf_44_clk/X                     10     15     -5 (VIOLATED)
clkbuf_leaf_47_clk/X                     10     15     -5 (VIOLATED)
clkbuf_leaf_48_clk/X                     10     15     -5 (VIOLATED)
clkbuf_leaf_49_clk/X                     10     15     -5 (VIOLATED)
clkbuf_leaf_51_clk/X                     10     15     -5 (VIOLATED)
clkbuf_leaf_54_clk/X                     10     15     -5 (VIOLATED)
clkbuf_leaf_55_clk/X                     10     15     -5 (VIOLATED)
clkbuf_leaf_58_clk/X                     10     15     -5 (VIOLATED)
clkbuf_leaf_59_clk/X                     10     15     -5 (VIOLATED)
clkbuf_leaf_8_clk/X                      10     15     -5 (VIOLATED)
clkbuf_leaf_9_clk/X                      10     15     -5 (VIOLATED)
clkbuf_leaf_10_clk/X                     10     14     -4 (VIOLATED)
clkbuf_leaf_11_clk/X                     10     14     -4 (VIOLATED)
clkbuf_leaf_15_clk/X                     10     14     -4 (VIOLATED)
clkbuf_leaf_16_clk/X                     10     14     -4 (VIOLATED)
clkbuf_leaf_18_clk/X                     10     14     -4 (VIOLATED)
clkbuf_leaf_19_clk/X                     10     14     -4 (VIOLATED)
clkbuf_leaf_21_clk/X                     10     14     -4 (VIOLATED)
clkbuf_leaf_23_clk/X                     10     14     -4 (VIOLATED)
clkbuf_leaf_27_clk/X                     10     14     -4 (VIOLATED)
clkbuf_leaf_29_clk/X                     10     14     -4 (VIOLATED)
clkbuf_leaf_30_clk/X                     10     14     -4 (VIOLATED)
clkbuf_leaf_34_clk/X                     10     14     -4 (VIOLATED)
clkbuf_leaf_38_clk/X                     10     14     -4 (VIOLATED)
clkbuf_leaf_40_clk/X                     10     14     -4 (VIOLATED)
clkbuf_leaf_41_clk/X                     10     14     -4 (VIOLATED)
clkbuf_leaf_42_clk/X                     10     14     -4 (VIOLATED)
clkbuf_leaf_43_clk/X                     10     14     -4 (VIOLATED)
clkbuf_leaf_45_clk/X                     10     14     -4 (VIOLATED)
clkbuf_leaf_50_clk/X                     10     14     -4 (VIOLATED)
clkbuf_leaf_52_clk/X                     10     14     -4 (VIOLATED)
clkbuf_leaf_53_clk/X                     10     14     -4 (VIOLATED)
clkbuf_leaf_56_clk/X                     10     14     -4 (VIOLATED)
clkbuf_leaf_57_clk/X                     10     14     -4 (VIOLATED)
clkbuf_leaf_5_clk/X                      10     14     -4 (VIOLATED)
clkbuf_leaf_6_clk/X                      10     14     -4 (VIOLATED)
clkbuf_leaf_7_clk/X                      10     14     -4 (VIOLATED)
clkbuf_leaf_12_clk/X                     10     13     -3 (VIOLATED)
clkbuf_leaf_14_clk/X                     10     13     -3 (VIOLATED)
clkbuf_leaf_17_clk/X                     10     13     -3 (VIOLATED)
clkbuf_leaf_24_clk/X                     10     13     -3 (VIOLATED)
clkbuf_leaf_28_clk/X                     10     13     -3 (VIOLATED)
clkbuf_leaf_46_clk/X                     10     13     -3 (VIOLATED)
fanout235/X                              10     12     -2 (VIOLATED)
wire20/X                                 10     12     -2 (VIOLATED)
_17579_/X                                10     11        (VIOLATED)
clkbuf_leaf_1_clk/X                      10     11        (VIOLATED)
clkbuf_leaf_26_clk/X                     10     11        (VIOLATED)
clkbuf_leaf_36_clk/X                     10     11        (VIOLATED)
fanout419/X                              10     11        (VIOLATED)
fanout490/X                              10     11        (VIOLATED)

max capacitance

Pin                                        Limit         Cap       Slack
------------------------------------------------------------------------
fanout2077/X                            0.094309    0.142494   -0.048185 (VIOLATED)
fanout901/X                             0.094309    0.128077   -0.033768 (VIOLATED)
fanout235/X                             0.094309    0.120921   -0.026612 (VIOLATED)
fanout178/X                             0.094309    0.117421   -0.023112 (VIOLATED)
_17774_/X                               0.108042    0.126776   -0.018734 (VIOLATED)
fanout373/X                             0.094309    0.112458   -0.018149 (VIOLATED)
_17600_/X                               0.108042    0.124878   -0.016836 (VIOLATED)
fanout899/X                             0.094309    0.110718   -0.016409 (VIOLATED)
fanout1628/X                            0.094309    0.105751   -0.011442 (VIOLATED)
_17255_/X                               0.108042    0.115906   -0.007864 (VIOLATED)
_16422_/X                               0.108042    0.115902   -0.007860 (VIOLATED)
_17741_/X                               0.108042    0.114290   -0.006248 (VIOLATED)
fanout1060/X                            0.094309    0.099756   -0.005447 (VIOLATED)
_09502_/Y                               0.184031    0.188989   -0.004958 (VIOLATED)



===========================================================================
report_parasitic_annotation -report_unannotated
============================================================================
Found 61 unannotated drivers.
 uio_in[5]
 uio_in[6]
 uio_in[7]
 clkload0/X
 clkload1/X
 clkload10/X
 clkload11/X
 clkload12/Y
 clkload13/X
 clkload14/X
 clkload15/Y
 clkload16/Y
 clkload17/Y
 clkload18/Y
 clkload19/X
 clkload2/Y
 clkload20/X
 clkload21/X
 clkload22/X
 clkload23/X
 clkload24/X
 clkload25/X
 clkload26/X
 clkload27/X
 clkload28/X
 clkload29/X
 clkload3/X
 clkload30/X
 clkload31/Y
 clkload32/X
 clkload33/X
 clkload34/X
 clkload35/X
 clkload36/X
 clkload37/X
 clkload38/X
 clkload39/X
 clkload4/X
 clkload40/X
 clkload41/X
 clkload42/Y
 clkload43/X
 clkload44/X
 clkload5/Y
 clkload6/X
 clkload7/X
 clkload8/X
 clkload9/X
 tt_um_aes128_baseline/HI
 tt_um_aes128_baseline_2080/HI
 tt_um_aes128_baseline_2081/HI
 tt_um_aes128_baseline_2082/HI
 tt_um_aes128_baseline_2083/HI
 tt_um_aes128_baseline_2084/HI
 tt_um_aes128_baseline_2085/HI
 tt_um_aes128_baseline_2086/HI
 tt_um_aes128_baseline_2087/HI
 tt_um_aes128_baseline_2088/HI
 tt_um_aes128_baseline_2089/LO
 tt_um_aes128_baseline_2090/LO
 tt_um_aes128_baseline_2091/LO
Found 0 partially unannotated drivers.

===========================================================================
max slew violation count 7191
max fanout violation count 61
max cap violation count 14
============================================================================

===========================================================================
check_setup -verbose -unconstrained_endpoints -multiple_clock -no_clock -no_input_delay -loops -generated_clocks
===========================================================================
