Net: _0003_
  Pin:   fanout187/A (sky130_fd_sc_hd__clkdlybuf4s25_1)
    Layer: mcon
      Partial area ratio:    0.14
      Required ratio:    3.00 (Gate area) 
      Cumulative area ratio:    0.14
      Required ratio:    0.00 (Cumulative area) 

    Layer: met1
      Partial area ratio:    3.35
      Required ratio:    0.00 (Gate area) 
      Cumulative area ratio:    3.35
      Required ratio:    0.00 (Cumulative area) 
      Partial area ratio:   16.22
      Required ratio:  400.00 (Side area) 
      Cumulative area ratio:   16.22
      Required ratio:    0.00 (Cumulative side area) 

    Layer: via
      Partial area ratio:    0.14
      Required ratio:    6.00 (Gate area) 
      Cumulative area ratio:    0.28
      Required ratio:    0.00 (Cumulative area) 

    Layer: met2
      Partial area ratio:    9.80
      Required ratio:    0.00 (Gate area) 
      Cumulative area ratio:   13.15
      Required ratio:    0.00 (Cumulative area) 
      Partial area ratio:   47.98
      Required ratio:  400.00 (Side area) 
      Cumulative area ratio:   64.21
      Required ratio:    0.00 (Cumulative side area) 

    Layer: via2
      Partial area ratio:    0.19
      Required ratio:    6.00 (Gate area) 
      Cumulative area ratio:    0.47
      Required ratio:    0.00 (Cumulative area) 

    Layer: met3
      Partial area ratio:   73.49
      Required ratio:    0.00 (Gate area) 
      Cumulative area ratio:   86.64
      Required ratio:    0.00 (Cumulative area) 
      Partial area ratio:  394.12
      Required ratio: 2778.20 (Side area) 
      Cumulative area ratio:  458.33
      Required ratio:    0.00 (Cumulative side area) 

    Layer: via3
      Partial area ratio:    0.09
      Required ratio:   22.04 (Gate area) 
      Cumulative area ratio:    0.56
      Required ratio:    0.00 (Cumulative area) 

    Layer: met4
      Partial area ratio:   41.58
      Required ratio:    0.00 (Gate area) 
      Cumulative area ratio:  128.22
      Required ratio:    0.00 (Cumulative area) 
      Partial area ratio:  222.87
      Required ratio: 2778.20 (Side area) 
      Cumulative area ratio:  681.20
      Required ratio:    0.00 (Cumulative side area) 


  Pin:   fanout194/A (sky130_fd_sc_hd__clkdlybuf4s25_1)
    Layer: mcon
      Partial area ratio:    0.14
      Required ratio:    3.00 (Gate area) 
      Cumulative area ratio:    0.14
      Required ratio:    0.00 (Cumulative area) 

    Layer: met1
      Partial area ratio:    1.86
      Required ratio:    0.00 (Gate area) 
      Cumulative area ratio:    1.86
      Required ratio:    0.00 (Cumulative area) 
      Partial area ratio:    8.41
      Required ratio:  400.00 (Side area) 
      Cumulative area ratio:    8.41
      Required ratio:    0.00 (Cumulative side area) 

    Layer: via
      Partial area ratio:    0.21
      Required ratio:    6.00 (Gate area) 
      Cumulative area ratio:    0.35
      Required ratio:    0.00 (Cumulative area) 

    Layer: met2
      Partial area ratio:    0.88
      Required ratio:    0.00 (Gate area) 
      Cumulative area ratio:    2.73
      Required ratio:    0.00 (Cumulative area) 
      Partial area ratio:    4.04
      Required ratio:  400.00 (Side area) 
      Cumulative area ratio:   12.45
      Required ratio:    0.00 (Cumulative side area) 

    Layer: via2
      Partial area ratio:    0.19
      Required ratio:    6.00 (Gate area) 
      Cumulative area ratio:    0.53
      Required ratio:    0.00 (Cumulative area) 

    Layer: met3
      Partial area ratio:   73.49
      Required ratio:    0.00 (Gate area) 
      Cumulative area ratio:   76.22
      Required ratio:    0.00 (Cumulative area) 
      Partial area ratio:  394.12
      Required ratio: 2778.20 (Side area) 
      Cumulative area ratio:  406.57
      Required ratio:    0.00 (Cumulative side area) 

    Layer: via3
      Partial area ratio:    0.09
      Required ratio:   22.04 (Gate area) 
      Cumulative area ratio:    0.63
      Required ratio:    0.00 (Cumulative area) 

    Layer: met4
      Partial area ratio:   41.58
      Required ratio:    0.00 (Gate area) 
      Cumulative area ratio:  117.80
      Required ratio:    0.00 (Cumulative area) 
      Partial area ratio:  222.87
      Required ratio: 2778.20 (Side area) 
      Cumulative area ratio:  629.44
      Required ratio:    0.00 (Cumulative side area) 


  Pin:   fanout198/A (sky130_fd_sc_hd__clkdlybuf4s25_1)
    Layer: mcon
      Partial area ratio:    0.14
      Required ratio:    3.00 (Gate area) 
      Cumulative area ratio:    0.14
      Required ratio:    0.00 (Cumulative area) 

    Layer: met1
      Partial area ratio:    3.35
      Required ratio:    0.00 (Gate area) 
      Cumulative area ratio:    3.35
      Required ratio:    0.00 (Cumulative area) 
      Partial area ratio:   15.87
      Required ratio:  400.00 (Side area) 
      Cumulative area ratio:   15.87
      Required ratio:    0.00 (Cumulative side area) 

    Layer: via
      Partial area ratio:    0.21
      Required ratio:    6.00 (Gate area) 
      Cumulative area ratio:    0.35
      Required ratio:    0.00 (Cumulative area) 

    Layer: met2
      Partial area ratio:    0.88
      Required ratio:    0.00 (Gate area) 
      Cumulative area ratio:    4.22
      Required ratio:    0.00 (Cumulative area) 
      Partial area ratio:    4.04
      Required ratio:  400.00 (Side area) 
      Cumulative area ratio:   19.91
      Required ratio:    0.00 (Cumulative side area) 

    Layer: via2
      Partial area ratio:    0.19
      Required ratio:    6.00 (Gate area) 
      Cumulative area ratio:    0.53
      Required ratio:    0.00 (Cumulative area) 

    Layer: met3
      Partial area ratio:    0.59
      Required ratio:    0.00 (Gate area) 
      Cumulative area ratio:    4.81
      Required ratio:    0.00 (Cumulative area) 
      Partial area ratio:    5.33
      Required ratio:  400.00 (Side area) 
      Cumulative area ratio:   25.24
      Required ratio:    0.00 (Cumulative side area) 

    Layer: via3
      Partial area ratio:    0.19
      Required ratio:    6.00 (Gate area) 
      Cumulative area ratio:    0.72
      Required ratio:    0.00 (Cumulative area) 

    Layer: met4
      Partial area ratio:   41.58
      Required ratio:    0.00 (Gate area) 
      Cumulative area ratio:   46.39
      Required ratio:    0.00 (Cumulative area) 
      Partial area ratio:  222.87
      Required ratio: 2778.20 (Side area) 
      Cumulative area ratio:  248.12
      Required ratio:    0.00 (Cumulative side area) 


  Pin:   fanout203/A (sky130_fd_sc_hd__clkdlybuf4s25_1)
    Layer: mcon
      Partial area ratio:    0.14
      Required ratio:    3.00 (Gate area) 
      Cumulative area ratio:    0.14
      Required ratio:    0.00 (Cumulative area) 

    Layer: met1
      Partial area ratio:    3.52
      Required ratio:    0.00 (Gate area) 
      Cumulative area ratio:    3.52
      Required ratio:    0.00 (Cumulative area) 
      Partial area ratio:   16.74
      Required ratio:  400.00 (Side area) 
      Cumulative area ratio:   16.74
      Required ratio:    0.00 (Cumulative side area) 

    Layer: via
      Partial area ratio:    0.21
      Required ratio:    6.00 (Gate area) 
      Cumulative area ratio:    0.35
      Required ratio:    0.00 (Cumulative area) 

    Layer: met2
      Partial area ratio:   32.79
      Required ratio:    0.00 (Gate area) 
      Cumulative area ratio:   36.31
      Required ratio:    0.00 (Cumulative area) 
      Partial area ratio:  163.09
      Required ratio:  400.00 (Side area) 
      Cumulative area ratio:  179.82
      Required ratio:    0.00 (Cumulative side area) 

    Layer: via2
      Partial area ratio:    0.19
      Required ratio:    6.00 (Gate area) 
      Cumulative area ratio:    0.53
      Required ratio:    0.00 (Cumulative area) 

    Layer: met3
      Partial area ratio:  194.99
      Required ratio:    0.00 (Gate area) 
      Cumulative area ratio:  231.30
      Required ratio:    0.00 (Cumulative area) 
      Partial area ratio: 1042.10
      Required ratio:  400.00 (Side area) (VIOLATED)
      Cumulative area ratio: 1221.93
      Required ratio:    0.00 (Cumulative side area) 

    Layer: via3
      Partial area ratio:    0.38
      Required ratio:    6.00 (Gate area) 
      Cumulative area ratio:    0.91
      Required ratio:    0.00 (Cumulative area) 

    Layer: met4
      Partial area ratio:   41.58
      Required ratio:    0.00 (Gate area) 
      Cumulative area ratio:  272.88
      Required ratio:    0.00 (Cumulative area) 
      Partial area ratio:  222.87
      Required ratio: 2778.20 (Side area) 
      Cumulative area ratio: 1444.80
      Required ratio:    0.00 (Cumulative side area) 



Net: _1052_
  Pin:   fanout317/A (sky130_fd_sc_hd__clkdlybuf4s25_1)
    Layer: mcon
      Partial area ratio:    0.14
      Required ratio:    3.00 (Gate area) 
      Cumulative area ratio:    0.14
      Required ratio:    0.00 (Cumulative area) 

    Layer: met1
      Partial area ratio:    3.11
      Required ratio:    0.00 (Gate area) 
      Cumulative area ratio:    3.11
      Required ratio:    0.00 (Cumulative area) 
      Partial area ratio:   14.68
      Required ratio:  400.00 (Side area) 
      Cumulative area ratio:   14.68
      Required ratio:    0.00 (Cumulative side area) 

    Layer: via
      Partial area ratio:    0.21
      Required ratio:    6.00 (Gate area) 
      Cumulative area ratio:    0.35
      Required ratio:    0.00 (Cumulative area) 

    Layer: met2
      Partial area ratio:    0.88
      Required ratio:    0.00 (Gate area) 
      Cumulative area ratio:    3.99
      Required ratio:    0.00 (Cumulative area) 
      Partial area ratio:    4.04
      Required ratio:  400.00 (Side area) 
      Cumulative area ratio:   18.72
      Required ratio:    0.00 (Cumulative side area) 

    Layer: via2
      Partial area ratio:    0.19
      Required ratio:    6.00 (Gate area) 
      Cumulative area ratio:    0.53
      Required ratio:    0.00 (Cumulative area) 

    Layer: met3
      Partial area ratio:   82.90
      Required ratio:    0.00 (Gate area) 
      Cumulative area ratio:   86.89
      Required ratio:    0.00 (Cumulative area) 
      Partial area ratio:  443.25
      Required ratio:  400.00 (Side area) (VIOLATED)
      Cumulative area ratio:  461.97
      Required ratio:    0.00 (Cumulative side area) 

    Layer: via3
      Partial area ratio:    0.09
      Required ratio:    6.00 (Gate area) 
      Cumulative area ratio:    0.63
      Required ratio:    0.00 (Cumulative area) 

    Layer: met4
      Partial area ratio:   10.00
      Required ratio:    0.00 (Gate area) 
      Cumulative area ratio:   96.89
      Required ratio:    0.00 (Cumulative area) 
      Partial area ratio:   54.42
      Required ratio: 2886.20 (Side area) 
      Cumulative area ratio:  516.39
      Required ratio:    0.00 (Cumulative side area) 


  Pin:   fanout319/A (sky130_fd_sc_hd__clkdlybuf4s25_1)
    Layer: mcon
      Partial area ratio:    0.14
      Required ratio:    3.00 (Gate area) 
      Cumulative area ratio:    0.14
      Required ratio:    0.00 (Cumulative area) 

    Layer: met1
      Partial area ratio:    2.20
      Required ratio:    0.00 (Gate area) 
      Cumulative area ratio:    2.20
      Required ratio:    0.00 (Cumulative area) 
      Partial area ratio:   10.15
      Required ratio:  400.00 (Side area) 
      Cumulative area ratio:   10.15
      Required ratio:    0.00 (Cumulative side area) 

    Layer: via
      Partial area ratio:    0.21
      Required ratio:    6.00 (Gate area) 
      Cumulative area ratio:    0.35
      Required ratio:    0.00 (Cumulative area) 

    Layer: met2
      Partial area ratio:    0.88
      Required ratio:    0.00 (Gate area) 
      Cumulative area ratio:    3.08
      Required ratio:    0.00 (Cumulative area) 
      Partial area ratio:    4.04
      Required ratio:  400.00 (Side area) 
      Cumulative area ratio:   14.19
      Required ratio:    0.00 (Cumulative side area) 

    Layer: via2
      Partial area ratio:    0.19
      Required ratio:    6.00 (Gate area) 
      Cumulative area ratio:    0.53
      Required ratio:    0.00 (Cumulative area) 

    Layer: met3
      Partial area ratio:   82.90
      Required ratio:    0.00 (Gate area) 
      Cumulative area ratio:   85.98
      Required ratio:    0.00 (Cumulative area) 
      Partial area ratio:  443.25
      Required ratio:  400.00 (Side area) (VIOLATED)
      Cumulative area ratio:  457.44
      Required ratio:    0.00 (Cumulative side area) 

    Layer: via3
      Partial area ratio:    0.09
      Required ratio:    6.00 (Gate area) 
      Cumulative area ratio:    0.63
      Required ratio:    0.00 (Cumulative area) 

    Layer: met4
      Partial area ratio:   10.00
      Required ratio:    0.00 (Gate area) 
      Cumulative area ratio:   95.98
      Required ratio:    0.00 (Cumulative area) 
      Partial area ratio:   54.42
      Required ratio: 2886.20 (Side area) 
      Cumulative area ratio:  511.86
      Required ratio:    0.00 (Cumulative side area) 



Net: _1065_
  Pin:   _3123_/A (sky130_fd_sc_hd__and3_2)
    Layer: mcon
      Partial area ratio:    0.23
      Required ratio:    3.00 (Gate area) 
      Cumulative area ratio:    0.23
      Required ratio:    0.00 (Cumulative area) 

    Layer: met1
      Partial area ratio:    5.21
      Required ratio:    0.00 (Gate area) 
      Cumulative area ratio:    5.21
      Required ratio:    0.00 (Cumulative area) 
      Partial area ratio:   24.57
      Required ratio:  400.00 (Side area) 
      Cumulative area ratio:   24.57
      Required ratio:    0.00 (Cumulative side area) 

    Layer: via
      Partial area ratio:    0.36
      Required ratio:    6.00 (Gate area) 
      Cumulative area ratio:    0.59
      Required ratio:    0.00 (Cumulative area) 

    Layer: met2
      Partial area ratio:    6.03
      Required ratio:    0.00 (Gate area) 
      Cumulative area ratio:   11.24
      Required ratio:    0.00 (Cumulative area) 
      Partial area ratio:   29.52
      Required ratio:  400.00 (Side area) 
      Cumulative area ratio:   54.09
      Required ratio:    0.00 (Cumulative side area) 

    Layer: via2
      Partial area ratio:    0.21
      Required ratio:    6.00 (Gate area) 
      Cumulative area ratio:    0.80
      Required ratio:    0.00 (Cumulative area) 

    Layer: met3
      Partial area ratio:   83.40
      Required ratio:    0.00 (Gate area) 
      Cumulative area ratio:   94.64
      Required ratio:    0.00 (Cumulative area) 
      Partial area ratio:  446.65
      Required ratio:  400.00 (Side area) (VIOLATED)
      Cumulative area ratio:  500.74
      Required ratio:    0.00 (Cumulative side area) 

    Layer: via3
      Partial area ratio:    0.16
      Required ratio:    6.00 (Gate area) 
      Cumulative area ratio:    0.96
      Required ratio:    0.00 (Cumulative area) 

    Layer: met4
      Partial area ratio:   46.35
      Required ratio:    0.00 (Gate area) 
      Cumulative area ratio:  140.99
      Required ratio:    0.00 (Cumulative area) 
      Partial area ratio:  248.07
      Required ratio: 2857.40 (Side area) 
      Cumulative area ratio:  748.81
      Required ratio:    0.00 (Cumulative side area) 


  Pin:   _3138_/A1 (sky130_fd_sc_hd__a31o_2)
    Layer: mcon
      Partial area ratio:    0.12
      Required ratio:    3.00 (Gate area) 
      Cumulative area ratio:    0.12
      Required ratio:    0.00 (Cumulative area) 

    Layer: met1
      Partial area ratio:    2.55
      Required ratio:    0.00 (Gate area) 
      Cumulative area ratio:    2.55
      Required ratio:    0.00 (Cumulative area) 
      Partial area ratio:   12.01
      Required ratio:  400.00 (Side area) 
      Cumulative area ratio:   12.01
      Required ratio:    0.00 (Cumulative side area) 

    Layer: via
      Partial area ratio:    0.18
      Required ratio:    6.00 (Gate area) 
      Cumulative area ratio:    0.30
      Required ratio:    0.00 (Cumulative area) 

    Layer: met2
      Partial area ratio:    8.68
      Required ratio:    0.00 (Gate area) 
      Cumulative area ratio:   11.23
      Required ratio:    0.00 (Cumulative area) 
      Partial area ratio:   42.59
      Required ratio:  400.00 (Side area) 
      Cumulative area ratio:   54.60
      Required ratio:    0.00 (Cumulative side area) 

    Layer: via2
      Partial area ratio:    0.11
      Required ratio:    6.00 (Gate area) 
      Cumulative area ratio:    0.41
      Required ratio:    0.00 (Cumulative area) 

    Layer: met3
      Partial area ratio:   61.64
      Required ratio:    0.00 (Gate area) 
      Cumulative area ratio:   72.87
      Required ratio:    0.00 (Cumulative area) 
      Partial area ratio:  330.44
      Required ratio:  400.00 (Side area) 
      Cumulative area ratio:  385.05
      Required ratio:    0.00 (Cumulative side area) 

    Layer: via3
      Partial area ratio:    0.04
      Required ratio:    6.00 (Gate area) 
      Cumulative area ratio:    0.44
      Required ratio:    0.00 (Cumulative area) 

    Layer: met4
      Partial area ratio:   46.35
      Required ratio:    0.00 (Gate area) 
      Cumulative area ratio:  119.22
      Required ratio:    0.00 (Cumulative area) 
      Partial area ratio:  248.07
      Required ratio: 2857.40 (Side area) 
      Cumulative area ratio:  633.12
      Required ratio:    0.00 (Cumulative side area) 


  Pin:   _3145_/A (sky130_fd_sc_hd__and3_2)
    Layer: mcon
      Partial area ratio:    0.23
      Required ratio:    3.00 (Gate area) 
      Cumulative area ratio:    0.23
      Required ratio:    0.00 (Cumulative area) 

    Layer: met1
      Partial area ratio:    4.00
      Required ratio:    0.00 (Gate area) 
      Cumulative area ratio:    4.00
      Required ratio:    0.00 (Cumulative area) 
      Partial area ratio:   17.68
      Required ratio:  400.00 (Side area) 
      Cumulative area ratio:   17.68
      Required ratio:    0.00 (Cumulative side area) 

    Layer: via
      Partial area ratio:    0.36
      Required ratio:    6.00 (Gate area) 
      Cumulative area ratio:    0.59
      Required ratio:    0.00 (Cumulative area) 

    Layer: met2
      Partial area ratio:    8.68
      Required ratio:    0.00 (Gate area) 
      Cumulative area ratio:   12.67
      Required ratio:    0.00 (Cumulative area) 
      Partial area ratio:   42.59
      Required ratio:  400.00 (Side area) 
      Cumulative area ratio:   60.27
      Required ratio:    0.00 (Cumulative side area) 

    Layer: via2
      Partial area ratio:    0.11
      Required ratio:    6.00 (Gate area) 
      Cumulative area ratio:    0.69
      Required ratio:    0.00 (Cumulative area) 

    Layer: met3
      Partial area ratio:   61.64
      Required ratio:    0.00 (Gate area) 
      Cumulative area ratio:   74.32
      Required ratio:    0.00 (Cumulative area) 
      Partial area ratio:  330.44
      Required ratio:  400.00 (Side area) 
      Cumulative area ratio:  390.71
      Required ratio:    0.00 (Cumulative side area) 

    Layer: via3
      Partial area ratio:    0.04
      Required ratio:    6.00 (Gate area) 
      Cumulative area ratio:    0.73
      Required ratio:    0.00 (Cumulative area) 

    Layer: met4
      Partial area ratio:   46.35
      Required ratio:    0.00 (Gate area) 
      Cumulative area ratio:  120.67
      Required ratio:    0.00 (Cumulative area) 
      Partial area ratio:  248.07
      Required ratio: 2857.40 (Side area) 
      Cumulative area ratio:  638.78
      Required ratio:    0.00 (Cumulative side area) 


  Pin:   _3167_/A1 (sky130_fd_sc_hd__a31o_2)
    Layer: mcon
      Partial area ratio:    0.12
      Required ratio:    3.00 (Gate area) 
      Cumulative area ratio:    0.12
      Required ratio:    0.00 (Cumulative area) 

    Layer: met1
      Partial area ratio:    2.29
      Required ratio:    0.00 (Gate area) 
      Cumulative area ratio:    2.29
      Required ratio:    0.00 (Cumulative area) 
      Partial area ratio:   10.71
      Required ratio:  400.00 (Side area) 
      Cumulative area ratio:   10.71
      Required ratio:    0.00 (Cumulative side area) 

    Layer: via
      Partial area ratio:    0.18
      Required ratio:    6.00 (Gate area) 
      Cumulative area ratio:    0.30
      Required ratio:    0.00 (Cumulative area) 

    Layer: met2
      Partial area ratio:    6.03
      Required ratio:    0.00 (Gate area) 
      Cumulative area ratio:    8.33
      Required ratio:    0.00 (Cumulative area) 
      Partial area ratio:   29.52
      Required ratio:  400.00 (Side area) 
      Cumulative area ratio:   40.23
      Required ratio:    0.00 (Cumulative side area) 

    Layer: via2
      Partial area ratio:    0.21
      Required ratio:    6.00 (Gate area) 
      Cumulative area ratio:    0.51
      Required ratio:    0.00 (Cumulative area) 

    Layer: met3
      Partial area ratio:   83.40
      Required ratio:    0.00 (Gate area) 
      Cumulative area ratio:   91.73
      Required ratio:    0.00 (Cumulative area) 
      Partial area ratio:  446.65
      Required ratio:  400.00 (Side area) (VIOLATED)
      Cumulative area ratio:  486.89
      Required ratio:    0.00 (Cumulative side area) 

    Layer: via3
      Partial area ratio:    0.16
      Required ratio:    6.00 (Gate area) 
      Cumulative area ratio:    0.67
      Required ratio:    0.00 (Cumulative area) 

    Layer: met4
      Partial area ratio:   46.35
      Required ratio:    0.00 (Gate area) 
      Cumulative area ratio:  138.07
      Required ratio:    0.00 (Cumulative area) 
      Partial area ratio:  248.07
      Required ratio: 2857.40 (Side area) 
      Cumulative area ratio:  734.95
      Required ratio:    0.00 (Cumulative side area) 


  Pin:   _3181_/A1 (sky130_fd_sc_hd__a31o_2)
    Layer: mcon
      Partial area ratio:    0.12
      Required ratio:    3.00 (Gate area) 
      Cumulative area ratio:    0.12
      Required ratio:    0.00 (Cumulative area) 

    Layer: met1
      Partial area ratio:    3.64
      Required ratio:    0.00 (Gate area) 
      Cumulative area ratio:    3.64
      Required ratio:    0.00 (Cumulative area) 
      Partial area ratio:   17.44
      Required ratio:  400.00 (Side area) 
      Cumulative area ratio:   17.44
      Required ratio:    0.00 (Cumulative side area) 

    Layer: via
      Partial area ratio:    0.18
      Required ratio:    6.00 (Gate area) 
      Cumulative area ratio:    0.30
      Required ratio:    0.00 (Cumulative area) 

    Layer: met2
      Partial area ratio:    4.87
      Required ratio:    0.00 (Gate area) 
      Cumulative area ratio:    8.51
      Required ratio:    0.00 (Cumulative area) 
      Partial area ratio:   23.39
      Required ratio:  400.00 (Side area) 
      Cumulative area ratio:   40.83
      Required ratio:    0.00 (Cumulative side area) 

    Layer: via2
      Partial area ratio:    0.32
      Required ratio:    6.00 (Gate area) 
      Cumulative area ratio:    0.62
      Required ratio:    0.00 (Cumulative area) 

    Layer: met3
      Partial area ratio:   61.64
      Required ratio:    0.00 (Gate area) 
      Cumulative area ratio:   70.15
      Required ratio:    0.00 (Cumulative area) 
      Partial area ratio:  330.44
      Required ratio:  400.00 (Side area) 
      Cumulative area ratio:  371.28
      Required ratio:    0.00 (Cumulative side area) 

    Layer: via3
      Partial area ratio:    0.04
      Required ratio:    6.00 (Gate area) 
      Cumulative area ratio:    0.66
      Required ratio:    0.00 (Cumulative area) 

    Layer: met4
      Partial area ratio:   46.35
      Required ratio:    0.00 (Gate area) 
      Cumulative area ratio:  116.50
      Required ratio:    0.00 (Cumulative area) 
      Partial area ratio:  248.07
      Required ratio: 2857.40 (Side area) 
      Cumulative area ratio:  619.35
      Required ratio:    0.00 (Cumulative side area) 


  Pin:   _3195_/A1 (sky130_fd_sc_hd__a31o_2)
    Layer: mcon
      Partial area ratio:    0.12
      Required ratio:    3.00 (Gate area) 
      Cumulative area ratio:    0.12
      Required ratio:    0.00 (Cumulative area) 

    Layer: met1
      Partial area ratio:    3.38
      Required ratio:    0.00 (Gate area) 
      Cumulative area ratio:    3.38
      Required ratio:    0.00 (Cumulative area) 
      Partial area ratio:   16.14
      Required ratio:  400.00 (Side area) 
      Cumulative area ratio:   16.14
      Required ratio:    0.00 (Cumulative side area) 

    Layer: via
      Partial area ratio:    0.18
      Required ratio:    6.00 (Gate area) 
      Cumulative area ratio:    0.30
      Required ratio:    0.00 (Cumulative area) 

    Layer: met2
      Partial area ratio:    4.87
      Required ratio:    0.00 (Gate area) 
      Cumulative area ratio:    8.25
      Required ratio:    0.00 (Cumulative area) 
      Partial area ratio:   23.39
      Required ratio:  400.00 (Side area) 
      Cumulative area ratio:   39.53
      Required ratio:    0.00 (Cumulative side area) 

    Layer: via2
      Partial area ratio:    0.32
      Required ratio:    6.00 (Gate area) 
      Cumulative area ratio:    0.62
      Required ratio:    0.00 (Cumulative area) 

    Layer: met3
      Partial area ratio:   61.64
      Required ratio:    0.00 (Gate area) 
      Cumulative area ratio:   69.89
      Required ratio:    0.00 (Cumulative area) 
      Partial area ratio:  330.44
      Required ratio:  400.00 (Side area) 
      Cumulative area ratio:  369.98
      Required ratio:    0.00 (Cumulative side area) 

    Layer: via3
      Partial area ratio:    0.04
      Required ratio:    6.00 (Gate area) 
      Cumulative area ratio:    0.66
      Required ratio:    0.00 (Cumulative area) 

    Layer: met4
      Partial area ratio:   46.35
      Required ratio:    0.00 (Gate area) 
      Cumulative area ratio:  116.24
      Required ratio:    0.00 (Cumulative area) 
      Partial area ratio:  248.07
      Required ratio: 2857.40 (Side area) 
      Cumulative area ratio:  618.05
      Required ratio:    0.00 (Cumulative side area) 


  Pin:   _3202_/A (sky130_fd_sc_hd__and3_2)
    Layer: mcon
      Partial area ratio:    0.23
      Required ratio:    3.00 (Gate area) 
      Cumulative area ratio:    0.23
      Required ratio:    0.00 (Cumulative area) 

    Layer: met1
      Partial area ratio:    4.61
      Required ratio:    0.00 (Gate area) 
      Cumulative area ratio:    4.61
      Required ratio:    0.00 (Cumulative area) 
      Partial area ratio:   20.76
      Required ratio:  400.00 (Side area) 
      Cumulative area ratio:   20.76
      Required ratio:    0.00 (Cumulative side area) 

    Layer: via
      Partial area ratio:    0.36
      Required ratio:    6.00 (Gate area) 
      Cumulative area ratio:    0.59
      Required ratio:    0.00 (Cumulative area) 

    Layer: met2
      Partial area ratio:    1.48
      Required ratio:    0.00 (Gate area) 
      Cumulative area ratio:    6.10
      Required ratio:    0.00 (Cumulative area) 
      Partial area ratio:    6.83
      Required ratio:  400.00 (Side area) 
      Cumulative area ratio:   27.59
      Required ratio:    0.00 (Cumulative side area) 

    Layer: via2
      Partial area ratio:    0.32
      Required ratio:    6.00 (Gate area) 
      Cumulative area ratio:    0.90
      Required ratio:    0.00 (Cumulative area) 

    Layer: met3
      Partial area ratio:   83.40
      Required ratio:    0.00 (Gate area) 
      Cumulative area ratio:   89.50
      Required ratio:    0.00 (Cumulative area) 
      Partial area ratio:  446.65
      Required ratio:  400.00 (Side area) (VIOLATED)
      Cumulative area ratio:  474.25
      Required ratio:    0.00 (Cumulative side area) 

    Layer: via3
      Partial area ratio:    0.16
      Required ratio:    6.00 (Gate area) 
      Cumulative area ratio:    1.06
      Required ratio:    0.00 (Cumulative area) 

    Layer: met4
      Partial area ratio:   46.35
      Required ratio:    0.00 (Gate area) 
      Cumulative area ratio:  135.84
      Required ratio:    0.00 (Cumulative area) 
      Partial area ratio:  248.07
      Required ratio: 2857.40 (Side area) 
      Cumulative area ratio:  722.32
      Required ratio:    0.00 (Cumulative side area) 


  Pin:   _3224_/A1 (sky130_fd_sc_hd__a31o_2)
    Layer: mcon
      Partial area ratio:    0.12
      Required ratio:    3.00 (Gate area) 
      Cumulative area ratio:    0.12
      Required ratio:    0.00 (Cumulative area) 

    Layer: met1
      Partial area ratio:    3.18
      Required ratio:    0.00 (Gate area) 
      Cumulative area ratio:    3.18
      Required ratio:    0.00 (Cumulative area) 
      Partial area ratio:   15.17
      Required ratio:  400.00 (Side area) 
      Cumulative area ratio:   15.17
      Required ratio:    0.00 (Cumulative side area) 

    Layer: via
      Partial area ratio:    0.18
      Required ratio:    6.00 (Gate area) 
      Cumulative area ratio:    0.30
      Required ratio:    0.00 (Cumulative area) 

    Layer: met2
      Partial area ratio:    0.75
      Required ratio:    0.00 (Gate area) 
      Cumulative area ratio:    3.94
      Required ratio:    0.00 (Cumulative area) 
      Partial area ratio:    3.48
      Required ratio:  400.00 (Side area) 
      Cumulative area ratio:   18.65
      Required ratio:    0.00 (Cumulative side area) 

    Layer: via2
      Partial area ratio:    0.16
      Required ratio:    6.00 (Gate area) 
      Cumulative area ratio:    0.46
      Required ratio:    0.00 (Cumulative area) 

    Layer: met3
      Partial area ratio:   61.64
      Required ratio:    0.00 (Gate area) 
      Cumulative area ratio:   65.58
      Required ratio:    0.00 (Cumulative area) 
      Partial area ratio:  330.44
      Required ratio:  400.00 (Side area) 
      Cumulative area ratio:  349.09
      Required ratio:    0.00 (Cumulative side area) 

    Layer: via3
      Partial area ratio:    0.04
      Required ratio:    6.00 (Gate area) 
      Cumulative area ratio:    0.50
      Required ratio:    0.00 (Cumulative area) 

    Layer: met4
      Partial area ratio:   46.35
      Required ratio:    0.00 (Gate area) 
      Cumulative area ratio:  111.93
      Required ratio:    0.00 (Cumulative area) 
      Partial area ratio:  248.07
      Required ratio: 2857.40 (Side area) 
      Cumulative area ratio:  597.16
      Required ratio:    0.00 (Cumulative side area) 



Net: _1104_
  Pin:   _3153_/A1 (sky130_fd_sc_hd__mux2_1)
    Layer: mcon
      Partial area ratio:    0.23
      Required ratio:    3.00 (Gate area) 
      Cumulative area ratio:    0.23
      Required ratio:    0.00 (Cumulative area) 

    Layer: met1
      Partial area ratio:   14.15
      Required ratio:    0.00 (Gate area) 
      Cumulative area ratio:   14.15
      Required ratio:    0.00 (Cumulative area) 
      Partial area ratio:   69.28
      Required ratio:  400.00 (Side area) 
      Cumulative area ratio:   69.28
      Required ratio:    0.00 (Cumulative side area) 

    Layer: via
      Partial area ratio:    0.36
      Required ratio:    6.00 (Gate area) 
      Cumulative area ratio:    0.59
      Required ratio:    0.00 (Cumulative area) 

    Layer: met2
      Partial area ratio:   86.09
      Required ratio:    0.00 (Gate area) 
      Cumulative area ratio:  100.24
      Required ratio:    0.00 (Cumulative area) 
      Partial area ratio:  429.03
      Required ratio:  400.00 (Side area) (VIOLATED)
      Cumulative area ratio:  498.31
      Required ratio:    0.00 (Cumulative side area) 

    Layer: via2
      Partial area ratio:    0.32
      Required ratio:    6.00 (Gate area) 
      Cumulative area ratio:    0.90
      Required ratio:    0.00 (Cumulative area) 

    Layer: met3
      Partial area ratio:  345.94
      Required ratio:    0.00 (Gate area) 
      Cumulative area ratio:  446.19
      Required ratio:    0.00 (Cumulative area) 
      Partial area ratio: 1848.76
      Required ratio: 2778.20 (Side area) 
      Cumulative area ratio: 2347.07
      Required ratio:    0.00 (Cumulative side area) 



Net: _1534_
  Pin:   _3984_/A2 (sky130_fd_sc_hd__a32o_2)
    Layer: mcon
      Partial area ratio:    0.12
      Required ratio:    3.00 (Gate area) 
      Cumulative area ratio:    0.12
      Required ratio:    0.00 (Cumulative area) 

    Layer: met1
      Partial area ratio:    3.28
      Required ratio:    0.00 (Gate area) 
      Cumulative area ratio:    3.28
      Required ratio:    0.00 (Cumulative area) 
      Partial area ratio:   15.67
      Required ratio:  400.00 (Side area) 
      Cumulative area ratio:   15.67
      Required ratio:    0.00 (Cumulative side area) 

    Layer: via
      Partial area ratio:    0.18
      Required ratio:    6.00 (Gate area) 
      Cumulative area ratio:    0.30
      Required ratio:    0.00 (Cumulative area) 

    Layer: met2
      Partial area ratio:    0.75
      Required ratio:    0.00 (Gate area) 
      Cumulative area ratio:    4.04
      Required ratio:    0.00 (Cumulative area) 
      Partial area ratio:    3.48
      Required ratio:  400.00 (Side area) 
      Cumulative area ratio:   19.15
      Required ratio:    0.00 (Cumulative side area) 

    Layer: via2
      Partial area ratio:    0.16
      Required ratio:    6.00 (Gate area) 
      Cumulative area ratio:    0.46
      Required ratio:    0.00 (Cumulative area) 

    Layer: met3
      Partial area ratio:   84.65
      Required ratio:    0.00 (Gate area) 
      Cumulative area ratio:   88.69
      Required ratio:    0.00 (Cumulative area) 
      Partial area ratio:  455.24
      Required ratio:  400.00 (Side area) (VIOLATED)
      Cumulative area ratio:  474.39
      Required ratio:    0.00 (Cumulative side area) 

    Layer: via3
      Partial area ratio:    0.32
      Required ratio:    6.00 (Gate area) 
      Cumulative area ratio:    0.78
      Required ratio:    0.00 (Cumulative area) 

    Layer: met4
      Partial area ratio:   18.24
      Required ratio:    0.00 (Gate area) 
      Cumulative area ratio:  106.93
      Required ratio:    0.00 (Cumulative area) 
      Partial area ratio:   98.29
      Required ratio: 2848.40 (Side area) 
      Cumulative area ratio:  572.68
      Required ratio:    0.00 (Cumulative side area) 


  Pin:   _3990_/A2 (sky130_fd_sc_hd__a32o_2)
    Layer: mcon
      Partial area ratio:    0.12
      Required ratio:    3.00 (Gate area) 
      Cumulative area ratio:    0.12
      Required ratio:    0.00 (Cumulative area) 

    Layer: met1
      Partial area ratio:   10.35
      Required ratio:    0.00 (Gate area) 
      Cumulative area ratio:   10.35
      Required ratio:    0.00 (Cumulative area) 
      Partial area ratio:   51.02
      Required ratio:  400.00 (Side area) 
      Cumulative area ratio:   51.02
      Required ratio:    0.00 (Cumulative side area) 

    Layer: via
      Partial area ratio:    0.18
      Required ratio:    6.00 (Gate area) 
      Cumulative area ratio:    0.30
      Required ratio:    0.00 (Cumulative area) 

    Layer: met2
      Partial area ratio:    4.80
      Required ratio:    0.00 (Gate area) 
      Cumulative area ratio:   15.15
      Required ratio:    0.00 (Cumulative area) 
      Partial area ratio:   23.26
      Required ratio:  400.00 (Side area) 
      Cumulative area ratio:   74.28
      Required ratio:    0.00 (Cumulative side area) 

    Layer: via2
      Partial area ratio:    0.16
      Required ratio:    6.00 (Gate area) 
      Cumulative area ratio:    0.46
      Required ratio:    0.00 (Cumulative area) 

    Layer: met3
      Partial area ratio:   40.75
      Required ratio:    0.00 (Gate area) 
      Cumulative area ratio:   55.90
      Required ratio:    0.00 (Cumulative area) 
      Partial area ratio:  218.32
      Required ratio:  400.00 (Side area) 
      Cumulative area ratio:  292.60
      Required ratio:    0.00 (Cumulative side area) 

    Layer: via3
      Partial area ratio:    0.09
      Required ratio:    6.00 (Gate area) 
      Cumulative area ratio:    0.55
      Required ratio:    0.00 (Cumulative area) 

    Layer: met4
      Partial area ratio:   18.24
      Required ratio:    0.00 (Gate area) 
      Cumulative area ratio:   74.14
      Required ratio:    0.00 (Cumulative area) 
      Partial area ratio:   98.29
      Required ratio: 2848.40 (Side area) 
      Cumulative area ratio:  390.90
      Required ratio:    0.00 (Cumulative side area) 


  Pin:   fanout153/A (sky130_fd_sc_hd__clkdlybuf4s25_1)
    Layer: mcon
      Partial area ratio:    0.14
      Required ratio:    3.00 (Gate area) 
      Cumulative area ratio:    0.14
      Required ratio:    0.00 (Cumulative area) 

    Layer: met1
      Partial area ratio:    2.41
      Required ratio:    0.00 (Gate area) 
      Cumulative area ratio:    2.41
      Required ratio:    0.00 (Cumulative area) 
      Partial area ratio:   11.16
      Required ratio:  400.00 (Side area) 
      Cumulative area ratio:   11.16
      Required ratio:    0.00 (Cumulative side area) 

    Layer: via
      Partial area ratio:    0.21
      Required ratio:    6.00 (Gate area) 
      Cumulative area ratio:    0.35
      Required ratio:    0.00 (Cumulative area) 

    Layer: met2
      Partial area ratio:    0.88
      Required ratio:    0.00 (Gate area) 
      Cumulative area ratio:    3.28
      Required ratio:    0.00 (Cumulative area) 
      Partial area ratio:    4.04
      Required ratio:  400.00 (Side area) 
      Cumulative area ratio:   15.21
      Required ratio:    0.00 (Cumulative side area) 

    Layer: via2
      Partial area ratio:    0.19
      Required ratio:    6.00 (Gate area) 
      Cumulative area ratio:    0.53
      Required ratio:    0.00 (Cumulative area) 

    Layer: met3
      Partial area ratio:   40.75
      Required ratio:    0.00 (Gate area) 
      Cumulative area ratio:   44.03
      Required ratio:    0.00 (Cumulative area) 
      Partial area ratio:  218.32
      Required ratio:  400.00 (Side area) 
      Cumulative area ratio:  233.53
      Required ratio:    0.00 (Cumulative side area) 

    Layer: via3
      Partial area ratio:    0.09
      Required ratio:    6.00 (Gate area) 
      Cumulative area ratio:    0.62
      Required ratio:    0.00 (Cumulative area) 

    Layer: met4
      Partial area ratio:   18.24
      Required ratio:    0.00 (Gate area) 
      Cumulative area ratio:   62.27
      Required ratio:    0.00 (Cumulative area) 
      Partial area ratio:   98.29
      Required ratio: 2848.40 (Side area) 
      Cumulative area ratio:  331.82
      Required ratio:    0.00 (Cumulative side area) 


  Pin:   fanout155/A (sky130_fd_sc_hd__clkdlybuf4s25_1)
    Layer: mcon
      Partial area ratio:    0.14
      Required ratio:    3.00 (Gate area) 
      Cumulative area ratio:    0.14
      Required ratio:    0.00 (Cumulative area) 

    Layer: met1
      Partial area ratio:    4.19
      Required ratio:    0.00 (Gate area) 
      Cumulative area ratio:    4.19
      Required ratio:    0.00 (Cumulative area) 
      Partial area ratio:   20.09
      Required ratio:  400.00 (Side area) 
      Cumulative area ratio:   20.09
      Required ratio:    0.00 (Cumulative side area) 

    Layer: via
      Partial area ratio:    0.21
      Required ratio:    6.00 (Gate area) 
      Cumulative area ratio:    0.35
      Required ratio:    0.00 (Cumulative area) 

    Layer: met2
      Partial area ratio:    0.88
      Required ratio:    0.00 (Gate area) 
      Cumulative area ratio:    5.07
      Required ratio:    0.00 (Cumulative area) 
      Partial area ratio:    4.04
      Required ratio:  400.00 (Side area) 
      Cumulative area ratio:   24.13
      Required ratio:    0.00 (Cumulative side area) 

    Layer: via2
      Partial area ratio:    0.19
      Required ratio:    6.00 (Gate area) 
      Cumulative area ratio:    0.53
      Required ratio:    0.00 (Cumulative area) 

    Layer: met3
      Partial area ratio:   98.32
      Required ratio:    0.00 (Gate area) 
      Cumulative area ratio:  103.39
      Required ratio:    0.00 (Cumulative area) 
      Partial area ratio:  528.79
      Required ratio: 2848.40 (Side area) 
      Cumulative area ratio:  552.92
      Required ratio:    0.00 (Cumulative side area) 

    Layer: via3
      Partial area ratio:    0.19
      Required ratio:   28.36 (Gate area) 
      Cumulative area ratio:    0.72
      Required ratio:    0.00 (Cumulative area) 

    Layer: met4
      Partial area ratio:   18.24
      Required ratio:    0.00 (Gate area) 
      Cumulative area ratio:  121.63
      Required ratio:    0.00 (Cumulative area) 
      Partial area ratio:   98.29
      Required ratio: 2848.40 (Side area) 
      Cumulative area ratio:  651.21
      Required ratio:    0.00 (Cumulative side area) 



Net: _1548_
  Pin:   _3739_/A (sky130_fd_sc_hd__xor2_2)
    Layer: mcon
      Partial area ratio:    0.03
      Required ratio:    3.00 (Gate area) 
      Cumulative area ratio:    0.03
      Required ratio:    0.00 (Cumulative area) 

    Layer: met1
      Partial area ratio:    1.49
      Required ratio:    0.00 (Gate area) 
      Cumulative area ratio:    1.49
      Required ratio:    0.00 (Cumulative area) 
      Partial area ratio:    7.25
      Required ratio:  400.00 (Side area) 
      Cumulative area ratio:    7.25
      Required ratio:    0.00 (Cumulative side area) 

    Layer: via
      Partial area ratio:    0.05
      Required ratio:    6.00 (Gate area) 
      Cumulative area ratio:    0.07
      Required ratio:    0.00 (Cumulative area) 

    Layer: met2
      Partial area ratio:    2.26
      Required ratio:    0.00 (Gate area) 
      Cumulative area ratio:    3.75
      Required ratio:    0.00 (Cumulative area) 
      Partial area ratio:   11.10
      Required ratio: 2965.20 (Side area) 
      Cumulative area ratio:   18.36
      Required ratio:    0.00 (Cumulative side area) 

    Layer: via2
      Partial area ratio:    0.04
      Required ratio:   38.87 (Gate area) 
      Cumulative area ratio:    0.12
      Required ratio:    0.00 (Cumulative area) 

    Layer: met3
      Partial area ratio:    0.13
      Required ratio:    0.00 (Gate area) 
      Cumulative area ratio:    3.87
      Required ratio:    0.00 (Cumulative area) 
      Partial area ratio:    1.15
      Required ratio: 2965.20 (Side area) 
      Cumulative area ratio:   19.51
      Required ratio:    0.00 (Cumulative side area) 

    Layer: via3
      Partial area ratio:    0.04
      Required ratio:   38.87 (Gate area) 
      Cumulative area ratio:    0.16
      Required ratio:    0.00 (Cumulative area) 

    Layer: met4
      Partial area ratio:    7.31
      Required ratio:    0.00 (Gate area) 
      Cumulative area ratio:   11.18
      Required ratio:    0.00 (Cumulative area) 
      Partial area ratio:   39.39
      Required ratio: 2965.20 (Side area) 
      Cumulative area ratio:   58.90
      Required ratio:    0.00 (Cumulative side area) 


  Pin:   wire152/A (sky130_fd_sc_hd__buf_2)
    Layer: mcon
      Partial area ratio:    0.18
      Required ratio:    3.00 (Gate area) 
      Cumulative area ratio:    0.18
      Required ratio:    0.00 (Cumulative area) 

    Layer: met1
      Partial area ratio:    5.08
      Required ratio:    0.00 (Gate area) 
      Cumulative area ratio:    5.08
      Required ratio:    0.00 (Cumulative area) 
      Partial area ratio:   24.23
      Required ratio:  400.00 (Side area) 
      Cumulative area ratio:   24.23
      Required ratio:    0.00 (Cumulative side area) 

    Layer: via
      Partial area ratio:    0.28
      Required ratio:    6.00 (Gate area) 
      Cumulative area ratio:    0.46
      Required ratio:    0.00 (Cumulative area) 

    Layer: met2
      Partial area ratio:   31.77
      Required ratio:    0.00 (Gate area) 
      Cumulative area ratio:   36.85
      Required ratio:    0.00 (Cumulative area) 
      Partial area ratio:  157.72
      Required ratio:  400.00 (Side area) 
      Cumulative area ratio:  181.95
      Required ratio:    0.00 (Cumulative side area) 

    Layer: via2
      Partial area ratio:    0.25
      Required ratio:    6.00 (Gate area) 
      Cumulative area ratio:    0.72
      Required ratio:    0.00 (Cumulative area) 

    Layer: met3
      Partial area ratio:  196.06
      Required ratio:    0.00 (Gate area) 
      Cumulative area ratio:  232.91
      Required ratio:    0.00 (Cumulative area) 
      Partial area ratio: 1048.60
      Required ratio:  400.00 (Side area) (VIOLATED)
      Cumulative area ratio: 1230.55
      Required ratio:    0.00 (Cumulative side area) 

    Layer: via3
      Partial area ratio:    0.25
      Required ratio:    6.00 (Gate area) 
      Cumulative area ratio:    0.97
      Required ratio:    0.00 (Cumulative area) 

    Layer: met4
      Partial area ratio:    7.31
      Required ratio:    0.00 (Gate area) 
      Cumulative area ratio:  240.22
      Required ratio:    0.00 (Cumulative area) 
      Partial area ratio:   39.39
      Required ratio: 2965.20 (Side area) 
      Cumulative area ratio: 1269.95
      Required ratio:    0.00 (Cumulative side area) 



Net: _1726_
  Pin:   _4169_/A1 (sky130_fd_sc_hd__mux2_1)
    Layer: mcon
      Partial area ratio:    0.23
      Required ratio:    3.00 (Gate area) 
      Cumulative area ratio:    0.23
      Required ratio:    0.00 (Cumulative area) 

    Layer: met1
      Partial area ratio:    5.84
      Required ratio:    0.00 (Gate area) 
      Cumulative area ratio:    5.84
      Required ratio:    0.00 (Cumulative area) 
      Partial area ratio:   27.72
      Required ratio:  400.00 (Side area) 
      Cumulative area ratio:   27.72
      Required ratio:    0.00 (Cumulative side area) 

    Layer: via
      Partial area ratio:    0.36
      Required ratio:    6.00 (Gate area) 
      Cumulative area ratio:    0.59
      Required ratio:    0.00 (Cumulative area) 

    Layer: met2
      Partial area ratio:    1.48
      Required ratio:    0.00 (Gate area) 
      Cumulative area ratio:    7.32
      Required ratio:    0.00 (Cumulative area) 
      Partial area ratio:    6.83
      Required ratio:  400.00 (Side area) 
      Cumulative area ratio:   34.56
      Required ratio:    0.00 (Cumulative side area) 

    Layer: via2
      Partial area ratio:    0.32
      Required ratio:    6.00 (Gate area) 
      Cumulative area ratio:    0.90
      Required ratio:    0.00 (Cumulative area) 

    Layer: met3
      Partial area ratio:  111.20
      Required ratio:    0.00 (Gate area) 
      Cumulative area ratio:  118.52
      Required ratio:    0.00 (Cumulative area) 
      Partial area ratio:  594.31
      Required ratio:  400.00 (Side area) (VIOLATED)
      Cumulative area ratio:  628.87
      Required ratio:    0.00 (Cumulative side area) 

    Layer: via3
      Partial area ratio:    0.11
      Required ratio:    6.00 (Gate area) 
      Cumulative area ratio:    1.01
      Required ratio:    0.00 (Cumulative area) 

    Layer: met4
      Partial area ratio:   58.37
      Required ratio:    0.00 (Gate area) 
      Cumulative area ratio:  176.89
      Required ratio:    0.00 (Cumulative area) 
      Partial area ratio:  311.90
      Required ratio: 2778.20 (Side area) 
      Cumulative area ratio:  940.77
      Required ratio:    0.00 (Cumulative side area) 


  Pin:   _5580_/A3 (sky130_fd_sc_hd__a32o_2)
    Layer: mcon
      Partial area ratio:    0.12
      Required ratio:    3.00 (Gate area) 
      Cumulative area ratio:    0.12
      Required ratio:    0.00 (Cumulative area) 

    Layer: met1
      Partial area ratio:    2.28
      Required ratio:    0.00 (Gate area) 
      Cumulative area ratio:    2.28
      Required ratio:    0.00 (Cumulative area) 
      Partial area ratio:   10.63
      Required ratio:  400.00 (Side area) 
      Cumulative area ratio:   10.63
      Required ratio:    0.00 (Cumulative side area) 

    Layer: via
      Partial area ratio:    0.18
      Required ratio:    6.00 (Gate area) 
      Cumulative area ratio:    0.30
      Required ratio:    0.00 (Cumulative area) 

    Layer: met2
      Partial area ratio:    0.75
      Required ratio:    0.00 (Gate area) 
      Cumulative area ratio:    3.03
      Required ratio:    0.00 (Cumulative area) 
      Partial area ratio:    3.48
      Required ratio:  400.00 (Side area) 
      Cumulative area ratio:   14.10
      Required ratio:    0.00 (Cumulative side area) 

    Layer: via2
      Partial area ratio:    0.16
      Required ratio:    6.00 (Gate area) 
      Cumulative area ratio:    0.46
      Required ratio:    0.00 (Cumulative area) 

    Layer: met3
      Partial area ratio:    0.50
      Required ratio:    0.00 (Gate area) 
      Cumulative area ratio:    3.53
      Required ratio:    0.00 (Cumulative area) 
      Partial area ratio:    4.59
      Required ratio:  400.00 (Side area) 
      Cumulative area ratio:   18.69
      Required ratio:    0.00 (Cumulative side area) 

    Layer: via3
      Partial area ratio:    0.16
      Required ratio:    6.00 (Gate area) 
      Cumulative area ratio:    0.62
      Required ratio:    0.00 (Cumulative area) 

    Layer: met4
      Partial area ratio:   58.37
      Required ratio:    0.00 (Gate area) 
      Cumulative area ratio:   61.90
      Required ratio:    0.00 (Cumulative area) 
      Partial area ratio:  311.90
      Required ratio: 2778.20 (Side area) 
      Cumulative area ratio:  330.60
      Required ratio:    0.00 (Cumulative side area) 


  Pin:   _5591_/A3 (sky130_fd_sc_hd__a32o_2)
    Layer: mcon
      Partial area ratio:    0.12
      Required ratio:    3.00 (Gate area) 
      Cumulative area ratio:    0.12
      Required ratio:    0.00 (Cumulative area) 

    Layer: met1
      Partial area ratio:    1.69
      Required ratio:    0.00 (Gate area) 
      Cumulative area ratio:    1.69
      Required ratio:    0.00 (Cumulative area) 
      Partial area ratio:    7.68
      Required ratio:  400.00 (Side area) 
      Cumulative area ratio:    7.68
      Required ratio:    0.00 (Cumulative side area) 

    Layer: via
      Partial area ratio:    0.18
      Required ratio:    6.00 (Gate area) 
      Cumulative area ratio:    0.30
      Required ratio:    0.00 (Cumulative area) 

    Layer: met2
      Partial area ratio:    8.70
      Required ratio:    0.00 (Gate area) 
      Cumulative area ratio:   10.39
      Required ratio:    0.00 (Cumulative area) 
      Partial area ratio:   42.78
      Required ratio:  400.00 (Side area) 
      Cumulative area ratio:   50.46
      Required ratio:    0.00 (Cumulative side area) 

    Layer: via2
      Partial area ratio:    0.16
      Required ratio:    6.00 (Gate area) 
      Cumulative area ratio:    0.46
      Required ratio:    0.00 (Cumulative area) 

    Layer: met3
      Partial area ratio:  111.20
      Required ratio:    0.00 (Gate area) 
      Cumulative area ratio:  121.59
      Required ratio:    0.00 (Cumulative area) 
      Partial area ratio:  594.31
      Required ratio:  400.00 (Side area) (VIOLATED)
      Cumulative area ratio:  644.78
      Required ratio:    0.00 (Cumulative side area) 

    Layer: via3
      Partial area ratio:    0.11
      Required ratio:    6.00 (Gate area) 
      Cumulative area ratio:    0.57
      Required ratio:    0.00 (Cumulative area) 

    Layer: met4
      Partial area ratio:   58.37
      Required ratio:    0.00 (Gate area) 
      Cumulative area ratio:  179.96
      Required ratio:    0.00 (Cumulative area) 
      Partial area ratio:  311.90
      Required ratio: 2778.20 (Side area) 
      Cumulative area ratio:  956.68
      Required ratio:    0.00 (Cumulative side area) 


  Pin:   fanout15/A (sky130_fd_sc_hd__dlymetal6s4s_1)
    Layer: mcon
      Partial area ratio:    0.23
      Required ratio:    3.00 (Gate area) 
      Cumulative area ratio:    0.23
      Required ratio:    0.00 (Cumulative area) 

    Layer: met1
      Partial area ratio:   38.36
      Required ratio:    0.00 (Gate area) 
      Cumulative area ratio:   38.36
      Required ratio:    0.00 (Cumulative area) 
      Partial area ratio:  190.31
      Required ratio:  400.00 (Side area) 
      Cumulative area ratio:  190.31
      Required ratio:    0.00 (Cumulative side area) 

    Layer: via
      Partial area ratio:    0.36
      Required ratio:    6.00 (Gate area) 
      Cumulative area ratio:    0.59
      Required ratio:    0.00 (Cumulative area) 

    Layer: met2
      Partial area ratio:   25.42
      Required ratio:    0.00 (Gate area) 
      Cumulative area ratio:   63.78
      Required ratio:    0.00 (Cumulative area) 
      Partial area ratio:  125.58
      Required ratio: 2778.20 (Side area) 
      Cumulative area ratio:  315.89
      Required ratio:    0.00 (Cumulative side area) 

    Layer: via2
      Partial area ratio:    0.32
      Required ratio:   22.04 (Gate area) 
      Cumulative area ratio:    0.90
      Required ratio:    0.00 (Cumulative area) 

    Layer: met3
      Partial area ratio:    0.99
      Required ratio:    0.00 (Gate area) 
      Cumulative area ratio:   64.77
      Required ratio:    0.00 (Cumulative area) 
      Partial area ratio:    9.02
      Required ratio: 2778.20 (Side area) 
      Cumulative area ratio:  324.90
      Required ratio:    0.00 (Cumulative side area) 

    Layer: via3
      Partial area ratio:    0.32
      Required ratio:   22.04 (Gate area) 
      Cumulative area ratio:    1.22
      Required ratio:    0.00 (Cumulative area) 

    Layer: met4
      Partial area ratio:   58.37
      Required ratio:    0.00 (Gate area) 
      Cumulative area ratio:  123.13
      Required ratio:    0.00 (Cumulative area) 
      Partial area ratio:  311.90
      Required ratio: 2778.20 (Side area) 
      Cumulative area ratio:  636.81
      Required ratio:    0.00 (Cumulative side area) 



Net: _2488_
  Pin:   _4784_/B (sky130_fd_sc_hd__nor2_2)
    Layer: mcon
      Partial area ratio:    0.06
      Required ratio:    3.00 (Gate area) 
      Cumulative area ratio:    0.06
      Required ratio:    0.00 (Cumulative area) 

    Layer: met1
      Partial area ratio:   15.73
      Required ratio:    0.00 (Gate area) 
      Cumulative area ratio:   15.73
      Required ratio:    0.00 (Cumulative area) 
      Partial area ratio:   77.95
      Required ratio:  400.00 (Side area) 
      Cumulative area ratio:   77.95
      Required ratio:    0.00 (Cumulative side area) 

    Layer: via
      Partial area ratio:    0.14
      Required ratio:    6.00 (Gate area) 
      Cumulative area ratio:    0.20
      Required ratio:    0.00 (Cumulative area) 

    Layer: met2
      Partial area ratio:    2.68
      Required ratio:    0.00 (Gate area) 
      Cumulative area ratio:   18.42
      Required ratio:    0.00 (Cumulative area) 
      Partial area ratio:   12.92
      Required ratio: 2778.20 (Side area) 
      Cumulative area ratio:   90.86
      Required ratio:    0.00 (Cumulative side area) 

    Layer: via2
      Partial area ratio:    0.08
      Required ratio:   22.04 (Gate area) 
      Cumulative area ratio:    0.28
      Required ratio:    0.00 (Cumulative area) 

    Layer: met3
      Partial area ratio:    0.25
      Required ratio:    0.00 (Gate area) 
      Cumulative area ratio:   18.67
      Required ratio:    0.00 (Cumulative area) 
      Partial area ratio:    2.28
      Required ratio: 2778.20 (Side area) 
      Cumulative area ratio:   93.15
      Required ratio:    0.00 (Cumulative side area) 

    Layer: via3
      Partial area ratio:    0.08
      Required ratio:   22.04 (Gate area) 
      Cumulative area ratio:    0.36
      Required ratio:    0.00 (Cumulative area) 

    Layer: met4
      Partial area ratio:   13.40
      Required ratio:    0.00 (Gate area) 
      Cumulative area ratio:   32.07
      Required ratio:    0.00 (Cumulative area) 
      Partial area ratio:   72.23
      Required ratio: 2778.20 (Side area) 
      Cumulative area ratio:  165.38
      Required ratio:    0.00 (Cumulative side area) 


  Pin:   _4785_/A2 (sky130_fd_sc_hd__a211o_2)
    Layer: mcon
      Partial area ratio:    0.12
      Required ratio:    3.00 (Gate area) 
      Cumulative area ratio:    0.12
      Required ratio:    0.00 (Cumulative area) 

    Layer: met1
      Partial area ratio:    5.07
      Required ratio:    0.00 (Gate area) 
      Cumulative area ratio:    5.07
      Required ratio:    0.00 (Cumulative area) 
      Partial area ratio:   24.17
      Required ratio:  400.00 (Side area) 
      Cumulative area ratio:   24.17
      Required ratio:    0.00 (Cumulative side area) 

    Layer: via
      Partial area ratio:    0.27
      Required ratio:    6.00 (Gate area) 
      Cumulative area ratio:    0.39
      Required ratio:    0.00 (Cumulative area) 

    Layer: met2
      Partial area ratio:    2.68
      Required ratio:    0.00 (Gate area) 
      Cumulative area ratio:    7.75
      Required ratio:    0.00 (Cumulative area) 
      Partial area ratio:   12.92
      Required ratio: 2778.20 (Side area) 
      Cumulative area ratio:   37.08
      Required ratio:    0.00 (Cumulative side area) 

    Layer: via2
      Partial area ratio:    0.08
      Required ratio:   22.04 (Gate area) 
      Cumulative area ratio:    0.47
      Required ratio:    0.00 (Cumulative area) 

    Layer: met3
      Partial area ratio:    0.25
      Required ratio:    0.00 (Gate area) 
      Cumulative area ratio:    8.00
      Required ratio:    0.00 (Cumulative area) 
      Partial area ratio:    2.28
      Required ratio: 2778.20 (Side area) 
      Cumulative area ratio:   39.37
      Required ratio:    0.00 (Cumulative side area) 

    Layer: via3
      Partial area ratio:    0.08
      Required ratio:   22.04 (Gate area) 
      Cumulative area ratio:    0.55
      Required ratio:    0.00 (Cumulative area) 

    Layer: met4
      Partial area ratio:   13.40
      Required ratio:    0.00 (Gate area) 
      Cumulative area ratio:   21.41
      Required ratio:    0.00 (Cumulative area) 
      Partial area ratio:   72.23
      Required ratio: 2778.20 (Side area) 
      Cumulative area ratio:  111.60
      Required ratio:    0.00 (Cumulative side area) 


  Pin:   _4792_/S (sky130_fd_sc_hd__mux2_1)
    Layer: mcon
      Partial area ratio:    0.11
      Required ratio:    3.00 (Gate area) 
      Cumulative area ratio:    0.11
      Required ratio:    0.00 (Cumulative area) 

    Layer: met1
      Partial area ratio:    1.28
      Required ratio:    0.00 (Gate area) 
      Cumulative area ratio:    1.28
      Required ratio:    0.00 (Cumulative area) 
      Partial area ratio:    5.34
      Required ratio:  400.00 (Side area) 
      Cumulative area ratio:    5.34
      Required ratio:    0.00 (Cumulative side area) 

    Layer: via
      Partial area ratio:    0.18
      Required ratio:    6.00 (Gate area) 
      Cumulative area ratio:    0.29
      Required ratio:    0.00 (Cumulative area) 

    Layer: met2
      Partial area ratio:    0.74
      Required ratio:    0.00 (Gate area) 
      Cumulative area ratio:    2.02
      Required ratio:    0.00 (Cumulative area) 
      Partial area ratio:    3.42
      Required ratio:  400.00 (Side area) 
      Cumulative area ratio:    8.76
      Required ratio:    0.00 (Cumulative side area) 

    Layer: via2
      Partial area ratio:    0.16
      Required ratio:    6.00 (Gate area) 
      Cumulative area ratio:    0.45
      Required ratio:    0.00 (Cumulative area) 

    Layer: met3
      Partial area ratio:    0.50
      Required ratio:    0.00 (Gate area) 
      Cumulative area ratio:    2.52
      Required ratio:    0.00 (Cumulative area) 
      Partial area ratio:    4.51
      Required ratio:  400.00 (Side area) 
      Cumulative area ratio:   13.26
      Required ratio:    0.00 (Cumulative side area) 

    Layer: via3
      Partial area ratio:    0.16
      Required ratio:    6.00 (Gate area) 
      Cumulative area ratio:    0.61
      Required ratio:    0.00 (Cumulative area) 

    Layer: met4
      Partial area ratio:   13.40
      Required ratio:    0.00 (Gate area) 
      Cumulative area ratio:   15.92
      Required ratio:    0.00 (Cumulative area) 
      Partial area ratio:   72.23
      Required ratio: 2778.20 (Side area) 
      Cumulative area ratio:   85.50
      Required ratio:    0.00 (Cumulative side area) 


  Pin:   _4800_/S (sky130_fd_sc_hd__mux2_1)
    Layer: mcon
      Partial area ratio:    0.11
      Required ratio:    3.00 (Gate area) 
      Cumulative area ratio:    0.11
      Required ratio:    0.00 (Cumulative area) 

    Layer: met1
      Partial area ratio:    5.89
      Required ratio:    0.00 (Gate area) 
      Cumulative area ratio:    5.89
      Required ratio:    0.00 (Cumulative area) 
      Partial area ratio:   28.71
      Required ratio:  400.00 (Side area) 
      Cumulative area ratio:   28.71
      Required ratio:    0.00 (Cumulative side area) 

    Layer: via
      Partial area ratio:    0.18
      Required ratio:    6.00 (Gate area) 
      Cumulative area ratio:    0.29
      Required ratio:    0.00 (Cumulative area) 

    Layer: met2
      Partial area ratio:    4.47
      Required ratio:    0.00 (Gate area) 
      Cumulative area ratio:   10.36
      Required ratio:    0.00 (Cumulative area) 
      Partial area ratio:   21.87
      Required ratio:  400.00 (Side area) 
      Cumulative area ratio:   50.58
      Required ratio:    0.00 (Cumulative side area) 

    Layer: via2
      Partial area ratio:    0.16
      Required ratio:    6.00 (Gate area) 
      Cumulative area ratio:    0.45
      Required ratio:    0.00 (Cumulative area) 

    Layer: met3
      Partial area ratio:   93.44
      Required ratio:    0.00 (Gate area) 
      Cumulative area ratio:  103.80
      Required ratio:    0.00 (Cumulative area) 
      Partial area ratio:  499.56
      Required ratio:  400.00 (Side area) (VIOLATED)
      Cumulative area ratio:  550.14
      Required ratio:    0.00 (Cumulative side area) 

    Layer: via3
      Partial area ratio:    0.11
      Required ratio:    6.00 (Gate area) 
      Cumulative area ratio:    0.56
      Required ratio:    0.00 (Cumulative area) 

    Layer: met4
      Partial area ratio:   13.40
      Required ratio:    0.00 (Gate area) 
      Cumulative area ratio:  117.20
      Required ratio:    0.00 (Cumulative area) 
      Partial area ratio:   72.23
      Required ratio: 2778.20 (Side area) 
      Cumulative area ratio:  622.37
      Required ratio:    0.00 (Cumulative side area) 


  Pin:   _4807_/S (sky130_fd_sc_hd__mux2_1)
    Layer: mcon
      Partial area ratio:    0.11
      Required ratio:    3.00 (Gate area) 
      Cumulative area ratio:    0.11
      Required ratio:    0.00 (Cumulative area) 

    Layer: met1
      Partial area ratio:    2.21
      Required ratio:    0.00 (Gate area) 
      Cumulative area ratio:    2.21
      Required ratio:    0.00 (Cumulative area) 
      Partial area ratio:   10.41
      Required ratio:  400.00 (Side area) 
      Cumulative area ratio:   10.41
      Required ratio:    0.00 (Cumulative side area) 

    Layer: via
      Partial area ratio:    0.17
      Required ratio:    6.00 (Gate area) 
      Cumulative area ratio:    0.29
      Required ratio:    0.00 (Cumulative area) 

    Layer: met2
      Partial area ratio:    2.44
      Required ratio:    0.00 (Gate area) 
      Cumulative area ratio:    4.65
      Required ratio:    0.00 (Cumulative area) 
      Partial area ratio:   11.61
      Required ratio:  400.00 (Side area) 
      Cumulative area ratio:   22.02
      Required ratio:    0.00 (Cumulative side area) 

    Layer: via2
      Partial area ratio:    0.08
      Required ratio:    6.00 (Gate area) 
      Cumulative area ratio:    0.37
      Required ratio:    0.00 (Cumulative area) 

    Layer: met3
      Partial area ratio:    0.25
      Required ratio:    0.00 (Gate area) 
      Cumulative area ratio:    4.90
      Required ratio:    0.00 (Cumulative area) 
      Partial area ratio:    2.25
      Required ratio:  400.00 (Side area) 
      Cumulative area ratio:   24.27
      Required ratio:    0.00 (Cumulative side area) 

    Layer: via3
      Partial area ratio:    0.08
      Required ratio:    6.00 (Gate area) 
      Cumulative area ratio:    0.45
      Required ratio:    0.00 (Cumulative area) 

    Layer: met4
      Partial area ratio:   13.40
      Required ratio:    0.00 (Gate area) 
      Cumulative area ratio:   18.30
      Required ratio:    0.00 (Cumulative area) 
      Partial area ratio:   72.23
      Required ratio: 2778.20 (Side area) 
      Cumulative area ratio:   96.51
      Required ratio:    0.00 (Cumulative side area) 


  Pin:   _4814_/S (sky130_fd_sc_hd__mux2_1)
    Layer: mcon
      Partial area ratio:    0.11
      Required ratio:    3.00 (Gate area) 
      Cumulative area ratio:    0.11
      Required ratio:    0.00 (Cumulative area) 

    Layer: met1
      Partial area ratio:    2.65
      Required ratio:    0.00 (Gate area) 
      Cumulative area ratio:    2.65
      Required ratio:    0.00 (Cumulative area) 
      Partial area ratio:   12.51
      Required ratio:  400.00 (Side area) 
      Cumulative area ratio:   12.51
      Required ratio:    0.00 (Cumulative side area) 

    Layer: via
      Partial area ratio:    0.18
      Required ratio:    6.00 (Gate area) 
      Cumulative area ratio:    0.29
      Required ratio:    0.00 (Cumulative area) 

    Layer: met2
      Partial area ratio:    0.74
      Required ratio:    0.00 (Gate area) 
      Cumulative area ratio:    3.39
      Required ratio:    0.00 (Cumulative area) 
      Partial area ratio:    3.42
      Required ratio:  400.00 (Side area) 
      Cumulative area ratio:   15.92
      Required ratio:    0.00 (Cumulative side area) 

    Layer: via2
      Partial area ratio:    0.16
      Required ratio:    6.00 (Gate area) 
      Cumulative area ratio:    0.45
      Required ratio:    0.00 (Cumulative area) 

    Layer: met3
      Partial area ratio:   93.44
      Required ratio:    0.00 (Gate area) 
      Cumulative area ratio:   96.83
      Required ratio:    0.00 (Cumulative area) 
      Partial area ratio:  499.56
      Required ratio:  400.00 (Side area) (VIOLATED)
      Cumulative area ratio:  515.48
      Required ratio:    0.00 (Cumulative side area) 

    Layer: via3
      Partial area ratio:    0.11
      Required ratio:    6.00 (Gate area) 
      Cumulative area ratio:    0.56
      Required ratio:    0.00 (Cumulative area) 

    Layer: met4
      Partial area ratio:   13.40
      Required ratio:    0.00 (Gate area) 
      Cumulative area ratio:  110.23
      Required ratio:    0.00 (Cumulative area) 
      Partial area ratio:   72.23
      Required ratio: 2778.20 (Side area) 
      Cumulative area ratio:  587.71
      Required ratio:    0.00 (Cumulative side area) 


  Pin:   _4821_/S (sky130_fd_sc_hd__mux2_1)
    Layer: mcon
      Partial area ratio:    0.11
      Required ratio:    3.00 (Gate area) 
      Cumulative area ratio:    0.11
      Required ratio:    0.00 (Cumulative area) 

    Layer: met1
      Partial area ratio:    2.36
      Required ratio:    0.00 (Gate area) 
      Cumulative area ratio:    2.36
      Required ratio:    0.00 (Cumulative area) 
      Partial area ratio:   11.08
      Required ratio:  400.00 (Side area) 
      Cumulative area ratio:   11.08
      Required ratio:    0.00 (Cumulative side area) 

    Layer: via
      Partial area ratio:    0.18
      Required ratio:    6.00 (Gate area) 
      Cumulative area ratio:    0.29
      Required ratio:    0.00 (Cumulative area) 

    Layer: met2
      Partial area ratio:    4.47
      Required ratio:    0.00 (Gate area) 
      Cumulative area ratio:    6.83
      Required ratio:    0.00 (Cumulative area) 
      Partial area ratio:   21.87
      Required ratio:  400.00 (Side area) 
      Cumulative area ratio:   32.95
      Required ratio:    0.00 (Cumulative side area) 

    Layer: via2
      Partial area ratio:    0.16
      Required ratio:    6.00 (Gate area) 
      Cumulative area ratio:    0.45
      Required ratio:    0.00 (Cumulative area) 

    Layer: met3
      Partial area ratio:   93.44
      Required ratio:    0.00 (Gate area) 
      Cumulative area ratio:  100.27
      Required ratio:    0.00 (Cumulative area) 
      Partial area ratio:  499.56
      Required ratio:  400.00 (Side area) (VIOLATED)
      Cumulative area ratio:  532.51
      Required ratio:    0.00 (Cumulative side area) 

    Layer: via3
      Partial area ratio:    0.11
      Required ratio:    6.00 (Gate area) 
      Cumulative area ratio:    0.56
      Required ratio:    0.00 (Cumulative area) 

    Layer: met4
      Partial area ratio:   13.40
      Required ratio:    0.00 (Gate area) 
      Cumulative area ratio:  113.67
      Required ratio:    0.00 (Cumulative area) 
      Partial area ratio:   72.23
      Required ratio: 2778.20 (Side area) 
      Cumulative area ratio:  604.74
      Required ratio:    0.00 (Cumulative side area) 


  Pin:   _4828_/S (sky130_fd_sc_hd__mux2_1)
    Layer: mcon
      Partial area ratio:    0.11
      Required ratio:    3.00 (Gate area) 
      Cumulative area ratio:    0.11
      Required ratio:    0.00 (Cumulative area) 

    Layer: met1
      Partial area ratio:    2.24
      Required ratio:    0.00 (Gate area) 
      Cumulative area ratio:    2.24
      Required ratio:    0.00 (Cumulative area) 
      Partial area ratio:   10.45
      Required ratio:  400.00 (Side area) 
      Cumulative area ratio:   10.45
      Required ratio:    0.00 (Cumulative side area) 

    Layer: via
      Partial area ratio:    0.18
      Required ratio:    6.00 (Gate area) 
      Cumulative area ratio:    0.29
      Required ratio:    0.00 (Cumulative area) 

    Layer: met2
      Partial area ratio:    2.44
      Required ratio:    0.00 (Gate area) 
      Cumulative area ratio:    4.68
      Required ratio:    0.00 (Cumulative area) 
      Partial area ratio:   11.61
      Required ratio:  400.00 (Side area) 
      Cumulative area ratio:   22.06
      Required ratio:    0.00 (Cumulative side area) 

    Layer: via2
      Partial area ratio:    0.08
      Required ratio:    6.00 (Gate area) 
      Cumulative area ratio:    0.37
      Required ratio:    0.00 (Cumulative area) 

    Layer: met3
      Partial area ratio:    0.25
      Required ratio:    0.00 (Gate area) 
      Cumulative area ratio:    4.93
      Required ratio:    0.00 (Cumulative area) 
      Partial area ratio:    2.25
      Required ratio:  400.00 (Side area) 
      Cumulative area ratio:   24.31
      Required ratio:    0.00 (Cumulative side area) 

    Layer: via3
      Partial area ratio:    0.08
      Required ratio:    6.00 (Gate area) 
      Cumulative area ratio:    0.45
      Required ratio:    0.00 (Cumulative area) 

    Layer: met4
      Partial area ratio:   13.40
      Required ratio:    0.00 (Gate area) 
      Cumulative area ratio:   18.33
      Required ratio:    0.00 (Cumulative area) 
      Partial area ratio:   72.23
      Required ratio: 2778.20 (Side area) 
      Cumulative area ratio:   96.55
      Required ratio:    0.00 (Cumulative side area) 


  Pin:   _4835_/S (sky130_fd_sc_hd__mux2_1)
    Layer: mcon
      Partial area ratio:    0.11
      Required ratio:    3.00 (Gate area) 
      Cumulative area ratio:    0.11
      Required ratio:    0.00 (Cumulative area) 

    Layer: met1
      Partial area ratio:   15.73
      Required ratio:    0.00 (Gate area) 
      Cumulative area ratio:   15.73
      Required ratio:    0.00 (Cumulative area) 
      Partial area ratio:   77.95
      Required ratio:  400.00 (Side area) 
      Cumulative area ratio:   77.95
      Required ratio:    0.00 (Cumulative side area) 

    Layer: via
      Partial area ratio:    0.14
      Required ratio:    6.00 (Gate area) 
      Cumulative area ratio:    0.26
      Required ratio:    0.00 (Cumulative area) 

    Layer: met2
      Partial area ratio:    2.68
      Required ratio:    0.00 (Gate area) 
      Cumulative area ratio:   18.42
      Required ratio:    0.00 (Cumulative area) 
      Partial area ratio:   12.92
      Required ratio: 2778.20 (Side area) 
      Cumulative area ratio:   90.86
      Required ratio:    0.00 (Cumulative side area) 

    Layer: via2
      Partial area ratio:    0.08
      Required ratio:   22.04 (Gate area) 
      Cumulative area ratio:    0.34
      Required ratio:    0.00 (Cumulative area) 

    Layer: met3
      Partial area ratio:    0.25
      Required ratio:    0.00 (Gate area) 
      Cumulative area ratio:   18.67
      Required ratio:    0.00 (Cumulative area) 
      Partial area ratio:    2.28
      Required ratio: 2778.20 (Side area) 
      Cumulative area ratio:   93.15
      Required ratio:    0.00 (Cumulative side area) 

    Layer: via3
      Partial area ratio:    0.08
      Required ratio:   22.04 (Gate area) 
      Cumulative area ratio:    0.42
      Required ratio:    0.00 (Cumulative area) 

    Layer: met4
      Partial area ratio:   13.40
      Required ratio:    0.00 (Gate area) 
      Cumulative area ratio:   32.07
      Required ratio:    0.00 (Cumulative area) 
      Partial area ratio:   72.23
      Required ratio: 2778.20 (Side area) 
      Cumulative area ratio:  165.38
      Required ratio:    0.00 (Cumulative side area) 



Net: _2920_
  Pin:   fanout240/A (sky130_fd_sc_hd__clkdlybuf4s25_1)
    Layer: mcon
      Partial area ratio:    0.14
      Required ratio:    3.00 (Gate area) 
      Cumulative area ratio:    0.14
      Required ratio:    0.00 (Cumulative area) 

    Layer: met1
      Partial area ratio:    4.09
      Required ratio:    0.00 (Gate area) 
      Cumulative area ratio:    4.09
      Required ratio:    0.00 (Cumulative area) 
      Partial area ratio:   19.59
      Required ratio:  400.00 (Side area) 
      Cumulative area ratio:   19.59
      Required ratio:    0.00 (Cumulative side area) 

    Layer: via
      Partial area ratio:    0.21
      Required ratio:    6.00 (Gate area) 
      Cumulative area ratio:    0.35
      Required ratio:    0.00 (Cumulative area) 

    Layer: met2
      Partial area ratio:   10.19
      Required ratio:    0.00 (Gate area) 
      Cumulative area ratio:   14.28
      Required ratio:    0.00 (Cumulative area) 
      Partial area ratio:   49.85
      Required ratio:  400.00 (Side area) 
      Cumulative area ratio:   69.45
      Required ratio:    0.00 (Cumulative side area) 

    Layer: via2
      Partial area ratio:    0.38
      Required ratio:    6.00 (Gate area) 
      Cumulative area ratio:    0.72
      Required ratio:    0.00 (Cumulative area) 

    Layer: met3
      Partial area ratio:   30.32
      Required ratio:    0.00 (Gate area) 
      Cumulative area ratio:   44.60
      Required ratio:    0.00 (Cumulative area) 
      Partial area ratio:  166.08
      Required ratio:  400.00 (Side area) 
      Cumulative area ratio:  235.53
      Required ratio:    0.00 (Cumulative side area) 

    Layer: via3
      Partial area ratio:    0.38
      Required ratio:    6.00 (Gate area) 
      Cumulative area ratio:    1.10
      Required ratio:    0.00 (Cumulative area) 

    Layer: met4
      Partial area ratio:   78.16
      Required ratio:    0.00 (Gate area) 
      Cumulative area ratio:  122.77
      Required ratio:    0.00 (Cumulative area) 
      Partial area ratio:  418.54
      Required ratio: 2778.20 (Side area) 
      Cumulative area ratio:  654.07
      Required ratio:    0.00 (Cumulative side area) 


  Pin:   fanout244/A (sky130_fd_sc_hd__clkdlybuf4s25_1)
    Layer: mcon
      Partial area ratio:    0.14
      Required ratio:    3.00 (Gate area) 
      Cumulative area ratio:    0.14
      Required ratio:    0.00 (Cumulative area) 

    Layer: met1
      Partial area ratio:    2.84
      Required ratio:    0.00 (Gate area) 
      Cumulative area ratio:    2.84
      Required ratio:    0.00 (Cumulative area) 
      Partial area ratio:   13.35
      Required ratio:  400.00 (Side area) 
      Cumulative area ratio:   13.35
      Required ratio:    0.00 (Cumulative side area) 

    Layer: via
      Partial area ratio:    0.21
      Required ratio:    6.00 (Gate area) 
      Cumulative area ratio:    0.35
      Required ratio:    0.00 (Cumulative area) 

    Layer: met2
      Partial area ratio:   10.91
      Required ratio:    0.00 (Gate area) 
      Cumulative area ratio:   13.75
      Required ratio:    0.00 (Cumulative area) 
      Partial area ratio:   53.60
      Required ratio: 2778.20 (Side area) 
      Cumulative area ratio:   66.95
      Required ratio:    0.00 (Cumulative side area) 

    Layer: via2
      Partial area ratio:    0.19
      Required ratio:   22.04 (Gate area) 
      Cumulative area ratio:    0.53
      Required ratio:    0.00 (Cumulative area) 

    Layer: met3
      Partial area ratio:    0.59
      Required ratio:    0.00 (Gate area) 
      Cumulative area ratio:   14.34
      Required ratio:    0.00 (Cumulative area) 
      Partial area ratio:    5.33
      Required ratio: 2778.20 (Side area) 
      Cumulative area ratio:   72.29
      Required ratio:    0.00 (Cumulative side area) 

    Layer: via3
      Partial area ratio:    0.19
      Required ratio:   22.04 (Gate area) 
      Cumulative area ratio:    0.72
      Required ratio:    0.00 (Cumulative area) 

    Layer: met4
      Partial area ratio:   78.16
      Required ratio:    0.00 (Gate area) 
      Cumulative area ratio:   92.50
      Required ratio:    0.00 (Cumulative area) 
      Partial area ratio:  418.54
      Required ratio: 2778.20 (Side area) 
      Cumulative area ratio:  490.82
      Required ratio:    0.00 (Cumulative side area) 


  Pin:   fanout248/A (sky130_fd_sc_hd__clkdlybuf4s25_1)
    Layer: mcon
      Partial area ratio:    0.14
      Required ratio:    3.00 (Gate area) 
      Cumulative area ratio:    0.14
      Required ratio:    0.00 (Cumulative area) 

    Layer: met1
      Partial area ratio:    2.59
      Required ratio:    0.00 (Gate area) 
      Cumulative area ratio:    2.59
      Required ratio:    0.00 (Cumulative area) 
      Partial area ratio:   11.77
      Required ratio:  400.00 (Side area) 
      Cumulative area ratio:   11.77
      Required ratio:    0.00 (Cumulative side area) 

    Layer: via
      Partial area ratio:    0.21
      Required ratio:    6.00 (Gate area) 
      Cumulative area ratio:    0.35
      Required ratio:    0.00 (Cumulative area) 

    Layer: met2
      Partial area ratio:   28.33
      Required ratio:    0.00 (Gate area) 
      Cumulative area ratio:   30.92
      Required ratio:    0.00 (Cumulative area) 
      Partial area ratio:  140.56
      Required ratio:  400.00 (Side area) 
      Cumulative area ratio:  152.33
      Required ratio:    0.00 (Cumulative side area) 

    Layer: via2
      Partial area ratio:    0.38
      Required ratio:    6.00 (Gate area) 
      Cumulative area ratio:    0.72
      Required ratio:    0.00 (Cumulative area) 

    Layer: met3
      Partial area ratio:   98.35
      Required ratio:    0.00 (Gate area) 
      Cumulative area ratio:  129.27
      Required ratio:    0.00 (Cumulative area) 
      Partial area ratio:  528.90
      Required ratio:  400.00 (Side area) (VIOLATED)
      Cumulative area ratio:  681.23
      Required ratio:    0.00 (Cumulative side area) 

    Layer: via3
      Partial area ratio:    0.38
      Required ratio:    6.00 (Gate area) 
      Cumulative area ratio:    1.10
      Required ratio:    0.00 (Cumulative area) 

    Layer: met4
      Partial area ratio:   78.16
      Required ratio:    0.00 (Gate area) 
      Cumulative area ratio:  207.43
      Required ratio:    0.00 (Cumulative area) 
      Partial area ratio:  418.54
      Required ratio: 2778.20 (Side area) 
      Cumulative area ratio: 1099.77
      Required ratio:    0.00 (Cumulative side area) 


  Pin:   fanout253/A (sky130_fd_sc_hd__clkdlybuf4s25_1)
    Layer: mcon
      Partial area ratio:    0.14
      Required ratio:    3.00 (Gate area) 
      Cumulative area ratio:    0.14
      Required ratio:    0.00 (Cumulative area) 

    Layer: met1
      Partial area ratio:    2.17
      Required ratio:    0.00 (Gate area) 
      Cumulative area ratio:    2.17
      Required ratio:    0.00 (Cumulative area) 
      Partial area ratio:    9.97
      Required ratio:  400.00 (Side area) 
      Cumulative area ratio:    9.97
      Required ratio:    0.00 (Cumulative side area) 

    Layer: via
      Partial area ratio:    0.21
      Required ratio:    6.00 (Gate area) 
      Cumulative area ratio:    0.35
      Required ratio:    0.00 (Cumulative area) 

    Layer: met2
      Partial area ratio:    0.88
      Required ratio:    0.00 (Gate area) 
      Cumulative area ratio:    3.04
      Required ratio:    0.00 (Cumulative area) 
      Partial area ratio:    4.04
      Required ratio:  400.00 (Side area) 
      Cumulative area ratio:   14.01
      Required ratio:    0.00 (Cumulative side area) 

    Layer: via2
      Partial area ratio:    0.19
      Required ratio:    6.00 (Gate area) 
      Cumulative area ratio:    0.53
      Required ratio:    0.00 (Cumulative area) 

    Layer: met3
      Partial area ratio:    0.59
      Required ratio:    0.00 (Gate area) 
      Cumulative area ratio:    3.63
      Required ratio:    0.00 (Cumulative area) 
      Partial area ratio:    5.33
      Required ratio:  400.00 (Side area) 
      Cumulative area ratio:   19.34
      Required ratio:    0.00 (Cumulative side area) 

    Layer: via3
      Partial area ratio:    0.19
      Required ratio:    6.00 (Gate area) 
      Cumulative area ratio:    0.72
      Required ratio:    0.00 (Cumulative area) 

    Layer: met4
      Partial area ratio:   78.16
      Required ratio:    0.00 (Gate area) 
      Cumulative area ratio:   81.80
      Required ratio:    0.00 (Cumulative area) 
      Partial area ratio:  418.54
      Required ratio: 2778.20 (Side area) 
      Cumulative area ratio:  437.88
      Required ratio:    0.00 (Cumulative side area) 



Net: _2997_
  Pin:   _5780_/S (sky130_fd_sc_hd__mux2_1)
    Layer: mcon
      Partial area ratio:    0.11
      Required ratio:    3.00 (Gate area) 
      Cumulative area ratio:    0.11
      Required ratio:    0.00 (Cumulative area) 

    Layer: met1
      Partial area ratio:    1.69
      Required ratio:    0.00 (Gate area) 
      Cumulative area ratio:    1.69
      Required ratio:    0.00 (Cumulative area) 
      Partial area ratio:    7.72
      Required ratio:  400.00 (Side area) 
      Cumulative area ratio:    7.72
      Required ratio:    0.00 (Cumulative side area) 

    Layer: via
      Partial area ratio:    0.18
      Required ratio:    6.00 (Gate area) 
      Cumulative area ratio:    0.29
      Required ratio:    0.00 (Cumulative area) 

    Layer: met2
      Partial area ratio:    0.74
      Required ratio:    0.00 (Gate area) 
      Cumulative area ratio:    2.43
      Required ratio:    0.00 (Cumulative area) 
      Partial area ratio:    3.42
      Required ratio:  400.00 (Side area) 
      Cumulative area ratio:   11.13
      Required ratio:    0.00 (Cumulative side area) 

    Layer: via2
      Partial area ratio:    0.16
      Required ratio:    6.00 (Gate area) 
      Cumulative area ratio:    0.45
      Required ratio:    0.00 (Cumulative area) 

    Layer: met3
      Partial area ratio:  345.96
      Required ratio:    0.00 (Gate area) 
      Cumulative area ratio:  348.40
      Required ratio:    0.00 (Cumulative area) 
      Partial area ratio: 1848.86
      Required ratio:  400.00 (Side area) (VIOLATED)
      Cumulative area ratio: 1859.99
      Required ratio:    0.00 (Cumulative side area) 

    Layer: via3
      Partial area ratio:    0.16
      Required ratio:    6.00 (Gate area) 
      Cumulative area ratio:    0.61
      Required ratio:    0.00 (Cumulative area) 

    Layer: met4
      Partial area ratio:    4.71
      Required ratio:    0.00 (Gate area) 
      Cumulative area ratio:  353.11
      Required ratio:    0.00 (Cumulative area) 
      Partial area ratio:   26.12
      Required ratio: 2778.20 (Side area) 
      Cumulative area ratio: 1886.11
      Required ratio:    0.00 (Cumulative side area) 


  Pin:   fanout158/A (sky130_fd_sc_hd__clkdlybuf4s25_1)
    Layer: mcon
      Partial area ratio:    0.14
      Required ratio:    3.00 (Gate area) 
      Cumulative area ratio:    0.14
      Required ratio:    0.00 (Cumulative area) 

    Layer: met1
      Partial area ratio:   15.43
      Required ratio:    0.00 (Gate area) 
      Cumulative area ratio:   15.43
      Required ratio:    0.00 (Cumulative area) 
      Partial area ratio:   74.45
      Required ratio: 2778.20 (Side area) 
      Cumulative area ratio:   74.45
      Required ratio:    0.00 (Cumulative side area) 

    Layer: via
      Partial area ratio:    0.53
      Required ratio:   22.04 (Gate area) 
      Cumulative area ratio:    0.66
      Required ratio:    0.00 (Cumulative area) 

    Layer: met2
      Partial area ratio:    6.36
      Required ratio:    0.00 (Gate area) 
      Cumulative area ratio:   21.79
      Required ratio:    0.00 (Cumulative area) 
      Partial area ratio:   30.84
      Required ratio: 2778.20 (Side area) 
      Cumulative area ratio:  105.29
      Required ratio:    0.00 (Cumulative side area) 

    Layer: via2
      Partial area ratio:    0.19
      Required ratio:   22.04 (Gate area) 
      Cumulative area ratio:    0.85
      Required ratio:    0.00 (Cumulative area) 

    Layer: met3
      Partial area ratio:    0.59
      Required ratio:    0.00 (Gate area) 
      Cumulative area ratio:   22.37
      Required ratio:    0.00 (Cumulative area) 
      Partial area ratio:    5.33
      Required ratio: 2778.20 (Side area) 
      Cumulative area ratio:  110.62
      Required ratio:    0.00 (Cumulative side area) 

    Layer: via3
      Partial area ratio:    0.19
      Required ratio:   22.04 (Gate area) 
      Cumulative area ratio:    1.04
      Required ratio:    0.00 (Cumulative area) 

    Layer: met4
      Partial area ratio:    4.71
      Required ratio:    0.00 (Gate area) 
      Cumulative area ratio:   27.08
      Required ratio:    0.00 (Cumulative area) 
      Partial area ratio:   26.12
      Required ratio: 2778.20 (Side area) 
      Cumulative area ratio:  136.74
      Required ratio:    0.00 (Cumulative side area) 



Net: _3012_
  Pin:   _5806_/S (sky130_fd_sc_hd__mux2_1)
    Layer: mcon
      Partial area ratio:    0.11
      Required ratio:    3.00 (Gate area) 
      Cumulative area ratio:    0.11
      Required ratio:    0.00 (Cumulative area) 

    Layer: met1
      Partial area ratio:    2.46
      Required ratio:    0.00 (Gate area) 
      Cumulative area ratio:    2.46
      Required ratio:    0.00 (Cumulative area) 
      Partial area ratio:   11.58
      Required ratio:  400.00 (Side area) 
      Cumulative area ratio:   11.58
      Required ratio:    0.00 (Cumulative side area) 

    Layer: via
      Partial area ratio:    0.18
      Required ratio:    6.00 (Gate area) 
      Cumulative area ratio:    0.29
      Required ratio:    0.00 (Cumulative area) 

    Layer: met2
      Partial area ratio:    0.74
      Required ratio:    0.00 (Gate area) 
      Cumulative area ratio:    3.20
      Required ratio:    0.00 (Cumulative area) 
      Partial area ratio:    3.42
      Required ratio:  400.00 (Side area) 
      Cumulative area ratio:   14.99
      Required ratio:    0.00 (Cumulative side area) 

    Layer: via2
      Partial area ratio:    0.16
      Required ratio:    6.00 (Gate area) 
      Cumulative area ratio:    0.45
      Required ratio:    0.00 (Cumulative area) 

    Layer: met3
      Partial area ratio:   33.87
      Required ratio:    0.00 (Gate area) 
      Cumulative area ratio:   37.07
      Required ratio:    0.00 (Cumulative area) 
      Partial area ratio:  184.32
      Required ratio: 2778.20 (Side area) 
      Cumulative area ratio:  199.31
      Required ratio:    0.00 (Cumulative side area) 

    Layer: via3
      Partial area ratio:    0.32
      Required ratio:   22.04 (Gate area) 
      Cumulative area ratio:    0.77
      Required ratio:    0.00 (Cumulative area) 

    Layer: met4
      Partial area ratio:   12.62
      Required ratio:    0.00 (Gate area) 
      Cumulative area ratio:   49.69
      Required ratio:    0.00 (Cumulative area) 
      Partial area ratio:   68.45
      Required ratio: 2778.20 (Side area) 
      Cumulative area ratio:  267.76
      Required ratio:    0.00 (Cumulative side area) 


  Pin:   _5807_/S (sky130_fd_sc_hd__mux2_1)
    Layer: mcon
      Partial area ratio:    0.11
      Required ratio:    3.00 (Gate area) 
      Cumulative area ratio:    0.11
      Required ratio:    0.00 (Cumulative area) 

    Layer: met1
      Partial area ratio:    2.43
      Required ratio:    0.00 (Gate area) 
      Cumulative area ratio:    2.43
      Required ratio:    0.00 (Cumulative area) 
      Partial area ratio:   11.41
      Required ratio:  400.00 (Side area) 
      Cumulative area ratio:   11.41
      Required ratio:    0.00 (Cumulative side area) 

    Layer: via
      Partial area ratio:    0.18
      Required ratio:    6.00 (Gate area) 
      Cumulative area ratio:    0.29
      Required ratio:    0.00 (Cumulative area) 

    Layer: met2
      Partial area ratio:    0.74
      Required ratio:    0.00 (Gate area) 
      Cumulative area ratio:    3.17
      Required ratio:    0.00 (Cumulative area) 
      Partial area ratio:    3.42
      Required ratio:  400.00 (Side area) 
      Cumulative area ratio:   14.83
      Required ratio:    0.00 (Cumulative side area) 

    Layer: via2
      Partial area ratio:    0.16
      Required ratio:    6.00 (Gate area) 
      Cumulative area ratio:    0.45
      Required ratio:    0.00 (Cumulative area) 

    Layer: met3
      Partial area ratio:    8.71
      Required ratio:    0.00 (Gate area) 
      Cumulative area ratio:   11.88
      Required ratio:    0.00 (Cumulative area) 
      Partial area ratio:   48.29
      Required ratio:  400.00 (Side area) 
      Cumulative area ratio:   63.11
      Required ratio:    0.00 (Cumulative side area) 

    Layer: via3
      Partial area ratio:    0.16
      Required ratio:    6.00 (Gate area) 
      Cumulative area ratio:    0.61
      Required ratio:    0.00 (Cumulative area) 

    Layer: met4
      Partial area ratio:   12.62
      Required ratio:    0.00 (Gate area) 
      Cumulative area ratio:   24.49
      Required ratio:    0.00 (Cumulative area) 
      Partial area ratio:   68.45
      Required ratio: 2778.20 (Side area) 
      Cumulative area ratio:  131.57
      Required ratio:    0.00 (Cumulative side area) 


  Pin:   _5808_/S (sky130_fd_sc_hd__mux2_1)
    Layer: mcon
      Partial area ratio:    0.11
      Required ratio:    3.00 (Gate area) 
      Cumulative area ratio:    0.11
      Required ratio:    0.00 (Cumulative area) 

    Layer: met1
      Partial area ratio:    2.87
      Required ratio:    0.00 (Gate area) 
      Cumulative area ratio:    2.87
      Required ratio:    0.00 (Cumulative area) 
      Partial area ratio:   13.62
      Required ratio:  400.00 (Side area) 
      Cumulative area ratio:   13.62
      Required ratio:    0.00 (Cumulative side area) 

    Layer: via
      Partial area ratio:    0.18
      Required ratio:    6.00 (Gate area) 
      Cumulative area ratio:    0.29
      Required ratio:    0.00 (Cumulative area) 

    Layer: met2
      Partial area ratio:    4.78
      Required ratio:    0.00 (Gate area) 
      Cumulative area ratio:    7.65
      Required ratio:    0.00 (Cumulative area) 
      Partial area ratio:   22.97
      Required ratio:  400.00 (Side area) 
      Cumulative area ratio:   36.59
      Required ratio:    0.00 (Cumulative side area) 

    Layer: via2
      Partial area ratio:    0.32
      Required ratio:    6.00 (Gate area) 
      Cumulative area ratio:    0.61
      Required ratio:    0.00 (Cumulative area) 

    Layer: met3
      Partial area ratio:   86.63
      Required ratio:    0.00 (Gate area) 
      Cumulative area ratio:   94.28
      Required ratio:    0.00 (Cumulative area) 
      Partial area ratio:  463.41
      Required ratio:  400.00 (Side area) (VIOLATED)
      Cumulative area ratio:  500.00
      Required ratio:    0.00 (Cumulative side area) 

    Layer: via3
      Partial area ratio:    0.12
      Required ratio:    6.00 (Gate area) 
      Cumulative area ratio:    0.73
      Required ratio:    0.00 (Cumulative area) 

    Layer: met4
      Partial area ratio:   12.62
      Required ratio:    0.00 (Gate area) 
      Cumulative area ratio:  106.90
      Required ratio:    0.00 (Cumulative area) 
      Partial area ratio:   68.45
      Required ratio: 2778.20 (Side area) 
      Cumulative area ratio:  568.45
      Required ratio:    0.00 (Cumulative side area) 


  Pin:   _5809_/S (sky130_fd_sc_hd__mux2_1)
    Layer: mcon
      Partial area ratio:    0.11
      Required ratio:    3.00 (Gate area) 
      Cumulative area ratio:    0.11
      Required ratio:    0.00 (Cumulative area) 

    Layer: met1
      Partial area ratio:    4.52
      Required ratio:    0.00 (Gate area) 
      Cumulative area ratio:    4.52
      Required ratio:    0.00 (Cumulative area) 
      Partial area ratio:   21.86
      Required ratio:  400.00 (Side area) 
      Cumulative area ratio:   21.86
      Required ratio:    0.00 (Cumulative side area) 

    Layer: via
      Partial area ratio:    0.18
      Required ratio:    6.00 (Gate area) 
      Cumulative area ratio:    0.29
      Required ratio:    0.00 (Cumulative area) 

    Layer: met2
      Partial area ratio:    0.74
      Required ratio:    0.00 (Gate area) 
      Cumulative area ratio:    5.26
      Required ratio:    0.00 (Cumulative area) 
      Partial area ratio:    3.42
      Required ratio:  400.00 (Side area) 
      Cumulative area ratio:   25.27
      Required ratio:    0.00 (Cumulative side area) 

    Layer: via2
      Partial area ratio:    0.16
      Required ratio:    6.00 (Gate area) 
      Cumulative area ratio:    0.45
      Required ratio:    0.00 (Cumulative area) 

    Layer: met3
      Partial area ratio:    0.50
      Required ratio:    0.00 (Gate area) 
      Cumulative area ratio:    5.76
      Required ratio:    0.00 (Cumulative area) 
      Partial area ratio:    4.51
      Required ratio:  400.00 (Side area) 
      Cumulative area ratio:   29.78
      Required ratio:    0.00 (Cumulative side area) 

    Layer: via3
      Partial area ratio:    0.16
      Required ratio:    6.00 (Gate area) 
      Cumulative area ratio:    0.61
      Required ratio:    0.00 (Cumulative area) 

    Layer: met4
      Partial area ratio:   12.62
      Required ratio:    0.00 (Gate area) 
      Cumulative area ratio:   18.37
      Required ratio:    0.00 (Cumulative area) 
      Partial area ratio:   68.45
      Required ratio: 2778.20 (Side area) 
      Cumulative area ratio:   98.23
      Required ratio:    0.00 (Cumulative side area) 


  Pin:   _5810_/S (sky130_fd_sc_hd__mux2_1)
    Layer: mcon
      Partial area ratio:    0.11
      Required ratio:    3.00 (Gate area) 
      Cumulative area ratio:    0.11
      Required ratio:    0.00 (Cumulative area) 

    Layer: met1
      Partial area ratio:   26.03
      Required ratio:    0.00 (Gate area) 
      Cumulative area ratio:   26.03
      Required ratio:    0.00 (Cumulative area) 
      Partial area ratio:  128.97
      Required ratio:  400.00 (Side area) 
      Cumulative area ratio:  128.97
      Required ratio:    0.00 (Cumulative side area) 

    Layer: via
      Partial area ratio:    0.27
      Required ratio:    6.00 (Gate area) 
      Cumulative area ratio:    0.38
      Required ratio:    0.00 (Cumulative area) 

    Layer: met2
      Partial area ratio:    4.89
      Required ratio:    0.00 (Gate area) 
      Cumulative area ratio:   30.91
      Required ratio:    0.00 (Cumulative area) 
      Partial area ratio:   23.69
      Required ratio:  400.00 (Side area) 
      Cumulative area ratio:  152.65
      Required ratio:    0.00 (Cumulative side area) 

    Layer: via2
      Partial area ratio:    0.16
      Required ratio:    6.00 (Gate area) 
      Cumulative area ratio:    0.54
      Required ratio:    0.00 (Cumulative area) 

    Layer: met3
      Partial area ratio:   86.63
      Required ratio:    0.00 (Gate area) 
      Cumulative area ratio:  117.54
      Required ratio:    0.00 (Cumulative area) 
      Partial area ratio:  463.41
      Required ratio:  400.00 (Side area) (VIOLATED)
      Cumulative area ratio:  616.07
      Required ratio:    0.00 (Cumulative side area) 

    Layer: via3
      Partial area ratio:    0.12
      Required ratio:    6.00 (Gate area) 
      Cumulative area ratio:    0.66
      Required ratio:    0.00 (Cumulative area) 

    Layer: met4
      Partial area ratio:   12.62
      Required ratio:    0.00 (Gate area) 
      Cumulative area ratio:  130.16
      Required ratio:    0.00 (Cumulative area) 
      Partial area ratio:   68.45
      Required ratio: 2778.20 (Side area) 
      Cumulative area ratio:  684.52
      Required ratio:    0.00 (Cumulative side area) 


  Pin:   _5811_/S (sky130_fd_sc_hd__mux2_1)
    Layer: mcon
      Partial area ratio:    0.11
      Required ratio:    3.00 (Gate area) 
      Cumulative area ratio:    0.11
      Required ratio:    0.00 (Cumulative area) 

    Layer: met1
      Partial area ratio:    2.02
      Required ratio:    0.00 (Gate area) 
      Cumulative area ratio:    2.02
      Required ratio:    0.00 (Cumulative area) 
      Partial area ratio:    9.34
      Required ratio:  400.00 (Side area) 
      Cumulative area ratio:    9.34
      Required ratio:    0.00 (Cumulative side area) 

    Layer: via
      Partial area ratio:    0.18
      Required ratio:    6.00 (Gate area) 
      Cumulative area ratio:    0.29
      Required ratio:    0.00 (Cumulative area) 

    Layer: met2
      Partial area ratio:    4.89
      Required ratio:    0.00 (Gate area) 
      Cumulative area ratio:    6.90
      Required ratio:    0.00 (Cumulative area) 
      Partial area ratio:   23.69
      Required ratio:  400.00 (Side area) 
      Cumulative area ratio:   33.03
      Required ratio:    0.00 (Cumulative side area) 

    Layer: via2
      Partial area ratio:    0.16
      Required ratio:    6.00 (Gate area) 
      Cumulative area ratio:    0.45
      Required ratio:    0.00 (Cumulative area) 

    Layer: met3
      Partial area ratio:   86.63
      Required ratio:    0.00 (Gate area) 
      Cumulative area ratio:   93.53
      Required ratio:    0.00 (Cumulative area) 
      Partial area ratio:  463.41
      Required ratio:  400.00 (Side area) (VIOLATED)
      Cumulative area ratio:  496.44
      Required ratio:    0.00 (Cumulative side area) 

    Layer: via3
      Partial area ratio:    0.12
      Required ratio:    6.00 (Gate area) 
      Cumulative area ratio:    0.57
      Required ratio:    0.00 (Cumulative area) 

    Layer: met4
      Partial area ratio:   12.62
      Required ratio:    0.00 (Gate area) 
      Cumulative area ratio:  106.15
      Required ratio:    0.00 (Cumulative area) 
      Partial area ratio:   68.45
      Required ratio: 2778.20 (Side area) 
      Cumulative area ratio:  564.89
      Required ratio:    0.00 (Cumulative side area) 


  Pin:   _5812_/S (sky130_fd_sc_hd__mux2_1)
    Layer: mcon
      Partial area ratio:    0.11
      Required ratio:    3.00 (Gate area) 
      Cumulative area ratio:    0.11
      Required ratio:    0.00 (Cumulative area) 

    Layer: met1
      Partial area ratio:    1.12
      Required ratio:    0.00 (Gate area) 
      Cumulative area ratio:    1.12
      Required ratio:    0.00 (Cumulative area) 
      Partial area ratio:    4.99
      Required ratio:  400.00 (Side area) 
      Cumulative area ratio:    4.99
      Required ratio:    0.00 (Cumulative side area) 

    Layer: via
      Partial area ratio:    0.18
      Required ratio:    6.00 (Gate area) 
      Cumulative area ratio:    0.29
      Required ratio:    0.00 (Cumulative area) 

    Layer: met2
      Partial area ratio:    0.74
      Required ratio:    0.00 (Gate area) 
      Cumulative area ratio:    1.86
      Required ratio:    0.00 (Cumulative area) 
      Partial area ratio:    3.42
      Required ratio:  400.00 (Side area) 
      Cumulative area ratio:    8.40
      Required ratio:    0.00 (Cumulative side area) 

    Layer: via2
      Partial area ratio:    0.16
      Required ratio:    6.00 (Gate area) 
      Cumulative area ratio:    0.45
      Required ratio:    0.00 (Cumulative area) 

    Layer: met3
      Partial area ratio:    0.50
      Required ratio:    0.00 (Gate area) 
      Cumulative area ratio:    2.36
      Required ratio:    0.00 (Cumulative area) 
      Partial area ratio:    4.51
      Required ratio:  400.00 (Side area) 
      Cumulative area ratio:   12.91
      Required ratio:    0.00 (Cumulative side area) 

    Layer: via3
      Partial area ratio:    0.16
      Required ratio:    6.00 (Gate area) 
      Cumulative area ratio:    0.61
      Required ratio:    0.00 (Cumulative area) 

    Layer: met4
      Partial area ratio:   12.62
      Required ratio:    0.00 (Gate area) 
      Cumulative area ratio:   14.98
      Required ratio:    0.00 (Cumulative area) 
      Partial area ratio:   68.45
      Required ratio: 2778.20 (Side area) 
      Cumulative area ratio:   81.36
      Required ratio:    0.00 (Cumulative side area) 


  Pin:   _5813_/S (sky130_fd_sc_hd__mux2_1)
    Layer: mcon
      Partial area ratio:    0.11
      Required ratio:    3.00 (Gate area) 
      Cumulative area ratio:    0.11
      Required ratio:    0.00 (Cumulative area) 

    Layer: met1
      Partial area ratio:    2.62
      Required ratio:    0.00 (Gate area) 
      Cumulative area ratio:    2.62
      Required ratio:    0.00 (Cumulative area) 
      Partial area ratio:   12.36
      Required ratio:  400.00 (Side area) 
      Cumulative area ratio:   12.36
      Required ratio:    0.00 (Cumulative side area) 

    Layer: via
      Partial area ratio:    0.18
      Required ratio:    6.00 (Gate area) 
      Cumulative area ratio:    0.29
      Required ratio:    0.00 (Cumulative area) 

    Layer: met2
      Partial area ratio:    0.74
      Required ratio:    0.00 (Gate area) 
      Cumulative area ratio:    3.36
      Required ratio:    0.00 (Cumulative area) 
      Partial area ratio:    3.42
      Required ratio:  400.00 (Side area) 
      Cumulative area ratio:   15.77
      Required ratio:    0.00 (Cumulative side area) 

    Layer: via2
      Partial area ratio:    0.16
      Required ratio:    6.00 (Gate area) 
      Cumulative area ratio:    0.45
      Required ratio:    0.00 (Cumulative area) 

    Layer: met3
      Partial area ratio:   86.63
      Required ratio:    0.00 (Gate area) 
      Cumulative area ratio:   89.99
      Required ratio:    0.00 (Cumulative area) 
      Partial area ratio:  463.41
      Required ratio:  400.00 (Side area) (VIOLATED)
      Cumulative area ratio:  479.18
      Required ratio:    0.00 (Cumulative side area) 

    Layer: via3
      Partial area ratio:    0.12
      Required ratio:    6.00 (Gate area) 
      Cumulative area ratio:    0.57
      Required ratio:    0.00 (Cumulative area) 

    Layer: met4
      Partial area ratio:   12.62
      Required ratio:    0.00 (Gate area) 
      Cumulative area ratio:  102.61
      Required ratio:    0.00 (Cumulative area) 
      Partial area ratio:   68.45
      Required ratio: 2778.20 (Side area) 
      Cumulative area ratio:  547.64
      Required ratio:    0.00 (Cumulative side area) 



Net: _3021_
  Pin:   _5871_/B1 (sky130_fd_sc_hd__a22o_2)
    Layer: mcon
      Partial area ratio:    0.12
      Required ratio:    3.00 (Gate area) 
      Cumulative area ratio:    0.12
      Required ratio:    0.00 (Cumulative area) 

    Layer: met1
      Partial area ratio:    2.66
      Required ratio:    0.00 (Gate area) 
      Cumulative area ratio:    2.66
      Required ratio:    0.00 (Cumulative area) 
      Partial area ratio:   12.56
      Required ratio:  400.00 (Side area) 
      Cumulative area ratio:   12.56
      Required ratio:    0.00 (Cumulative side area) 

    Layer: via
      Partial area ratio:    0.18
      Required ratio:    6.00 (Gate area) 
      Cumulative area ratio:    0.30
      Required ratio:    0.00 (Cumulative area) 

    Layer: met2
      Partial area ratio:    5.69
      Required ratio:    0.00 (Gate area) 
      Cumulative area ratio:    8.36
      Required ratio:    0.00 (Cumulative area) 
      Partial area ratio:   28.03
      Required ratio:  400.00 (Side area) 
      Cumulative area ratio:   40.59
      Required ratio:    0.00 (Cumulative side area) 

    Layer: via2
      Partial area ratio:    0.02
      Required ratio:    6.00 (Gate area) 
      Cumulative area ratio:    0.32
      Required ratio:    0.00 (Cumulative area) 

    Layer: met3
      Partial area ratio:    0.06
      Required ratio:    0.00 (Gate area) 
      Cumulative area ratio:    8.42
      Required ratio:    0.00 (Cumulative area) 
      Partial area ratio:    0.54
      Required ratio:  400.00 (Side area) 
      Cumulative area ratio:   41.13
      Required ratio:    0.00 (Cumulative side area) 

    Layer: via3
      Partial area ratio:    0.02
      Required ratio:    6.00 (Gate area) 
      Cumulative area ratio:    0.34
      Required ratio:    0.00 (Cumulative area) 

    Layer: met4
      Partial area ratio:    2.02
      Required ratio:    0.00 (Gate area) 
      Cumulative area ratio:   10.44
      Required ratio:    0.00 (Cumulative area) 
      Partial area ratio:   11.01
      Required ratio: 2784.80 (Side area) 
      Cumulative area ratio:   52.13
      Required ratio:    0.00 (Cumulative side area) 


  Pin:   _5872_/B1 (sky130_fd_sc_hd__a22o_2)
    Layer: mcon
      Partial area ratio:    0.12
      Required ratio:    3.00 (Gate area) 
      Cumulative area ratio:    0.12
      Required ratio:    0.00 (Cumulative area) 

    Layer: met1
      Partial area ratio:    1.00
      Required ratio:    0.00 (Gate area) 
      Cumulative area ratio:    1.00
      Required ratio:    0.00 (Cumulative area) 
      Partial area ratio:    4.53
      Required ratio:  400.00 (Side area) 
      Cumulative area ratio:    4.53
      Required ratio:    0.00 (Cumulative side area) 

    Layer: via
      Partial area ratio:    0.18
      Required ratio:    6.00 (Gate area) 
      Cumulative area ratio:    0.30
      Required ratio:    0.00 (Cumulative area) 

    Layer: met2
      Partial area ratio:    5.69
      Required ratio:    0.00 (Gate area) 
      Cumulative area ratio:    6.70
      Required ratio:    0.00 (Cumulative area) 
      Partial area ratio:   28.03
      Required ratio:  400.00 (Side area) 
      Cumulative area ratio:   32.55
      Required ratio:    0.00 (Cumulative side area) 

    Layer: via2
      Partial area ratio:    0.02
      Required ratio:    6.00 (Gate area) 
      Cumulative area ratio:    0.32
      Required ratio:    0.00 (Cumulative area) 

    Layer: met3
      Partial area ratio:    0.06
      Required ratio:    0.00 (Gate area) 
      Cumulative area ratio:    6.75
      Required ratio:    0.00 (Cumulative area) 
      Partial area ratio:    0.54
      Required ratio:  400.00 (Side area) 
      Cumulative area ratio:   33.09
      Required ratio:    0.00 (Cumulative side area) 

    Layer: via3
      Partial area ratio:    0.02
      Required ratio:    6.00 (Gate area) 
      Cumulative area ratio:    0.34
      Required ratio:    0.00 (Cumulative area) 

    Layer: met4
      Partial area ratio:    2.02
      Required ratio:    0.00 (Gate area) 
      Cumulative area ratio:    8.78
      Required ratio:    0.00 (Cumulative area) 
      Partial area ratio:   11.01
      Required ratio: 2784.80 (Side area) 
      Cumulative area ratio:   44.10
      Required ratio:    0.00 (Cumulative side area) 


  Pin:   _5873_/B1 (sky130_fd_sc_hd__a22o_2)
    Layer: mcon
      Partial area ratio:    0.12
      Required ratio:    3.00 (Gate area) 
      Cumulative area ratio:    0.12
      Required ratio:    0.00 (Cumulative area) 

    Layer: met1
      Partial area ratio:    4.33
      Required ratio:    0.00 (Gate area) 
      Cumulative area ratio:    4.33
      Required ratio:    0.00 (Cumulative area) 
      Partial area ratio:   20.48
      Required ratio:  400.00 (Side area) 
      Cumulative area ratio:   20.48
      Required ratio:    0.00 (Cumulative side area) 

    Layer: via
      Partial area ratio:    0.23
      Required ratio:    6.00 (Gate area) 
      Cumulative area ratio:    0.34
      Required ratio:    0.00 (Cumulative area) 

    Layer: met2
      Partial area ratio:    5.69
      Required ratio:    0.00 (Gate area) 
      Cumulative area ratio:   10.02
      Required ratio:    0.00 (Cumulative area) 
      Partial area ratio:   28.03
      Required ratio:  400.00 (Side area) 
      Cumulative area ratio:   48.51
      Required ratio:    0.00 (Cumulative side area) 

    Layer: via2
      Partial area ratio:    0.02
      Required ratio:    6.00 (Gate area) 
      Cumulative area ratio:    0.36
      Required ratio:    0.00 (Cumulative area) 

    Layer: met3
      Partial area ratio:    0.06
      Required ratio:    0.00 (Gate area) 
      Cumulative area ratio:   10.08
      Required ratio:    0.00 (Cumulative area) 
      Partial area ratio:    0.54
      Required ratio:  400.00 (Side area) 
      Cumulative area ratio:   49.04
      Required ratio:    0.00 (Cumulative side area) 

    Layer: via3
      Partial area ratio:    0.02
      Required ratio:    6.00 (Gate area) 
      Cumulative area ratio:    0.38
      Required ratio:    0.00 (Cumulative area) 

    Layer: met4
      Partial area ratio:    2.02
      Required ratio:    0.00 (Gate area) 
      Cumulative area ratio:   12.10
      Required ratio:    0.00 (Cumulative area) 
      Partial area ratio:   11.01
      Required ratio: 2784.80 (Side area) 
      Cumulative area ratio:   60.05
      Required ratio:    0.00 (Cumulative side area) 


  Pin:   _5874_/B1 (sky130_fd_sc_hd__a22o_2)
    Layer: mcon
      Partial area ratio:    0.12
      Required ratio:    3.00 (Gate area) 
      Cumulative area ratio:    0.12
      Required ratio:    0.00 (Cumulative area) 

    Layer: met1
      Partial area ratio:    3.62
      Required ratio:    0.00 (Gate area) 
      Cumulative area ratio:    3.62
      Required ratio:    0.00 (Cumulative area) 
      Partial area ratio:   17.15
      Required ratio:  400.00 (Side area) 
      Cumulative area ratio:   17.15
      Required ratio:    0.00 (Cumulative side area) 

    Layer: via
      Partial area ratio:    0.18
      Required ratio:    6.00 (Gate area) 
      Cumulative area ratio:    0.30
      Required ratio:    0.00 (Cumulative area) 

    Layer: met2
      Partial area ratio:    5.69
      Required ratio:    0.00 (Gate area) 
      Cumulative area ratio:    9.32
      Required ratio:    0.00 (Cumulative area) 
      Partial area ratio:   28.03
      Required ratio:  400.00 (Side area) 
      Cumulative area ratio:   45.18
      Required ratio:    0.00 (Cumulative side area) 

    Layer: via2
      Partial area ratio:    0.02
      Required ratio:    6.00 (Gate area) 
      Cumulative area ratio:    0.32
      Required ratio:    0.00 (Cumulative area) 

    Layer: met3
      Partial area ratio:    0.06
      Required ratio:    0.00 (Gate area) 
      Cumulative area ratio:    9.38
      Required ratio:    0.00 (Cumulative area) 
      Partial area ratio:    0.54
      Required ratio:  400.00 (Side area) 
      Cumulative area ratio:   45.72
      Required ratio:    0.00 (Cumulative side area) 

    Layer: via3
      Partial area ratio:    0.02
      Required ratio:    6.00 (Gate area) 
      Cumulative area ratio:    0.34
      Required ratio:    0.00 (Cumulative area) 

    Layer: met4
      Partial area ratio:    2.02
      Required ratio:    0.00 (Gate area) 
      Cumulative area ratio:   11.40
      Required ratio:    0.00 (Cumulative area) 
      Partial area ratio:   11.01
      Required ratio: 2784.80 (Side area) 
      Cumulative area ratio:   56.73
      Required ratio:    0.00 (Cumulative side area) 


  Pin:   _5875_/B1 (sky130_fd_sc_hd__a22o_2)
    Layer: mcon
      Partial area ratio:    0.12
      Required ratio:    3.00 (Gate area) 
      Cumulative area ratio:    0.12
      Required ratio:    0.00 (Cumulative area) 

    Layer: met1
      Partial area ratio:    1.88
      Required ratio:    0.00 (Gate area) 
      Cumulative area ratio:    1.88
      Required ratio:    0.00 (Cumulative area) 
      Partial area ratio:    8.65
      Required ratio:  400.00 (Side area) 
      Cumulative area ratio:    8.65
      Required ratio:    0.00 (Cumulative side area) 

    Layer: via
      Partial area ratio:    0.18
      Required ratio:    6.00 (Gate area) 
      Cumulative area ratio:    0.30
      Required ratio:    0.00 (Cumulative area) 

    Layer: met2
      Partial area ratio:    5.69
      Required ratio:    0.00 (Gate area) 
      Cumulative area ratio:    7.58
      Required ratio:    0.00 (Cumulative area) 
      Partial area ratio:   28.03
      Required ratio:  400.00 (Side area) 
      Cumulative area ratio:   36.68
      Required ratio:    0.00 (Cumulative side area) 

    Layer: via2
      Partial area ratio:    0.02
      Required ratio:    6.00 (Gate area) 
      Cumulative area ratio:    0.32
      Required ratio:    0.00 (Cumulative area) 

    Layer: met3
      Partial area ratio:    0.06
      Required ratio:    0.00 (Gate area) 
      Cumulative area ratio:    7.63
      Required ratio:    0.00 (Cumulative area) 
      Partial area ratio:    0.54
      Required ratio:  400.00 (Side area) 
      Cumulative area ratio:   37.22
      Required ratio:    0.00 (Cumulative side area) 

    Layer: via3
      Partial area ratio:    0.02
      Required ratio:    6.00 (Gate area) 
      Cumulative area ratio:    0.34
      Required ratio:    0.00 (Cumulative area) 

    Layer: met4
      Partial area ratio:    2.02
      Required ratio:    0.00 (Gate area) 
      Cumulative area ratio:    9.66
      Required ratio:    0.00 (Cumulative area) 
      Partial area ratio:   11.01
      Required ratio: 2784.80 (Side area) 
      Cumulative area ratio:   48.23
      Required ratio:    0.00 (Cumulative side area) 


  Pin:   _5876_/B1 (sky130_fd_sc_hd__a22o_2)
    Layer: mcon
      Partial area ratio:    0.12
      Required ratio:    3.00 (Gate area) 
      Cumulative area ratio:    0.12
      Required ratio:    0.00 (Cumulative area) 

    Layer: met1
      Partial area ratio:    4.33
      Required ratio:    0.00 (Gate area) 
      Cumulative area ratio:    4.33
      Required ratio:    0.00 (Cumulative area) 
      Partial area ratio:   20.48
      Required ratio:  400.00 (Side area) 
      Cumulative area ratio:   20.48
      Required ratio:    0.00 (Cumulative side area) 

    Layer: via
      Partial area ratio:    0.23
      Required ratio:    6.00 (Gate area) 
      Cumulative area ratio:    0.34
      Required ratio:    0.00 (Cumulative area) 

    Layer: met2
      Partial area ratio:    5.69
      Required ratio:    0.00 (Gate area) 
      Cumulative area ratio:   10.02
      Required ratio:    0.00 (Cumulative area) 
      Partial area ratio:   28.03
      Required ratio:  400.00 (Side area) 
      Cumulative area ratio:   48.51
      Required ratio:    0.00 (Cumulative side area) 

    Layer: via2
      Partial area ratio:    0.02
      Required ratio:    6.00 (Gate area) 
      Cumulative area ratio:    0.36
      Required ratio:    0.00 (Cumulative area) 

    Layer: met3
      Partial area ratio:    0.06
      Required ratio:    0.00 (Gate area) 
      Cumulative area ratio:   10.08
      Required ratio:    0.00 (Cumulative area) 
      Partial area ratio:    0.54
      Required ratio:  400.00 (Side area) 
      Cumulative area ratio:   49.04
      Required ratio:    0.00 (Cumulative side area) 

    Layer: via3
      Partial area ratio:    0.02
      Required ratio:    6.00 (Gate area) 
      Cumulative area ratio:    0.38
      Required ratio:    0.00 (Cumulative area) 

    Layer: met4
      Partial area ratio:    2.02
      Required ratio:    0.00 (Gate area) 
      Cumulative area ratio:   12.10
      Required ratio:    0.00 (Cumulative area) 
      Partial area ratio:   11.01
      Required ratio: 2784.80 (Side area) 
      Cumulative area ratio:   60.05
      Required ratio:    0.00 (Cumulative side area) 


  Pin:   _5877_/B1 (sky130_fd_sc_hd__a22o_2)
    Layer: mcon
      Partial area ratio:    0.12
      Required ratio:    3.00 (Gate area) 
      Cumulative area ratio:    0.12
      Required ratio:    0.00 (Cumulative area) 

    Layer: met1
      Partial area ratio:    3.62
      Required ratio:    0.00 (Gate area) 
      Cumulative area ratio:    3.62
      Required ratio:    0.00 (Cumulative area) 
      Partial area ratio:   17.15
      Required ratio:  400.00 (Side area) 
      Cumulative area ratio:   17.15
      Required ratio:    0.00 (Cumulative side area) 

    Layer: via
      Partial area ratio:    0.18
      Required ratio:    6.00 (Gate area) 
      Cumulative area ratio:    0.30
      Required ratio:    0.00 (Cumulative area) 

    Layer: met2
      Partial area ratio:    5.69
      Required ratio:    0.00 (Gate area) 
      Cumulative area ratio:    9.32
      Required ratio:    0.00 (Cumulative area) 
      Partial area ratio:   28.03
      Required ratio:  400.00 (Side area) 
      Cumulative area ratio:   45.18
      Required ratio:    0.00 (Cumulative side area) 

    Layer: via2
      Partial area ratio:    0.02
      Required ratio:    6.00 (Gate area) 
      Cumulative area ratio:    0.32
      Required ratio:    0.00 (Cumulative area) 

    Layer: met3
      Partial area ratio:    0.06
      Required ratio:    0.00 (Gate area) 
      Cumulative area ratio:    9.38
      Required ratio:    0.00 (Cumulative area) 
      Partial area ratio:    0.54
      Required ratio:  400.00 (Side area) 
      Cumulative area ratio:   45.72
      Required ratio:    0.00 (Cumulative side area) 

    Layer: via3
      Partial area ratio:    0.02
      Required ratio:    6.00 (Gate area) 
      Cumulative area ratio:    0.34
      Required ratio:    0.00 (Cumulative area) 

    Layer: met4
      Partial area ratio:    2.02
      Required ratio:    0.00 (Gate area) 
      Cumulative area ratio:   11.40
      Required ratio:    0.00 (Cumulative area) 
      Partial area ratio:   11.01
      Required ratio: 2784.80 (Side area) 
      Cumulative area ratio:   56.73
      Required ratio:    0.00 (Cumulative side area) 


  Pin:   _5878_/B1 (sky130_fd_sc_hd__a22o_2)
    Layer: mcon
      Partial area ratio:    0.12
      Required ratio:    3.00 (Gate area) 
      Cumulative area ratio:    0.12
      Required ratio:    0.00 (Cumulative area) 

    Layer: met1
      Partial area ratio:  106.32
      Required ratio:    0.00 (Gate area) 
      Cumulative area ratio:  106.32
      Required ratio:    0.00 (Cumulative area) 
      Partial area ratio:  530.42
      Required ratio:  400.00 (Side area) (VIOLATED)
      Cumulative area ratio:  530.42
      Required ratio:    0.00 (Cumulative side area) 

    Layer: via
      Partial area ratio:    0.27
      Required ratio:    6.00 (Gate area) 
      Cumulative area ratio:    0.39
      Required ratio:    0.00 (Cumulative area) 

    Layer: met2
      Partial area ratio:    5.69
      Required ratio:    0.00 (Gate area) 
      Cumulative area ratio:  112.02
      Required ratio:    0.00 (Cumulative area) 
      Partial area ratio:   28.03
      Required ratio:  400.00 (Side area) 
      Cumulative area ratio:  558.44
      Required ratio:    0.00 (Cumulative side area) 

    Layer: via2
      Partial area ratio:    0.02
      Required ratio:    6.00 (Gate area) 
      Cumulative area ratio:    0.41
      Required ratio:    0.00 (Cumulative area) 

    Layer: met3
      Partial area ratio:    0.06
      Required ratio:    0.00 (Gate area) 
      Cumulative area ratio:  112.07
      Required ratio:    0.00 (Cumulative area) 
      Partial area ratio:    0.54
      Required ratio:  400.00 (Side area) 
      Cumulative area ratio:  558.98
      Required ratio:    0.00 (Cumulative side area) 

    Layer: via3
      Partial area ratio:    0.02
      Required ratio:    6.00 (Gate area) 
      Cumulative area ratio:    0.43
      Required ratio:    0.00 (Cumulative area) 

    Layer: met4
      Partial area ratio:    2.02
      Required ratio:    0.00 (Gate area) 
      Cumulative area ratio:  114.10
      Required ratio:    0.00 (Cumulative area) 
      Partial area ratio:   11.01
      Required ratio: 2784.80 (Side area) 
      Cumulative area ratio:  569.99
      Required ratio:    0.00 (Cumulative side area) 


  Pin:   _5915_/C (sky130_fd_sc_hd__and4b_2)
    Layer: mcon
      Partial area ratio:    0.23
      Required ratio:    3.00 (Gate area) 
      Cumulative area ratio:    0.23
      Required ratio:    0.00 (Cumulative area) 

    Layer: met1
      Partial area ratio:    6.26
      Required ratio:    0.00 (Gate area) 
      Cumulative area ratio:    6.26
      Required ratio:    0.00 (Cumulative area) 
      Partial area ratio:   29.83
      Required ratio:  400.00 (Side area) 
      Cumulative area ratio:   29.83
      Required ratio:    0.00 (Cumulative side area) 

    Layer: via
      Partial area ratio:    0.36
      Required ratio:    6.00 (Gate area) 
      Cumulative area ratio:    0.59
      Required ratio:    0.00 (Cumulative area) 

    Layer: met2
      Partial area ratio:    5.69
      Required ratio:    0.00 (Gate area) 
      Cumulative area ratio:   11.96
      Required ratio:    0.00 (Cumulative area) 
      Partial area ratio:   28.03
      Required ratio:  400.00 (Side area) 
      Cumulative area ratio:   57.86
      Required ratio:    0.00 (Cumulative side area) 

    Layer: via2
      Partial area ratio:    0.02
      Required ratio:    6.00 (Gate area) 
      Cumulative area ratio:    0.61
      Required ratio:    0.00 (Cumulative area) 

    Layer: met3
      Partial area ratio:    0.06
      Required ratio:    0.00 (Gate area) 
      Cumulative area ratio:   12.02
      Required ratio:    0.00 (Cumulative area) 
      Partial area ratio:    0.54
      Required ratio:  400.00 (Side area) 
      Cumulative area ratio:   58.40
      Required ratio:    0.00 (Cumulative side area) 

    Layer: via3
      Partial area ratio:    0.02
      Required ratio:    6.00 (Gate area) 
      Cumulative area ratio:    0.62
      Required ratio:    0.00 (Cumulative area) 

    Layer: met4
      Partial area ratio:    2.02
      Required ratio:    0.00 (Gate area) 
      Cumulative area ratio:   14.04
      Required ratio:    0.00 (Cumulative area) 
      Partial area ratio:   11.01
      Required ratio: 2784.80 (Side area) 
      Cumulative area ratio:   69.41
      Required ratio:    0.00 (Cumulative side area) 



Net: output_index\[1\]
  Pin:   _3102_/B (sky130_fd_sc_hd__nor2_4)
    Layer: mcon
      Partial area ratio:    0.03
      Required ratio:    3.00 (Gate area) 
      Cumulative area ratio:    0.03
      Required ratio:    0.00 (Cumulative area) 

    Layer: met1
      Partial area ratio:    0.74
      Required ratio:    0.00 (Gate area) 
      Cumulative area ratio:    0.74
      Required ratio:    0.00 (Cumulative area) 
      Partial area ratio:    3.53
      Required ratio:  400.00 (Side area) 
      Cumulative area ratio:    3.53
      Required ratio:    0.00 (Cumulative side area) 

    Layer: via
      Partial area ratio:    0.05
      Required ratio:    6.00 (Gate area) 
      Cumulative area ratio:    0.07
      Required ratio:    0.00 (Cumulative area) 

    Layer: met2
      Partial area ratio:    0.19
      Required ratio:    0.00 (Gate area) 
      Cumulative area ratio:    0.93
      Required ratio:    0.00 (Cumulative area) 
      Partial area ratio:    0.87
      Required ratio:  400.00 (Side area) 
      Cumulative area ratio:    4.40
      Required ratio:    0.00 (Cumulative side area) 

    Layer: via2
      Partial area ratio:    0.04
      Required ratio:    6.00 (Gate area) 
      Cumulative area ratio:    0.12
      Required ratio:    0.00 (Cumulative area) 

    Layer: met3
      Partial area ratio:    2.08
      Required ratio:    0.00 (Gate area) 
      Cumulative area ratio:    3.01
      Required ratio:    0.00 (Cumulative area) 
      Partial area ratio:   11.53
      Required ratio: 2778.20 (Side area) 
      Cumulative area ratio:   15.93
      Required ratio:    0.00 (Cumulative side area) 

    Layer: via3
      Partial area ratio:    0.02
      Required ratio:   22.04 (Gate area) 
      Cumulative area ratio:    0.13
      Required ratio:    0.00 (Cumulative area) 

    Layer: met4
      Partial area ratio:    2.12
      Required ratio:    0.00 (Gate area) 
      Cumulative area ratio:    5.14
      Required ratio:    0.00 (Cumulative area) 
      Partial area ratio:   11.49
      Required ratio: 2778.20 (Side area) 
      Cumulative area ratio:   27.42
      Required ratio:    0.00 (Cumulative side area) 


  Pin:   _3103_/B (sky130_fd_sc_hd__or3_2)
    Layer: mcon
      Partial area ratio:    0.23
      Required ratio:    3.00 (Gate area) 
      Cumulative area ratio:    0.23
      Required ratio:    0.00 (Cumulative area) 

    Layer: met1
      Partial area ratio:    3.08
      Required ratio:    0.00 (Gate area) 
      Cumulative area ratio:    3.08
      Required ratio:    0.00 (Cumulative area) 
      Partial area ratio:   14.44
      Required ratio: 2778.20 (Side area) 
      Cumulative area ratio:   14.44
      Required ratio:    0.00 (Cumulative side area) 

    Layer: via
      Partial area ratio:    0.18
      Required ratio:   22.04 (Gate area) 
      Cumulative area ratio:    0.41
      Required ratio:    0.00 (Cumulative area) 

    Layer: met2
      Partial area ratio:    5.36
      Required ratio:    0.00 (Gate area) 
      Cumulative area ratio:    8.44
      Required ratio:    0.00 (Cumulative area) 
      Partial area ratio:   26.21
      Required ratio: 2778.20 (Side area) 
      Cumulative area ratio:   40.65
      Required ratio:    0.00 (Cumulative side area) 

    Layer: via2
      Partial area ratio:    0.09
      Required ratio:   22.04 (Gate area) 
      Cumulative area ratio:    0.50
      Required ratio:    0.00 (Cumulative area) 

    Layer: met3
      Partial area ratio:    2.08
      Required ratio:    0.00 (Gate area) 
      Cumulative area ratio:   10.52
      Required ratio:    0.00 (Cumulative area) 
      Partial area ratio:   11.53
      Required ratio: 2778.20 (Side area) 
      Cumulative area ratio:   52.18
      Required ratio:    0.00 (Cumulative side area) 

    Layer: via3
      Partial area ratio:    0.02
      Required ratio:   22.04 (Gate area) 
      Cumulative area ratio:    0.52
      Required ratio:    0.00 (Cumulative area) 

    Layer: met4
      Partial area ratio:    2.12
      Required ratio:    0.00 (Gate area) 
      Cumulative area ratio:   12.64
      Required ratio:    0.00 (Cumulative area) 
      Partial area ratio:   11.49
      Required ratio: 2778.20 (Side area) 
      Cumulative area ratio:   63.67
      Required ratio:    0.00 (Cumulative side area) 


  Pin:   _3104_/A2 (sky130_fd_sc_hd__o21ai_2)
    Layer: mcon
      Partial area ratio:    0.06
      Required ratio:    3.00 (Gate area) 
      Cumulative area ratio:    0.06
      Required ratio:    0.00 (Cumulative area) 

    Layer: met1
      Partial area ratio:    3.08
      Required ratio:    0.00 (Gate area) 
      Cumulative area ratio:    3.08
      Required ratio:    0.00 (Cumulative area) 
      Partial area ratio:   14.44
      Required ratio: 2778.20 (Side area) 
      Cumulative area ratio:   14.44
      Required ratio:    0.00 (Cumulative side area) 

    Layer: via
      Partial area ratio:    0.18
      Required ratio:   22.04 (Gate area) 
      Cumulative area ratio:    0.24
      Required ratio:    0.00 (Cumulative area) 

    Layer: met2
      Partial area ratio:    5.36
      Required ratio:    0.00 (Gate area) 
      Cumulative area ratio:    8.44
      Required ratio:    0.00 (Cumulative area) 
      Partial area ratio:   26.21
      Required ratio: 2778.20 (Side area) 
      Cumulative area ratio:   40.65
      Required ratio:    0.00 (Cumulative side area) 

    Layer: via2
      Partial area ratio:    0.09
      Required ratio:   22.04 (Gate area) 
      Cumulative area ratio:    0.33
      Required ratio:    0.00 (Cumulative area) 

    Layer: met3
      Partial area ratio:    2.08
      Required ratio:    0.00 (Gate area) 
      Cumulative area ratio:   10.52
      Required ratio:    0.00 (Cumulative area) 
      Partial area ratio:   11.53
      Required ratio: 2778.20 (Side area) 
      Cumulative area ratio:   52.18
      Required ratio:    0.00 (Cumulative side area) 

    Layer: via3
      Partial area ratio:    0.02
      Required ratio:   22.04 (Gate area) 
      Cumulative area ratio:    0.35
      Required ratio:    0.00 (Cumulative area) 

    Layer: met4
      Partial area ratio:    2.12
      Required ratio:    0.00 (Gate area) 
      Cumulative area ratio:   12.64
      Required ratio:    0.00 (Cumulative area) 
      Partial area ratio:   11.49
      Required ratio: 2778.20 (Side area) 
      Cumulative area ratio:   63.67
      Required ratio:    0.00 (Cumulative side area) 


  Pin:   _3107_/B (sky130_fd_sc_hd__and2_2)
    Layer: mcon
      Partial area ratio:    0.23
      Required ratio:    3.00 (Gate area) 
      Cumulative area ratio:    0.23
      Required ratio:    0.00 (Cumulative area) 

    Layer: met1
      Partial area ratio:   12.38
      Required ratio:    0.00 (Gate area) 
      Cumulative area ratio:   12.38
      Required ratio:    0.00 (Cumulative area) 
      Partial area ratio:   59.58
      Required ratio:  400.00 (Side area) 
      Cumulative area ratio:   59.58
      Required ratio:    0.00 (Cumulative side area) 

    Layer: via
      Partial area ratio:    0.54
      Required ratio:    6.00 (Gate area) 
      Cumulative area ratio:    0.77
      Required ratio:    0.00 (Cumulative area) 

    Layer: met2
      Partial area ratio:    5.36
      Required ratio:    0.00 (Gate area) 
      Cumulative area ratio:   17.74
      Required ratio:    0.00 (Cumulative area) 
      Partial area ratio:   26.21
      Required ratio: 2778.20 (Side area) 
      Cumulative area ratio:   85.80
      Required ratio:    0.00 (Cumulative side area) 

    Layer: via2
      Partial area ratio:    0.09
      Required ratio:   22.04 (Gate area) 
      Cumulative area ratio:    0.86
      Required ratio:    0.00 (Cumulative area) 

    Layer: met3
      Partial area ratio:    2.08
      Required ratio:    0.00 (Gate area) 
      Cumulative area ratio:   19.82
      Required ratio:    0.00 (Cumulative area) 
      Partial area ratio:   11.53
      Required ratio: 2778.20 (Side area) 
      Cumulative area ratio:   97.32
      Required ratio:    0.00 (Cumulative side area) 

    Layer: via3
      Partial area ratio:    0.02
      Required ratio:   22.04 (Gate area) 
      Cumulative area ratio:    0.88
      Required ratio:    0.00 (Cumulative area) 

    Layer: met4
      Partial area ratio:    2.12
      Required ratio:    0.00 (Gate area) 
      Cumulative area ratio:   21.94
      Required ratio:    0.00 (Cumulative area) 
      Partial area ratio:   11.49
      Required ratio: 2778.20 (Side area) 
      Cumulative area ratio:  108.81
      Required ratio:    0.00 (Cumulative side area) 


  Pin:   _3126_/B2 (sky130_fd_sc_hd__o221a_2)
    Layer: mcon
      Partial area ratio:    0.12
      Required ratio:    3.00 (Gate area) 
      Cumulative area ratio:    0.12
      Required ratio:    0.00 (Cumulative area) 

    Layer: met1
      Partial area ratio:    1.40
      Required ratio:    0.00 (Gate area) 
      Cumulative area ratio:    1.40
      Required ratio:    0.00 (Cumulative area) 
      Partial area ratio:    6.51
      Required ratio:  400.00 (Side area) 
      Cumulative area ratio:    6.51
      Required ratio:    0.00 (Cumulative side area) 

    Layer: via
      Partial area ratio:    0.09
      Required ratio:    6.00 (Gate area) 
      Cumulative area ratio:    0.21
      Required ratio:    0.00 (Cumulative area) 

    Layer: met2
      Partial area ratio:    0.36
      Required ratio:    0.00 (Gate area) 
      Cumulative area ratio:    1.76
      Required ratio:    0.00 (Cumulative area) 
      Partial area ratio:    1.71
      Required ratio:  400.00 (Side area) 
      Cumulative area ratio:    8.21
      Required ratio:    0.00 (Cumulative side area) 

    Layer: via2
      Partial area ratio:    0.05
      Required ratio:    6.00 (Gate area) 
      Cumulative area ratio:    0.26
      Required ratio:    0.00 (Cumulative area) 

    Layer: met3
      Partial area ratio:  152.83
      Required ratio:    0.00 (Gate area) 
      Cumulative area ratio:  154.59
      Required ratio:    0.00 (Cumulative area) 
      Partial area ratio:  816.17
      Required ratio:  400.00 (Side area) (VIOLATED)
      Cumulative area ratio:  824.38
      Required ratio:    0.00 (Cumulative side area) 

    Layer: via3
      Partial area ratio:    0.05
      Required ratio:    6.00 (Gate area) 
      Cumulative area ratio:    0.31
      Required ratio:    0.00 (Cumulative area) 

    Layer: met4
      Partial area ratio:    2.12
      Required ratio:    0.00 (Gate area) 
      Cumulative area ratio:  156.71
      Required ratio:    0.00 (Cumulative area) 
      Partial area ratio:   11.49
      Required ratio: 2778.20 (Side area) 
      Cumulative area ratio:  835.87
      Required ratio:    0.00 (Cumulative side area) 


  Pin:   _3135_/A1 (sky130_fd_sc_hd__a22oi_2)
    Layer: mcon
      Partial area ratio:    0.06
      Required ratio:    3.00 (Gate area) 
      Cumulative area ratio:    0.06
      Required ratio:    0.00 (Cumulative area) 

    Layer: met1
      Partial area ratio:    1.40
      Required ratio:    0.00 (Gate area) 
      Cumulative area ratio:    1.40
      Required ratio:    0.00 (Cumulative area) 
      Partial area ratio:    6.51
      Required ratio:  400.00 (Side area) 
      Cumulative area ratio:    6.51
      Required ratio:    0.00 (Cumulative side area) 

    Layer: via
      Partial area ratio:    0.09
      Required ratio:    6.00 (Gate area) 
      Cumulative area ratio:    0.15
      Required ratio:    0.00 (Cumulative area) 

    Layer: met2
      Partial area ratio:    0.36
      Required ratio:    0.00 (Gate area) 
      Cumulative area ratio:    1.76
      Required ratio:    0.00 (Cumulative area) 
      Partial area ratio:    1.71
      Required ratio:  400.00 (Side area) 
      Cumulative area ratio:    8.21
      Required ratio:    0.00 (Cumulative side area) 

    Layer: via2
      Partial area ratio:    0.05
      Required ratio:    6.00 (Gate area) 
      Cumulative area ratio:    0.20
      Required ratio:    0.00 (Cumulative area) 

    Layer: met3
      Partial area ratio:  152.83
      Required ratio:    0.00 (Gate area) 
      Cumulative area ratio:  154.59
      Required ratio:    0.00 (Cumulative area) 
      Partial area ratio:  816.17
      Required ratio:  400.00 (Side area) (VIOLATED)
      Cumulative area ratio:  824.38
      Required ratio:    0.00 (Cumulative side area) 

    Layer: via3
      Partial area ratio:    0.05
      Required ratio:    6.00 (Gate area) 
      Cumulative area ratio:    0.25
      Required ratio:    0.00 (Cumulative area) 

    Layer: met4
      Partial area ratio:    2.12
      Required ratio:    0.00 (Gate area) 
      Cumulative area ratio:  156.71
      Required ratio:    0.00 (Cumulative area) 
      Partial area ratio:   11.49
      Required ratio: 2778.20 (Side area) 
      Cumulative area ratio:  835.87
      Required ratio:    0.00 (Cumulative side area) 


  Pin:   _3165_/B (sky130_fd_sc_hd__and3_2)
    Layer: mcon
      Partial area ratio:    0.23
      Required ratio:    3.00 (Gate area) 
      Cumulative area ratio:    0.23
      Required ratio:    0.00 (Cumulative area) 

    Layer: met1
      Partial area ratio:    4.33
      Required ratio:    0.00 (Gate area) 
      Cumulative area ratio:    4.33
      Required ratio:    0.00 (Cumulative area) 
      Partial area ratio:   20.18
      Required ratio:  400.00 (Side area) 
      Cumulative area ratio:   20.18
      Required ratio:    0.00 (Cumulative side area) 

    Layer: via
      Partial area ratio:    0.36
      Required ratio:    6.00 (Gate area) 
      Cumulative area ratio:    0.59
      Required ratio:    0.00 (Cumulative area) 

    Layer: met2
      Partial area ratio:    5.36
      Required ratio:    0.00 (Gate area) 
      Cumulative area ratio:    9.69
      Required ratio:    0.00 (Cumulative area) 
      Partial area ratio:   26.21
      Required ratio: 2778.20 (Side area) 
      Cumulative area ratio:   46.39
      Required ratio:    0.00 (Cumulative side area) 

    Layer: via2
      Partial area ratio:    0.09
      Required ratio:   22.04 (Gate area) 
      Cumulative area ratio:    0.68
      Required ratio:    0.00 (Cumulative area) 

    Layer: met3
      Partial area ratio:    2.08
      Required ratio:    0.00 (Gate area) 
      Cumulative area ratio:   11.77
      Required ratio:    0.00 (Cumulative area) 
      Partial area ratio:   11.53
      Required ratio: 2778.20 (Side area) 
      Cumulative area ratio:   57.92
      Required ratio:    0.00 (Cumulative side area) 

    Layer: via3
      Partial area ratio:    0.02
      Required ratio:   22.04 (Gate area) 
      Cumulative area ratio:    0.70
      Required ratio:    0.00 (Cumulative area) 

    Layer: met4
      Partial area ratio:    2.12
      Required ratio:    0.00 (Gate area) 
      Cumulative area ratio:   13.89
      Required ratio:    0.00 (Cumulative area) 
      Partial area ratio:   11.49
      Required ratio: 2778.20 (Side area) 
      Cumulative area ratio:   69.41
      Required ratio:    0.00 (Cumulative side area) 


  Pin:   _3222_/B (sky130_fd_sc_hd__and3_2)
    Layer: mcon
      Partial area ratio:    0.23
      Required ratio:    3.00 (Gate area) 
      Cumulative area ratio:    0.23
      Required ratio:    0.00 (Cumulative area) 

    Layer: met1
      Partial area ratio:    4.35
      Required ratio:    0.00 (Gate area) 
      Cumulative area ratio:    4.35
      Required ratio:    0.00 (Cumulative area) 
      Partial area ratio:   20.26
      Required ratio:  400.00 (Side area) 
      Cumulative area ratio:   20.26
      Required ratio:    0.00 (Cumulative side area) 

    Layer: via
      Partial area ratio:    0.36
      Required ratio:    6.00 (Gate area) 
      Cumulative area ratio:    0.59
      Required ratio:    0.00 (Cumulative area) 

    Layer: met2
      Partial area ratio:    1.48
      Required ratio:    0.00 (Gate area) 
      Cumulative area ratio:    5.83
      Required ratio:    0.00 (Cumulative area) 
      Partial area ratio:    6.83
      Required ratio:  400.00 (Side area) 
      Cumulative area ratio:   27.09
      Required ratio:    0.00 (Cumulative side area) 

    Layer: via2
      Partial area ratio:    0.32
      Required ratio:    6.00 (Gate area) 
      Cumulative area ratio:    0.90
      Required ratio:    0.00 (Cumulative area) 

    Layer: met3
      Partial area ratio:  152.83
      Required ratio:    0.00 (Gate area) 
      Cumulative area ratio:  158.66
      Required ratio:    0.00 (Cumulative area) 
      Partial area ratio:  816.17
      Required ratio:  400.00 (Side area) (VIOLATED)
      Cumulative area ratio:  843.26
      Required ratio:    0.00 (Cumulative side area) 

    Layer: via3
      Partial area ratio:    0.05
      Required ratio:    6.00 (Gate area) 
      Cumulative area ratio:    0.95
      Required ratio:    0.00 (Cumulative area) 

    Layer: met4
      Partial area ratio:    2.12
      Required ratio:    0.00 (Gate area) 
      Cumulative area ratio:  160.78
      Required ratio:    0.00 (Cumulative area) 
      Partial area ratio:   11.49
      Required ratio: 2778.20 (Side area) 
      Cumulative area ratio:  854.75
      Required ratio:    0.00 (Cumulative side area) 


  Pin:   _6076_/B2 (sky130_fd_sc_hd__a22o_2)
    Layer: mcon
      Partial area ratio:    0.12
      Required ratio:    3.00 (Gate area) 
      Cumulative area ratio:    0.12
      Required ratio:    0.00 (Cumulative area) 

    Layer: met1
      Partial area ratio:    3.28
      Required ratio:    0.00 (Gate area) 
      Cumulative area ratio:    3.28
      Required ratio:    0.00 (Cumulative area) 
      Partial area ratio:   15.63
      Required ratio:  400.00 (Side area) 
      Cumulative area ratio:   15.63
      Required ratio:    0.00 (Cumulative side area) 

    Layer: via
      Partial area ratio:    0.18
      Required ratio:    6.00 (Gate area) 
      Cumulative area ratio:    0.30
      Required ratio:    0.00 (Cumulative area) 

    Layer: met2
      Partial area ratio:    4.80
      Required ratio:    0.00 (Gate area) 
      Cumulative area ratio:    8.08
      Required ratio:    0.00 (Cumulative area) 
      Partial area ratio:   23.26
      Required ratio:  400.00 (Side area) 
      Cumulative area ratio:   38.90
      Required ratio:    0.00 (Cumulative side area) 

    Layer: via2
      Partial area ratio:    0.16
      Required ratio:    6.00 (Gate area) 
      Cumulative area ratio:    0.46
      Required ratio:    0.00 (Cumulative area) 

    Layer: met3
      Partial area ratio:    2.08
      Required ratio:    0.00 (Gate area) 
      Cumulative area ratio:   10.15
      Required ratio:    0.00 (Cumulative area) 
      Partial area ratio:   11.53
      Required ratio: 2778.20 (Side area) 
      Cumulative area ratio:   50.42
      Required ratio:    0.00 (Cumulative side area) 

    Layer: via3
      Partial area ratio:    0.02
      Required ratio:   22.04 (Gate area) 
      Cumulative area ratio:    0.48
      Required ratio:    0.00 (Cumulative area) 

    Layer: met4
      Partial area ratio:    2.12
      Required ratio:    0.00 (Gate area) 
      Cumulative area ratio:   12.28
      Required ratio:    0.00 (Cumulative area) 
      Partial area ratio:   11.49
      Required ratio: 2778.20 (Side area) 
      Cumulative area ratio:   61.91
      Required ratio:    0.00 (Cumulative side area) 



Net: output_index\[2\]
  Pin:   _3192_/A1 (sky130_fd_sc_hd__a22o_2)
    Layer: mcon
      Partial area ratio:    0.12
      Required ratio:    3.00 (Gate area) 
      Cumulative area ratio:    0.12
      Required ratio:    0.00 (Cumulative area) 

    Layer: met1
      Partial area ratio:    3.82
      Required ratio:    0.00 (Gate area) 
      Cumulative area ratio:    3.82
      Required ratio:    0.00 (Cumulative area) 
      Partial area ratio:   18.34
      Required ratio:  400.00 (Side area) 
      Cumulative area ratio:   18.34
      Required ratio:    0.00 (Cumulative side area) 

    Layer: via
      Partial area ratio:    0.18
      Required ratio:    6.00 (Gate area) 
      Cumulative area ratio:    0.30
      Required ratio:    0.00 (Cumulative area) 

    Layer: met2
      Partial area ratio:    0.75
      Required ratio:    0.00 (Gate area) 
      Cumulative area ratio:    4.57
      Required ratio:    0.00 (Cumulative area) 
      Partial area ratio:    3.48
      Required ratio:  400.00 (Side area) 
      Cumulative area ratio:   21.82
      Required ratio:    0.00 (Cumulative side area) 

    Layer: via2
      Partial area ratio:    0.16
      Required ratio:    6.00 (Gate area) 
      Cumulative area ratio:    0.46
      Required ratio:    0.00 (Cumulative area) 

    Layer: met3
      Partial area ratio:    0.50
      Required ratio:    0.00 (Gate area) 
      Cumulative area ratio:    5.08
      Required ratio:    0.00 (Cumulative area) 
      Partial area ratio:    4.59
      Required ratio:  400.00 (Side area) 
      Cumulative area ratio:   26.41
      Required ratio:    0.00 (Cumulative side area) 

    Layer: via3
      Partial area ratio:    0.16
      Required ratio:    6.00 (Gate area) 
      Cumulative area ratio:    0.62
      Required ratio:    0.00 (Cumulative area) 

    Layer: met4
      Partial area ratio:    8.94
      Required ratio:    0.00 (Gate area) 
      Cumulative area ratio:   14.02
      Required ratio:    0.00 (Cumulative area) 
      Partial area ratio:   48.34
      Required ratio: 2778.20 (Side area) 
      Cumulative area ratio:   74.75
      Required ratio:    0.00 (Cumulative side area) 


  Pin:   _3219_/A1 (sky130_fd_sc_hd__a22o_2)
    Layer: mcon
      Partial area ratio:    0.12
      Required ratio:    3.00 (Gate area) 
      Cumulative area ratio:    0.12
      Required ratio:    0.00 (Cumulative area) 

    Layer: met1
      Partial area ratio:    1.33
      Required ratio:    0.00 (Gate area) 
      Cumulative area ratio:    1.33
      Required ratio:    0.00 (Cumulative area) 
      Partial area ratio:    5.93
      Required ratio:  400.00 (Side area) 
      Cumulative area ratio:    5.93
      Required ratio:    0.00 (Cumulative side area) 

    Layer: via
      Partial area ratio:    0.18
      Required ratio:    6.00 (Gate area) 
      Cumulative area ratio:    0.30
      Required ratio:    0.00 (Cumulative area) 

    Layer: met2
      Partial area ratio:    0.75
      Required ratio:    0.00 (Gate area) 
      Cumulative area ratio:    2.09
      Required ratio:    0.00 (Cumulative area) 
      Partial area ratio:    3.48
      Required ratio:  400.00 (Side area) 
      Cumulative area ratio:    9.40
      Required ratio:    0.00 (Cumulative side area) 

    Layer: via2
      Partial area ratio:    0.16
      Required ratio:    6.00 (Gate area) 
      Cumulative area ratio:    0.46
      Required ratio:    0.00 (Cumulative area) 

    Layer: met3
      Partial area ratio:  235.31
      Required ratio:    0.00 (Gate area) 
      Cumulative area ratio:  237.40
      Required ratio:    0.00 (Cumulative area) 
      Partial area ratio: 1261.10
      Required ratio: 2778.20 (Side area) 
      Cumulative area ratio: 1270.50
      Required ratio:    0.00 (Cumulative side area) 

    Layer: via3
      Partial area ratio:    0.09
      Required ratio:   22.04 (Gate area) 
      Cumulative area ratio:    0.55
      Required ratio:    0.00 (Cumulative area) 

    Layer: met4
      Partial area ratio:    8.94
      Required ratio:    0.00 (Gate area) 
      Cumulative area ratio:  246.34
      Required ratio:    0.00 (Cumulative area) 
      Partial area ratio:   48.34
      Required ratio: 2778.20 (Side area) 
      Cumulative area ratio: 1318.84
      Required ratio:    0.00 (Cumulative side area) 


  Pin:   fanout555/A (sky130_fd_sc_hd__clkdlybuf4s25_1)
    Layer: mcon
      Partial area ratio:    0.14
      Required ratio:    3.00 (Gate area) 
      Cumulative area ratio:    0.14
      Required ratio:    0.00 (Cumulative area) 

    Layer: met1
      Partial area ratio:    8.26
      Required ratio:    0.00 (Gate area) 
      Cumulative area ratio:    8.26
      Required ratio:    0.00 (Cumulative area) 
      Partial area ratio:   39.92
      Required ratio:  400.00 (Side area) 
      Cumulative area ratio:   39.92
      Required ratio:    0.00 (Cumulative side area) 

    Layer: via
      Partial area ratio:    0.32
      Required ratio:    6.00 (Gate area) 
      Cumulative area ratio:    0.45
      Required ratio:    0.00 (Cumulative area) 

    Layer: met2
      Partial area ratio:   96.77
      Required ratio:    0.00 (Gate area) 
      Cumulative area ratio:  105.03
      Required ratio:    0.00 (Cumulative area) 
      Partial area ratio:  482.69
      Required ratio:  400.00 (Side area) (VIOLATED)
      Cumulative area ratio:  522.61
      Required ratio:    0.00 (Cumulative side area) 

    Layer: via2
      Partial area ratio:    0.38
      Required ratio:    6.00 (Gate area) 
      Cumulative area ratio:    0.83
      Required ratio:    0.00 (Cumulative area) 

    Layer: met3
      Partial area ratio:  235.31
      Required ratio:    0.00 (Gate area) 
      Cumulative area ratio:  340.33
      Required ratio:    0.00 (Cumulative area) 
      Partial area ratio: 1261.10
      Required ratio: 2778.20 (Side area) 
      Cumulative area ratio: 1783.71
      Required ratio:    0.00 (Cumulative side area) 

    Layer: via3
      Partial area ratio:    0.09
      Required ratio:   22.04 (Gate area) 
      Cumulative area ratio:    0.92
      Required ratio:    0.00 (Cumulative area) 

    Layer: met4
      Partial area ratio:    8.94
      Required ratio:    0.00 (Gate area) 
      Cumulative area ratio:  349.27
      Required ratio:    0.00 (Cumulative area) 
      Partial area ratio:   48.34
      Required ratio: 2778.20 (Side area) 
      Cumulative area ratio: 1832.05
      Required ratio:    0.00 (Cumulative side area) 



Net: u_aes128_optimized.u_aes_core.state\[2\]
  Pin:   fanout535/A (sky130_fd_sc_hd__clkdlybuf4s25_1)
    Layer: mcon
      Partial area ratio:    0.14
      Required ratio:    3.00 (Gate area) 
      Cumulative area ratio:    0.14
      Required ratio:    0.00 (Cumulative area) 

    Layer: met1
      Partial area ratio:   11.32
      Required ratio:    0.00 (Gate area) 
      Cumulative area ratio:   11.32
      Required ratio:    0.00 (Cumulative area) 
      Partial area ratio:   55.22
      Required ratio:  400.00 (Side area) 
      Cumulative area ratio:   55.22
      Required ratio:    0.00 (Cumulative side area) 

    Layer: via
      Partial area ratio:    0.32
      Required ratio:    6.00 (Gate area) 
      Cumulative area ratio:    0.45
      Required ratio:    0.00 (Cumulative area) 

    Layer: met2
      Partial area ratio:   20.55
      Required ratio:    0.00 (Gate area) 
      Cumulative area ratio:   31.87
      Required ratio:    0.00 (Cumulative area) 
      Partial area ratio:  101.25
      Required ratio: 2778.20 (Side area) 
      Cumulative area ratio:  156.47
      Required ratio:    0.00 (Cumulative side area) 

    Layer: via2
      Partial area ratio:    0.19
      Required ratio:   22.04 (Gate area) 
      Cumulative area ratio:    0.64
      Required ratio:    0.00 (Cumulative area) 

    Layer: met3
      Partial area ratio:   29.74
      Required ratio:    0.00 (Gate area) 
      Cumulative area ratio:   61.61
      Required ratio:    0.00 (Cumulative area) 
      Partial area ratio:  160.79
      Required ratio: 2778.20 (Side area) 
      Cumulative area ratio:  317.26
      Required ratio:    0.00 (Cumulative side area) 

    Layer: via3
      Partial area ratio:    0.19
      Required ratio:   22.04 (Gate area) 
      Cumulative area ratio:    0.83
      Required ratio:    0.00 (Cumulative area) 

    Layer: met4
      Partial area ratio:   10.00
      Required ratio:    0.00 (Gate area) 
      Cumulative area ratio:   71.60
      Required ratio:    0.00 (Cumulative area) 
      Partial area ratio:   54.42
      Required ratio: 2778.20 (Side area) 
      Cumulative area ratio:  371.68
      Required ratio:    0.00 (Cumulative side area) 


  Pin:   fanout543/A (sky130_fd_sc_hd__clkdlybuf4s25_1)
    Layer: mcon
      Partial area ratio:    0.14
      Required ratio:    3.00 (Gate area) 
      Cumulative area ratio:    0.14
      Required ratio:    0.00 (Cumulative area) 

    Layer: met1
      Partial area ratio:    5.82
      Required ratio:    0.00 (Gate area) 
      Cumulative area ratio:    5.82
      Required ratio:    0.00 (Cumulative area) 
      Partial area ratio:   27.74
      Required ratio:  400.00 (Side area) 
      Cumulative area ratio:   27.74
      Required ratio:    0.00 (Cumulative side area) 

    Layer: via
      Partial area ratio:    0.32
      Required ratio:    6.00 (Gate area) 
      Cumulative area ratio:    0.45
      Required ratio:    0.00 (Cumulative area) 

    Layer: met2
      Partial area ratio:    1.36
      Required ratio:    0.00 (Gate area) 
      Cumulative area ratio:    7.19
      Required ratio:    0.00 (Cumulative area) 
      Partial area ratio:    6.18
      Required ratio:  400.00 (Side area) 
      Cumulative area ratio:   33.92
      Required ratio:    0.00 (Cumulative side area) 

    Layer: via2
      Partial area ratio:    0.38
      Required ratio:    6.00 (Gate area) 
      Cumulative area ratio:    0.83
      Required ratio:    0.00 (Cumulative area) 

    Layer: met3
      Partial area ratio:   84.02
      Required ratio:    0.00 (Gate area) 
      Cumulative area ratio:   91.21
      Required ratio:    0.00 (Cumulative area) 
      Partial area ratio:  453.63
      Required ratio:  400.00 (Side area) (VIOLATED)
      Cumulative area ratio:  487.56
      Required ratio:    0.00 (Cumulative side area) 

    Layer: via3
      Partial area ratio:    0.19
      Required ratio:    6.00 (Gate area) 
      Cumulative area ratio:    1.02
      Required ratio:    0.00 (Cumulative area) 

    Layer: met4
      Partial area ratio:   10.00
      Required ratio:    0.00 (Gate area) 
      Cumulative area ratio:  101.21
      Required ratio:    0.00 (Cumulative area) 
      Partial area ratio:   54.42
      Required ratio: 2778.20 (Side area) 
      Cumulative area ratio:  541.98
      Required ratio:    0.00 (Cumulative side area) 


  Pin:   fanout547/A (sky130_fd_sc_hd__clkdlybuf4s25_1)
    Layer: mcon
      Partial area ratio:    0.14
      Required ratio:    3.00 (Gate area) 
      Cumulative area ratio:    0.14
      Required ratio:    0.00 (Cumulative area) 

    Layer: met1
      Partial area ratio:    1.86
      Required ratio:    0.00 (Gate area) 
      Cumulative area ratio:    1.86
      Required ratio:    0.00 (Cumulative area) 
      Partial area ratio:    8.44
      Required ratio:  400.00 (Side area) 
      Cumulative area ratio:    8.44
      Required ratio:    0.00 (Cumulative side area) 

    Layer: via
      Partial area ratio:    0.21
      Required ratio:    6.00 (Gate area) 
      Cumulative area ratio:    0.35
      Required ratio:    0.00 (Cumulative area) 

    Layer: met2
      Partial area ratio:  114.66
      Required ratio:    0.00 (Gate area) 
      Cumulative area ratio:  116.53
      Required ratio:    0.00 (Cumulative area) 
      Partial area ratio:  571.72
      Required ratio:  400.00 (Side area) (VIOLATED)
      Cumulative area ratio:  580.16
      Required ratio:    0.00 (Cumulative side area) 

    Layer: via2
      Partial area ratio:    0.38
      Required ratio:    6.00 (Gate area) 
      Cumulative area ratio:    0.72
      Required ratio:    0.00 (Cumulative area) 

    Layer: met3
      Partial area ratio:   84.02
      Required ratio:    0.00 (Gate area) 
      Cumulative area ratio:  200.55
      Required ratio:    0.00 (Cumulative area) 
      Partial area ratio:  453.63
      Required ratio:  400.00 (Side area) (VIOLATED)
      Cumulative area ratio: 1033.79
      Required ratio:    0.00 (Cumulative side area) 

    Layer: via3
      Partial area ratio:    0.19
      Required ratio:    6.00 (Gate area) 
      Cumulative area ratio:    0.91
      Required ratio:    0.00 (Cumulative area) 

    Layer: met4
      Partial area ratio:   10.00
      Required ratio:    0.00 (Gate area) 
      Cumulative area ratio:  210.55
      Required ratio:    0.00 (Cumulative area) 
      Partial area ratio:   54.42
      Required ratio: 2778.20 (Side area) 
      Cumulative area ratio: 1088.21
      Required ratio:    0.00 (Cumulative side area) 


  Pin:   fanout553/A (sky130_fd_sc_hd__clkdlybuf4s25_1)
    Layer: mcon
      Partial area ratio:    0.14
      Required ratio:    3.00 (Gate area) 
      Cumulative area ratio:    0.14
      Required ratio:    0.00 (Cumulative area) 

    Layer: met1
      Partial area ratio:    0.69
      Required ratio:    0.00 (Gate area) 
      Cumulative area ratio:    0.69
      Required ratio:    0.00 (Cumulative area) 
      Partial area ratio:    2.65
      Required ratio:  400.00 (Side area) 
      Cumulative area ratio:    2.65
      Required ratio:    0.00 (Cumulative side area) 

    Layer: via
      Partial area ratio:    0.14
      Required ratio:    6.00 (Gate area) 
      Cumulative area ratio:    0.28
      Required ratio:    0.00 (Cumulative area) 

    Layer: met2
      Partial area ratio:    0.55
      Required ratio:    0.00 (Gate area) 
      Cumulative area ratio:    1.25
      Required ratio:    0.00 (Cumulative area) 
      Partial area ratio:    2.28
      Required ratio:  400.00 (Side area) 
      Cumulative area ratio:    4.94
      Required ratio:    0.00 (Cumulative side area) 

    Layer: via2
      Partial area ratio:    0.19
      Required ratio:    6.00 (Gate area) 
      Cumulative area ratio:    0.47
      Required ratio:    0.00 (Cumulative area) 

    Layer: met3
      Partial area ratio:    0.59
      Required ratio:    0.00 (Gate area) 
      Cumulative area ratio:    1.83
      Required ratio:    0.00 (Cumulative area) 
      Partial area ratio:    5.33
      Required ratio:  400.00 (Side area) 
      Cumulative area ratio:   10.27
      Required ratio:    0.00 (Cumulative side area) 

    Layer: via3
      Partial area ratio:    0.19
      Required ratio:    6.00 (Gate area) 
      Cumulative area ratio:    0.66
      Required ratio:    0.00 (Cumulative area) 

    Layer: met4
      Partial area ratio:   10.00
      Required ratio:    0.00 (Gate area) 
      Cumulative area ratio:   11.83
      Required ratio:    0.00 (Cumulative area) 
      Partial area ratio:   54.42
      Required ratio: 2778.20 (Side area) 
      Cumulative area ratio:   64.69
      Required ratio:    0.00 (Cumulative side area) 



Net: net80
  Pin:   wire80/A (sky130_fd_sc_hd__buf_4)
    Layer: mcon
      Partial area ratio:    0.12
      Required ratio:    3.00 (Gate area) 
      Cumulative area ratio:    0.12
      Required ratio:    0.00 (Cumulative area) 

    Layer: met1
      Partial area ratio:    1.52
      Required ratio:    0.00 (Gate area) 
      Cumulative area ratio:    1.52
      Required ratio:    0.00 (Cumulative area) 
      Partial area ratio:    7.18
      Required ratio:  400.00 (Side area) 
      Cumulative area ratio:    7.18
      Required ratio:    0.00 (Cumulative side area) 

    Layer: via
      Partial area ratio:    0.12
      Required ratio:    6.00 (Gate area) 
      Cumulative area ratio:    0.24
      Required ratio:    0.00 (Cumulative area) 

    Layer: met2
      Partial area ratio:    4.53
      Required ratio:    0.00 (Gate area) 
      Cumulative area ratio:    6.05
      Required ratio:    0.00 (Cumulative area) 
      Partial area ratio:   21.76
      Required ratio:  400.00 (Side area) 
      Cumulative area ratio:   28.95
      Required ratio:    0.00 (Cumulative side area) 

    Layer: via2
      Partial area ratio:    0.16
      Required ratio:    6.00 (Gate area) 
      Cumulative area ratio:    0.40
      Required ratio:    0.00 (Cumulative area) 

    Layer: met3
      Partial area ratio:   76.73
      Required ratio:    0.00 (Gate area) 
      Cumulative area ratio:   82.78
      Required ratio:    0.00 (Cumulative area) 
      Partial area ratio:  414.93
      Required ratio:  400.00 (Side area) (VIOLATED)
      Cumulative area ratio:  443.88
      Required ratio:    0.00 (Cumulative side area) 

    Layer: via3
      Partial area ratio:    0.16
      Required ratio:    6.00 (Gate area) 
      Cumulative area ratio:    0.56
      Required ratio:    0.00 (Cumulative area) 

    Layer: met4
      Partial area ratio:   17.21
      Required ratio:    0.00 (Gate area) 
      Cumulative area ratio:   99.99
      Required ratio:    0.00 (Cumulative area) 
      Partial area ratio:   93.67
      Required ratio: 2771.60 (Side area) 
      Cumulative area ratio:  537.55
      Required ratio:    0.00 (Cumulative side area) 



Net: net82
  Pin:   _5917_/S (sky130_fd_sc_hd__mux2_1)
    Layer: mcon
      Partial area ratio:    0.11
      Required ratio:    3.00 (Gate area) 
      Cumulative area ratio:    0.11
      Required ratio:    0.00 (Cumulative area) 

    Layer: met1
      Partial area ratio:    3.93
      Required ratio:    0.00 (Gate area) 
      Cumulative area ratio:    3.93
      Required ratio:    0.00 (Cumulative area) 
      Partial area ratio:   18.89
      Required ratio:  400.00 (Side area) 
      Cumulative area ratio:   18.89
      Required ratio:    0.00 (Cumulative side area) 

    Layer: via
      Partial area ratio:    0.18
      Required ratio:    6.00 (Gate area) 
      Cumulative area ratio:    0.29
      Required ratio:    0.00 (Cumulative area) 

    Layer: met2
      Partial area ratio:    0.74
      Required ratio:    0.00 (Gate area) 
      Cumulative area ratio:    4.67
      Required ratio:    0.00 (Cumulative area) 
      Partial area ratio:    3.42
      Required ratio:  400.00 (Side area) 
      Cumulative area ratio:   22.31
      Required ratio:    0.00 (Cumulative side area) 

    Layer: via2
      Partial area ratio:    0.16
      Required ratio:    6.00 (Gate area) 
      Cumulative area ratio:    0.45
      Required ratio:    0.00 (Cumulative area) 

    Layer: met3
      Partial area ratio:    0.50
      Required ratio:    0.00 (Gate area) 
      Cumulative area ratio:    5.16
      Required ratio:    0.00 (Cumulative area) 
      Partial area ratio:    4.51
      Required ratio:  400.00 (Side area) 
      Cumulative area ratio:   26.82
      Required ratio:    0.00 (Cumulative side area) 

    Layer: via3
      Partial area ratio:    0.16
      Required ratio:    6.00 (Gate area) 
      Cumulative area ratio:    0.61
      Required ratio:    0.00 (Cumulative area) 

    Layer: met4
      Partial area ratio:   12.48
      Required ratio:    0.00 (Gate area) 
      Cumulative area ratio:   17.64
      Required ratio:    0.00 (Cumulative area) 
      Partial area ratio:   67.17
      Required ratio: 3236.16 (Side area) 
      Cumulative area ratio:   93.99
      Required ratio:    0.00 (Cumulative side area) 


  Pin:   _5918_/S (sky130_fd_sc_hd__mux2_1)
    Layer: mcon
      Partial area ratio:    0.11
      Required ratio:    3.00 (Gate area) 
      Cumulative area ratio:    0.11
      Required ratio:    0.00 (Cumulative area) 

    Layer: met1
      Partial area ratio:    5.81
      Required ratio:    0.00 (Gate area) 
      Cumulative area ratio:    5.81
      Required ratio:    0.00 (Cumulative area) 
      Partial area ratio:   28.32
      Required ratio:  400.00 (Side area) 
      Cumulative area ratio:   28.32
      Required ratio:    0.00 (Cumulative side area) 

    Layer: via
      Partial area ratio:    0.18
      Required ratio:    6.00 (Gate area) 
      Cumulative area ratio:    0.29
      Required ratio:    0.00 (Cumulative area) 

    Layer: met2
      Partial area ratio:    0.74
      Required ratio:    0.00 (Gate area) 
      Cumulative area ratio:    6.55
      Required ratio:    0.00 (Cumulative area) 
      Partial area ratio:    3.42
      Required ratio:  400.00 (Side area) 
      Cumulative area ratio:   31.74
      Required ratio:    0.00 (Cumulative side area) 

    Layer: via2
      Partial area ratio:    0.16
      Required ratio:    6.00 (Gate area) 
      Cumulative area ratio:    0.45
      Required ratio:    0.00 (Cumulative area) 

    Layer: met3
      Partial area ratio:   31.06
      Required ratio:    0.00 (Gate area) 
      Cumulative area ratio:   37.61
      Required ratio:    0.00 (Cumulative area) 
      Partial area ratio:  166.55
      Required ratio: 3236.16 (Side area) 
      Cumulative area ratio:  198.28
      Required ratio:    0.00 (Cumulative side area) 

    Layer: via3
      Partial area ratio:    0.08
      Required ratio:   63.25 (Gate area) 
      Cumulative area ratio:    0.53
      Required ratio:    0.00 (Cumulative area) 

    Layer: met4
      Partial area ratio:   12.48
      Required ratio:    0.00 (Gate area) 
      Cumulative area ratio:   50.09
      Required ratio:    0.00 (Cumulative area) 
      Partial area ratio:   67.17
      Required ratio: 3236.16 (Side area) 
      Cumulative area ratio:  265.46
      Required ratio:    0.00 (Cumulative side area) 


  Pin:   _5920_/S (sky130_fd_sc_hd__mux2_1)
    Layer: mcon
      Partial area ratio:    0.11
      Required ratio:    3.00 (Gate area) 
      Cumulative area ratio:    0.11
      Required ratio:    0.00 (Cumulative area) 

    Layer: met1
      Partial area ratio:   97.54
      Required ratio:    0.00 (Gate area) 
      Cumulative area ratio:   97.54
      Required ratio:    0.00 (Cumulative area) 
      Partial area ratio:  486.12
      Required ratio:  400.00 (Side area) (VIOLATED)
      Cumulative area ratio:  486.12
      Required ratio:    0.00 (Cumulative side area) 

    Layer: via
      Partial area ratio:    0.36
      Required ratio:    6.00 (Gate area) 
      Cumulative area ratio:    0.47
      Required ratio:    0.00 (Cumulative area) 

    Layer: met2
      Partial area ratio:    7.41
      Required ratio:    0.00 (Gate area) 
      Cumulative area ratio:  104.95
      Required ratio:    0.00 (Cumulative area) 
      Partial area ratio:   36.23
      Required ratio:  400.00 (Side area) 
      Cumulative area ratio:  522.36
      Required ratio:    0.00 (Cumulative side area) 

    Layer: via2
      Partial area ratio:    0.11
      Required ratio:    6.00 (Gate area) 
      Cumulative area ratio:    0.58
      Required ratio:    0.00 (Cumulative area) 

    Layer: met3
      Partial area ratio:   31.06
      Required ratio:    0.00 (Gate area) 
      Cumulative area ratio:  136.01
      Required ratio:    0.00 (Cumulative area) 
      Partial area ratio:  166.55
      Required ratio: 3236.16 (Side area) 
      Cumulative area ratio:  688.90
      Required ratio:    0.00 (Cumulative side area) 

    Layer: via3
      Partial area ratio:    0.08
      Required ratio:   63.25 (Gate area) 
      Cumulative area ratio:    0.66
      Required ratio:    0.00 (Cumulative area) 

    Layer: met4
      Partial area ratio:   12.48
      Required ratio:    0.00 (Gate area) 
      Cumulative area ratio:  148.48
      Required ratio:    0.00 (Cumulative area) 
      Partial area ratio:   67.17
      Required ratio: 3236.16 (Side area) 
      Cumulative area ratio:  756.08
      Required ratio:    0.00 (Cumulative side area) 


  Pin:   _5921_/S (sky130_fd_sc_hd__mux2_1)
    Layer: mcon
      Partial area ratio:    0.11
      Required ratio:    3.00 (Gate area) 
      Cumulative area ratio:    0.11
      Required ratio:    0.00 (Cumulative area) 

    Layer: met1
      Partial area ratio:    2.11
      Required ratio:    0.00 (Gate area) 
      Cumulative area ratio:    2.11
      Required ratio:    0.00 (Cumulative area) 
      Partial area ratio:   10.05
      Required ratio:  400.00 (Side area) 
      Cumulative area ratio:   10.05
      Required ratio:    0.00 (Cumulative side area) 

    Layer: via
      Partial area ratio:    0.18
      Required ratio:    6.00 (Gate area) 
      Cumulative area ratio:    0.29
      Required ratio:    0.00 (Cumulative area) 

    Layer: met2
      Partial area ratio:    7.41
      Required ratio:    0.00 (Gate area) 
      Cumulative area ratio:    9.52
      Required ratio:    0.00 (Cumulative area) 
      Partial area ratio:   36.23
      Required ratio:  400.00 (Side area) 
      Cumulative area ratio:   46.28
      Required ratio:    0.00 (Cumulative side area) 

    Layer: via2
      Partial area ratio:    0.11
      Required ratio:    6.00 (Gate area) 
      Cumulative area ratio:    0.40
      Required ratio:    0.00 (Cumulative area) 

    Layer: met3
      Partial area ratio:   31.06
      Required ratio:    0.00 (Gate area) 
      Cumulative area ratio:   40.57
      Required ratio:    0.00 (Cumulative area) 
      Partial area ratio:  166.55
      Required ratio: 3236.16 (Side area) 
      Cumulative area ratio:  212.83
      Required ratio:    0.00 (Cumulative side area) 

    Layer: via3
      Partial area ratio:    0.08
      Required ratio:   63.25 (Gate area) 
      Cumulative area ratio:    0.48
      Required ratio:    0.00 (Cumulative area) 

    Layer: met4
      Partial area ratio:   12.48
      Required ratio:    0.00 (Gate area) 
      Cumulative area ratio:   53.05
      Required ratio:    0.00 (Cumulative area) 
      Partial area ratio:   67.17
      Required ratio: 3236.16 (Side area) 
      Cumulative area ratio:  280.00
      Required ratio:    0.00 (Cumulative side area) 


  Pin:   _5922_/S (sky130_fd_sc_hd__mux2_1)
    Layer: mcon
      Partial area ratio:    0.11
      Required ratio:    3.00 (Gate area) 
      Cumulative area ratio:    0.11
      Required ratio:    0.00 (Cumulative area) 

    Layer: met1
      Partial area ratio:    1.70
      Required ratio:    0.00 (Gate area) 
      Cumulative area ratio:    1.70
      Required ratio:    0.00 (Cumulative area) 
      Partial area ratio:    7.98
      Required ratio:  400.00 (Side area) 
      Cumulative area ratio:    7.98
      Required ratio:    0.00 (Cumulative side area) 

    Layer: via
      Partial area ratio:    0.18
      Required ratio:    6.00 (Gate area) 
      Cumulative area ratio:    0.29
      Required ratio:    0.00 (Cumulative area) 

    Layer: met2
      Partial area ratio:    0.74
      Required ratio:    0.00 (Gate area) 
      Cumulative area ratio:    2.44
      Required ratio:    0.00 (Cumulative area) 
      Partial area ratio:    3.42
      Required ratio:  400.00 (Side area) 
      Cumulative area ratio:   11.39
      Required ratio:    0.00 (Cumulative side area) 

    Layer: via2
      Partial area ratio:    0.16
      Required ratio:    6.00 (Gate area) 
      Cumulative area ratio:    0.45
      Required ratio:    0.00 (Cumulative area) 

    Layer: met3
      Partial area ratio:    0.50
      Required ratio:    0.00 (Gate area) 
      Cumulative area ratio:    2.94
      Required ratio:    0.00 (Cumulative area) 
      Partial area ratio:    4.51
      Required ratio:  400.00 (Side area) 
      Cumulative area ratio:   15.90
      Required ratio:    0.00 (Cumulative side area) 

    Layer: via3
      Partial area ratio:    0.16
      Required ratio:    6.00 (Gate area) 
      Cumulative area ratio:    0.61
      Required ratio:    0.00 (Cumulative area) 

    Layer: met4
      Partial area ratio:   12.48
      Required ratio:    0.00 (Gate area) 
      Cumulative area ratio:   15.41
      Required ratio:    0.00 (Cumulative area) 
      Partial area ratio:   67.17
      Required ratio: 3236.16 (Side area) 
      Cumulative area ratio:   83.08
      Required ratio:    0.00 (Cumulative side area) 


  Pin:   _5923_/S (sky130_fd_sc_hd__mux2_1)
    Layer: mcon
      Partial area ratio:    0.11
      Required ratio:    3.00 (Gate area) 
      Cumulative area ratio:    0.11
      Required ratio:    0.00 (Cumulative area) 

    Layer: met1
      Partial area ratio:    2.98
      Required ratio:    0.00 (Gate area) 
      Cumulative area ratio:    2.98
      Required ratio:    0.00 (Cumulative area) 
      Partial area ratio:   14.19
      Required ratio:  400.00 (Side area) 
      Cumulative area ratio:   14.19
      Required ratio:    0.00 (Cumulative side area) 

    Layer: via
      Partial area ratio:    0.18
      Required ratio:    6.00 (Gate area) 
      Cumulative area ratio:    0.29
      Required ratio:    0.00 (Cumulative area) 

    Layer: met2
      Partial area ratio:    7.41
      Required ratio:    0.00 (Gate area) 
      Cumulative area ratio:   10.39
      Required ratio:    0.00 (Cumulative area) 
      Partial area ratio:   36.23
      Required ratio:  400.00 (Side area) 
      Cumulative area ratio:   50.42
      Required ratio:    0.00 (Cumulative side area) 

    Layer: via2
      Partial area ratio:    0.11
      Required ratio:    6.00 (Gate area) 
      Cumulative area ratio:    0.40
      Required ratio:    0.00 (Cumulative area) 

    Layer: met3
      Partial area ratio:   31.06
      Required ratio:    0.00 (Gate area) 
      Cumulative area ratio:   41.45
      Required ratio:    0.00 (Cumulative area) 
      Partial area ratio:  166.55
      Required ratio: 3236.16 (Side area) 
      Cumulative area ratio:  216.97
      Required ratio:    0.00 (Cumulative side area) 

    Layer: via3
      Partial area ratio:    0.08
      Required ratio:   63.25 (Gate area) 
      Cumulative area ratio:    0.48
      Required ratio:    0.00 (Cumulative area) 

    Layer: met4
      Partial area ratio:   12.48
      Required ratio:    0.00 (Gate area) 
      Cumulative area ratio:   53.93
      Required ratio:    0.00 (Cumulative area) 
      Partial area ratio:   67.17
      Required ratio: 3236.16 (Side area) 
      Cumulative area ratio:  284.14
      Required ratio:    0.00 (Cumulative side area) 



Net: net86
  Pin:   _5742_/S (sky130_fd_sc_hd__mux2_1)
    Layer: mcon
      Partial area ratio:    0.11
      Required ratio:    3.00 (Gate area) 
      Cumulative area ratio:    0.11
      Required ratio:    0.00 (Cumulative area) 

    Layer: met1
      Partial area ratio:    3.70
      Required ratio:    0.00 (Gate area) 
      Cumulative area ratio:    3.70
      Required ratio:    0.00 (Cumulative area) 
      Partial area ratio:   17.78
      Required ratio:  400.00 (Side area) 
      Cumulative area ratio:   17.78
      Required ratio:    0.00 (Cumulative side area) 

    Layer: via
      Partial area ratio:    0.18
      Required ratio:    6.00 (Gate area) 
      Cumulative area ratio:    0.29
      Required ratio:    0.00 (Cumulative area) 

    Layer: met2
      Partial area ratio:   16.01
      Required ratio:    0.00 (Gate area) 
      Cumulative area ratio:   19.72
      Required ratio:    0.00 (Cumulative area) 
      Partial area ratio:   79.64
      Required ratio:  400.00 (Side area) 
      Cumulative area ratio:   97.42
      Required ratio:    0.00 (Cumulative side area) 

    Layer: via2
      Partial area ratio:    0.05
      Required ratio:    6.00 (Gate area) 
      Cumulative area ratio:    0.35
      Required ratio:    0.00 (Cumulative area) 

    Layer: met3
      Partial area ratio:   78.17
      Required ratio:    0.00 (Gate area) 
      Cumulative area ratio:   97.88
      Required ratio:    0.00 (Cumulative area) 
      Partial area ratio:  417.36
      Required ratio:  400.00 (Side area) (VIOLATED)
      Cumulative area ratio:  514.78
      Required ratio:    0.00 (Cumulative side area) 

    Layer: via3
      Partial area ratio:    0.04
      Required ratio:    6.00 (Gate area) 
      Cumulative area ratio:    0.39
      Required ratio:    0.00 (Cumulative area) 

    Layer: met4
      Partial area ratio:   14.88
      Required ratio:    0.00 (Gate area) 
      Cumulative area ratio:  112.76
      Required ratio:    0.00 (Cumulative area) 
      Partial area ratio:   79.73
      Required ratio: 3312.80 (Side area) 
      Cumulative area ratio:  594.51
      Required ratio:    0.00 (Cumulative side area) 


  Pin:   _5743_/S (sky130_fd_sc_hd__mux2_1)
    Layer: mcon
      Partial area ratio:    0.11
      Required ratio:    3.00 (Gate area) 
      Cumulative area ratio:    0.11
      Required ratio:    0.00 (Cumulative area) 

    Layer: met1
      Partial area ratio:    4.51
      Required ratio:    0.00 (Gate area) 
      Cumulative area ratio:    4.51
      Required ratio:    0.00 (Cumulative area) 
      Partial area ratio:   21.46
      Required ratio:  400.00 (Side area) 
      Cumulative area ratio:   21.46
      Required ratio:    0.00 (Cumulative side area) 

    Layer: via
      Partial area ratio:    0.18
      Required ratio:    6.00 (Gate area) 
      Cumulative area ratio:    0.29
      Required ratio:    0.00 (Cumulative area) 

    Layer: met2
      Partial area ratio:   16.01
      Required ratio:    0.00 (Gate area) 
      Cumulative area ratio:   20.53
      Required ratio:    0.00 (Cumulative area) 
      Partial area ratio:   79.64
      Required ratio:  400.00 (Side area) 
      Cumulative area ratio:  101.10
      Required ratio:    0.00 (Cumulative side area) 

    Layer: via2
      Partial area ratio:    0.05
      Required ratio:    6.00 (Gate area) 
      Cumulative area ratio:    0.35
      Required ratio:    0.00 (Cumulative area) 

    Layer: met3
      Partial area ratio:   78.17
      Required ratio:    0.00 (Gate area) 
      Cumulative area ratio:   98.69
      Required ratio:    0.00 (Cumulative area) 
      Partial area ratio:  417.36
      Required ratio:  400.00 (Side area) (VIOLATED)
      Cumulative area ratio:  518.45
      Required ratio:    0.00 (Cumulative side area) 

    Layer: via3
      Partial area ratio:    0.04
      Required ratio:    6.00 (Gate area) 
      Cumulative area ratio:    0.39
      Required ratio:    0.00 (Cumulative area) 

    Layer: met4
      Partial area ratio:   14.88
      Required ratio:    0.00 (Gate area) 
      Cumulative area ratio:  113.57
      Required ratio:    0.00 (Cumulative area) 
      Partial area ratio:   79.73
      Required ratio: 3312.80 (Side area) 
      Cumulative area ratio:  598.19
      Required ratio:    0.00 (Cumulative side area) 


  Pin:   _5745_/S (sky130_fd_sc_hd__mux2_1)
    Layer: mcon
      Partial area ratio:    0.11
      Required ratio:    3.00 (Gate area) 
      Cumulative area ratio:    0.11
      Required ratio:    0.00 (Cumulative area) 

    Layer: met1
      Partial area ratio:    3.65
      Required ratio:    0.00 (Gate area) 
      Cumulative area ratio:    3.65
      Required ratio:    0.00 (Cumulative area) 
      Partial area ratio:   17.52
      Required ratio:  400.00 (Side area) 
      Cumulative area ratio:   17.52
      Required ratio:    0.00 (Cumulative side area) 

    Layer: via
      Partial area ratio:    0.18
      Required ratio:    6.00 (Gate area) 
      Cumulative area ratio:    0.29
      Required ratio:    0.00 (Cumulative area) 

    Layer: met2
      Partial area ratio:    0.74
      Required ratio:    0.00 (Gate area) 
      Cumulative area ratio:    4.39
      Required ratio:    0.00 (Cumulative area) 
      Partial area ratio:    3.42
      Required ratio:  400.00 (Side area) 
      Cumulative area ratio:   20.94
      Required ratio:    0.00 (Cumulative side area) 

    Layer: via2
      Partial area ratio:    0.16
      Required ratio:    6.00 (Gate area) 
      Cumulative area ratio:    0.45
      Required ratio:    0.00 (Cumulative area) 

    Layer: met3
      Partial area ratio:   78.17
      Required ratio:    0.00 (Gate area) 
      Cumulative area ratio:   82.56
      Required ratio:    0.00 (Cumulative area) 
      Partial area ratio:  417.36
      Required ratio:  400.00 (Side area) (VIOLATED)
      Cumulative area ratio:  438.30
      Required ratio:    0.00 (Cumulative side area) 

    Layer: via3
      Partial area ratio:    0.04
      Required ratio:    6.00 (Gate area) 
      Cumulative area ratio:    0.49
      Required ratio:    0.00 (Cumulative area) 

    Layer: met4
      Partial area ratio:   14.88
      Required ratio:    0.00 (Gate area) 
      Cumulative area ratio:   97.44
      Required ratio:    0.00 (Cumulative area) 
      Partial area ratio:   79.73
      Required ratio: 3312.80 (Side area) 
      Cumulative area ratio:  518.03
      Required ratio:    0.00 (Cumulative side area) 


  Pin:   _5746_/S (sky130_fd_sc_hd__mux2_1)
    Layer: mcon
      Partial area ratio:    0.11
      Required ratio:    3.00 (Gate area) 
      Cumulative area ratio:    0.11
      Required ratio:    0.00 (Cumulative area) 

    Layer: met1
      Partial area ratio:   28.42
      Required ratio:    0.00 (Gate area) 
      Cumulative area ratio:   28.42
      Required ratio:    0.00 (Cumulative area) 
      Partial area ratio:  140.96
      Required ratio:  400.00 (Side area) 
      Cumulative area ratio:  140.96
      Required ratio:    0.00 (Cumulative side area) 

    Layer: via
      Partial area ratio:    0.27
      Required ratio:    6.00 (Gate area) 
      Cumulative area ratio:    0.38
      Required ratio:    0.00 (Cumulative area) 

    Layer: met2
      Partial area ratio:   16.01
      Required ratio:    0.00 (Gate area) 
      Cumulative area ratio:   44.44
      Required ratio:    0.00 (Cumulative area) 
      Partial area ratio:   79.64
      Required ratio:  400.00 (Side area) 
      Cumulative area ratio:  220.60
      Required ratio:    0.00 (Cumulative side area) 

    Layer: via2
      Partial area ratio:    0.05
      Required ratio:    6.00 (Gate area) 
      Cumulative area ratio:    0.44
      Required ratio:    0.00 (Cumulative area) 

    Layer: met3
      Partial area ratio:   78.17
      Required ratio:    0.00 (Gate area) 
      Cumulative area ratio:  122.61
      Required ratio:    0.00 (Cumulative area) 
      Partial area ratio:  417.36
      Required ratio:  400.00 (Side area) (VIOLATED)
      Cumulative area ratio:  637.95
      Required ratio:    0.00 (Cumulative side area) 

    Layer: via3
      Partial area ratio:    0.04
      Required ratio:    6.00 (Gate area) 
      Cumulative area ratio:    0.48
      Required ratio:    0.00 (Cumulative area) 

    Layer: met4
      Partial area ratio:   14.88
      Required ratio:    0.00 (Gate area) 
      Cumulative area ratio:  137.49
      Required ratio:    0.00 (Cumulative area) 
      Partial area ratio:   79.73
      Required ratio: 3312.80 (Side area) 
      Cumulative area ratio:  717.69
      Required ratio:    0.00 (Cumulative side area) 


  Pin:   _5748_/S (sky130_fd_sc_hd__mux2_1)
    Layer: mcon
      Partial area ratio:    0.11
      Required ratio:    3.00 (Gate area) 
      Cumulative area ratio:    0.11
      Required ratio:    0.00 (Cumulative area) 

    Layer: met1
      Partial area ratio:    2.65
      Required ratio:    0.00 (Gate area) 
      Cumulative area ratio:    2.65
      Required ratio:    0.00 (Cumulative area) 
      Partial area ratio:   12.52
      Required ratio:  400.00 (Side area) 
      Cumulative area ratio:   12.52
      Required ratio:    0.00 (Cumulative side area) 

    Layer: via
      Partial area ratio:    0.18
      Required ratio:    6.00 (Gate area) 
      Cumulative area ratio:    0.29
      Required ratio:    0.00 (Cumulative area) 

    Layer: met2
      Partial area ratio:    0.74
      Required ratio:    0.00 (Gate area) 
      Cumulative area ratio:    3.39
      Required ratio:    0.00 (Cumulative area) 
      Partial area ratio:    3.42
      Required ratio:  400.00 (Side area) 
      Cumulative area ratio:   15.94
      Required ratio:    0.00 (Cumulative side area) 

    Layer: via2
      Partial area ratio:    0.16
      Required ratio:    6.00 (Gate area) 
      Cumulative area ratio:    0.45
      Required ratio:    0.00 (Cumulative area) 

    Layer: met3
      Partial area ratio:  238.72
      Required ratio:    0.00 (Gate area) 
      Cumulative area ratio:  242.11
      Required ratio:    0.00 (Cumulative area) 
      Partial area ratio: 1274.98
      Required ratio: 3312.80 (Side area) 
      Cumulative area ratio: 1290.92
      Required ratio:    0.00 (Cumulative side area) 

    Layer: via3
      Partial area ratio:    0.16
      Required ratio:   70.15 (Gate area) 
      Cumulative area ratio:    0.61
      Required ratio:    0.00 (Cumulative area) 

    Layer: met4
      Partial area ratio:   14.88
      Required ratio:    0.00 (Gate area) 
      Cumulative area ratio:  256.99
      Required ratio:    0.00 (Cumulative area) 
      Partial area ratio:   79.73
      Required ratio: 3312.80 (Side area) 
      Cumulative area ratio: 1370.66
      Required ratio:    0.00 (Cumulative side area) 



Net: net100
  Pin:   _5660_/S (sky130_fd_sc_hd__mux2_1)
    Layer: mcon
      Partial area ratio:    0.11
      Required ratio:    3.00 (Gate area) 
      Cumulative area ratio:    0.11
      Required ratio:    0.00 (Cumulative area) 

    Layer: met1
      Partial area ratio:    2.81
      Required ratio:    0.00 (Gate area) 
      Cumulative area ratio:    2.81
      Required ratio:    0.00 (Cumulative area) 
      Partial area ratio:   13.30
      Required ratio:  400.00 (Side area) 
      Cumulative area ratio:   13.30
      Required ratio:    0.00 (Cumulative side area) 

    Layer: via
      Partial area ratio:    0.18
      Required ratio:    6.00 (Gate area) 
      Cumulative area ratio:    0.29
      Required ratio:    0.00 (Cumulative area) 

    Layer: met2
      Partial area ratio:    6.43
      Required ratio:    0.00 (Gate area) 
      Cumulative area ratio:    9.24
      Required ratio:    0.00 (Cumulative area) 
      Partial area ratio:   31.56
      Required ratio:  400.00 (Side area) 
      Cumulative area ratio:   44.86
      Required ratio:    0.00 (Cumulative side area) 

    Layer: via2
      Partial area ratio:    0.08
      Required ratio:    6.00 (Gate area) 
      Cumulative area ratio:    0.37
      Required ratio:    0.00 (Cumulative area) 

    Layer: met3
      Partial area ratio:   87.37
      Required ratio:    0.00 (Gate area) 
      Cumulative area ratio:   96.61
      Required ratio:    0.00 (Cumulative area) 
      Partial area ratio:  467.10
      Required ratio:  400.00 (Side area) (VIOLATED)
      Cumulative area ratio:  511.97
      Required ratio:    0.00 (Cumulative side area) 

    Layer: via3
      Partial area ratio:    0.03
      Required ratio:    6.00 (Gate area) 
      Cumulative area ratio:    0.40
      Required ratio:    0.00 (Cumulative area) 

    Layer: met4
      Partial area ratio:   11.69
      Required ratio:    0.00 (Gate area) 
      Cumulative area ratio:  108.30
      Required ratio:    0.00 (Cumulative area) 
      Partial area ratio:   63.09
      Required ratio: 3134.60 (Side area) 
      Cumulative area ratio:  575.05
      Required ratio:    0.00 (Cumulative side area) 


  Pin:   _5661_/S (sky130_fd_sc_hd__mux2_1)
    Layer: mcon
      Partial area ratio:    0.11
      Required ratio:    3.00 (Gate area) 
      Cumulative area ratio:    0.11
      Required ratio:    0.00 (Cumulative area) 

    Layer: met1
      Partial area ratio:    2.46
      Required ratio:    0.00 (Gate area) 
      Cumulative area ratio:    2.46
      Required ratio:    0.00 (Cumulative area) 
      Partial area ratio:   11.57
      Required ratio:  400.00 (Side area) 
      Cumulative area ratio:   11.57
      Required ratio:    0.00 (Cumulative side area) 

    Layer: via
      Partial area ratio:    0.18
      Required ratio:    6.00 (Gate area) 
      Cumulative area ratio:    0.29
      Required ratio:    0.00 (Cumulative area) 

    Layer: met2
      Partial area ratio:   12.38
      Required ratio:    0.00 (Gate area) 
      Cumulative area ratio:   14.84
      Required ratio:    0.00 (Cumulative area) 
      Partial area ratio:   61.18
      Required ratio:  400.00 (Side area) 
      Cumulative area ratio:   72.76
      Required ratio:    0.00 (Cumulative side area) 

    Layer: via2
      Partial area ratio:    0.16
      Required ratio:    6.00 (Gate area) 
      Cumulative area ratio:    0.45
      Required ratio:    0.00 (Cumulative area) 

    Layer: met3
      Partial area ratio:   87.37
      Required ratio:    0.00 (Gate area) 
      Cumulative area ratio:  102.22
      Required ratio:    0.00 (Cumulative area) 
      Partial area ratio:  467.10
      Required ratio:  400.00 (Side area) (VIOLATED)
      Cumulative area ratio:  539.86
      Required ratio:    0.00 (Cumulative side area) 

    Layer: via3
      Partial area ratio:    0.03
      Required ratio:    6.00 (Gate area) 
      Cumulative area ratio:    0.48
      Required ratio:    0.00 (Cumulative area) 

    Layer: met4
      Partial area ratio:   11.69
      Required ratio:    0.00 (Gate area) 
      Cumulative area ratio:  113.90
      Required ratio:    0.00 (Cumulative area) 
      Partial area ratio:   63.09
      Required ratio: 3134.60 (Side area) 
      Cumulative area ratio:  602.95
      Required ratio:    0.00 (Cumulative side area) 


  Pin:   _5663_/S (sky130_fd_sc_hd__mux2_1)
    Layer: mcon
      Partial area ratio:    0.11
      Required ratio:    3.00 (Gate area) 
      Cumulative area ratio:    0.11
      Required ratio:    0.00 (Cumulative area) 

    Layer: met1
      Partial area ratio:    2.29
      Required ratio:    0.00 (Gate area) 
      Cumulative area ratio:    2.29
      Required ratio:    0.00 (Cumulative area) 
      Partial area ratio:   10.69
      Required ratio:  400.00 (Side area) 
      Cumulative area ratio:   10.69
      Required ratio:    0.00 (Cumulative side area) 

    Layer: via
      Partial area ratio:    0.18
      Required ratio:    6.00 (Gate area) 
      Cumulative area ratio:    0.29
      Required ratio:    0.00 (Cumulative area) 

    Layer: met2
      Partial area ratio:    0.74
      Required ratio:    0.00 (Gate area) 
      Cumulative area ratio:    3.03
      Required ratio:    0.00 (Cumulative area) 
      Partial area ratio:    3.42
      Required ratio:  400.00 (Side area) 
      Cumulative area ratio:   14.11
      Required ratio:    0.00 (Cumulative side area) 

    Layer: via2
      Partial area ratio:    0.16
      Required ratio:    6.00 (Gate area) 
      Cumulative area ratio:    0.45
      Required ratio:    0.00 (Cumulative area) 

    Layer: met3
      Partial area ratio:   87.37
      Required ratio:    0.00 (Gate area) 
      Cumulative area ratio:   90.40
      Required ratio:    0.00 (Cumulative area) 
      Partial area ratio:  467.10
      Required ratio:  400.00 (Side area) (VIOLATED)
      Cumulative area ratio:  481.21
      Required ratio:    0.00 (Cumulative side area) 

    Layer: via3
      Partial area ratio:    0.03
      Required ratio:    6.00 (Gate area) 
      Cumulative area ratio:    0.48
      Required ratio:    0.00 (Cumulative area) 

    Layer: met4
      Partial area ratio:   11.69
      Required ratio:    0.00 (Gate area) 
      Cumulative area ratio:  102.09
      Required ratio:    0.00 (Cumulative area) 
      Partial area ratio:   63.09
      Required ratio: 3134.60 (Side area) 
      Cumulative area ratio:  544.30
      Required ratio:    0.00 (Cumulative side area) 


  Pin:   _5664_/S (sky130_fd_sc_hd__mux2_1)
    Layer: mcon
      Partial area ratio:    0.11
      Required ratio:    3.00 (Gate area) 
      Cumulative area ratio:    0.11
      Required ratio:    0.00 (Cumulative area) 

    Layer: met1
      Partial area ratio:    5.16
      Required ratio:    0.00 (Gate area) 
      Cumulative area ratio:    5.16
      Required ratio:    0.00 (Cumulative area) 
      Partial area ratio:   25.04
      Required ratio:  400.00 (Side area) 
      Cumulative area ratio:   25.04
      Required ratio:    0.00 (Cumulative side area) 

    Layer: via
      Partial area ratio:    0.18
      Required ratio:    6.00 (Gate area) 
      Cumulative area ratio:    0.29
      Required ratio:    0.00 (Cumulative area) 

    Layer: met2
      Partial area ratio:    6.43
      Required ratio:    0.00 (Gate area) 
      Cumulative area ratio:   11.59
      Required ratio:    0.00 (Cumulative area) 
      Partial area ratio:   31.56
      Required ratio:  400.00 (Side area) 
      Cumulative area ratio:   56.60
      Required ratio:    0.00 (Cumulative side area) 

    Layer: via2
      Partial area ratio:    0.08
      Required ratio:    6.00 (Gate area) 
      Cumulative area ratio:    0.37
      Required ratio:    0.00 (Cumulative area) 

    Layer: met3
      Partial area ratio:   87.37
      Required ratio:    0.00 (Gate area) 
      Cumulative area ratio:   98.96
      Required ratio:    0.00 (Cumulative area) 
      Partial area ratio:  467.10
      Required ratio:  400.00 (Side area) (VIOLATED)
      Cumulative area ratio:  523.71
      Required ratio:    0.00 (Cumulative side area) 

    Layer: via3
      Partial area ratio:    0.03
      Required ratio:    6.00 (Gate area) 
      Cumulative area ratio:    0.40
      Required ratio:    0.00 (Cumulative area) 

    Layer: met4
      Partial area ratio:   11.69
      Required ratio:    0.00 (Gate area) 
      Cumulative area ratio:  110.65
      Required ratio:    0.00 (Cumulative area) 
      Partial area ratio:   63.09
      Required ratio: 3134.60 (Side area) 
      Cumulative area ratio:  586.79
      Required ratio:    0.00 (Cumulative side area) 


  Pin:   _5666_/S (sky130_fd_sc_hd__mux2_1)
    Layer: mcon
      Partial area ratio:    0.11
      Required ratio:    3.00 (Gate area) 
      Cumulative area ratio:    0.11
      Required ratio:    0.00 (Cumulative area) 

    Layer: met1
      Partial area ratio:    4.07
      Required ratio:    0.00 (Gate area) 
      Cumulative area ratio:    4.07
      Required ratio:    0.00 (Cumulative area) 
      Partial area ratio:   19.62
      Required ratio:  400.00 (Side area) 
      Cumulative area ratio:   19.62
      Required ratio:    0.00 (Cumulative side area) 

    Layer: via
      Partial area ratio:    0.18
      Required ratio:    6.00 (Gate area) 
      Cumulative area ratio:    0.29
      Required ratio:    0.00 (Cumulative area) 

    Layer: met2
      Partial area ratio:    4.78
      Required ratio:    0.00 (Gate area) 
      Cumulative area ratio:    8.85
      Required ratio:    0.00 (Cumulative area) 
      Partial area ratio:   22.97
      Required ratio:  400.00 (Side area) 
      Cumulative area ratio:   42.59
      Required ratio:    0.00 (Cumulative side area) 

    Layer: via2
      Partial area ratio:    0.32
      Required ratio:    6.00 (Gate area) 
      Cumulative area ratio:    0.61
      Required ratio:    0.00 (Cumulative area) 

    Layer: met3
      Partial area ratio:   87.37
      Required ratio:    0.00 (Gate area) 
      Cumulative area ratio:   96.23
      Required ratio:    0.00 (Cumulative area) 
      Partial area ratio:  467.10
      Required ratio:  400.00 (Side area) (VIOLATED)
      Cumulative area ratio:  509.70
      Required ratio:    0.00 (Cumulative side area) 

    Layer: via3
      Partial area ratio:    0.03
      Required ratio:    6.00 (Gate area) 
      Cumulative area ratio:    0.64
      Required ratio:    0.00 (Cumulative area) 

    Layer: met4
      Partial area ratio:   11.69
      Required ratio:    0.00 (Gate area) 
      Cumulative area ratio:  107.91
      Required ratio:    0.00 (Cumulative area) 
      Partial area ratio:   63.09
      Required ratio: 3134.60 (Side area) 
      Cumulative area ratio:  572.78
      Required ratio:    0.00 (Cumulative side area) 



Net: net129
  Pin:   _5280_/B1 (sky130_fd_sc_hd__o211a_2)
    Layer: li1
      Partial area ratio:    0.05
      Required ratio:    0.00 (Gate area) 
      Cumulative area ratio:    0.05
      Required ratio:    0.00 (Cumulative area) 
      Partial area ratio:    0.19
      Required ratio:   75.00 (Side area) 
      Cumulative area ratio:    0.19
      Required ratio:    0.00 (Cumulative side area) 

    Layer: mcon
      Partial area ratio:    0.12
      Required ratio:    3.00 (Gate area) 
      Cumulative area ratio:    0.12
      Required ratio:    0.00 (Cumulative area) 

    Layer: met1
      Partial area ratio:    0.34
      Required ratio:    0.00 (Gate area) 
      Cumulative area ratio:    0.38
      Required ratio:    0.00 (Cumulative area) 
      Partial area ratio:    1.64
      Required ratio:  400.00 (Side area) 
      Cumulative area ratio:    1.83
      Required ratio:    0.00 (Cumulative side area) 

    Layer: via
      Partial area ratio:    0.09
      Required ratio:    6.00 (Gate area) 
      Cumulative area ratio:    0.21
      Required ratio:    0.00 (Cumulative area) 

    Layer: met2
      Partial area ratio:    0.42
      Required ratio:    0.00 (Gate area) 
      Cumulative area ratio:    0.80
      Required ratio:    0.00 (Cumulative area) 
      Partial area ratio:    1.84
      Required ratio:  400.00 (Side area) 
      Cumulative area ratio:    3.67
      Required ratio:    0.00 (Cumulative side area) 

    Layer: via2
      Partial area ratio:    0.16
      Required ratio:    6.00 (Gate area) 
      Cumulative area ratio:    0.37
      Required ratio:    0.00 (Cumulative area) 

    Layer: met3
      Partial area ratio:   17.71
      Required ratio:    0.00 (Gate area) 
      Cumulative area ratio:   18.51
      Required ratio:    0.00 (Cumulative area) 
      Partial area ratio:   94.82
      Required ratio: 2956.40 (Side area) 
      Cumulative area ratio:   98.49
      Required ratio:    0.00 (Cumulative side area) 

    Layer: via3
      Partial area ratio:    0.03
      Required ratio:   38.08 (Gate area) 
      Cumulative area ratio:    0.40
      Required ratio:    0.00 (Cumulative area) 

    Layer: met4
      Partial area ratio:    2.98
      Required ratio:    0.00 (Gate area) 
      Cumulative area ratio:   21.49
      Required ratio:    0.00 (Cumulative area) 
      Partial area ratio:   16.22
      Required ratio: 2956.40 (Side area) 
      Cumulative area ratio:  114.71
      Required ratio:    0.00 (Cumulative side area) 


  Pin:   _5343_/S (sky130_fd_sc_hd__mux2_1)
    Layer: mcon
      Partial area ratio:    0.11
      Required ratio:    3.00 (Gate area) 
      Cumulative area ratio:    0.11
      Required ratio:    0.00 (Cumulative area) 

    Layer: met1
      Partial area ratio:    3.03
      Required ratio:    0.00 (Gate area) 
      Cumulative area ratio:    3.03
      Required ratio:    0.00 (Cumulative area) 
      Partial area ratio:   14.41
      Required ratio:  400.00 (Side area) 
      Cumulative area ratio:   14.41
      Required ratio:    0.00 (Cumulative side area) 

    Layer: via
      Partial area ratio:    0.18
      Required ratio:    6.00 (Gate area) 
      Cumulative area ratio:    0.29
      Required ratio:    0.00 (Cumulative area) 

    Layer: met2
      Partial area ratio:    0.74
      Required ratio:    0.00 (Gate area) 
      Cumulative area ratio:    3.77
      Required ratio:    0.00 (Cumulative area) 
      Partial area ratio:    3.42
      Required ratio:  400.00 (Side area) 
      Cumulative area ratio:   17.83
      Required ratio:    0.00 (Cumulative side area) 

    Layer: via2
      Partial area ratio:    0.16
      Required ratio:    6.00 (Gate area) 
      Cumulative area ratio:    0.45
      Required ratio:    0.00 (Cumulative area) 

    Layer: met3
      Partial area ratio:    0.50
      Required ratio:    0.00 (Gate area) 
      Cumulative area ratio:    4.27
      Required ratio:    0.00 (Cumulative area) 
      Partial area ratio:    4.51
      Required ratio:  400.00 (Side area) 
      Cumulative area ratio:   22.34
      Required ratio:    0.00 (Cumulative side area) 

    Layer: via3
      Partial area ratio:    0.16
      Required ratio:    6.00 (Gate area) 
      Cumulative area ratio:    0.61
      Required ratio:    0.00 (Cumulative area) 

    Layer: met4
      Partial area ratio:    2.98
      Required ratio:    0.00 (Gate area) 
      Cumulative area ratio:    7.25
      Required ratio:    0.00 (Cumulative area) 
      Partial area ratio:   16.22
      Required ratio: 2956.40 (Side area) 
      Cumulative area ratio:   38.55
      Required ratio:    0.00 (Cumulative side area) 


  Pin:   _5349_/S (sky130_fd_sc_hd__mux2_1)
    Layer: mcon
      Partial area ratio:    0.11
      Required ratio:    3.00 (Gate area) 
      Cumulative area ratio:    0.11
      Required ratio:    0.00 (Cumulative area) 

    Layer: met1
      Partial area ratio:    0.81
      Required ratio:    0.00 (Gate area) 
      Cumulative area ratio:    0.81
      Required ratio:    0.00 (Cumulative area) 
      Partial area ratio:    2.87
      Required ratio:  400.00 (Side area) 
      Cumulative area ratio:    2.87
      Required ratio:    0.00 (Cumulative side area) 

    Layer: via
      Partial area ratio:    0.18
      Required ratio:    6.00 (Gate area) 
      Cumulative area ratio:    0.29
      Required ratio:    0.00 (Cumulative area) 

    Layer: met2
      Partial area ratio:    0.74
      Required ratio:    0.00 (Gate area) 
      Cumulative area ratio:    1.55
      Required ratio:    0.00 (Cumulative area) 
      Partial area ratio:    3.42
      Required ratio:  400.00 (Side area) 
      Cumulative area ratio:    6.29
      Required ratio:    0.00 (Cumulative side area) 

    Layer: via2
      Partial area ratio:    0.16
      Required ratio:    6.00 (Gate area) 
      Cumulative area ratio:    0.45
      Required ratio:    0.00 (Cumulative area) 

    Layer: met3
      Partial area ratio:   17.71
      Required ratio:    0.00 (Gate area) 
      Cumulative area ratio:   19.26
      Required ratio:    0.00 (Cumulative area) 
      Partial area ratio:   94.82
      Required ratio: 2956.40 (Side area) 
      Cumulative area ratio:  101.10
      Required ratio:    0.00 (Cumulative side area) 

    Layer: via3
      Partial area ratio:    0.03
      Required ratio:   38.08 (Gate area) 
      Cumulative area ratio:    0.49
      Required ratio:    0.00 (Cumulative area) 

    Layer: met4
      Partial area ratio:    2.98
      Required ratio:    0.00 (Gate area) 
      Cumulative area ratio:   22.24
      Required ratio:    0.00 (Cumulative area) 
      Partial area ratio:   16.22
      Required ratio: 2956.40 (Side area) 
      Cumulative area ratio:  117.32
      Required ratio:    0.00 (Cumulative side area) 


  Pin:   _5355_/S (sky130_fd_sc_hd__mux2_1)
    Layer: mcon
      Partial area ratio:    0.11
      Required ratio:    3.00 (Gate area) 
      Cumulative area ratio:    0.11
      Required ratio:    0.00 (Cumulative area) 

    Layer: met1
      Partial area ratio:   10.25
      Required ratio:    0.00 (Gate area) 
      Cumulative area ratio:   10.25
      Required ratio:    0.00 (Cumulative area) 
      Partial area ratio:   50.07
      Required ratio: 2956.40 (Side area) 
      Cumulative area ratio:   50.07
      Required ratio:    0.00 (Cumulative side area) 

    Layer: via
      Partial area ratio:    0.27
      Required ratio:   38.08 (Gate area) 
      Cumulative area ratio:    0.38
      Required ratio:    0.00 (Cumulative area) 

    Layer: met2
      Partial area ratio:    1.07
      Required ratio:    0.00 (Gate area) 
      Cumulative area ratio:   11.32
      Required ratio:    0.00 (Cumulative area) 
      Partial area ratio:    5.03
      Required ratio: 2956.40 (Side area) 
      Cumulative area ratio:   55.10
      Required ratio:    0.00 (Cumulative side area) 

    Layer: via2
      Partial area ratio:    0.16
      Required ratio:   38.08 (Gate area) 
      Cumulative area ratio:    0.54
      Required ratio:    0.00 (Cumulative area) 

    Layer: met3
      Partial area ratio:   17.71
      Required ratio:    0.00 (Gate area) 
      Cumulative area ratio:   29.02
      Required ratio:    0.00 (Cumulative area) 
      Partial area ratio:   94.82
      Required ratio: 2956.40 (Side area) 
      Cumulative area ratio:  149.92
      Required ratio:    0.00 (Cumulative side area) 

    Layer: via3
      Partial area ratio:    0.03
      Required ratio:   38.08 (Gate area) 
      Cumulative area ratio:    0.58
      Required ratio:    0.00 (Cumulative area) 

    Layer: met4
      Partial area ratio:    2.98
      Required ratio:    0.00 (Gate area) 
      Cumulative area ratio:   32.00
      Required ratio:    0.00 (Cumulative area) 
      Partial area ratio:   16.22
      Required ratio: 2956.40 (Side area) 
      Cumulative area ratio:  166.13
      Required ratio:    0.00 (Cumulative side area) 


  Pin:   fanout122/A (sky130_fd_sc_hd__clkdlybuf4s25_1)
    Layer: mcon
      Partial area ratio:    0.14
      Required ratio:    3.00 (Gate area) 
      Cumulative area ratio:    0.14
      Required ratio:    0.00 (Cumulative area) 

    Layer: met1
      Partial area ratio:    3.19
      Required ratio:    0.00 (Gate area) 
      Cumulative area ratio:    3.19
      Required ratio:    0.00 (Cumulative area) 
      Partial area ratio:   15.06
      Required ratio:  400.00 (Side area) 
      Cumulative area ratio:   15.06
      Required ratio:    0.00 (Cumulative side area) 

    Layer: via
      Partial area ratio:    0.21
      Required ratio:    6.00 (Gate area) 
      Cumulative area ratio:    0.35
      Required ratio:    0.00 (Cumulative area) 

    Layer: met2
      Partial area ratio:    0.88
      Required ratio:    0.00 (Gate area) 
      Cumulative area ratio:    4.06
      Required ratio:    0.00 (Cumulative area) 
      Partial area ratio:    4.04
      Required ratio:  400.00 (Side area) 
      Cumulative area ratio:   19.10
      Required ratio:    0.00 (Cumulative side area) 

    Layer: via2
      Partial area ratio:    0.19
      Required ratio:    6.00 (Gate area) 
      Cumulative area ratio:    0.53
      Required ratio:    0.00 (Cumulative area) 

    Layer: met3
      Partial area ratio:   17.71
      Required ratio:    0.00 (Gate area) 
      Cumulative area ratio:   21.77
      Required ratio:    0.00 (Cumulative area) 
      Partial area ratio:   94.82
      Required ratio: 2956.40 (Side area) 
      Cumulative area ratio:  113.92
      Required ratio:    0.00 (Cumulative side area) 

    Layer: via3
      Partial area ratio:    0.03
      Required ratio:   38.08 (Gate area) 
      Cumulative area ratio:    0.57
      Required ratio:    0.00 (Cumulative area) 

    Layer: met4
      Partial area ratio:    2.98
      Required ratio:    0.00 (Gate area) 
      Cumulative area ratio:   24.75
      Required ratio:    0.00 (Cumulative area) 
      Partial area ratio:   16.22
      Required ratio: 2956.40 (Side area) 
      Cumulative area ratio:  130.14
      Required ratio:    0.00 (Cumulative side area) 


  Pin:   fanout124/A (sky130_fd_sc_hd__clkdlybuf4s25_1)
    Layer: mcon
      Partial area ratio:    0.14
      Required ratio:    3.00 (Gate area) 
      Cumulative area ratio:    0.14
      Required ratio:    0.00 (Cumulative area) 

    Layer: met1
      Partial area ratio:    3.35
      Required ratio:    0.00 (Gate area) 
      Cumulative area ratio:    3.35
      Required ratio:    0.00 (Cumulative area) 
      Partial area ratio:   15.87
      Required ratio:  400.00 (Side area) 
      Cumulative area ratio:   15.87
      Required ratio:    0.00 (Cumulative side area) 

    Layer: via
      Partial area ratio:    0.21
      Required ratio:    6.00 (Gate area) 
      Cumulative area ratio:    0.35
      Required ratio:    0.00 (Cumulative area) 

    Layer: met2
      Partial area ratio:   83.25
      Required ratio:    0.00 (Gate area) 
      Cumulative area ratio:   86.59
      Required ratio:    0.00 (Cumulative area) 
      Partial area ratio:  414.82
      Required ratio:  400.00 (Side area) (VIOLATED)
      Cumulative area ratio:  430.69
      Required ratio:    0.00 (Cumulative side area) 

    Layer: via2
      Partial area ratio:    0.19
      Required ratio:    6.00 (Gate area) 
      Cumulative area ratio:    0.53
      Required ratio:    0.00 (Cumulative area) 

    Layer: met3
      Partial area ratio:   17.71
      Required ratio:    0.00 (Gate area) 
      Cumulative area ratio:  104.30
      Required ratio:    0.00 (Cumulative area) 
      Partial area ratio:   94.82
      Required ratio: 2956.40 (Side area) 
      Cumulative area ratio:  525.51
      Required ratio:    0.00 (Cumulative side area) 

    Layer: via3
      Partial area ratio:    0.03
      Required ratio:   38.08 (Gate area) 
      Cumulative area ratio:    0.57
      Required ratio:    0.00 (Cumulative area) 

    Layer: met4
      Partial area ratio:    2.98
      Required ratio:    0.00 (Gate area) 
      Cumulative area ratio:  107.28
      Required ratio:    0.00 (Cumulative area) 
      Partial area ratio:   16.22
      Required ratio: 2956.40 (Side area) 
      Cumulative area ratio:  541.73
      Required ratio:    0.00 (Cumulative side area) 



Net: net163
  Pin:   _5603_/B1 (sky130_fd_sc_hd__a22o_2)
    Layer: mcon
      Partial area ratio:    0.12
      Required ratio:    3.00 (Gate area) 
      Cumulative area ratio:    0.12
      Required ratio:    0.00 (Cumulative area) 

    Layer: met1
      Partial area ratio:    2.42
      Required ratio:    0.00 (Gate area) 
      Cumulative area ratio:    2.42
      Required ratio:    0.00 (Cumulative area) 
      Partial area ratio:   11.31
      Required ratio:  400.00 (Side area) 
      Cumulative area ratio:   11.31
      Required ratio:    0.00 (Cumulative side area) 

    Layer: via
      Partial area ratio:    0.18
      Required ratio:    6.00 (Gate area) 
      Cumulative area ratio:    0.30
      Required ratio:    0.00 (Cumulative area) 

    Layer: met2
      Partial area ratio:    0.75
      Required ratio:    0.00 (Gate area) 
      Cumulative area ratio:    3.17
      Required ratio:    0.00 (Cumulative area) 
      Partial area ratio:    3.48
      Required ratio:  400.00 (Side area) 
      Cumulative area ratio:   14.79
      Required ratio:    0.00 (Cumulative side area) 

    Layer: via2
      Partial area ratio:    0.16
      Required ratio:    6.00 (Gate area) 
      Cumulative area ratio:    0.46
      Required ratio:    0.00 (Cumulative area) 

    Layer: met3
      Partial area ratio:    0.50
      Required ratio:    0.00 (Gate area) 
      Cumulative area ratio:    3.68
      Required ratio:    0.00 (Cumulative area) 
      Partial area ratio:    4.59
      Required ratio:  400.00 (Side area) 
      Cumulative area ratio:   19.38
      Required ratio:    0.00 (Cumulative side area) 

    Layer: via3
      Partial area ratio:    0.16
      Required ratio:    6.00 (Gate area) 
      Cumulative area ratio:    0.62
      Required ratio:    0.00 (Cumulative area) 

    Layer: met4
      Partial area ratio:   10.57
      Required ratio:    0.00 (Gate area) 
      Cumulative area ratio:   14.25
      Required ratio:    0.00 (Cumulative area) 
      Partial area ratio:   56.87
      Required ratio: 2956.40 (Side area) 
      Cumulative area ratio:   76.25
      Required ratio:    0.00 (Cumulative side area) 


  Pin:   _5606_/B1 (sky130_fd_sc_hd__a32o_2)
    Layer: mcon
      Partial area ratio:    0.12
      Required ratio:    3.00 (Gate area) 
      Cumulative area ratio:    0.12
      Required ratio:    0.00 (Cumulative area) 

    Layer: met1
      Partial area ratio:   93.43
      Required ratio:    0.00 (Gate area) 
      Cumulative area ratio:   93.43
      Required ratio:    0.00 (Cumulative area) 
      Partial area ratio:  465.54
      Required ratio:  400.00 (Side area) (VIOLATED)
      Cumulative area ratio:  465.54
      Required ratio:    0.00 (Cumulative side area) 

    Layer: via
      Partial area ratio:    0.36
      Required ratio:    6.00 (Gate area) 
      Cumulative area ratio:    0.48
      Required ratio:    0.00 (Cumulative area) 

    Layer: met2
      Partial area ratio:    9.93
      Required ratio:    0.00 (Gate area) 
      Cumulative area ratio:  103.36
      Required ratio:    0.00 (Cumulative area) 
      Partial area ratio:   49.15
      Required ratio:  400.00 (Side area) 
      Cumulative area ratio:  514.69
      Required ratio:    0.00 (Cumulative side area) 

    Layer: via2
      Partial area ratio:    0.11
      Required ratio:    6.00 (Gate area) 
      Cumulative area ratio:    0.59
      Required ratio:    0.00 (Cumulative area) 

    Layer: met3
      Partial area ratio:   53.30
      Required ratio:    0.00 (Gate area) 
      Cumulative area ratio:  156.66
      Required ratio:    0.00 (Cumulative area) 
      Partial area ratio:  285.52
      Required ratio: 2956.40 (Side area) 
      Cumulative area ratio:  800.21
      Required ratio:    0.00 (Cumulative side area) 

    Layer: via3
      Partial area ratio:    0.05
      Required ratio:   38.08 (Gate area) 
      Cumulative area ratio:    0.64
      Required ratio:    0.00 (Cumulative area) 

    Layer: met4
      Partial area ratio:   10.57
      Required ratio:    0.00 (Gate area) 
      Cumulative area ratio:  167.24
      Required ratio:    0.00 (Cumulative area) 
      Partial area ratio:   56.87
      Required ratio: 2956.40 (Side area) 
      Cumulative area ratio:  857.08
      Required ratio:    0.00 (Cumulative side area) 


  Pin:   _5609_/B1 (sky130_fd_sc_hd__a32o_2)
    Layer: mcon
      Partial area ratio:    0.12
      Required ratio:    3.00 (Gate area) 
      Cumulative area ratio:    0.12
      Required ratio:    0.00 (Cumulative area) 

    Layer: met1
      Partial area ratio:    3.40
      Required ratio:    0.00 (Gate area) 
      Cumulative area ratio:    3.40
      Required ratio:    0.00 (Cumulative area) 
      Partial area ratio:   16.23
      Required ratio:  400.00 (Side area) 
      Cumulative area ratio:   16.23
      Required ratio:    0.00 (Cumulative side area) 

    Layer: via
      Partial area ratio:    0.18
      Required ratio:    6.00 (Gate area) 
      Cumulative area ratio:    0.30
      Required ratio:    0.00 (Cumulative area) 

    Layer: met2
      Partial area ratio:    9.93
      Required ratio:    0.00 (Gate area) 
      Cumulative area ratio:   13.33
      Required ratio:    0.00 (Cumulative area) 
      Partial area ratio:   49.15
      Required ratio:  400.00 (Side area) 
      Cumulative area ratio:   65.39
      Required ratio:    0.00 (Cumulative side area) 

    Layer: via2
      Partial area ratio:    0.11
      Required ratio:    6.00 (Gate area) 
      Cumulative area ratio:    0.41
      Required ratio:    0.00 (Cumulative area) 

    Layer: met3
      Partial area ratio:   53.30
      Required ratio:    0.00 (Gate area) 
      Cumulative area ratio:   66.63
      Required ratio:    0.00 (Cumulative area) 
      Partial area ratio:  285.52
      Required ratio: 2956.40 (Side area) 
      Cumulative area ratio:  350.91
      Required ratio:    0.00 (Cumulative side area) 

    Layer: via3
      Partial area ratio:    0.05
      Required ratio:   38.08 (Gate area) 
      Cumulative area ratio:    0.46
      Required ratio:    0.00 (Cumulative area) 

    Layer: met4
      Partial area ratio:   10.57
      Required ratio:    0.00 (Gate area) 
      Cumulative area ratio:   77.20
      Required ratio:    0.00 (Cumulative area) 
      Partial area ratio:   56.87
      Required ratio: 2956.40 (Side area) 
      Cumulative area ratio:  407.78
      Required ratio:    0.00 (Cumulative side area) 


  Pin:   _5610_/B1 (sky130_fd_sc_hd__a22o_2)
    Layer: mcon
      Partial area ratio:    0.12
      Required ratio:    3.00 (Gate area) 
      Cumulative area ratio:    0.12
      Required ratio:    0.00 (Cumulative area) 

    Layer: met1
      Partial area ratio:    1.12
      Required ratio:    0.00 (Gate area) 
      Cumulative area ratio:    1.12
      Required ratio:    0.00 (Cumulative area) 
      Partial area ratio:    4.86
      Required ratio:  400.00 (Side area) 
      Cumulative area ratio:    4.86
      Required ratio:    0.00 (Cumulative side area) 

    Layer: via
      Partial area ratio:    0.18
      Required ratio:    6.00 (Gate area) 
      Cumulative area ratio:    0.30
      Required ratio:    0.00 (Cumulative area) 

    Layer: met2
      Partial area ratio:    9.93
      Required ratio:    0.00 (Gate area) 
      Cumulative area ratio:   11.06
      Required ratio:    0.00 (Cumulative area) 
      Partial area ratio:   49.15
      Required ratio:  400.00 (Side area) 
      Cumulative area ratio:   54.02
      Required ratio:    0.00 (Cumulative side area) 

    Layer: via2
      Partial area ratio:    0.11
      Required ratio:    6.00 (Gate area) 
      Cumulative area ratio:    0.41
      Required ratio:    0.00 (Cumulative area) 

    Layer: met3
      Partial area ratio:   53.30
      Required ratio:    0.00 (Gate area) 
      Cumulative area ratio:   64.35
      Required ratio:    0.00 (Cumulative area) 
      Partial area ratio:  285.52
      Required ratio: 2956.40 (Side area) 
      Cumulative area ratio:  339.54
      Required ratio:    0.00 (Cumulative side area) 

    Layer: via3
      Partial area ratio:    0.05
      Required ratio:   38.08 (Gate area) 
      Cumulative area ratio:    0.46
      Required ratio:    0.00 (Cumulative area) 

    Layer: met4
      Partial area ratio:   10.57
      Required ratio:    0.00 (Gate area) 
      Cumulative area ratio:   74.93
      Required ratio:    0.00 (Cumulative area) 
      Partial area ratio:   56.87
      Required ratio: 2956.40 (Side area) 
      Cumulative area ratio:  396.41
      Required ratio:    0.00 (Cumulative side area) 



Net: net164
  Pin:   _5594_/B1 (sky130_fd_sc_hd__a22o_2)
    Layer: mcon
      Partial area ratio:    0.12
      Required ratio:    3.00 (Gate area) 
      Cumulative area ratio:    0.12
      Required ratio:    0.00 (Cumulative area) 

    Layer: met1
      Partial area ratio:    3.43
      Required ratio:    0.00 (Gate area) 
      Cumulative area ratio:    3.43
      Required ratio:    0.00 (Cumulative area) 
      Partial area ratio:   16.38
      Required ratio:  400.00 (Side area) 
      Cumulative area ratio:   16.38
      Required ratio:    0.00 (Cumulative side area) 

    Layer: via
      Partial area ratio:    0.18
      Required ratio:    6.00 (Gate area) 
      Cumulative area ratio:    0.30
      Required ratio:    0.00 (Cumulative area) 

    Layer: met2
      Partial area ratio:    0.75
      Required ratio:    0.00 (Gate area) 
      Cumulative area ratio:    4.18
      Required ratio:    0.00 (Cumulative area) 
      Partial area ratio:    3.48
      Required ratio:  400.00 (Side area) 
      Cumulative area ratio:   19.85
      Required ratio:    0.00 (Cumulative side area) 

    Layer: via2
      Partial area ratio:    0.16
      Required ratio:    6.00 (Gate area) 
      Cumulative area ratio:    0.46
      Required ratio:    0.00 (Cumulative area) 

    Layer: met3
      Partial area ratio:   96.70
      Required ratio:    0.00 (Gate area) 
      Cumulative area ratio:  100.88
      Required ratio:    0.00 (Cumulative area) 
      Partial area ratio:  517.59
      Required ratio:  400.00 (Side area) (VIOLATED)
      Cumulative area ratio:  537.45
      Required ratio:    0.00 (Cumulative side area) 

    Layer: via3
      Partial area ratio:    0.16
      Required ratio:    6.00 (Gate area) 
      Cumulative area ratio:    0.62
      Required ratio:    0.00 (Cumulative area) 

    Layer: met4
      Partial area ratio:   30.40
      Required ratio:    0.00 (Gate area) 
      Cumulative area ratio:  131.27
      Required ratio:    0.00 (Cumulative area) 
      Partial area ratio:  163.26
      Required ratio: 2956.40 (Side area) 
      Cumulative area ratio:  700.70
      Required ratio:    0.00 (Cumulative side area) 


  Pin:   _5597_/B1 (sky130_fd_sc_hd__a32o_2)
    Layer: mcon
      Partial area ratio:    0.12
      Required ratio:    3.00 (Gate area) 
      Cumulative area ratio:    0.12
      Required ratio:    0.00 (Cumulative area) 

    Layer: met1
      Partial area ratio:    4.21
      Required ratio:    0.00 (Gate area) 
      Cumulative area ratio:    4.21
      Required ratio:    0.00 (Cumulative area) 
      Partial area ratio:   20.15
      Required ratio:  400.00 (Side area) 
      Cumulative area ratio:   20.15
      Required ratio:    0.00 (Cumulative side area) 

    Layer: via
      Partial area ratio:    0.14
      Required ratio:    6.00 (Gate area) 
      Cumulative area ratio:    0.25
      Required ratio:    0.00 (Cumulative area) 

    Layer: met2
      Partial area ratio:    0.55
      Required ratio:    0.00 (Gate area) 
      Cumulative area ratio:    4.75
      Required ratio:    0.00 (Cumulative area) 
      Partial area ratio:    2.56
      Required ratio:  400.00 (Side area) 
      Cumulative area ratio:   22.71
      Required ratio:    0.00 (Cumulative side area) 

    Layer: via2
      Partial area ratio:    0.08
      Required ratio:    6.00 (Gate area) 
      Cumulative area ratio:    0.33
      Required ratio:    0.00 (Cumulative area) 

    Layer: met3
      Partial area ratio:    0.25
      Required ratio:    0.00 (Gate area) 
      Cumulative area ratio:    5.01
      Required ratio:    0.00 (Cumulative area) 
      Partial area ratio:    2.29
      Required ratio:  400.00 (Side area) 
      Cumulative area ratio:   25.01
      Required ratio:    0.00 (Cumulative side area) 

    Layer: via3
      Partial area ratio:    0.08
      Required ratio:    6.00 (Gate area) 
      Cumulative area ratio:    0.41
      Required ratio:    0.00 (Cumulative area) 

    Layer: met4
      Partial area ratio:   30.40
      Required ratio:    0.00 (Gate area) 
      Cumulative area ratio:   35.40
      Required ratio:    0.00 (Cumulative area) 
      Partial area ratio:  163.26
      Required ratio: 2956.40 (Side area) 
      Cumulative area ratio:  188.26
      Required ratio:    0.00 (Cumulative side area) 


  Pin:   _5598_/B1 (sky130_fd_sc_hd__a22o_2)
    Layer: mcon
      Partial area ratio:    0.12
      Required ratio:    3.00 (Gate area) 
      Cumulative area ratio:    0.12
      Required ratio:    0.00 (Cumulative area) 

    Layer: met1
      Partial area ratio:    3.45
      Required ratio:    0.00 (Gate area) 
      Cumulative area ratio:    3.45
      Required ratio:    0.00 (Cumulative area) 
      Partial area ratio:   16.49
      Required ratio:  400.00 (Side area) 
      Cumulative area ratio:   16.49
      Required ratio:    0.00 (Cumulative side area) 

    Layer: via
      Partial area ratio:    0.18
      Required ratio:    6.00 (Gate area) 
      Cumulative area ratio:    0.30
      Required ratio:    0.00 (Cumulative area) 

    Layer: met2
      Partial area ratio:    8.70
      Required ratio:    0.00 (Gate area) 
      Cumulative area ratio:   12.15
      Required ratio:    0.00 (Cumulative area) 
      Partial area ratio:   42.78
      Required ratio:  400.00 (Side area) 
      Cumulative area ratio:   59.27
      Required ratio:    0.00 (Cumulative side area) 

    Layer: via2
      Partial area ratio:    0.16
      Required ratio:    6.00 (Gate area) 
      Cumulative area ratio:    0.46
      Required ratio:    0.00 (Cumulative area) 

    Layer: met3
      Partial area ratio:  117.63
      Required ratio:    0.00 (Gate area) 
      Cumulative area ratio:  129.78
      Required ratio:    0.00 (Cumulative area) 
      Partial area ratio:  629.20
      Required ratio:  400.00 (Side area) (VIOLATED)
      Cumulative area ratio:  688.47
      Required ratio:    0.00 (Cumulative side area) 

    Layer: via3
      Partial area ratio:    0.32
      Required ratio:    6.00 (Gate area) 
      Cumulative area ratio:    0.78
      Required ratio:    0.00 (Cumulative area) 

    Layer: met4
      Partial area ratio:   30.40
      Required ratio:    0.00 (Gate area) 
      Cumulative area ratio:  160.17
      Required ratio:    0.00 (Cumulative area) 
      Partial area ratio:  163.26
      Required ratio: 2956.40 (Side area) 
      Cumulative area ratio:  851.73
      Required ratio:    0.00 (Cumulative side area) 


  Pin:   _5600_/B1 (sky130_fd_sc_hd__a32o_2)
    Layer: mcon
      Partial area ratio:    0.12
      Required ratio:    3.00 (Gate area) 
      Cumulative area ratio:    0.12
      Required ratio:    0.00 (Cumulative area) 

    Layer: met1
      Partial area ratio:    4.21
      Required ratio:    0.00 (Gate area) 
      Cumulative area ratio:    4.21
      Required ratio:    0.00 (Cumulative area) 
      Partial area ratio:   20.15
      Required ratio:  400.00 (Side area) 
      Cumulative area ratio:   20.15
      Required ratio:    0.00 (Cumulative side area) 

    Layer: via
      Partial area ratio:    0.14
      Required ratio:    6.00 (Gate area) 
      Cumulative area ratio:    0.25
      Required ratio:    0.00 (Cumulative area) 

    Layer: met2
      Partial area ratio:    0.55
      Required ratio:    0.00 (Gate area) 
      Cumulative area ratio:    4.75
      Required ratio:    0.00 (Cumulative area) 
      Partial area ratio:    2.56
      Required ratio:  400.00 (Side area) 
      Cumulative area ratio:   22.71
      Required ratio:    0.00 (Cumulative side area) 

    Layer: via2
      Partial area ratio:    0.08
      Required ratio:    6.00 (Gate area) 
      Cumulative area ratio:    0.33
      Required ratio:    0.00 (Cumulative area) 

    Layer: met3
      Partial area ratio:    0.25
      Required ratio:    0.00 (Gate area) 
      Cumulative area ratio:    5.01
      Required ratio:    0.00 (Cumulative area) 
      Partial area ratio:    2.29
      Required ratio:  400.00 (Side area) 
      Cumulative area ratio:   25.01
      Required ratio:    0.00 (Cumulative side area) 

    Layer: via3
      Partial area ratio:    0.08
      Required ratio:    6.00 (Gate area) 
      Cumulative area ratio:    0.41
      Required ratio:    0.00 (Cumulative area) 

    Layer: met4
      Partial area ratio:   30.40
      Required ratio:    0.00 (Gate area) 
      Cumulative area ratio:   35.40
      Required ratio:    0.00 (Cumulative area) 
      Partial area ratio:  163.26
      Required ratio: 2956.40 (Side area) 
      Cumulative area ratio:  188.26
      Required ratio:    0.00 (Cumulative side area) 


  Pin:   _5601_/B1 (sky130_fd_sc_hd__a22o_2)
    Layer: mcon
      Partial area ratio:    0.12
      Required ratio:    3.00 (Gate area) 
      Cumulative area ratio:    0.12
      Required ratio:    0.00 (Cumulative area) 

    Layer: met1
      Partial area ratio:    3.07
      Required ratio:    0.00 (Gate area) 
      Cumulative area ratio:    3.07
      Required ratio:    0.00 (Cumulative area) 
      Partial area ratio:   14.59
      Required ratio:  400.00 (Side area) 
      Cumulative area ratio:   14.59
      Required ratio:    0.00 (Cumulative side area) 

    Layer: via
      Partial area ratio:    0.18
      Required ratio:    6.00 (Gate area) 
      Cumulative area ratio:    0.30
      Required ratio:    0.00 (Cumulative area) 

    Layer: met2
      Partial area ratio:    0.75
      Required ratio:    0.00 (Gate area) 
      Cumulative area ratio:    3.82
      Required ratio:    0.00 (Cumulative area) 
      Partial area ratio:    3.48
      Required ratio:  400.00 (Side area) 
      Cumulative area ratio:   18.07
      Required ratio:    0.00 (Cumulative side area) 

    Layer: via2
      Partial area ratio:    0.16
      Required ratio:    6.00 (Gate area) 
      Cumulative area ratio:    0.46
      Required ratio:    0.00 (Cumulative area) 

    Layer: met3
      Partial area ratio:   96.70
      Required ratio:    0.00 (Gate area) 
      Cumulative area ratio:  100.52
      Required ratio:    0.00 (Cumulative area) 
      Partial area ratio:  517.59
      Required ratio:  400.00 (Side area) (VIOLATED)
      Cumulative area ratio:  535.66
      Required ratio:    0.00 (Cumulative side area) 

    Layer: via3
      Partial area ratio:    0.16
      Required ratio:    6.00 (Gate area) 
      Cumulative area ratio:    0.62
      Required ratio:    0.00 (Cumulative area) 

    Layer: met4
      Partial area ratio:   30.40
      Required ratio:    0.00 (Gate area) 
      Cumulative area ratio:  130.92
      Required ratio:    0.00 (Cumulative area) 
      Partial area ratio:  163.26
      Required ratio: 2956.40 (Side area) 
      Cumulative area ratio:  698.92
      Required ratio:    0.00 (Cumulative side area) 



Net: net313
  Pin:   _3120_/C1 (sky130_fd_sc_hd__a211o_2)
    Layer: mcon
      Partial area ratio:    0.12
      Required ratio:    3.00 (Gate area) 
      Cumulative area ratio:    0.12
      Required ratio:    0.00 (Cumulative area) 

    Layer: met1
      Partial area ratio:    2.19
      Required ratio:    0.00 (Gate area) 
      Cumulative area ratio:    2.19
      Required ratio:    0.00 (Cumulative area) 
      Partial area ratio:   10.20
      Required ratio:  400.00 (Side area) 
      Cumulative area ratio:   10.20
      Required ratio:    0.00 (Cumulative side area) 

    Layer: via
      Partial area ratio:    0.18
      Required ratio:    6.00 (Gate area) 
      Cumulative area ratio:    0.30
      Required ratio:    0.00 (Cumulative area) 

    Layer: met2
      Partial area ratio:    4.64
      Required ratio:    0.00 (Gate area) 
      Cumulative area ratio:    6.83
      Required ratio:    0.00 (Cumulative area) 
      Partial area ratio:   22.75
      Required ratio: 2881.16 (Side area) 
      Cumulative area ratio:   32.96
      Required ratio:    0.00 (Cumulative side area) 

    Layer: via2
      Partial area ratio:    0.03
      Required ratio:   31.30 (Gate area) 
      Cumulative area ratio:    0.33
      Required ratio:    0.00 (Cumulative area) 

    Layer: met3
      Partial area ratio:   16.81
      Required ratio:    0.00 (Gate area) 
      Cumulative area ratio:   23.65
      Required ratio:    0.00 (Cumulative area) 
      Partial area ratio:   89.98
      Required ratio: 2881.16 (Side area) 
      Cumulative area ratio:  122.93
      Required ratio:    0.00 (Cumulative side area) 

    Layer: via3
      Partial area ratio:    0.03
      Required ratio:   31.30 (Gate area) 
      Cumulative area ratio:    0.36
      Required ratio:    0.00 (Cumulative area) 

    Layer: met4
      Partial area ratio:   15.10
      Required ratio:    0.00 (Gate area) 
      Cumulative area ratio:   38.75
      Required ratio:    0.00 (Cumulative area) 
      Partial area ratio:   80.74
      Required ratio: 2881.16 (Side area) 
      Cumulative area ratio:  203.67
      Required ratio:    0.00 (Cumulative side area) 


  Pin:   _3122_/C1 (sky130_fd_sc_hd__a221o_2)
    Layer: mcon
      Partial area ratio:    0.12
      Required ratio:    3.00 (Gate area) 
      Cumulative area ratio:    0.12
      Required ratio:    0.00 (Cumulative area) 

    Layer: met1
      Partial area ratio:    2.50
      Required ratio:    0.00 (Gate area) 
      Cumulative area ratio:    2.50
      Required ratio:    0.00 (Cumulative area) 
      Partial area ratio:   11.83
      Required ratio:  400.00 (Side area) 
      Cumulative area ratio:   11.83
      Required ratio:    0.00 (Cumulative side area) 

    Layer: via
      Partial area ratio:    0.14
      Required ratio:    6.00 (Gate area) 
      Cumulative area ratio:    0.25
      Required ratio:    0.00 (Cumulative area) 

    Layer: met2
      Partial area ratio:    4.64
      Required ratio:    0.00 (Gate area) 
      Cumulative area ratio:    7.14
      Required ratio:    0.00 (Cumulative area) 
      Partial area ratio:   22.75
      Required ratio: 2881.16 (Side area) 
      Cumulative area ratio:   34.58
      Required ratio:    0.00 (Cumulative side area) 

    Layer: via2
      Partial area ratio:    0.03
      Required ratio:   31.30 (Gate area) 
      Cumulative area ratio:    0.29
      Required ratio:    0.00 (Cumulative area) 

    Layer: met3
      Partial area ratio:   16.81
      Required ratio:    0.00 (Gate area) 
      Cumulative area ratio:   23.96
      Required ratio:    0.00 (Cumulative area) 
      Partial area ratio:   89.98
      Required ratio: 2881.16 (Side area) 
      Cumulative area ratio:  124.55
      Required ratio:    0.00 (Cumulative side area) 

    Layer: via3
      Partial area ratio:    0.03
      Required ratio:   31.30 (Gate area) 
      Cumulative area ratio:    0.31
      Required ratio:    0.00 (Cumulative area) 

    Layer: met4
      Partial area ratio:   15.10
      Required ratio:    0.00 (Gate area) 
      Cumulative area ratio:   39.06
      Required ratio:    0.00 (Cumulative area) 
      Partial area ratio:   80.74
      Required ratio: 2881.16 (Side area) 
      Cumulative area ratio:  205.29
      Required ratio:    0.00 (Cumulative side area) 


  Pin:   _3127_/C1 (sky130_fd_sc_hd__a221o_2)
    Layer: mcon
      Partial area ratio:    0.12
      Required ratio:    3.00 (Gate area) 
      Cumulative area ratio:    0.12
      Required ratio:    0.00 (Cumulative area) 

    Layer: met1
      Partial area ratio:    2.26
      Required ratio:    0.00 (Gate area) 
      Cumulative area ratio:    2.26
      Required ratio:    0.00 (Cumulative area) 
      Partial area ratio:   10.57
      Required ratio:  400.00 (Side area) 
      Cumulative area ratio:   10.57
      Required ratio:    0.00 (Cumulative side area) 

    Layer: via
      Partial area ratio:    0.18
      Required ratio:    6.00 (Gate area) 
      Cumulative area ratio:    0.30
      Required ratio:    0.00 (Cumulative area) 

    Layer: met2
      Partial area ratio:    5.43
      Required ratio:    0.00 (Gate area) 
      Cumulative area ratio:    7.70
      Required ratio:    0.00 (Cumulative area) 
      Partial area ratio:   26.73
      Required ratio:  400.00 (Side area) 
      Cumulative area ratio:   37.30
      Required ratio:    0.00 (Cumulative side area) 

    Layer: via2
      Partial area ratio:    0.04
      Required ratio:    6.00 (Gate area) 
      Cumulative area ratio:    0.34
      Required ratio:    0.00 (Cumulative area) 

    Layer: met3
      Partial area ratio:  123.61
      Required ratio:    0.00 (Gate area) 
      Cumulative area ratio:  131.31
      Required ratio:    0.00 (Cumulative area) 
      Partial area ratio:  660.19
      Required ratio:  400.00 (Side area) (VIOLATED)
      Cumulative area ratio:  697.49
      Required ratio:    0.00 (Cumulative side area) 

    Layer: via3
      Partial area ratio:    0.04
      Required ratio:    6.00 (Gate area) 
      Cumulative area ratio:    0.38
      Required ratio:    0.00 (Cumulative area) 

    Layer: met4
      Partial area ratio:   15.10
      Required ratio:    0.00 (Gate area) 
      Cumulative area ratio:  146.41
      Required ratio:    0.00 (Cumulative area) 
      Partial area ratio:   80.74
      Required ratio: 2881.16 (Side area) 
      Cumulative area ratio:  778.23
      Required ratio:    0.00 (Cumulative side area) 


  Pin:   _3137_/C1 (sky130_fd_sc_hd__a211o_2)
    Layer: mcon
      Partial area ratio:    0.12
      Required ratio:    3.00 (Gate area) 
      Cumulative area ratio:    0.12
      Required ratio:    0.00 (Cumulative area) 

    Layer: met1
      Partial area ratio:    3.39
      Required ratio:    0.00 (Gate area) 
      Cumulative area ratio:    3.39
      Required ratio:    0.00 (Cumulative area) 
      Partial area ratio:   16.19
      Required ratio:  400.00 (Side area) 
      Cumulative area ratio:   16.19
      Required ratio:    0.00 (Cumulative side area) 

    Layer: via
      Partial area ratio:    0.18
      Required ratio:    6.00 (Gate area) 
      Cumulative area ratio:    0.30
      Required ratio:    0.00 (Cumulative area) 

    Layer: met2
      Partial area ratio:    5.43
      Required ratio:    0.00 (Gate area) 
      Cumulative area ratio:    8.82
      Required ratio:    0.00 (Cumulative area) 
      Partial area ratio:   26.73
      Required ratio:  400.00 (Side area) 
      Cumulative area ratio:   42.92
      Required ratio:    0.00 (Cumulative side area) 

    Layer: via2
      Partial area ratio:    0.04
      Required ratio:    6.00 (Gate area) 
      Cumulative area ratio:    0.34
      Required ratio:    0.00 (Cumulative area) 

    Layer: met3
      Partial area ratio:  123.61
      Required ratio:    0.00 (Gate area) 
      Cumulative area ratio:  132.43
      Required ratio:    0.00 (Cumulative area) 
      Partial area ratio:  660.19
      Required ratio:  400.00 (Side area) (VIOLATED)
      Cumulative area ratio:  703.11
      Required ratio:    0.00 (Cumulative side area) 

    Layer: via3
      Partial area ratio:    0.04
      Required ratio:    6.00 (Gate area) 
      Cumulative area ratio:    0.38
      Required ratio:    0.00 (Cumulative area) 

    Layer: met4
      Partial area ratio:   15.10
      Required ratio:    0.00 (Gate area) 
      Cumulative area ratio:  147.53
      Required ratio:    0.00 (Cumulative area) 
      Partial area ratio:   80.74
      Required ratio: 2881.16 (Side area) 
      Cumulative area ratio:  783.85
      Required ratio:    0.00 (Cumulative side area) 


  Pin:   _3144_/C1 (sky130_fd_sc_hd__a221o_2)
    Layer: mcon
      Partial area ratio:    0.12
      Required ratio:    3.00 (Gate area) 
      Cumulative area ratio:    0.12
      Required ratio:    0.00 (Cumulative area) 

    Layer: met1
      Partial area ratio:    3.86
      Required ratio:    0.00 (Gate area) 
      Cumulative area ratio:    3.86
      Required ratio:    0.00 (Cumulative area) 
      Partial area ratio:   18.53
      Required ratio:  400.00 (Side area) 
      Cumulative area ratio:   18.53
      Required ratio:    0.00 (Cumulative side area) 

    Layer: via
      Partial area ratio:    0.18
      Required ratio:    6.00 (Gate area) 
      Cumulative area ratio:    0.30
      Required ratio:    0.00 (Cumulative area) 

    Layer: met2
      Partial area ratio:    5.43
      Required ratio:    0.00 (Gate area) 
      Cumulative area ratio:    9.29
      Required ratio:    0.00 (Cumulative area) 
      Partial area ratio:   26.73
      Required ratio:  400.00 (Side area) 
      Cumulative area ratio:   45.26
      Required ratio:    0.00 (Cumulative side area) 

    Layer: via2
      Partial area ratio:    0.04
      Required ratio:    6.00 (Gate area) 
      Cumulative area ratio:    0.34
      Required ratio:    0.00 (Cumulative area) 

    Layer: met3
      Partial area ratio:  123.61
      Required ratio:    0.00 (Gate area) 
      Cumulative area ratio:  132.90
      Required ratio:    0.00 (Cumulative area) 
      Partial area ratio:  660.19
      Required ratio:  400.00 (Side area) (VIOLATED)
      Cumulative area ratio:  705.46
      Required ratio:    0.00 (Cumulative side area) 

    Layer: via3
      Partial area ratio:    0.04
      Required ratio:    6.00 (Gate area) 
      Cumulative area ratio:    0.38
      Required ratio:    0.00 (Cumulative area) 

    Layer: met4
      Partial area ratio:   15.10
      Required ratio:    0.00 (Gate area) 
      Cumulative area ratio:  148.00
      Required ratio:    0.00 (Cumulative area) 
      Partial area ratio:   80.74
      Required ratio: 2881.16 (Side area) 
      Cumulative area ratio:  786.20
      Required ratio:    0.00 (Cumulative side area) 


  Pin:   _3150_/C1 (sky130_fd_sc_hd__a221o_2)
    Layer: mcon
      Partial area ratio:    0.12
      Required ratio:    3.00 (Gate area) 
      Cumulative area ratio:    0.12
      Required ratio:    0.00 (Cumulative area) 

    Layer: met1
      Partial area ratio:    6.93
      Required ratio:    0.00 (Gate area) 
      Cumulative area ratio:    6.93
      Required ratio:    0.00 (Cumulative area) 
      Partial area ratio:   33.92
      Required ratio:  400.00 (Side area) 
      Cumulative area ratio:   33.92
      Required ratio:    0.00 (Cumulative side area) 

    Layer: via
      Partial area ratio:    0.18
      Required ratio:    6.00 (Gate area) 
      Cumulative area ratio:    0.30
      Required ratio:    0.00 (Cumulative area) 

    Layer: met2
      Partial area ratio:    5.43
      Required ratio:    0.00 (Gate area) 
      Cumulative area ratio:   12.37
      Required ratio:    0.00 (Cumulative area) 
      Partial area ratio:   26.73
      Required ratio:  400.00 (Side area) 
      Cumulative area ratio:   60.65
      Required ratio:    0.00 (Cumulative side area) 

    Layer: via2
      Partial area ratio:    0.04
      Required ratio:    6.00 (Gate area) 
      Cumulative area ratio:    0.34
      Required ratio:    0.00 (Cumulative area) 

    Layer: met3
      Partial area ratio:  123.61
      Required ratio:    0.00 (Gate area) 
      Cumulative area ratio:  135.97
      Required ratio:    0.00 (Cumulative area) 
      Partial area ratio:  660.19
      Required ratio:  400.00 (Side area) (VIOLATED)
      Cumulative area ratio:  720.84
      Required ratio:    0.00 (Cumulative side area) 

    Layer: via3
      Partial area ratio:    0.04
      Required ratio:    6.00 (Gate area) 
      Cumulative area ratio:    0.38
      Required ratio:    0.00 (Cumulative area) 

    Layer: met4
      Partial area ratio:   15.10
      Required ratio:    0.00 (Gate area) 
      Cumulative area ratio:  151.08
      Required ratio:    0.00 (Cumulative area) 
      Partial area ratio:   80.74
      Required ratio: 2881.16 (Side area) 
      Cumulative area ratio:  801.58
      Required ratio:    0.00 (Cumulative side area) 


  Pin:   _3159_/B1 (sky130_fd_sc_hd__a211o_2)
    Layer: mcon
      Partial area ratio:    0.12
      Required ratio:    3.00 (Gate area) 
      Cumulative area ratio:    0.12
      Required ratio:    0.00 (Cumulative area) 

    Layer: met1
      Partial area ratio:    6.16
      Required ratio:    0.00 (Gate area) 
      Cumulative area ratio:    6.16
      Required ratio:    0.00 (Cumulative area) 
      Partial area ratio:   29.60
      Required ratio:  400.00 (Side area) 
      Cumulative area ratio:   29.60
      Required ratio:    0.00 (Cumulative side area) 

    Layer: via
      Partial area ratio:    0.27
      Required ratio:    6.00 (Gate area) 
      Cumulative area ratio:    0.39
      Required ratio:    0.00 (Cumulative area) 

    Layer: met2
      Partial area ratio:    4.64
      Required ratio:    0.00 (Gate area) 
      Cumulative area ratio:   10.80
      Required ratio:    0.00 (Cumulative area) 
      Partial area ratio:   22.75
      Required ratio: 2881.16 (Side area) 
      Cumulative area ratio:   52.35
      Required ratio:    0.00 (Cumulative side area) 

    Layer: via2
      Partial area ratio:    0.03
      Required ratio:   31.30 (Gate area) 
      Cumulative area ratio:    0.42
      Required ratio:    0.00 (Cumulative area) 

    Layer: met3
      Partial area ratio:   16.81
      Required ratio:    0.00 (Gate area) 
      Cumulative area ratio:   27.61
      Required ratio:    0.00 (Cumulative area) 
      Partial area ratio:   89.98
      Required ratio: 2881.16 (Side area) 
      Cumulative area ratio:  142.33
      Required ratio:    0.00 (Cumulative side area) 

    Layer: via3
      Partial area ratio:    0.03
      Required ratio:   31.30 (Gate area) 
      Cumulative area ratio:    0.45
      Required ratio:    0.00 (Cumulative area) 

    Layer: met4
      Partial area ratio:   15.10
      Required ratio:    0.00 (Gate area) 
      Cumulative area ratio:   42.71
      Required ratio:    0.00 (Cumulative area) 
      Partial area ratio:   80.74
      Required ratio: 2881.16 (Side area) 
      Cumulative area ratio:  223.06
      Required ratio:    0.00 (Cumulative side area) 


  Pin:   _3166_/C1 (sky130_fd_sc_hd__a211o_2)
    Layer: mcon
      Partial area ratio:    0.12
      Required ratio:    3.00 (Gate area) 
      Cumulative area ratio:    0.12
      Required ratio:    0.00 (Cumulative area) 

    Layer: met1
      Partial area ratio:    8.54
      Required ratio:    0.00 (Gate area) 
      Cumulative area ratio:    8.54
      Required ratio:    0.00 (Cumulative area) 
      Partial area ratio:   41.56
      Required ratio:  400.00 (Side area) 
      Cumulative area ratio:   41.56
      Required ratio:    0.00 (Cumulative side area) 

    Layer: via
      Partial area ratio:    0.27
      Required ratio:    6.00 (Gate area) 
      Cumulative area ratio:    0.39
      Required ratio:    0.00 (Cumulative area) 

    Layer: met2
      Partial area ratio:    4.64
      Required ratio:    0.00 (Gate area) 
      Cumulative area ratio:   13.18
      Required ratio:    0.00 (Cumulative area) 
      Partial area ratio:   22.75
      Required ratio: 2881.16 (Side area) 
      Cumulative area ratio:   64.31
      Required ratio:    0.00 (Cumulative side area) 

    Layer: via2
      Partial area ratio:    0.03
      Required ratio:   31.30 (Gate area) 
      Cumulative area ratio:    0.42
      Required ratio:    0.00 (Cumulative area) 

    Layer: met3
      Partial area ratio:   16.81
      Required ratio:    0.00 (Gate area) 
      Cumulative area ratio:   30.00
      Required ratio:    0.00 (Cumulative area) 
      Partial area ratio:   89.98
      Required ratio: 2881.16 (Side area) 
      Cumulative area ratio:  154.29
      Required ratio:    0.00 (Cumulative side area) 

    Layer: via3
      Partial area ratio:    0.03
      Required ratio:   31.30 (Gate area) 
      Cumulative area ratio:    0.45
      Required ratio:    0.00 (Cumulative area) 

    Layer: met4
      Partial area ratio:   15.10
      Required ratio:    0.00 (Gate area) 
      Cumulative area ratio:   45.10
      Required ratio:    0.00 (Cumulative area) 
      Partial area ratio:   80.74
      Required ratio: 2881.16 (Side area) 
      Cumulative area ratio:  235.03
      Required ratio:    0.00 (Cumulative side area) 


  Pin:   _3201_/C1 (sky130_fd_sc_hd__a221o_2)
    Layer: mcon
      Partial area ratio:    0.12
      Required ratio:    3.00 (Gate area) 
      Cumulative area ratio:    0.12
      Required ratio:    0.00 (Cumulative area) 

    Layer: met1
      Partial area ratio:    2.50
      Required ratio:    0.00 (Gate area) 
      Cumulative area ratio:    2.50
      Required ratio:    0.00 (Cumulative area) 
      Partial area ratio:   11.83
      Required ratio:  400.00 (Side area) 
      Cumulative area ratio:   11.83
      Required ratio:    0.00 (Cumulative side area) 

    Layer: via
      Partial area ratio:    0.14
      Required ratio:    6.00 (Gate area) 
      Cumulative area ratio:    0.25
      Required ratio:    0.00 (Cumulative area) 

    Layer: met2
      Partial area ratio:    4.64
      Required ratio:    0.00 (Gate area) 
      Cumulative area ratio:    7.14
      Required ratio:    0.00 (Cumulative area) 
      Partial area ratio:   22.75
      Required ratio: 2881.16 (Side area) 
      Cumulative area ratio:   34.58
      Required ratio:    0.00 (Cumulative side area) 

    Layer: via2
      Partial area ratio:    0.03
      Required ratio:   31.30 (Gate area) 
      Cumulative area ratio:    0.29
      Required ratio:    0.00 (Cumulative area) 

    Layer: met3
      Partial area ratio:   16.81
      Required ratio:    0.00 (Gate area) 
      Cumulative area ratio:   23.96
      Required ratio:    0.00 (Cumulative area) 
      Partial area ratio:   89.98
      Required ratio: 2881.16 (Side area) 
      Cumulative area ratio:  124.55
      Required ratio:    0.00 (Cumulative side area) 

    Layer: via3
      Partial area ratio:    0.03
      Required ratio:   31.30 (Gate area) 
      Cumulative area ratio:    0.31
      Required ratio:    0.00 (Cumulative area) 

    Layer: met4
      Partial area ratio:   15.10
      Required ratio:    0.00 (Gate area) 
      Cumulative area ratio:   39.06
      Required ratio:    0.00 (Cumulative area) 
      Partial area ratio:   80.74
      Required ratio: 2881.16 (Side area) 
      Cumulative area ratio:  205.29
      Required ratio:    0.00 (Cumulative side area) 


  Pin:   _3205_/B1 (sky130_fd_sc_hd__a211o_2)
    Layer: mcon
      Partial area ratio:    0.12
      Required ratio:    3.00 (Gate area) 
      Cumulative area ratio:    0.12
      Required ratio:    0.00 (Cumulative area) 

    Layer: met1
      Partial area ratio:    3.06
      Required ratio:    0.00 (Gate area) 
      Cumulative area ratio:    3.06
      Required ratio:    0.00 (Cumulative area) 
      Partial area ratio:   14.57
      Required ratio:  400.00 (Side area) 
      Cumulative area ratio:   14.57
      Required ratio:    0.00 (Cumulative side area) 

    Layer: via
      Partial area ratio:    0.18
      Required ratio:    6.00 (Gate area) 
      Cumulative area ratio:    0.30
      Required ratio:    0.00 (Cumulative area) 

    Layer: met2
      Partial area ratio:    0.75
      Required ratio:    0.00 (Gate area) 
      Cumulative area ratio:    3.82
      Required ratio:    0.00 (Cumulative area) 
      Partial area ratio:    3.48
      Required ratio:  400.00 (Side area) 
      Cumulative area ratio:   18.04
      Required ratio:    0.00 (Cumulative side area) 

    Layer: via2
      Partial area ratio:    0.16
      Required ratio:    6.00 (Gate area) 
      Cumulative area ratio:    0.46
      Required ratio:    0.00 (Cumulative area) 

    Layer: met3
      Partial area ratio:   16.81
      Required ratio:    0.00 (Gate area) 
      Cumulative area ratio:   20.63
      Required ratio:    0.00 (Cumulative area) 
      Partial area ratio:   89.98
      Required ratio: 2881.16 (Side area) 
      Cumulative area ratio:  108.02
      Required ratio:    0.00 (Cumulative side area) 

    Layer: via3
      Partial area ratio:    0.03
      Required ratio:   31.30 (Gate area) 
      Cumulative area ratio:    0.49
      Required ratio:    0.00 (Cumulative area) 

    Layer: met4
      Partial area ratio:   15.10
      Required ratio:    0.00 (Gate area) 
      Cumulative area ratio:   35.73
      Required ratio:    0.00 (Cumulative area) 
      Partial area ratio:   80.74
      Required ratio: 2881.16 (Side area) 
      Cumulative area ratio:  188.76
      Required ratio:    0.00 (Cumulative side area) 



Net: net396
  Pin:   _4757_/B2 (sky130_fd_sc_hd__a22o_2)
    Layer: mcon
      Partial area ratio:    0.12
      Required ratio:    3.00 (Gate area) 
      Cumulative area ratio:    0.12
      Required ratio:    0.00 (Cumulative area) 

    Layer: met1
      Partial area ratio:    0.85
      Required ratio:    0.00 (Gate area) 
      Cumulative area ratio:    0.85
      Required ratio:    0.00 (Cumulative area) 
      Partial area ratio:    3.71
      Required ratio:  400.00 (Side area) 
      Cumulative area ratio:    3.71
      Required ratio:    0.00 (Cumulative side area) 

    Layer: via
      Partial area ratio:    0.15
      Required ratio:    6.00 (Gate area) 
      Cumulative area ratio:    0.27
      Required ratio:    0.00 (Cumulative area) 

    Layer: met2
      Partial area ratio:   13.30
      Required ratio:    0.00 (Gate area) 
      Cumulative area ratio:   14.15
      Required ratio:    0.00 (Cumulative area) 
      Partial area ratio:   64.73
      Required ratio:  400.00 (Side area) 
      Cumulative area ratio:   68.44
      Required ratio:    0.00 (Cumulative side area) 

    Layer: via2
      Partial area ratio:    0.32
      Required ratio:    6.00 (Gate area) 
      Cumulative area ratio:    0.59
      Required ratio:    0.00 (Cumulative area) 

    Layer: met3
      Partial area ratio:   31.45
      Required ratio:    0.00 (Gate area) 
      Cumulative area ratio:   45.60
      Required ratio:    0.00 (Cumulative area) 
      Partial area ratio:  170.52
      Required ratio:  400.00 (Side area) 
      Cumulative area ratio:  238.97
      Required ratio:    0.00 (Cumulative side area) 

    Layer: via3
      Partial area ratio:    0.06
      Required ratio:    6.00 (Gate area) 
      Cumulative area ratio:    0.65
      Required ratio:    0.00 (Cumulative area) 

    Layer: met4
      Partial area ratio:   35.43
      Required ratio:    0.00 (Gate area) 
      Cumulative area ratio:   81.03
      Required ratio:    0.00 (Cumulative area) 
      Partial area ratio:  190.54
      Required ratio: 3134.60 (Side area) 
      Cumulative area ratio:  429.50
      Required ratio:    0.00 (Cumulative side area) 


  Pin:   fanout384/A (sky130_fd_sc_hd__clkdlybuf4s25_1)
    Layer: mcon
      Partial area ratio:    0.14
      Required ratio:    3.00 (Gate area) 
      Cumulative area ratio:    0.14
      Required ratio:    0.00 (Cumulative area) 

    Layer: met1
      Partial area ratio:    2.98
      Required ratio:    0.00 (Gate area) 
      Cumulative area ratio:    2.98
      Required ratio:    0.00 (Cumulative area) 
      Partial area ratio:   14.02
      Required ratio:  400.00 (Side area) 
      Cumulative area ratio:   14.02
      Required ratio:    0.00 (Cumulative side area) 

    Layer: via
      Partial area ratio:    0.21
      Required ratio:    6.00 (Gate area) 
      Cumulative area ratio:    0.35
      Required ratio:    0.00 (Cumulative area) 

    Layer: met2
      Partial area ratio:   42.52
      Required ratio:    0.00 (Gate area) 
      Cumulative area ratio:   45.50
      Required ratio:    0.00 (Cumulative area) 
      Partial area ratio:  210.97
      Required ratio:  400.00 (Side area) 
      Cumulative area ratio:  224.99
      Required ratio:    0.00 (Cumulative side area) 

    Layer: via2
      Partial area ratio:    0.38
      Required ratio:    6.00 (Gate area) 
      Cumulative area ratio:    0.72
      Required ratio:    0.00 (Cumulative area) 

    Layer: met3
      Partial area ratio:   31.45
      Required ratio:    0.00 (Gate area) 
      Cumulative area ratio:   76.95
      Required ratio:    0.00 (Cumulative area) 
      Partial area ratio:  170.52
      Required ratio:  400.00 (Side area) 
      Cumulative area ratio:  395.52
      Required ratio:    0.00 (Cumulative side area) 

    Layer: via3
      Partial area ratio:    0.06
      Required ratio:    6.00 (Gate area) 
      Cumulative area ratio:    0.78
      Required ratio:    0.00 (Cumulative area) 

    Layer: met4
      Partial area ratio:   35.43
      Required ratio:    0.00 (Gate area) 
      Cumulative area ratio:  112.38
      Required ratio:    0.00 (Cumulative area) 
      Partial area ratio:  190.54
      Required ratio: 3134.60 (Side area) 
      Cumulative area ratio:  586.05
      Required ratio:    0.00 (Cumulative side area) 


  Pin:   fanout386/A (sky130_fd_sc_hd__clkdlybuf4s25_1)
    Layer: mcon
      Partial area ratio:    0.14
      Required ratio:    3.00 (Gate area) 
      Cumulative area ratio:    0.14
      Required ratio:    0.00 (Cumulative area) 

    Layer: met1
      Partial area ratio:    3.51
      Required ratio:    0.00 (Gate area) 
      Cumulative area ratio:    3.51
      Required ratio:    0.00 (Cumulative area) 
      Partial area ratio:   16.67
      Required ratio:  400.00 (Side area) 
      Cumulative area ratio:   16.67
      Required ratio:    0.00 (Cumulative side area) 

    Layer: via
      Partial area ratio:    0.21
      Required ratio:    6.00 (Gate area) 
      Cumulative area ratio:    0.35
      Required ratio:    0.00 (Cumulative area) 

    Layer: met2
      Partial area ratio:    0.88
      Required ratio:    0.00 (Gate area) 
      Cumulative area ratio:    4.38
      Required ratio:    0.00 (Cumulative area) 
      Partial area ratio:    4.04
      Required ratio:  400.00 (Side area) 
      Cumulative area ratio:   20.71
      Required ratio:    0.00 (Cumulative side area) 

    Layer: via2
      Partial area ratio:    0.19
      Required ratio:    6.00 (Gate area) 
      Cumulative area ratio:    0.53
      Required ratio:    0.00 (Cumulative area) 

    Layer: met3
      Partial area ratio:   97.81
      Required ratio:    0.00 (Gate area) 
      Cumulative area ratio:  102.19
      Required ratio:    0.00 (Cumulative area) 
      Partial area ratio:  523.79
      Required ratio:  400.00 (Side area) (VIOLATED)
      Cumulative area ratio:  544.50
      Required ratio:    0.00 (Cumulative side area) 

    Layer: via3
      Partial area ratio:    0.38
      Required ratio:    6.00 (Gate area) 
      Cumulative area ratio:    0.91
      Required ratio:    0.00 (Cumulative area) 

    Layer: met4
      Partial area ratio:   35.43
      Required ratio:    0.00 (Gate area) 
      Cumulative area ratio:  137.62
      Required ratio:    0.00 (Cumulative area) 
      Partial area ratio:  190.54
      Required ratio: 3134.60 (Side area) 
      Cumulative area ratio:  735.04
      Required ratio:    0.00 (Cumulative side area) 


  Pin:   fanout394/A (sky130_fd_sc_hd__clkdlybuf4s25_1)
    Layer: mcon
      Partial area ratio:    0.14
      Required ratio:    3.00 (Gate area) 
      Cumulative area ratio:    0.14
      Required ratio:    0.00 (Cumulative area) 

    Layer: met1
      Partial area ratio:   26.74
      Required ratio:    0.00 (Gate area) 
      Cumulative area ratio:   26.74
      Required ratio:    0.00 (Cumulative area) 
      Partial area ratio:  132.83
      Required ratio:  400.00 (Side area) 
      Cumulative area ratio:  132.83
      Required ratio:    0.00 (Cumulative side area) 

    Layer: via
      Partial area ratio:    0.21
      Required ratio:    6.00 (Gate area) 
      Cumulative area ratio:    0.35
      Required ratio:    0.00 (Cumulative area) 

    Layer: met2
      Partial area ratio:    0.88
      Required ratio:    0.00 (Gate area) 
      Cumulative area ratio:   27.62
      Required ratio:    0.00 (Cumulative area) 
      Partial area ratio:    4.04
      Required ratio:  400.00 (Side area) 
      Cumulative area ratio:  136.87
      Required ratio:    0.00 (Cumulative side area) 

    Layer: via2
      Partial area ratio:    0.19
      Required ratio:    6.00 (Gate area) 
      Cumulative area ratio:    0.53
      Required ratio:    0.00 (Cumulative area) 

    Layer: met3
      Partial area ratio:   31.45
      Required ratio:    0.00 (Gate area) 
      Cumulative area ratio:   59.07
      Required ratio:    0.00 (Cumulative area) 
      Partial area ratio:  170.52
      Required ratio:  400.00 (Side area) 
      Cumulative area ratio:  307.40
      Required ratio:    0.00 (Cumulative side area) 

    Layer: via3
      Partial area ratio:    0.06
      Required ratio:    6.00 (Gate area) 
      Cumulative area ratio:    0.59
      Required ratio:    0.00 (Cumulative area) 

    Layer: met4
      Partial area ratio:   35.43
      Required ratio:    0.00 (Gate area) 
      Cumulative area ratio:   94.49
      Required ratio:    0.00 (Cumulative area) 
      Partial area ratio:  190.54
      Required ratio: 3134.60 (Side area) 
      Cumulative area ratio:  497.93
      Required ratio:    0.00 (Cumulative side area) 



Net: net440
  Pin:   _4933_/B1 (sky130_fd_sc_hd__a21oi_2)
    Layer: mcon
      Partial area ratio:    0.06
      Required ratio:    3.00 (Gate area) 
      Cumulative area ratio:    0.06
      Required ratio:    0.00 (Cumulative area) 

    Layer: met1
      Partial area ratio:    1.02
      Required ratio:    0.00 (Gate area) 
      Cumulative area ratio:    1.02
      Required ratio:    0.00 (Cumulative area) 
      Partial area ratio:    4.70
      Required ratio:  400.00 (Side area) 
      Cumulative area ratio:    4.70
      Required ratio:    0.00 (Cumulative side area) 

    Layer: via
      Partial area ratio:    0.09
      Required ratio:    6.00 (Gate area) 
      Cumulative area ratio:    0.15
      Required ratio:    0.00 (Cumulative area) 

    Layer: met2
      Partial area ratio:    2.40
      Required ratio:    0.00 (Gate area) 
      Cumulative area ratio:    3.42
      Required ratio:    0.00 (Cumulative area) 
      Partial area ratio:   11.63
      Required ratio:  400.00 (Side area) 
      Cumulative area ratio:   16.34
      Required ratio:    0.00 (Cumulative side area) 

    Layer: via2
      Partial area ratio:    0.08
      Required ratio:    6.00 (Gate area) 
      Cumulative area ratio:    0.23
      Required ratio:    0.00 (Cumulative area) 

    Layer: met3
      Partial area ratio:    2.96
      Required ratio:    0.00 (Gate area) 
      Cumulative area ratio:    6.37
      Required ratio:    0.00 (Cumulative area) 
      Partial area ratio:   16.41
      Required ratio:  400.00 (Side area) 
      Cumulative area ratio:   32.75
      Required ratio:    0.00 (Cumulative side area) 

    Layer: via3
      Partial area ratio:    0.05
      Required ratio:    6.00 (Gate area) 
      Cumulative area ratio:    0.28
      Required ratio:    0.00 (Cumulative area) 

    Layer: met4
      Partial area ratio:    6.72
      Required ratio:    0.00 (Gate area) 
      Cumulative area ratio:   13.10
      Required ratio:    0.00 (Cumulative area) 
      Partial area ratio:   36.16
      Required ratio: 2881.16 (Side area) 
      Cumulative area ratio:   68.90
      Required ratio:    0.00 (Cumulative side area) 


  Pin:   _5107_/A (sky130_fd_sc_hd__or2_2)
    Layer: mcon
      Partial area ratio:    0.23
      Required ratio:    3.00 (Gate area) 
      Cumulative area ratio:    0.23
      Required ratio:    0.00 (Cumulative area) 

    Layer: met1
      Partial area ratio:    6.77
      Required ratio:    0.00 (Gate area) 
      Cumulative area ratio:    6.77
      Required ratio:    0.00 (Cumulative area) 
      Partial area ratio:   32.61
      Required ratio:  400.00 (Side area) 
      Cumulative area ratio:   32.61
      Required ratio:    0.00 (Cumulative side area) 

    Layer: via
      Partial area ratio:    0.24
      Required ratio:    6.00 (Gate area) 
      Cumulative area ratio:    0.47
      Required ratio:    0.00 (Cumulative area) 

    Layer: met2
      Partial area ratio:    7.91
      Required ratio:    0.00 (Gate area) 
      Cumulative area ratio:   14.68
      Required ratio:    0.00 (Cumulative area) 
      Partial area ratio:   38.68
      Required ratio:  400.00 (Side area) 
      Cumulative area ratio:   71.29
      Required ratio:    0.00 (Cumulative side area) 

    Layer: via2
      Partial area ratio:    0.28
      Required ratio:    6.00 (Gate area) 
      Cumulative area ratio:    0.75
      Required ratio:    0.00 (Cumulative area) 

    Layer: met3
      Partial area ratio:   76.00
      Required ratio:    0.00 (Gate area) 
      Cumulative area ratio:   90.68
      Required ratio:    0.00 (Cumulative area) 
      Partial area ratio:  406.77
      Required ratio:  400.00 (Side area) (VIOLATED)
      Cumulative area ratio:  478.06
      Required ratio:    0.00 (Cumulative side area) 

    Layer: via3
      Partial area ratio:    0.06
      Required ratio:    6.00 (Gate area) 
      Cumulative area ratio:    0.81
      Required ratio:    0.00 (Cumulative area) 

    Layer: met4
      Partial area ratio:    6.72
      Required ratio:    0.00 (Gate area) 
      Cumulative area ratio:   97.41
      Required ratio:    0.00 (Cumulative area) 
      Partial area ratio:   36.16
      Required ratio: 2881.16 (Side area) 
      Cumulative area ratio:  514.22
      Required ratio:    0.00 (Cumulative side area) 


  Pin:   _5108_/B1 (sky130_fd_sc_hd__a2bb2o_2)
    Layer: mcon
      Partial area ratio:    0.18
      Required ratio:    3.00 (Gate area) 
      Cumulative area ratio:    0.18
      Required ratio:    0.00 (Cumulative area) 

    Layer: met1
      Partial area ratio:    6.77
      Required ratio:    0.00 (Gate area) 
      Cumulative area ratio:    6.77
      Required ratio:    0.00 (Cumulative area) 
      Partial area ratio:   32.61
      Required ratio:  400.00 (Side area) 
      Cumulative area ratio:   32.61
      Required ratio:    0.00 (Cumulative side area) 

    Layer: via
      Partial area ratio:    0.24
      Required ratio:    6.00 (Gate area) 
      Cumulative area ratio:    0.42
      Required ratio:    0.00 (Cumulative area) 

    Layer: met2
      Partial area ratio:    7.91
      Required ratio:    0.00 (Gate area) 
      Cumulative area ratio:   14.68
      Required ratio:    0.00 (Cumulative area) 
      Partial area ratio:   38.68
      Required ratio:  400.00 (Side area) 
      Cumulative area ratio:   71.29
      Required ratio:    0.00 (Cumulative side area) 

    Layer: via2
      Partial area ratio:    0.28
      Required ratio:    6.00 (Gate area) 
      Cumulative area ratio:    0.70
      Required ratio:    0.00 (Cumulative area) 

    Layer: met3
      Partial area ratio:   76.00
      Required ratio:    0.00 (Gate area) 
      Cumulative area ratio:   90.68
      Required ratio:    0.00 (Cumulative area) 
      Partial area ratio:  406.77
      Required ratio:  400.00 (Side area) (VIOLATED)
      Cumulative area ratio:  478.06
      Required ratio:    0.00 (Cumulative side area) 

    Layer: via3
      Partial area ratio:    0.06
      Required ratio:    6.00 (Gate area) 
      Cumulative area ratio:    0.76
      Required ratio:    0.00 (Cumulative area) 

    Layer: met4
      Partial area ratio:    6.72
      Required ratio:    0.00 (Gate area) 
      Cumulative area ratio:   97.41
      Required ratio:    0.00 (Cumulative area) 
      Partial area ratio:   36.16
      Required ratio: 2881.16 (Side area) 
      Cumulative area ratio:  514.22
      Required ratio:    0.00 (Cumulative side area) 


  Pin:   _5116_/B1 (sky130_fd_sc_hd__a2bb2o_2)
    Layer: mcon
      Partial area ratio:    0.18
      Required ratio:    3.00 (Gate area) 
      Cumulative area ratio:    0.18
      Required ratio:    0.00 (Cumulative area) 

    Layer: met1
      Partial area ratio:    3.64
      Required ratio:    0.00 (Gate area) 
      Cumulative area ratio:    3.64
      Required ratio:    0.00 (Cumulative area) 
      Partial area ratio:   17.54
      Required ratio:  400.00 (Side area) 
      Cumulative area ratio:   17.54
      Required ratio:    0.00 (Cumulative side area) 

    Layer: via
      Partial area ratio:    0.19
      Required ratio:    6.00 (Gate area) 
      Cumulative area ratio:    0.37
      Required ratio:    0.00 (Cumulative area) 

    Layer: met2
      Partial area ratio:    0.73
      Required ratio:    0.00 (Gate area) 
      Cumulative area ratio:    4.38
      Required ratio:    0.00 (Cumulative area) 
      Partial area ratio:    3.04
      Required ratio:  400.00 (Side area) 
      Cumulative area ratio:   20.58
      Required ratio:    0.00 (Cumulative side area) 

    Layer: via2
      Partial area ratio:    0.25
      Required ratio:    6.00 (Gate area) 
      Cumulative area ratio:    0.62
      Required ratio:    0.00 (Cumulative area) 

    Layer: met3
      Partial area ratio:   76.00
      Required ratio:    0.00 (Gate area) 
      Cumulative area ratio:   80.38
      Required ratio:    0.00 (Cumulative area) 
      Partial area ratio:  406.77
      Required ratio:  400.00 (Side area) (VIOLATED)
      Cumulative area ratio:  427.35
      Required ratio:    0.00 (Cumulative side area) 

    Layer: via3
      Partial area ratio:    0.06
      Required ratio:    6.00 (Gate area) 
      Cumulative area ratio:    0.68
      Required ratio:    0.00 (Cumulative area) 

    Layer: met4
      Partial area ratio:    6.72
      Required ratio:    0.00 (Gate area) 
      Cumulative area ratio:   87.10
      Required ratio:    0.00 (Cumulative area) 
      Partial area ratio:   36.16
      Required ratio: 2881.16 (Side area) 
      Cumulative area ratio:  463.51
      Required ratio:    0.00 (Cumulative side area) 


  Pin:   _5132_/B1 (sky130_fd_sc_hd__a2bb2o_2)
    Layer: mcon
      Partial area ratio:    0.18
      Required ratio:    3.00 (Gate area) 
      Cumulative area ratio:    0.18
      Required ratio:    0.00 (Cumulative area) 

    Layer: met1
      Partial area ratio:   11.71
      Required ratio:    0.00 (Gate area) 
      Cumulative area ratio:   11.71
      Required ratio:    0.00 (Cumulative area) 
      Partial area ratio:   56.73
      Required ratio: 2881.16 (Side area) 
      Cumulative area ratio:   56.73
      Required ratio:    0.00 (Cumulative side area) 

    Layer: via
      Partial area ratio:    0.42
      Required ratio:   31.30 (Gate area) 
      Cumulative area ratio:    0.61
      Required ratio:    0.00 (Cumulative area) 

    Layer: met2
      Partial area ratio:   32.29
      Required ratio:    0.00 (Gate area) 
      Cumulative area ratio:   44.01
      Required ratio:    0.00 (Cumulative area) 
      Partial area ratio:  160.27
      Required ratio: 2881.16 (Side area) 
      Cumulative area ratio:  217.00
      Required ratio:    0.00 (Cumulative side area) 

    Layer: via2
      Partial area ratio:    0.25
      Required ratio:   31.30 (Gate area) 
      Cumulative area ratio:    0.86
      Required ratio:    0.00 (Cumulative area) 

    Layer: met3
      Partial area ratio:   52.86
      Required ratio:    0.00 (Gate area) 
      Cumulative area ratio:   96.86
      Required ratio:    0.00 (Cumulative area) 
      Partial area ratio:  284.83
      Required ratio: 2881.16 (Side area) 
      Cumulative area ratio:  501.83
      Required ratio:    0.00 (Cumulative side area) 

    Layer: via3
      Partial area ratio:    0.25
      Required ratio:   31.30 (Gate area) 
      Cumulative area ratio:    1.11
      Required ratio:    0.00 (Cumulative area) 

    Layer: met4
      Partial area ratio:    6.72
      Required ratio:    0.00 (Gate area) 
      Cumulative area ratio:  103.59
      Required ratio:    0.00 (Cumulative area) 
      Partial area ratio:   36.16
      Required ratio: 2881.16 (Side area) 
      Cumulative area ratio:  537.99
      Required ratio:    0.00 (Cumulative side area) 


  Pin:   fanout438/A (sky130_fd_sc_hd__clkdlybuf4s25_1)
    Layer: mcon
      Partial area ratio:    0.14
      Required ratio:    3.00 (Gate area) 
      Cumulative area ratio:    0.14
      Required ratio:    0.00 (Cumulative area) 

    Layer: met1
      Partial area ratio:    1.48
      Required ratio:    0.00 (Gate area) 
      Cumulative area ratio:    1.48
      Required ratio:    0.00 (Cumulative area) 
      Partial area ratio:    6.53
      Required ratio:  400.00 (Side area) 
      Cumulative area ratio:    6.53
      Required ratio:    0.00 (Cumulative side area) 

    Layer: via
      Partial area ratio:    0.21
      Required ratio:    6.00 (Gate area) 
      Cumulative area ratio:    0.35
      Required ratio:    0.00 (Cumulative area) 

    Layer: met2
      Partial area ratio:    5.58
      Required ratio:    0.00 (Gate area) 
      Cumulative area ratio:    7.06
      Required ratio:    0.00 (Cumulative area) 
      Partial area ratio:   27.03
      Required ratio:  400.00 (Side area) 
      Cumulative area ratio:   33.56
      Required ratio:    0.00 (Cumulative side area) 

    Layer: via2
      Partial area ratio:    0.19
      Required ratio:    6.00 (Gate area) 
      Cumulative area ratio:    0.53
      Required ratio:    0.00 (Cumulative area) 

    Layer: met3
      Partial area ratio:   76.00
      Required ratio:    0.00 (Gate area) 
      Cumulative area ratio:   83.06
      Required ratio:    0.00 (Cumulative area) 
      Partial area ratio:  406.77
      Required ratio:  400.00 (Side area) (VIOLATED)
      Cumulative area ratio:  440.33
      Required ratio:    0.00 (Cumulative side area) 

    Layer: via3
      Partial area ratio:    0.06
      Required ratio:    6.00 (Gate area) 
      Cumulative area ratio:    0.60
      Required ratio:    0.00 (Cumulative area) 

    Layer: met4
      Partial area ratio:    6.72
      Required ratio:    0.00 (Gate area) 
      Cumulative area ratio:   89.78
      Required ratio:    0.00 (Cumulative area) 
      Partial area ratio:   36.16
      Required ratio: 2881.16 (Side area) 
      Cumulative area ratio:  476.49
      Required ratio:    0.00 (Cumulative side area) 


  Pin:   load_slew441/A (sky130_fd_sc_hd__buf_4)
    Layer: mcon
      Partial area ratio:    0.12
      Required ratio:    3.00 (Gate area) 
      Cumulative area ratio:    0.12
      Required ratio:    0.00 (Cumulative area) 

    Layer: met1
      Partial area ratio:    2.79
      Required ratio:    0.00 (Gate area) 
      Cumulative area ratio:    2.79
      Required ratio:    0.00 (Cumulative area) 
      Partial area ratio:   13.21
      Required ratio:  400.00 (Side area) 
      Cumulative area ratio:   13.21
      Required ratio:    0.00 (Cumulative side area) 

    Layer: via
      Partial area ratio:    0.18
      Required ratio:    6.00 (Gate area) 
      Cumulative area ratio:    0.30
      Required ratio:    0.00 (Cumulative area) 

    Layer: met2
      Partial area ratio:    0.75
      Required ratio:    0.00 (Gate area) 
      Cumulative area ratio:    3.55
      Required ratio:    0.00 (Cumulative area) 
      Partial area ratio:    3.48
      Required ratio:  400.00 (Side area) 
      Cumulative area ratio:   16.69
      Required ratio:    0.00 (Cumulative side area) 

    Layer: via2
      Partial area ratio:    0.16
      Required ratio:    6.00 (Gate area) 
      Cumulative area ratio:    0.46
      Required ratio:    0.00 (Cumulative area) 

    Layer: met3
      Partial area ratio:    2.96
      Required ratio:    0.00 (Gate area) 
      Cumulative area ratio:    6.51
      Required ratio:    0.00 (Cumulative area) 
      Partial area ratio:   16.41
      Required ratio:  400.00 (Side area) 
      Cumulative area ratio:   33.10
      Required ratio:    0.00 (Cumulative side area) 

    Layer: via3
      Partial area ratio:    0.05
      Required ratio:    6.00 (Gate area) 
      Cumulative area ratio:    0.51
      Required ratio:    0.00 (Cumulative area) 

    Layer: met4
      Partial area ratio:    6.72
      Required ratio:    0.00 (Gate area) 
      Cumulative area ratio:   13.23
      Required ratio:    0.00 (Cumulative area) 
      Partial area ratio:   36.16
      Required ratio: 2881.16 (Side area) 
      Cumulative area ratio:   69.25
      Required ratio:    0.00 (Cumulative side area) 



Net: net443
  Pin:   _5091_/A (sky130_fd_sc_hd__or2_2)
    Layer: mcon
      Partial area ratio:    0.23
      Required ratio:    3.00 (Gate area) 
      Cumulative area ratio:    0.23
      Required ratio:    0.00 (Cumulative area) 

    Layer: met1
      Partial area ratio:    5.58
      Required ratio:    0.00 (Gate area) 
      Cumulative area ratio:    5.58
      Required ratio:    0.00 (Cumulative area) 
      Partial area ratio:   26.61
      Required ratio:  400.00 (Side area) 
      Cumulative area ratio:   26.61
      Required ratio:    0.00 (Cumulative side area) 

    Layer: via
      Partial area ratio:    0.24
      Required ratio:    6.00 (Gate area) 
      Cumulative area ratio:    0.47
      Required ratio:    0.00 (Cumulative area) 

    Layer: met2
      Partial area ratio:    0.95
      Required ratio:    0.00 (Gate area) 
      Cumulative area ratio:    6.52
      Required ratio:    0.00 (Cumulative area) 
      Partial area ratio:    4.45
      Required ratio:  400.00 (Side area) 
      Cumulative area ratio:   31.06
      Required ratio:    0.00 (Cumulative side area) 

    Layer: via2
      Partial area ratio:    0.14
      Required ratio:    6.00 (Gate area) 
      Cumulative area ratio:    0.61
      Required ratio:    0.00 (Cumulative area) 

    Layer: met3
      Partial area ratio:   40.62
      Required ratio:    0.00 (Gate area) 
      Cumulative area ratio:   47.14
      Required ratio:    0.00 (Cumulative area) 
      Partial area ratio:  217.75
      Required ratio:  400.00 (Side area) 
      Cumulative area ratio:  248.81
      Required ratio:    0.00 (Cumulative side area) 

    Layer: via3
      Partial area ratio:    0.10
      Required ratio:    6.00 (Gate area) 
      Cumulative area ratio:    0.70
      Required ratio:    0.00 (Cumulative area) 

    Layer: met4
      Partial area ratio:   64.11
      Required ratio:    0.00 (Gate area) 
      Cumulative area ratio:  111.25
      Required ratio:    0.00 (Cumulative area) 
      Partial area ratio:  344.45
      Required ratio: 2956.40 (Side area) 
      Cumulative area ratio:  593.26
      Required ratio:    0.00 (Cumulative side area) 


  Pin:   _5092_/B1 (sky130_fd_sc_hd__a2bb2o_2)
    Layer: mcon
      Partial area ratio:    0.18
      Required ratio:    3.00 (Gate area) 
      Cumulative area ratio:    0.18
      Required ratio:    0.00 (Cumulative area) 

    Layer: met1
      Partial area ratio:    5.58
      Required ratio:    0.00 (Gate area) 
      Cumulative area ratio:    5.58
      Required ratio:    0.00 (Cumulative area) 
      Partial area ratio:   26.61
      Required ratio:  400.00 (Side area) 
      Cumulative area ratio:   26.61
      Required ratio:    0.00 (Cumulative side area) 

    Layer: via
      Partial area ratio:    0.24
      Required ratio:    6.00 (Gate area) 
      Cumulative area ratio:    0.42
      Required ratio:    0.00 (Cumulative area) 

    Layer: met2
      Partial area ratio:    0.95
      Required ratio:    0.00 (Gate area) 
      Cumulative area ratio:    6.52
      Required ratio:    0.00 (Cumulative area) 
      Partial area ratio:    4.45
      Required ratio:  400.00 (Side area) 
      Cumulative area ratio:   31.06
      Required ratio:    0.00 (Cumulative side area) 

    Layer: via2
      Partial area ratio:    0.14
      Required ratio:    6.00 (Gate area) 
      Cumulative area ratio:    0.56
      Required ratio:    0.00 (Cumulative area) 

    Layer: met3
      Partial area ratio:   40.62
      Required ratio:    0.00 (Gate area) 
      Cumulative area ratio:   47.14
      Required ratio:    0.00 (Cumulative area) 
      Partial area ratio:  217.75
      Required ratio:  400.00 (Side area) 
      Cumulative area ratio:  248.81
      Required ratio:    0.00 (Cumulative side area) 

    Layer: via3
      Partial area ratio:    0.10
      Required ratio:    6.00 (Gate area) 
      Cumulative area ratio:    0.66
      Required ratio:    0.00 (Cumulative area) 

    Layer: met4
      Partial area ratio:   64.11
      Required ratio:    0.00 (Gate area) 
      Cumulative area ratio:  111.25
      Required ratio:    0.00 (Cumulative area) 
      Partial area ratio:  344.45
      Required ratio: 2956.40 (Side area) 
      Cumulative area ratio:  593.26
      Required ratio:    0.00 (Cumulative side area) 


  Pin:   _5115_/A (sky130_fd_sc_hd__or2_2)
    Layer: mcon
      Partial area ratio:    0.23
      Required ratio:    3.00 (Gate area) 
      Cumulative area ratio:    0.23
      Required ratio:    0.00 (Cumulative area) 

    Layer: met1
      Partial area ratio:    6.43
      Required ratio:    0.00 (Gate area) 
      Cumulative area ratio:    6.43
      Required ratio:    0.00 (Cumulative area) 
      Partial area ratio:   30.67
      Required ratio:  400.00 (Side area) 
      Cumulative area ratio:   30.67
      Required ratio:    0.00 (Cumulative side area) 

    Layer: via
      Partial area ratio:    0.36
      Required ratio:    6.00 (Gate area) 
      Cumulative area ratio:    0.59
      Required ratio:    0.00 (Cumulative area) 

    Layer: met2
      Partial area ratio:    1.48
      Required ratio:    0.00 (Gate area) 
      Cumulative area ratio:    7.91
      Required ratio:    0.00 (Cumulative area) 
      Partial area ratio:    6.83
      Required ratio:  400.00 (Side area) 
      Cumulative area ratio:   37.50
      Required ratio:    0.00 (Cumulative side area) 

    Layer: via2
      Partial area ratio:    0.32
      Required ratio:    6.00 (Gate area) 
      Cumulative area ratio:    0.90
      Required ratio:    0.00 (Cumulative area) 

    Layer: met3
      Partial area ratio:   40.62
      Required ratio:    0.00 (Gate area) 
      Cumulative area ratio:   48.53
      Required ratio:    0.00 (Cumulative area) 
      Partial area ratio:  217.75
      Required ratio:  400.00 (Side area) 
      Cumulative area ratio:  255.25
      Required ratio:    0.00 (Cumulative side area) 

    Layer: via3
      Partial area ratio:    0.10
      Required ratio:    6.00 (Gate area) 
      Cumulative area ratio:    1.00
      Required ratio:    0.00 (Cumulative area) 

    Layer: met4
      Partial area ratio:   64.11
      Required ratio:    0.00 (Gate area) 
      Cumulative area ratio:  112.64
      Required ratio:    0.00 (Cumulative area) 
      Partial area ratio:  344.45
      Required ratio: 2956.40 (Side area) 
      Cumulative area ratio:  599.70
      Required ratio:    0.00 (Cumulative side area) 


  Pin:   _5502_/C (sky130_fd_sc_hd__and4bb_2)
    Layer: mcon
      Partial area ratio:    0.23
      Required ratio:    3.00 (Gate area) 
      Cumulative area ratio:    0.23
      Required ratio:    0.00 (Cumulative area) 

    Layer: met1
      Partial area ratio:    5.30
      Required ratio:    0.00 (Gate area) 
      Cumulative area ratio:    5.30
      Required ratio:    0.00 (Cumulative area) 
      Partial area ratio:   25.03
      Required ratio:  400.00 (Side area) 
      Cumulative area ratio:   25.03
      Required ratio:    0.00 (Cumulative side area) 

    Layer: via
      Partial area ratio:    0.36
      Required ratio:    6.00 (Gate area) 
      Cumulative area ratio:    0.59
      Required ratio:    0.00 (Cumulative area) 

    Layer: met2
      Partial area ratio:    1.48
      Required ratio:    0.00 (Gate area) 
      Cumulative area ratio:    6.78
      Required ratio:    0.00 (Cumulative area) 
      Partial area ratio:    6.83
      Required ratio:  400.00 (Side area) 
      Cumulative area ratio:   31.86
      Required ratio:    0.00 (Cumulative side area) 

    Layer: via2
      Partial area ratio:    0.32
      Required ratio:    6.00 (Gate area) 
      Cumulative area ratio:    0.90
      Required ratio:    0.00 (Cumulative area) 

    Layer: met3
      Partial area ratio:   33.91
      Required ratio:    0.00 (Gate area) 
      Cumulative area ratio:   40.69
      Required ratio:    0.00 (Cumulative area) 
      Partial area ratio:  184.51
      Required ratio:  400.00 (Side area) 
      Cumulative area ratio:  216.37
      Required ratio:    0.00 (Cumulative side area) 

    Layer: via3
      Partial area ratio:    0.63
      Required ratio:    6.00 (Gate area) 
      Cumulative area ratio:    1.54
      Required ratio:    0.00 (Cumulative area) 

    Layer: met4
      Partial area ratio:   64.11
      Required ratio:    0.00 (Gate area) 
      Cumulative area ratio:  104.80
      Required ratio:    0.00 (Cumulative area) 
      Partial area ratio:  344.45
      Required ratio: 2956.40 (Side area) 
      Cumulative area ratio:  560.82
      Required ratio:    0.00 (Cumulative side area) 


  Pin:   fanout440/A (sky130_fd_sc_hd__clkdlybuf4s25_1)
    Layer: mcon
      Partial area ratio:    0.14
      Required ratio:    3.00 (Gate area) 
      Cumulative area ratio:    0.14
      Required ratio:    0.00 (Cumulative area) 

    Layer: met1
      Partial area ratio:    2.89
      Required ratio:    0.00 (Gate area) 
      Cumulative area ratio:    2.89
      Required ratio:    0.00 (Cumulative area) 
      Partial area ratio:   13.27
      Required ratio:  400.00 (Side area) 
      Cumulative area ratio:   13.27
      Required ratio:    0.00 (Cumulative side area) 

    Layer: via
      Partial area ratio:    0.21
      Required ratio:    6.00 (Gate area) 
      Cumulative area ratio:    0.35
      Required ratio:    0.00 (Cumulative area) 

    Layer: met2
      Partial area ratio:    0.88
      Required ratio:    0.00 (Gate area) 
      Cumulative area ratio:    3.76
      Required ratio:    0.00 (Cumulative area) 
      Partial area ratio:    4.04
      Required ratio:  400.00 (Side area) 
      Cumulative area ratio:   17.31
      Required ratio:    0.00 (Cumulative side area) 

    Layer: via2
      Partial area ratio:    0.19
      Required ratio:    6.00 (Gate area) 
      Cumulative area ratio:    0.53
      Required ratio:    0.00 (Cumulative area) 

    Layer: met3
      Partial area ratio:   97.84
      Required ratio:    0.00 (Gate area) 
      Cumulative area ratio:  101.60
      Required ratio:    0.00 (Cumulative area) 
      Partial area ratio:  523.94
      Required ratio:  400.00 (Side area) (VIOLATED)
      Cumulative area ratio:  541.25
      Required ratio:    0.00 (Cumulative side area) 

    Layer: via3
      Partial area ratio:    0.38
      Required ratio:    6.00 (Gate area) 
      Cumulative area ratio:    0.91
      Required ratio:    0.00 (Cumulative area) 

    Layer: met4
      Partial area ratio:   64.11
      Required ratio:    0.00 (Gate area) 
      Cumulative area ratio:  165.71
      Required ratio:    0.00 (Cumulative area) 
      Partial area ratio:  344.45
      Required ratio: 2956.40 (Side area) 
      Cumulative area ratio:  885.70
      Required ratio:    0.00 (Cumulative side area) 



Net: net494
  Pin:   _5580_/A1 (sky130_fd_sc_hd__a32o_2)
    Layer: mcon
      Partial area ratio:    0.12
      Required ratio:    3.00 (Gate area) 
      Cumulative area ratio:    0.12
      Required ratio:    0.00 (Cumulative area) 

    Layer: met1
      Partial area ratio:    2.16
      Required ratio:    0.00 (Gate area) 
      Cumulative area ratio:    2.16
      Required ratio:    0.00 (Cumulative area) 
      Partial area ratio:   10.05
      Required ratio:  400.00 (Side area) 
      Cumulative area ratio:   10.05
      Required ratio:    0.00 (Cumulative side area) 

    Layer: via
      Partial area ratio:    0.18
      Required ratio:    6.00 (Gate area) 
      Cumulative area ratio:    0.30
      Required ratio:    0.00 (Cumulative area) 

    Layer: met2
      Partial area ratio:    4.80
      Required ratio:    0.00 (Gate area) 
      Cumulative area ratio:    6.96
      Required ratio:    0.00 (Cumulative area) 
      Partial area ratio:   23.26
      Required ratio:  400.00 (Side area) 
      Cumulative area ratio:   33.31
      Required ratio:    0.00 (Cumulative side area) 

    Layer: via2
      Partial area ratio:    0.16
      Required ratio:    6.00 (Gate area) 
      Cumulative area ratio:    0.46
      Required ratio:    0.00 (Cumulative area) 

    Layer: met3
      Partial area ratio:   14.49
      Required ratio:    0.00 (Gate area) 
      Cumulative area ratio:   21.45
      Required ratio:    0.00 (Cumulative area) 
      Partial area ratio:   78.49
      Required ratio: 2881.16 (Side area) 
      Cumulative area ratio:  111.80
      Required ratio:    0.00 (Cumulative side area) 

    Layer: via3
      Partial area ratio:    0.03
      Required ratio:   31.30 (Gate area) 
      Cumulative area ratio:    0.49
      Required ratio:    0.00 (Cumulative area) 

    Layer: met4
      Partial area ratio:   23.71
      Required ratio:    0.00 (Gate area) 
      Cumulative area ratio:   45.16
      Required ratio:    0.00 (Cumulative area) 
      Partial area ratio:  126.76
      Required ratio: 2881.16 (Side area) 
      Cumulative area ratio:  238.55
      Required ratio:    0.00 (Cumulative side area) 


  Pin:   _5581_/A (sky130_fd_sc_hd__nand2_2)
    Layer: mcon
      Partial area ratio:    0.06
      Required ratio:    3.00 (Gate area) 
      Cumulative area ratio:    0.06
      Required ratio:    0.00 (Cumulative area) 

    Layer: met1
      Partial area ratio:    0.89
      Required ratio:    0.00 (Gate area) 
      Cumulative area ratio:    0.89
      Required ratio:    0.00 (Cumulative area) 
      Partial area ratio:    4.05
      Required ratio:  400.00 (Side area) 
      Cumulative area ratio:    4.05
      Required ratio:    0.00 (Cumulative side area) 

    Layer: via
      Partial area ratio:    0.09
      Required ratio:    6.00 (Gate area) 
      Cumulative area ratio:    0.15
      Required ratio:    0.00 (Cumulative area) 

    Layer: met2
      Partial area ratio:    2.61
      Required ratio:    0.00 (Gate area) 
      Cumulative area ratio:    3.49
      Required ratio:    0.00 (Cumulative area) 
      Partial area ratio:   12.55
      Required ratio:  400.00 (Side area) 
      Cumulative area ratio:   16.60
      Required ratio:    0.00 (Cumulative side area) 

    Layer: via2
      Partial area ratio:    0.16
      Required ratio:    6.00 (Gate area) 
      Cumulative area ratio:    0.31
      Required ratio:    0.00 (Cumulative area) 

    Layer: met3
      Partial area ratio:   14.49
      Required ratio:    0.00 (Gate area) 
      Cumulative area ratio:   17.98
      Required ratio:    0.00 (Cumulative area) 
      Partial area ratio:   78.49
      Required ratio: 2881.16 (Side area) 
      Cumulative area ratio:   95.09
      Required ratio:    0.00 (Cumulative side area) 

    Layer: via3
      Partial area ratio:    0.03
      Required ratio:   31.30 (Gate area) 
      Cumulative area ratio:    0.35
      Required ratio:    0.00 (Cumulative area) 

    Layer: met4
      Partial area ratio:   23.71
      Required ratio:    0.00 (Gate area) 
      Cumulative area ratio:   41.70
      Required ratio:    0.00 (Cumulative area) 
      Partial area ratio:  126.76
      Required ratio: 2881.16 (Side area) 
      Cumulative area ratio:  221.85
      Required ratio:    0.00 (Cumulative side area) 


  Pin:   _5605_/A1 (sky130_fd_sc_hd__a32o_2)
    Layer: mcon
      Partial area ratio:    0.12
      Required ratio:    3.00 (Gate area) 
      Cumulative area ratio:    0.12
      Required ratio:    0.00 (Cumulative area) 

    Layer: met1
      Partial area ratio:    2.77
      Required ratio:    0.00 (Gate area) 
      Cumulative area ratio:    2.77
      Required ratio:    0.00 (Cumulative area) 
      Partial area ratio:   13.11
      Required ratio:  400.00 (Side area) 
      Cumulative area ratio:   13.11
      Required ratio:    0.00 (Cumulative side area) 

    Layer: via
      Partial area ratio:    0.18
      Required ratio:    6.00 (Gate area) 
      Cumulative area ratio:    0.30
      Required ratio:    0.00 (Cumulative area) 

    Layer: met2
      Partial area ratio:    0.75
      Required ratio:    0.00 (Gate area) 
      Cumulative area ratio:    3.53
      Required ratio:    0.00 (Cumulative area) 
      Partial area ratio:    3.48
      Required ratio:  400.00 (Side area) 
      Cumulative area ratio:   16.59
      Required ratio:    0.00 (Cumulative side area) 

    Layer: via2
      Partial area ratio:    0.16
      Required ratio:    6.00 (Gate area) 
      Cumulative area ratio:    0.46
      Required ratio:    0.00 (Cumulative area) 

    Layer: met3
      Partial area ratio:  150.80
      Required ratio:    0.00 (Gate area) 
      Cumulative area ratio:  154.33
      Required ratio:    0.00 (Cumulative area) 
      Partial area ratio:  805.22
      Required ratio:  400.00 (Side area) (VIOLATED)
      Cumulative area ratio:  821.81
      Required ratio:    0.00 (Cumulative side area) 

    Layer: via3
      Partial area ratio:    0.08
      Required ratio:    6.00 (Gate area) 
      Cumulative area ratio:    0.54
      Required ratio:    0.00 (Cumulative area) 

    Layer: met4
      Partial area ratio:   23.71
      Required ratio:    0.00 (Gate area) 
      Cumulative area ratio:  178.04
      Required ratio:    0.00 (Cumulative area) 
      Partial area ratio:  126.76
      Required ratio: 2881.16 (Side area) 
      Cumulative area ratio:  948.57
      Required ratio:    0.00 (Cumulative side area) 


  Pin:   _5609_/A1 (sky130_fd_sc_hd__a32o_2)
    Layer: mcon
      Partial area ratio:    0.12
      Required ratio:    3.00 (Gate area) 
      Cumulative area ratio:    0.12
      Required ratio:    0.00 (Cumulative area) 

    Layer: met1
      Partial area ratio:   26.61
      Required ratio:    0.00 (Gate area) 
      Cumulative area ratio:   26.61
      Required ratio:    0.00 (Cumulative area) 
      Partial area ratio:  132.30
      Required ratio:  400.00 (Side area) 
      Cumulative area ratio:  132.30
      Required ratio:    0.00 (Cumulative side area) 

    Layer: via
      Partial area ratio:    0.18
      Required ratio:    6.00 (Gate area) 
      Cumulative area ratio:    0.30
      Required ratio:    0.00 (Cumulative area) 

    Layer: met2
      Partial area ratio:    4.80
      Required ratio:    0.00 (Gate area) 
      Cumulative area ratio:   31.41
      Required ratio:    0.00 (Cumulative area) 
      Partial area ratio:   23.26
      Required ratio:  400.00 (Side area) 
      Cumulative area ratio:  155.56
      Required ratio:    0.00 (Cumulative side area) 

    Layer: via2
      Partial area ratio:    0.16
      Required ratio:    6.00 (Gate area) 
      Cumulative area ratio:    0.46
      Required ratio:    0.00 (Cumulative area) 

    Layer: met3
      Partial area ratio:  150.80
      Required ratio:    0.00 (Gate area) 
      Cumulative area ratio:  182.21
      Required ratio:    0.00 (Cumulative area) 
      Partial area ratio:  805.22
      Required ratio:  400.00 (Side area) (VIOLATED)
      Cumulative area ratio:  960.78
      Required ratio:    0.00 (Cumulative side area) 

    Layer: via3
      Partial area ratio:    0.08
      Required ratio:    6.00 (Gate area) 
      Cumulative area ratio:    0.54
      Required ratio:    0.00 (Cumulative area) 

    Layer: met4
      Partial area ratio:   23.71
      Required ratio:    0.00 (Gate area) 
      Cumulative area ratio:  205.93
      Required ratio:    0.00 (Cumulative area) 
      Partial area ratio:  126.76
      Required ratio: 2881.16 (Side area) 
      Cumulative area ratio: 1087.54
      Required ratio:    0.00 (Cumulative side area) 


  Pin:   fanout489/A (sky130_fd_sc_hd__clkdlybuf4s25_1)
    Layer: mcon
      Partial area ratio:    0.14
      Required ratio:    3.00 (Gate area) 
      Cumulative area ratio:    0.14
      Required ratio:    0.00 (Cumulative area) 

    Layer: met1
      Partial area ratio:    2.12
      Required ratio:    0.00 (Gate area) 
      Cumulative area ratio:    2.12
      Required ratio:    0.00 (Cumulative area) 
      Partial area ratio:    9.75
      Required ratio:  400.00 (Side area) 
      Cumulative area ratio:    9.75
      Required ratio:    0.00 (Cumulative side area) 

    Layer: via
      Partial area ratio:    0.21
      Required ratio:    6.00 (Gate area) 
      Cumulative area ratio:    0.35
      Required ratio:    0.00 (Cumulative area) 

    Layer: met2
      Partial area ratio:   10.76
      Required ratio:    0.00 (Gate area) 
      Cumulative area ratio:   12.89
      Required ratio:    0.00 (Cumulative area) 
      Partial area ratio:   52.15
      Required ratio: 2881.16 (Side area) 
      Cumulative area ratio:   61.91
      Required ratio:    0.00 (Cumulative side area) 

    Layer: via2
      Partial area ratio:    0.38
      Required ratio:   31.30 (Gate area) 
      Cumulative area ratio:    0.72
      Required ratio:    0.00 (Cumulative area) 

    Layer: met3
      Partial area ratio:   14.49
      Required ratio:    0.00 (Gate area) 
      Cumulative area ratio:   27.38
      Required ratio:    0.00 (Cumulative area) 
      Partial area ratio:   78.49
      Required ratio: 2881.16 (Side area) 
      Cumulative area ratio:  140.40
      Required ratio:    0.00 (Cumulative side area) 

    Layer: via3
      Partial area ratio:    0.03
      Required ratio:   31.30 (Gate area) 
      Cumulative area ratio:    0.76
      Required ratio:    0.00 (Cumulative area) 

    Layer: met4
      Partial area ratio:   23.71
      Required ratio:    0.00 (Gate area) 
      Cumulative area ratio:   51.09
      Required ratio:    0.00 (Cumulative area) 
      Partial area ratio:  126.76
      Required ratio: 2881.16 (Side area) 
      Cumulative area ratio:  267.16
      Required ratio:    0.00 (Cumulative side area) 


  Pin:   fanout493/A (sky130_fd_sc_hd__clkdlybuf4s25_1)
    Layer: mcon
      Partial area ratio:    0.14
      Required ratio:    3.00 (Gate area) 
      Cumulative area ratio:    0.14
      Required ratio:    0.00 (Cumulative area) 

    Layer: met1
      Partial area ratio:    7.81
      Required ratio:    0.00 (Gate area) 
      Cumulative area ratio:    7.81
      Required ratio:    0.00 (Cumulative area) 
      Partial area ratio:   38.16
      Required ratio:  400.00 (Side area) 
      Cumulative area ratio:   38.16
      Required ratio:    0.00 (Cumulative side area) 

    Layer: via
      Partial area ratio:    0.21
      Required ratio:    6.00 (Gate area) 
      Cumulative area ratio:    0.35
      Required ratio:    0.00 (Cumulative area) 

    Layer: met2
      Partial area ratio:    0.88
      Required ratio:    0.00 (Gate area) 
      Cumulative area ratio:    8.68
      Required ratio:    0.00 (Cumulative area) 
      Partial area ratio:    4.04
      Required ratio:  400.00 (Side area) 
      Cumulative area ratio:   42.20
      Required ratio:    0.00 (Cumulative side area) 

    Layer: via2
      Partial area ratio:    0.19
      Required ratio:    6.00 (Gate area) 
      Cumulative area ratio:    0.53
      Required ratio:    0.00 (Cumulative area) 

    Layer: met3
      Partial area ratio:   14.49
      Required ratio:    0.00 (Gate area) 
      Cumulative area ratio:   23.17
      Required ratio:    0.00 (Cumulative area) 
      Partial area ratio:   78.49
      Required ratio: 2881.16 (Side area) 
      Cumulative area ratio:  120.69
      Required ratio:    0.00 (Cumulative side area) 

    Layer: via3
      Partial area ratio:    0.03
      Required ratio:   31.30 (Gate area) 
      Cumulative area ratio:    0.57
      Required ratio:    0.00 (Cumulative area) 

    Layer: met4
      Partial area ratio:   23.71
      Required ratio:    0.00 (Gate area) 
      Cumulative area ratio:   46.89
      Required ratio:    0.00 (Cumulative area) 
      Partial area ratio:  126.76
      Required ratio: 2881.16 (Side area) 
      Cumulative area ratio:  247.45
      Required ratio:    0.00 (Cumulative side area) 



Net: net563
  Pin:   _3203_/S (sky130_fd_sc_hd__mux2_1)
    Layer: mcon
      Partial area ratio:    0.11
      Required ratio:    3.00 (Gate area) 
      Cumulative area ratio:    0.11
      Required ratio:    0.00 (Cumulative area) 

    Layer: met1
      Partial area ratio:    2.16
      Required ratio:    0.00 (Gate area) 
      Cumulative area ratio:    2.16
      Required ratio:    0.00 (Cumulative area) 
      Partial area ratio:   10.06
      Required ratio:  400.00 (Side area) 
      Cumulative area ratio:   10.06
      Required ratio:    0.00 (Cumulative side area) 

    Layer: via
      Partial area ratio:    0.18
      Required ratio:    6.00 (Gate area) 
      Cumulative area ratio:    0.29
      Required ratio:    0.00 (Cumulative area) 

    Layer: met2
      Partial area ratio:    0.74
      Required ratio:    0.00 (Gate area) 
      Cumulative area ratio:    2.90
      Required ratio:    0.00 (Cumulative area) 
      Partial area ratio:    3.42
      Required ratio:  400.00 (Side area) 
      Cumulative area ratio:   13.48
      Required ratio:    0.00 (Cumulative side area) 

    Layer: via2
      Partial area ratio:    0.16
      Required ratio:    6.00 (Gate area) 
      Cumulative area ratio:    0.45
      Required ratio:    0.00 (Cumulative area) 

    Layer: met3
      Partial area ratio:    0.50
      Required ratio:    0.00 (Gate area) 
      Cumulative area ratio:    3.40
      Required ratio:    0.00 (Cumulative area) 
      Partial area ratio:    4.51
      Required ratio:  400.00 (Side area) 
      Cumulative area ratio:   17.99
      Required ratio:    0.00 (Cumulative side area) 

    Layer: via3
      Partial area ratio:    0.16
      Required ratio:    6.00 (Gate area) 
      Cumulative area ratio:    0.61
      Required ratio:    0.00 (Cumulative area) 

    Layer: met4
      Partial area ratio:   33.81
      Required ratio:    0.00 (Gate area) 
      Cumulative area ratio:   37.20
      Required ratio:    0.00 (Cumulative area) 
      Partial area ratio:  181.32
      Required ratio: 2881.16 (Side area) 
      Cumulative area ratio:  199.30
      Required ratio:    0.00 (Cumulative side area) 


  Pin:   fanout556/A (sky130_fd_sc_hd__clkdlybuf4s25_1)
    Layer: mcon
      Partial area ratio:    0.14
      Required ratio:    3.00 (Gate area) 
      Cumulative area ratio:    0.14
      Required ratio:    0.00 (Cumulative area) 

    Layer: met1
      Partial area ratio:    1.79
      Required ratio:    0.00 (Gate area) 
      Cumulative area ratio:    1.79
      Required ratio:    0.00 (Cumulative area) 
      Partial area ratio:    8.09
      Required ratio:  400.00 (Side area) 
      Cumulative area ratio:    8.09
      Required ratio:    0.00 (Cumulative side area) 

    Layer: via
      Partial area ratio:    0.21
      Required ratio:    6.00 (Gate area) 
      Cumulative area ratio:    0.35
      Required ratio:    0.00 (Cumulative area) 

    Layer: met2
      Partial area ratio:    0.88
      Required ratio:    0.00 (Gate area) 
      Cumulative area ratio:    2.67
      Required ratio:    0.00 (Cumulative area) 
      Partial area ratio:    4.04
      Required ratio:  400.00 (Side area) 
      Cumulative area ratio:   12.13
      Required ratio:    0.00 (Cumulative side area) 

    Layer: via2
      Partial area ratio:    0.19
      Required ratio:    6.00 (Gate area) 
      Cumulative area ratio:    0.53
      Required ratio:    0.00 (Cumulative area) 

    Layer: met3
      Partial area ratio:   14.88
      Required ratio:    0.00 (Gate area) 
      Cumulative area ratio:   17.55
      Required ratio:    0.00 (Cumulative area) 
      Partial area ratio:   80.43
      Required ratio: 2881.16 (Side area) 
      Cumulative area ratio:   92.57
      Required ratio:    0.00 (Cumulative side area) 

    Layer: via3
      Partial area ratio:    0.09
      Required ratio:   31.30 (Gate area) 
      Cumulative area ratio:    0.63
      Required ratio:    0.00 (Cumulative area) 

    Layer: met4
      Partial area ratio:   33.81
      Required ratio:    0.00 (Gate area) 
      Cumulative area ratio:   51.35
      Required ratio:    0.00 (Cumulative area) 
      Partial area ratio:  181.32
      Required ratio: 2881.16 (Side area) 
      Cumulative area ratio:  273.88
      Required ratio:    0.00 (Cumulative side area) 


  Pin:   fanout558/A (sky130_fd_sc_hd__clkdlybuf4s25_1)
    Layer: mcon
      Partial area ratio:    0.14
      Required ratio:    3.00 (Gate area) 
      Cumulative area ratio:    0.14
      Required ratio:    0.00 (Cumulative area) 

    Layer: met1
      Partial area ratio:    4.73
      Required ratio:    0.00 (Gate area) 
      Cumulative area ratio:    4.73
      Required ratio:    0.00 (Cumulative area) 
      Partial area ratio:   21.89
      Required ratio: 2881.16 (Side area) 
      Cumulative area ratio:   21.89
      Required ratio:    0.00 (Cumulative side area) 

    Layer: via
      Partial area ratio:    0.32
      Required ratio:   31.30 (Gate area) 
      Cumulative area ratio:    0.45
      Required ratio:    0.00 (Cumulative area) 

    Layer: met2
      Partial area ratio:    5.88
      Required ratio:    0.00 (Gate area) 
      Cumulative area ratio:   10.60
      Required ratio:    0.00 (Cumulative area) 
      Partial area ratio:   27.69
      Required ratio: 2881.16 (Side area) 
      Cumulative area ratio:   49.58
      Required ratio:    0.00 (Cumulative side area) 

    Layer: via2
      Partial area ratio:    0.19
      Required ratio:   31.30 (Gate area) 
      Cumulative area ratio:    0.64
      Required ratio:    0.00 (Cumulative area) 

    Layer: met3
      Partial area ratio:   14.88
      Required ratio:    0.00 (Gate area) 
      Cumulative area ratio:   25.48
      Required ratio:    0.00 (Cumulative area) 
      Partial area ratio:   80.43
      Required ratio: 2881.16 (Side area) 
      Cumulative area ratio:  130.01
      Required ratio:    0.00 (Cumulative side area) 

    Layer: via3
      Partial area ratio:    0.09
      Required ratio:   31.30 (Gate area) 
      Cumulative area ratio:    0.73
      Required ratio:    0.00 (Cumulative area) 

    Layer: met4
      Partial area ratio:   33.81
      Required ratio:    0.00 (Gate area) 
      Cumulative area ratio:   59.29
      Required ratio:    0.00 (Cumulative area) 
      Partial area ratio:  181.32
      Required ratio: 2881.16 (Side area) 
      Cumulative area ratio:  311.32
      Required ratio:    0.00 (Cumulative side area) 


  Pin:   wire564/A (sky130_fd_sc_hd__buf_4)
    Layer: mcon
      Partial area ratio:    0.12
      Required ratio:    3.00 (Gate area) 
      Cumulative area ratio:    0.12
      Required ratio:    0.00 (Cumulative area) 

    Layer: met1
      Partial area ratio:    2.80
      Required ratio:    0.00 (Gate area) 
      Cumulative area ratio:    2.80
      Required ratio:    0.00 (Cumulative area) 
      Partial area ratio:   13.24
      Required ratio:  400.00 (Side area) 
      Cumulative area ratio:   13.24
      Required ratio:    0.00 (Cumulative side area) 

    Layer: via
      Partial area ratio:    0.18
      Required ratio:    6.00 (Gate area) 
      Cumulative area ratio:    0.30
      Required ratio:    0.00 (Cumulative area) 

    Layer: met2
      Partial area ratio:    0.75
      Required ratio:    0.00 (Gate area) 
      Cumulative area ratio:    3.55
      Required ratio:    0.00 (Cumulative area) 
      Partial area ratio:    3.48
      Required ratio:  400.00 (Side area) 
      Cumulative area ratio:   16.72
      Required ratio:    0.00 (Cumulative side area) 

    Layer: via2
      Partial area ratio:    0.16
      Required ratio:    6.00 (Gate area) 
      Cumulative area ratio:    0.46
      Required ratio:    0.00 (Cumulative area) 

    Layer: met3
      Partial area ratio:  160.40
      Required ratio:    0.00 (Gate area) 
      Cumulative area ratio:  163.95
      Required ratio:    0.00 (Cumulative area) 
      Partial area ratio:  861.12
      Required ratio:  400.00 (Side area) (VIOLATED)
      Cumulative area ratio:  877.84
      Required ratio:    0.00 (Cumulative side area) 

    Layer: via3
      Partial area ratio:    0.32
      Required ratio:    6.00 (Gate area) 
      Cumulative area ratio:    0.78
      Required ratio:    0.00 (Cumulative area) 

    Layer: met4
      Partial area ratio:   33.81
      Required ratio:    0.00 (Gate area) 
      Cumulative area ratio:  197.76
      Required ratio:    0.00 (Cumulative area) 
      Partial area ratio:  181.32
      Required ratio: 2881.16 (Side area) 
      Cumulative area ratio: 1059.15
      Required ratio:    0.00 (Cumulative side area) 



Net: net564
  Pin:   _3132_/S (sky130_fd_sc_hd__mux2_1)
    Layer: mcon
      Partial area ratio:    0.11
      Required ratio:    3.00 (Gate area) 
      Cumulative area ratio:    0.11
      Required ratio:    0.00 (Cumulative area) 

    Layer: met1
      Partial area ratio:    3.22
      Required ratio:    0.00 (Gate area) 
      Cumulative area ratio:    3.22
      Required ratio:    0.00 (Cumulative area) 
      Partial area ratio:   15.36
      Required ratio:  400.00 (Side area) 
      Cumulative area ratio:   15.36
      Required ratio:    0.00 (Cumulative side area) 

    Layer: via
      Partial area ratio:    0.18
      Required ratio:    6.00 (Gate area) 
      Cumulative area ratio:    0.29
      Required ratio:    0.00 (Cumulative area) 

    Layer: met2
      Partial area ratio:    0.74
      Required ratio:    0.00 (Gate area) 
      Cumulative area ratio:    3.96
      Required ratio:    0.00 (Cumulative area) 
      Partial area ratio:    3.42
      Required ratio:  400.00 (Side area) 
      Cumulative area ratio:   18.77
      Required ratio:    0.00 (Cumulative side area) 

    Layer: via2
      Partial area ratio:    0.16
      Required ratio:    6.00 (Gate area) 
      Cumulative area ratio:    0.45
      Required ratio:    0.00 (Cumulative area) 

    Layer: met3
      Partial area ratio:  313.62
      Required ratio:    0.00 (Gate area) 
      Cumulative area ratio:  317.57
      Required ratio:    0.00 (Cumulative area) 
      Partial area ratio: 1678.19
      Required ratio:  400.00 (Side area) (VIOLATED)
      Cumulative area ratio: 1696.96
      Required ratio:    0.00 (Cumulative side area) 

    Layer: via3
      Partial area ratio:    0.32
      Required ratio:    6.00 (Gate area) 
      Cumulative area ratio:    0.77
      Required ratio:    0.00 (Cumulative area) 

    Layer: met4
      Partial area ratio:    6.11
      Required ratio:    0.00 (Gate area) 
      Cumulative area ratio:  323.68
      Required ratio:    0.00 (Cumulative area) 
      Partial area ratio:   33.87
      Required ratio: 2956.40 (Side area) 
      Cumulative area ratio: 1730.84
      Required ratio:    0.00 (Cumulative side area) 


  Pin:   _3211_/S (sky130_fd_sc_hd__mux2_1)
    Layer: mcon
      Partial area ratio:    0.11
      Required ratio:    3.00 (Gate area) 
      Cumulative area ratio:    0.11
      Required ratio:    0.00 (Cumulative area) 

    Layer: met1
      Partial area ratio:    1.22
      Required ratio:    0.00 (Gate area) 
      Cumulative area ratio:    1.22
      Required ratio:    0.00 (Cumulative area) 
      Partial area ratio:    5.54
      Required ratio:  400.00 (Side area) 
      Cumulative area ratio:    5.54
      Required ratio:    0.00 (Cumulative side area) 

    Layer: via
      Partial area ratio:    0.18
      Required ratio:    6.00 (Gate area) 
      Cumulative area ratio:    0.29
      Required ratio:    0.00 (Cumulative area) 

    Layer: met2
      Partial area ratio:    0.74
      Required ratio:    0.00 (Gate area) 
      Cumulative area ratio:    1.96
      Required ratio:    0.00 (Cumulative area) 
      Partial area ratio:    3.42
      Required ratio:  400.00 (Side area) 
      Cumulative area ratio:    8.96
      Required ratio:    0.00 (Cumulative side area) 

    Layer: via2
      Partial area ratio:    0.16
      Required ratio:    6.00 (Gate area) 
      Cumulative area ratio:    0.45
      Required ratio:    0.00 (Cumulative area) 

    Layer: met3
      Partial area ratio:   16.93
      Required ratio:    0.00 (Gate area) 
      Cumulative area ratio:   18.90
      Required ratio:    0.00 (Cumulative area) 
      Partial area ratio:   92.16
      Required ratio: 2956.40 (Side area) 
      Cumulative area ratio:  101.12
      Required ratio:    0.00 (Cumulative side area) 

    Layer: via3
      Partial area ratio:    0.16
      Required ratio:   38.08 (Gate area) 
      Cumulative area ratio:    0.61
      Required ratio:    0.00 (Cumulative area) 

    Layer: met4
      Partial area ratio:    6.11
      Required ratio:    0.00 (Gate area) 
      Cumulative area ratio:   25.00
      Required ratio:    0.00 (Cumulative area) 
      Partial area ratio:   33.87
      Required ratio: 2956.40 (Side area) 
      Cumulative area ratio:  134.99
      Required ratio:    0.00 (Cumulative side area) 


  Pin:   fanout561/A (sky130_fd_sc_hd__clkdlybuf4s25_1)
    Layer: mcon
      Partial area ratio:    0.14
      Required ratio:    3.00 (Gate area) 
      Cumulative area ratio:    0.14
      Required ratio:    0.00 (Cumulative area) 

    Layer: met1
      Partial area ratio:    4.53
      Required ratio:    0.00 (Gate area) 
      Cumulative area ratio:    4.53
      Required ratio:    0.00 (Cumulative area) 
      Partial area ratio:   21.76
      Required ratio:  400.00 (Side area) 
      Cumulative area ratio:   21.76
      Required ratio:    0.00 (Cumulative side area) 

    Layer: via
      Partial area ratio:    0.21
      Required ratio:    6.00 (Gate area) 
      Cumulative area ratio:    0.35
      Required ratio:    0.00 (Cumulative area) 

    Layer: met2
      Partial area ratio:    0.88
      Required ratio:    0.00 (Gate area) 
      Cumulative area ratio:    5.40
      Required ratio:    0.00 (Cumulative area) 
      Partial area ratio:    4.04
      Required ratio:  400.00 (Side area) 
      Cumulative area ratio:   25.80
      Required ratio:    0.00 (Cumulative side area) 

    Layer: via2
      Partial area ratio:    0.19
      Required ratio:    6.00 (Gate area) 
      Cumulative area ratio:    0.53
      Required ratio:    0.00 (Cumulative area) 

    Layer: met3
      Partial area ratio:    0.59
      Required ratio:    0.00 (Gate area) 
      Cumulative area ratio:    5.99
      Required ratio:    0.00 (Cumulative area) 
      Partial area ratio:    5.33
      Required ratio:  400.00 (Side area) 
      Cumulative area ratio:   31.14
      Required ratio:    0.00 (Cumulative side area) 

    Layer: via3
      Partial area ratio:    0.19
      Required ratio:    6.00 (Gate area) 
      Cumulative area ratio:    0.72
      Required ratio:    0.00 (Cumulative area) 

    Layer: met4
      Partial area ratio:    6.11
      Required ratio:    0.00 (Gate area) 
      Cumulative area ratio:   12.10
      Required ratio:    0.00 (Cumulative area) 
      Partial area ratio:   33.87
      Required ratio: 2956.40 (Side area) 
      Cumulative area ratio:   65.01
      Required ratio:    0.00 (Cumulative side area) 



Net: net608
  Pin:   _5646_/A0 (sky130_fd_sc_hd__mux2_1)
    Layer: mcon
      Partial area ratio:    0.23
      Required ratio:    3.00 (Gate area) 
      Cumulative area ratio:    0.23
      Required ratio:    0.00 (Cumulative area) 

    Layer: met1
      Partial area ratio:    5.22
      Required ratio:    0.00 (Gate area) 
      Cumulative area ratio:    5.22
      Required ratio:    0.00 (Cumulative area) 
      Partial area ratio:   24.65
      Required ratio:  400.00 (Side area) 
      Cumulative area ratio:   24.65
      Required ratio:    0.00 (Cumulative side area) 

    Layer: via
      Partial area ratio:    0.36
      Required ratio:    6.00 (Gate area) 
      Cumulative area ratio:    0.59
      Required ratio:    0.00 (Cumulative area) 

    Layer: met2
      Partial area ratio:   26.17
      Required ratio:    0.00 (Gate area) 
      Cumulative area ratio:   31.39
      Required ratio:    0.00 (Cumulative area) 
      Partial area ratio:  129.42
      Required ratio:  400.00 (Side area) 
      Cumulative area ratio:  154.07
      Required ratio:    0.00 (Cumulative side area) 

    Layer: via2
      Partial area ratio:    0.19
      Required ratio:    6.00 (Gate area) 
      Cumulative area ratio:    0.78
      Required ratio:    0.00 (Cumulative area) 

    Layer: met3
      Partial area ratio:   18.84
      Required ratio:    0.00 (Gate area) 
      Cumulative area ratio:   50.23
      Required ratio:    0.00 (Cumulative area) 
      Partial area ratio:  101.86
      Required ratio: 2956.40 (Side area) 
      Cumulative area ratio:  255.92
      Required ratio:    0.00 (Cumulative side area) 


  Pin:   _5682_/A1 (sky130_fd_sc_hd__mux2_1)
    Layer: mcon
      Partial area ratio:    0.23
      Required ratio:    3.00 (Gate area) 
      Cumulative area ratio:    0.23
      Required ratio:    0.00 (Cumulative area) 

    Layer: met1
      Partial area ratio:   10.18
      Required ratio:    0.00 (Gate area) 
      Cumulative area ratio:   10.18
      Required ratio:    0.00 (Cumulative area) 
      Partial area ratio:   48.56
      Required ratio:  400.00 (Side area) 
      Cumulative area ratio:   48.56
      Required ratio:    0.00 (Cumulative side area) 

    Layer: via
      Partial area ratio:    0.54
      Required ratio:    6.00 (Gate area) 
      Cumulative area ratio:    0.77
      Required ratio:    0.00 (Cumulative area) 

    Layer: met2
      Partial area ratio:   26.17
      Required ratio:    0.00 (Gate area) 
      Cumulative area ratio:   36.35
      Required ratio:    0.00 (Cumulative area) 
      Partial area ratio:  129.42
      Required ratio:  400.00 (Side area) 
      Cumulative area ratio:  177.97
      Required ratio:    0.00 (Cumulative side area) 

    Layer: via2
      Partial area ratio:    0.19
      Required ratio:    6.00 (Gate area) 
      Cumulative area ratio:    0.96
      Required ratio:    0.00 (Cumulative area) 

    Layer: met3
      Partial area ratio:   18.84
      Required ratio:    0.00 (Gate area) 
      Cumulative area ratio:   55.18
      Required ratio:    0.00 (Cumulative area) 
      Partial area ratio:  101.86
      Required ratio: 2956.40 (Side area) 
      Cumulative area ratio:  279.83
      Required ratio:    0.00 (Cumulative side area) 


  Pin:   _5755_/A0 (sky130_fd_sc_hd__mux2_1)
    Layer: mcon
      Partial area ratio:    0.23
      Required ratio:    3.00 (Gate area) 
      Cumulative area ratio:    0.23
      Required ratio:    0.00 (Cumulative area) 

    Layer: met1
      Partial area ratio:    5.31
      Required ratio:    0.00 (Gate area) 
      Cumulative area ratio:    5.31
      Required ratio:    0.00 (Cumulative area) 
      Partial area ratio:   25.07
      Required ratio:  400.00 (Side area) 
      Cumulative area ratio:   25.07
      Required ratio:    0.00 (Cumulative side area) 

    Layer: via
      Partial area ratio:    0.36
      Required ratio:    6.00 (Gate area) 
      Cumulative area ratio:    0.59
      Required ratio:    0.00 (Cumulative area) 

    Layer: met2
      Partial area ratio:   16.54
      Required ratio:    0.00 (Gate area) 
      Cumulative area ratio:   21.85
      Required ratio:    0.00 (Cumulative area) 
      Partial area ratio:   81.96
      Required ratio:  400.00 (Side area) 
      Cumulative area ratio:  107.03
      Required ratio:    0.00 (Cumulative side area) 

    Layer: via2
      Partial area ratio:    0.16
      Required ratio:    6.00 (Gate area) 
      Cumulative area ratio:    0.75
      Required ratio:    0.00 (Cumulative area) 

    Layer: met3
      Partial area ratio:   18.84
      Required ratio:    0.00 (Gate area) 
      Cumulative area ratio:   40.69
      Required ratio:    0.00 (Cumulative area) 
      Partial area ratio:  101.86
      Required ratio: 2956.40 (Side area) 
      Cumulative area ratio:  208.89
      Required ratio:    0.00 (Cumulative side area) 


  Pin:   _5797_/C (sky130_fd_sc_hd__and3b_2)
    Layer: mcon
      Partial area ratio:    0.23
      Required ratio:    3.00 (Gate area) 
      Cumulative area ratio:    0.23
      Required ratio:    0.00 (Cumulative area) 

    Layer: met1
      Partial area ratio:  102.79
      Required ratio:    0.00 (Gate area) 
      Cumulative area ratio:  102.79
      Required ratio:    0.00 (Cumulative area) 
      Partial area ratio:  511.61
      Required ratio:  400.00 (Side area) (VIOLATED)
      Cumulative area ratio:  511.61
      Required ratio:    0.00 (Cumulative side area) 

    Layer: via
      Partial area ratio:    0.54
      Required ratio:    6.00 (Gate area) 
      Cumulative area ratio:    0.77
      Required ratio:    0.00 (Cumulative area) 

    Layer: met2
      Partial area ratio:   26.17
      Required ratio:    0.00 (Gate area) 
      Cumulative area ratio:  128.96
      Required ratio:    0.00 (Cumulative area) 
      Partial area ratio:  129.42
      Required ratio:  400.00 (Side area) 
      Cumulative area ratio:  641.03
      Required ratio:    0.00 (Cumulative side area) 

    Layer: via2
      Partial area ratio:    0.19
      Required ratio:    6.00 (Gate area) 
      Cumulative area ratio:    0.96
      Required ratio:    0.00 (Cumulative area) 

    Layer: met3
      Partial area ratio:   18.84
      Required ratio:    0.00 (Gate area) 
      Cumulative area ratio:  147.79
      Required ratio:    0.00 (Cumulative area) 
      Partial area ratio:  101.86
      Required ratio: 2956.40 (Side area) 
      Cumulative area ratio:  742.88
      Required ratio:    0.00 (Cumulative side area) 


  Pin:   _5811_/A0 (sky130_fd_sc_hd__mux2_1)
    Layer: mcon
      Partial area ratio:    0.23
      Required ratio:    3.00 (Gate area) 
      Cumulative area ratio:    0.23
      Required ratio:    0.00 (Cumulative area) 

    Layer: met1
      Partial area ratio:    5.64
      Required ratio:    0.00 (Gate area) 
      Cumulative area ratio:    5.64
      Required ratio:    0.00 (Cumulative area) 
      Partial area ratio:   26.71
      Required ratio:  400.00 (Side area) 
      Cumulative area ratio:   26.71
      Required ratio:    0.00 (Cumulative side area) 

    Layer: via
      Partial area ratio:    0.36
      Required ratio:    6.00 (Gate area) 
      Cumulative area ratio:    0.59
      Required ratio:    0.00 (Cumulative area) 

    Layer: met2
      Partial area ratio:    9.43
      Required ratio:    0.00 (Gate area) 
      Cumulative area ratio:   15.06
      Required ratio:    0.00 (Cumulative area) 
      Partial area ratio:   45.69
      Required ratio:  400.00 (Side area) 
      Cumulative area ratio:   72.40
      Required ratio:    0.00 (Cumulative side area) 

    Layer: via2
      Partial area ratio:    0.32
      Required ratio:    6.00 (Gate area) 
      Cumulative area ratio:    0.90
      Required ratio:    0.00 (Cumulative area) 

    Layer: met3
      Partial area ratio:   18.84
      Required ratio:    0.00 (Gate area) 
      Cumulative area ratio:   33.90
      Required ratio:    0.00 (Cumulative area) 
      Partial area ratio:  101.86
      Required ratio: 2956.40 (Side area) 
      Cumulative area ratio:  174.26
      Required ratio:    0.00 (Cumulative side area) 


  Pin:   _5847_/A1 (sky130_fd_sc_hd__mux2_1)
    Layer: mcon
      Partial area ratio:    0.23
      Required ratio:    3.00 (Gate area) 
      Cumulative area ratio:    0.23
      Required ratio:    0.00 (Cumulative area) 

    Layer: met1
      Partial area ratio:    4.98
      Required ratio:    0.00 (Gate area) 
      Cumulative area ratio:    4.98
      Required ratio:    0.00 (Cumulative area) 
      Partial area ratio:   23.44
      Required ratio:  400.00 (Side area) 
      Cumulative area ratio:   23.44
      Required ratio:    0.00 (Cumulative side area) 

    Layer: via
      Partial area ratio:    0.36
      Required ratio:    6.00 (Gate area) 
      Cumulative area ratio:    0.59
      Required ratio:    0.00 (Cumulative area) 

    Layer: met2
      Partial area ratio:   16.54
      Required ratio:    0.00 (Gate area) 
      Cumulative area ratio:   21.53
      Required ratio:    0.00 (Cumulative area) 
      Partial area ratio:   81.96
      Required ratio:  400.00 (Side area) 
      Cumulative area ratio:  105.40
      Required ratio:    0.00 (Cumulative side area) 

    Layer: via2
      Partial area ratio:    0.16
      Required ratio:    6.00 (Gate area) 
      Cumulative area ratio:    0.75
      Required ratio:    0.00 (Cumulative area) 

    Layer: met3
      Partial area ratio:   18.84
      Required ratio:    0.00 (Gate area) 
      Cumulative area ratio:   40.36
      Required ratio:    0.00 (Cumulative area) 
      Partial area ratio:  101.86
      Required ratio: 2956.40 (Side area) 
      Cumulative area ratio:  207.26
      Required ratio:    0.00 (Cumulative side area) 


  Pin:   _5885_/A0 (sky130_fd_sc_hd__mux2_1)
    Layer: mcon
      Partial area ratio:    0.23
      Required ratio:    3.00 (Gate area) 
      Cumulative area ratio:    0.23
      Required ratio:    0.00 (Cumulative area) 

    Layer: met1
      Partial area ratio:   12.59
      Required ratio:    0.00 (Gate area) 
      Cumulative area ratio:   12.59
      Required ratio:    0.00 (Cumulative area) 
      Partial area ratio:   61.50
      Required ratio:  400.00 (Side area) 
      Cumulative area ratio:   61.50
      Required ratio:    0.00 (Cumulative side area) 

    Layer: via
      Partial area ratio:    0.36
      Required ratio:    6.00 (Gate area) 
      Cumulative area ratio:    0.59
      Required ratio:    0.00 (Cumulative area) 

    Layer: met2
      Partial area ratio:   26.17
      Required ratio:    0.00 (Gate area) 
      Cumulative area ratio:   38.76
      Required ratio:    0.00 (Cumulative area) 
      Partial area ratio:  129.42
      Required ratio:  400.00 (Side area) 
      Cumulative area ratio:  190.92
      Required ratio:    0.00 (Cumulative side area) 

    Layer: via2
      Partial area ratio:    0.19
      Required ratio:    6.00 (Gate area) 
      Cumulative area ratio:    0.78
      Required ratio:    0.00 (Cumulative area) 

    Layer: met3
      Partial area ratio:   18.84
      Required ratio:    0.00 (Gate area) 
      Cumulative area ratio:   57.60
      Required ratio:    0.00 (Cumulative area) 
      Partial area ratio:  101.86
      Required ratio: 2956.40 (Side area) 
      Cumulative area ratio:  292.77
      Required ratio:    0.00 (Cumulative side area) 


  Pin:   _5921_/A1 (sky130_fd_sc_hd__mux2_1)
    Layer: mcon
      Partial area ratio:    0.23
      Required ratio:    3.00 (Gate area) 
      Cumulative area ratio:    0.23
      Required ratio:    0.00 (Cumulative area) 

    Layer: met1
      Partial area ratio:   16.76
      Required ratio:    0.00 (Gate area) 
      Cumulative area ratio:   16.76
      Required ratio:    0.00 (Cumulative area) 
      Partial area ratio:   81.61
      Required ratio:  400.00 (Side area) 
      Cumulative area ratio:   81.61
      Required ratio:    0.00 (Cumulative side area) 

    Layer: via
      Partial area ratio:    0.54
      Required ratio:    6.00 (Gate area) 
      Cumulative area ratio:    0.77
      Required ratio:    0.00 (Cumulative area) 

    Layer: met2
      Partial area ratio:   26.17
      Required ratio:    0.00 (Gate area) 
      Cumulative area ratio:   42.93
      Required ratio:    0.00 (Cumulative area) 
      Partial area ratio:  129.42
      Required ratio:  400.00 (Side area) 
      Cumulative area ratio:  211.03
      Required ratio:    0.00 (Cumulative side area) 

    Layer: via2
      Partial area ratio:    0.19
      Required ratio:    6.00 (Gate area) 
      Cumulative area ratio:    0.96
      Required ratio:    0.00 (Cumulative area) 

    Layer: met3
      Partial area ratio:   18.84
      Required ratio:    0.00 (Gate area) 
      Cumulative area ratio:   61.77
      Required ratio:    0.00 (Cumulative area) 
      Partial area ratio:  101.86
      Required ratio: 2956.40 (Side area) 
      Cumulative area ratio:  312.88
      Required ratio:    0.00 (Cumulative side area) 



Net: net631
  Pin:   _5621_/A1 (sky130_fd_sc_hd__mux2_1)
    Layer: mcon
      Partial area ratio:    0.23
      Required ratio:    3.00 (Gate area) 
      Cumulative area ratio:    0.23
      Required ratio:    0.00 (Cumulative area) 

    Layer: met1
      Partial area ratio:   52.88
      Required ratio:    0.00 (Gate area) 
      Cumulative area ratio:   52.88
      Required ratio:    0.00 (Cumulative area) 
      Partial area ratio:  262.06
      Required ratio:  400.00 (Side area) 
      Cumulative area ratio:  262.06
      Required ratio:    0.00 (Cumulative side area) 

    Layer: via
      Partial area ratio:    0.54
      Required ratio:    6.00 (Gate area) 
      Cumulative area ratio:    0.77
      Required ratio:    0.00 (Cumulative area) 

    Layer: met2
      Partial area ratio:   13.53
      Required ratio:    0.00 (Gate area) 
      Cumulative area ratio:   66.41
      Required ratio:    0.00 (Cumulative area) 
      Partial area ratio:   66.83
      Required ratio: 2881.16 (Side area) 
      Cumulative area ratio:  328.88
      Required ratio:    0.00 (Cumulative side area) 

    Layer: via2
      Partial area ratio:    0.06
      Required ratio:   31.30 (Gate area) 
      Cumulative area ratio:    0.82
      Required ratio:    0.00 (Cumulative area) 

    Layer: met3
      Partial area ratio:    0.17
      Required ratio:    0.00 (Gate area) 
      Cumulative area ratio:   66.58
      Required ratio:    0.00 (Cumulative area) 
      Partial area ratio:    1.58
      Required ratio: 2881.16 (Side area) 
      Cumulative area ratio:  330.47
      Required ratio:    0.00 (Cumulative side area) 

    Layer: via3
      Partial area ratio:    0.06
      Required ratio:   31.30 (Gate area) 
      Cumulative area ratio:    0.88
      Required ratio:    0.00 (Cumulative area) 

    Layer: met4
      Partial area ratio:   31.29
      Required ratio:    0.00 (Gate area) 
      Cumulative area ratio:   97.87
      Required ratio:    0.00 (Cumulative area) 
      Partial area ratio:  167.38
      Required ratio: 2881.16 (Side area) 
      Cumulative area ratio:  497.85
      Required ratio:    0.00 (Cumulative side area) 


  Pin:   _5660_/A0 (sky130_fd_sc_hd__mux2_1)
    Layer: mcon
      Partial area ratio:    0.23
      Required ratio:    3.00 (Gate area) 
      Cumulative area ratio:    0.23
      Required ratio:    0.00 (Cumulative area) 

    Layer: met1
      Partial area ratio:    4.73
      Required ratio:    0.00 (Gate area) 
      Cumulative area ratio:    4.73
      Required ratio:    0.00 (Cumulative area) 
      Partial area ratio:   22.18
      Required ratio:  400.00 (Side area) 
      Cumulative area ratio:   22.18
      Required ratio:    0.00 (Cumulative side area) 

    Layer: via
      Partial area ratio:    0.36
      Required ratio:    6.00 (Gate area) 
      Cumulative area ratio:    0.59
      Required ratio:    0.00 (Cumulative area) 

    Layer: met2
      Partial area ratio:   13.53
      Required ratio:    0.00 (Gate area) 
      Cumulative area ratio:   18.26
      Required ratio:    0.00 (Cumulative area) 
      Partial area ratio:   66.83
      Required ratio: 2881.16 (Side area) 
      Cumulative area ratio:   89.01
      Required ratio:    0.00 (Cumulative side area) 

    Layer: via2
      Partial area ratio:    0.06
      Required ratio:   31.30 (Gate area) 
      Cumulative area ratio:    0.64
      Required ratio:    0.00 (Cumulative area) 

    Layer: met3
      Partial area ratio:    0.17
      Required ratio:    0.00 (Gate area) 
      Cumulative area ratio:   18.43
      Required ratio:    0.00 (Cumulative area) 
      Partial area ratio:    1.58
      Required ratio: 2881.16 (Side area) 
      Cumulative area ratio:   90.59
      Required ratio:    0.00 (Cumulative side area) 

    Layer: via3
      Partial area ratio:    0.06
      Required ratio:   31.30 (Gate area) 
      Cumulative area ratio:    0.70
      Required ratio:    0.00 (Cumulative area) 

    Layer: met4
      Partial area ratio:   31.29
      Required ratio:    0.00 (Gate area) 
      Cumulative area ratio:   49.72
      Required ratio:    0.00 (Cumulative area) 
      Partial area ratio:  167.38
      Required ratio: 2881.16 (Side area) 
      Cumulative area ratio:  257.98
      Required ratio:    0.00 (Cumulative side area) 


  Pin:   _5696_/A1 (sky130_fd_sc_hd__mux2_1)
    Layer: mcon
      Partial area ratio:    0.23
      Required ratio:    3.00 (Gate area) 
      Cumulative area ratio:    0.23
      Required ratio:    0.00 (Cumulative area) 

    Layer: met1
      Partial area ratio:  111.19
      Required ratio:    0.00 (Gate area) 
      Cumulative area ratio:  111.19
      Required ratio:    0.00 (Cumulative area) 
      Partial area ratio:  552.78
      Required ratio:  400.00 (Side area) (VIOLATED)
      Cumulative area ratio:  552.78
      Required ratio:    0.00 (Cumulative side area) 

    Layer: via
      Partial area ratio:    0.71
      Required ratio:    6.00 (Gate area) 
      Cumulative area ratio:    0.94
      Required ratio:    0.00 (Cumulative area) 

    Layer: met2
      Partial area ratio:   13.53
      Required ratio:    0.00 (Gate area) 
      Cumulative area ratio:  124.72
      Required ratio:    0.00 (Cumulative area) 
      Partial area ratio:   66.83
      Required ratio: 2881.16 (Side area) 
      Cumulative area ratio:  619.60
      Required ratio:    0.00 (Cumulative side area) 

    Layer: via2
      Partial area ratio:    0.06
      Required ratio:   31.30 (Gate area) 
      Cumulative area ratio:    1.00
      Required ratio:    0.00 (Cumulative area) 

    Layer: met3
      Partial area ratio:    0.17
      Required ratio:    0.00 (Gate area) 
      Cumulative area ratio:  124.90
      Required ratio:    0.00 (Cumulative area) 
      Partial area ratio:    1.58
      Required ratio: 2881.16 (Side area) 
      Cumulative area ratio:  621.19
      Required ratio:    0.00 (Cumulative side area) 

    Layer: via3
      Partial area ratio:    0.06
      Required ratio:   31.30 (Gate area) 
      Cumulative area ratio:    1.06
      Required ratio:    0.00 (Cumulative area) 

    Layer: met4
      Partial area ratio:   31.29
      Required ratio:    0.00 (Gate area) 
      Cumulative area ratio:  156.18
      Required ratio:    0.00 (Cumulative area) 
      Partial area ratio:  167.38
      Required ratio: 2881.16 (Side area) 
      Cumulative area ratio:  788.57
      Required ratio:    0.00 (Cumulative side area) 


  Pin:   _5825_/A0 (sky130_fd_sc_hd__mux2_1)
    Layer: mcon
      Partial area ratio:    0.23
      Required ratio:    3.00 (Gate area) 
      Cumulative area ratio:    0.23
      Required ratio:    0.00 (Cumulative area) 

    Layer: met1
      Partial area ratio:    2.13
      Required ratio:    0.00 (Gate area) 
      Cumulative area ratio:    2.13
      Required ratio:    0.00 (Cumulative area) 
      Partial area ratio:    9.18
      Required ratio:  400.00 (Side area) 
      Cumulative area ratio:    9.18
      Required ratio:    0.00 (Cumulative side area) 

    Layer: via
      Partial area ratio:    0.36
      Required ratio:    6.00 (Gate area) 
      Cumulative area ratio:    0.59
      Required ratio:    0.00 (Cumulative area) 

    Layer: met2
      Partial area ratio:   13.53
      Required ratio:    0.00 (Gate area) 
      Cumulative area ratio:   15.66
      Required ratio:    0.00 (Cumulative area) 
      Partial area ratio:   66.83
      Required ratio: 2881.16 (Side area) 
      Cumulative area ratio:   76.01
      Required ratio:    0.00 (Cumulative side area) 

    Layer: via2
      Partial area ratio:    0.06
      Required ratio:   31.30 (Gate area) 
      Cumulative area ratio:    0.64
      Required ratio:    0.00 (Cumulative area) 

    Layer: met3
      Partial area ratio:    0.17
      Required ratio:    0.00 (Gate area) 
      Cumulative area ratio:   15.83
      Required ratio:    0.00 (Cumulative area) 
      Partial area ratio:    1.58
      Required ratio: 2881.16 (Side area) 
      Cumulative area ratio:   77.59
      Required ratio:    0.00 (Cumulative side area) 

    Layer: via3
      Partial area ratio:    0.06
      Required ratio:   31.30 (Gate area) 
      Cumulative area ratio:    0.70
      Required ratio:    0.00 (Cumulative area) 

    Layer: met4
      Partial area ratio:   31.29
      Required ratio:    0.00 (Gate area) 
      Cumulative area ratio:   47.12
      Required ratio:    0.00 (Cumulative area) 
      Partial area ratio:  167.38
      Required ratio: 2881.16 (Side area) 
      Cumulative area ratio:  244.98
      Required ratio:    0.00 (Cumulative side area) 


  Pin:   fanout629/A (sky130_fd_sc_hd__clkdlybuf4s25_1)
    Layer: mcon
      Partial area ratio:    0.14
      Required ratio:    3.00 (Gate area) 
      Cumulative area ratio:    0.14
      Required ratio:    0.00 (Cumulative area) 

    Layer: met1
      Partial area ratio:    3.29
      Required ratio:    0.00 (Gate area) 
      Cumulative area ratio:    3.29
      Required ratio:    0.00 (Cumulative area) 
      Partial area ratio:   15.55
      Required ratio:  400.00 (Side area) 
      Cumulative area ratio:   15.55
      Required ratio:    0.00 (Cumulative side area) 

    Layer: via
      Partial area ratio:    0.21
      Required ratio:    6.00 (Gate area) 
      Cumulative area ratio:    0.35
      Required ratio:    0.00 (Cumulative area) 

    Layer: met2
      Partial area ratio:    0.88
      Required ratio:    0.00 (Gate area) 
      Cumulative area ratio:    4.16
      Required ratio:    0.00 (Cumulative area) 
      Partial area ratio:    4.04
      Required ratio:  400.00 (Side area) 
      Cumulative area ratio:   19.60
      Required ratio:    0.00 (Cumulative side area) 

    Layer: via2
      Partial area ratio:    0.19
      Required ratio:    6.00 (Gate area) 
      Cumulative area ratio:    0.53
      Required ratio:    0.00 (Cumulative area) 

    Layer: met3
      Partial area ratio:    0.59
      Required ratio:    0.00 (Gate area) 
      Cumulative area ratio:    4.75
      Required ratio:    0.00 (Cumulative area) 
      Partial area ratio:    5.33
      Required ratio:  400.00 (Side area) 
      Cumulative area ratio:   24.93
      Required ratio:    0.00 (Cumulative side area) 

    Layer: via3
      Partial area ratio:    0.19
      Required ratio:    6.00 (Gate area) 
      Cumulative area ratio:    0.72
      Required ratio:    0.00 (Cumulative area) 

    Layer: met4
      Partial area ratio:   31.29
      Required ratio:    0.00 (Gate area) 
      Cumulative area ratio:   36.04
      Required ratio:    0.00 (Cumulative area) 
      Partial area ratio:  167.38
      Required ratio: 2881.16 (Side area) 
      Cumulative area ratio:  192.31
      Required ratio:    0.00 (Cumulative side area) 


  Pin:   fanout630/A (sky130_fd_sc_hd__clkdlybuf4s25_1)
    Layer: mcon
      Partial area ratio:    0.14
      Required ratio:    3.00 (Gate area) 
      Cumulative area ratio:    0.14
      Required ratio:    0.00 (Cumulative area) 

    Layer: met1
      Partial area ratio:    4.76
      Required ratio:    0.00 (Gate area) 
      Cumulative area ratio:    4.76
      Required ratio:    0.00 (Cumulative area) 
      Partial area ratio:   21.80
      Required ratio: 2881.16 (Side area) 
      Cumulative area ratio:   21.80
      Required ratio:    0.00 (Cumulative side area) 

    Layer: via
      Partial area ratio:    0.32
      Required ratio:   31.30 (Gate area) 
      Cumulative area ratio:    0.45
      Required ratio:    0.00 (Cumulative area) 

    Layer: met2
      Partial area ratio:   13.53
      Required ratio:    0.00 (Gate area) 
      Cumulative area ratio:   18.29
      Required ratio:    0.00 (Cumulative area) 
      Partial area ratio:   66.83
      Required ratio: 2881.16 (Side area) 
      Cumulative area ratio:   88.63
      Required ratio:    0.00 (Cumulative side area) 

    Layer: via2
      Partial area ratio:    0.06
      Required ratio:   31.30 (Gate area) 
      Cumulative area ratio:    0.51
      Required ratio:    0.00 (Cumulative area) 

    Layer: met3
      Partial area ratio:    0.17
      Required ratio:    0.00 (Gate area) 
      Cumulative area ratio:   18.46
      Required ratio:    0.00 (Cumulative area) 
      Partial area ratio:    1.58
      Required ratio: 2881.16 (Side area) 
      Cumulative area ratio:   90.21
      Required ratio:    0.00 (Cumulative side area) 

    Layer: via3
      Partial area ratio:    0.06
      Required ratio:   31.30 (Gate area) 
      Cumulative area ratio:    0.56
      Required ratio:    0.00 (Cumulative area) 

    Layer: met4
      Partial area ratio:   31.29
      Required ratio:    0.00 (Gate area) 
      Cumulative area ratio:   49.75
      Required ratio:    0.00 (Cumulative area) 
      Partial area ratio:  167.38
      Required ratio: 2881.16 (Side area) 
      Cumulative area ratio:  257.59
      Required ratio:    0.00 (Cumulative side area) 



Net: net632
  Pin:   _5760_/A0 (sky130_fd_sc_hd__mux2_1)
    Layer: mcon
      Partial area ratio:    0.23
      Required ratio:    3.00 (Gate area) 
      Cumulative area ratio:    0.23
      Required ratio:    0.00 (Cumulative area) 

    Layer: met1
      Partial area ratio:    6.54
      Required ratio:    0.00 (Gate area) 
      Cumulative area ratio:    6.54
      Required ratio:    0.00 (Cumulative area) 
      Partial area ratio:   31.21
      Required ratio:  400.00 (Side area) 
      Cumulative area ratio:   31.21
      Required ratio:    0.00 (Cumulative side area) 

    Layer: via
      Partial area ratio:    0.36
      Required ratio:    6.00 (Gate area) 
      Cumulative area ratio:    0.59
      Required ratio:    0.00 (Cumulative area) 

    Layer: met2
      Partial area ratio:    1.48
      Required ratio:    0.00 (Gate area) 
      Cumulative area ratio:    8.02
      Required ratio:    0.00 (Cumulative area) 
      Partial area ratio:    6.83
      Required ratio:  400.00 (Side area) 
      Cumulative area ratio:   38.04
      Required ratio:    0.00 (Cumulative side area) 

    Layer: via2
      Partial area ratio:    0.32
      Required ratio:    6.00 (Gate area) 
      Cumulative area ratio:    0.90
      Required ratio:    0.00 (Cumulative area) 

    Layer: met3
      Partial area ratio:    0.99
      Required ratio:    0.00 (Gate area) 
      Cumulative area ratio:    9.01
      Required ratio:    0.00 (Cumulative area) 
      Partial area ratio:    9.02
      Required ratio:  400.00 (Side area) 
      Cumulative area ratio:   47.05
      Required ratio:    0.00 (Cumulative side area) 

    Layer: via3
      Partial area ratio:    0.32
      Required ratio:    6.00 (Gate area) 
      Cumulative area ratio:    1.22
      Required ratio:    0.00 (Cumulative area) 

    Layer: met4
      Partial area ratio:   59.95
      Required ratio:    0.00 (Gate area) 
      Cumulative area ratio:   68.95
      Required ratio:    0.00 (Cumulative area) 
      Partial area ratio:  321.30
      Required ratio: 2956.40 (Side area) 
      Cumulative area ratio:  368.35
      Required ratio:    0.00 (Cumulative side area) 


  Pin:   _5789_/C (sky130_fd_sc_hd__and3b_2)
    Layer: mcon
      Partial area ratio:    0.23
      Required ratio:    3.00 (Gate area) 
      Cumulative area ratio:    0.23
      Required ratio:    0.00 (Cumulative area) 

    Layer: met1
      Partial area ratio:    4.47
      Required ratio:    0.00 (Gate area) 
      Cumulative area ratio:    4.47
      Required ratio:    0.00 (Cumulative area) 
      Partial area ratio:   20.86
      Required ratio:  400.00 (Side area) 
      Cumulative area ratio:   20.86
      Required ratio:    0.00 (Cumulative side area) 

    Layer: via
      Partial area ratio:    0.36
      Required ratio:    6.00 (Gate area) 
      Cumulative area ratio:    0.59
      Required ratio:    0.00 (Cumulative area) 

    Layer: met2
      Partial area ratio:    1.48
      Required ratio:    0.00 (Gate area) 
      Cumulative area ratio:    5.95
      Required ratio:    0.00 (Cumulative area) 
      Partial area ratio:    6.83
      Required ratio:  400.00 (Side area) 
      Cumulative area ratio:   27.69
      Required ratio:    0.00 (Cumulative side area) 

    Layer: via2
      Partial area ratio:    0.32
      Required ratio:    6.00 (Gate area) 
      Cumulative area ratio:    0.90
      Required ratio:    0.00 (Cumulative area) 

    Layer: met3
      Partial area ratio:    0.99
      Required ratio:    0.00 (Gate area) 
      Cumulative area ratio:    6.94
      Required ratio:    0.00 (Cumulative area) 
      Partial area ratio:    9.02
      Required ratio:  400.00 (Side area) 
      Cumulative area ratio:   36.71
      Required ratio:    0.00 (Cumulative side area) 

    Layer: via3
      Partial area ratio:    0.32
      Required ratio:    6.00 (Gate area) 
      Cumulative area ratio:    1.22
      Required ratio:    0.00 (Cumulative area) 

    Layer: met4
      Partial area ratio:   59.95
      Required ratio:    0.00 (Gate area) 
      Cumulative area ratio:   66.89
      Required ratio:    0.00 (Cumulative area) 
      Partial area ratio:  321.30
      Required ratio: 2956.40 (Side area) 
      Cumulative area ratio:  358.01
      Required ratio:    0.00 (Cumulative side area) 


  Pin:   _5926_/A0 (sky130_fd_sc_hd__mux2_1)
    Layer: mcon
      Partial area ratio:    0.23
      Required ratio:    3.00 (Gate area) 
      Cumulative area ratio:    0.23
      Required ratio:    0.00 (Cumulative area) 

    Layer: met1
      Partial area ratio:  110.91
      Required ratio:    0.00 (Gate area) 
      Cumulative area ratio:  110.91
      Required ratio:    0.00 (Cumulative area) 
      Partial area ratio:  552.22
      Required ratio:  400.00 (Side area) (VIOLATED)
      Cumulative area ratio:  552.22
      Required ratio:    0.00 (Cumulative side area) 

    Layer: via
      Partial area ratio:    0.54
      Required ratio:    6.00 (Gate area) 
      Cumulative area ratio:    0.77
      Required ratio:    0.00 (Cumulative area) 

    Layer: met2
      Partial area ratio:    2.30
      Required ratio:    0.00 (Gate area) 
      Cumulative area ratio:  113.22
      Required ratio:    0.00 (Cumulative area) 
      Partial area ratio:   10.44
      Required ratio:  400.00 (Side area) 
      Cumulative area ratio:  562.67
      Required ratio:    0.00 (Cumulative side area) 

    Layer: via2
      Partial area ratio:    0.63
      Required ratio:    6.00 (Gate area) 
      Cumulative area ratio:    1.40
      Required ratio:    0.00 (Cumulative area) 

    Layer: met3
      Partial area ratio:   67.92
      Required ratio:    0.00 (Gate area) 
      Cumulative area ratio:  181.13
      Required ratio:    0.00 (Cumulative area) 
      Partial area ratio:  364.98
      Required ratio: 2956.40 (Side area) 
      Cumulative area ratio:  927.65
      Required ratio:    0.00 (Cumulative side area) 

    Layer: via3
      Partial area ratio:    0.24
      Required ratio:   38.08 (Gate area) 
      Cumulative area ratio:    1.64
      Required ratio:    0.00 (Cumulative area) 

    Layer: met4
      Partial area ratio:   59.95
      Required ratio:    0.00 (Gate area) 
      Cumulative area ratio:  241.08
      Required ratio:    0.00 (Cumulative area) 
      Partial area ratio:  321.30
      Required ratio: 2956.40 (Side area) 
      Cumulative area ratio: 1248.95
      Required ratio:    0.00 (Cumulative side area) 


  Pin:   fanout631/A (sky130_fd_sc_hd__clkdlybuf4s25_1)
    Layer: mcon
      Partial area ratio:    0.14
      Required ratio:    3.00 (Gate area) 
      Cumulative area ratio:    0.14
      Required ratio:    0.00 (Cumulative area) 

    Layer: met1
      Partial area ratio:    4.40
      Required ratio:    0.00 (Gate area) 
      Cumulative area ratio:    4.40
      Required ratio:    0.00 (Cumulative area) 
      Partial area ratio:   21.11
      Required ratio:  400.00 (Side area) 
      Cumulative area ratio:   21.11
      Required ratio:    0.00 (Cumulative side area) 

    Layer: via
      Partial area ratio:    0.21
      Required ratio:    6.00 (Gate area) 
      Cumulative area ratio:    0.35
      Required ratio:    0.00 (Cumulative area) 

    Layer: met2
      Partial area ratio:    0.88
      Required ratio:    0.00 (Gate area) 
      Cumulative area ratio:    5.27
      Required ratio:    0.00 (Cumulative area) 
      Partial area ratio:    4.04
      Required ratio:  400.00 (Side area) 
      Cumulative area ratio:   25.15
      Required ratio:    0.00 (Cumulative side area) 

    Layer: via2
      Partial area ratio:    0.19
      Required ratio:    6.00 (Gate area) 
      Cumulative area ratio:    0.53
      Required ratio:    0.00 (Cumulative area) 

    Layer: met3
      Partial area ratio:   67.92
      Required ratio:    0.00 (Gate area) 
      Cumulative area ratio:   73.19
      Required ratio:    0.00 (Cumulative area) 
      Partial area ratio:  364.98
      Required ratio: 2956.40 (Side area) 
      Cumulative area ratio:  390.13
      Required ratio:    0.00 (Cumulative side area) 

    Layer: via3
      Partial area ratio:    0.24
      Required ratio:   38.08 (Gate area) 
      Cumulative area ratio:    0.77
      Required ratio:    0.00 (Cumulative area) 

    Layer: met4
      Partial area ratio:   59.95
      Required ratio:    0.00 (Gate area) 
      Cumulative area ratio:  133.14
      Required ratio:    0.00 (Cumulative area) 
      Partial area ratio:  321.30
      Required ratio: 2956.40 (Side area) 
      Cumulative area ratio:  711.43
      Required ratio:    0.00 (Cumulative side area) 



Net: net848
  Pin:   fanout667/A (sky130_fd_sc_hd__clkdlybuf4s25_1)
    Layer: mcon
      Partial area ratio:    0.14
      Required ratio:    3.00 (Gate area) 
      Cumulative area ratio:    0.14
      Required ratio:    0.00 (Cumulative area) 

    Layer: met1
      Partial area ratio:    6.00
      Required ratio:    0.00 (Gate area) 
      Cumulative area ratio:    6.00
      Required ratio:    0.00 (Cumulative area) 
      Partial area ratio:   29.11
      Required ratio:  400.00 (Side area) 
      Cumulative area ratio:   29.11
      Required ratio:    0.00 (Cumulative side area) 

    Layer: via
      Partial area ratio:    0.21
      Required ratio:    6.00 (Gate area) 
      Cumulative area ratio:    0.35
      Required ratio:    0.00 (Cumulative area) 

    Layer: met2
      Partial area ratio:    0.88
      Required ratio:    0.00 (Gate area) 
      Cumulative area ratio:    6.87
      Required ratio:    0.00 (Cumulative area) 
      Partial area ratio:    4.04
      Required ratio:  400.00 (Side area) 
      Cumulative area ratio:   33.15
      Required ratio:    0.00 (Cumulative side area) 

    Layer: via2
      Partial area ratio:    0.19
      Required ratio:    6.00 (Gate area) 
      Cumulative area ratio:    0.53
      Required ratio:    0.00 (Cumulative area) 

    Layer: met3
      Partial area ratio:   40.06
      Required ratio:    0.00 (Gate area) 
      Cumulative area ratio:   46.93
      Required ratio:    0.00 (Cumulative area) 
      Partial area ratio:  218.03
      Required ratio:  400.00 (Side area) 
      Cumulative area ratio:  251.18
      Required ratio:    0.00 (Cumulative side area) 

    Layer: via3
      Partial area ratio:    0.38
      Required ratio:    6.00 (Gate area) 
      Cumulative area ratio:    0.91
      Required ratio:    0.00 (Cumulative area) 

    Layer: met4
      Partial area ratio:   65.81
      Required ratio:    0.00 (Gate area) 
      Cumulative area ratio:  112.74
      Required ratio:    0.00 (Cumulative area) 
      Partial area ratio:  351.83
      Required ratio: 2881.16 (Side area) 
      Cumulative area ratio:  603.01
      Required ratio:    0.00 (Cumulative side area) 


  Pin:   fanout682/A (sky130_fd_sc_hd__clkdlybuf4s25_1)
    Layer: mcon
      Partial area ratio:    0.14
      Required ratio:    3.00 (Gate area) 
      Cumulative area ratio:    0.14
      Required ratio:    0.00 (Cumulative area) 

    Layer: met1
      Partial area ratio:    5.54
      Required ratio:    0.00 (Gate area) 
      Cumulative area ratio:    5.54
      Required ratio:    0.00 (Cumulative area) 
      Partial area ratio:   26.84
      Required ratio:  400.00 (Side area) 
      Cumulative area ratio:   26.84
      Required ratio:    0.00 (Cumulative side area) 

    Layer: via
      Partial area ratio:    0.21
      Required ratio:    6.00 (Gate area) 
      Cumulative area ratio:    0.35
      Required ratio:    0.00 (Cumulative area) 

    Layer: met2
      Partial area ratio:   19.18
      Required ratio:    0.00 (Gate area) 
      Cumulative area ratio:   24.72
      Required ratio:    0.00 (Cumulative area) 
      Partial area ratio:   95.06
      Required ratio:  400.00 (Side area) 
      Cumulative area ratio:  121.90
      Required ratio:    0.00 (Cumulative side area) 

    Layer: via2
      Partial area ratio:    0.19
      Required ratio:    6.00 (Gate area) 
      Cumulative area ratio:    0.53
      Required ratio:    0.00 (Cumulative area) 

    Layer: met3
      Partial area ratio:   29.54
      Required ratio:    0.00 (Gate area) 
      Cumulative area ratio:   54.26
      Required ratio:    0.00 (Cumulative area) 
      Partial area ratio:  159.00
      Required ratio: 2881.16 (Side area) 
      Cumulative area ratio:  280.90
      Required ratio:    0.00 (Cumulative side area) 

    Layer: via3
      Partial area ratio:    0.06
      Required ratio:   31.30 (Gate area) 
      Cumulative area ratio:    0.60
      Required ratio:    0.00 (Cumulative area) 

    Layer: met4
      Partial area ratio:   65.81
      Required ratio:    0.00 (Gate area) 
      Cumulative area ratio:  120.07
      Required ratio:    0.00 (Cumulative area) 
      Partial area ratio:  351.83
      Required ratio: 2881.16 (Side area) 
      Cumulative area ratio:  632.73
      Required ratio:    0.00 (Cumulative side area) 


  Pin:   fanout698/A (sky130_fd_sc_hd__clkdlybuf4s25_1)
    Layer: mcon
      Partial area ratio:    0.14
      Required ratio:    3.00 (Gate area) 
      Cumulative area ratio:    0.14
      Required ratio:    0.00 (Cumulative area) 

    Layer: met1
      Partial area ratio:    8.77
      Required ratio:    0.00 (Gate area) 
      Cumulative area ratio:    8.77
      Required ratio:    0.00 (Cumulative area) 
      Partial area ratio:   42.61
      Required ratio: 2881.16 (Side area) 
      Cumulative area ratio:   42.61
      Required ratio:    0.00 (Cumulative side area) 

    Layer: via
      Partial area ratio:    0.21
      Required ratio:   31.30 (Gate area) 
      Cumulative area ratio:    0.35
      Required ratio:    0.00 (Cumulative area) 

    Layer: met2
      Partial area ratio:   10.22
      Required ratio:    0.00 (Gate area) 
      Cumulative area ratio:   19.00
      Required ratio:    0.00 (Cumulative area) 
      Partial area ratio:   50.50
      Required ratio: 2881.16 (Side area) 
      Cumulative area ratio:   93.11
      Required ratio:    0.00 (Cumulative side area) 

    Layer: via2
      Partial area ratio:    0.19
      Required ratio:   31.30 (Gate area) 
      Cumulative area ratio:    0.53
      Required ratio:    0.00 (Cumulative area) 

    Layer: met3
      Partial area ratio:   29.54
      Required ratio:    0.00 (Gate area) 
      Cumulative area ratio:   48.54
      Required ratio:    0.00 (Cumulative area) 
      Partial area ratio:  159.00
      Required ratio: 2881.16 (Side area) 
      Cumulative area ratio:  252.11
      Required ratio:    0.00 (Cumulative side area) 

    Layer: via3
      Partial area ratio:    0.06
      Required ratio:   31.30 (Gate area) 
      Cumulative area ratio:    0.60
      Required ratio:    0.00 (Cumulative area) 

    Layer: met4
      Partial area ratio:   65.81
      Required ratio:    0.00 (Gate area) 
      Cumulative area ratio:  114.35
      Required ratio:    0.00 (Cumulative area) 
      Partial area ratio:  351.83
      Required ratio: 2881.16 (Side area) 
      Cumulative area ratio:  603.94
      Required ratio:    0.00 (Cumulative side area) 


  Pin:   fanout740/A (sky130_fd_sc_hd__clkdlybuf4s25_1)
    Layer: mcon
      Partial area ratio:    0.14
      Required ratio:    3.00 (Gate area) 
      Cumulative area ratio:    0.14
      Required ratio:    0.00 (Cumulative area) 

    Layer: met1
      Partial area ratio:    8.77
      Required ratio:    0.00 (Gate area) 
      Cumulative area ratio:    8.77
      Required ratio:    0.00 (Cumulative area) 
      Partial area ratio:   42.61
      Required ratio: 2881.16 (Side area) 
      Cumulative area ratio:   42.61
      Required ratio:    0.00 (Cumulative side area) 

    Layer: via
      Partial area ratio:    0.21
      Required ratio:   31.30 (Gate area) 
      Cumulative area ratio:    0.35
      Required ratio:    0.00 (Cumulative area) 

    Layer: met2
      Partial area ratio:   10.22
      Required ratio:    0.00 (Gate area) 
      Cumulative area ratio:   19.00
      Required ratio:    0.00 (Cumulative area) 
      Partial area ratio:   50.50
      Required ratio: 2881.16 (Side area) 
      Cumulative area ratio:   93.11
      Required ratio:    0.00 (Cumulative side area) 

    Layer: via2
      Partial area ratio:    0.19
      Required ratio:   31.30 (Gate area) 
      Cumulative area ratio:    0.53
      Required ratio:    0.00 (Cumulative area) 

    Layer: met3
      Partial area ratio:   29.54
      Required ratio:    0.00 (Gate area) 
      Cumulative area ratio:   48.54
      Required ratio:    0.00 (Cumulative area) 
      Partial area ratio:  159.00
      Required ratio: 2881.16 (Side area) 
      Cumulative area ratio:  252.11
      Required ratio:    0.00 (Cumulative side area) 

    Layer: via3
      Partial area ratio:    0.06
      Required ratio:   31.30 (Gate area) 
      Cumulative area ratio:    0.60
      Required ratio:    0.00 (Cumulative area) 

    Layer: met4
      Partial area ratio:   65.81
      Required ratio:    0.00 (Gate area) 
      Cumulative area ratio:  114.35
      Required ratio:    0.00 (Cumulative area) 
      Partial area ratio:  351.83
      Required ratio: 2881.16 (Side area) 
      Cumulative area ratio:  603.94
      Required ratio:    0.00 (Cumulative side area) 


  Pin:   fanout790/A (sky130_fd_sc_hd__clkdlybuf4s25_1)
    Layer: mcon
      Partial area ratio:    0.14
      Required ratio:    3.00 (Gate area) 
      Cumulative area ratio:    0.14
      Required ratio:    0.00 (Cumulative area) 

    Layer: met1
      Partial area ratio:    4.10
      Required ratio:    0.00 (Gate area) 
      Cumulative area ratio:    4.10
      Required ratio:    0.00 (Cumulative area) 
      Partial area ratio:   19.64
      Required ratio:  400.00 (Side area) 
      Cumulative area ratio:   19.64
      Required ratio:    0.00 (Cumulative side area) 

    Layer: via
      Partial area ratio:    0.21
      Required ratio:    6.00 (Gate area) 
      Cumulative area ratio:    0.35
      Required ratio:    0.00 (Cumulative area) 

    Layer: met2
      Partial area ratio:    0.88
      Required ratio:    0.00 (Gate area) 
      Cumulative area ratio:    4.98
      Required ratio:    0.00 (Cumulative area) 
      Partial area ratio:    4.04
      Required ratio:  400.00 (Side area) 
      Cumulative area ratio:   23.68
      Required ratio:    0.00 (Cumulative side area) 

    Layer: via2
      Partial area ratio:    0.19
      Required ratio:    6.00 (Gate area) 
      Cumulative area ratio:    0.53
      Required ratio:    0.00 (Cumulative area) 

    Layer: met3
      Partial area ratio:    0.59
      Required ratio:    0.00 (Gate area) 
      Cumulative area ratio:    5.57
      Required ratio:    0.00 (Cumulative area) 
      Partial area ratio:    5.33
      Required ratio:  400.00 (Side area) 
      Cumulative area ratio:   29.02
      Required ratio:    0.00 (Cumulative side area) 

    Layer: via3
      Partial area ratio:    0.19
      Required ratio:    6.00 (Gate area) 
      Cumulative area ratio:    0.72
      Required ratio:    0.00 (Cumulative area) 

    Layer: met4
      Partial area ratio:   65.81
      Required ratio:    0.00 (Gate area) 
      Cumulative area ratio:   71.38
      Required ratio:    0.00 (Cumulative area) 
      Partial area ratio:  351.83
      Required ratio: 2881.16 (Side area) 
      Cumulative area ratio:  380.85
      Required ratio:    0.00 (Cumulative side area) 


  Pin:   fanout803/A (sky130_fd_sc_hd__clkdlybuf4s25_1)
    Layer: mcon
      Partial area ratio:    0.14
      Required ratio:    3.00 (Gate area) 
      Cumulative area ratio:    0.14
      Required ratio:    0.00 (Cumulative area) 

    Layer: met1
      Partial area ratio:    4.41
      Required ratio:    0.00 (Gate area) 
      Cumulative area ratio:    4.41
      Required ratio:    0.00 (Cumulative area) 
      Partial area ratio:   21.20
      Required ratio:  400.00 (Side area) 
      Cumulative area ratio:   21.20
      Required ratio:    0.00 (Cumulative side area) 

    Layer: via
      Partial area ratio:    0.21
      Required ratio:    6.00 (Gate area) 
      Cumulative area ratio:    0.35
      Required ratio:    0.00 (Cumulative area) 

    Layer: met2
      Partial area ratio:   55.79
      Required ratio:    0.00 (Gate area) 
      Cumulative area ratio:   60.20
      Required ratio:    0.00 (Cumulative area) 
      Partial area ratio:  277.08
      Required ratio:  400.00 (Side area) 
      Cumulative area ratio:  298.28
      Required ratio:    0.00 (Cumulative side area) 

    Layer: via2
      Partial area ratio:    0.56
      Required ratio:    6.00 (Gate area) 
      Cumulative area ratio:    0.91
      Required ratio:    0.00 (Cumulative area) 

    Layer: met3
      Partial area ratio:   78.50
      Required ratio:    0.00 (Gate area) 
      Cumulative area ratio:  138.70
      Required ratio:    0.00 (Cumulative area) 
      Partial area ratio:  421.60
      Required ratio:  400.00 (Side area) (VIOLATED)
      Cumulative area ratio:  719.88
      Required ratio:    0.00 (Cumulative side area) 

    Layer: via3
      Partial area ratio:    0.06
      Required ratio:    6.00 (Gate area) 
      Cumulative area ratio:    0.97
      Required ratio:    0.00 (Cumulative area) 

    Layer: met4
      Partial area ratio:   65.81
      Required ratio:    0.00 (Gate area) 
      Cumulative area ratio:  204.51
      Required ratio:    0.00 (Cumulative area) 
      Partial area ratio:  351.83
      Required ratio: 2881.16 (Side area) 
      Cumulative area ratio: 1071.71
      Required ratio:    0.00 (Cumulative side area) 


  Pin:   fanout817/A (sky130_fd_sc_hd__clkdlybuf4s25_1)
    Layer: mcon
      Partial area ratio:    0.14
      Required ratio:    3.00 (Gate area) 
      Cumulative area ratio:    0.14
      Required ratio:    0.00 (Cumulative area) 

    Layer: met1
      Partial area ratio:    1.88
      Required ratio:    0.00 (Gate area) 
      Cumulative area ratio:    1.88
      Required ratio:    0.00 (Cumulative area) 
      Partial area ratio:    8.53
      Required ratio:  400.00 (Side area) 
      Cumulative area ratio:    8.53
      Required ratio:    0.00 (Cumulative side area) 

    Layer: via
      Partial area ratio:    0.21
      Required ratio:    6.00 (Gate area) 
      Cumulative area ratio:    0.35
      Required ratio:    0.00 (Cumulative area) 

    Layer: met2
      Partial area ratio:    0.88
      Required ratio:    0.00 (Gate area) 
      Cumulative area ratio:    2.76
      Required ratio:    0.00 (Cumulative area) 
      Partial area ratio:    4.04
      Required ratio:  400.00 (Side area) 
      Cumulative area ratio:   12.58
      Required ratio:    0.00 (Cumulative side area) 

    Layer: via2
      Partial area ratio:    0.19
      Required ratio:    6.00 (Gate area) 
      Cumulative area ratio:    0.53
      Required ratio:    0.00 (Cumulative area) 

    Layer: met3
      Partial area ratio:   78.50
      Required ratio:    0.00 (Gate area) 
      Cumulative area ratio:   81.26
      Required ratio:    0.00 (Cumulative area) 
      Partial area ratio:  421.60
      Required ratio:  400.00 (Side area) (VIOLATED)
      Cumulative area ratio:  434.17
      Required ratio:    0.00 (Cumulative side area) 

    Layer: via3
      Partial area ratio:    0.06
      Required ratio:    6.00 (Gate area) 
      Cumulative area ratio:    0.60
      Required ratio:    0.00 (Cumulative area) 

    Layer: met4
      Partial area ratio:   65.81
      Required ratio:    0.00 (Gate area) 
      Cumulative area ratio:  147.07
      Required ratio:    0.00 (Cumulative area) 
      Partial area ratio:  351.83
      Required ratio: 2881.16 (Side area) 
      Cumulative area ratio:  786.00
      Required ratio:    0.00 (Cumulative side area) 


  Pin:   fanout847/A (sky130_fd_sc_hd__clkdlybuf4s25_1)
    Layer: mcon
      Partial area ratio:    0.14
      Required ratio:    3.00 (Gate area) 
      Cumulative area ratio:    0.14
      Required ratio:    0.00 (Cumulative area) 

    Layer: met1
      Partial area ratio:    2.46
      Required ratio:    0.00 (Gate area) 
      Cumulative area ratio:    2.46
      Required ratio:    0.00 (Cumulative area) 
      Partial area ratio:   11.41
      Required ratio:  400.00 (Side area) 
      Cumulative area ratio:   11.41
      Required ratio:    0.00 (Cumulative side area) 

    Layer: via
      Partial area ratio:    0.21
      Required ratio:    6.00 (Gate area) 
      Cumulative area ratio:    0.35
      Required ratio:    0.00 (Cumulative area) 

    Layer: met2
      Partial area ratio:   19.18
      Required ratio:    0.00 (Gate area) 
      Cumulative area ratio:   21.64
      Required ratio:    0.00 (Cumulative area) 
      Partial area ratio:   95.06
      Required ratio:  400.00 (Side area) 
      Cumulative area ratio:  106.47
      Required ratio:    0.00 (Cumulative side area) 

    Layer: via2
      Partial area ratio:    0.19
      Required ratio:    6.00 (Gate area) 
      Cumulative area ratio:    0.53
      Required ratio:    0.00 (Cumulative area) 

    Layer: met3
      Partial area ratio:   78.50
      Required ratio:    0.00 (Gate area) 
      Cumulative area ratio:  100.14
      Required ratio:    0.00 (Cumulative area) 
      Partial area ratio:  421.60
      Required ratio:  400.00 (Side area) (VIOLATED)
      Cumulative area ratio:  528.07
      Required ratio:    0.00 (Cumulative side area) 

    Layer: via3
      Partial area ratio:    0.06
      Required ratio:    6.00 (Gate area) 
      Cumulative area ratio:    0.60
      Required ratio:    0.00 (Cumulative area) 

    Layer: met4
      Partial area ratio:   65.81
      Required ratio:    0.00 (Gate area) 
      Cumulative area ratio:  165.95
      Required ratio:    0.00 (Cumulative area) 
      Partial area ratio:  351.83
      Required ratio: 2881.16 (Side area) 
      Cumulative area ratio:  879.90
      Required ratio:    0.00 (Cumulative side area) 



[INFO ANT-0002] Found 33 net violations.
[INFO ANT-0001] Found 63 pin violations.
