net,length_um
_01351_,1.16001mm
_01034_,1.03376mm
_01032_,875.92µm
_01035_,850.48µm
_00822_,813.52µm
net82,806.69µm
_01357_,786.99µm
_09268_,761.53µm
_03641_,757.8µm
net2077,740.345µm
_01039_,723.3µm
uo_out[5],717.14µm
net85,708.4µm
net32,708.11µm
net86,686.36µm
_01348_,676.42µm
_03769_,670.6µm
u_aes128_baseline.u_aes_core.state_reg\[35\],669.22µm
_00799_,667.72µm
_08989_,665.12µm
net84,662.01µm
net92,661.35µm
_08835_,651.31µm
_01037_,648.04µm
_08162_,644.51µm
key_reg\[99\],637.4µm
net96,629.92µm
_08872_,629.11µm
_01036_,627.53µm
u_aes128_baseline.u_aes_core.state_reg\[81\],623.34µm
net83,620.57µm
_08704_,617.17µm
clknet_0_clk,615.21µm
net18,613.06µm
clk,610.85µm
net178,605.73µm
_09359_,603.46µm
net91,601.44µm
_02684_,591.47µm
net901,590.03µm
_09340_,589.76µm
net21,582.95µm
net19,581.14µm
_09270_,578.83µm
net23,575.47µm
u_aes128_baseline.u_aes_core.state_reg\[42\],566.68µm
_07573_,564.39µm
_01038_,564.37µm
net90,561.35µm
_09206_,552.41µm
net1628,550.695µm
_09264_,546.86µm
_00818_,546µm
_02996_,544.015µm
net899,539.42µm
_00834_,525.48µm
_04347_,522.92µm
_02515_,521.105µm
uo_out[2],519.74µm
_09288_,518.41µm
_04076_,516.6µm
_04195_,513.44µm
u_aes128_baseline.u_aes_core.state_reg\[26\],510.84µm
_09214_,507.49µm
_02929_,506.16µm
net44,504.32µm
net24,500.9µm
_07595_,496.43µm
u_aes128_baseline.u_aes_core.state_reg\[33\],493.74µm
net373,491.76µm
_01030_,491.28µm
done_latched,488.92µm
_09361_,487.16µm
_01355_,485.05µm
net89,484.99µm
_01356_,484.64µm
net1060,482.165µm
_03363_,481.32µm
_03776_,481.3µm
_02870_,480.56µm
_01050_,479.29µm
_09248_,478.73µm
_09334_,475.52µm
_04459_,474.75µm
_09276_,471.5µm
_09278_,470.28µm
plaintext_reg\[100\],468.075µm
_01566_,467.71µm
uo_out[1],467.12µm
clknet_leaf_14_clk,466.78µm
_09338_,465.84µm
_01204_,463.3µm
net16,461.4µm
_03919_,459.37µm
u_aes128_baseline.u_aes_core.state_reg\[121\],459.12µm
net20,458.16µm
u_aes128_baseline.u_aes_core.state_reg\[123\],458.11µm
_01049_,455.85µm
_03536_,455.38µm
_07516_,453.25µm
_09212_,451.74µm
uo_out[4],450.58µm
net354,448.76µm
u_aes128_baseline.u_aes_core.state_reg\[34\],448.69µm
clknet_3_7_0_clk,448.39µm
u_aes128_baseline.u_aes_core.round_key_reg\[20\],448.02µm
net235,444.91µm
uo_out[3],444.33µm
uo_out[6],444.05µm
_09204_,443.44µm
_02715_,443.4µm
ciphertext_reg\[108\],442.94µm
_09053_,439.8µm
net95,439.76µm
_09184_,439.325µm
_07569_,438.91µm
_06912_,438.28µm
_03613_,437.555µm
uo_out[7],435.51µm
uo_out[0],434.61µm
net42,433.82µm
_09332_,433.135µm
_09304_,432.4µm
u_aes128_baseline.u_aes_core.state_reg\[25\],431.26µm
_03028_,430.34µm
net136,429.69µm
_09202_,427.42µm
net965,425µm
key_reg\[100\],422.57µm
_08776_,416.92µm
net145,416.86µm
u_aes128_baseline.u_aes_core.state_reg\[122\],416.73µm
u_aes128_baseline.u_aes_core.state_reg\[126\],413.74µm
u_aes128_baseline.u_aes_core.round_key_reg\[21\],413.2µm
_09252_,410.23µm
_09348_,406.66µm
_09208_,406.27µm
net1620,405.11µm
net143,404.49µm
key_reg\[1\],403.79µm
u_aes128_baseline.u_aes_core.state_reg\[125\],402.5µm
u_aes128_baseline.u_aes_core.state_reg\[28\],401.63µm
_05332_,400.88µm
net22,400.42µm
net98,397.74µm
u_aes128_baseline.u_aes_core.state_reg\[127\],397.66µm
net1646,397.34µm
u_aes128_baseline.u_aes_core.state_reg\[31\],397.13µm
key_reg\[97\],396.69µm
ciphertext_reg\[117\],395.76µm
_04859_,395.34µm
net1976,393.56µm
_02133_,391.76µm
u_aes128_baseline.u_aes_core.state_reg\[32\],391.28µm
net1988,390.84µm
u_aes128_baseline.u_aes_core.round_key_reg\[17\],390.74µm
plaintext_reg\[97\],390.62µm
_01347_,389.58µm
net109,389.45µm
ciphertext_reg\[127\],388.56µm
_05402_,388.39µm
clknet_3_5_0_clk,388.32µm
_09244_,388.06µm
net1377,387.81µm
net97,387.59µm
_01350_,384.61µm
net944,383.88µm
net81,383.67µm
_09196_,383.5µm
_08485_,382.52µm
_02390_,381.48µm
_08807_,379.65µm
_08323_,378.61µm
net1989,376.67µm
_09187_,376.09µm
_08158_,375.96µm
net372,375.83µm
net1127,375.82µm
net25,374.86µm
_00820_,374.04µm
_01033_,373.09µm
_00859_,372.84µm
_03643_,372.81µm
net1635,370.845µm
uio_out[5],370.47µm
_09246_,369.46µm
_07526_,369.3µm
net587,368.95µm
_05713_,367.56µm
_09198_,367.5µm
_07623_,364.38µm
net146,363.51µm
u_aes128_baseline.u_aes_core.state_reg\[24\],363.29µm
net1647,362.865µm
_01029_,362.11µm
net1188,359.42µm
_03464_,358.86µm
_03633_,358.08µm
_08929_,357.87µm
net370,355.32µm
u_aes128_baseline.u_aes_core.state_reg\[15\],354.88µm
_03405_,353.32µm
net646,349.12µm
net608,348.83µm
net1378,348.56µm
_09254_,345.78µm
plaintext_reg\[101\],345.6µm
net353,345.38µm
net878,345.2µm
_01364_,343.17µm
clknet_3_4_0_clk,342.54µm
net198,342.37µm
_00870_,341.98µm
net3,341.44µm
net860,341.01µm
_00801_,340.04µm
_03246_,339.92µm
_04306_,339.72µm
_08899_,339.64µm
_09188_,337.8µm
u_aes128_baseline.u_aes_core.round_key_reg\[5\],337.73µm
_09190_,337.66µm
_08204_,336.84µm
_05874_,336.54µm
_05911_,334.63µm
clknet_3_2_0_clk,334.36µm
_03541_,333.86µm
_02262_,333µm
net2044,332.71µm
clknet_3_6_0_clk,331.05µm
plaintext_reg\[99\],330µm
net255,328.895µm
_01384_,328.31µm
net2079,327.7µm
net775,327.63µm
_09282_,327.08µm
_06592_,326.04µm
net603,325.31µm
u_aes128_baseline.u_aes_core.state_reg\[77\],324.12µm
net1944,323.7µm
_01863_,321.82µm
net220,321.57µm
_02612_,320.22µm
u_aes128_baseline.u_aes_core.round_key_reg\[9\],318.02µm
_03600_,317.56µm
_00836_,317.55µm
clknet_3_0_0_clk,316.94µm
net2078,316.15µm
_05805_,315.6µm
_09300_,314.72µm
_03958_,314.02µm
net1010,310.355µm
_01376_,310.235µm
key_reg\[4\],309.705µm
_03209_,308.64µm
_04962_,307.55µm
plaintext_reg\[24\],307.48µm
_09186_,307.2µm
net107,307.05µm
net302,306.85µm
_07324_,306.81µm
_09210_,306.8µm
_07481_,304.78µm
_09200_,304.16µm
net276,304.14µm
_09298_,303.14µm
net254,303.01µm
_04422_,302.06µm
_09314_,301.86µm
_03498_,301.68µm
net854,301.5µm
net992,300.91µm
_03682_,300.58µm
_09330_,300.25µm
key_reg\[24\],299.49µm
_00866_,299.02µm
net278,298.345µm
_03455_,297.8µm
clknet_3_1_0_clk,297.29µm
net1990,296.41µm
_05469_,295.39µm
_00874_,294.82µm
_09346_,294.56µm
net497,294.28µm
net478,294.12µm
_05837_,294.06µm
u_aes128_baseline.u_aes_core.state_reg\[27\],293.74µm
u_aes128_baseline.u_aes_core.state_reg\[45\],293.62µm
u_aes128_baseline.u_aes_core.state_reg\[89\],293.54µm
net907,293.4µm
_08513_,293.33µm
_05498_,292.43µm
_00861_,291.14µm
_04385_,290.5µm
u_aes128_baseline.u_aes_core.round_key_reg\[10\],288.19µm
net1398,287.55µm
_03608_,287.49µm
_05336_,287.48µm
net601,287.36µm
net619,287.36µm
u_aes128_baseline.u_aes_core.state_reg\[99\],287.18µm
net1204,286.34µm
_01612_,285.8µm
net520,285.74µm
net1975,284.01µm
_07290_,283.13µm
_09250_,282.7µm
net1353,282.6µm
_09274_,282.52µm
net137,282.07µm
key_reg\[101\],281.43µm
_00803_,280.54µm
_00807_,279.34µm
_07730_,279.06µm
u_aes128_baseline.u_aes_core.round_key_reg\[6\],278.86µm
_01812_,278.81µm
_07521_,276.88µm
net243,276.66µm
net908,276.315µm
_05653_,275.5µm
net328,274.015µm
_04082_,273.84µm
plaintext_reg\[4\],273.74µm
net493,273.735µm
net1900,272.57µm
_00868_,272.42µm
u_aes128_baseline.u_aes_core.round_key_reg\[18\],271.97µm
net863,271.73µm
_03053_,270.98µm
plaintext_reg\[102\],270.86µm
_07500_,270.74µm
net366,270.08µm
ciphertext_reg\[4\],269.4µm
_01379_,269.31µm
net774,268.97µm
net876,268.67µm
key_reg\[102\],268.55µm
net208,268.27µm
_05924_,267.9µm
_02683_,267.86µm
_03700_,267.79µm
net395,267.58µm
_04654_,267.32µm
_09194_,267.32µm
net1033,267.28µm
net252,266.36µm
_03735_,265.94µm
_07098_,265.9µm
_09316_,265.9µm
_01233_,265.74µm
_09192_,265.52µm
net784,265.425µm
clknet_leaf_1_clk,265.2µm
ciphertext_reg\[113\],264.62µm
u_aes128_baseline.u_aes_core.state_reg\[29\],264.34µm
net598,264.14µm
_04758_,262.93µm
net501,262.81µm
_08737_,262.68µm
net142,262.22µm
u_aes128_baseline.u_aes_core.round_key_reg\[2\],261.66µm
net385,261.63µm
_09183_,261.24µm
net1160,261.02µm
net538,259.94µm
clknet_leaf_37_clk,259.6µm
net4,259.48µm
net555,259.425µm
_03671_,258.95µm
_07863_,258.71µm
net381,258.62µm
key_reg\[27\],258.56µm
net785,258.47µm
_07839_,258.32µm
clknet_3_3_0_clk,258.31µm
_06402_,258.25µm
net776,258.04µm
_01254_,257.31µm
net419,257.23µm
_04099_,256.31µm
_02743_,256.23µm
u_aes128_baseline.u_aes_core.state_reg\[78\],256.16µm
_00816_,255.84µm
_03747_,255.29µm
ciphertext_reg\[123\],255.28µm
_01211_,254.77µm
_02023_,254.71µm
_00895_,254.66µm
net326,254.23µm
net444,253.41µm
_06415_,252.57µm
net696,252.18µm
_08479_,252.08µm
_09238_,252.06µm
net656,251.92µm
net277,251.66µm
_06556_,251.39µm
net1443,251.26µm
_01283_,251.17µm
key_reg\[96\],251.04µm
net186,250.58µm
net1020,250.52µm
u_aes128_baseline.u_aes_core.round_key_reg\[23\],250.33µm
ciphertext_reg\[119\],249.99µm
net265,249.82µm
net903,249.69µm
_01795_,249.63µm
net546,249.125µm
clknet_leaf_36_clk,249.06µm
u_aes128_baseline.u_aes_core.state_reg\[7\],248.32µm
_00838_,248.1µm
net100,248.04µm
net889,247.78µm
ciphertext_reg\[60\],247.72µm
net632,247.315µm
_05098_,247.18µm
ciphertext_reg\[5\],244.79µm
net508,244.19µm
net397,243.99µm
net433,243.81µm
u_aes128_baseline.u_aes_core.state_reg\[43\],243.78µm
_01988_,243.685µm
net1093,243.58µm
net865,243.49µm
plaintext_reg\[96\],243.17µm
_01284_,243.11µm
_09312_,243.1µm
u_aes128_baseline.u_aes_core.state_reg\[91\],242.79µm
_07580_,242µm
net773,241.965µm
plaintext_reg\[51\],241.7µm
net6,241.26µm
net350,241.255µm
net9,241.24µm
_03569_,241.16µm
_01302_,240.97µm
net684,240.945µm
_09242_,240.86µm
_03689_,240.625µm
_09266_,240.32µm
_04902_,240.3µm
net635,240.165µm
_04663_,239.81µm
ciphertext_reg\[112\],239.68µm
_05186_,239.58µm
_07632_,239.26µm
_01723_,239.22µm
net275,239.2µm
_06416_,238.74µm
_02014_,238.695µm
net457,238.39µm
_07069_,238.31µm
net5,238.22µm
net549,238.115µm
net698,237.94µm
_04381_,237.66µm
net467,237.47µm
_04669_,237.42µm
net847,236.8µm
net247,236.72µm
net45,236.44µm
net93,236.38µm
_08957_,236.2µm
net211,235.915µm
_07551_,235.84µm
net452,235.74µm
clknet_leaf_27_clk,235.66µm
key_reg\[103\],235.62µm
net270,235.28µm
_08096_,235.125µm
net722,234.7µm
net868,234.43µm
net232,234.075µm
net665,233.57µm
net1187,233.38µm
net921,233.13µm
net659,232.86µm
net460,232.71µm
net216,232.705µm
_03281_,232.425µm
net1777,232.4µm
net535,232.16µm
_02165_,232.14µm
_03526_,232.04µm
net491,231.95µm
_09065_,231.79µm
_04644_,231.61µm
_03661_,231.56µm
ciphertext_reg\[124\],231.08µm
_08548_,231.04µm
net191,230.97µm
net1158,230.89µm
net1615,230.75µm
ciphertext_reg\[52\],230.74µm
net382,230.56µm
net886,230.545µm
_03260_,230.33µm
_04256_,230.32µm
net1678,230.23µm
net1584,230.215µm
_04782_,230.2µm
net1351,230.14µm
net357,230.06µm
net398,229.86µm
_02070_,229.81µm
_04862_,229.68µm
_03902_,229.105µm
net362,229.05µm
_06710_,228.74µm
net824,228.67µm
_01288_,228.65µm
net765,228.57µm
_09219_,228.52µm
net528,228.5µm
net427,228.02µm
net759,227.945µm
u_aes128_baseline.u_aes_core.state_reg\[92\],227.66µm
net872,227.285µm
_03494_,227.26µm
net2012,227.18µm
_01902_,227.08µm
net358,227µm
_06262_,226.91µm
net525,226.895µm
net1775,226.83µm
net736,226.65µm
net812,226.65µm
u_aes128_baseline.u_aes_core.state_reg\[44\],226.5µm
net1729,226.38µm
net1870,226.1µm
net227,226.06µm
net26,226.02µm
_04692_,225.99µm
net1985,225.75µm
u_aes128_baseline.u_aes_core.state_reg\[120\],225.69µm
net1568,225.675µm
net1063,225.63µm
_07476_,225.32µm
net544,225.31µm
net1625,225.31µm
_06012_,225.2µm
net1404,225.01µm
net10,224.68µm
_05906_,224.59µm
net194,224.21µm
net387,224.105µm
net490,223.855µm
_08365_,223.7µm
_00832_,223.36µm
u_aes128_baseline.u_aes_core.round_key_reg\[30\],223.2µm
_02898_,222.9µm
net806,222.87µm
u_aes128_baseline.u_aes_core.state_reg\[111\],222.785µm
net454,222.58µm
_09319_,222.54µm
_08009_,222.125µm
net640,222.06µm
_04728_,221.705µm
_04761_,221.67µm
_04829_,221.615µm
u_aes128_baseline.u_aes_core.state_reg\[103\],221.58µm
net412,221.485µm
net798,221.21µm
net27,221.18µm
net553,221.1µm
net846,221.005µm
net94,220.97µm
u_aes128_baseline.u_aes_core.round_key_reg\[1\],220.86µm
_04650_,220.81µm
_09320_,220.78µm
_05970_,220.6µm
_07354_,220.28µm
net1436,220.09µm
net396,220.02µm
_01711_,219.97µm
net836,219.71µm
clknet_leaf_61_clk,219.66µm
_05308_,219.65µm
_01246_,219.55µm
_08020_,219.505µm
_01294_,219.175µm
net435,219.09µm
_07036_,219.06µm
net905,219.06µm
_04665_,219.035µm
_04783_,218.73µm
net468,218.67µm
net895,218.59µm
net28,218.52µm
_01740_,218.27µm
_01624_,217.8µm
net1599,217.625µm
net498,217.61µm
net711,217.59µm
clknet_leaf_13_clk,217.5µm
net589,217.47µm
net361,217.41µm
net8,217.38µm
_04647_,217.085µm
_07679_,216.74µm
net958,216.59µm
_03673_,216.47µm
_02963_,216.26µm
net400,216.115µm
net960,215.965µm
_07873_,215.82µm
net692,215.515µm
_09296_,215.5µm
_03665_,215.4µm
_06108_,215.28µm
_06063_,215.18µm
net41,214.94µm
net201,214.6µm
_01324_,214.4µm
net667,214.35µm
_03249_,214.32µm
_05016_,214.22µm
_07655_,214.185µm
net724,214.17µm
u_aes128_baseline.u_aes_core.round_key_reg\[4\],214.1µm
net1626,214.04µm
_06285_,214.02µm
net1758,214µm
net1679,212.76µm
net1589,212.73µm
_06167_,212.69µm
net869,212.55µm
net741,212.42µm
net230,212.275µm
_01381_,212.205µm
_01527_,212.18µm
_01996_,212.1µm
_07945_,211.84µm
net735,211.71µm
_02270_,211.67µm
net1059,211.66µm
net342,211.55µm
key_reg\[29\],211.46µm
_05933_,211.24µm
net805,211.2µm
ciphertext_wire\[121\],211µm
net337,210.92µm
_04520_,210.915µm
_06277_,210.855µm
net511,210.85µm
net66,210.76µm
net167,210.68µm
net241,210.66µm
net548,210.6µm
_07995_,210.565µm
net87,210.44µm
net892,210.44µm
ciphertext_reg\[51\],210.4µm
_01674_,210.3µm
net683,210.3µm
net660,210.28µm
clknet_leaf_39_clk,210.24µm
_07996_,210.13µm
net1728,210.03µm
net505,209.935µm
_01374_,209.9µm
net258,209.86µm
_01945_,209.7µm
_04682_,209.6µm
net1532,209.48µm
_04763_,209.45µm
_06271_,209.45µm
net881,209.17µm
_01227_,208.63µm
ciphertext_reg\[1\],208.38µm
net1681,208.26µm
ciphertext_wire\[122\],207.99µm
_08011_,207.98µm
_01336_,207.94µm
net783,207.88µm
_07908_,207.78µm
net1052,207.77µm
net432,207.63µm
net7,207.52µm
net510,207.51µm
net188,207.33µm
_03267_,207.315µm
_07918_,207.26µm
net2076,207.24µm
_06259_,207.16µm
net703,207.15µm
ciphertext_reg\[24\],206.98µm
_04794_,206.72µm
net253,206.65µm
net1630,206.21µm
ciphertext_reg\[0\],206.1µm
net464,205.77µm
net526,205.615µm
net479,205.57µm
_01464_,205.56µm
net411,205.36µm
net407,205.205µm
_01956_,205.06µm
net418,205.035µm
net88,205.02µm
_01722_,204.975µm
net206,204.91µm
_01264_,204.9µm
net2011,204.9µm
net116,204.82µm
net1916,204.79µm
_05162_,204.77µm
_01463_,204.615µm
_04090_,204.57µm
plaintext_reg\[37\],204.1µm
_02040_,204.09µm
_04091_,203.935µm
_04550_,203.81µm
u_aes128_baseline.u_aes_core.state_reg\[30\],203.79µm
_01052_,203.16µm
net274,203.11µm
_08194_,202.995µm
_03778_,202.925µm
net1447,202.83µm
net368,202.62µm
_07853_,202.48µm
_04711_,202.34µm
_03415_,202.32µm
_01481_,202.2µm
net649,202.18µm
_08328_,202.16µm
net349,202.15µm
net513,202.13µm
net249,202.095µm
net245,202µm
_08610_,201.94µm
u_aes128_baseline.u_aes_core.state_reg\[38\],201.82µm
_05955_,201.74µm
net1360,201.71µm
u_aes128_baseline.u_aes_core.round_key_reg\[25\],201.54µm
_05624_,201.45µm
net1902,201.35µm
_07843_,201.285µm
net377,201.23µm
net1296,201.225µm
_07766_,201.18µm
net1823,201.08µm
net811,200.93µm
net551,200.9µm
net1806,200.73µm
net609,200.44µm
net193,200.42µm
net630,200.34µm
net873,200.24µm
net138,200.19µm
_04562_,200.13µm
ciphertext_reg\[115\],200.11µm
_06144_,200.09µm
net184,199.925µm
net469,199.89µm
_03314_,199.51µm
net244,199.27µm
net271,198.99µm
u_aes128_baseline.u_aes_core.state_reg\[23\],198.855µm
_01983_,198.77µm
_02645_,198.7µm
_01273_,198.69µm
net115,198.68µm
net415,198.665µm
_06188_,198.61µm
net219,198.32µm
net771,197.42µm
net823,197.345µm
u_aes128_baseline.u_aes_core.round_key_reg\[3\],197.2µm
_04765_,197.13µm
net732,196.805µm
net30,196.78µm
net1355,196.715µm
_06040_,196.64µm
_01650_,195.98µm
net1435,195.94µm
_05439_,195.92µm
net532,195.78µm
net294,195.7µm
net1579,195.6µm
_09236_,195.5µm
net700,195.17µm
net1205,195.13µm
net866,195µm
net835,194.9µm
_01040_,194.66µm
net875,194.64µm
ciphertext_reg\[67\],194.44µm
_04092_,194.415µm
_02004_,194.41µm
net181,194.395µm
net1704,193.96µm
net447,193.93µm
net458,193.86µm
_06551_,193.79µm
_08068_,193.59µm
u_aes128_baseline.u_aes_core.round_key_reg\[0\],193.45µm
net484,193.45µm
plaintext_reg\[41\],193.3µm
_06786_,193.29µm
net386,193.27µm
_04675_,192.94µm
net897,192.775µm
net272,192.75µm
net364,192.74µm
net627,192.735µm
_01808_,192.72µm
net475,192.72µm
net713,192.57µm
_07793_,192.52µm
_03997_,192.48µm
net1209,192.46µm
_01249_,192.45µm
net1533,192.43µm
net515,192.42µm
_01251_,192.1µm
_01716_,192.045µm
net1058,191.92µm
_01994_,191.9µm
net344,191.85µm
net1302,191.56µm
net234,191.5µm
net482,191.44µm
net196,191.37µm
net341,191.36µm
_01368_,191.16µm
net1343,190.98µm
net140,190.84µm
net149,190.74µm
_01786_,190.69µm
net655,190.51µm
net1488,190.44µm
net809,190.34µm
_09069_,190.33µm
net248,190.26µm
clknet_leaf_26_clk,190.17µm
net238,190.15µm
_06041_,190.075µm
net620,190.02µm
net757,190µm
_01245_,189.94µm
_01632_,189.89µm
_08069_,189.795µm
net1824,189.62µm
net251,189.565µm
_01505_,189.42µm
net861,189.325µm
net213,189.27µm
net625,189.19µm
_06054_,189.15µm
net557,189.13µm
_09112_,188.98µm
_09353_,188.96µm
net380,188.85µm
net894,188.68µm
_06424_,188.52µm
net1044,188.49µm
net697,188.485µm
ciphertext_reg\[125\],188.44µm
_01267_,188.395µm
_01889_,188.365µm
_07650_,188.21µm
net1847,188.2µm
_02058_,188.13µm
_05019_,188.08µm
net155,188.08µm
_04772_,188.01µm
net676,187.87µm
clknet_leaf_57_clk,187.78µm
_01240_,187.77µm
_01326_,187.71µm
net1380,187.71µm
net416,187.655µm
net1981,187.61µm
net1629,187.58µm
net1898,187.55µm
_06168_,187.43µm
_04106_,187.415µm
_06387_,187.4µm
_09108_,187.24µm
_01310_,187.19µm
net963,187.055µm
net859,187µm
_04199_,186.87µm
net1923,186.85µm
_03684_,186.74µm
u_aes128_baseline.u_aes_core.state_reg\[47\],186.73µm
_02661_,186.61µm
net807,186.36µm
net1801,186.26µm
_08744_,186.24µm
net319,186.12µm
net1582,185.98µm
net545,185.96µm
net825,185.87µm
net1539,185.82µm
_01623_,185.785µm
net1354,185.71µm
net1255,185.47µm
net466,185.38µm
net688,185.38µm
ciphertext_reg\[105\],185.34µm
net1434,185.2µm
net1929,185.17µm
_09020_,185µm
_06414_,184.7µm
_07851_,184.625µm
net367,184.54µm
net1520,184.52µm
ciphertext_reg\[91\],184.485µm
_09284_,184.48µm
_01614_,184.34µm
_06164_,184.17µm
_03660_,184.14µm
net291,184.1µm
_04539_,184.02µm
net623,183.965µm
net877,183.95µm
net1761,183.95µm
net1126,183.88µm
net496,183.525µm
net392,183.36µm
_07803_,183.33µm
ciphertext_reg\[59\],183.18µm
net281,183.18µm
_06388_,183.155µm
clknet_leaf_21_clk,183.07µm
net902,183µm
net343,182.975µm
_01485_,182.95µm
_01329_,182.84µm
net1808,182.65µm
_01483_,182.64µm
net527,182.56µm
net431,182.44µm
net1161,182.395µm
_01705_,182.26µm
key_reg\[109\],182.235µm
net664,182.17µm
net574,182.08µm
_01865_,181.805µm
_02039_,181.77µm
net1104,181.705µm
_07415_,181.62µm
net1770,181.61µm
clknet_leaf_19_clk,181.48µm
net1773,181.45µm
net1005,181.27µm
net1193,181.22µm
net242,181.11µm
_04131_,180.99µm
net705,180.9µm
_04154_,180.89µm
net1105,180.68µm
_04729_,180.66µm
_08444_,180.58µm
net1437,180.28µm
_01317_,180.23µm
_04681_,180.135µm
_06078_,180.1µm
net770,180.09µm
net858,180.04µm
ciphertext_reg\[109\],179.98µm
_03171_,179.96µm
net267,179.93µm
_07200_,179.9µm
_04165_,179.89µm
net1050,179.88µm
net2043,179.76µm
_01991_,179.46µm
net209,179.375µm
net110,179.35µm
net1815,179.28µm
_02087_,179.12µm
net36,179.04µm
_07912_,178.79µm
ciphertext_reg\[107\],178.74µm
ciphertext_wire\[125\],178.74µm
net706,178.73µm
_01984_,178.62µm
net542,178.6µm
ciphertext_reg\[126\],178.52µm
net1232,178.5µm
_06260_,178.25µm
net1774,178.07µm
net489,178.045µm
_04095_,177.9µm
_04889_,177.9µm
net187,177.89µm
net1253,177.75µm
net1395,177.7µm
net585,177.58µm
_09178_,177.52µm
net430,177.42µm
net228,177.36µm
_06819_,177.24µm
_07734_,177.2µm
net477,177.175µm
_04505_,176.71µm
net436,176.62µm
_04094_,176.61µm
_03257_,176.51µm
net891,176.46µm
net207,176.445µm
net1796,176.33µm
net264,176.31µm
net983,176.1µm
net108,176.01µm
net185,175.965µm
_06333_,175.87µm
_07997_,175.83µm
net957,175.81µm
_06589_,175.79µm
_06426_,175.77µm
net394,175.72µm
_01232_,175.64µm
net131,175.61µm
net429,175.28µm
net1256,175.2µm
net1356,175.195µm
_04843_,174.87µm
net1476,174.83µm
_09306_,174.78µm
_01247_,174.64µm
_01274_,174.63µm
_03914_,174.58µm
net654,174.565µm
_05465_,174.485µm
_08043_,174.48µm
net1007,174.48µm
net801,174.465µm
net767,174.46µm
net229,174.455µm
_03310_,174.32µm
net455,174.28µm
_04731_,174.27µm
net900,174.155µm
_04494_,174.085µm
net189,173.845µm
_03683_,173.81µm
net203,173.765µm
_03695_,173.76µm
net694,173.7µm
_03353_,173.62µm
_06630_,173.58µm
net999,173.49µm
net163,173.23µm
net355,172.935µm
net1674,172.79µm
net239,172.67µm
net1206,172.65µm
net1737,172.65µm
net1016,172.63µm
net445,172.58µm
_07845_,172.545µm
_05428_,172.44µm
_07667_,172.395µm
_06261_,172.32µm
net1352,172.27µm
net139,172.2µm
net718,172.09µm
u_aes128_baseline.u_aes_core.state_reg\[66\],172.075µm
net1056,171.91µm
net671,171.88µm
_08090_,171.72µm
key_reg\[31\],171.52µm
net1152,171.51µm
_06153_,171.44µm
net321,171.34µm
net413,171.22µm
net1048,171.14µm
net1536,171.09µm
u_aes128_baseline.u_aes_core.state_reg\[2\],170.88µm
net622,170.86µm
_01362_,170.8µm
net162,170.8µm
net959,170.79µm
net31,170.76µm
net1530,170.62µm
_09342_,170.54µm
net1113,170.54µm
net325,170.53µm
net157,170.51µm
net650,170.48µm
net231,170.145µm
_06072_,170.12µm
ready_wire,169.94µm
net260,169.93µm
_07625_,169.87µm
net1350,169.855µm
_02435_,169.84µm
clknet_leaf_7_clk,169.71µm
_07798_,169.7µm
_05061_,169.62µm
_04896_,169.36µm
net1097,169.29µm
net628,169.26µm
clknet_leaf_6_clk,169.26µm
_03204_,169.14µm
net1869,169.14µm
_01739_,169.04µm
_01333_,168.98µm
net1780,168.82µm
net1112,168.66µm
net1290,168.66µm
ciphertext_reg\[120\],168.62µm
net808,168.48µm
_03690_,168.28µm
_01268_,168.24µm
_01214_,168.2µm
net709,168.19µm
net369,168.135µm
net1076,168.08µm
u_aes128_baseline.u_aes_core.state_reg\[97\],167.98µm
net111,167.89µm
_01714_,167.84µm
clknet_leaf_60_clk,167.84µm
_04914_,167.66µm
net473,167.515µm
net492,167.425µm
net169,167.39µm
net743,167.35µm
net1243,167.315µm
ciphertext_reg\[100\],167.265µm
net740,167.245µm
net1276,167.22µm
net399,167.2µm
_01745_,167.18µm
_07994_,167.12µm
net172,167.05µm
clknet_leaf_3_clk,167µm
clknet_leaf_22_clk,166.84µm
_01885_,166.83µm
net933,166.81µm
net761,166.8µm
net390,166.795µm
net365,166.74µm
net1294,166.7µm
_04587_,166.68µm
ciphertext_reg\[65\],166.54µm
net402,166.54µm
net1287,166.515µm
_06132_,166.48µm
net1731,166.4µm
_01299_,166.39µm
ciphertext_reg\[84\],166.34µm
net487,166.185µm
net378,166.06µm
_01712_,166.005µm
net1047,165.99µm
net182,165.95µm
net680,165.85µm
_09260_,165.76µm
_04252_,165.58µm
net968,165.575µm
_06145_,165.43µm
net904,165.42µm
net34,165.38µm
net653,165.28µm
net1390,165.16µm
net1481,165.1µm
net205,164.98µm
_03681_,164.94µm
net338,164.905µm
net331,164.81µm
_01331_,164.78µm
net670,164.76µm
net263,164.73µm
net1102,164.63µm
net827,164.62µm
net1566,164.56µm
_01651_,164.465µm
_03674_,164.435µm
net1335,164.42µm
net780,164.215µm
net804,164.16µm
_00827_,164.02µm
_01513_,163.96µm
net1734,163.94µm
net682,163.9µm
net1610,163.84µm
u_aes128_baseline.u_aes_core.round_key_reg\[29\],163.81µm
_03677_,163.79µm
net788,163.77µm
net1396,163.76µm
net644,163.625µm
net1208,163.54µm
_07893_,163.45µm
net340,163.35µm
net721,163.225µm
_07630_,163.15µm
net887,162.84µm
_01721_,162.76µm
_07955_,162.73µm
net712,162.72µm
net261,162.7µm
net494,162.69µm
net296,162.68µm
_01989_,162.67µm
clknet_leaf_56_clk,162.58µm
_06960_,162.48µm
net500,162.44µm
_01279_,162.38µm
net485,162.38µm
net742,162.36µm
net285,162.34µm
_04493_,162.33µm
net384,162.275µm
clknet_leaf_12_clk,162.22µm
net723,162.21µm
clknet_leaf_55_clk,162.14µm
_07731_,162.06µm
_06284_,162.015µm
net152,162µm
net1008,161.89µm
net214,161.695µm
net848,161.54µm
_04086_,161.51µm
net1397,161.49µm
net309,161.35µm
net967,161.25µm
net1247,161.16µm
clknet_leaf_4_clk,161.1µm
_09097_,161.06µm
net979,161.02µm
_04937_,160.93µm
_09225_,160.8µm
net1190,160.71µm
net1014,160.62µm
net1888,160.61µm
_04866_,160.57µm
plaintext_reg\[44\],160.54µm
net1248,160.53µm
u_aes128_baseline.u_aes_core.state_reg\[65\],160.52µm
_08038_,160.5µm
_08045_,160.465µm
net268,160.455µm
_04871_,160.43µm
ciphertext_reg\[116\],160.43µm
clknet_leaf_47_clk,160.42µm
net675,160.34µm
_05134_,160.26µm
net567,160.25µm
net414,160.1µm
_08003_,159.98µm
net758,159.94µm
_00857_,159.92µm
ciphertext_reg\[92\],159.92µm
net1210,159.91µm
net509,159.81µm
u_aes128_baseline.u_aes_core.state_reg\[4\],159.78µm
net440,159.765µm
net781,159.63µm
_01634_,159.61µm
net363,159.51µm
_04656_,159.48µm
ciphertext_wire\[61\],159.24µm
clknet_leaf_42_clk,159.2µm
net681,159.195µm
_04413_,159.08µm
net1719,159.01µm
net737,158.94µm
_06405_,158.9µm
_04127_,158.88µm
_05966_,158.87µm
net1572,158.87µm
_01248_,158.82µm
_01258_,158.725µm
_06421_,158.7µm
clknet_leaf_52_clk,158.7µm
net470,158.69µm
net1402,158.67µm
_03254_,158.625µm
_07911_,158.62µm
clknet_leaf_58_clk,158.53µm
_06084_,158.44µm
key_reg\[3\],158.275µm
net1431,158.23µm
net1859,158.16µm
net327,158.115µm
net693,157.93µm
ciphertext_reg\[93\],157.865µm
net1685,157.84µm
net851,157.82µm
net1881,157.78µm
_01686_,157.725µm
key_reg\[19\],157.67µm
_03831_,157.64µm
clknet_leaf_50_clk,157.54µm
_07842_,157.425µm
key_reg\[41\],157.36µm
_06065_,157.34µm
net1098,157.32µm
net1540,157.19µm
net1853,157.11µm
_01305_,157.1µm
net816,157.08µm
_01901_,157.02µm
net471,156.96µm
net1810,156.86µm
_02071_,156.8µm
_05746_,156.78µm
net46,156.74µm
_06056_,156.735µm
net613,156.68µm
ciphertext_reg\[68\],156.67µm
net1727,156.64µm
_08047_,156.52µm
_04507_,156.48µm
net1733,156.42µm
_07856_,156.39µm
ciphertext_reg\[2\],156.28µm
net1585,156.24µm
net652,156.1µm
net1252,156.03µm
_05948_,156µm
_06169_,155.965µm
net880,155.93µm
key_reg\[43\],155.885µm
net51,155.8µm
net1866,155.76µm
u_aes128_baseline.u_aes_core.state_reg\[54\],155.66µm
net600,155.66µm
net39,155.6µm
net1822,155.6µm
_01782_,155.58µm
net1234,155.54µm
key_reg\[55\],155.535µm
net898,155.47µm
net1017,155.36µm
net1901,155.25µm
_07633_,155.19µm
u_aes128_baseline.u_aes_core.state_reg\[22\],155.14µm
_01890_,155.12µm
_06945_,155.12µm
_09143_,155.04µm
_01713_,155.02µm
_06546_,155.01µm
net1012,154.99µm
net1576,154.94µm
_06417_,154.91µm
net1081,154.82µm
_01499_,154.76µm
net374,154.69µm
_01985_,154.58µm
_06348_,154.525µm
net795,154.51µm
net1154,154.47µm
net629,154.46µm
_07883_,154.4µm
net1491,154.32µm
u_aes128_baseline.u_aes_core.round_key_reg\[19\],154.31µm
_04708_,154.28µm
net890,154.22µm
clknet_leaf_23_clk,154.21µm
net1153,154.205µm
_07711_,154.16µm
_07850_,154.12µm
clknet_leaf_18_clk,154.1µm
_06472_,154.055µm
net1820,153.94µm
_07784_,153.88µm
ciphertext_wire\[116\],153.84µm
net820,153.84µm
_03909_,153.82µm
net853,153.82µm
net1019,153.72µm
_01916_,153.68µm
net2020,153.67µm
_08104_,153.57µm
_06536_,153.51µm
net1619,153.45µm
_01927_,153.4µm
_04153_,153.4µm
_04577_,153.37µm
net1790,153.345µm
_06151_,153.33µm
_04645_,153.28µm
net1445,153.23µm
net517,153.205µm
_04454_,153.2µm
_01219_,153.17µm
_01237_,153.13µm
net2054,153.13µm
_04116_,153µm
clknet_leaf_34_clk,153µm
_01741_,152.9µm
_06281_,152.82µm
_01330_,152.8µm
_04580_,152.72µm
net262,152.7µm
net360,152.7µm
_07619_,152.66µm
net657,152.62µm
net406,152.575µm
net233,152.44µm
net1285,152.42µm
plaintext_reg\[103\],152.38µm
ciphertext_reg\[6\],152.16µm
net483,152.135µm
net813,152.06µm
net1182,151.96µm
net951,151.87µm
_02667_,151.86µm
_05172_,151.84µm
_01512_,151.815µm
net1638,151.8µm
net537,151.62µm
_08269_,151.54µm
net893,151.48µm
net1835,151.44µm
clknet_leaf_45_clk,151.42µm
net289,151.4µm
ciphertext_reg\[104\],151.32µm
_07741_,151.31µm
net1680,151.245µm
net1855,151.24µm
_04659_,151.22µm
_04786_,151.2µm
_05392_,151.2µm
_07472_,151.11µm
clknet_leaf_28_clk,151.11µm
net1061,151.06µm
ciphertext_wire\[124\],151.02µm
_05786_,150.98µm
net519,150.98µm
net1593,150.93µm
net871,150.885µm
net33,150.85µm
_08580_,150.82µm
clknet_leaf_59_clk,150.82µm
key_reg\[119\],150.64µm
net842,150.48µm
net324,150.46µm
net708,150.45µm
net437,150.37µm
_02726_,150.18µm
_06085_,150.14µm
_04865_,149.93µm
net1203,149.77µm
_04653_,149.75µm
_09256_,149.7µm
net857,149.64µm
net1450,149.48µm
net388,149.455µm
net523,149.425µm
_09119_,149.34µm
clknet_leaf_41_clk,149.32µm
net1212,149.3µm
net151,149.12µm
net1405,149.1µm
_06375_,149.09µm
net1765,149.08µm
_06051_,149.005µm
_04771_,149µm
net556,148.97µm
_01225_,148.92µm
u_aes128_baseline.u_aes_core.state_reg\[102\],148.9µm
net843,148.885µm
key_reg\[117\],148.8µm
net1064,148.76µm
net29,148.56µm
clknet_leaf_38_clk,148.54µm
net554,148.49µm
net879,148.48µm
_07892_,148.46µm
_07565_,148.22µm
net2075,148.15µm
net352,148.14µm
net420,148.125µm
net1686,148.08µm
plaintext_reg\[6\],147.98µm
_01728_,147.91µm
_01613_,147.86µm
net1426,147.82µm
_08029_,147.72µm
u_aes128_baseline.u_aes_core.state_reg\[69\],147.72µm
_01371_,147.595µm
net1340,147.56µm
net518,147.48µm
net1663,147.45µm
_04906_,147.42µm
net687,147.365µm
_01318_,147.33µm
net516,147.26µm
clknet_leaf_53_clk,147.26µm
net1201,147.25µm
net1771,147.21µm
_06380_,147.16µm
net793,147.14µm
net1580,147.105µm
_06263_,147.05µm
u_aes128_baseline.u_aes_core.state_reg\[18\],147.02µm
_09290_,147µm
_01223_,146.98µm
_07799_,146.96µm
net1282,146.93µm
_06045_,146.92µm
key_reg\[6\],146.86µm
net197,146.8µm
u_aes128_baseline.u_aes_core.state_reg\[84\],146.79µm
net1371,146.77µm
key_reg\[108\],146.72µm
_07654_,146.63µm
net1461,146.6µm
net463,146.57µm
_05999_,146.56µm
net256,146.475µm
net1537,146.44µm
_06134_,146.415µm
_04970_,146.35µm
net707,146.34µm
_01213_,146.23µm
u_aes128_baseline.u_aes_core.state_reg\[48\],146.2µm
net1937,146.18µm
_07658_,146.16µm
net1876,146.16µm
_07646_,146.13µm
clknet_leaf_33_clk,146.08µm
_01262_,146.06µm
net2060,146.03µm
net1504,145.975µm
_08514_,145.965µm
_08289_,145.93µm
net1391,145.92µm
net583,145.9µm
ciphertext_reg\[118\],145.84µm
_04830_,145.745µm
_07705_,145.7µm
ciphertext_wire\[3\],145.65µm
net1107,145.62µm
clknet_leaf_2_clk,145.55µm
net204,145.545µm
net424,145.49µm
_06313_,145.32µm
net668,145.19µm
_06329_,145.06µm
net43,145.04µm
net499,145.03µm
net1861,144.96µm
_07962_,144.8µm
net512,144.8µm
_04546_,144.745µm
net1466,144.73µm
net1690,144.72µm
_04936_,144.7µm
net658,144.7µm
_09102_,144.66µm
clknet_leaf_8_clk,144.36µm
net1549,144.32µm
net837,144.255µm
net1788,144.24µm
_01662_,144.19µm
_02094_,144.16µm
u_aes128_baseline.u_aes_core.round_key_reg\[31\],144.16µm
net195,144.155µm
_07635_,144.08µm
net849,144µm
net552,143.98µm
net476,143.9µm
net1043,143.88µm
_01231_,143.84µm
net286,143.84µm
net821,143.8µm
_01754_,143.785µm
net942,143.775µm
_02015_,143.7µm
net1809,143.64µm
_04497_,143.6µm
net40,143.6µm
clknet_leaf_32_clk,143.56µm
net1157,143.42µm
_04707_,143.28µm
_08218_,143.265µm
net514,143.265µm
net1162,143.19µm
ciphertext_reg\[81\],143.16µm
_08017_,143.08µm
_05902_,143.075µm
_06394_,143.065µm
_01816_,143.04µm
_01533_,143.035µm
net755,143.02µm
net1487,143.02µm
clknet_leaf_43_clk,143µm
_06667_,142.965µm
net426,142.955µm
_03737_,142.9µm
net405,142.865µm
net1514,142.86µm
clknet_leaf_31_clk,142.82µm
net633,142.7µm
net449,142.695µm
net547,142.505µm
net1054,142.46µm
net1791,142.45µm
net1671,142.405µm
clknet_leaf_10_clk,142.32µm
_08512_,142.18µm
u_aes128_baseline.u_aes_core.state_reg\[60\],142.12µm
u_aes128_baseline.u_aes_core.state_reg\[6\],142.12µm
_07763_,142.11µm
_01370_,141.965µm
net564,141.86µm
net666,141.86µm
net1577,141.82µm
_04877_,141.76µm
u_aes128_baseline.u_aes_core.state_reg\[82\],141.74µm
_02028_,141.73µm
ciphertext_wire\[1\],141.62µm
net179,141.6µm
net607,141.56µm
net1499,141.545µm
net701,141.52µm
net293,141.48µm
_07846_,141.44µm
_01306_,141.425µm
net1325,141.3µm
_01430_,141.28µm
net1497,141.28µm
net177,141.23µm
_00872_,141.16µm
_01900_,141.07µm
_01301_,140.98µm
net17,140.96µm
_01479_,140.89µm
net442,140.89µm
_01729_,140.88µm
net720,140.835µm
net65,140.8µm
u_aes128_baseline.u_aes_core.state_reg\[113\],140.74µm
ciphertext_wire\[16\],140.66µm
net311,140.66µm
net637,140.59µm
_01648_,140.52µm
_05528_,140.52µm
_04162_,140.51µm
clknet_leaf_44_clk,140.495µm
_03720_,140.41µm
_06376_,140.41µm
_03262_,140.37µm
net448,140.37µm
net300,140.32µm
_04088_,140.29µm
ciphertext_reg\[22\],140.24µm
net486,140.23µm
_02054_,140.2µm
net1813,140.14µm
net506,140.08µm
net1109,140.03µm
net226,140.02µm
net826,139.97µm
clknet_leaf_40_clk,139.96µm
_02193_,139.94µm
net1818,139.9µm
clknet_leaf_30_clk,139.78µm
net336,139.76µm
net383,139.62µm
_01242_,139.59µm
net1137,139.525µm
_09030_,139.5µm
net1754,139.48µm
clknet_leaf_5_clk,139.48µm
net1219,139.45µm
net1207,139.39µm
_04567_,139.36µm
clknet_leaf_16_clk,139.28µm
net685,139.25µm
net1393,139.19µm
_06043_,139.105µm
net617,139.03µm
net1492,138.95µm
clknet_leaf_51_clk,138.905µm
net661,138.82µm
clknet_leaf_29_clk,138.8µm
u_aes128_baseline.u_aes_core.state_reg\[10\],138.67µm
net1521,138.625µm
_05388_,138.62µm
net750,138.6µm
net814,138.6µm
net1819,138.6µm
_08037_,138.54µm
net752,138.535µm
_03709_,138.38µm
_02636_,138.31µm
_07732_,138.305µm
net1199,138.3µm
net1242,138.285µm
_04802_,138.21µm
net731,138.15µm
_07649_,138.03µm
ciphertext_reg\[73\],138.02µm
net799,137.84µm
net728,137.815µm
_06003_,137.75µm
net1111,137.72µm
net1279,137.71µm
net2055,137.62µm
_00802_,137.6µm
_03250_,137.6µm
clknet_leaf_48_clk,137.6µm
clknet_leaf_49_clk,137.56µm
net1986,137.5µm
net521,137.41µm
net47,137.4µm
net672,137.35µm
net844,137.345µm
_08985_,137.28µm
_04540_,137.27µm
_01680_,137.24µm
net1782,137.14µm
net1301,137.105µm
net1526,137.09µm
net312,137.08µm
_06124_,136.97µm
_03288_,136.92µm
_06287_,136.86µm
_03746_,136.84µm
net1490,136.83µm
_01629_,136.76µm
_01477_,136.64µm
net379,136.515µm
net503,136.515µm
_02019_,136.5µm
net830,136.495µm
net332,136.48µm
_04839_,136.43µm
net37,136.24µm
net1943,136.18µm
net888,136.11µm
net832,136.03µm
_02264_,136.01µm
net160,135.995µm
net1496,135.98µm
net1385,135.96µm
net11,135.92µm
net443,135.89µm
net819,135.78µm
_06659_,135.74µm
net1165,135.59µm
net1489,135.57µm
net1468,135.475µm
_04646_,135.435µm
_07870_,135.41µm
_01986_,135.315µm
net616,135.28µm
net558,135.26µm
_04561_,135.18µm
net1101,135.04µm
net314,135.01µm
net1300,135µm
clknet_leaf_20_clk,135µm
net423,134.9µm
net702,134.86µm
clknet_leaf_17_clk,134.86µm
_04953_,134.84µm
_04521_,134.795µm
net441,134.79µm
net1474,134.755µm
_03278_,134.75µm
net1367,134.74µm
_05934_,134.7µm
net1469,134.695µm
_01815_,134.69µm
net453,134.69µm
_06542_,134.65µm
net855,134.58µm
_04296_,134.56µm
_01309_,134.54µm
net1421,134.52µm
net643,134.455µm
net1763,134.435µm
net1910,134.42µm
_07753_,134.33µm
_01547_,134.32µm
net1878,134.32µm
net1616,134.31µm
net1250,134.3µm
_07261_,134.28µm
_06148_,134.21µm
net359,134.2µm
net283,134.09µm
net977,134.07µm
_04863_,134.06µm
net1463,133.94µm
_04648_,133.88µm
net1166,133.88µm
net1298,133.71µm
key_reg\[78\],133.6µm
_09240_,133.56µm
_06074_,133.52µm
net913,133.52µm
net961,133.505µm
_01866_,133.46µm
net174,133.46µm
_02003_,133.37µm
_06343_,133.37µm
_03701_,133.33µm
clknet_leaf_54_clk,133.3µm
_01947_,133.29µm
_09294_,133.26µm
_03378_,133.24µm
_03779_,133.19µm
net715,133.165µm
_01255_,133.16µm
_04869_,133.15µm
_03841_,133.08µm
_06154_,133.025µm
_02406_,132.985µm
key_reg\[36\],132.96µm
net236,132.84µm
_07896_,132.82µm
_04651_,132.815µm
net1545,132.78µm
_03255_,132.72µm
net295,132.72µm
net356,132.71µm
net1966,132.695µm
net1939,132.58µm
_06379_,132.56µm
_09149_,132.52µm
net833,132.515µm
_04105_,132.49µm
ciphertext_reg\[57\],132.44µm
_04062_,132.33µm
_04759_,132.32µm
net1865,132.19µm
net1099,132.135µm
key_reg\[25\],132.05µm
_01789_,131.98µm
net1942,131.97µm
_09310_,131.84µm
net1954,131.74µm
plaintext_reg\[2\],131.7µm
_00840_,131.68µm
net156,131.6µm
_04687_,131.59µm
_06075_,131.57µm
_01773_,131.5µm
net834,131.5µm
net1479,131.5µm
_06239_,131.46µm
net822,131.21µm
net786,131.14µm
net778,131.11µm
_07848_,130.94µm
_07670_,130.92µm
_03855_,130.88µm
net1915,130.86µm
_02325_,130.855µm
_08028_,130.825µm
_01997_,130.7µm
plaintext_reg\[54\],130.68µm
_03696_,130.67µm
net1736,130.64µm
_07718_,130.61µm
net1065,130.61µm
net1293,130.52µm
net588,130.5µm
_01311_,130.49µm
net679,130.48µm
_04897_,130.465µm
_04527_,130.44µm
net800,130.43µm
net1085,130.41µm
net1470,130.325µm
net199,130.275µm
net451,130.18µm
net1510,130.16µm
net749,130.115µm
_08023_,130.1µm
net1164,130.09µm
_09191_,130.06µm
_01898_,130.005µm
net1194,129.985µm
_05520_,129.94µm
_08041_,129.9µm
net541,129.875µm
net745,129.86µm
_02340_,129.82µm
_03754_,129.72µm
net966,129.71µm
net389,129.7µm
net746,129.67µm
net1342,129.635µm
net864,129.61µm
net49,129.54µm
_04835_,129.5µm
net403,129.445µm
_04901_,129.425µm
net1583,129.38µm
_04887_,129.34µm
_01877_,129.32µm
net428,129.32µm
net1086,129.32µm
net507,129.28µm
_01619_,129.275µm
_02186_,129.26µm
_04699_,129.25µm
net1400,129.21µm
net1189,129.2µm
net2038,129.19µm
net1838,129.16µm
_02167_,129.14µm
_04098_,129.14µm
_02147_,129.135µm
net504,129.12µm
net1095,129.03µm
net1173,129µm
net1376,128.98µm
net1708,128.955µm
_05291_,128.92µm
net175,128.92µm
net763,128.875µm
_06082_,128.795µm
net595,128.76µm
net148,128.52µm
net409,128.48µm
net710,128.47µm
_04143_,128.44µm
net438,128.345µm
net298,128.31µm
_04331_,128.305µm
_06146_,128.27µm
_08860_,128.26µm
_06433_,128.24µm
ciphertext_wire\[8\],128.22µm
_04248_,128.16µm
net815,128.15µm
_07505_,128.12µm
net1718,128.11µm
key_reg\[87\],128.06µm
net540,128.04µm
net1427,127.895µm
net1358,127.89µm
_09091_,127.8µm
net1374,127.79µm
net1932,127.7µm
net699,127.59µm
net529,127.56µm
net566,127.56µm
net794,127.41µm
_04513_,127.38µm
net729,127.34µm
_01472_,127.33µm
net461,127.32µm
net810,127.31µm
net1650,127.255µm
net1587,127.22µm
net976,127.1µm
net1778,126.93µm
_04998_,126.9µm
_01493_,126.84µm
net1522,126.78µm
net308,126.68µm
net1534,126.67µm
net1392,126.59µm
net1329,126.52µm
_06598_,126.44µm
net662,126.44µm
_06158_,126.4µm
net1752,126.35µm
_05570_,126.34µm
_04503_,126.29µm
net777,126.28µm
_07511_,126.25µm
clknet_leaf_24_clk,126.22µm
net1684,126.08µm
_04753_,126.075µm
_06689_,126.06µm
_06867_,126.05µm
net1087,126.005µm
_05692_,126µm
_01323_,125.96µm
net691,125.94µm
_01879_,125.865µm
_02421_,125.85µm
net1372,125.8µm
net1237,125.63µm
_04939_,125.565µm
_08006_,125.515µm
_07645_,125.48µm
_01476_,125.47µm
net417,125.46µm
_03263_,125.39µm
net1317,125.39µm
net1535,125.31µm
u_aes128_baseline.u_aes_core.state_reg\[52\],125.3µm
net1151,125.3µm
net1634,125.29µm
net739,125.13µm
_07674_,125.1µm
_06270_,124.75µm
net1407,124.7µm
net1804,124.52µm
net1781,124.46µm
_04068_,124.45µm
net1612,124.44µm
_02031_,124.4µm
net870,124.39µm
_01498_,124.31µm
net1672,124.24µm
_06018_,124.22µm
_01929_,124.14µm
net1399,124.12µm
_01470_,124.1µm
key_reg\[2\],124.08µm
_07677_,124.075µm
_03291_,124.05µm
_04770_,123.96µm
net522,123.95µm
net393,123.945µm
net1053,123.92µm
net1295,123.92µm
_05057_,123.89µm
net1147,123.85µm
_06392_,123.76µm
net1957,123.75µm
_06088_,123.61µm
_02799_,123.58µm
_08897_,123.58µm
_04174_,123.57µm
_04093_,123.43µm
net762,123.22µm
net636,123.21µm
net1843,123.14µm
net1831,123.12µm
clknet_leaf_9_clk,123.02µm
net1892,122.98µm
_01796_,122.9µm
_05960_,122.85µm
_09058_,122.83µm
net1555,122.8µm
net1605,122.775µm
net984,122.76µm
_04982_,122.74µm
net1009,122.7µm
net1710,122.62µm
net1432,122.55µm
_03670_,122.52µm
net339,122.5µm
_02271_,122.475µm
net642,122.435µm
net1974,122.41µm
net1588,122.36µm
_01226_,122.28µm
u_aes128_baseline.u_aes_core.state_reg\[57\],122.24µm
net730,122.15µm
_04526_,122.11µm
net1624,122.105µm
net906,122.05µm
net673,122.04µm
net539,122.03µm
_04109_,122µm
net1286,122µm
net645,121.97µm
_01287_,121.93µm
net938,121.9µm
_06231_,121.86µm
net12,121.84µm
net1652,121.83µm
_04085_,121.82µm
u_aes128_baseline.u_aes_core.state_reg\[59\],121.78µm
clknet_leaf_46_clk,121.74µm
_01604_,121.72µm
_08091_,121.72µm
net1749,121.685µm
_03114_,121.68µm
_06076_,121.57µm
net764,121.515µm
_05219_,121.49µm
_01308_,121.44µm
_04250_,121.36µm
net596,121.33µm
_01271_,121.325µm
net1409,121.24µm
net831,121.22µm
net719,121.09µm
_08405_,121.08µm
_04241_,121.06µm
_04124_,121.04µm
net1456,121.02µm
net57,120.92µm
net1026,120.915µm
_03758_,120.91µm
_07967_,120.87µm
key_reg\[91\],120.87µm
net1040,120.84µm
_04780_,120.79µm
net56,120.74µm
_06070_,120.615µm
net1383,120.555µm
net1370,120.54µm
net726,120.525µm
_04712_,120.44µm
net1578,120.42µm
net1779,120.42µm
net1677,120.41µm
net1246,120.23µm
_03065_,120.22µm
net531,120.22µm
net1357,120.18µm
net1794,120.125µm
net1833,120.105µm
net772,120.06µm
_03366_,120.04µm
net306,119.96µm
_04652_,119.92µm
net621,119.905µm
net133,119.84µm
net550,119.78µm
net1595,119.74µm
net67,119.72µm
net817,119.72µm
net690,119.575µm
net1877,119.53µm
u_aes128_baseline.u_aes_core.state_reg\[9\],119.51µm
net802,119.48µm
net2062,119.47µm
key_reg\[44\],119.4µm
_03948_,119.29µm
net1552,119.24µm
net1633,119.24µm
net1001,119.22µm
_07640_,119.16µm
net38,119.16µm
net1236,119.12µm
net956,119.11µm
_06383_,119.06µm
net727,119.01µm
_03726_,118.9µm
net1799,118.895µm
net315,118.84µm
net704,118.835µm
_03949_,118.82µm
_01952_,118.78µm
_06750_,118.77µm
net391,118.76µm
net1523,118.725µm
net2007,118.71µm
net615,118.66µm
clknet_leaf_15_clk,118.615µm
net779,118.58µm
net867,118.57µm
net1571,118.53µm
_07762_,118.45µm
_06328_,118.44µm
net401,118.42µm
net1110,118.405µm
net1283,118.4µm
net1807,118.37µm
net1653,118.32µm
_05840_,118.28µm
_04667_,118.24µm
net647,118.21µm
net1609,118.2µm
u_aes128_baseline.u_aes_core.round_key_reg\[8\],118.07µm
u_aes128_baseline.u_aes_core.state_reg\[74\],118µm
net1623,117.92µm
net856,117.91µm
net2042,117.88µm
net114,117.84µm
_01291_,117.83µm
net52,117.76µm
net1066,117.71µm
_04134_,117.69µm
net1511,117.66µm
_06155_,117.65µm
net1897,117.62µm
net2035,117.61µm
_06068_,117.565µm
net1860,117.54µm
net48,117.52µm
net1922,117.41µm
_01894_,117.36µm
net1613,117.36µm
u_aes128_baseline.u_aes_core.state_reg\[72\],117.3µm
net716,117.26µm
_04934_,117.19µm
net1895,117.16µm
net1548,117.12µm
net1030,116.96µm
_06165_,116.95µm
net1884,116.93µm
_01515_,116.92µm
_08198_,116.9µm
net1483,116.89µm
_01660_,116.79µm
ciphertext_reg\[102\],116.76µm
net1660,116.75µm
_01375_,116.74µm
clknet_leaf_11_clk,116.74µm
_01467_,116.735µm
_03368_,116.735µm
net1854,116.73µm
_04502_,116.7µm
net651,116.7µm
_04243_,116.69µm
_04530_,116.64µm
_02018_,116.615µm
_08074_,116.61µm
net1594,116.61µm
_06183_,116.6µm
_06267_,116.58µm
_06272_,116.5µm
net408,116.44µm
net1784,116.38µm
_09328_,116.34µm
_01496_,116.32µm
net1730,116.295µm
net1494,116.29µm
net1430,116.23µm
net1768,116.23µm
_06306_,116.2µm
clknet_leaf_35_clk,116.2µm
_08841_,116.1µm
_06282_,116.075µm
_04489_,116.06µm
_06210_,115.965µm
_01289_,115.9µm
_07634_,115.88µm
net744,115.87µm
_06439_,115.86µm
net1125,115.86µm
net1949,115.86µm
net1563,115.805µm
net1084,115.795µm
net1394,115.76µm
net1529,115.715µm
_02046_,115.65µm
_05353_,115.55µm
plaintext_reg\[78\],115.35µm
net641,115.35µm
key_reg\[76\],115.27µm
net280,115.24µm
net1272,115.185µm
net1273,115.175µm
_08290_,115.16µm
net1484,115.14µm
net987,115.09µm
_07827_,115.07µm
_01957_,115.04µm
_04678_,114.98µm
_04089_,114.94µm
ciphertext_wire\[120\],114.94µm
_08709_,114.9µm
_08396_,114.87µm
ciphertext_wire\[89\],114.8µm
_04341_,114.67µm
_06304_,114.59µm
net1682,114.52µm
_01701_,114.48µm
net927,114.44µm
ciphertext_reg\[3\],114.36µm
_06435_,114.33µm
ciphertext_reg\[85\],114.26µm
_02836_,114.24µm
_06292_,114.185µm
_07737_,114.18µm
net839,114.175µm
_08004_,114.16µm
net1195,114.1µm
ciphertext_reg\[106\],114.075µm
net769,114.02µm
net333,113.98µm
net571,113.8µm
net1263,113.78µm
_05099_,113.76µm
_07841_,113.75µm
net165,113.7µm
ciphertext_reg\[97\],113.68µm
_07869_,113.635µm
_03869_,113.62µm
_04921_,113.61µm
_06226_,113.6µm
net883,113.54µm
net1401,113.54µm
net850,113.42µm
_02237_,113.4µm
net1789,113.38µm
_04881_,113.37µm
u_aes128_baseline.u_aes_core.state_reg\[117\],113.3µm
net818,113.24µm
net1830,113.22µm
net689,113.2µm
net1136,113.16µm
net1096,113.11µm
net1657,113.09µm
_04625_,113.08µm
_03964_,113.04µm
_08164_,113.02µm
_01253_,112.94µm
_04450_,112.9µm
net524,112.865µm
u_aes128_baseline.u_aes_core.state_reg\[49\],112.8µm
net1079,112.8µm
net1106,112.78µm
net1389,112.78µm
_01633_,112.77µm
net931,112.7µm
net62,112.68µm
_07750_,112.64µm
_02679_,112.6µm
_09344_,112.6µm
net1169,112.56µm
net1805,112.54µm
_01915_,112.37µm
_07859_,112.35µm
_01238_,112.34µm
_06386_,112.22µm
net1547,112.19µm
net1642,112.17µm
net1739,112.12µm
net1148,112.065µm
net1920,112.02µm
_04100_,112µm
_02464_,111.965µm
net153,111.88µm
net1211,111.88µm
net1850,111.88µm
net1513,111.86µm
_04883_,111.85µm
net1145,111.83µm
_07061_,111.78µm
net1464,111.72µm
net1741,111.71µm
net1140,111.65µm
_06157_,111.61µm
net1821,111.59µm
net422,111.575µm
_04714_,111.56µm
_03423_,111.51µm
_03761_,111.49µm
net669,111.435µm
_01822_,111.23µm
net1478,111.16µm
net1326,111.14µm
net1415,111.13µm
net1448,111.11µm
_07671_,111.06µm
net580,111.04µm
_04387_,111.03µm
net481,111.03µm
net1621,110.985µm
net1745,110.98µm
_04787_,110.97µm
net1645,110.95µm
_02347_,110.9µm
net1667,110.89µm
net1267,110.88µm
_02067_,110.855µm
_04541_,110.82µm
_06652_,110.815µm
net1422,110.81µm
_01556_,110.805µm
net1812,110.8µm
_07743_,110.79µm
_01766_,110.7µm
_03284_,110.655µm
net593,110.62µm
net1933,110.62µm
_06815_,110.54µm
net1446,110.44µm
net1858,110.42µm
net1006,110.32µm
net1131,110.3µm
net1346,110.28µm
_03427_,110.26µm
net1163,110.26µm
ciphertext_reg\[89\],110.245µm
net1425,110.205µm
net1498,110.2µm
net1359,110.12µm
_01939_,110.1µm
_03771_,110.06µm
net1280,110.02µm
net1611,110.005µm
net1072,110µm
net663,109.96µm
_01668_,109.945µm
_08103_,109.94µm
net1172,109.94µm
_02291_,109.9µm
net1786,109.9µm
_01868_,109.8µm
net154,109.8µm
net1278,109.745µm
_05595_,109.67µm
_01736_,109.65µm
net973,109.63µm
net287,109.53µm
net909,109.515µm
net1725,109.5µm
net1291,109.445µm
_02007_,109.4µm
net1198,109.39µm
net1743,109.37µm
ciphertext_reg\[82\],109.34µm
_02354_,109.3µm
net1373,109.3µm
net1454,109.16µm
net1849,109.1µm
net1816,109.09µm
_04774_,108.79µm
net1952,108.74µm
u_aes128_baseline.u_aes_core.state_reg\[58\],108.73µm
_06294_,108.695µm
_06274_,108.68µm
_05925_,108.66µm
_03270_,108.59µm
_04033_,108.54µm
net1769,108.52µm
_01793_,108.5µm
_04496_,108.42µm
_08082_,108.38µm
net1485,108.38µm
net1230,108.28µm
_02479_,108.26µm
_04219_,108.23µm
net1592,108.225µm
u_aes128_baseline.u_aes_core.state_reg\[110\],108.22µm
net2033,108.19µm
net1462,108.14µm
net1094,108.13µm
_04123_,108.12µm
_04740_,108.1µm
_05071_,108.1µm
_03271_,108.05µm
_04705_,108.04µm
net760,107.97µm
net796,107.91µm
net1167,107.88µm
_06062_,107.87µm
net1554,107.84µm
net1015,107.82µm
net2213,107.82µm
_06907_,107.73µm
net348,107.7µm
u_aes128_baseline.u_aes_core.state_reg\[8\],107.57µm
net782,107.54µm
_01750_,107.49µm
_02496_,107.46µm
_06843_,107.4µm
net1261,107.39µm
net112,107.38µm
net994,107.38µm
net1231,107.35µm
_06038_,107.29µm
_05537_,107.28µm
u_aes128_baseline.u_aes_core.state_reg\[3\],107.275µm
_06543_,107.11µm
net1982,107.11µm
net935,107.1µm
_04819_,107.08µm
net1732,107.02µm
_07895_,106.97µm
net1364,106.95µm
net1935,106.94µm
net1362,106.92µm
_07749_,106.91µm
_07493_,106.88µm
net1918,106.84µm
net1596,106.74µm
net1880,106.62µm
net1525,106.6µm
net1627,106.52µm
net576,106.5µm
_01803_,106.49µm
net1787,106.45µm
_01373_,106.37µm
u_aes128_baseline.u_aes_core.state_reg\[70\],106.32µm
net1221,106.3µm
net605,106.28µm
net1159,106.265µm
_04746_,106.26µm
net914,106.255µm
_06403_,106.235µm
_01217_,106.15µm
_07150_,106.14µm
net126,106.1µm
net345,106.08µm
net1688,105.95µm
_06633_,105.93µm
_01584_,105.895µm
_07656_,105.88µm
_07487_,105.86µm
_01060_,105.84µm
net1057,105.825µm
net259,105.8µm
_08228_,105.77µm
net480,105.76µm
_03745_,105.75µm
net602,105.73µm
_09339_,105.68µm
net920,105.62µm
net158,105.59µm
_06382_,105.585µm
_04344_,105.54µm
_01987_,105.47µm
_05148_,105.46µm
_06036_,105.38µm
net1021,105.35µm
_01781_,105.34µm
_04216_,105.28µm
net1442,105.16µm
_08373_,105.1µm
_02263_,105.08µm
_08015_,105.08µm
_07167_,105.06µm
_01666_,105.05µm
net998,105µm
_04916_,104.91µm
net1692,104.9µm
_01297_,104.88µm
net1041,104.8µm
net218,104.77µm
net1034,104.73µm
_05002_,104.72µm
_01536_,104.67µm
_01541_,104.62µm
net840,104.58µm
u_aes128_baseline.u_aes_core.state_reg\[94\],104.46µm
_04547_,104.32µm
_09125_,104.28µm
_07884_,104.24µm
net948,104.23µm
net751,104.21µm
_07629_,104.18µm
_07906_,104.14µm
ciphertext_wire\[119\],103.95µm
_04854_,103.94µm
_03312_,103.84µm
net1288,103.82µm
net1649,103.8µm
_03989_,103.78µm
_01281_,103.77µm
_01696_,103.74µm
net1438,103.74µm
net1632,103.74µm
net1575,103.72µm
net1042,103.665µm
_06195_,103.64µm
net989,103.62µm
_04702_,103.59µm
u_aes128_baseline.u_aes_core.state_reg\[0\],103.58µm
_01456_,103.575µm
_07957_,103.56µm
_04538_,103.54µm
net1960,103.43µm
net1313,103.38µm
_06344_,103.35µm
net790,103.33µm
net1604,103.3µm
net1767,103.26µm
_03814_,103.25µm
_04660_,103.25µm
net404,103.225µm
_06406_,103.2µm
net50,103.2µm
_01517_,103.195µm
_03678_,103.12µm
net1238,103.12µm
_08281_,103.08µm
net1168,103.08µm
_06219_,103.02µm
net161,102.99µm
net1558,102.98µm
net474,102.9µm
net964,102.9µm
net1071,102.865µm
_02226_,102.845µm
u_aes128_baseline.u_aes_core.state_reg\[100\],102.79µm
_04817_,102.78µm
_06176_,102.615µm
_08217_,102.58µm
_05177_,102.55µm
_04504_,102.545µm
net323,102.54µm
net791,102.45µm
_07959_,102.305µm
_07849_,102.26µm
net1541,102.235µm
_06059_,102.23µm
net1381,102.22µm
_05026_,102.21µm
_03881_,102.2µm
_09049_,102.18µm
net1622,102.16µm
net1668,102.155µm
net1070,102.14µm
net1757,101.9µm
_01298_,101.85µm
_01919_,101.82µm
_03880_,101.82µm
net714,101.82µm
_01220_,101.81µm
net2018,101.79µm
_09139_,101.76µm
_03812_,101.66µm
_06250_,101.66µm
net1698,101.62µm
_07111_,101.61µm
_05687_,101.6µm
net845,101.6µm
net495,101.59µm
_07638_,101.58µm
net874,101.57µm
net1928,101.51µm
net1251,101.46µm
_04795_,101.385µm
_09133_,101.36µm
net882,101.36µm
u_aes128_baseline.u_aes_core.state_reg\[1\],101.28µm
_03821_,100.96µm
net1467,100.96µm
net2010,100.91µm
_02497_,100.905µm
_01494_,100.9µm
_06459_,100.87µm
net1495,100.84µm
_02409_,100.82µm
_06233_,100.82µm
_04528_,100.61µm
net1694,100.6µm
_03235_,100.58µm
net159,100.57µm
_05254_,100.52µm
net1197,100.48µm
_03252_,100.4µm
_04139_,100.36µm
_05976_,100.35µm
net1643,100.33µm
net584,100.28µm
_01489_,100.255µm
_04097_,100.19µm
_01652_,100.12µm
net1868,100.12µm
key_reg\[14\],100.085µm
_06642_,100.08µm
_01637_,100.075µm
key_reg\[116\],100.055µm
_04378_,100.02µm
key_reg\[30\],99.95µm
net439,99.94µm
net118,99.9µm
net1951,99.89µm
_06961_,99.88µm
_07445_,99.87µm
net1640,99.85µm
_04226_,99.815µm
_06181_,99.79µm
_03642_,99.68µm
net753,99.64µm
net2028,99.61µm
_04858_,99.58µm
net911,99.56µm
net1746,99.56µm
net1543,99.53µm
_02610_,99.52µm
net1344,99.52µm
_02188_,99.5µm
_03740_,99.5µm
net717,99.46µm
net1416,99.44µm
_07351_,99.4µm
_04689_,99.3µm
_07921_,99.24µm
_01704_,99.16µm
net318,99.16µm
net1792,99.16µm
net648,99.14µm
_04793_,99.12µm
net1049,99.11µm
net1817,99.1µm
net1659,99.05µm
net1651,99.03µm
net1175,98.95µm
_01892_,98.93µm
_03345_,98.93µm
net1108,98.91µm
_03904_,98.9µm
net1747,98.9µm
net1141,98.89µm
net1631,98.88µm
_06166_,98.87µm
_05674_,98.8µm
_03019_,98.68µm
net971,98.66µm
_04684_,98.6µm
_08109_,98.6µm
_06856_,98.54µm
_01280_,98.52µm
net1987,98.52µm
net202,98.48µm
_05080_,98.47µm
net212,98.4µm
net1244,98.39µm
net1844,98.38µm
net1607,98.365µm
net1036,98.32µm
_04191_,98.3µm
net113,98.3µm
_04516_,98.28µm
_05084_,98.26µm
net1574,98.24µm
_07717_,98.23µm
net1103,98.23µm
net1553,98.205µm
net1379,98.2µm
net1130,98.185µm
_06991_,98.15µm
net1215,98.07µm
u_aes128_baseline.u_aes_core.state_reg\[11\],98.06µm
_04519_,98.05µm
_07751_,97.985µm
_08042_,97.96µm
net1018,97.96µm
_01278_,97.88µm
net1177,97.88µm
net1128,97.815µm
_02721_,97.8µm
_04568_,97.73µm
_08189_,97.73µm
_07778_,97.68µm
net459,97.66µm
_01257_,97.63µm
net929,97.44µm
_06545_,97.4µm
_03303_,97.29µm
net1702,97.255µm
net1406,97.14µm
_04510_,97.09µm
_04508_,97.03µm
plaintext_reg\[12\],96.92µm
_01763_,96.845µm
_09036_,96.8µm
_01869_,96.71µm
_01999_,96.57µm
net534,96.57µm
_01276_,96.56µm
_01751_,96.52µm
net1424,96.52µm
_02553_,96.48µm
net1527,96.42µm
_03716_,96.4µm
net1259,96.4µm
_07771_,96.39µm
_03666_,96.37µm
_01444_,96.36µm
_01871_,96.36µm
_04115_,96.35µm
_03241_,96.28µm
_07780_,96.28µm
ciphertext_reg\[101\],96.26µm
_04605_,96.25µm
_07615_,96.24µm
_06990_,96.06µm
_04674_,96.04µm
ciphertext_reg\[76\],96.02µm
net1227,96.005µm
net1046,95.88µm
net1887,95.86µm
_09280_,95.8µm
_06502_,95.76µm
net1655,95.76µm
_05267_,95.74µm
u_aes128_baseline.u_aes_core.state_reg\[62\],95.71µm
_07937_,95.7µm
_01891_,95.67µm
net1909,95.66µm
net1091,95.62µm
net1341,95.61µm
net733,95.6µm
net862,95.53µm
_07681_,95.52µm
net1528,95.48µm
_01762_,95.44µm
_01993_,95.41µm
_04964_,95.4µm
net1907,95.4µm
_07835_,95.39µm
_09262_,95.38µm
_06716_,95.36µm
_06249_,95.34µm
net533,95.335µm
_02417_,95.3µm
net61,95.3µm
net1451,95.3µm
_03080_,95.26µm
net677,95.26µm
net926,95.255µm
key_reg\[54\],95.25µm
_08845_,95.18µm
net1864,95.16µm
_07733_,95.13µm
_04564_,95.12µm
u_aes128_baseline.u_aes_core.state_reg\[17\],95.12µm
_02151_,94.97µm
_07410_,94.91µm
net1051,94.89µm
net1639,94.865µm
_03325_,94.85µm
_01234_,94.84µm
_04135_,94.755µm
_04065_,94.75µm
_04024_,94.72µm
_08661_,94.72µm
net1706,94.66µm
net1764,94.66µm
net1228,94.63µm
_09075_,94.62µm
net1570,94.6µm
_05895_,94.56µm
net1129,94.545µm
net1239,94.52µm
_02038_,94.46µm
_07533_,94.44µm
key_reg\[13\],94.35µm
_03920_,94.34µm
_06206_,94.3µm
_04217_,94.295µm
net638,94.295µm
net1814,94.28µm
net1564,94.27µm
_06371_,94.26µm
_04111_,94.25µm
key_reg\[51\],94.18µm
_05189_,94.16µm
net1225,94.15µm
net1241,94.14µm
_01523_,94.03µm
net1265,93.96µm
net1608,93.96µm
net1062,93.94µm
_07643_,93.93µm
plaintext_reg\[98\],93.86µm
_00855_,93.84µm
u_aes128_baseline.u_aes_core.state_reg\[86\],93.82µm
net1696,93.74µm
_04649_,93.72µm
_09302_,93.72µm
net1676,93.69µm
_02430_,93.66µm
net122,93.6µm
ciphertext_reg\[23\],93.5µm
net304,93.48µm
_03465_,93.46µm
_08493_,93.46µm
_02357_,93.44µm
net734,93.42µm
_04666_,93.385µm
net2063,93.35µm
_08394_,93.32µm
net950,93.31µm
net425,93.29µm
_09322_,93.26µm
net1257,93.26µm
_03272_,93.22µm
_06177_,93.19µm
_04525_,93.13µm
_04102_,93.09µm
net1369,93.065µm
_03874_,93.06µm
_08135_,93.06µm
net1144,93.04µm
ciphertext_reg\[122\],93.02µm
net410,93.02µm
net1550,93.02µm
_04364_,92.99µm
net747,92.98µm
net725,92.94µm
plaintext_reg\[25\],92.9µm
net1074,92.9µm
net2067,92.81µm
_05106_,92.78µm
_01473_,92.72µm
_03632_,92.72µm
_01216_,92.71µm
net346,92.68µm
net1600,92.65µm
_06777_,92.6µm
_04534_,92.58µm
net1997,92.58µm
ciphertext_reg\[114\],92.54µm
net738,92.47µm
plaintext_reg\[35\],92.44µm
net1863,92.44µm
_01511_,92.38µm
_09164_,92.33µm
net1798,92.26µm
_04342_,92.23µm
_01760_,92.22µm
net1306,92.19µm
_06067_,92.17µm
_01316_,92.11µm
net754,91.98µm
_03100_,91.78µm
ciphertext_reg\[7\],91.71µm
_04620_,91.7µm
net1614,91.7µm
_06310_,91.675µm
net1170,91.675µm
_06791_,91.65µm
net1776,91.64µm
_03282_,91.59µm
net1762,91.55µm
net1793,91.53µm
net1517,91.52µm
net952,91.46µm
net1254,91.45µm
_03327_,91.44µm
net1023,91.3µm
net2065,91.21µm
net1689,91.2µm
net614,91.19µm
_06238_,91.16µm
_04792_,91.095µm
_02475_,91.08µm
_04126_,91.05µm
_03279_,91.03µm
net1852,91µm
net562,90.96µm
_06396_,90.93µm
_04448_,90.84µm
net1124,90.81µm
_07628_,90.7µm
net1617,90.69µm
_03667_,90.66µm
_04204_,90.6µm
_04722_,90.58µm
ciphertext_reg\[83\],90.58µm
_01791_,90.54µm
net1324,90.535µm
net2001,90.42µm
net918,90.415µm
_01361_,90.38µm
net1538,90.38µm
net1375,90.32µm
_06847_,90.3µm
_01315_,90.24µm
_01867_,90.21µm
_01282_,90.2µm
net2006,90.09µm
net1925,90.02µm
_01459_,89.99µm
_07787_,89.925µm
_03499_,89.92µm
_04464_,89.92µm
_06475_,89.86µm
net2204,89.86µm
net1176,89.845µm
_02650_,89.84µm
_03304_,89.8µm
_01873_,89.78µm
_04788_,89.76µm
net1457,89.76µm
net1893,89.76µm
_04873_,89.69µm
_04820_,89.6µm
net1214,89.52µm
net1959,89.48µm
net1894,89.44µm
_06450_,89.42µm
_04265_,89.36µm
_04297_,89.34µm
net828,89.265µm
net756,89.26µm
net1841,89.24µm
_09082_,89.08µm
net986,89.04µm
net1382,88.995µm
_09109_,88.94µm
net1697,88.94µm
_03724_,88.89µm
_01990_,88.85µm
net2016,88.84µm
_04551_,88.815µm
_06499_,88.76µm
net1222,88.755µm
_03749_,88.74µm
_06286_,88.695µm
_01639_,88.62µm
_04806_,88.56µm
_01874_,88.555µm
net465,88.465µm
_03993_,88.46µm
_09153_,88.46µm
_03717_,88.45µm
net1803,88.41µm
net1155,88.4µm
_01715_,88.345µm
_04128_,88.34µm
net543,88.335µm
_01973_,88.24µm
_06361_,88.24µm
u_aes128_baseline.u_aes_core.round_key_reg\[15\],88.22µm
_01567_,88.17µm
_01461_,88.125µm
net434,88.08µm
_02105_,88.02µm
net766,88.02µm
net1691,87.98µm
net1473,87.97µm
net1883,87.92µm
ciphertext_reg\[56\],87.905µm
_01659_,87.78µm
_03110_,87.74µm
net975,87.74µm
net1890,87.715µm
_06485_,87.64µm
net1641,87.62µm
_07935_,87.52µm
net1120,87.52µm
_02893_,87.46µm
u_aes128_baseline.u_aes_core.state_reg\[76\],87.44µm
_03387_,87.26µm
_08675_,87.24µm
net1753,87.21µm
_01888_,87.08µm
net748,87.06µm
net1078,87.02µm
_04890_,86.96µm
_02816_,86.94µm
_04125_,86.865µm
net582,86.86µm
net1315,86.85µm
net1699,86.85µm
_02564_,86.82µm
net1308,86.8µm
net945,86.78µm
_06241_,86.76µm
_07014_,86.76µm
_06441_,86.74µm
net792,86.73µm
net376,86.68µm
net1037,86.68µm
_01293_,86.62µm
net1271,86.605µm
net1132,86.575µm
_06588_,86.56µm
net916,86.52µm
ciphertext_reg\[110\],86.5µm
net217,86.5µm
_06186_,86.48µm
_07294_,86.44µm
_07738_,86.43µm
_06307_,86.38µm
_05144_,86.32µm
net1361,86.27µm
_03952_,86.265µm
_07542_,86.24µm
_04022_,86.22µm
net1945,86.19µm
_04812_,86.14µm
_05083_,86.135µm
_04609_,86µm
net1978,85.94µm
net1121,85.93µm
net317,85.92µm
net1839,85.9µm
_06275_,85.8µm
net1695,85.77µm
_01875_,85.74µm
net1486,85.72µm
net925,85.7µm
net1322,85.67µm
net1191,85.64µm
net2057,85.59µm
plaintext_reg\[13\],85.5µm
_04161_,85.49µm
_01840_,85.475µm
net1245,85.42µm
net1940,85.36µm
net1636,85.325µm
_08945_,85.28µm
_04905_,85.26µm
net1557,85.11µm
_01215_,85.1µm
_03300_,85.08µm
u_aes128_baseline.u_aes_core.round_key_reg\[16\],85.06µm
_07797_,85.04µm
net1336,84.96µm
net1531,84.92µm
net1119,84.875µm
net1503,84.84µm
net974,84.83µm
_07723_,84.74µm
net1449,84.715µm
net1956,84.7µm
ciphertext_reg\[19\],84.66µm
_07894_,84.6µm
_07963_,84.6µm
_01244_,84.39µm
net176,84.38µm
_01378_,84.36µm
net1213,84.355µm
net1258,84.345µm
_04949_,84.29µm
net1171,84.27µm
_01243_,84.12µm
net2004,84.12µm
net1480,84.06µm
net1874,84.04µm
net1715,84µm
net1310,83.995µm
u_aes128_baseline.u_aes_core.state_reg\[14\],83.96µm
_01897_,83.94µm
net1834,83.94µm
_05525_,83.92µm
_07040_,83.91µm
_05613_,83.88µm
_07636_,83.82µm
_05232_,83.76µm
net1299,83.76µm
_05984_,83.72µm
_06288_,83.655µm
_07175_,83.58µm
_04690_,83.55µm
key_reg\[98\],83.545µm
ciphertext_wire\[110\],83.54µm
net446,83.52µm
net586,83.5µm
u_aes128_baseline.u_aes_core.state_reg\[106\],83.475µm
_01703_,83.46µm
_07865_,83.455µm
net1200,83.41µm
_03694_,83.4µm
_04200_,83.39µm
_04805_,83.37µm
_01261_,83.24µm
_00842_,83.16µm
_07904_,83.16µm
net1846,83.1µm
net2209,83.06µm
_07653_,83.01µm
_02285_,83µm
net2048,82.98µm
net1551,82.92µm
_02576_,82.88µm
net1518,82.875µm
_06312_,82.835µm
_07844_,82.83µm
net1233,82.795µm
net797,82.79µm
u_aes128_baseline.u_aes_core.state_reg\[12\],82.72µm
net936,82.7µm
_01490_,82.69µm
net1569,82.66µm
_05313_,82.64µm
u_aes128_baseline.u_aes_core.state_reg\[63\],82.6µm
_08060_,82.58µm
_05295_,82.54µm
_04598_,82.535µm
net1586,82.26µm
net305,82.22µm
net1601,82.18µm
_06686_,82.08µm
net299,82.05µm
_03839_,82.04µm
_06008_,81.99µm
net1832,81.98µm
ciphertext_reg\[69\],81.975µm
net982,81.965µm
_02052_,81.96µm
_08248_,81.92µm
_03672_,81.9µm
net1321,81.88µm
_06221_,81.82µm
_08032_,81.82µm
net1181,81.765µm
net1670,81.72µm
_01270_,81.66µm
_02041_,81.62µm
_07801_,81.61µm
_03287_,81.605µm
_01626_,81.58µm
net1027,81.58µm
net1508,81.55µm
net1089,81.54µm
net1766,81.54µm
_05408_,81.5µm
net456,81.5µm
_08722_,81.485µm
_04571_,81.48µm
net1519,81.46µm
_07755_,81.425µm
_01880_,81.35µm
_04886_,81.3µm
net1797,81.195µm
net1471,81.15µm
key_reg\[114\],81.12µm
_04999_,81.09µm
net884,81.08µm
_08525_,81.065µm
_05352_,81.06µm
net1889,81.02µm
_06423_,81.01µm
net932,81µm
net1598,80.99µm
net978,80.95µm
_09113_,80.9µm
net1004,80.885µm
net787,80.88µm
net1687,80.735µm
net1972,80.65µm
_06675_,80.64µm
net1349,80.62µm
net1429,80.615µm
_08911_,80.52µm
clknet_leaf_0_clk,80.52µm
net1045,80.52µm
_06408_,80.515µm
_06336_,80.5µm
_07644_,80.48µm
_02314_,80.47µm
_06821_,80.41µm
net1968,80.37µm
_02020_,80.3µm
net1408,80.265µm
_02566_,80.24µm
_03598_,80.22µm
_04930_,80.22µm
net1035,80.2µm
_08249_,80.18µm
_04050_,80.16µm
_04874_,80.145µm
net1867,80.11µm
net2025,80.07µm
net2046,80.05µm
net1116,80.03µm
_07999_,79.92µm
net910,79.92µm
_02764_,79.88µm
net1606,79.82µm
net955,79.8µm
_01883_,79.78µm
_09258_,79.76µm
_04898_,79.74µm
net1903,79.71µm
net1453,79.66µm
net129,79.62µm
net1403,79.6µm
_04523_,79.56µm
_06053_,79.54µm
_01409_,79.48µm
_02076_,79.445µm
net1334,79.39µm
plaintext_reg\[55\],79.38µm
net1871,79.38µm
_01826_,79.36µm
net1412,79.36µm
_04776_,79.31µm
_08706_,79.28µm
_08431_,79.24µm
_06669_,79.22µm
net1760,79.2µm
_01516_,79.19µm
u_aes128_baseline.u_aes_core.state_reg\[67\],79.16µm
_04846_,79.14µm
key_reg\[115\],79.095µm
_01928_,79.07µm
net1742,79.06µm
_03261_,79.04µm
_03408_,79.01µm
_03767_,79.01µm
net164,78.98µm
net1226,78.98µm
net1419,78.945µm
net1441,78.92µm
_05307_,78.86µm
_08064_,78.85µm
_07789_,78.8µm
ciphertext_reg\[99\],78.8µm
net1992,78.76µm
net1703,78.7µm
net2207,78.66µm
_05359_,78.63µm
net1184,78.61µm
_04175_,78.58µm
net1011,78.58µm
net1428,78.58µm
net591,78.54µm
_01910_,78.41µm
net626,78.405µm
_01778_,78.3µm
_03825_,78.28µm
_02480_,78.26µm
_03925_,78.26µm
_07297_,78.22µm
_01468_,78.2µm
_01487_,78.14µm
net1500,78.13µm
net1444,78.12µm
_08233_,78.09µm
_03816_,78.08µm
net1802,78.07µm
_01366_,78.045µm
net1433,78µm
net1025,77.975µm
_05683_,77.94µm
_01615_,77.915µm
_06736_,77.9µm
net1848,77.84µm
net103,77.82µm
_07857_,77.81µm
_04878_,77.75µm
_01447_,77.72µm
net565,77.62µm
net1311,77.62µm
net1970,77.61µm
_06467_,77.6µm
net1886,77.59µm
_03575_,77.58µm
net922,77.58µm
net1414,77.38µm
_04597_,77.34µm
_06269_,77.3µm
_01555_,77.28µm
_07971_,77.28µm
_02731_,77.25µm
_04251_,77.24µm
_07860_,77.16µm
net1264,77.15µm
_03760_,77.14µm
_06032_,77.12µm
_01677_,77.1µm
_06751_,77µm
_06401_,76.82µm
_03136_,76.78µm
ciphertext_reg\[13\],76.73µm
_03782_,76.72µm
_06763_,76.69µm
_04411_,76.65µm
_01682_,76.64µm
_02005_,76.57µm
_07203_,76.56µm
_03295_,76.48µm
key_reg\[118\],76.47µm
_00919_,76.44µm
_06023_,76.4µm
_04492_,76.39µm
net1556,76.365µm
net919,76.345µm
ciphertext_wire\[104\],76.26µm
_04762_,76.24µm
_06117_,76.22µm
net1183,76.22µm
net1759,76.19µm
_01817_,76.16µm
net1332,76.16µm
_06039_,76.13µm
_07809_,76.13µm
_07348_,76µm
net2202,75.97µm
_06621_,75.96µm
_02966_,75.94µm
_06940_,75.92µm
_03752_,75.84µm
net1993,75.77µm
_05379_,75.72µm
_07647_,75.7µm
net1459,75.69µm
_08150_,75.68µm
_01644_,75.6µm
_05592_,75.54µm
net1055,75.54µm
_04968_,75.51µm
_02090_,75.5µm
_03787_,75.49µm
_08561_,75.4µm
net1995,75.38µm
_04573_,75.36µm
net1836,75.275µm
_01320_,75.26µm
_05146_,75.21µm
net2051,75.21µm
net1440,75.2µm
u_aes128_baseline.u_aes_core.state_reg\[96\],75.18µm
net1755,75.16µm
ciphertext_reg\[49\],75.14µm
_03693_,75.12µm
net1665,75.05µm
_06887_,75µm
net1675,74.96µm
_00808_,74.94µm
_03372_,74.94µm
net1142,74.86µm
net1417,74.825µm
u_aes128_baseline.u_aes_core.state_reg\[51\],74.64µm
net536,74.61µm
_04212_,74.6µm
_04278_,74.6µm
_08369_,74.595µm
net962,74.59µm
_07421_,74.58µm
u_aes128_baseline.u_aes_core.state_reg\[90\],74.58µm
_08773_,74.55µm
_03753_,74.54µm
net1515,74.54µm
net1345,74.49µm
_01522_,74.47µm
_07165_,74.44µm
_06174_,74.395µm
_02103_,74.34µm
net2027,74.34µm
_03603_,74.32µm
net996,74.28µm
_06412_,74.255µm
net1948,74.24µm
net2059,74.24µm
net1477,74.22µm
_06436_,74.16µm
net1735,74.15µm
key_reg\[107\],74.13µm
_01628_,74.1µm
_04593_,74.1µm
_01905_,74.08µm
_06296_,74.08µm
_03238_,74.02µm
net1999,73.95µm
_01837_,73.94µm
_07627_,73.94µm
net1996,73.83µm
_05656_,73.8µm
_09195_,73.8µm
plaintext_reg\[14\],73.8µm
_02546_,73.78µm
_06331_,73.72µm
_08616_,73.72µm
net1217,73.71µm
_01853_,73.705µm
ciphertext_reg\[44\],73.64µm
_07652_,73.62µm
net502,73.62µm
_03293_,73.48µm
_05366_,73.48µm
_04112_,73.47µm
_03687_,73.46µm
net934,73.455µm
net171,73.44µm
net569,73.44µm
_06316_,73.415µm
_03373_,73.4µm
_04935_,73.4µm
plaintext_reg\[28\],73.35µm
_04791_,73.315µm
net2053,73.27µm
_07754_,73.26µm
_04879_,73.185µm
_01241_,73.18µm
net141,73.18µm
net1114,73.155µm
_05027_,73.12µm
net686,73.08µm
_04947_,73.02µm
_04691_,72.93µm
net2032,72.86µm
_03424_,72.84µm
_06264_,72.84µm
net1501,72.78µm
_04298_,72.74µm
_02192_,72.72µm
_05448_,72.72µm
_06381_,72.65µm
_07440_,72.64µm
_08545_,72.62µm
net1882,72.62µm
_06330_,72.58µm
_01830_,72.56µm
_04868_,72.55µm
net1712,72.54µm
net578,72.44µm
_01559_,72.42µm
_02720_,72.4µm
net1726,72.38µm
_05597_,72.36µm
_01731_,72.26µm
net1560,72.18µm
_01543_,72.14µm
net1482,72.14µm
_03712_,72.11µm
_01771_,72.105µm
_06699_,72.1µm
net1323,72.095µm
_01528_,72.08µm
_05804_,72.08µm
net768,72.06µm
net954,72.04µm
_01725_,72.005µm
_04775_,72µm
_04452_,71.94µm
net928,71.875µm
_03354_,71.82µm
_07805_,71.78µm
_06548_,71.775µm
_02302_,71.735µm
net789,71.7µm
_06218_,71.68µm
net472,71.68µm
net1304,71.67µm
net1581,71.67µm
_01222_,71.54µm
_07023_,71.51µm
_01658_,71.5µm
plaintext_reg\[95\],71.4µm
_07388_,71.3µm
_05142_,71.275µm
_09076_,71.26µm
net946,71.24µm
net1502,71.22µm
plaintext_reg\[66\],71.2µm
net1235,71.19µm
_01272_,71.12µm
net1240,71.12µm
_06510_,71µm
net1347,70.9µm
net1179,70.88µm
_03268_,70.78µm
net1083,70.78µm
_03800_,70.76µm
key_reg\[18\],70.76µm
net1274,70.685µm
_05400_,70.68µm
_07337_,70.68µm
_04268_,70.665µm
net1088,70.64µm
u_aes128_baseline.u_aes_core.state_reg\[104\],70.52µm
net1363,70.51µm
_04270_,70.46µm
_02956_,70.4µm
_04517_,70.36µm
net1509,70.3µm
_04693_,70.28µm
net1751,70.24µm
_02951_,70.22µm
_02205_,70.18µm
net2005,70.16µm
_07492_,70.14µm
u_aes128_baseline.u_aes_core.round_key_reg\[79\],70.135µm
_01558_,70.05µm
net838,70.02µm
net101,70.01µm
net1411,70.01µm
_08955_,70µm
_06438_,69.98µm
_03280_,69.91µm
net1216,69.87µm
u_aes128_baseline.u_aes_core.state_reg\[64\],69.84µm
net530,69.8µm
net1150,69.76µm
net1748,69.74µm
_04818_,69.735µm
net1905,69.73µm
_04554_,69.66µm
_03285_,69.65µm
plaintext_reg\[38\],69.56µm
_02089_,69.55µm
_01497_,69.43µm
net1701,69.385µm
_08016_,69.38µm
_03631_,69.34µm
_06891_,69.34µm
_07260_,69.32µm
_06827_,69.2µm
_06163_,69.18µm
_01734_,69.06µm
_08360_,69.04µm
_06298_,68.98µm
_02219_,68.96µm
_01557_,68.94µm
_03602_,68.92µm
_02313_,68.9µm
_01895_,68.88µm
net284,68.86µm
_03554_,68.78µm
_08121_,68.76µm
net2198,68.74µm
_04736_,68.68µm
_06824_,68.61µm
_08187_,68.55µm
_06460_,68.525µm
ciphertext_reg\[98\],68.52µm
net2049,68.52µm
_02666_,68.46µm
net1662,68.46µm
net2022,68.45µm
_05682_,68.42µm
net923,68.4µm
net1721,68.37µm
net1962,68.36µm
_08056_,68.29µm
_01414_,68.28µm
net1856,68.28µm
_03663_,68.24µm
_04614_,68.24µm
net1562,68.24µm
net1618,68.12µm
_04379_,68.02µm
net1458,67.99µm
_03818_,67.92µm
_08066_,67.92µm
net1202,67.88µm
key_reg\[79\],67.865µm
_04415_,67.84µm
_03126_,67.82µm
net1872,67.82µm
net1138,67.795µm
_04500_,67.705µm
net1673,67.64µm
net1465,67.62µm
_00881_,67.54µm
net1135,67.5µm
_07972_,67.48µm
_03416_,67.435µm
_02088_,67.36µm
net1284,67.36µm
_08395_,67.32µm
ciphertext_reg\[111\],67.32µm
net1003,67.32µm
_06311_,67.305µm
net1000,67.3µm
_05767_,67.28µm
_07672_,67.28µm
_02284_,67.275µm
net1714,67.26µm
_04160_,67.22µm
u_aes128_baseline.u_aes_core.rcon_reg\[0\],67.19µm
ciphertext_reg\[17\],67.16µm
_05137_,67.13µm
_03845_,67.1µm
_06693_,67.1µm
u_aes128_baseline.u_aes_core.rcon_reg\[7\],67.08µm
ciphertext_reg\[37\],67.06µm
_01334_,67.04µm
net947,67.03µm
_05793_,66.98µm
_07739_,66.97µm
_03450_,66.96µm
_06086_,66.94µm
net1266,66.94µm
_08358_,66.84µm
_08335_,66.83µm
_03397_,66.81µm
_03247_,66.8µm
net1289,66.8µm
net1700,66.75µm
_02994_,66.72µm
_08852_,66.72µm
_05094_,66.66µm
_01602_,66.64µm
_08865_,66.58µm
ciphertext_reg\[10\],66.485µm
_06677_,66.48µm
u_aes128_baseline.u_aes_core.state_reg\[116\],66.44µm
plaintext_reg\[73\],66.32µm
net1590,66.32µm
_03305_,66.23µm
_06456_,66.23µm
_08049_,66.165µm
key_reg\[20\],66.14µm
ciphertext_reg\[27\],66.12µm
net1955,66.12µm
_02476_,66.08µm
_06137_,66.06µm
_06523_,66.06µm
_06894_,66.03µm
_06506_,66.02µm
_03871_,65.94µm
net924,65.74µm
net1722,65.735µm
net953,65.665µm
_06803_,65.66µm
_06868_,65.65µm
_07381_,65.64µm
_07641_,65.62µm
net1223,65.62µm
_04831_,65.4µm
_01848_,65.39µm
_04668_,65.365µm
_06114_,65.355µm
key_reg\[125\],65.345µm
_05834_,65.34µm
_01823_,65.26µm
_04249_,65.26µm
key_reg\[58\],65.26µm
_08055_,65.25µm
net1117,65.2µm
net1328,65.175µm
_07938_,65.17µm
_04188_,65.16µm
_03792_,65.12µm
net990,65.09µm
_03833_,65.02µm
_03988_,65.02µm
_08676_,65µm
net351,64.98µm
net1270,64.96µm
_08022_,64.94µm
net1998,64.865µm
_06190_,64.845µm
_04206_,64.84µm
_04316_,64.82µm
net1196,64.8µm
net674,64.78µm
net1493,64.78µm
net2200,64.68µm
net2040,64.59µm
ciphertext_reg\[36\],64.58µm
_06081_,64.57µm
_06047_,64.56µm
_06189_,64.485µm
_01286_,64.48µm
_05141_,64.48µm
_07369_,64.48µm
_07408_,64.48µm
_05427_,64.4µm
_05523_,64.2µm
net450,64.19µm
_00903_,64.18µm
net695,64.17µm
_02768_,64.16µm
_05288_,64.16µm
_06326_,64.06µm
_05009_,64.02µm
net1192,63.98µm
_04353_,63.9µm
net1862,63.9µm
_02218_,63.86µm
_07724_,63.84µm
plaintext_reg\[1\],63.84µm
net117,63.84µm
net1709,63.83µm
net1281,63.81µm
_03139_,63.8µm
_05443_,63.78µm
net1013,63.765µm
_04110_,63.76µm
_05102_,63.76µm
net1134,63.74µm
_03467_,63.72µm
_05778_,63.7µm
key_reg\[11\],63.665µm
_02445_,63.64µm
_08057_,63.6µm
net1309,63.595µm
net1277,63.585µm
_01941_,63.53µm
net2073,63.51µm
net1603,63.5µm
_06896_,63.38µm
plaintext_reg\[79\],63.28µm
_05343_,63.245µm
_08599_,63.24µm
_08025_,63.225µm
_07314_,63.22µm
_08001_,63.22µm
net1275,63.22µm
_04944_,63.21µm
_03330_,63.19µm
_04726_,63.16µm
ciphertext_reg\[45\],63.16µm
_06468_,63.1µm
net1891,63.06µm
_04810_,63.04µm
_07380_,63.02µm
_06198_,62.88µm
_06933_,62.88µm
_03894_,62.865µm
ciphertext_reg\[94\],62.86µm
net1851,62.825µm
_06443_,62.82µm
_02008_,62.76µm
plaintext_reg\[47\],62.74µm
_08414_,62.68µm
_04299_,62.64µm
_03647_,62.62µm
_03286_,62.6µm
_08005_,62.6µm
net1100,62.5µm
_02388_,62.48µm
_05165_,62.36µm
_04796_,62.32µm
_09129_,62.3µm
plaintext_reg\[91\],62.3µm
net2052,62.29µm
_08094_,62.28µm
_07756_,62.25µm
_06042_,62.22µm
net2021,62.17µm
net1218,62.16µm
net1913,62.08µm
_06350_,62.06µm
net2014,62.03µm
key_reg\[28\],62.02µm
_03679_,62µm
ciphertext_reg\[64\],62µm
key_reg\[75\],61.97µm
_06055_,61.96µm
_04164_,61.87µm
_03662_,61.84µm
net1505,61.84µm
key_reg\[8\],61.8µm
_08012_,61.735µm
_02343_,61.72µm
_04779_,61.72µm
ciphertext_reg\[42\],61.72µm
key_reg\[16\],61.63µm
_04166_,61.62µm
_04894_,61.62µm
_06452_,61.62µm
_09336_,61.6µm
net1220,61.58µm
_05302_,61.54µm
key_reg\[70\],61.54µm
_02274_,61.5µm
_06293_,61.48µm
_09025_,61.48µm
_02175_,61.44µm
_05284_,61.44µm
u_aes128_baseline.u_aes_core.round_key_reg\[87\],61.415µm
net144,61.38µm
net168,61.38µm
_06407_,61.275µm
_01382_,61.26µm
_05449_,61.26µm
net803,61.26µm
key_reg\[50\],61.255µm
_07460_,61.24µm
_05257_,61.18µm
net1785,61.14µm
net1983,61.14µm
_02362_,61.13µm
_03453_,61.085µm
net2023,61.07µm
net1337,61.06µm
_03082_,61.02µm
_08132_,61.02µm
plaintext_reg\[125\],60.99µm
_05211_,60.98µm
net1174,60.97µm
_03823_,60.96µm
_03733_,60.92µm
_04025_,60.88µm
net2009,60.83µm
net1717,60.795µm
_01503_,60.72µm
net1082,60.71µm
_06610_,60.7µm
net125,60.67µm
_03248_,60.66µm
_01733_,60.64µm
_04531_,60.64µm
_06419_,60.58µm
net1269,60.57µm
_02472_,60.5µm
net1930,60.44µm
_01646_,60.37µm
_08412_,60.285µm
_04376_,60.24µm
_07858_,60.22µm
net128,60.06µm
_04514_,60.02µm
_07076_,60µm
net611,59.97µm
_03274_,59.92µm
net1031,59.9µm
net246,59.88µm
net1720,59.84µm
_06645_,59.82µm
_08426_,59.82µm
_05959_,59.8µm
_03337_,59.78µm
clknet_leaf_25_clk,59.73µm
_07913_,59.66µm
key_reg\[12\],59.64µm
_06319_,59.63µm
_05008_,59.62µm
net2019,59.61µm
_09168_,59.57µm
_01995_,59.56µm
net1946,59.56µm
net2039,59.56µm
_08984_,59.42µm
net2197,59.36µm
net1826,59.3µm
_07131_,59.26µm
net1075,59.24µm
_08966_,59.22µm
net592,59.165µm
_02428_,59.14µm
net594,59.14µm
net1319,59.115µm
_02992_,59.02µm
_04927_,59µm
_07985_,58.96µm
net1661,58.925µm
_08853_,58.92µm
_01726_,58.895µm
_04544_,58.84µm
_05801_,58.82µm
net1827,58.8µm
_01486_,58.78µm
_03444_,58.74µm
net1080,58.735µm
net1964,58.67µm
_02173_,58.655µm
_05405_,58.62µm
_02065_,58.595µm
key_reg\[23\],58.54µm
_03357_,58.52µm
_05101_,58.44µm
_07114_,58.44µm
_09150_,58.42µm
net1475,58.385µm
_05096_,58.3µm
_06489_,58.3µm
_08877_,58.3µm
net1683,58.3µm
_04748_,58.28µm
_06339_,58.28µm
_06309_,58.26µm
_05919_,58.22µm
_08063_,58.22µm
net1825,58.22µm
net347,58.165µm
_05803_,58.04µm
start_reg,58.04µm
_02868_,58.02µm
_04764_,58.02µm
net1143,57.985µm
_04028_,57.98µm
_05512_,57.98µm
net940,57.94µm
_02912_,57.9µm
_07704_,57.82µm
net1229,57.82µm
net1931,57.77µm
_08013_,57.76µm
net1338,57.76µm
net120,57.6µm
net981,57.6µm
_05990_,57.56µm
net1420,57.56µm
_02119_,57.5µm
key_reg\[73\],57.485µm
_03457_,57.44µm
_01643_,57.43µm
_06875_,57.42µm
_08114_,57.42µm
_08770_,57.34µm
_02060_,57.295µm
_07009_,57.28µm
_08825_,57.28µm
net132,57.23µm
net1705,57.21µm
_03710_,57.18µm
_01899_,57.16µm
_03220_,57.14µm
_07982_,57.1µm
net1423,57.1µm
_06120_,57.09µm
net1740,56.98µm
net1029,56.97µm
_08936_,56.96µm
_06974_,56.91µm
_01383_,56.88µm
_01440_,56.86µm
_06353_,56.86µm
_03277_,56.76µm
_01819_,56.74µm
_04324_,56.74µm
_03407_,56.68µm
_02634_,56.62µm
_05463_,56.58µm
_04522_,56.56µm
key_reg\[72\],56.53µm
_07220_,56.43µm
_04509_,56.375µm
_03755_,56.32µm
net1506,56.3µm
_01912_,56.245µm
_08067_,56.22µm
net1546,56.16µm
_02833_,56.15µm
_05369_,56.15µm
_08080_,56.12µm
_07186_,56.1µm
u_aes128_baseline.u_aes_core.state_reg\[95\],56.09µm
net2071,56.03µm
ciphertext_reg\[75\],56.02µm
_04246_,56µm
net2002,55.99µm
_04023_,55.94µm
net1149,55.92µm
_02316_,55.9µm
_02509_,55.9µm
_08507_,55.9µm
net1947,55.9µm
_04713_,55.875µm
_02232_,55.8µm
net970,55.77µm
_07788_,55.75µm
_03804_,55.73µm
net1022,55.665µm
_02001_,55.66µm
net678,55.64µm
net1185,55.64µm
_02917_,55.6µm
_03578_,55.595µm
plaintext_reg\[23\],55.52µm
_06322_,55.5µm
_02518_,55.48µm
_01849_,55.44µm
_02588_,55.425µm
_03777_,55.415µm
_04240_,55.38µm
key_reg\[113\],55.31µm
_01753_,55.26µm
_04416_,55.22µm
_04826_,55.2µm
_08220_,55.2µm
net135,55.18µm
_06769_,55.165µm
_02446_,55.16µm
plaintext_reg\[117\],55.16µm
_06192_,55.12µm
net1656,55.12µm
_07767_,55.1µm
net310,55.1µm
_01676_,55.06µm
_02886_,55.06µm
_08027_,55.02µm
_08692_,55.02µm
net972,54.92µm
net1795,54.88µm
net2036,54.88µm
_03808_,54.86µm
_02803_,54.84µm
_06069_,54.82µm
_01828_,54.8µm
_04380_,54.69µm
_00853_,54.68µm
_07774_,54.66µm
net1067,54.64µm
ciphertext_reg\[95\],54.625µm
_02056_,54.6µm
net2194,54.56µm
net572,54.52µm
_03256_,54.48µm
_05743_,54.48µm
_05704_,54.385µm
_06200_,54.34µm
net1965,54.33µm
_08231_,54.28µm
net1524,54.23µm
_05621_,54.18µm
net313,54.16µm
net1896,54.16µm
_07529_,54.1µm
_07976_,54.1µm
net322,54.1µm
net1963,54.09µm
_08143_,54.08µm
net303,54.08µm
net1597,54.04µm
net560,54.03µm
_03968_,53.98µm
net1573,53.98µm
read_index\[0\],53.94µm
net1756,53.94µm
_03883_,53.845µm
_08140_,53.82µm
net1716,53.82µm
_09287_,53.78µm
net1348,53.78µm
_01913_,53.74µm
_09086_,53.74µm
_06404_,53.73µm
plaintext_reg\[11\],53.72µm
_07648_,53.68µm
net1837,53.66µm
_08190_,53.48µm
_04108_,53.44µm
_06111_,53.4µm
_04187_,53.38µm
net618,53.38µm
_06377_,53.375µm
_07953_,53.34µm
net1926,53.27µm
_05327_,53.25µm
_06448_,53.23µm
net2189,53.22µm
_08054_,53.18µm
_01978_,53.14µm
_06044_,53.14µm
net79,53.08µm
_06996_,53.02µm
_04963_,53µm
_03392_,52.94µm
net2037,52.93µm
_03870_,52.92µm
net573,52.92µm
net1115,52.89µm
net2030,52.87µm
net1366,52.86µm
_01661_,52.84µm
_06397_,52.84µm
_04491_,52.8µm
_04832_,52.75µm
_05480_,52.7µm
_09087_,52.7µm
_07816_,52.66µm
net2066,52.64µm
net1908,52.62µm
_03950_,52.615µm
_01886_,52.6µm
_08645_,52.6µm
_08895_,52.58µm
_02216_,52.54µm
_06268_,52.46µm
_04402_,52.44µm
_04891_,52.425µm
_08073_,52.42µm
net121,52.42µm
net488,52.39µm
plaintext_reg\[18\],52.32µm
u_aes128_baseline.u_aes_core.state_reg\[55\],52.3µm
_07978_,52.28µm
_04495_,52.27µm
_07852_,52.26µm
_07864_,52.26µm
_05163_,52.25µm
_04981_,52.16µm
_01415_,52.12µm
_02396_,52.12µm
_01394_,52.1µm
net1914,52.07µm
_01442_,52µm
key_count\[0\],51.995µm
_01627_,51.98µm
net1811,51.98µm
_06901_,51.96µm
_03692_,51.9µm
key_reg\[35\],51.86µm
_07589_,51.84µm
ciphertext_reg\[77\],51.825µm
_04184_,51.8µm
_07855_,51.8µm
_04585_,51.78µm
_08308_,51.775µm
net1591,51.76µm
_04643_,51.75µm
_01979_,51.74µm
_03630_,51.74µm
_04943_,51.7µm
_03296_,51.685µm
_07840_,51.59µm
key_reg\[22\],51.58µm
_03766_,51.49µm
_01332_,51.48µm
_06094_,51.44µm
net917,51.44µm
net1249,51.44µm
net1387,51.43µm
_04642_,51.42µm
_07543_,51.42µm
_03283_,51.38µm
_06845_,51.38µm
_09066_,51.38µm
_03096_,51.36µm
_06541_,51.36µm
_02856_,51.32µm
_07866_,51.24µm
_08763_,51.22µm
net841,51.22µm
_07676_,51.21µm
_08905_,51.2µm
net1750,51.18µm
_06064_,51.16µm
_09286_,51.16µm
_01457_,51.14µm
_05024_,51.14µm
_08095_,51.11µm
_02919_,51.1µm
_07416_,51µm
key_reg\[45\],50.96µm
_09272_,50.94µm
net1984,50.81µm
_06185_,50.78µm
_08647_,50.76µm
_02037_,50.72µm
_00810_,50.7µm
net1927,50.7µm
_04104_,50.69µm
_08429_,50.64µm
_04586_,50.605µm
_04208_,50.58µm
_04822_,50.58µm
_01727_,50.56µm
_01582_,50.505µm
_06440_,50.5µm
_01800_,50.48µm
_06301_,50.46µm
_04790_,50.445µm
_01054_,50.44µm
_08643_,50.36µm
_05279_,50.34µm
_04799_,50.32µm
_06071_,50.28µm
_04864_,50.27µm
_02414_,50.26µm
_06561_,50.25µm
_06664_,50.23µm
_07137_,50.215µm
_07822_,50.18µm
u_aes128_baseline.u_aes_core.state_reg\[98\],50.17µm
_08754_,50.14µm
_07854_,50.06µm
_01592_,50.05µm
_09303_,50.04µm
_06673_,50.02µm
_03811_,49.94µm
_06449_,49.9µm
_08515_,49.86µm
_08024_,49.84µm
net1073,49.83µm
net1077,49.78µm
_03803_,49.76µm
_01872_,49.755µm
_05507_,49.74µm
ciphertext_reg\[26\],49.72µm
_05433_,49.7µm
_07810_,49.7µm
_08238_,49.66µm
_08209_,49.65µm
net1979,49.64µm
_05357_,49.6µm
_06345_,49.59µm
_06324_,49.58µm
_05577_,49.55µm
_05065_,49.53µm
_01903_,49.51µm
_06632_,49.51µm
_06220_,49.48µm
_04657_,49.435µm
_07981_,49.38µm
key_reg\[86\],49.335µm
_05546_,49.32µm
_03676_,49.305µm
_04851_,49.3µm
_05193_,49.24µm
_01304_,49.22µm
_03374_,49.18µm
ciphertext_reg\[54\],49.18µm
_02995_,49.16µm
_05485_,49.14µm
_07728_,49.12µm
_08410_,49.08µm
key_count\[1\],49.07µm
_02962_,49.06µm
_03307_,49.06µm
_04880_,49.06µm
_06187_,49.02µm
_05710_,48.985µm
_02148_,48.925µm
_04700_,48.88µm
_00851_,48.86µm
_09292_,48.86µm
_02305_,48.84µm
_04803_,48.82µm
_08110_,48.82µm
_02789_,48.8µm
_07690_,48.8µm
net124,48.8µm
key_reg\[126\],48.765µm
_03480_,48.76µm
_03565_,48.74µm
_04676_,48.74µm
ciphertext_reg\[53\],48.7µm
_03783_,48.68µm
_02972_,48.66µm
_04485_,48.64µm
_09337_,48.62µm
net1924,48.57µm
_02747_,48.565µm
net943,48.56µm
_04518_,48.53µm
_04973_,48.515µm
_03799_,48.48µm
plaintext_reg\[126\],48.48µm
_02975_,48.47µm
_02797_,48.46µm
_06434_,48.46µm
plaintext_reg\[114\],48.45µm
_02178_,48.44µm
_07502_,48.42µm
_07761_,48.42µm
_03137_,48.4µm
_07197_,48.34µm
net15,48.34µm
net1664,48.34µm
_01998_,48.33µm
_06926_,48.3µm
_05536_,48.26µm
_01724_,48.24µm
_08646_,48.24µm
net1156,48.21µm
net1292,48.16µm
_08652_,48.12µm
_04043_,48.06µm
net1472,48.05µm
_02520_,48.04µm
_04686_,48.02µm
net1316,47.94µm
_05434_,47.91µm
_06514_,47.91µm
_01852_,47.9µm
net170,47.9µm
_02657_,47.86µm
_08593_,47.82µm
_01967_,47.8µm
_02426_,47.8µm
_07120_,47.8µm
_04582_,47.78µm
_04847_,47.78µm
net1386,47.78µm
net1297,47.76µm
_07057_,47.75µm
_01337_,47.74µm
_05280_,47.72µm
net1800,47.72µm
key_reg\[46\],47.715µm
_06691_,47.71µm
_06948_,47.7µm
_04189_,47.68µm
_04825_,47.68µm
net1875,47.68µm
_08406_,47.64µm
_06179_,47.56µm
_07395_,47.56µm
_06508_,47.54µm
_08345_,47.54µm
u_aes128_baseline.u_aes_core.state_reg\[105\],47.54µm
_01839_,47.52µm
_03680_,47.52µm
_02267_,47.44µm
_04087_,47.43µm
_04671_,47.42µm
ciphertext_reg\[11\],47.42µm
key_reg\[83\],47.38µm
u_aes128_baseline.u_aes_core.state_reg\[13\],47.38µm
_04838_,47.36µm
_06395_,47.36µm
net1829,47.36µm
net2069,47.3µm
_06315_,47.28µm
_02973_,47.24µm
_01529_,47.18µm
_07682_,47.18µm
net1178,47.18µm
_06411_,47.16µm
_07651_,47.14µm
_04836_,47.13µm
_01992_,47.12µm
_08088_,47.11µm
_06332_,47.09µm
net575,47.08µm
net2190,47.06µm
_02222_,47.02µm
net1565,47.02µm
_07899_,46.955µm
_01707_,46.92µm
_01845_,46.92µm
_02516_,46.91µm
_07372_,46.88µm
_04932_,46.84µm
net2188,46.8µm
_06463_,46.78µm
_02814_,46.74µm
_05965_,46.66µm
net1842,46.66µm
_01230_,46.62µm
_07332_,46.62µm
net1024,46.595µm
net1693,46.585µm
_06318_,46.54µm
ciphertext_reg\[121\],46.52µm
_02312_,46.5µm
_01804_,46.46µm
plaintext_reg\[45\],46.46µm
_03982_,46.44µm
_08747_,46.42µm
key_reg\[49\],46.415µm
net1186,46.32µm
_03317_,46.28µm
net130,46.25µm
_07669_,46.22µm
_08608_,46.22µm
_05684_,46.2µm
_04933_,46.185µm
_03986_,46.18µm
_07484_,46.16µm
_05918_,46.14µm
net829,46.105µm
_06734_,46.1µm
_03664_,46.08µm
_02941_,46.06µm
_05645_,46.06µm
net335,46µm
_05891_,45.98µm
_09059_,45.98µm
_08294_,45.94µm
_02501_,45.9µm
net1365,45.9µm
_04602_,45.86µm
_01675_,45.83µm
_07998_,45.82µm
_03723_,45.8µm
read_index\[3\],45.8µm
_07146_,45.73µm
net292,45.72µm
_06745_,45.64µm
_01534_,45.58µm
_05350_,45.58µm
_04918_,45.575µm
net71,45.57µm
_07207_,45.54µm
_04227_,45.515µm
net1388,45.48µm
_07444_,45.36µm
net969,45.36µm
_08600_,45.33µm
_06299_,45.32µm
_07665_,45.3µm
_01749_,45.27µm
_05235_,45.265µm
net334,45.26µm
_02997_,45.22µm
_02220_,45.2µm
_06119_,45.185µm
_03301_,45.18µm
_06609_,45.16µm
_02298_,45.12µm
_05424_,45.08µm
u_aes128_baseline.u_aes_core.state_reg\[118\],45.08µm
key_reg\[60\],45.05µm
_08306_,45.01µm
_04606_,45µm
_04607_,45µm
_05265_,45µm
_02006_,44.92µm
_08031_,44.92µm
_02202_,44.88µm
_05481_,44.86µm
_06963_,44.82µm
_03068_,44.8µm
_07872_,44.8µm
_04418_,44.78µm
_02283_,44.77µm
_08210_,44.76µm
_06393_,44.74µm
_08229_,44.74µm
_05345_,44.72µm
_08915_,44.72µm
_08351_,44.7µm
_03079_,44.68µm
_04147_,44.68µm
_05642_,44.68µm
_06465_,44.67µm
_04661_,44.44µm
_02027_,44.42µm
_08724_,44.42µm
_01266_,44.4µm
_05989_,44.38µm
_06235_,44.38µm
_01748_,44.375µm
plaintext_reg\[17\],44.34µm
_03306_,44.325µm
_05638_,44.32µm
_06133_,44.32µm
_02990_,44.31µm
_04910_,44.3µm
net421,44.3µm
_08732_,44.24µm
_01911_,44.22µm
_04121_,44.22µm
_02953_,44.205µm
_02707_,44.16µm
_01776_,44.14µm
_04490_,44.14µm
_04340_,44.12µm
_05564_,44.12µm
_03342_,44.1µm
_05378_,44.09µm
net1002,44.08µm
_02578_,44.06µm
plaintext_reg\[9\],44.055µm
_06800_,44.04µm
_07881_,44.04µm
_04132_,44.035µm
_07795_,44.02µm
_06493_,44µm
_08111_,43.99µm
_02673_,43.98µm
_04266_,43.98µm
_08581_,43.96µm
_06471_,43.94µm
_09002_,43.9µm
net561,43.84µm
_01645_,43.82µm
_08314_,43.8µm
plaintext_reg\[20\],43.8µm
_05836_,43.76µm
_06826_,43.755µm
_02323_,43.74µm
_02817_,43.74µm
_06410_,43.73µm
_03371_,43.72µm
_04557_,43.66µm
_03797_,43.64µm
_04556_,43.64µm
_02884_,43.6µm
_07530_,43.58µm
_07740_,43.56µm
_00849_,43.54µm
_02425_,43.53µm
key_reg\[110\],43.53µm
_08208_,43.52µm
_06095_,43.5µm
key_reg\[123\],43.5µm
_06481_,43.46µm
_03944_,43.42µm
_04924_,43.42µm
key_reg\[53\],43.42µm
net577,43.42µm
_08227_,43.4µm
net610,43.4µm
_05304_,43.39µm
_06570_,43.28µm
_07888_,43.28µm
key_reg\[81\],43.26µm
net1122,43.22µm
_08594_,43.2µm
net1133,43.175µm
net150,43.08µm
_08278_,43.045µm
_06497_,43.04µm
_02762_,43µm
_04940_,43µm
_08002_,42.905µm
_03897_,42.9µm
_04979_,42.9µm
_04288_,42.88µm
_05108_,42.88µm
_05744_,42.88µm
plaintext_reg\[40\],42.88µm
_01622_,42.86µm
_03589_,42.86µm
_02250_,42.84µm
_04727_,42.84µm
_06283_,42.82µm
_05533_,42.81µm
_07930_,42.805µm
core_reset_n,42.78µm
_00889_,42.66µm
_02562_,42.63µm
_04308_,42.62µm
net1327,42.6µm
_02834_,42.59µm
key_reg\[40\],42.59µm
_07626_,42.52µm
_02171_,42.5µm
_03781_,42.46µm
_02057_,42.44µm
_04778_,42.44µm
net1911,42.42µm
_01475_,42.36µm
net2186,42.32µm
_05451_,42.3µm
_06622_,42.28µm
_03558_,42.265µm
key_reg\[122\],42.24µm
_04626_,42.19µm
net1038,42.19µm
plaintext_reg\[39\],42.16µm
_01292_,42.04µm
_07145_,42.04µm
net1845,41.99µm
key_reg\[112\],41.98µm
_03297_,41.96µm
_04532_,41.96µm
_02144_,41.84µm
_02794_,41.82µm
_05492_,41.8µm
_06374_,41.76µm
net1934,41.75µm
_01482_,41.74µm
_08030_,41.72µm
net1542,41.68µm
_00887_,41.64µm
net939,41.64µm
key_reg\[7\],41.625µm
_01363_,41.56µm
_06101_,41.55µm
_04451_,41.54µm
_02300_,41.5µm
_03192_,41.5µm
_07399_,41.48µm
net2187,41.44µm
_06516_,41.43µm
_02784_,41.34µm
_03650_,41.34µm
_01807_,41.32µm
_07861_,41.32µm
_08380_,41.24µm
_09120_,41.22µm
_08996_,41.2µm
_01296_,41.18µm
net1724,41.16µm
_06727_,41.14µm
_06491_,41.13µm
_01780_,41.1µm
_07180_,41.1µm
_04734_,41.04µm
key_reg\[48\],41.03µm
_01922_,41µm
_03308_,41µm
_01538_,40.98µm
_03488_,40.98µm
_07968_,40.96µm
_04511_,40.94µm
_01649_,40.92µm
_02949_,40.9µm
_06831_,40.9µm
_01617_,40.88µm
_05823_,40.88µm
_05173_,40.84µm
_08533_,40.82µm
net1772,40.82µm
_07684_,40.81µm
_03298_,40.775µm
_04155_,40.765µm
_04919_,40.75µm
_04588_,40.74µm
_06871_,40.74µm
key_reg\[127\],40.74µm
net1919,40.72µm
net1068,40.7µm
_02190_,40.68µm
plaintext_reg\[72\],40.68µm
net215,40.675µm
_07478_,40.66µm
plaintext_reg\[8\],40.64µm
ciphertext_reg\[88\],40.62µm
_08413_,40.605µm
_02051_,40.6µm
_04235_,40.56µm
_06952_,40.54µm
plaintext_reg\[64\],40.5µm
_06882_,40.46µm
plaintext_reg\[93\],40.46µm
_01850_,40.4µm
_04925_,40.4µm
key_reg\[62\],40.39µm
_03349_,40.38µm
_04888_,40.3µm
net1090,40.23µm
net375,40.2µm
_01201_,40.19µm
_08715_,40.14µm
_08159_,40.1µm
_06355_,40.08µm
_09018_,40.06µm
_02835_,40.045µm
_08978_,40.04µm
_05154_,40.02µm
_08172_,40.005µm
_07427_,40µm
_03698_,39.98µm
_01870_,39.975µm
_06196_,39.96µm
_05590_,39.94µm
_04821_,39.92µm
_02572_,39.9µm
_08296_,39.9µm
_04545_,39.875µm
_04446_,39.86µm
_05224_,39.85µm
_02374_,39.84µm
_04258_,39.84µm
_04769_,39.795µm
_03985_,39.78µm
_06127_,39.775µm
net173,39.74µm
net559,39.74µm
key_reg\[52\],39.71µm
plaintext_count\[0\],39.6µm
key_reg\[89\],39.575µm
_02259_,39.56µm
_01896_,39.52µm
_05992_,39.52µm
read_index\[1\],39.5µm
_06052_,39.48µm
_06758_,39.46µm
key_reg\[65\],39.45µm
net631,39.43µm
net210,39.4µm
_03410_,39.36µm
_04717_,39.36µm
ciphertext_reg\[34\],39.36µm
_02824_,39.32µm
_04912_,39.32µm
_09084_,39.3µm
_06321_,39.29µm
_04655_,39.26µm
_02024_,39.24µm
_04239_,39.24µm
_06178_,39.2µm
_04354_,39.18µm
_04371_,39.18µm
_07890_,39.16µm
plaintext_reg\[19\],39.16µm
_06066_,39.15µm
_05055_,39.14µm
_06083_,39.14µm
_08386_,39.14µm
_01638_,39.12µm
key_reg\[94\],39.11µm
_02486_,39.105µm
_08283_,39.08µm
_04926_,39.02µm
_04709_,39µm
plaintext_count\[1\],38.98µm
net70,38.98µm
_01690_,38.945µm
_01921_,38.94µm
_05944_,38.94µm
_08662_,38.94µm
_08219_,38.925µm
_04021_,38.92µm
_03173_,38.88µm
_01269_,38.87µm
_01340_,38.86µm
_04366_,38.86µm
net1307,38.85µm
_05634_,38.84µm
_05293_,38.8µm
_04610_,38.78µm
_01933_,38.72µm
_06228_,38.7µm
net1069,38.68µm
_08243_,38.66µm
_05666_,38.62µm
_07759_,38.62µm
_06571_,38.6µm
_06913_,38.58µm
plaintext_reg\[42\],38.58µm
_07437_,38.575µm
_03910_,38.56µm
_05561_,38.56µm
_09028_,38.53µm
_05389_,38.51µm
_06204_,38.44µm
_07752_,38.43µm
_03460_,38.42µm
_05252_,38.4µm
_09037_,38.32µm
_09013_,38.3µm
net1857,38.29µm
_04990_,38.24µm
plaintext_count\[3\],38.24µm
key_reg\[17\],38.225µm
_05423_,38.22µm
_05225_,38.1µm
plaintext_reg\[5\],38.1µm
_02502_,38.08µm
_04377_,38.06µm
_07155_,38.06µm
_07271_,38.06µm
_06924_,38.05µm
_05374_,38.04µm
_02281_,38.02µm
_02365_,38µm
key_reg\[15\],38µm
net2183,38µm
_03418_,37.98µm
_03446_,37.98µm
_08021_,37.97µm
_07699_,37.94µm
_07920_,37.94µm
_01954_,37.93µm
_02776_,37.92µm
_06428_,37.9µm
_08123_,37.86µm
net76,37.86µm
_07107_,37.82µm
_03877_,37.8µm
_04730_,37.8µm
_05125_,37.8µm
_01719_,37.7µm
_03729_,37.68µm
net1559,37.68µm
_03103_,37.64µm
_01772_,37.58µm
_03849_,37.58µm
_04055_,37.54µm
_02993_,37.52µm
_05939_,37.52µm
_06295_,37.5µm
_05222_,37.48µm
_07917_,37.48µm
_04672_,37.46µm
_00844_,37.44µm
net2184,37.44µm
_02658_,37.425µm
_05785_,37.42µm
_06554_,37.4µm
net581,37.38µm
_03497_,37.36µm
_06784_,37.34µm
_07886_,37.34µm
_03563_,37.32µm
u_aes128_baseline.u_aes_core.round_reg\[0\],37.32µm
_07092_,37.28µm
_07922_,37.25µm
_08550_,37.24µm
_01764_,37.2µm
_01923_,37.18µm
_05635_,37.18µm
_07712_,37.18µm
_01358_,37.16µm
_09010_,37.02µm
_03912_,37µm
_05641_,37µm
_02231_,36.98µm
_03346_,36.98µm
_08236_,36.98µm
_09055_,36.98µm
_03364_,36.96µm
_08040_,36.95µm
_04008_,36.9µm
_07503_,36.9µm
plaintext_reg\[127\],36.88µm
_04059_,36.86µm
_04911_,36.86µm
plaintext_reg\[22\],36.86µm
net301,36.82µm
net1707,36.82µm
net2180,36.82µm
net1028,36.8µm
_06302_,36.79µm
key_reg\[59\],36.79µm
_05390_,36.74µm
_06363_,36.72µm
key_reg\[67\],36.7µm
_04569_,36.66µm
_08473_,36.64µm
_03688_,36.56µm
_02099_,36.55µm
key_reg\[90\],36.545µm
_01846_,36.52µm
_02626_,36.52µm
_06476_,36.42µm
_03519_,36.38µm
_03813_,36.365µm
_08625_,36.34µm
_04455_,36.32µm
_03121_,36.3µm
_07746_,36.25µm
net606,36.24µm
_01484_,36.18µm
net1644,36.18µm
_05855_,36.14µm
_01653_,36.1µm
_02010_,36.1µm
_03722_,36.1µm
_03751_,36.1µm
_06746_,36.1µm
_08061_,36.1µm
_06877_,36.085µm
_06915_,36.085µm
_03815_,36.08µm
_04801_,36.04µm
_06538_,36.025µm
_06594_,36µm
_03403_,35.98µm
_06535_,35.98µm
_01636_,35.9µm
_02617_,35.88µm
net1312,35.845µm
_02807_,35.84µm
net269,35.84µm
net2185,35.84µm
_03482_,35.83µm
_02437_,35.78µm
key_reg\[85\],35.78µm
net78,35.78µm
net273,35.78µm
_02139_,35.76µm
_07582_,35.74µm
_04262_,35.735µm
_04811_,35.69µm
_08322_,35.69µm
_01059_,35.68µm
net2045,35.67µm
_02653_,35.58µm
_01618_,35.56µm
_01590_,35.54µm
key_reg\[9\],35.53µm
_01553_,35.52µm
_05446_,35.52µm
_06212_,35.5µm
_07821_,35.48µm
_02196_,35.45µm
_01380_,35.42µm
_01250_,35.4µm
_04374_,35.4µm
net985,35.39µm
_08970_,35.38µm
_07035_,35.34µm
_02206_,35.335µm
_05808_,35.3µm
_03538_,35.28µm
_05383_,35.28µm
_06968_,35.28µm
plaintext_reg\[92\],35.28µm
key_reg\[80\],35.26µm
_01542_,35.24µm
_03507_,35.24µm
_07925_,35.24µm
_02693_,35.16µm
_06462_,35.14µm
net634,35.085µm
_08582_,35.06µm
_03163_,35.03µm
net1879,35.02µm
_07868_,34.98µm
_01469_,34.96µm
_03339_,34.94µm
_04604_,34.94µm
_09257_,34.92µm
_02570_,34.905µm
plaintext_reg\[7\],34.9µm
_02830_,34.88µm
plaintext_reg\[48\],34.86µm
_01495_,34.825µm
_05775_,34.82µm
_06175_,34.82µm
_06857_,34.82µm
_04339_,34.8µm
_02981_,34.78µm
_03117_,34.76µm
_05032_,34.76µm
_05259_,34.76µm
_03702_,34.71µm
_01322_,34.7µm
_04002_,34.7µm
_04389_,34.7µm
_08477_,34.7µm
_09201_,34.7µm
_01413_,34.68µm
_05476_,34.62µm
_09326_,34.62µm
net75,34.62µm
plaintext_reg\[77\],34.6µm
net1439,34.56µm
net1711,34.54µm
_06446_,34.5µm
net60,34.5µm
_07748_,34.49µm
_01678_,34.46µm
net2015,34.43µm
_02211_,34.38µm
_02625_,34.36µm
_05502_,34.34µm
_08178_,34.3µm
key_reg\[61\],34.27µm
_01471_,34.24µm
_07924_,34.205µm
_07138_,34.2µm
key_reg\[56\],34.15µm
_02554_,34.14µm
plaintext_reg\[74\],34.14µm
_06314_,34.12µm
net1828,34.09µm
_06469_,34.04µm
_04357_,34.015µm
_03109_,33.92µm
_03017_,33.88µm
plaintext_reg\[56\],33.88µm
_03866_,33.86µm
net2068,33.85µm
_01777_,33.84µm
key_reg\[39\],33.83µm
_03292_,33.805µm
_05601_,33.8µm
_07687_,33.8µm
net102,33.8µm
_04813_,33.76µm
_04917_,33.72µm
_06916_,33.66µm
_09107_,33.66µm
_01950_,33.615µm
_04701_,33.61µm
_03967_,33.6µm
_07426_,33.6µm
_01360_,33.58µm
u_aes128_baseline.u_aes_core.rcon_reg\[4\],33.56µm
_02849_,33.425µm
_05413_,33.42µm
_06276_,33.42µm
_08912_,33.42µm
net915,33.42µm
_04767_,33.41µm
_05751_,33.4µm
_05445_,33.38µm
_01277_,33.37µm
net988,33.36µm
_03105_,33.34µm
_02176_,33.32µm
_03380_,33.32µm
_04222_,33.32µm
_01758_,33.28µm
_03324_,33.26µm
_03456_,33.18µm
_03990_,33.06µm
_04069_,33.06µm
_06921_,33.06µm
_05220_,33.04µm
net1092,33.04µm
_04993_,33.03µm
_01647_,33.02µm
_05331_,33.02µm
_08717_,33µm
_02524_,32.98µm
_03853_,32.98µm
_03697_,32.97µm
_02100_,32.88µm
net1260,32.88µm
key_reg\[71\],32.87µm
_08180_,32.86µm
_05773_,32.8µm
_08736_,32.8µm
_06431_,32.745µm
_04215_,32.74µm
_05698_,32.74µm
_07441_,32.72µm
_04766_,32.68µm
plaintext_reg\[46\],32.68µm
_03933_,32.66µm
_02618_,32.62µm
_05752_,32.62µm
_02832_,32.58µm
_07947_,32.57µm
_04236_,32.56µm
_04398_,32.56µm
_06902_,32.56µm
_07406_,32.54µm
_01616_,32.515µm
net68,32.51µm
_03741_,32.5µm
_02593_,32.46µm
_01509_,32.44µm
_01805_,32.42µm
_08762_,32.42µm
_02924_,32.405µm
_01940_,32.38µm
_05526_,32.38µm
_07425_,32.38µm
net1912,32.38µm
_01801_,32.36µm
_07689_,32.36µm
_08586_,32.36µm
_08771_,32.35µm
_00883_,32.34µm
_03332_,32.31µm
_05264_,32.3µm
_04884_,32.28µm
_05330_,32.28µm
_06001_,32.28µm
key_reg\[33\],32.235µm
net1410,32.2µm
_02079_,32.18µm
_03350_,32.18µm
_07482_,32.18µm
_06619_,32.08µm
key_reg\[38\],32.08µm
_04506_,32.075µm
_08686_,32.04µm
_02248_,32.02µm
_08523_,32µm
_03571_,31.97µm
ciphertext_reg\[16\],31.96µm
_03022_,31.94µm
_07384_,31.9µm
_06529_,31.88µm
net1906,31.86µm
key_reg\[68\],31.85µm
_09321_,31.84µm
key_reg\[21\],31.84µm
_02135_,31.82µm
_08136_,31.78µm
_01971_,31.705µm
_01504_,31.7µm
_02968_,31.7µm
_05741_,31.7µm
_04574_,31.68µm
_06116_,31.66µm
net1658,31.66µm
plaintext_reg\[118\],31.62µm
net1331,31.615µm
_02592_,31.6µm
_06969_,31.6µm
_06776_,31.58µm
net2017,31.55µm
_07879_,31.53µm
_06833_,31.52µm
_08000_,31.52µm
key_reg\[63\],31.52µm
plaintext_reg\[52\],31.52µm
_03061_,31.5µm
net462,31.5µm
_02788_,31.48µm
_04680_,31.47µm
_05447_,31.42µm
_07708_,31.42µm
key_reg\[10\],31.42µm
_06478_,31.4µm
_05034_,31.38µm
_05788_,31.33µm
_06147_,31.32µm
_02573_,31.305µm
_03962_,31.3µm
_06839_,31.275µm
_02016_,31.26µm
_02181_,31.26µm
_01738_,31.24µm
_03940_,31.24µm
_05490_,31.24µm
_07811_,31.24µm
_08847_,31.24µm
_06125_,31.2µm
ciphertext_reg\[46\],31.2µm
key_reg\[74\],31.19µm
_08857_,31.18µm
_01742_,31.16µm
_07298_,31.16µm
_04785_,31.14µm
_06578_,31.12µm
net2276,31.1µm
_03669_,31.08µm
_05994_,31.08µm
_04983_,31.04µm
_01783_,31µm
_03369_,30.965µm
net1330,30.96µm
_02164_,30.94µm
_04070_,30.92µm
_08119_,30.92µm
_07722_,30.885µm
_04205_,30.82µm
ciphertext_reg\[58\],30.82µm
_08437_,30.8µm
ciphertext_reg\[25\],30.8µm
_09093_,30.77µm
_08657_,30.76µm
_07085_,30.74µm
_01709_,30.68µm
_03430_,30.66µm
_07804_,30.64µm
_01194_,30.62µm
_02671_,30.62µm
_01759_,30.58µm
_09333_,30.56µm
_08081_,30.54µm
_03543_,30.5µm
net119,30.5µm
_06823_,30.49µm
_04760_,30.48µm
_02660_,30.46µm
_03294_,30.46µm
_05807_,30.46µm
_02337_,30.42µm
_08157_,30.42µm
_01814_,30.4µm
_04475_,30.4µm
_06840_,30.4µm
_01207_,30.385µm
_01693_,30.38µm
_02467_,30.34µm
_04904_,30.34µm
ciphertext_wire\[92\],30.32µm
net2179,30.32µm
net1941,30.24µm
net279,30.235µm
key_reg\[92\],30.21µm
_03201_,30.2µm
_06596_,30.2µm
_09277_,30.18µm
_01797_,30.16µm
_05077_,30.16µm
ciphertext_reg\[8\],30.16µm
_05111_,30.1µm
_01474_,30.08µm
_03098_,30.06µm
_01975_,30.04µm
_03024_,30.03µm
_01031_,29.94µm
_05058_,29.94µm
_06820_,29.94µm
key_reg\[69\],29.935µm
_06993_,29.88µm
_01610_,29.86µm
_05000_,29.86µm
_07659_,29.86µm
net949,29.85µm
_03463_,29.82µm
_02453_,29.8µm
_03458_,29.78µm
_04903_,29.78µm
_01606_,29.76µm
_07729_,29.76µm
_07727_,29.74µm
_08033_,29.74µm
_05806_,29.7µm
_06730_,29.7µm
_08168_,29.7µm
key_reg\[37\],29.69µm
_02161_,29.66µm
_06987_,29.66µm
_04333_,29.64µm
_01460_,29.63µm
_03887_,29.62µm
_09046_,29.6µm
_04501_,29.58µm
ciphertext_reg\[86\],29.58µm
plaintext_reg\[81\],29.58µm
net1873,29.54µm
_04595_,29.5µm
_06237_,29.5µm
_08420_,29.5µm
key_reg\[66\],29.47µm
_08544_,29.44µm
_01265_,29.4µm
_03617_,29.4µm
_05545_,29.4µm
_07326_,29.39µm
_06828_,29.365µm
_03426_,29.34µm
_04694_,29.3µm
_08619_,29.29µm
_05568_,29.28µm
_08535_,29.28µm
key_reg\[5\],29.28µm
_08811_,29.275µm
_01640_,29.255µm
_04683_,29.2µm
net54,29.16µm
net307,29.16µm
_05337_,29.12µm
_04885_,29.11µm
ciphertext_reg\[9\],29.1µm
net1885,29.1µm
_07496_,29.095µm
_03796_,29.09µm
_08864_,29.09µm
_07506_,29.08µm
_01252_,28.98µm
_03076_,28.98µm
_05672_,28.98µm
_06809_,28.97µm
_09005_,28.97µm
_04487_,28.96µm
_06644_,28.96µm
_06159_,28.93µm
_02736_,28.92µm
_06201_,28.92µm
_06829_,28.92µm
_08678_,28.92µm
_03194_,28.86µm
_01239_,28.84µm
_09019_,28.82µm
plaintext_reg\[53\],28.82µm
_06297_,28.8µm
key_reg\[120\],28.775µm
_03106_,28.74µm
net1783,28.74µm
_02026_,28.72µm
_03860_,28.72µm
_07336_,28.72µm
_08925_,28.7µm
_02740_,28.68µm
_07469_,28.62µm
_05085_,28.61µm
_02484_,28.6µm
_05246_,28.56µm
_02066_,28.535µm
plaintext_reg\[32\],28.52µm
_05841_,28.46µm
plaintext_reg\[3\],28.42µm
net1953,28.41µm
net993,28.4µm
_07745_,28.38µm
_04221_,28.36µm
_06487_,28.3µm
plaintext_reg\[90\],28.28µm
_06364_,28.26µm
_06958_,28.26µm
plaintext_reg\[43\],28.26µm
_02269_,28.21µm
_08239_,28.18µm
_02663_,28.16µm
_04310_,28.16µm
_09315_,28.16µm
_06320_,28.14µm
key_reg\[0\],28.13µm
_02061_,28.12µm
_02463_,28.12µm
_04950_,28.12µm
_08869_,28.12µm
_02013_,28.08µm
key_reg\[47\],28.045µm
plaintext_reg\[21\],28.04µm
_01591_,28.02µm
_07054_,28µm
_07923_,28µm
_07374_,27.97µm
_02141_,27.96µm
_06325_,27.96µm
_07815_,27.96µm
_06732_,27.91µm
_02452_,27.9µm
_03148_,27.9µm
_06942_,27.9µm
_02082_,27.86µm
_07238_,27.84µm
_08133_,27.84µm
plaintext_reg\[65\],27.82µm
_01942_,27.81µm
_08565_,27.8µm
_03715_,27.78µm
_04867_,27.78µm
_02725_,27.73µm
_04529_,27.72µm
_07847_,27.7µm
_08937_,27.7µm
_04137_,27.695µm
_01809_,27.68µm
_07826_,27.68µm
_05747_,27.62µm
net2168,27.62µm
_01904_,27.46µm
_06521_,27.46µm
_03356_,27.44µm
_05648_,27.44µm
net2013,27.41µm
_06562_,27.4µm
_06694_,27.34µm
_05985_,27.33µm
_05197_,27.28µm
_06568_,27.28µm
_03185_,27.26µm
_04190_,27.26µm
_05181_,27.24µm
_06724_,27.24µm
_04351_,27.22µm
_04584_,27.22µm
_05542_,27.22µm
net2050,27.22µm
_03935_,27.18µm
net1950,27.17µm
_02184_,27.16µm
ciphertext_reg\[61\],27.145µm
_03063_,27.12µm
_03133_,27.12µm
_06885_,27.12µm
_08044_,27.1µm
read_index\[2\],27.1µm
net290,27.1µm
_04151_,27.08µm
_02746_,27.06µm
_03703_,27.06µm
_01205_,27.005µm
_05501_,27µm
_01596_,26.995µm
_04218_,26.99µm
_01453_,26.98µm
_02085_,26.98µm
_05688_,26.98µm
_07919_,26.96µm
_03258_,26.94µm
_08848_,26.94µm
_01876_,26.93µm
_05287_,26.9µm
_08141_,26.9µm
_02000_,26.88µm
net190,26.875µm
plaintext_reg\[71\],26.87µm
_07191_,26.86µm
_06816_,26.84µm
_04242_,26.8µm
_06203_,26.8µm
_07034_,26.77µm
_07134_,26.76µm
net2196,26.76µm
_02639_,26.74µm
_06337_,26.74µm
_07559_,26.74µm
_05848_,26.72µm
_08196_,26.7µm
_01767_,26.68µm
_03547_,26.68µm
_06006_,26.68µm
_06399_,26.67µm
_00839_,26.66µm
_09098_,26.62µm
_05596_,26.53µm
_01021_,26.52µm
_02247_,26.52µm
net1669,26.52µm
_01565_,26.44µm
_02543_,26.44µm
_05196_,26.44µm
_05728_,26.44µm
_02155_,26.4µm
plaintext_reg\[80\],26.4µm
_05560_,26.38µm
ciphertext_reg\[12\],26.38µm
_06584_,26.36µm
_08212_,26.36µm
_01946_,26.34µm
net2136,26.34µm
_05072_,26.32µm
_06180_,26.3µm
_06573_,26.3µm
_01625_,26.28µm
_02379_,26.28µm
net1899,26.28µm
net2070,26.27µm
_06708_,26.26µm
_07231_,26.26µm
_03742_,26.25µm
_04581_,26.24µm
_07693_,26.22µm
_02022_,26.2µm
_03730_,26.18µm
_08567_,26.18µm
_03604_,26.16µm
_03544_,26.1µm
_04922_,26.1µm
_08557_,26.1µm
_04662_,26.08µm
_06138_,26.08µm
_07949_,26.08µm
_02984_,26.06µm
_08801_,26.06µm
_08469_,26.055µm
_08331_,26.02µm
net2134,26.02µm
_02321_,26.01µm
_05618_,26µm
net1516,25.985µm
_09048_,25.98µm
u_aes128_baseline.u_aes_core.round_key_reg\[77\],25.92µm
net2176,25.92µm
_02048_,25.86µm
_02125_,25.86µm
_05329_,25.86µm
u_aes128_baseline.u_aes_core.round_reg\[1\],25.83µm
_02613_,25.82µm
_08453_,25.82µm
_06949_,25.81µm
_03533_,25.8µm
net1413,25.76µm
_05956_,25.74µm
_07305_,25.72µm
key_reg\[82\],25.71µm
_07830_,25.7µm
net69,25.68µm
_07931_,25.66µm
_01290_,25.64µm
_04735_,25.64µm
_04375_,25.62µm
plaintext_reg\[89\],25.6µm
_05781_,25.56µm
net1320,25.56µm
_04326_,25.52µm
plaintext_reg\[33\],25.52µm
_08078_,25.46µm
_06488_,25.44µm
_00856_,25.42µm
_04688_,25.4µm
_06641_,25.4µm
_02822_,25.38µm
_07914_,25.38µm
_08919_,25.38µm
_01441_,25.36µm
_04591_,25.29µm
_08500_,25.22µm
_05544_,25.2µm
net2182,25.2µm
_04946_,25.19µm
_03984_,25.18µm
_05132_,25.18µm
_08892_,25.18µm
_06130_,25.16µm
_01532_,25.14µm
net105,25.14µm
_01667_,25.12µm
_07777_,25.12µm
plaintext_reg\[88\],25.1µm
_09227_,25.08µm
_02813_,25.06µm
_08971_,25.04µm
_05940_,25.02µm
_08357_,25.02µm
plaintext_reg\[112\],25µm
_06695_,24.945µm
_03562_,24.94µm
_05488_,24.94µm
_06936_,24.94µm
_04417_,24.93µm
_08831_,24.93µm
_03931_,24.925µm
_02922_,24.92µm
_03512_,24.92µm
_06832_,24.92µm
_07943_,24.92µm
_01349_,24.9µm
_04570_,24.88µm
_07928_,24.87µm
u_aes128_baseline.u_aes_core.round_key_reg\[83\],24.86µm
plaintext_reg\[63\],24.84µm
_04543_,24.82µm
_04807_,24.78µm
_03915_,24.76µm
_03215_,24.74µm
key_reg\[57\],24.7µm
key_reg\[93\],24.685µm
_02194_,24.68µm
_09221_,24.66µm
_08301_,24.64µm
_07934_,24.6µm
key_reg\[124\],24.6µm
key_reg\[105\],24.57µm
net2072,24.55µm
_06389_,24.5µm
_09251_,24.5µm
_02687_,24.48µm
_08609_,24.48µm
_06279_,24.46µm
_06787_,24.46µm
_08471_,24.46µm
_04549_,24.44µm
u_aes128_baseline.u_aes_core.state_reg\[20\],24.44µm
_01966_,24.42µm
_05487_,24.4µm
_04840_,24.38µm
_05178_,24.38µm
_01768_,24.33µm
ciphertext_reg\[41\],24.33µm
_04994_,24.32µm
_09140_,24.32µm
_06308_,24.3µm
plaintext_count\[2\],24.3µm
net1971,24.3µm
_03269_,24.29µm
key_count\[2\],24.29µm
_07768_,24.28µm
_06979_,24.26µm
_03529_,24.24µm
_04145_,24.24µm
_05319_,24.24µm
_05580_,24.22µm
_01843_,24.18µm
_02867_,24.18µm
net2171,24.18µm
net2029,24.17µm
_07915_,24.12µm
_08251_,24.12µm
plaintext_reg\[94\],24.09µm
_03471_,24.08µm
_06781_,24.08µm
plaintext_reg\[62\],24.06µm
_03500_,24.02µm
_03531_,24.02µm
u_aes128_baseline.u_aes_core.rcon_reg\[1\],24.02µm
_04350_,24µm
_08739_,24µm
_07402_,23.97µm
_03289_,23.96µm
_05819_,23.96µm
_06007_,23.96µm
net80,23.96µm
_07941_,23.92µm
_01328_,23.9µm
_06883_,23.86µm
_02745_,23.84µm
_04834_,23.84µm
_03890_,23.82µm
_09021_,23.82µm
_03900_,23.8µm
_04077_,23.8µm
key_reg\[26\],23.785µm
_03203_,23.78µm
_03440_,23.78µm
_08100_,23.74µm
_09101_,23.74µm
_02549_,23.72µm
key_reg\[77\],23.72µm
net123,23.72µm
ciphertext_reg\[35\],23.7µm
_06121_,23.69µm
_09173_,23.68µm
plaintext_reg\[121\],23.68µm
_01057_,23.66µm
_03736_,23.64µm
_06352_,23.64µm
_09267_,23.64µm
_01656_,23.615µm
_05253_,23.6µm
_02750_,23.58µm
plaintext_reg\[122\],23.58µm
_02828_,23.56µm
_09232_,23.54µm
_04061_,23.52µm
_04768_,23.52µm
_05270_,23.52µm
plaintext_reg\[76\],23.52µm
_00826_,23.48µm
_03099_,23.46µm
plaintext_reg\[116\],23.46µm
_08954_,23.44µm
_01023_,23.42µm
_01212_,23.42µm
_07875_,23.42µm
_04892_,23.4µm
_02838_,23.38µm
_00928_,23.36µm
key_reg\[121\],23.36µm
_05766_,23.34µm
_03276_,23.33µm
_01769_,23.32µm
_02712_,23.32µm
_05540_,23.32µm
_06984_,23.32µm
plaintext_reg\[84\],23.32µm
_07991_,23.3µm
_05261_,23.28µm
net1917,23.28µm
_05717_,23.26µm
_06454_,23.26µm
_07477_,23.24µm
_03822_,23.23µm
_05022_,23.22µm
_05421_,23.22µm
_05889_,23.22µm
plaintext_reg\[29\],23.2µm
key_reg\[84\],23.18µm
u_aes128_baseline.u_aes_core.round_key_reg\[112\],23.18µm
_02033_,23.16µm
net2174,23.16µm
_01518_,23.1µm
_03532_,23.1µm
_06022_,23.06µm
_01969_,23.055µm
_04007_,23.02µm
_03570_,23µm
_03574_,22.98µm
_08790_,22.98µm
plaintext_reg\[113\],22.98µm
_07823_,22.96µm
_09350_,22.96µm
_04148_,22.94µm
_07208_,22.92µm
_07253_,22.9µm
ciphertext_reg\[71\],22.9µm
_02964_,22.88µm
_05928_,22.86µm
net2061,22.86µm
_01587_,22.84µm
_06107_,22.84µm
net1039,22.785µm
_02122_,22.78µm
net2152,22.78µm
net2305,22.74µm
_08416_,22.7µm
net1262,22.64µm
_06000_,22.62µm
_07313_,22.62µm
_08112_,22.62µm
key_reg\[106\],22.61µm
_02093_,22.58µm
_02465_,22.58µm
_03496_,22.58µm
_03636_,22.56µm
_05685_,22.55µm
_08173_,22.54µm
_08348_,22.54µm
_07807_,22.52µm
_06357_,22.5µm
_09170_,22.5µm
_08821_,22.48µm
_03586_,22.46µm
_05118_,22.46µm
_07871_,22.46µm
_02701_,22.44µm
_04343_,22.44µm
_01687_,22.42µm
_03367_,22.42µm
_06811_,22.4µm
plaintext_reg\[82\],22.4µm
_07631_,22.38µm
_07560_,22.36µm
_01593_,22.34µm
net568,22.34µm
_05348_,22.335µm
ciphertext_reg\[70\],22.32µm
_08881_,22.3µm
_02864_,22.28µm
_06886_,22.28µm
_07116_,22.28µm
net225,22.28µm
_08563_,22.26µm
_02469_,22.22µm
_04439_,22.22µm
_04579_,22.22µm
_08670_,22.22µm
key_reg\[104\],22.215µm
ciphertext_reg\[80\],22.2µm
_00546_,22.18µm
_03863_,22.18µm
_07309_,22.18µm
_02170_,22.16µm
_06512_,22.16µm
_09022_,22.16µm
_07970_,22.12µm
_08798_,22.12µm
plaintext_reg\[10\],22.08µm
plaintext_reg\[36\],22.08µm
_06494_,22.07µm
_02368_,22.06µm
_03037_,22.06µm
_03843_,22.06µm
_07600_,22.06µm
_03041_,22.04µm
_08106_,22.04µm
_08127_,22.04µm
_08137_,22.04µm
_04895_,22.02µm
_09094_,22.02µm
_05514_,22µm
_08222_,22µm
net1936,22µm
_04210_,21.98µm
_02652_,21.96µm
_02733_,21.96µm
u_aes128_baseline.u_aes_core.round_key_reg\[119\],21.96µm
_02635_,21.94µm
_02517_,21.92µm
_04945_,21.92µm
_06574_,21.92µm
_08856_,21.9µm
_05184_,21.85µm
_08560_,21.84µm
_07304_,21.83µm
_01098_,21.82µm
_04876_,21.82µm
_07661_,21.82µm
_08757_,21.82µm
_03772_,21.8µm
_04882_,21.8µm
_05031_,21.8µm
net1561,21.8µm
_06413_,21.79µm
_02207_,21.78µm
_03196_,21.78µm
_07413_,21.77µm
_06520_,21.765µm
_03150_,21.74µm
u_aes128_baseline.u_aes_core.round_reg\[3\],21.74µm
plaintext_reg\[26\],21.72µm
_07288_,21.7µm
_09157_,21.7µm
key_reg\[64\],21.69µm
_03842_,21.68µm
_04117_,21.68µm
_01192_,21.66µm
_02413_,21.66µm
_05005_,21.66µm
_08914_,21.66µm
_03243_,21.62µm
_06872_,21.62µm
net2241,21.62µm
_01041_,21.6µm
_08329_,21.6µm
_09223_,21.6µm
_04965_,21.58µm
_05789_,21.58µm
_06021_,21.58µm
_07341_,21.58µm
_02380_,21.56µm
_00865_,21.54µm
_07735_,21.54µm
net2181,21.54µm
_00969_,21.515µm
_06905_,21.48µm
net2167,21.48µm
_01854_,21.46µm
_03052_,21.46µm
u_aes128_baseline.u_aes_core.state_reg\[71\],21.46µm
_02215_,21.44µm
_09218_,21.44µm
_03954_,21.42µm
_06572_,21.41µm
u_aes128_baseline.u_aes_core.rcon_reg\[2\],21.41µm
_01369_,21.4µm
_03652_,21.38µm
_04738_,21.38µm
_06092_,21.38µm
_09169_,21.38µm
plaintext_reg\[70\],21.38µm
_02403_,21.36µm
_02535_,21.36µm
_03546_,21.36µm
_05594_,21.36µm
_06518_,21.34µm
_06656_,21.34µm
plaintext_reg\[59\],21.34µm
_04171_,21.32µm
ciphertext_reg\[18\],21.32µm
_05079_,21.3µm
_09347_,21.28µm
net2150,21.27µm
_04952_,21.265µm
u_aes128_baseline.u_aes_core.rcon_reg\[3\],21.265µm
_00814_,21.26µm
_00002_,21.24µm
_01917_,21.24µm
_02091_,21.24µm
_05200_,21.24µm
_06629_,21.24µm
_06909_,21.24µm
_04327_,21.2µm
_04367_,21.2µm
_06378_,21.2µm
_08579_,21.2µm
_02214_,21.18µm
plaintext_reg\[58\],21.18µm
key_reg\[34\],21.165µm
_03181_,21.16µm
_07011_,21.16µm
_07272_,21.16µm
_06737_,21.145µm
_03485_,21.14µm
_07031_,21.14µm
_08963_,21.14µm
_01321_,21.12µm
_07007_,21.12µm
_06607_,21.105µm
_02143_,21.08µm
_07293_,21.08µm
net1921,21.08µm
_03355_,21.06µm
_09144_,21.06µm
_09360_,21.06µm
net1967,21.06µm
_02677_,21.045µm
_04101_,21.045µm
_04409_,21.04µm
_05859_,21.04µm
_02104_,21.03µm
_06869_,21.02µm
_05945_,20.98µm
_08612_,20.96µm
_01342_,20.94µm
_05950_,20.94µm
_07637_,20.94µm
_08504_,20.94µm
_01718_,20.92µm
plaintext_reg\[30\],20.92µm
_01829_,20.9µm
net2147,20.9µm
_03034_,20.88µm
_04572_,20.88µm
_03264_,20.86µm
net563,20.84µm
_01343_,20.82µm
_06752_,20.82µm
_08324_,20.82µm
_01755_,20.8µm
_05221_,20.78µm
_05282_,20.78µm
_07806_,20.765µm
_08099_,20.76µm
_00806_,20.74µm
key_reg\[42\],20.735µm
_06552_,20.72µm
_01224_,20.7µm
_03731_,20.7µm
_06477_,20.685µm
_03384_,20.68µm
_01882_,20.66µm
_03072_,20.66µm
_05145_,20.66µm
_07050_,20.66µm
_01562_,20.64µm
_05011_,20.64µm
_08183_,20.64µm
_09135_,20.62µm
net2177,20.62µm
_04334_,20.59µm
_03172_,20.58µm
_06142_,20.58µm
_08654_,20.58µm
_02825_,20.56µm
ciphertext_reg\[78\],20.545µm
_07133_,20.54µm
ciphertext_reg\[14\],20.54µm
_05872_,20.52µm
_07694_,20.52µm
_08941_,20.52µm
_01818_,20.45µm
_02336_,20.44µm
_04060_,20.44µm
_04103_,20.44µm
net2173,20.44µm
_02303_,20.42µm
_07353_,20.42µm
net1666,20.42µm
_00878_,20.38µm
_06712_,20.38µm
_08310_,20.365µm
_04899_,20.36µm
_06666_,20.34µm
_03400_,20.32µm
_03411_,20.3µm
net885,20.3µm
_01465_,20.28µm
_08167_,20.28µm
_06090_,20.26µm
_03594_,20.24µm
_06655_,20.24µm
_06048_,20.22µm
_04321_,20.2µm
_05972_,20.16µm
ciphertext_reg\[96\],20.16µm
_05133_,20.15µm
_05214_,20.14µm
_04989_,20.12µm
_08116_,20.12µm
_09299_,20.12µm
_01961_,20.1µm
_02622_,20.1µm
net2127,20.1µm
_03396_,20.08µm
_06205_,20.08µm
_06484_,20.06µm
net852,20.05µm
_01700_,20.04µm
_04920_,20.04µm
_08470_,20.04µm
net1180,20.04µm
_07234_,20.01µm
_07245_,20µm
_08215_,20µm
_00811_,19.98µm
_02754_,19.98µm
plaintext_reg\[31\],19.98µm
_02053_,19.96µm
_02292_,19.96µm
_06019_,19.96µm
_08492_,19.96µm
_06385_,19.94µm
net1654,19.88µm
_07698_,19.86µm
_04232_,19.85µm
_04488_,19.84µm
_06031_,19.84µm
_03509_,19.8µm
_00828_,19.78µm
_02513_,19.78µm
u_aes128_baseline.u_aes_core.round_key_reg\[38\],19.78µm
_02289_,19.75µm
_07211_,19.75µm
_01431_,19.74µm
_05342_,19.74µm
_05702_,19.74µm
_06970_,19.74µm
_07666_,19.74µm
_09324_,19.74µm
net2170,19.74µm
_06624_,19.7µm
_08147_,19.7µm
_09182_,19.68µm
_02318_,19.66µm
_05066_,19.66µm
_08427_,19.66µm
_08433_,19.64µm
_06208_,19.62µm
_06892_,19.62µm
u_aes128_baseline.u_aes_core.round_key_reg\[126\],19.6µm
_03537_,19.59µm
_06442_,19.59µm
plaintext_reg\[108\],19.58µm
_01488_,19.55µm
_01062_,19.54µm
_01427_,19.54µm
_03031_,19.54µm
_06211_,19.54µm
_08214_,19.54µm
_08546_,19.54µm
u_aes128_baseline.u_aes_core.round_key_reg\[67\],19.54µm
_02278_,19.535µm
_02606_,19.52µm
_04960_,19.52µm
_09134_,19.52µm
net224,19.52µm
_05006_,19.5µm
net1032,19.5µm
_01024_,19.48µm
_07686_,19.48µm
plaintext_reg\[85\],19.48µm
u_aes128_baseline.u_aes_core.round_key_reg\[82\],19.48µm
_03475_,19.46µm
_06625_,19.46µm
_03025_,19.45µm
key_reg\[88\],19.45µm
u_aes128_baseline.u_aes_core.round_key_reg\[111\],19.425µm
_04975_,19.42µm
_09318_,19.4µm
plaintext_reg\[109\],19.4µm
_06110_,19.38µm
_01048_,19.36µm
_04499_,19.36µm
_04777_,19.36µm
_07885_,19.36µm
_03224_,19.34µm
_05170_,19.34µm
net997,19.34µm
_04009_,19.32µm
_06793_,19.32µm
plaintext_reg\[0\],19.32µm
_05046_,19.3µm
_09185_,19.3µm
plaintext_count\[4\],19.3µm
_07664_,19.29µm
_02355_,19.28µm
_07939_,19.28µm
_05530_,19.27µm
net2103,19.26µm
_04837_,19.24µm
plaintext_reg\[15\],19.24µm
_03225_,19.22µm
_07611_,19.22µm
_05070_,19.2µm
net2155,19.2µm
_03861_,19.18µm
_09181_,19.18µm
_04747_,19.175µm
_01314_,19.16µm
_03051_,19.16µm
_07818_,19.16µm
_09247_,19.16µm
_02676_,19.14µm
net2161,19.14µm
net2162,19.14µm
plaintext_reg\[50\],19.12µm
_03056_,19.115µm
_04237_,19.08µm
net2138,19.06µm
ciphertext_reg\[74\],19.045µm
u_aes128_baseline.u_aes_core.round_key_reg\[124\],19.03µm
_02315_,19µm
_04228_,19µm
_02648_,18.98µm
_05003_,18.98µm
_09279_,18.98µm
_03528_,18.975µm
_09222_,18.96µm
net2149,18.96µm
_04872_,18.94µm
_06341_,18.94µm
_07471_,18.94µm
_01344_,18.935µm
_09092_,18.9µm
_05298_,18.88µm
_03553_,18.86µm
_06946_,18.86µm
_08234_,18.86µm
_08755_,18.84µm
_04670_,18.82µm
_07100_,18.82µm
_08014_,18.78µm
u_aes128_baseline.u_aes_core.state_reg\[83\],18.78µm
_08128_,18.75µm
_04138_,18.74µm
_04220_,18.74µm
_07758_,18.74µm
_07813_,18.74µm
_01367_,18.72µm
_01893_,18.72µm
_02686_,18.72µm
_02890_,18.72µm
_05104_,18.72µm
_06229_,18.72µm
_04118_,18.705µm
_02063_,18.7µm
_02346_,18.7µm
_03844_,18.7µm
ciphertext_reg\[72\],18.7µm
_01757_,18.68µm
_06719_,18.66µm
_02299_,18.62µm
_04977_,18.62µm
_05817_,18.62µm
_06595_,18.62µm
net2294,18.62µm
net2166,18.6µm
_07389_,18.58µm
_08072_,18.58µm
_01354_,18.56µm
_02478_,18.54µm
_07079_,18.54µm
_02389_,18.52µm
_06944_,18.52µm
_09229_,18.52µm
net1303,18.52µm
net2267,18.52µm
_04816_,18.48µm
_08490_,18.48µm
net288,18.48µm
_01202_,18.46µm
_08332_,18.46µm
_05631_,18.45µm
_03721_,18.44µm
_05799_,18.44µm
_04560_,18.415µm
_00825_,18.4µm
_01404_,18.4µm
_02983_,18.4µm
_00817_,18.38µm
_01683_,18.38µm
_02874_,18.36µm
_04942_,18.36µm
_06601_,18.36µm
_09070_,18.36µm
net320,18.36µm
_02594_,18.34µm
_01798_,18.32µm
_03138_,18.32µm
_03379_,18.32µm
_03773_,18.32µm
_08202_,18.3µm
_03479_,18.28µm
_04542_,18.28µm
net222,18.28µm
net223,18.28µm
_03237_,18.26µm
_04011_,18.26µm
net2178,18.26µm
net2327,18.26µm
net73,18.25µm
_02098_,18.24µm
_06104_,18.24µm
_08901_,18.24µm
_02209_,18.225µm
_05103_,18.22µm
_06733_,18.22µm
_03572_,18.215µm
_03134_,18.18µm
_04307_,18.18µm
net2157,18.18µm
_01963_,18.16µm
_07001_,18.16µm
_04392_,18.14µm
_05127_,18.14µm
_08200_,18.14µm
net221,18.14µm
net2137,18.14µm
_01209_,18.12µm
_01620_,18.12µm
_00538_,18.095µm
_02931_,18.08µm
_03365_,18.07µm
_04064_,18.06µm
_07716_,18.06µm
_05355_,18.04µm
_05432_,18.04µm
_05811_,18.04µm
_02539_,18.02µm
_05762_,18.02µm
_06765_,18.02µm
u_aes128_baseline.u_aes_core.round_key_reg\[103\],18.02µm
key_count\[3\],18.01µm
_03706_,18µm
_01508_,17.98µm
_05210_,17.98µm
_07101_,17.98µm
_08449_,17.98µm
_03548_,17.94µm
_05930_,17.94µm
_08256_,17.94µm
net2234,17.94µm
_06515_,17.92µm
_05091_,17.91µm
_07030_,17.9µm
_08149_,17.9µm
_00987_,17.885µm
_08062_,17.88µm
_08186_,17.88µm
u_aes128_baseline.u_aes_core.round_key_reg\[48\],17.88µm
_02448_,17.86µm
_07570_,17.86µm
_08087_,17.86µm
_02933_,17.82µm
_07544_,17.82µm
_07488_,17.78µm
_01114_,17.77µm
_05164_,17.76µm
_05126_,17.74µm
plaintext_reg\[124\],17.74µm
_05763_,17.72µm
_00932_,17.7µm
_01044_,17.7µm
_08079_,17.7µm
plaintext_reg\[68\],17.68µm
_04404_,17.66µm
net53,17.65µm
_01424_,17.64µm
u_aes128_baseline.u_aes_core.round_key_reg\[89\],17.64µm
_02021_,17.62µm
_06323_,17.6µm
_01235_,17.56µm
_04384_,17.56µm
_09146_,17.56µm
_03213_,17.54µm
_01004_,17.52µm
_01935_,17.52µm
_01936_,17.52µm
_05977_,17.52µm
_09136_,17.52µm
net1713,17.52µm
_05020_,17.5µm
_02998_,17.48µm
_04194_,17.48µm
_08540_,17.48µm
_09271_,17.48µm
ciphertext_reg\[62\],17.48µm
_01878_,17.46µm
_03313_,17.46µm
_08245_,17.45µm
_01699_,17.44µm
_06965_,17.44µm
net2169,17.44µm
_07891_,17.42µm
_07603_,17.4µm
_07837_,17.4µm
net2331,17.4µm
_06057_,17.38µm
_06835_,17.38µm
_08474_,17.38µm
_02002_,17.37µm
_02697_,17.36µm
net35,17.36µm
u_aes128_baseline.u_aes_core.rcon_reg\[6\],17.34µm
_02301_,17.32µm
_04277_,17.32µm
ciphertext_reg\[31\],17.32µm
plaintext_reg\[69\],17.32µm
net1938,17.3µm
_04170_,17.28µm
_05936_,17.28µm
_08867_,17.28µm
_04697_,17.26µm
_07147_,17.26µm
_08387_,17.26µm
u_aes128_baseline.u_aes_core.round_key_reg\[7\],17.26µm
_08632_,17.25µm
_05205_,17.245µm
_01510_,17.24µm
_07051_,17.24µm
_07282_,17.24µm
_07610_,17.24µm
_06579_,17.22µm
_02077_,17.215µm
_01295_,17.18µm
_01327_,17.18µm
_01563_,17.18µm
_05242_,17.18µm
_05750_,17.18µm
net2311,17.16µm
_01403_,17.14µm
_03522_,17.14µm
_03927_,17.14µm
_03884_,17.12µm
_09061_,17.12µm
_00930_,17.1µm
_06941_,17.1µm
_03206_,17.08µm
_04031_,17.08µm
ciphertext_reg\[79\],17.08µm
_01810_,17.06µm
_03187_,17.06µm
_05489_,17.06µm
_06170_,17.06µm
_08570_,17.04µm
_06726_,17.02µm
_07032_,17.02µm
_08280_,17.02µm
_06587_,17µm
_07685_,17µm
net2148,17µm
_04756_,16.98µm
_08958_,16.98µm
_08983_,16.96µm
_08910_,16.95µm
_01914_,16.94µm
_04300_,16.94µm
_09081_,16.94µm
_01058_,16.92µm
_02308_,16.92µm
_03217_,16.92µm
_07194_,16.92µm
_08216_,16.92µm
_07979_,16.9µm
_09130_,16.9µm
_02774_,16.88µm
_04078_,16.88µm
_01480_,16.865µm
_01353_,16.86µm
_03768_,16.86µm
_05952_,16.86µm
net58,16.86µm
_07451_,16.84µm
_02268_,16.83µm
net1958,16.83µm
_09121_,16.82µm
_00588_,16.8µm
_07267_,16.8µm
_07715_,16.79µm
net1961,16.79µm
_06243_,16.785µm
_05208_,16.78µm
_06500_,16.78µm
net2221,16.78µm
_02179_,16.76µm
_06257_,16.76µm
_07355_,16.76µm
_02129_,16.74µm
_07567_,16.72µm
_03344_,16.7µm
_04988_,16.7µm
_05782_,16.7µm
_08552_,16.695µm
_06011_,16.68µm
_02545_,16.66µm
_03957_,16.66µm
_05589_,16.66µm
_03991_,16.64µm
_05875_,16.64µm
_07296_,16.64µm
_07379_,16.64µm
_07059_,16.62µm
_04026_,16.6µm
u_aes128_baseline.u_aes_core.round_key_reg\[69\],16.6µm
_05450_,16.58µm
_05578_,16.58µm
_06768_,16.58µm
_03992_,16.575µm
net1980,16.56µm
_05584_,16.54µm
plaintext_reg\[16\],16.54µm
_03336_,16.52µm
_05238_,16.52µm
_02042_,16.5µm
_02072_,16.5µm
_03713_,16.49µm
_03044_,16.48µm
_08648_,16.48µm
_04057_,16.46µm
_06017_,16.46µm
_06794_,16.46µm
_02536_,16.44µm
_02790_,16.44µm
_02976_,16.44µm
_03154_,16.44µm
_03412_,16.44µm
_05776_,16.44µm
_06037_,16.44µm
_09127_,16.44µm
_02880_,16.42µm
_03168_,16.42µm
_03956_,16.42µm
net2112,16.42µm
_08378_,16.405µm
_03704_,16.4µm
_04178_,16.4µm
_05913_,16.4µm
u_aes128_baseline.u_aes_core.round_key_reg\[56\],16.4µm
_02616_,16.395µm
_05981_,16.38µm
_06060_,16.38µm
_03470_,16.36µm
_05676_,16.36µm
_06697_,16.36µm
_08930_,16.34µm
net2106,16.34µm
_07556_,16.315µm
_00867_,16.3µm
_03668_,16.28µm
_06112_,16.28µm
u_aes128_baseline.u_aes_core.state_reg\[109\],16.28µm
net2126,16.28µm
_04269_,16.275µm
_04107_,16.26µm
_05306_,16.26µm
_01621_,16.24µm
_06507_,16.24µm
net166,16.24µm
_00094_,16.22µm
_02633_,16.22µm
_05605_,16.22µm
_05686_,16.22µm
_06126_,16.2µm
_07584_,16.2µm
_05529_,16.18µm
_06976_,16.18µm
_02595_,16.16µm
net2000,16.15µm
_08071_,16.14µm
_07213_,16.135µm
_03358_,16.12µm
_05237_,16.12µm
_07346_,16.12µm
_02908_,16.1µm
_03104_,16.1µm
_05068_,16.1µm
_08679_,16.1µm
ciphertext_reg\[33\],16.065µm
_02801_,16.04µm
net2285,16.04µm
_03242_,16.02µm
_06193_,16.02µm
net2288,16.02µm
_08117_,16.005µm
_04255_,16µm
_07068_,16µm
net2142,16µm
net2240,16µm
_08553_,15.99µm
_01970_,15.98µm
_02132_,15.98µm
_02372_,15.98µm
_04434_,15.98µm
_05204_,15.98µm
_02630_,15.96µm
_01884_,15.94µm
_05299_,15.94µm
_08486_,15.94µm
_04992_,15.92µm
_08817_,15.9µm
_09154_,15.9µm
_01341_,15.88µm
_01445_,15.86µm
_01507_,15.86µm
_01746_,15.86µm
_04706_,15.86µm
_04991_,15.86µm
_05627_,15.86µm
_07164_,15.86µm
_09137_,15.86µm
_01157_,15.84µm
_01720_,15.84µm
_02820_,15.84µm
_03634_,15.84µm
_06918_,15.84µm
net2163,15.84µm
_08070_,15.82µm
net2297,15.8µm
_03251_,15.78µm
net2236,15.765µm
_09052_,15.76µm
_05996_,15.74µm
_06778_,15.74µm
_06890_,15.74µm
u_aes128_baseline.u_aes_core.round_key_reg\[88\],15.74µm
_06860_,15.72µm
_07808_,15.72µm
_07889_,15.72µm
plaintext_reg\[106\],15.72µm
u_aes128_baseline.u_aes_core.round_key_reg\[51\],15.72µm
_02293_,15.68µm
_04054_,15.68µm
_04435_,15.68µm
_08876_,15.68µm
_09062_,15.68µm
ciphertext_reg\[90\],15.68µm
net2131,15.68µm
_06567_,15.66µm
_06903_,15.66µm
net2159,15.66µm
_01338_,15.64µm
_02575_,15.64µm
_05241_,15.64µm
net1384,15.64µm
_07357_,15.62µm
_01094_,15.6µm
_07103_,15.6µm
_07318_,15.6µm
_08972_,15.6µm
_08988_,15.6µm
u_aes128_baseline.u_aes_core.round_key_reg\[107\],15.6µm
net2254,15.6µm
_00915_,15.58µm
_03376_,15.58µm
plaintext_reg\[75\],15.58µm
net1602,15.57µm
_05017_,15.56µm
net2034,15.56µm
net2129,15.56µm
_05517_,15.555µm
_02265_,15.54µm
_03996_,15.54µm
_05414_,15.54µm
_05988_,15.54µm
_09077_,15.54µm
_03651_,15.53µm
_03067_,15.52µm
_05562_,15.52µm
_06128_,15.52µm
net250,15.52µm
_03654_,15.5µm
_03655_,15.5µm
_06369_,15.5µm
_06705_,15.5µm
_08392_,15.5µm
_06232_,15.485µm
_05047_,15.48µm
_05640_,15.48µm
_06623_,15.48µm
ciphertext_wire\[109\],15.48µm
net2064,15.47µm
net2133,15.46µm
net2248,15.46µm
_02557_,15.44µm
_03021_,15.44µm
net2154,15.42µm
_03921_,15.4µm
_04984_,15.4µm
_05344_,15.4µm
_07898_,15.4µm
_08705_,15.4µm
_09275_,15.4µm
net329,15.4µm
net2141,15.4µm
_01599_,15.385µm
_00950_,15.38µm
_07663_,15.38µm
_07964_,15.38µm
_08592_,15.38µm
net77,15.38µm
net2143,15.38µm
_03265_,15.37µm
net597,15.36µm
_01747_,15.34µm
_08026_,15.34µm
net1507,15.34µm
_03414_,15.32µm
_05437_,15.32µm
_06674_,15.32µm
_07561_,15.32µm
net1969,15.32µm
_02647_,15.3µm
_03770_,15.3µm
_04985_,15.3µm
_05745_,15.3µm
_02011_,15.28µm
_04427_,15.28µm
_07214_,15.28µm
_02169_,15.26µm
_03351_,15.26µm
_03510_,15.26µm
_03743_,15.26µm
_07262_,15.26µm
ciphertext_wire\[82\],15.26µm
u_aes128_baseline.u_aes_core.state_reg\[73\],15.26µm
_00941_,15.24µm
_04664_,15.24µm
_01862_,15.22µm
_07284_,15.22µm
_07876_,15.22µm
u_aes128_baseline.u_aes_core.round_key_reg\[11\],15.22µm
_04537_,15.215µm
_07545_,15.2µm
plaintext_reg\[86\],15.2µm
_02728_,15.18µm
_03402_,15.18µm
_06576_,15.18µm
_06197_,15.17µm
_05548_,15.16µm
ciphertext_reg\[87\],15.16µm
_06937_,15.14µm
_08986_,15.14µm
_07779_,15.12µm
_01560_,15.1µm
_07668_,15.1µm
_08697_,15.1µm
u_aes128_baseline.u_aes_core.round_key_reg\[66\],15.1µm
_00197_,15.08µm
_02758_,15.08µm
_07160_,15.08µm
_01588_,15.065µm
_06360_,15.065µm
_02044_,15.06µm
_04063_,15.06µm
_06994_,15.06µm
_01388_,15.04µm
_08924_,15.04µm
ciphertext_wire\[112\],15.04µm
net2314,15.04µm
_05941_,15.03µm
u_aes128_baseline.u_aes_core.round_key_reg\[108\],15.02µm
u_aes128_baseline.u_aes_core.round_key_reg\[91\],15µm
_02646_,14.98µm
_06280_,14.98µm
_08483_,14.98µm
_04498_,14.96µm
_05436_,14.96µm
_01432_,14.955µm
_04079_,14.95µm
_03362_,14.92µm
_04169_,14.92µm
_04621_,14.92µm
_07000_,14.92µm
_07201_,14.92µm
_09017_,14.92µm
net2140,14.92µm
_06735_,14.91µm
_02930_,14.9µm
_05617_,14.9µm
_07535_,14.9µm
_08564_,14.885µm
_00876_,14.88µm
_01312_,14.88µm
_06853_,14.88µm
_08784_,14.88µm
net2102,14.88µm
_00830_,14.86µm
net639,14.85µm
_00294_,14.84µm
_06983_,14.81µm
_01259_,14.8µm
_03198_,14.8µm
_06762_,14.8µm
net2262,14.8µm
_03309_,14.785µm
_08993_,14.78µm
_01171_,14.76µm
_02845_,14.76µm
_03540_,14.76µm
_08578_,14.76µm
u_aes128_baseline.u_aes_core.round_key_reg\[43\],14.76µm
net2215,14.76µm
_04512_,14.745µm
plaintext_reg\[115\],14.74µm
net2128,14.74µm
_01045_,14.72µm
_07240_,14.72µm
_08556_,14.71µm
_09103_,14.7µm
_02641_,14.68µm
_03809_,14.68µm
_07792_,14.66µm
_02485_,14.64µm
_06455_,14.64µm
_06602_,14.64µm
_06846_,14.64µm
_08166_,14.64µm
plaintext_reg\[119\],14.64µm
_08873_,14.62µm
net2164,14.62µm
_03939_,14.6µm
_05048_,14.6µm
_05696_,14.6µm
_05979_,14.6µm
_07489_,14.6µm
_08532_,14.6µm
_02865_,14.58µm
_04081_,14.58µm
_04185_,14.58µm
_08702_,14.58µm
_05921_,14.57µm
_01821_,14.56µm
_03635_,14.56µm
_04467_,14.56µm
_04695_,14.56µm
_06096_,14.56µm
_06338_,14.525µm
_00194_,14.52µm
_02489_,14.52µm
u_aes128_baseline.u_aes_core.state_reg\[107\],14.52µm
net2074,14.52µm
u_aes128_baseline.u_aes_core.state_reg\[80\],14.5µm
net63,14.5µm
_03437_,14.495µm
_03502_,14.48µm
_06702_,14.48µm
_09128_,14.48µm
_04267_,14.47µm
net2047,14.47µm
_03315_,14.46µm
net1,14.46µm
net2266,14.46µm
u_aes128_baseline.u_aes_core.round_key_reg\[122\],14.44µm
_00377_,14.42µm
_02352_,14.42µm
_04152_,14.42µm
_05730_,14.42µm
_07195_,14.42µm
_08244_,14.42µm
net72,14.42µm
net106,14.42µm
net2272,14.42µm
_01013_,14.4µm
_02756_,14.4µm
plaintext_reg\[61\],14.4µm
_07683_,14.38µm
plaintext_reg\[111\],14.38µm
_03527_,14.365µm
_03003_,14.36µm
_03830_,14.36µm
_06855_,14.36µm
_03640_,14.34µm
_04279_,14.34µm
_04617_,14.34µm
_08998_,14.34µm
_08870_,14.32µm
_01578_,14.31µm
_06303_,14.3µm
_06927_,14.3µm
_07289_,14.3µm
net1460,14.3µm
_02224_,14.28µm
_06291_,14.26µm
_06663_,14.26µm
_08509_,14.26µm
u_aes128_baseline.u_aes_core.round_key_reg\[72\],14.26µm
_04281_,14.24µm
_06973_,14.24µm
_08617_,14.24µm
_01002_,14.23µm
_03406_,14.23µm
_03646_,14.22µm
_03867_,14.22µm
plaintext_reg\[34\],14.22µm
_07770_,14.2µm
_05397_,14.18µm
_06530_,14.18µm
_07662_,14.18µm
_08195_,14.18µm
_00787_,14.16µm
_01544_,14.16µm
ciphertext_reg\[55\],14.16µm
net980,14.16µm
net2122,14.16µm
_02331_,14.14µm
_02356_,14.14µm
_04773_,14.12µm
_05420_,14.12µm
_07604_,14.12µm
_09174_,14.12µm
net2135,14.12µm
net2335,14.12µm
_07782_,14.1µm
_05649_,14.08µm
_06865_,14.08µm
_09054_,14.08µm
net2214,14.08µm
_02150_,14.06µm
_05547_,14.06µm
_05879_,14.06µm
_06141_,14.06µm
_07074_,14.05µm
_02117_,14.04µm
_08101_,14.04µm
_08131_,14.04µm
net59,14.04µm
net2113,14.04µm
_00819_,14.02µm
_06150_,14.02µm
_06409_,14.02µm
_07321_,14.02µm
_03331_,14µm
_04613_,14µm
_05661_,14µm
_05737_,14µm
net2096,14µm
_00152_,13.98µm
_02084_,13.98µm
_03960_,13.98µm
_08334_,13.98µm
_01449_,13.96µm
_05774_,13.96µm
_00958_,13.92µm
_01685_,13.92µm
_02989_,13.92µm
_06540_,13.92µm
_07123_,13.92µm
_07512_,13.92µm
plaintext_reg\[27\],13.92µm
u_aes128_baseline.u_aes_core.state_reg\[85\],13.92µm
_04703_,13.91µm
_08432_,13.9µm
_03686_,13.88µm
_07448_,13.88µm
_09032_,13.88µm
u_aes128_baseline.u_aes_core.round_key_reg\[44\],13.88µm
_00959_,13.86µm
_01761_,13.86µm
_02126_,13.86µm
_03474_,13.86µm
_05899_,13.86µm
_08381_,13.86µm
net2124,13.86µm
_05430_,13.85µm
_00511_,13.82µm
_02604_,13.82µm
_03214_,13.82µm
_04140_,13.82µm
_05716_,13.82µm
_08139_,13.82µm
_08974_,13.82µm
_07473_,13.81µm
_08733_,13.81µm
_00962_,13.8µm
_09080_,13.8µm
u_aes128_baseline.u_aes_core.round_key_reg\[35\],13.8µm
_02326_,13.78µm
_07602_,13.78µm
net2225,13.78µm
key_reg\[32\],13.77µm
_02273_,13.76µm
_02979_,13.76µm
_03628_,13.76µm
_06016_,13.76µm
_06647_,13.76µm
_08260_,13.76µm
_01735_,13.74µm
_04749_,13.74µm
_05607_,13.72µm
_09253_,13.72µm
net2151,13.72µm
net2115,13.7µm
_02092_,13.68µm
_02503_,13.68µm
_03141_,13.68µm
_04056_,13.68µm
_05822_,13.68µm
_06549_,13.68µm
_07038_,13.68µm
_07251_,13.68µm
_02213_,13.66µm
_02571_,13.66µm
_03273_,13.66µm
_01417_,13.64µm
_06473_,13.64µm
_07398_,13.635µm
_00247_,13.62µm
_01319_,13.62µm
net1994,13.62µm
net2098,13.62µm
_08994_,13.6µm
net2094,13.6µm
_07585_,13.58µm
_08050_,13.58µm
u_aes128_baseline.u_aes_core.state_reg\[114\],13.58µm
net74,13.58µm
_00990_,13.56µm
_03601_,13.56µm
_04640_,13.56µm
_05033_,13.56µm
_09265_,13.56µm
_01183_,13.54µm
_02943_,13.54µm
_05358_,13.54µm
_05885_,13.54µm
_06106_,13.54µm
_06611_,13.54µm
_08340_,13.54µm
_08354_,13.54µm
_08926_,13.54µm
net2132,13.54µm
_09067_,13.53µm
_05915_,13.52µm
_06113_,13.52µm
_05865_,13.5µm
_07171_,13.5µm
_07241_,13.5µm
net134,13.5µm
_00835_,13.48µm
_07025_,13.48µm
_03649_,13.46µm
_06098_,13.46µm
_06118_,13.46µm
u_aes128_baseline.u_aes_core.state_reg\[53\],13.46µm
u_aes128_baseline.u_aes_core.round_key_reg\[14\],13.44µm
_00850_,13.42µm
_05277_,13.42µm
net147,13.42µm
net282,13.42µm
_08368_,13.41µm
ciphertext_wire\[75\],13.4µm
_07736_,13.39µm
_07834_,13.39µm
_01056_,13.38µm
_02727_,13.38µm
_03764_,13.38µm
_06429_,13.38µm
_06432_,13.38µm
_07382_,13.38µm
_08065_,13.38µm
_04741_,13.36µm
_01042_,13.34µm
_02029_,13.34µm
_05312_,13.34µm
_05709_,13.34µm
_06801_,13.34µm
u_aes128_baseline.u_aes_core.round_key_reg\[49\],13.34µm
net2156,13.34µm
_01390_,13.32µm
_08823_,13.32µm
u_aes128_baseline.u_aes_core.round_key_reg\[62\],13.32µm
net2058,13.31µm
_02507_,13.3µm
_03913_,13.3µm
_09355_,13.3µm
net2165,13.3µm
net2244,13.3µm
net2056,13.27µm
_00949_,13.26µm
_02335_,13.26µm
_02471_,13.26µm
_05677_,13.26µm
_08246_,13.26µm
_08383_,13.26µm
_09308_,13.26µm
u_aes128_baseline.u_aes_core.round_key_reg\[85\],13.26µm
_02561_,13.255µm
_06451_,13.24µm
plaintext_reg\[67\],13.24µm
_02351_,13.22µm
_02969_,13.22µm
_03875_,13.22µm
_06585_,13.22µm
_07577_,13.22µm
plaintext_reg\[87\],13.22µm
_01571_,13.21µm
_03515_,13.2µm
_02495_,13.18µm
_06808_,13.18µm
_00139_,13.16µm
_07800_,13.145µm
_01586_,13.14µm
_03212_,13.14µm
net2296,13.14µm
net2315,13.14µm
_07045_,13.125µm
_00124_,13.12µm
_02393_,13.12µm
_03999_,13.12µm
_07974_,13.12µm
_08791_,13.12µm
_09217_,13.12µm
net2110,13.12µm
_05338_,13.1µm
_05668_,13.1µm
u_aes128_baseline.u_aes_core.round_key_reg\[12\],13.1µm
u_aes128_baseline.u_aes_core.round_key_reg\[22\],13.1µm
_07522_,13.08µm
_07590_,13.07µm
_00606_,13.06µm
_01730_,13.06µm
_04289_,13.04µm
_05843_,13.04µm
_07365_,13.04µm
u_aes128_baseline.u_aes_core.state_reg\[46\],13.04µm
net579,13.04µm
u_aes128_baseline.u_aes_core.round_key_reg\[39\],13.035µm
_01011_,13.02µm
_04382_,13.02µm
_06703_,13.02µm
_04311_,13µm
_08048_,13µm
_08506_,13µm
_08792_,13µm
net2238,13µm
key_reg\[95\],12.99µm
_01175_,12.98µm
_01943_,12.96µm
_05322_,12.96µm
_08698_,12.96µm
_01717_,12.945µm
_01951_,12.94µm
_04967_,12.94µm
_08142_,12.94µm
_01200_,12.925µm
_04453_,12.92µm
_09043_,12.92µm
net2243,12.92µm
_00576_,12.885µm
_06474_,12.88µm
net2223,12.88µm
_02258_,12.86µm
net1368,12.86µm
uio_out[6],12.85µm
_08859_,12.845µm
_01161_,12.84µm
_01931_,12.84µm
_02937_,12.84µm
_02957_,12.84µm
_03095_,12.84µm
_03727_,12.84µm
_05551_,12.84µm
_07880_,12.84µm
_08464_,12.84µm
_08748_,12.84µm
_06661_,12.805µm
_00829_,12.8µm
_04424_,12.8µm
u_aes128_baseline.u_aes_core.round_key_reg\[114\],12.8µm
u_aes128_baseline.u_aes_core.round_key_reg\[96\],12.8µm
_03711_,12.78µm
_06566_,12.78µm
_01937_,12.76µm
_05633_,12.76µm
_05820_,12.76µm
u_aes128_baseline.u_aes_core.round_key_reg\[104\],12.76µm
u_aes128_baseline.u_aes_core.round_key_reg\[46\],12.76µm
net1512,12.76µm
_02157_,12.74µm
_03182_,12.74µm
_05690_,12.74µm
_09197_,12.74µm
_04177_,12.72µm
_04229_,12.72µm
_08454_,12.72µm
plaintext_reg\[83\],12.72µm
_07206_,12.7µm
net2275,12.7µm
_01365_,12.68µm
_03850_,12.68µm
u_aes128_baseline.u_aes_core.round_key_reg\[42\],12.68µm
net2118,12.68µm
_05608_,12.66µm
_05896_,12.66µm
_06247_,12.66µm
_07747_,12.66µm
net2003,12.66µm
_08465_,12.64µm
net2318,12.64µm
_01055_,12.62µm
_01575_,12.62µm
_02753_,12.62µm
_02892_,12.62µm
_03227_,12.62µm
_03607_,12.62µm
_04173_,12.62µm
_06681_,12.62µm
_07507_,12.62µm
_07442_,12.605µm
_04441_,12.6µm
_05074_,12.6µm
ciphertext_reg\[47\],12.6µm
_07108_,12.585µm
_00381_,12.58µm
_05862_,12.58µm
_06216_,12.58µm
_08573_,12.58µm
_07352_,12.57µm
_01046_,12.56µm
_03637_,12.56µm
_04168_,12.56µm
_07547_,12.56µm
_02914_,12.54µm
_03449_,12.54µm
_05226_,12.54µm
_06030_,12.54µm
_08361_,12.525µm
_07419_,12.52µm
_09176_,12.52µm
_00942_,12.5µm
_03420_,12.5µm
_06184_,12.5µm
_07255_,12.5µm
_07431_,12.5µm
_07483_,12.5µm
net1146,12.5µm
net2104,12.5µm
net2160,12.5µm
_00285_,12.46µm
_02145_,12.46µm
_06025_,12.46µm
_07608_,12.46µm
_07946_,12.46µm
_08152_,12.46µm
u_aes128_baseline.u_aes_core.round_key_reg\[68\],12.46µm
net2095,12.46µm
_01043_,12.44µm
_02045_,12.44µm
_08495_,12.44µm
_02055_,12.42µm
_02419_,12.42µm
_05130_,12.42µm
_05199_,12.42µm
_07831_,12.42µm
_07833_,12.42µm
_08171_,12.42µm
_08953_,12.42µm
ciphertext_reg\[20\],12.42µm
ciphertext_reg\[21\],12.42µm
key_reg\[111\],12.42µm
_03838_,12.41µm
_08562_,12.4µm
net2251,12.4µm
net2330,12.4µm
_02551_,12.38µm
_07435_,12.36µm
_01455_,12.34µm
_06093_,12.34µm
_06774_,12.34µm
_08745_,12.34µm
u_aes128_baseline.u_aes_core.round_key_reg\[54\],12.34µm
net599,12.32µm
_00310_,12.3µm
_00750_,12.3µm
_04443_,12.3µm
_05602_,12.3µm
_08927_,12.3µm
_02059_,12.28µm
_05456_,12.28µm
_06672_,12.28µm
_09341_,12.28µm
net2172,12.28µm
net2316,12.28µm
_00966_,12.26µm
_01824_,12.26µm
_03645_,12.26µm
_06028_,12.26µm
u_aes128_baseline.u_aes_core.round_key_reg\[55\],12.26µm
_08665_,12.25µm
_02859_,12.24µm
_07583_,12.24µm
_08388_,12.24µm
_09068_,12.24µm
_05466_,12.23µm
_00423_,12.22µm
_01881_,12.22µm
_02493_,12.22µm
_03081_,12.22µm
_08342_,12.22µm
_09072_,12.22µm
net2298,12.22µm
_02748_,12.2µm
_03648_,12.2µm
_09179_,12.2µm
_01448_,12.195µm
_02438_,12.185µm
_01090_,12.18µm
_01352_,12.18µm
_01501_,12.18µm
_02781_,12.18µm
_01847_,12.16µm
_03401_,12.16µm
_04456_,12.16µm
_05180_,12.16µm
_05719_,12.16µm
net2292,12.16µm
_00847_,12.14µm
_03609_,12.14µm
_02918_,12.135µm
_03302_,12.12µm
_03708_,12.12µm
_04312_,12.12µm
_08653_,12.12µm
_01597_,12.115µm
_01569_,12.1µm
_02810_,12.1µm
_06191_,12.1µm
_04575_,12.08µm
_07370_,12.08µm
_08987_,12.08µm
_00914_,12.06µm
_02760_,12.06µm
_03918_,12.06µm
_01386_,12.04µm
_02080_,12.04µm
_02906_,12.04µm
_03129_,12.04µm
_03535_,12.04µm
_04356_,12.04µm
_06634_,12.04µm
_07015_,12.04µm
_08591_,12.04µm
_08644_,12.04µm
net14,12.04µm
net2114,12.04µm
_02246_,12.02µm
_03784_,12.01µm
_02411_,12µm
_02602_,12µm
_03240_,12µm
_05012_,12µm
_06977_,12µm
_08950_,12µm
u_aes128_baseline.u_aes_core.round_key_reg\[74\],12µm
net2258,12µm
_06058_,11.98µm
_08275_,11.98µm
ciphertext_reg\[48\],11.98µm
u_aes128_baseline.u_aes_core.round_key_reg\[64\],11.98µm
net2224,11.98µm
_01864_,11.97µm
_02394_,11.96µm
_02550_,11.96µm
_02787_,11.96µm
_04476_,11.96µm
_04612_,11.96µm
_05153_,11.96µm
_06004_,11.96µm
_06701_,11.96µm
_06742_,11.96µm
_08558_,11.96µm
plaintext_reg\[57\],11.96µm
_04182_,11.92µm
_08211_,11.92µm
u_aes128_baseline.u_aes_core.round_key_reg\[28\],11.92µm
_03417_,11.9µm
_07055_,11.9µm
net2195,11.9µm
_02319_,11.885µm
_02796_,11.88µm
_03893_,11.88µm
_05052_,11.88µm
_06844_,11.88µm
_09004_,11.88µm
net2107,11.88µm
net2111,11.88µm
_04430_,11.86µm
_05588_,11.86µm
net2139,11.86µm
u_aes128_baseline.u_aes_core.round_key_reg\[123\],11.85µm
_00640_,11.84µm
_07439_,11.84µm
net2278,11.84µm
_02294_,11.83µm
_01208_,11.82µm
_05460_,11.82µm
_06531_,11.82µm
_08397_,11.82µm
_05691_,11.81µm
_00862_,11.8µm
_04048_,11.8µm
_05286_,11.8µm
_05673_,11.8µm
_07064_,11.8µm
_01076_,11.78µm
_08247_,11.78µm
_09132_,11.78µm
net1567,11.78µm
_00451_,11.76µm
_06479_,11.76µm
_06850_,11.76µm
_09358_,11.76µm
_02229_,11.74µm
_03675_,11.74µm
ciphertext_wire\[18\],11.74µm
_00815_,11.72µm
_02180_,11.72µm
_02295_,11.72µm
_05757_,11.72µm
_08711_,11.72µm
_09096_,11.72µm
_00179_,11.7µm
_00228_,11.7µm
_01102_,11.7µm
_01210_,11.7µm
_02490_,11.7µm
_04482_,11.7µm
_05185_,11.7µm
_06637_,11.7µm
_07977_,11.7µm
_08398_,11.7µm
net2232,11.7µm
net2300,11.7µm
_05714_,11.68µm
net896,11.68µm
_04559_,11.675µm
_02555_,11.66µm
_05316_,11.66µm
_07796_,11.66µm
key_count\[4\],11.66µm
u_aes128_baseline.u_aes_core.round_key_reg\[75\],11.66µm
u_aes128_baseline.u_aes_core.round_key_reg\[90\],11.66µm
_06046_,11.65µm
_01084_,11.64µm
_01179_,11.64µm
_03489_,11.64µm
_08639_,11.64µm
_05832_,11.635µm
_00892_,11.62µm
_00940_,11.62µm
_03422_,11.62µm
_03835_,11.62µm
_04046_,11.62µm
_06464_,11.62µm
net1224,11.62µm
_07517_,11.61µm
_00654_,11.6µm
_02386_,11.6µm
_07700_,11.6µm
_07726_,11.6µm
net2313,11.6µm
_01285_,11.58µm
_02481_,11.58µm
_06593_,11.58µm
_07095_,11.58µm
_08541_,11.58µm
_08622_,11.58µm
_09207_,11.58µm
ciphertext_reg\[30\],11.56µm
net2287,11.56µm
_06209_,11.545µm
_00898_,11.54µm
_03359_,11.54µm
_04176_,11.54µm
_08549_,11.54µm
net2105,11.54µm
net2144,11.54µm
net2153,11.54µm
_01630_,11.52µm
_04253_,11.52µm
_08417_,11.52µm
net2230,11.505µm
_03436_,11.5µm
_05963_,11.5µm
_01788_,11.485µm
_01195_,11.48µm
_05969_,11.48µm
_08333_,11.48µm
u_aes128_baseline.u_aes_core.rcon_reg\[5\],11.48µm
_05812_,11.46µm
_06162_,11.46µm
_08317_,11.46µm
u_aes128_baseline.u_aes_core.round_key_reg\[109\],11.46µm
_00995_,11.44µm
_01831_,11.44µm
_03320_,11.42µm
_04535_,11.42µm
_05435_,11.42µm
_07144_,11.42µm
_07546_,11.42µm
net930,11.42µm
_07192_,11.41µm
_01908_,11.4µm
_07387_,11.4µm
_07707_,11.4µm
_02527_,11.38µm
_02682_,11.38µm
_02763_,11.38µm
_03120_,11.38µm
_03551_,11.38µm
_04157_,11.38µm
_05612_,11.38µm
_05907_,11.38µm
_08554_,11.38µm
net1418,11.38µm
net2120,11.38µm
_05873_,11.36µm
_06227_,11.36µm
_08977_,11.34µm
net1637,11.34µm
_02286_,11.325µm
_01827_,11.32µm
_08498_,11.32µm
net99,11.32µm
_01156_,11.3µm
_02458_,11.3µm
_05711_,11.3µm
_06099_,11.3µm
_08295_,11.3µm
_09117_,11.3µm
ciphertext_wire\[26\],11.3µm
_00300_,11.28µm
_00487_,11.28µm
_00540_,11.28µm
_00675_,11.28µm
_01478_,11.28µm
_04349_,11.28µm
_08058_,11.28µm
net2,11.28µm
_01611_,11.275µm
_06236_,11.27µm
_00902_,11.26µm
_01191_,11.26µm
_01779_,11.26µm
_03059_,11.26µm
_06866_,11.26µm
_07455_,11.26µm
_07952_,11.26µm
_02971_,11.24µm
_05496_,11.24µm
_06480_,11.24µm
_08291_,11.24µm
_06527_,11.22µm
_07310_,11.22µm
_01794_,11.2µm
_02669_,11.2µm
_02680_,11.2µm
_03587_,11.2µm
_03827_,11.2µm
_04361_,11.2µm
_04623_,11.2µm
_07586_,11.2µm
plaintext_reg\[107\],11.2µm
_00617_,11.18µm
_00997_,11.18µm
_02778_,11.18µm
_04618_,11.18µm
_06161_,11.18µm
_04739_,11.175µm
_08822_,11.17µm
_00112_,11.16µm
_00134_,11.16µm
_02494_,11.16µm
_03009_,11.16µm
_04565_,11.16µm
_05156_,11.16µm
_05281_,11.16µm
_05882_,11.16µm
_08177_,11.16µm
u_aes128_baseline.u_aes_core.round_key_reg\[78\],11.15µm
_00863_,11.14µm
_02927_,11.14µm
_03329_,11.14µm
_05880_,11.14µm
_06123_,11.125µm
_00925_,11.12µm
_01143_,11.12µm
_01198_,11.12µm
_02036_,11.12µm
_02134_,11.12µm
_02349_,11.12µm
_02500_,11.12µm
_03153_,11.12µm
_04633_,11.12µm
_05593_,11.12µm
_06626_,11.12µm
_08843_,11.12µm
plaintext_reg\[60\],11.12µm
net1455,11.12µm
_03348_,11.1µm
_04931_,11.1µm
_04969_,11.1µm
_06373_,11.1µm
net1118,11.1µm
_04673_,11.095µm
_09031_,11.09µm
_01022_,11.08µm
_01167_,11.08µm
_01681_,11.08µm
_02272_,11.08µm
_03775_,11.08µm
_04198_,11.08µm
_06013_,11.08µm
_08019_,11.08µm
_08900_,11.08µm
_09243_,11.08µm
net2119,11.08µm
_08991_,11.07µm
_08230_,11.06µm
_01008_,11.04µm
_01012_,11.04µm
_01313_,11.04µm
_02842_,11.04µm
_03085_,11.04µm
_05114_,11.04µm
_08688_,11.04µm
_09047_,11.04µm
_07456_,11.02µm
_07929_,11.02µm
_03459_,11.01µm
_01149_,11µm
_03506_,11µm
_03610_,11µm
_08252_,11µm
_00522_,10.985µm
_06356_,10.98µm
_08403_,10.98µm
_08307_,10.97µm
_02590_,10.96µm
_04715_,10.96µm
_07794_,10.96µm
_09088_,10.94µm
_03232_,10.92µm
_03452_,10.92µm
_06223_,10.92µm
_08155_,10.92µm
net2097,10.92µm
_01564_,10.9µm
_02800_,10.9µm
_08829_,10.9µm
ciphertext_wire\[17\],10.9µm
_03605_,10.89µm
_01221_,10.88µm
_07775_,10.88µm
_08566_,10.88µm
_08569_,10.88µm
_08597_,10.88µm
u_aes128_baseline.u_aes_core.round_key_reg\[95\],10.88µm
_00200_,10.86µm
_00579_,10.86µm
_01554_,10.86µm
_03208_,10.86µm
_05768_,10.86µm
_06591_,10.86µm
_07936_,10.86µm
_08818_,10.86µm
net2100,10.86µm
_06289_,10.84µm
_07538_,10.84µm
_00320_,10.82µm
_06957_,10.82µm
_07258_,10.82µm
_08805_,10.82µm
u_aes128_baseline.u_aes_core.state_reg\[61\],10.82µm
_08793_,10.8µm
_08795_,10.8µm
_01125_,10.78µm
_01127_,10.78µm
u_aes128_baseline.u_aes_core.state_reg\[112\],10.78µm
u_aes128_baseline.u_aes_core.state_reg\[68\],10.78µm
_01236_,10.76µm
_03955_,10.76µm
_05062_,10.76µm
_06550_,10.76µm
net2130,10.76µm
_02025_,10.74µm
_03069_,10.74µm
_03534_,10.74µm
_04159_,10.74µm
_04338_,10.74µm
_04401_,10.74µm
_05632_,10.74µm
_07174_,10.74µm
_08018_,10.74µm
net2099,10.74µm
_01140_,10.72µm
_05630_,10.72µm
_06852_,10.72µm
_06954_,10.72µm
_07142_,10.72µm
_08810_,10.72µm
_09039_,10.72µm
_08603_,10.71µm
_01014_,10.7µm
_06997_,10.7µm
_07008_,10.7µm
_07149_,10.7µm
_07449_,10.7µm
_08404_,10.7µm
u_aes128_baseline.u_aes_core.round_key_reg\[118\],10.7µm
_01116_,10.68µm
_02159_,10.66µm
_02444_,10.66µm
_02923_,10.66µm
_03409_,10.66µm
_04743_,10.66µm
_07714_,10.66µm
plaintext_reg\[104\],10.66µm
u_aes128_baseline.u_aes_core.state_reg\[21\],10.66µm
net2125,10.66µm
_02492_,10.64µm
_04058_,10.64µm
_04067_,10.64µm
_00886_,10.62µm
_01706_,10.62µm
_02709_,10.62µm
_03583_,10.62µm
u_aes128_baseline.u_aes_core.round_key_reg\[58\],10.62µm
net2117,10.62µm
_01372_,10.6µm
_06342_,10.6µm
_07548_,10.6µm
_08144_,10.6µm
_00302_,10.585µm
_05459_,10.58µm
_05946_,10.58µm
_06964_,10.58µm
_08735_,10.58µm
u_aes128_baseline.u_aes_core.round_key_reg\[13\],10.58µm
u_aes128_baseline.u_aes_core.round_key_reg\[93\],10.58µm
_01307_,10.565µm
_08734_,10.56µm
net2253,10.56µm
_00649_,10.545µm
_00791_,10.545µm
_01051_,10.54µm
_04113_,10.54µm
_05986_,10.54µm
_08161_,10.5µm
_08266_,10.5µm
_04733_,10.48µm
net1904,10.48µm
_02261_,10.46µm
_02785_,10.46µm
_04555_,10.46µm
_08928_,10.45µm
_00154_,10.44µm
_02455_,10.44µm
_02599_,10.44µm
_04824_,10.44µm
_08232_,10.44µm
_07819_,10.43µm
_07989_,10.43µm
plaintext_reg\[123\],10.43µm
_00545_,10.42µm
_03071_,10.42µm
_05973_,10.42µm
_06938_,10.42µm
_08838_,10.42µm
_06704_,10.405µm
_00362_,10.4µm
_01335_,10.4µm
_02156_,10.4µm
_02547_,10.4µm
_05457_,10.4µm
_05699_,10.4µm
_05748_,10.4µm
u_aes128_baseline.u_aes_core.state_reg\[36\],10.4µm
net2303,10.4µm
_02885_,10.395µm
_00528_,10.38µm
_01813_,10.38µm
_03691_,10.38µm
_06244_,10.38µm
net1305,10.38µm
_00226_,10.36µm
_00964_,10.36µm
_00968_,10.36µm
_01434_,10.36µm
_02280_,10.36µm
_03936_,10.36µm
_05535_,10.36µm
net180,10.36µm
_02698_,10.35µm
_01446_,10.34µm
_02408_,10.34µm
_05772_,10.34µm
_08484_,10.34µm
_08539_,10.34µm
_08794_,10.34µm
_08921_,10.34µm
_00784_,10.32µm
_01106_,10.32µm
_01228_,10.32µm
_03806_,10.32µm
_06129_,10.32µm
_06265_,10.32µm
_06779_,10.32µm
_07394_,10.32µm
_08273_,10.32µm
_08716_,10.32µm
net2109,10.32µm
net2123,10.32µm
net2146,10.32µm
_03725_,10.31µm
_02474_,10.3µm
_00361_,10.28µm
_00708_,10.28µm
_02030_,10.28µm
_04913_,10.28µm
_07596_,10.28µm
_07862_,10.28µm
plaintext_reg\[49\],10.28µm
u_aes128_baseline.u_aes_core.round_key_reg\[125\],10.28µm
_08366_,10.27µm
_03483_,10.265µm
_00943_,10.26µm
_00998_,10.26µm
_01081_,10.26µm
_02597_,10.26µm
_02818_,10.26µm
_03503_,10.26µm
_05399_,10.26µm
_06782_,10.26µm
_07817_,10.26µm
_02035_,10.25µm
_02483_,10.245µm
_00937_,10.24µm
_02700_,10.24µm
_05846_,10.24µm
_08402_,10.24µm
_08677_,10.24µm
_08840_,10.24µm
net1333,10.24µm
_08419_,10.235µm
_03872_,10.22µm
_04980_,10.22µm
_05090_,10.22µm
net2307,10.22µm
_06836_,10.21µm
_00479_,10.205µm
_00603_,10.2µm
_01454_,10.2µm
_01974_,10.2µm
_04553_,10.2µm
_05587_,10.2µm
_07157_,10.2µm
_08752_,10.2µm
_09106_,10.2µm
_02935_,10.185µm
_00450_,10.18µm
_03520_,10.18µm
_06372_,10.18µm
_06583_,10.18µm
_02361_,10.16µm
_02412_,10.16µm
_03644_,10.16µm
_03834_,10.16µm
_05429_,10.16µm
_05935_,10.16µm
_05961_,10.16µm
_06020_,10.16µm
_07501_,10.16µm
_08489_,10.16µm
_09162_,10.16µm
_09199_,10.16µm
u_aes128_baseline.u_aes_core.round_key_reg\[115\],10.16µm
net257,10.16µm
net316,10.16µm
_06097_,10.14µm
_04900_,10.13µm
uio_out[7],10.13µm
_06115_,10.125µm
_00085_,10.12µm
_00458_,10.12µm
_02223_,10.12µm
_02702_,10.12µm
_03074_,10.12µm
_03448_,10.12µm
_05188_,10.12µm
_05263_,10.12µm
_05647_,10.12µm
_07470_,10.12µm
_07612_,10.12µm
_08382_,10.12µm
net2116,10.12µm
_06706_,10.11µm
_08448_,10.11µm
_02385_,10.1µm
_08086_,10.1µm
_08274_,10.1µm
_03447_,10.085µm
_01105_,10.08µm
_07591_,10.08µm
_08175_,10.08µm
_00146_,10.06µm
_07322_,10.06µm
_08270_,10.06µm
_08371_,10.06µm
net624,10.06µm
net2338,10.06µm
_04146_,10.05µm
ciphertext_wire\[71\],10.05µm
_02158_,10.04µm
_03807_,10.04µm
_07744_,10.04µm
u_aes128_baseline.u_aes_core.round_key_reg\[106\],10.04µm
_00776_,10.02µm
_07172_,10.02µm
_09291_,10.02µm
_04245_,10.015µm
_04583_,10µm
_05831_,10µm
_06009_,10µm
_06688_,10µm
u_aes128_baseline.u_aes_core.round_key_reg\[41\],10µm
_04959_,9.995µm
_06509_,9.99µm
_00132_,9.98µm
_02982_,9.98µm
_03352_,9.98µm
_04225_,9.98µm
_04273_,9.98µm
ciphertext_wire\[83\],9.98µm
net2325,9.98µm
_08076_,9.975µm
_01325_,9.96µm
_02649_,9.96µm
_06842_,9.96µm
_08680_,9.955µm
_00912_,9.94µm
_00980_,9.94µm
_01174_,9.94µm
_03177_,9.94µm
_04445_,9.94µm
_04996_,9.94µm
_05240_,9.94µm
_07063_,9.94µm
_08939_,9.94µm
ciphertext_wire\[31\],9.94µm
u_aes128_baseline.u_aes_core.round_key_reg\[40\],9.94µm
u_aes128_baseline.u_aes_core.state_reg\[87\],9.94µm
net2299,9.94µm
_00456_,9.92µm
_00484_,9.92µm
_01765_,9.92µm
_06136_,9.92µm
_06242_,9.92µm
_07128_,9.92µm
_07710_,9.92µm
_07933_,9.92µm
_08268_,9.92µm
ciphertext_reg\[38\],9.92µm
u_aes128_baseline.u_aes_core.round_key_reg\[34\],9.92µm
_01303_,9.9µm
_02345_,9.9µm
_03016_,9.9µm
_04203_,9.9µm
_05821_,9.9µm
_07424_,9.9µm
_08898_,9.9µm
net55,9.9µm
_04303_,9.88µm
_08370_,9.88µm
_08689_,9.88µm
_00289_,9.86µm
_03852_,9.86µm
_06027_,9.86µm
_06173_,9.86µm
_06728_,9.86µm
_06729_,9.86µm
_06788_,9.86µm
_06795_,9.86µm
_08224_,9.86µm
_08890_,9.86µm
_09263_,9.86µm
_09297_,9.86µm
u_aes128_baseline.u_aes_core.round_key_reg\[101\],9.86µm
net2093,9.86µm
_01177_,9.84µm
_05192_,9.84µm
_03429_,9.83µm
_01670_,9.82µm
_05042_,9.82µm
_08120_,9.82µm
_08951_,9.82µm
_09205_,9.82µm
net590,9.82µm
_09158_,9.805µm
_00934_,9.8µm
_01964_,9.8µm
_02149_,9.8µm
_07002_,9.8µm
_08125_,9.8µm
_00922_,9.78µm
_01100_,9.78µm
_07366_,9.78µm
_07575_,9.78µm
_08729_,9.78µm
ciphertext_reg\[50\],9.78µm
_01300_,9.76µm
_03435_,9.76µm
_05311_,9.76µm
_00580_,9.745µm
_00605_,9.74µm
_04309_,9.74µm
_04745_,9.74µm
_04923_,9.74µm
_05086_,9.74µm
_06628_,9.74µm
_08430_,9.74µm
_08434_,9.74µm
_06899_,9.725µm
ciphertext_reg\[63\],9.72µm
_02255_,9.715µm
_01418_,9.7µm
_03530_,9.7µm
_03911_,9.7µm
_05191_,9.7µm
_05912_,9.7µm
_07688_,9.7µm
_08169_,9.7µm
u_aes128_baseline.u_aes_core.round_key_reg\[59\],9.7µm
net2218,9.7µm
_01016_,9.685µm
_00011_,9.68µm
_00459_,9.68µm
_05093_,9.68µm
_06354_,9.68µm
_06760_,9.67µm
_00607_,9.66µm
_01089_,9.66µm
_04915_,9.66µm
_05550_,9.66µm
_07697_,9.66µm
_09331_,9.66µm
_02670_,9.65µm
_01958_,9.645µm
_00219_,9.64µm
_03732_,9.64µm
_03981_,9.64µm
_05289_,9.64µm
_05521_,9.64µm
_06214_,9.64µm
_06723_,9.64µm
_07599_,9.64µm
_08253_,9.64µm
_00521_,9.615µm
_00366_,9.6µm
_00583_,9.6µm
_02140_,9.6µm
_02846_,9.6µm
_06495_,9.6µm
_09230_,9.6µm
net2340,9.6µm
_04001_,9.58µm
_04301_,9.58µm
_07018_,9.58µm
_07508_,9.58µm
u_aes128_baseline.u_aes_core.round_key_reg\[32\],9.58µm
net1744,9.58µm
_06160_,9.57µm
_00821_,9.56µm
_04428_,9.56µm
_05662_,9.56µm
_07300_,9.56µm
_08145_,9.56µm
_05135_,9.55µm
_03901_,9.54µm
_06683_,9.54µm
_06880_,9.54µm
_07825_,9.54µm
_08124_,9.54µm
_08494_,9.54µm
_09177_,9.54µm
_05151_,9.52µm
_05572_,9.52µm
_07094_,9.52µm
_08718_,9.52µm
_08824_,9.52µm
ciphertext_wire\[106\],9.52µm
ciphertext_wire\[34\],9.52µm
_06565_,9.515µm
_01120_,9.5µm
_06122_,9.5µm
_06797_,9.5µm
_07588_,9.5µm
net2092,9.5µm
_00021_,9.48µm
_00175_,9.48µm
_01145_,9.48µm
_01492_,9.48µm
_02528_,9.48µm
_08129_,9.48µm
_08949_,9.48µm
ciphertext_reg\[29\],9.48µm
u_aes128_baseline.u_aes_core.round_key_reg\[98\],9.48µm
_00573_,9.46µm
_04120_,9.46µm
_07236_,9.46µm
u_aes128_baseline.u_aes_core.round_key_reg\[113\],9.46µm
u_aes128_baseline.u_aes_core.round_key_reg\[61\],9.46µm
_07680_,9.455µm
_08223_,9.445µm
_02560_,9.44µm
_02651_,9.44µm
_06131_,9.44µm
_08516_,9.44µm
plaintext_reg\[110\],9.44µm
net2210,9.44µm
_01408_,9.42µm
_01410_,9.42µm
_03525_,9.42µm
_07070_,9.42µm
_07162_,9.42µm
_07905_,9.42µm
_08435_,9.42µm
_03299_,9.4µm
_03945_,9.4µm
_05651_,9.4µm
_07814_,9.4µm
_08126_,9.4µm
_08527_,9.4µm
net991,9.4µm
net2284,9.4µm
_00610_,9.38µm
_01170_,9.38µm
_01857_,9.38µm
_06240_,9.38µm
_06466_,9.38µm
_06616_,9.38µm
_03481_,9.37µm
_08814_,9.365µm
_00222_,9.36µm
_00921_,9.36µm
_00999_,9.36µm
_01574_,9.36µm
_02897_,9.36µm
_03439_,9.36µm
_04114_,9.36µm
_04576_,9.36µm
_05518_,9.36µm
_06015_,9.36µm
_06537_,9.36µm
_06539_,9.36µm
_08036_,9.36µm
_08424_,9.36µm
u_aes128_baseline.u_aes_core.round_key_reg\[117\],9.36µm
_01130_,9.34µm
_01178_,9.34µm
_02405_,9.34µm
_04027_,9.34µm
_04156_,9.34µm
_00755_,9.32µm
_04751_,9.32µm
_05697_,9.32µm
_05783_,9.32µm
_05863_,9.32µm
_06859_,9.32µm
_08568_,9.32µm
u_aes128_baseline.u_aes_core.round_key_reg\[37\],9.32µm
_06569_,9.315µm
net2008,9.31µm
_08650_,9.3µm
_02854_,9.28µm
_05849_,9.28µm
_06862_,9.28µm
_07049_,9.28µm
u_aes128_baseline.u_aes_core.round_key_reg\[92\],9.28µm
net2270,9.28µm
_08730_,9.275µm
_01959_,9.26µm
_02583_,9.26µm
_05152_,9.26µm
_05166_,9.26µm
_07624_,9.26µm
_01079_,9.24µm
_02466_,9.24µm
_05619_,9.24µm
_05779_,9.24µm
_06504_,9.24µm
u_aes128_baseline.u_aes_core.round_key_reg\[33\],9.24µm
net1723,9.24µm
net1840,9.24µm
_07773_,9.23µm
_00230_,9.22µm
_02392_,9.22µm
net604,9.22µm
_05868_,9.21µm
net2031,9.21µm
_00380_,9.205µm
_00508_,9.205µm
_00730_,9.205µm
_00938_,9.2µm
_00971_,9.2µm
_03974_,9.2µm
_07252_,9.2µm
_07430_,9.2µm
_08758_,9.2µm
_00674_,9.185µm
_00848_,9.18µm
_02160_,9.18µm
_02391_,9.18µm
_03386_,9.18µm
_05310_,9.18µm
_07344_,9.18µm
_03625_,9.16µm
_06034_,9.16µm
_08262_,9.16µm
u_aes128_baseline.u_aes_core.round_key_reg\[70\],9.16µm
net2255,9.16µm
_00047_,9.14µm
_00596_,9.14µm
_02514_,9.14µm
_02798_,9.14µm
_04335_,9.14µm
_05087_,9.14µm
_02177_,9.12µm
_04850_,9.12µm
_05128_,9.12µm
_05957_,9.12µm
_06217_,9.12µm
_06418_,9.12µm
_06790_,9.12µm
_06863_,9.12µm
u_aes128_baseline.u_aes_core.round_key_reg\[60\],9.12µm
net937,9.12µm
_04180_,9.105µm
_01572_,9.1µm
_02775_,9.1µm
_05539_,9.1µm
ciphertext_reg\[39\],9.1µm
_00023_,9.08µm
_02714_,9.08µm
_03125_,9.08µm
_03205_,9.08µm
_05229_,9.08µm
_05756_,9.08µm
_07433_,9.08µm
_08163_,9.08µm
_08723_,9.08µm
net2219,9.08µm
net2247,9.08µm
_07783_,9.07µm
_01698_,9.06µm
_03514_,9.06µm
_03926_,9.06µm
_05723_,9.06µm
_05784_,9.06µm
_08634_,9.06µm
net2158,9.06µm
_07168_,9.05µm
_00923_,9.04µm
_01466_,9.04µm
_02960_,9.04µm
_03169_,9.04µm
_03597_,9.04µm
_04000_,9.04µm
_07043_,9.04µm
_08059_,9.04µm
_09026_,9.04µm
_00375_,9.02µm
_01462_,9.02µm
_03322_,9.02µm
_04275_,9.02µm
_04329_,9.02µm
_04600_,9.02µm
_06662_,9.02µm
_07005_,9.02µm
_07153_,9.02µm
_07158_,9.02µm
_07566_,9.02µm
_08108_,9.02µm
ciphertext_wire\[107\],9.02µm
ciphertext_wire\[5\],9.02µm
ciphertext_wire\[79\],9.02µm
net2324,9.02µm
_00448_,9µm
_00574_,9µm
_00648_,9µm
_04737_,9µm
_06560_,9µm
u_aes128_baseline.u_aes_core.round_key_reg\[36\],9µm
_00348_,8.98µm
_02034_,8.98µm
_02901_,8.98µm
_04710_,8.98µm
_05138_,8.98µm
_09283_,8.98µm
ciphertext_wire\[108\],8.98µm
ciphertext_wire\[57\],8.98µm
_05255_,8.97µm
_05771_,8.965µm
_08097_,8.965µm
_00789_,8.96µm
_05583_,8.96µm
_07118_,8.96µm
_07287_,8.96µm
_08871_,8.96µm
_01061_,8.94µm
_01138_,8.94µm
_01598_,8.94µm
_02330_,8.94µm
_05030_,8.94µm
_05105_,8.94µm
_05731_,8.94µm
_07198_,8.94µm
_07229_,8.94µm
ciphertext_wire\[47\],8.94µm
u_aes128_baseline.u_aes_core.state_reg\[124\],8.94µm
u_aes128_baseline.u_aes_core.state_reg\[5\],8.94µm
net2268,8.94µm
_00955_,8.92µm
_08192_,8.92µm
net1544,8.92µm
_00266_,8.905µm
_02627_,8.9µm
_03057_,8.9µm
_03073_,8.9µm
_05001_,8.9µm
_06748_,8.9µm
_07527_,8.9µm
_08703_,8.9µm
_09167_,8.9µm
net2026,8.89µm
_01150_,8.88µm
_04042_,8.88µm
_05983_,8.88µm
_00823_,8.86µm
_01392_,8.86µm
_01955_,8.86µm
_04072_,8.86µm
_04548_,8.86µm
_05029_,8.86µm
_05725_,8.86µm
_06390_,8.86µm
_06878_,8.86µm
_07411_,8.86µm
_08700_,8.86µm
ciphertext_wire\[127\],8.86µm
_00223_,8.845µm
_04814_,8.84µm
_05294_,8.84µm
_05926_,8.84µm
_06346_,8.84µm
net1977,8.83µm
_01047_,8.82µm
_06024_,8.82µm
_06939_,8.82µm
_08377_,8.82µm
_08712_,8.82µm
_08761_,8.82µm
u_aes128_baseline.u_aes_core.round_key_reg\[99\],8.82µm
_06985_,8.8µm
_00122_,8.78µm
_00657_,8.78µm
_00893_,8.78µm
_00920_,8.78µm
_01073_,8.78µm
_03032_,8.78µm
_03045_,8.78µm
_03484_,8.78µm
_04852_,8.78µm
_05491_,8.78µm
_07574_,8.78µm
_07791_,8.78µm
_08687_,8.78µm
_08866_,8.78µm
_08999_,8.78µm
_09126_,8.78µm
u_aes128_baseline.u_aes_core.round_key_reg\[97\],8.78µm
net127,8.78µm
net2121,8.78µm
_01131_,8.76µm
_04590_,8.76µm
_08778_,8.76µm
_00307_,8.74µm
_00340_,8.74µm
_05174_,8.74µm
_07491_,8.74µm
_08385_,8.74µm
_09241_,8.74µm
_05305_,8.73µm
_05509_,8.73µm
_04122_,8.72µm
_04391_,8.72µm
_08942_,8.72µm
net2108,8.72µm
net2226,8.72µm
_02986_,8.705µm
_02381_,8.7µm
_04848_,8.7µm
_05190_,8.7µm
_07126_,8.7µm
_08674_,8.7µm
_08134_,8.695µm
_08720_,8.69µm
_00411_,8.68µm
_00562_,8.68µm
_00571_,8.68µm
_05391_,8.68µm
_07361_,8.68µm
_08265_,8.68µm
net1268,8.68µm
_08827_,8.675µm
_00351_,8.66µm
_00897_,8.66µm
_03062_,8.66µm
_03259_,8.66µm
_03469_,8.66µm
_04679_,8.66µm
_04781_,8.66µm
_07151_,8.66µm
net183,8.66µm
_00251_,8.64µm
_02050_,8.64µm
_08656_,8.64µm
_00027_,8.62µm
_03994_,8.62µm
_04214_,8.62µm
_04419_,8.62µm
_07417_,8.62µm
_08893_,8.62µm
_09024_,8.62µm
u_aes128_baseline.u_aes_core.state_reg\[41\],8.62µm
_00591_,8.605µm
_00722_,8.6µm
_01806_,8.6µm
_07212_,8.6µm
_07701_,8.6µm
_08384_,8.6µm
_00442_,8.58µm
_01548_,8.58µm
_05971_,8.58µm
_06805_,8.58µm
_08543_,8.58µm
ciphertext_reg\[103\],8.565µm
_00176_,8.56µm
_00308_,8.56µm
_01162_,8.56µm
_01608_,8.56µm
_02047_,8.56µm
_05881_,8.56µm
_06653_,8.56µm
ciphertext_wire\[66\],8.56µm
_01531_,8.54µm
_02739_,8.54µm
_04179_,8.54µm
_04757_,8.54µm
_07571_,8.54µm
ciphertext_wire\[15\],8.54µm
_01663_,8.52µm
_03149_,8.52µm
_06253_,8.52µm
_06956_,8.52µm
_07973_,8.52µm
_01600_,8.5µm
_03144_,8.5µm
_04020_,8.5µm
_07490_,8.5µm
_07498_,8.5µm
_07540_,8.5µm
_09051_,8.5µm
_00733_,8.48µm
_02290_,8.48µm
_02608_,8.48µm
_05825_,8.48µm
_06650_,8.48µm
_07765_,8.48µm
_07903_,8.48µm
_08521_,8.48µm
u_aes128_baseline.u_aes_core.round_key_reg\[102\],8.48µm
_03559_,8.46µm
_05603_,8.46µm
_08585_,8.46µm
_00277_,8.44µm
_00582_,8.44µm
_00622_,8.44µm
_00873_,8.44µm
_00976_,8.44µm
_01025_,8.44µm
_02436_,8.44µm
_02955_,8.44µm
_03545_,8.44µm
_03705_,8.44µm
_04284_,8.44µm
_04804_,8.44µm
_05504_,8.44µm
_05669_,8.44µm
_05769_,8.44µm
_05951_,8.44µm
_06879_,8.44µm
_07443_,8.44µm
_09155_,8.44µm
_05315_,8.43µm
_01122_,8.42µm
_01137_,8.42µm
_01977_,8.42µm
_03973_,8.42µm
_04036_,8.42µm
_06511_,8.42µm
u_aes128_baseline.u_aes_core.round_key_reg\[121\],8.41µm
_01069_,8.4µm
_02954_,8.4µm
_04325_,8.4µm
_04797_,8.4µm
_04948_,8.4µm
_07243_,8.4µm
_07587_,8.4µm
_08138_,8.4µm
_09027_,8.4µm
_07087_,8.39µm
_02623_,8.38µm
_03245_,8.38µm
_04045_,8.38µm
net2208,8.38µm
_00614_,8.36µm
_00625_,8.36µm
_00714_,8.36µm
_01500_,8.36µm
_02534_,8.36µm
_02710_,8.36µm
_04592_,8.36µm
_05015_,8.36µm
_06756_,8.36µm
_06798_,8.36µm
_00003_,8.345µm
_00009_,8.345µm
_00028_,8.345µm
_03549_,8.34µm
_01155_,8.32µm
_02208_,8.32µm
_02416_,8.32µm
_02580_,8.32µm
_03917_,8.32µm
_04196_,8.32µm
_04259_,8.32µm
_04337_,8.32µm
_04466_,8.32µm
_06182_,8.32µm
_06792_,8.32µm
_07159_,8.32µm
_07221_,8.32µm
_07429_,8.32µm
_07769_,8.32µm
plaintext_reg\[120\],8.32µm
_08309_,8.31µm
_00539_,8.3µm
_00554_,8.3µm
_05054_,8.3µm
_06789_,8.3µm
_07362_,8.3µm
_01053_,8.28µm
_01631_,8.28µm
_04383_,8.28µm
_06080_,8.28µm
_06989_,8.28µm
_07084_,8.28µm
net2231,8.28µm
_00153_,8.26µm
_02640_,8.26µm
_06248_,8.26µm
net2317,8.26µm
_01949_,8.24µm
_02384_,8.24µm
_03128_,8.24µm
_03316_,8.24µm
_04909_,8.24µm
_06194_,8.24µm
_06802_,8.24µm
ciphertext_reg\[66\],8.24µm
ciphertext_wire\[68\],8.24µm
_02614_,8.22µm
_04066_,8.22µm
_07462_,8.22µm
_08376_,8.22µm
_09033_,8.22µm
u_aes128_baseline.u_aes_core.round_key_reg\[116\],8.22µm
_04823_,8.205µm
_01605_,8.2µm
_02329_,8.2µm
_03239_,8.2µm
_03953_,8.2µm
_04133_,8.2µm
_05333_,8.2µm
_06935_,8.2µm
_07082_,8.2µm
_08482_,8.2µm
_09249_,8.2µm
u_aes128_baseline.u_aes_core.round_key_reg\[57\],8.2µm
_03143_,8.195µm
_02095_,8.18µm
net2041,8.18µm
_03140_,8.17µm
_06773_,8.17µm
_00166_,8.16µm
_01072_,8.16µm
_02081_,8.16µm
_03244_,8.16µm
_05014_,8.16µm
_05853_,8.16µm
_06050_,8.16µm
_07276_,8.16µm
_07358_,8.16µm
_09100_,8.16µm
_09159_,8.16µm
_00357_,8.14µm
_00794_,8.14µm
_00798_,8.14µm
_00805_,8.14µm
_07307_,8.14µm
_07721_,8.14µm
_00909_,8.12µm
_04280_,8.12µm
_06400_,8.12µm
_06923_,8.12µm
_07209_,8.12µm
_07776_,8.12µm
_08583_,8.12µm
u_aes128_baseline.u_aes_core.round_key_reg\[71\],8.12µm
_09063_,8.11µm
_00297_,8.1µm
_00991_,8.1µm
_01154_,8.1µm
_01256_,8.1µm
_01539_,8.1µm
_03091_,8.1µm
_04328_,8.1µm
_05797_,8.1µm
_05800_,8.1µm
_08467_,8.1µm
_08918_,8.1µm
ciphertext_wire\[19\],8.1µm
ciphertext_wire\[51\],8.1µm
_00602_,8.08µm
_00652_,8.08µm
_00882_,8.08µm
_01655_,8.08µm
_04486_,8.08µm
_06105_,8.08µm
_08439_,8.08µm
_00244_,8.06µm
_00619_,8.06µm
_01603_,8.06µm
_01909_,8.06µm
_03210_,8.06µm
_03886_,8.06µm
_05081_,8.06µm
_05794_,8.06µm
_08588_,8.06µm
_08826_,8.06µm
_09000_,8.06µm
_07513_,8.05µm
_00462_,8.04µm
_00905_,8.04µm
_01397_,8.04µm
_02137_,8.04µm
_02334_,8.04µm
_03152_,8.04µm
_03848_,8.04µm
_00117_,8.02µm
_00954_,8.02µm
_00989_,8.02µm
_01339_,8.02µm
_03321_,8.02µm
_03873_,8.02µm
_04197_,8.02µm
_04704_,8.02µm
_05249_,8.02µm
_05260_,8.02µm
_05718_,8.02µm
_06563_,8.02µm
_07283_,8.02µm
_07820_,8.02µm
_08666_,8.02µm
_08808_,8.02µm
done_wire,8.02µm
u_aes128_baseline.u_aes_core.round_key_reg\[76\],8.02µm
net1318,8.02µm
_04047_,8µm
_07536_,8µm
_08458_,7.995µm
_00067_,7.985µm
_00407_,7.98µm
_01962_,7.98µm
_02102_,7.98µm
_02744_,7.98µm
_02751_,7.98µm
_03552_,7.98µm
_03907_,7.98µm
_05371_,7.98µm
_05406_,7.98µm
_05558_,7.98µm
_05660_,7.98µm
_06437_,7.98µm
_06639_,7.98µm
_06743_,7.98µm
_07349_,7.98µm
_08699_,7.98µm
_01001_,7.96µm
_01147_,7.96µm
_02332_,7.96µm
_03461_,7.96µm
_03795_,7.96µm
_05109_,7.96µm
_05503_,7.96µm
_05555_,7.96µm
_05565_,7.96µm
_06486_,7.96µm
_00879_,7.94µm
_00935_,7.94µm
_01070_,7.94µm
_01275_,7.94µm
_01519_,7.94µm
_02621_,7.94µm
_03611_,7.94µm
_05575_,7.94µm
_05654_,7.94µm
_02619_,7.92µm
_08615_,7.92µm
_09180_,7.92µm
net2319,7.92µm
net2322,7.92µm
_00575_,7.9µm
_00666_,7.9µm
_03234_,7.9µm
_03404_,7.9µm
_03556_,7.9µm
_05506_,7.9µm
_07078_,7.9µm
_07958_,7.9µm
_02952_,7.895µm
_02538_,7.885µm
_05516_,7.88µm
_07329_,7.88µm
_03036_,7.87µm
_00658_,7.86µm
_01078_,7.86µm
_02221_,7.86µm
_03523_,7.86µm
_03739_,7.86µm
_05721_,7.86µm
_06772_,7.86µm
_08888_,7.86µm
_09313_,7.86µm
net240,7.86µm
_00488_,7.84µm
_02921_,7.83µm
_00041_,7.825µm
_00392_,7.825µm
_03518_,7.82µm
_03995_,7.82µm
_04622_,7.82µm
_05758_,7.82µm
_08258_,7.82µm
_08742_,7.82µm
_08992_,7.82µm
_09226_,7.82µm
_09352_,7.82µm
_00013_,7.8µm
_00235_,7.8µm
_06925_,7.8µm
_00358_,7.78µm
_03903_,7.78µm
_05292_,7.78µm
_05813_,7.78µm
_06087_,7.78µm
_06646_,7.78µm
_07581_,7.78µm
_00070_,7.76µm
_00469_,7.76µm
_01458_,7.76µm
_03390_,7.76µm
net912,7.76µm
_01067_,7.74µm
_03393_,7.74µm
_04433_,7.74µm
_06715_,7.74µm
_08379_,7.74µm
_08933_,7.74µm
_09354_,7.74µm
_04721_,7.735µm
_02317_,7.73µm
_00258_,7.72µm
_02506_,7.72µm
_02889_,7.72µm
_04436_,7.72µm
_04724_,7.72µm
_05368_,7.72µm
_05760_,7.72µm
_06744_,7.72µm
_01665_,7.7µm
_02869_,7.7µm
_03505_,7.7µm
_03588_,7.7µm
_04302_,7.7µm
_05035_,7.7µm
_08466_,7.7µm
_08628_,7.7µm
net2220,7.7µm
_05883_,7.695µm
net1973,7.69µm
_00384_,7.68µm
_00664_,7.68µm
_00676_,7.68µm
_01196_,7.68µm
_05234_,7.68µm
_05770_,7.68µm
_05897_,7.68µm
_06718_,7.68µm
_06910_,7.68µm
_08719_,7.68µm
_08721_,7.68µm
_08850_,7.68µm
_08990_,7.68µm
busy_wire,7.68µm
ciphertext_wire\[13\],7.68µm
ciphertext_wire\[32\],7.68µm
net1339,7.68µm
net2277,7.68µm
_00917_,7.66µm
_02755_,7.66µm
_03083_,7.66µm
_04742_,7.66µm
_06740_,7.66µm
_01832_,7.645µm
_00768_,7.64µm
_00792_,7.64µm
_00831_,7.64µm
_00983_,7.64µm
_01142_,7.64µm
_02109_,7.64µm
_02556_,7.64µm
_02632_,7.64µm
_02771_,7.64µm
_02891_,7.64µm
_03161_,7.64µm
_03473_,7.64µm
_03790_,7.64µm
_04260_,7.64µm
_04632_,7.64µm
_04971_,7.64µm
_05089_,7.64µm
_05262_,7.64µm
_05571_,7.64µm
_06897_,7.64µm
_07390_,7.64µm
_08743_,7.64µm
ciphertext_wire\[114\],7.64µm
u_aes128_baseline.u_aes_core.round_reg\[2\],7.64µm
net2279,7.64µm
net2280,7.64µm
net2312,7.64µm
_01546_,7.62µm
_02734_,7.62µm
_04393_,7.62µm
_05194_,7.62µm
_05386_,7.62µm
_00323_,7.6µm
_00342_,7.6µm
_00393_,7.6µm
_03774_,7.6µm
_05067_,7.6µm
_05908_,7.6µm
_07695_,7.6µm
_08303_,7.6µm
_08450_,7.6µm
_08774_,7.6µm
_09012_,7.6µm
ciphertext_wire\[67\],7.6µm
_00973_,7.595µm
_02108_,7.585µm
_07109_,7.585µm
_01103_,7.58µm
_01164_,7.58µm
_02297_,7.58µm
_02521_,7.58µm
_04395_,7.58µm
_08965_,7.58µm
plaintext_reg\[105\],7.58µm
_00081_,7.56µm
_00957_,7.56µm
_01774_,7.56µm
_04051_,7.56µm
_04855_,7.56µm
_05124_,7.56µm
_05411_,7.56µm
_05438_,7.56µm
_05700_,7.56µm
_06215_,7.56µm
_06367_,7.56µm
_07227_,7.56µm
_07910_,7.56µm
_08756_,7.56µm
u_aes128_baseline.u_aes_core.round_key_reg\[45\],7.56µm
u_aes128_baseline.u_aes_core.round_key_reg\[52\],7.56µm
u_aes128_baseline.u_aes_core.round_key_reg\[65\],7.56µm
u_aes128_baseline.u_aes_core.round_key_reg\[80\],7.56µm
_00547_,7.54µm
_01263_,7.54µm
_09211_,7.54µm
_00341_,7.525µm
_00843_,7.52µm
_00988_,7.52µm
_01856_,7.52µm
_02839_,7.52µm
_03626_,7.52µm
_05364_,7.52µm
_05667_,7.52µm
_05678_,7.52µm
_05910_,7.52µm
_05968_,7.52µm
_06224_,7.52µm
_06962_,7.52µm
_07371_,7.52µm
_07463_,7.52µm
_07639_,7.52µm
_08300_,7.52µm
_08641_,7.52µm
_09156_,7.52µm
_02296_,7.5µm
_03744_,7.5µm
_04563_,7.5µm
_07725_,7.5µm
_08520_,7.5µm
_04272_,7.48µm
_01580_,7.46µm
_02843_,7.46µm
_03627_,7.46µm
_04468_,7.46µm
_08613_,7.46µm
_08764_,7.46µm
_03980_,7.45µm
_01020_,7.44µm
_02240_,7.44µm
_02696_,7.44µm
_03793_,7.44µm
_07028_,7.44µm
_07222_,7.44µm
_07525_,7.44µm
_07552_,7.44µm
_08393_,7.44µm
_08408_,7.44µm
_08685_,7.44µm
net2227,7.44µm
_01421_,7.435µm
_02699_,7.42µm
_03077_,7.42µm
_03928_,7.42µm
_04016_,7.42µm
_08052_,7.42µm
_08731_,7.42µm
_00894_,7.4µm
_01080_,7.4µm
_01694_,7.4µm
_01976_,7.4µm
_02131_,7.4µm
_02837_,7.4µm
_03165_,7.4µm
_03233_,7.4µm
_05007_,7.4µm
_05187_,7.4µm
_05701_,7.4µm
_05842_,7.4µm
_06519_,7.4µm
_08542_,7.4µm
_08629_,7.4µm
_09273_,7.4µm
_02324_,7.395µm
_00514_,7.38µm
_05663_,7.38µm
_02382_,7.36µm
_02563_,7.36µm
_03108_,7.36µm
_05056_,7.36µm
_05734_,7.36µm
_05942_,7.36µm
_07607_,7.36µm
_09085_,7.36µm
_00812_,7.34µm
_01673_,7.34µm
_03425_,7.34µm
_08587_,7.34µm
_00193_,7.32µm
_00203_,7.32µm
_00424_,7.32µm
_00535_,7.32µm
_02344_,7.32µm
_03398_,7.32µm
_05567_,7.32µm
_08235_,7.32µm
ciphertext_wire\[113\],7.32µm
ciphertext_wire\[4\],7.32µm
u_aes128_baseline.u_aes_core.round_key_reg\[24\],7.32µm
u_aes128_baseline.u_aes_core.state_reg\[40\],7.32µm
net330,7.32µm
net2211,7.32µm
_06934_,7.305µm
_00017_,7.3µm
_00305_,7.3µm
_00402_,7.3µm
_00644_,7.3µm
_00697_,7.3µm
_03013_,7.3µm
_03511_,7.3µm
_07021_,7.3µm
u_aes128_baseline.u_aes_core.round_key_reg\[63\],7.3µm
_07364_,7.295µm
_06922_,7.29µm
_00513_,7.285µm
_00845_,7.28µm
_02152_,7.28µm
_03002_,7.28µm
_03026_,7.28µm
_03477_,7.28µm
_05625_,7.28µm
_08572_,7.28µm
ciphertext_wire\[103\],7.28µm
_00044_,7.26µm
_00255_,7.26µm
_04972_,7.26µm
_05380_,7.26µm
_07112_,7.26µm
_08478_,7.26µm
_09269_,7.26µm
_04346_,7.24µm
_06140_,7.24µm
_06814_,7.24µm
_06889_,7.24µm
net2264,7.24µm
_06754_,7.235µm
_00030_,7.22µm
_00295_,7.22µm
_00537_,7.22µm
_00686_,7.22µm
_03508_,7.22µm
_04552_,7.22µm
_05320_,7.22µm
_05458_,7.22µm
_05693_,7.22µm
_06340_,7.22µm
_06457_,7.22µm
_07657_,7.22µm
_07772_,7.22µm
_07965_,7.22µm
ciphertext_reg\[15\],7.22µm
u_aes128_baseline.u_aes_core.state_reg\[37\],7.22µm
net371,7.22µm
net1738,7.22µm
_02780_,7.21µm
_00633_,7.2µm
_01407_,7.2µm
_02765_,7.2µm
_04789_,7.2µm
_06278_,7.2µm
_06707_,7.2µm
_09203_,7.2µm
_00090_,7.18µm
_00137_,7.18µm
_00383_,7.18µm
_00896_,7.18µm
_00953_,7.18µm
_02738_,7.18µm
_03075_,7.18µm
_03078_,7.18µm
_03119_,7.18µm
_04230_,7.18µm
_04616_,7.18µm
_05505_,7.18µm
_06513_,7.18µm
_06951_,7.18µm
_07405_,7.18µm
_07742_,7.18µm
_07988_,7.18µm
_08411_,7.18µm
_08531_,7.18µm
_08595_,7.18µm
_08787_,7.18µm
_09351_,7.18µm
ciphertext_wire\[10\],7.18µm
ciphertext_wire\[28\],7.18µm
ciphertext_wire\[94\],7.18µm
u_aes128_baseline.u_aes_core.round_key_reg\[84\],7.18µm
_07385_,7.17µm
_01346_,7.165µm
_01077_,7.16µm
_01858_,7.16µm
net2256,7.16µm
_03789_,7.145µm
_00929_,7.14µm
_04276_,7.14µm
_07319_,7.14µm
_08356_,7.14µm
net192,7.14µm
_05082_,7.125µm
_02689_,7.12µm
_02777_,7.12µm
_03524_,7.12µm
_06680_,7.12µm
_08257_,7.12µm
_03759_,7.11µm
_00022_,7.1µm
_00240_,7.1µm
_00748_,7.1µm
_00926_,7.1µm
_01010_,7.1µm
_01111_,7.1µm
_01552_,7.1µm
_02238_,7.1µm
_02287_,7.1µm
_02358_,7.1µm
_03175_,7.1µm
_03756_,7.1µm
_03820_,7.1µm
_05159_,7.1µm
_05470_,7.1µm
_05531_,7.1µm
_06722_,7.1µm
_07303_,7.1µm
_07534_,7.1µm
_07993_,7.1µm
_08075_,7.1µm
_08305_,7.1µm
net2145,7.1µm
_00449_,7.095µm
_08635_,7.095µm
_00186_,7.08µm
_03389_,7.08µm
_03750_,7.08µm
_05347_,7.08µm
_01437_,7.07µm
_00091_,7.06µm
_00264_,7.06µm
_00304_,7.06µm
_00858_,7.06µm
_00965_,7.06µm
_02460_,7.06µm
_02674_,7.06µm
_02852_,7.06µm
_03476_,7.06µm
_03738_,7.06µm
_04017_,7.06µm
_04630_,7.06µm
_05650_,7.06µm
_05901_,7.06µm
_06368_,7.06µm
_06834_,7.06µm
_07178_,7.06µm
_07347_,7.06µm
_07944_,7.06µm
_08282_,7.06µm
_08575_,7.06µm
_08767_,7.06µm
_08976_,7.06µm
_09015_,7.06µm
ciphertext_wire\[40\],7.06µm
_01395_,7.04µm
_01450_,7.04µm
_05671_,7.04µm
_05857_,7.04µm
_06453_,7.04µm
_00149_,7.025µm
net2203,7µm
_00369_,6.985µm
_00565_,6.985µm
_00435_,6.98µm
_00541_,6.98µm
_00645_,6.98µm
_02320_,6.98µm
_02526_,6.98µm
_03159_,6.98µm
_03223_,6.98µm
_04034_,6.98µm
_04163_,6.98µm
_04369_,6.98µm
_04474_,6.98µm
_04483_,6.98µm
_04716_,6.98µm
_05100_,6.98µm
_05297_,6.98µm
_05495_,6.98µm
_07601_,6.98µm
_08786_,6.98µm
_09006_,6.98µm
net237,6.98µm
net297,6.98µm
_02770_,6.96µm
_03757_,6.96µm
_03891_,6.96µm
_06597_,6.96µm
_00864_,6.94µm
_01169_,6.94µm
_01907_,6.94µm
_02370_,6.94µm
_02530_,6.94µm
_03008_,6.94µm
_03093_,6.94µm
_05860_,6.94µm
_05914_,6.94µm
_05997_,6.94µm
_06581_,6.94µm
_06684_,6.94µm
_07320_,6.94µm
_07327_,6.94µm
_08008_,6.94µm
_09115_,6.94µm
u_aes128_baseline.u_aes_core.round_key_reg\[110\],6.94µm
net2235,6.94µm
_04966_,6.92µm
_08923_,6.92µm
_00621_,6.905µm
_03231_,6.9µm
_04995_,6.9µm
_05213_,6.9µm
_05407_,6.9µm
_08858_,6.9µm
net2290,6.9µm
_00231_,6.88µm
_00739_,6.88µm
_00944_,6.88µm
_01834_,6.88µm
_02353_,6.88µm
_02398_,6.88µm
_05209_,6.88µm
_06496_,6.88µm
_08779_,6.88µm
net2274,6.88µm
_08330_,6.87µm
_00147_,6.86µm
_00174_,6.86µm
_00408_,6.86µm
_00557_,6.86µm
_00570_,6.86µm
_01576_,6.86µm
_02429_,6.86µm
_03585_,6.86µm
_04014_,6.86µm
_04875_,6.86µm
_05497_,6.86µm
_06603_,6.86µm
_07360_,6.86µm
_07480_,6.86µm
_08297_,6.86µm
_08499_,6.86µm
ciphertext_wire\[21\],6.86µm
u_aes128_baseline.u_aes_core.round_key_reg\[73\],6.86µm
net266,6.86µm
_04438_,6.855µm
_00072_,6.84µm
_00211_,6.84µm
_00259_,6.84µm
_00284_,6.84µm
_00669_,6.84µm
_00753_,6.84µm
_00754_,6.84µm
_02609_,6.84µm
_03959_,6.84µm
_04437_,6.84µm
_05828_,6.84µm
_06812_,6.84µm
_06327_,6.83µm
_00298_,6.82µm
_00327_,6.82µm
_01802_,6.82µm
_04074_,6.82µm
_04719_,6.82µm
_05045_,6.82µm
_05845_,6.82µm
_05962_,6.82µm
_06767_,6.82µm
_04723_,6.815µm
_08401_,6.81µm
_03253_,6.8µm
_03566_,6.8µm
_00567_,6.795µm
_02376_,6.78µm
_02401_,6.78µm
_02523_,6.78µm
_03011_,6.78µm
_05110_,6.78µm
_07102_,6.78µm
_08105_,6.78µm
_08534_,6.78µm
_09325_,6.78µm
net2326,6.78µm
_00952_,6.76µm
_02439_,6.76µm
_02473_,6.76µm
_03157_,6.76µm
_03164_,6.76µm
_03765_,6.76µm
_04420_,6.76µm
_04750_,6.76µm
_05585_,6.76µm
_06858_,6.76µm
_07458_,6.76µm
_07961_,6.76µm
_08225_,6.76µm
_08407_,6.76µm
ciphertext_wire\[2\],6.76µm
_00908_,6.74µm
_00979_,6.74µm
_02459_,6.74µm
_02544_,6.74µm
_04615_,6.74µm
_04955_,6.74µm
_05610_,6.74µm
_00093_,6.72µm
_00651_,6.72µm
_00665_,6.72µm
_00961_,6.72µm
_01126_,6.72µm
_01551_,6.72µm
_02665_,6.72µm
_02761_,6.72µm
_02851_,6.72µm
_02985_,6.72µm
_03707_,6.72µm
_04030_,6.72µm
_05039_,6.72µm
_05341_,6.72µm
_05441_,6.72µm
_05527_,6.72µm
_06073_,6.72µm
_06490_,6.72µm
_06709_,6.72µm
_06971_,6.72µm
_07391_,6.72µm
_07558_,6.72µm
_08874_,6.72µm
_08931_,6.72µm
_09057_,6.72µm
_09142_,6.72µm
ciphertext_wire\[35\],6.72µm
ciphertext_wire\[46\],6.72µm
ciphertext_wire\[85\],6.72µm
u_aes128_baseline.u_aes_core.state_reg\[108\],6.72µm
_05931_,6.71µm
_00209_,6.7µm
_00278_,6.7µm
_00790_,6.7µm
_03763_,6.7µm
_05854_,6.7µm
_08203_,6.7µm
_00972_,6.66µm
_05754_,6.66µm
_07004_,6.66µm
_08151_,6.66µm
_08606_,6.66µm
net1123,6.66µm
_06091_,6.65µm
_02456_,6.645µm
_00086_,6.64µm
_00118_,6.64µm
_00766_,6.64µm
_00884_,6.64µm
_00963_,6.64µm
_01124_,6.64µm
_01526_,6.64µm
_01654_,6.64µm
_02146_,6.64µm
_02873_,6.64µm
_02946_,6.64µm
_03094_,6.64µm
_03413_,6.64µm
_03824_,6.64µm
_03975_,6.64µm
_04390_,6.64µm
_05115_,6.64µm
_07578_,6.64µm
_08664_,6.64µm
_09095_,6.64µm
net612,6.64µm
_03618_,6.63µm
_00014_,6.62µm
_00033_,6.62µm
_00813_,6.62µm
_02252_,6.62µm
_02442_,6.62µm
_03495_,6.62µm
_04479_,6.62µm
_04533_,6.62µm
_06430_,6.62µm
_07990_,6.62µm
_09228_,6.62µm
_00290_,6.605µm
_00689_,6.605µm
_00993_,6.6µm
_03550_,6.6µm
_04285_,6.6µm
_05798_,6.6µm
_06986_,6.6µm
_07125_,6.6µm
_07330_,6.6µm
_07760_,6.6µm
_08154_,6.6µm
_08312_,6.6µm
_08409_,6.6µm
_08452_,6.6µm
_08833_,6.6µm
_08846_,6.6µm
_09235_,6.6µm
ciphertext_wire\[41\],6.6µm
net104,6.6µm
uio_in[4],6.59µm
_01115_,6.58µm
_01136_,6.58µm
_03624_,6.58µm
_07216_,6.58µm
_08502_,6.58µm
_08768_,6.58µm
net570,6.58µm
_07966_,6.565µm
_01385_,6.54µm
_02876_,6.54µm
_03983_,6.54µm
_04322_,6.54µm
_04754_,6.54µm
_05905_,6.54µm
_07537_,6.54µm
_07579_,6.54µm
_08551_,6.54µm
_08920_,6.54µm
net2229,6.54µm
net2286,6.54µm
_02116_,6.53µm
_00523_,6.525µm
_00472_,6.52µm
_01118_,6.52µm
_02310_,6.52µm
_04084_,6.52µm
_04524_,6.52µm
_05468_,6.52µm
_07097_,6.52µm
_07887_,6.52µm
_08456_,6.52µm
_08559_,6.52µm
u_aes128_baseline.u_aes_core.round_key_reg\[100\],6.52µm
u_aes128_baseline.u_aes_core.round_key_reg\[81\],6.52µm
u_aes128_baseline.u_aes_core.round_key_reg\[94\],6.52µm
net2193,6.52µm
_01520_,6.5µm
_01583_,6.5µm
_02123_,6.5µm
_02136_,6.5µm
_02522_,6.5µm
_03472_,6.5µm
_06676_,6.5µm
_08981_,6.5µm
_00052_,6.48µm
_01129_,6.48µm
_01182_,6.48µm
_05609_,6.48µm
_07279_,6.48µm
_07504_,6.48µm
_08298_,6.48µm
_08457_,6.48µm
_08607_,6.48µm
_08614_,6.48µm
_09356_,6.48µm
_00661_,6.465µm
_07461_,6.45µm
_05954_,6.44µm
_06103_,6.44µm
_08213_,6.44µm
net2252,6.44µm
_00016_,6.42µm
_02491_,6.42µm
_03868_,6.42µm
_04192_,6.42µm
_05167_,6.42µm
_06222_,6.42µm
_09259_,6.42µm
_00006_,6.4µm
_00427_,6.4µm
_00549_,6.4µm
_00747_,6.4µm
_01391_,6.4µm
_01836_,6.4µm
_02162_,6.4µm
_02307_,6.4µm
_02858_,6.4µm
_04075_,6.4µm
_05814_,6.4µm
_06458_,6.4µm
_07181_,6.4µm
_07984_,6.4µm
_08010_,6.4µm
_08039_,6.4µm
_08524_,6.4µm
net200,6.4µm
_03383_,6.385µm
_00365_,6.38µm
_00550_,6.38µm
_00627_,6.38µm
_02605_,6.38µm
_08146_,6.38µm
_08462_,6.38µm
_00337_,6.36µm
_02685_,6.36µm
_03027_,6.36µm
_04202_,6.36µm
_04611_,6.36µm
_05335_,6.36µm
_05396_,6.36µm
_05473_,6.36µm
_06738_,6.36µm
_06841_,6.36µm
_06919_,6.36µm
_08813_,6.36µm
_03399_,6.35µm
_00560_,6.32µm
_00616_,6.32µm
_00630_,6.32µm
_02236_,6.32µm
_02711_,6.32µm
_03112_,6.32µm
_06755_,6.32µm
_08640_,6.32µm
_08862_,6.32µm
_08997_,6.32µm
_09008_,6.32µm
_03567_,6.315µm
_00097_,6.305µm
_00248_,6.3µm
_00306_,6.3µm
_00592_,6.3µm
_00696_,6.3µm
_02257_,6.3µm
_02672_,6.3µm
_04842_,6.3µm
_05069_,6.3µm
_05160_,6.3µm
_05171_,6.3µm
_05600_,6.3µm
_05706_,6.3µm
_05753_,6.3µm
_06640_,6.3µm
_06810_,6.3µm
_06982_,6.3µm
_06988_,6.3µm
_07024_,6.3µm
_07225_,6.3µm
_07713_,6.3µm
_08636_,6.3µm
_08753_,6.3µm
ui_in[2],6.3µm
ui_in[4],6.3µm
ui_in[7],6.3µm
_01887_,6.29µm
_08372_,6.29µm
_02767_,6.28µm
_04370_,6.28µm
_04400_,6.28µm
_07110_,6.28µm
_07363_,6.28µm
_08259_,6.28µm
_08261_,6.28µm
_08463_,6.28µm
_09042_,6.28µm
_09060_,6.28µm
_05143_,6.27µm
_00032_,6.26µm
_00195_,6.26µm
_01420_,6.26µm
_02454_,6.26µm
_02644_,6.26µm
_02716_,6.26µm
_02967_,6.26µm
_03328_,6.26µm
_03699_,6.26µm
_04144_,6.26µm
_05122_,6.26µm
_05325_,6.26µm
_05833_,6.26µm
_05847_,6.26µm
_05866_,6.26µm
_05943_,6.26µm
_05982_,6.26µm
_07375_,6.26µm
_08174_,6.26µm
_08883_,6.26µm
ciphertext_wire\[105\],6.26µm
ciphertext_wire\[52\],6.26µm
ciphertext_wire\[76\],6.26µm
u_aes128_baseline.u_aes_core.state_reg\[19\],6.26µm
_00404_,6.24µm
_00612_,6.24µm
_01524_,6.24µm
_02541_,6.24µm
_08772_,6.24µm
_06524_,6.2µm
_07764_,6.2µm
_05256_,6.19µm
_07115_,6.185µm
_01146_,6.18µm
_01163_,6.18µm
_01412_,6.18µm
_01422_,6.18µm
_01792_,6.18µm
_02075_,6.18µm
_02342_,6.18µm
_02540_,6.18µm
_02909_,6.18µm
_03142_,6.18µm
_03573_,6.18µm
_03923_,6.18µm
_05416_,6.18µm
_05511_,6.18µm
_05815_,6.18µm
_05884_,6.18µm
_06631_,6.18µm
_06906_,6.18µm
_07675_,6.18µm
_07983_,6.18µm
_08683_,6.18µm
_08952_,6.18µm
_08960_,6.18µm
_09166_,6.18µm
u_aes128_baseline.u_aes_core.round_key_reg\[105\],6.18µm
u_aes128_baseline.u_aes_core.state_reg\[115\],6.18µm
_05515_,6.17µm
_00319_,6.16µm
_01017_,6.16µm
_02364_,6.16µm
_05403_,6.16µm
_07266_,6.16µm
_08522_,6.16µm
_08626_,6.16µm
_08868_,6.16µm
_09233_,6.16µm
_05215_,6.145µm
_01702_,6.14µm
_02350_,6.14µm
_02585_,6.14µm
_02638_,6.14µm
_02688_,6.14µm
_03179_,6.14µm
_03466_,6.14µm
_04282_,6.14µm
_04407_,6.14µm
_06444_,6.14µm
_06978_,6.14µm
_06999_,6.14µm
_07228_,6.14µm
_07295_,6.14µm
_07306_,6.14µm
_07316_,6.14µm
_07616_,6.14µm
_08319_,6.14µm
_08326_,6.14µm
_08468_,6.14µm
_09090_,6.14µm
ciphertext_wire\[65\],6.14µm
net13,6.14µm
_00967_,6.12µm
_02427_,6.12µm
_02860_,6.12µm
_02915_,6.12µm
ciphertext_wire\[87\],6.12µm
_00477_,6.095µm
_02694_,6.08µm
_03493_,6.08µm
_05363_,6.08µm
_05917_,6.08µm
_07356_,6.08µm
_08286_,6.08µm
net2217,6.08µm
_08555_,6.07µm
_01607_,6.06µm
_02062_,6.06µm
_02142_,6.06µm
_02462_,6.06µm
_02505_,6.06µm
_02519_,6.06µm
_02637_,6.06µm
_02844_,6.06µm
_03015_,6.06µm
_03188_,6.06µm
_03718_,6.06µm
_03908_,6.06µm
_03941_,6.06µm
_04473_,6.06µm
_05131_,6.06µm
_07179_,6.06µm
_07702_,6.06µm
_07706_,6.06µm
_08832_,6.06µm
_09152_,6.06µm
u_aes128_baseline.u_aes_core.round_key_reg\[127\],6.06µm
net2333,6.06µm
_01635_,6.05µm
_01218_,6.04µm
_03888_,6.04µm
_06635_,6.04µm
_07248_,6.04µm
_07576_,6.04µm
net2265,6.03µm
_00095_,6.02µm
_01187_,6.02µm
_01689_,6.02µm
_02204_,6.02µm
_02591_,6.02µm
_03434_,6.02µm
_03443_,6.02µm
_03653_,6.02µm
_04458_,6.02µm
_06254_,6.02µm
_06391_,6.02µm
_07246_,6.02µm
_09239_,6.02µm
_00439_,6µm
_02111_,5.98µm
_03382_,5.98µm
_05401_,5.98µm
_05893_,5.98µm
_07249_,5.98µm
_08663_,5.98µm
_09343_,5.98µm
net2260,5.98µm
net2337,5.98µm
_07980_,5.97µm
_00035_,5.96µm
_00191_,5.96µm
_00292_,5.96µm
_01006_,5.96µm
_03216_,5.96µm
_03929_,5.96µm
_04149_,5.96µm
_05276_,5.96µm
net1648,5.96µm
net2175,5.96µm
net2308,5.96µm
_07215_,5.95µm
_00468_,5.94µm
_00584_,5.94µm
_00639_,5.94µm
_00671_,5.94µm
_02279_,5.94µm
_02511_,5.94µm
_03007_,5.94µm
_03659_,5.94µm
_04304_,5.94µm
_05201_,5.94µm
_06135_,5.94µm
_06156_,5.94µm
_06822_,5.94µm
_07177_,5.94µm
_07397_,5.94µm
_08425_,5.94µm
_08956_,5.94µm
_09216_,5.94µm
_09311_,5.94µm
u_aes128_baseline.u_aes_core.state_reg\[56\],5.94µm
_00078_,5.92µm
_00192_,5.92µm
_00241_,5.92µm
_00303_,5.92µm
_00318_,5.92µm
_00336_,5.92µm
_00376_,5.92µm
_03070_,5.92µm
_03156_,5.92µm
_03191_,5.92µm
_04471_,5.92µm
_04472_,5.92µm
_06149_,5.92µm
_06207_,5.92µm
_07278_,5.92µm
_07678_,5.92µm
net2332,5.92µm
_00335_,5.9µm
_02244_,5.9µm
_06643_,5.9µm
net1991,5.9µm
_01980_,5.87µm
_08263_,5.865µm
_01152_,5.86µm
_01425_,5.86µm
_02809_,5.86µm
_02920_,5.86µm
_03090_,5.86µm
_04658_,5.86µm
_05360_,5.86µm
_05796_,5.86µm
_06358_,5.86µm
_06604_,5.86µm
_07010_,5.86µm
_07154_,5.86µm
_08092_,5.86µm
_08447_,5.86µm
_08455_,5.86µm
_08751_,5.86µm
_08889_,5.86µm
_08896_,5.86µm
_02600_,5.85µm
_00274_,5.84µm
_00281_,5.84µm
_00316_,5.84µm
_00400_,5.84µm
_00556_,5.84µm
_00564_,5.84µm
_00572_,5.84µm
_00589_,5.84µm
_02939_,5.84µm
_03162_,5.84µm
_03394_,5.84µm
_03486_,5.84µm
_03606_,5.84µm
_04293_,5.84µm
_04332_,5.84µm
_04372_,5.84µm
_05665_,5.84µm
_07046_,5.84µm
_07281_,5.84µm
_07494_,5.84µm
_08443_,5.84µm
_08681_,5.84µm
ciphertext_wire\[64\],5.84µm
ciphertext_wire\[97\],5.84µm
_08655_,5.83µm
_02477_,5.82µm
_02783_,5.82µm
_03115_,5.82µm
_03343_,5.82µm
_05053_,5.82µm
_05182_,5.82µm
_07104_,5.82µm
ciphertext_wire\[36\],5.82µm
_08188_,5.815µm
_04594_,5.805µm
_00256_,5.8µm
_00401_,5.8µm
_00611_,5.8µm
_01743_,5.8µm
_01930_,5.8µm
_02723_,5.8µm
_03318_,5.8µm
_03433_,5.8µm
_03580_,5.8µm
_04247_,5.8µm
_06649_,5.8µm
_06651_,5.8µm
_06785_,5.8µm
_06870_,5.8µm
_07086_,5.8µm
_07786_,5.8µm
_08130_,5.8µm
_08538_,5.8µm
_08783_,5.8µm
_08969_,5.8µm
_09111_,5.8µm
ciphertext_wire\[39\],5.8µm
_07562_,5.78µm
_04578_,5.775µm
_02512_,5.765µm
_02705_,5.765µm
_00994_,5.755µm
_03023_,5.74µm
_03347_,5.74µm
_03431_,5.74µm
_03858_,5.74µm
_03977_,5.74µm
_04004_,5.74µm
_04015_,5.74µm
_07235_,5.74µm
_07836_,5.74µm
_00762_,5.72µm
_01838_,5.72µm
_01944_,5.72µm
_01965_,5.72µm
_02107_,5.72µm
_02587_,5.72µm
_02819_,5.72µm
_02826_,5.72µm
_03190_,5.72µm
_03937_,5.72µm
_04012_,5.72µm
_04274_,5.72µm
_04732_,5.72µm
_05097_,5.72µm
_06026_,5.72µm
_06559_,5.72µm
_06766_,5.72µm
_07143_,5.72µm
_07173_,5.72µm
_07315_,5.72µm
_07432_,5.72µm
_07450_,5.72µm
_07720_,5.72µm
_08185_,5.72µm
_08438_,5.72µm
_08528_,5.72µm
_08975_,5.72µm
_09038_,5.72µm
ciphertext_wire\[49\],5.72µm
net1139,5.72µm
net2320,5.72µm
_01148_,5.7µm
_01925_,5.7µm
_02655_,5.7µm
_02974_,5.7µm
_03000_,5.7µm
_00129_,5.685µm
_00181_,5.685µm
_00355_,5.685µm
_05733_,5.685µm
_00781_,5.68µm
_03798_,5.68µm
_03943_,5.68µm
_04287_,5.68µm
_04330_,5.68µm
_04853_,5.68µm
_05049_,5.68µm
_05464_,5.68µm
_05543_,5.68µm
_05657_,5.68µm
_06384_,5.68µm
_06671_,5.68µm
_06757_,5.68µm
_06861_,5.68µm
_06955_,5.68µm
_07056_,5.68µm
_07077_,5.68µm
_07080_,5.68µm
_07539_,5.68µm
_08802_,5.68µm
_08913_,5.68µm
_08973_,5.68µm
_09045_,5.68µm
_05949_,5.67µm
ui_in[1],5.67µm
ui_in[3],5.67µm
_00534_,5.645µm
_00333_,5.62µm
_01005_,5.62µm
_02965_,5.62µm
_03581_,5.62µm
_01019_,5.61µm
_00317_,5.6µm
_00524_,5.6µm
_00702_,5.6µm
_00759_,5.6µm
_02064_,5.6µm
_02333_,5.6µm
_02730_,5.6µm
_03377_,5.6µm
_04320_,5.6µm
_04849_,5.6µm
_05073_,5.6µm
_05223_,5.6µm
_05303_,5.6µm
_05869_,5.6µm
_06606_,5.6µm
_07129_,5.6µm
_07132_,5.6µm
_08602_,5.6µm
_08849_,5.6µm
_08861_,5.6µm
_08948_,5.6µm
_01075_,5.58µm
_01833_,5.58µm
_02871_,5.58µm
_04238_,5.58µm
_04515_,5.58µm
_08051_,5.58µm
_08459_,5.58µm
_03219_,5.575µm
_06152_,5.57µm
_00000_,5.56µm
_00040_,5.56µm
_00113_,5.56µm
_02510_,5.56µm
_02978_,5.56µm
_03116_,5.56µm
_04696_,5.56µm
_08350_,5.56µm
_08596_,5.56µm
_08611_,5.56µm
_09007_,5.56µm
_09073_,5.56µm
_03791_,5.52µm
_03965_,5.52µm
_05161_,5.52µm
_05616_,5.52µm
_05824_,5.52µm
_05829_,5.52µm
_06599_,5.52µm
_07029_,5.52µm
_07048_,5.52µm
_08785_,5.52µm
net2199,5.52µm
net2242,5.52µm
net2257,5.52µm
net2263,5.52µm
net2336,5.52µm
_08205_,5.51µm
_00083_,5.5µm
_00126_,5.5µm
_00165_,5.5µm
_00210_,5.5µm
_00331_,5.5µm
_00374_,5.5µm
_00385_,5.5µm
_02568_,5.5µm
_02601_,5.5µm
_03513_,5.5µm
_03951_,5.5µm
_04406_,5.5µm
_05418_,5.5µm
_09245_,5.5µm
_01684_,5.49µm
_00314_,5.48µm
_00632_,5.48µm
_02434_,5.48µm
_03970_,5.48µm
_04752_,5.48µm
_05715_,5.48µm
_08780_,5.48µm
_06972_,5.47µm
_00438_,5.46µm
_00551_,5.46µm
_00552_,5.46µm
_00687_,5.46µm
_00758_,5.46µm
_01398_,5.46µm
_04908_,5.46µm
_06251_,5.46µm
_06425_,5.46µm
_06725_,5.46µm
_06929_,5.46µm
_08782_,5.46µm
net2245,5.46µm
_04410_,5.45µm
_03438_,5.44µm
_05937_,5.44µm
_06928_,5.44µm
_09116_,5.44µm
net995,5.44µm
_07757_,5.43µm
_00489_,5.415µm
_07454_,5.41µm
_05119_,5.405µm
_00699_,5.4µm
_00885_,5.4µm
_01389_,5.4µm
_01573_,5.4µm
_02309_,5.4µm
_03087_,5.4µm
_05248_,5.4µm
_07528_,5.4µm
_07549_,5.4µm
_08288_,5.4µm
_08836_,5.4µm
ciphertext_wire\[23\],5.4µm
_06525_,5.385µm
_08828_,5.385µm
_00050_,5.38µm
_00198_,5.38µm
_00214_,5.38µm
_00296_,5.38µm
_00339_,5.38µm
_00414_,5.38µm
_00461_,5.38µm
_00672_,5.38µm
_00681_,5.38µm
_00685_,5.38µm
_00694_,5.38µm
_01811_,5.38µm
_02577_,5.38µm
_02706_,5.38µm
_02821_,5.38µm
_02866_,5.38µm
_02875_,5.38µm
_02883_,5.38µm
_02911_,5.38µm
_03462_,5.38µm
_03492_,5.38µm
_03620_,5.38µm
_04399_,5.38µm
_04828_,5.38µm
_05112_,5.38µm
_05140_,5.38µm
_05245_,5.38µm
_06679_,5.38µm
_07106_,5.38µm
_07350_,5.38µm
_07897_,5.38µm
_08226_,5.38µm
_08316_,5.38µm
_08604_,5.38µm
_08982_,5.38µm
ciphertext_wire\[73\],5.38µm
net2273,5.38µm
_07457_,5.37µm
_02012_,5.36µm
_06771_,5.36µm
_06818_,5.36µm
_07072_,5.36µm
_07446_,5.36µm
_09305_,5.36µm
_08620_,5.355µm
_03018_,5.345µm
_08651_,5.345µm
_00184_,5.34µm
_00647_,5.34µm
_00693_,5.34µm
_00704_,5.34µm
_00767_,5.34µm
_00793_,5.34µm
_00875_,5.34µm
_01151_,5.34µm
_01452_,5.34µm
_02112_,5.34µm
_02201_,5.34µm
_02574_,5.34µm
_02895_,5.34µm
_02928_,5.34µm
_03385_,5.34µm
_03432_,5.34µm
_04294_,5.34µm
_05088_,5.34µm
_05121_,5.34µm
_05296_,5.34µm
_05452_,5.34µm
_06199_,5.34µm
_06245_,5.34µm
_06690_,5.34µm
_06717_,5.34µm
_06837_,5.34µm
_06884_,5.34µm
_07555_,5.34µm
_07593_,5.34µm
_07605_,5.34µm
_07620_,5.34µm
_08799_,5.34µm
_08917_,5.34µm
_08940_,5.34µm
_09160_,5.34µm
ciphertext_wire\[93\],5.34µm
u_aes128_baseline.u_aes_core.round_key_reg\[53\],5.34µm
_05272_,5.33µm
_01934_,5.32µm
_00275_,5.28µm
_00981_,5.28µm
_00986_,5.28µm
_02069_,5.28µm
_02695_,5.28µm
_03089_,5.28µm
_03557_,5.28µm
_05629_,5.28µm
_09001_,5.28µm
_09215_,5.28µm
_00019_,5.26µm
_00765_,5.26µm
_01165_,5.26µm
_01525_,5.26µm
_02533_,5.26µm
_03178_,5.26µm
_03311_,5.26µm
_04317_,5.26µm
_04362_,5.26µm
_05218_,5.26µm
_05275_,5.26µm
_05581_,5.26µm
_05599_,5.26µm
_05755_,5.26µm
_05827_,5.26µm
_06255_,5.26µm
_06580_,5.26µm
_07265_,5.26µm
_08241_,5.26µm
_08339_,5.26µm
_08367_,5.26µm
_08526_,5.26µm
_08637_,5.26µm
net64,5.26µm
net2259,5.26µm
net2271,5.26µm
_04631_,5.24µm
_05440_,5.24µm
_06526_,5.24µm
_08844_,5.24µm
_05554_,5.235µm
_00498_,5.225µm
_00779_,5.225µm
_01855_,5.225µm
_07237_,5.225µm
_00397_,5.22µm
_00907_,5.22µm
_00933_,5.22µm
_00939_,5.22µm
_02742_,5.22µm
_02791_,5.22µm
_02970_,5.22µm
_03047_,5.22µm
_04083_,5.22µm
_04412_,5.22µm
_05038_,5.22µm
_05202_,5.22µm
_05324_,5.22µm
_05455_,5.22µm
_05974_,5.22µm
_07514_,5.22µm
_08181_,5.22µm
_08242_,5.22µm
_08318_,5.22µm
_08461_,5.22µm
_08693_,5.22µm
_08964_,5.22µm
_09213_,5.22µm
_09295_,5.22µm
_09323_,5.22µm
net2282,5.22µm
_02913_,5.19µm
_00992_,5.185µm
_06657_,5.165µm
_01113_,5.16µm
_05158_,5.16µm
_05655_,5.16µm
_08343_,5.16µm
_00470_,5.14µm
_01695_,5.14µm
_02443_,5.14µm
_02643_,5.14µm
_02722_,5.14µm
_03006_,5.14µm
_03539_,5.14µm
_04480_,5.14µm
_05150_,5.14µm
_05398_,5.14µm
_05839_,5.14µm
_05870_,5.14µm
_06627_,5.14µm
_06911_,5.14µm
_07877_,5.14µm
_07909_,5.14µm
_08673_,5.14µm
_08714_,5.14µm
_09357_,5.14µm
_05409_,5.135µm
_03338_,5.12µm
_03942_,5.12µm
_05486_,5.12µm
_04271_,5.115µm
_01028_,5.1µm
_01083_,5.1µm
_01088_,5.1µm
_01092_,5.1µm
_01128_,5.1µm
_02961_,5.1µm
_03275_,5.1µm
_03599_,5.1µm
_05157_,5.1µm
_05431_,5.1µm
_05467_,5.1µm
_05483_,5.1µm
_05566_,5.1µm
_05927_,5.1µm
_06010_,5.1µm
_06753_,5.1µm
_06908_,5.1µm
_07139_,5.1µm
_07459_,5.1µm
_07613_,5.1µm
_08349_,5.1µm
_08691_,5.1µm
_00144_,5.085µm
_04223_,5.06µm
_06334_,5.06µm
_06558_,5.06µm
_06981_,5.06µm
_07383_,5.06µm
_07553_,5.06µm
_08819_,5.06µm
_09345_,5.06µm
_00025_,5.04µm
_00123_,5.04µm
_00345_,5.04µm
_00673_,5.04µm
_00679_,5.04µm
_00777_,5.04µm
_02073_,5.04µm
_02203_,5.04µm
_02703_,5.04µm
_03042_,5.04µm
_07003_,5.04µm
_07311_,5.04µm
_08769_,5.04µm
_08863_,5.04µm
_05614_,5.025µm
_00107_,5.02µm
_00349_,5.02µm
_00410_,5.02µm
_00460_,5.02µm
_01026_,5.02µm
_01521_,5.02µm
_02977_,5.02µm
_04833_,5.02µm
_04997_,5.02µm
_07012_,5.02µm
_07152_,5.02µm
_08338_,5.02µm
_08909_,5.02µm
_09089_,5.02µm
_09289_,5.02µm
_00280_,5µm
_00311_,5µm
_00490_,5µm
_04129_,5µm
_05228_,5µm
_05761_,5µm
_06864_,5µm
_08530_,5µm
_02110_,4.975µm
net2024,4.97µm
_00718_,4.965µm
_05735_,4.965µm
_08879_,4.95µm
_00520_,4.94µm
_01117_,4.94µm
_02944_,4.94µm
_03176_,4.94µm
_03442_,4.94µm
_03521_,4.94µm
_04348_,4.94µm
_05285_,4.94µm
_05604_,4.94µm
_06586_,4.94µm
_06698_,4.94µm
_06900_,4.94µm
_06914_,4.94µm
_07127_,4.94µm
_07184_,4.94µm
_07233_,4.94µm
_08271_,4.94µm
_08501_,4.94µm
_08906_,4.94µm
_09161_,4.94µm
_08959_,4.925µm
_00053_,4.92µm
_00116_,4.92µm
_00180_,4.92µm
_00261_,4.92µm
_00286_,4.92µm
_00288_,4.92µm
_00347_,4.92µm
_00364_,4.92µm
_00445_,4.92µm
_00493_,4.92µm
_00497_,4.92µm
_00504_,4.92µm
_00559_,4.92µm
_00660_,4.92µm
_00745_,4.92µm
_01570_,4.92µm
_02172_,4.92µm
_02322_,4.92µm
_02582_,4.92µm
_02704_,4.92µm
_02808_,4.92µm
_02827_,4.92µm
_03043_,4.92µm
_04071_,4.92µm
_04150_,4.92µm
_04958_,4.92µm
_05004_,4.92µm
_05384_,4.92µm
_05425_,4.92µm
_05579_,4.92µm
_05694_,4.92µm
_05712_,4.92µm
_05877_,4.92µm
_06658_,4.92µm
_06854_,4.92µm
_06873_,4.92µm
_06898_,4.92µm
_07130_,4.92µm
_08160_,4.92µm
_08428_,4.92µm
_08590_,4.92µm
_08642_,4.92µm
ciphertext_wire\[100\],4.92µm
ciphertext_wire\[12\],4.92µm
u_aes128_baseline.u_aes_core.state_reg\[119\],4.92µm
net2192,4.92µm
net2291,4.92µm
net2328,4.92µm
_00956_,4.9µm
_00970_,4.9µm
_01405_,4.9µm
_01835_,4.9µm
_02815_,4.9µm
_04627_,4.9µm
_05212_,4.9µm
_05695_,4.9µm
_06171_,4.9µm
_06620_,4.9µm
_07409_,4.9µm
_07452_,4.9µm
ciphertext_reg\[40\],4.9µm
_00399_,4.885µm
_00741_,4.88µm
_01091_,4.88µm
_01190_,4.88µm
_02200_,4.88µm
_02450_,4.88µm
_02724_,4.88µm
_02757_,4.88µm
_02841_,4.88µm
_02907_,4.88µm
_03064_,4.88µm
_03101_,4.88µm
_03441_,4.88µm
_03762_,4.88µm
_04053_,4.88µm
_04318_,4.88µm
_05107_,4.88µm
_05462_,4.88µm
_05510_,4.88µm
_05729_,4.88µm
_07218_,4.88µm
_08536_,4.88µm
_09309_,4.88µm
ciphertext_reg\[32\],4.88µm
ciphertext_wire\[50\],4.88µm
net2321,4.88µm
_04314_,4.85µm
ui_in[0],4.84µm
_07285_,4.83µm
_00260_,4.82µm
_00346_,4.82µm
_01110_,4.82µm
_01433_,4.82µm
_02017_,4.82µm
_02581_,4.82µm
_03048_,4.82µm
_05231_,4.82µm
_05321_,4.82µm
_06613_,4.82µm
_08476_,4.82µm
_05116_,4.805µm
_00037_,4.8µm
_00143_,4.8µm
_00158_,4.8µm
_00213_,4.8µm
_00659_,4.8µm
_00927_,4.8µm
_01377_,4.8µm
_01429_,4.8µm
_01436_,4.8µm
_01537_,4.8µm
_01581_,4.8µm
_01972_,4.8µm
_02615_,4.8µm
_02620_,4.8µm
_02878_,4.8µm
_02904_,4.8µm
_02916_,4.8µm
_02926_,4.8µm
_03113_,4.8µm
_03579_,4.8µm
_03865_,4.8µm
_04233_,4.8µm
_04263_,4.8µm
_04292_,4.8µm
_04636_,4.8µm
_05113_,4.8µm
_05362_,4.8µm
_05552_,4.8µm
_05967_,4.8µm
_05975_,4.8µm
_06445_,4.8µm
_06522_,4.8µm
_06696_,4.8µm
_07013_,4.8µm
_07066_,4.8µm
_07083_,4.8µm
_07090_,4.8µm
_07256_,4.8µm
_07270_,4.8µm
_07274_,4.8µm
_08598_,4.8µm
_08708_,4.8µm
_08854_,4.8µm
_08885_,4.8µm
_08891_,4.8µm
_09231_,4.8µm
ciphertext_wire\[81\],4.8µm
ciphertext_wire\[91\],4.8µm
u_aes128_baseline.u_aes_core.state_reg\[88\],4.8µm
net2101,4.8µm
_07838_,4.79µm
_01188_,4.78µm
_08293_,4.78µm
u_aes128_baseline.u_aes_core.round_key_reg\[47\],4.78µm
_07829_,4.775µm
_00268_,4.76µm
_01027_,4.76µm
_01561_,4.76µm
_01968_,4.76µm
_03916_,4.76µm
_04073_,4.76µm
_04358_,4.76µm
_04426_,4.76µm
_04481_,4.76µm
_05028_,4.76µm
_05078_,4.76µm
_05283_,4.76µm
_05318_,4.76µm
_05519_,4.76µm
_05622_,4.76µm
_07277_,4.76µm
_07291_,4.76µm
_07550_,4.76µm
_07954_,4.76µm
_08302_,4.76µm
_08480_,4.76µm
_08908_,4.76µm
_00683_,4.755µm
ui_in[6],4.75µm
uio_in[1],4.75µm
_08487_,4.71µm
_05659_,4.7µm
_05964_,4.7µm
_01932_,4.685µm
_05251_,4.685µm
_05738_,4.685µm
ciphertext_reg\[28\],4.685µm
_00542_,4.68µm
_00548_,4.68µm
_00854_,4.68µm
_00901_,4.68µm
_01641_,4.68µm
_01744_,4.68µm
_01982_,4.68µm
_02402_,4.68µm
_02847_,4.68µm
_03001_,4.68µm
_03147_,4.68µm
_03591_,4.68µm
_04421_,4.68µm
_04432_,4.68µm
_04808_,4.68µm
_05063_,4.68µm
_05557_,4.68µm
_05749_,4.68µm
_05888_,4.68µm
_06258_,4.68µm
_06266_,4.68µm
_07075_,4.68µm
_07323_,4.68µm
_07901_,4.68µm
_08250_,4.68µm
_08304_,4.68µm
_08422_,4.68µm
_09281_,4.68µm
_09317_,4.68µm
ciphertext_wire\[77\],4.68µm
_02607_,4.67µm
_01185_,4.66µm
net941,4.66µm
net2205,4.66µm
_02241_,4.61µm
_03719_,4.605µm
_02363_,4.6µm
_02558_,4.6µm
_04431_,4.6µm
_04725_,4.6µm
_05419_,4.6µm
_05703_,4.6µm
_05894_,4.6µm
_08508_,4.6µm
_08935_,4.6µm
ciphertext_wire\[78\],4.6µm
_00008_,4.58µm
_00010_,4.58µm
_00110_,4.58µm
_00140_,4.58µm
_00145_,4.58µm
_00177_,4.58µm
_00188_,4.58µm
_00263_,4.58µm
_00655_,4.58µm
_00663_,4.58µm
_00769_,4.58µm
_00773_,4.58µm
_00780_,4.58µm
_02233_,4.58µm
_03122_,4.58µm
_04213_,4.58µm
_05404_,4.58µm
_05524_,4.58µm
_06109_,4.58µm
_06256_,4.58µm
_07041_,4.58µm
_07874_,4.58µm
net2222,4.58µm
_08122_,4.565µm
_00229_,4.56µm
_00254_,4.56µm
_00332_,4.56µm
_00396_,4.56µm
_00440_,4.56µm
_00609_,4.56µm
_00691_,4.56µm
_00841_,4.56µm
_02078_,4.56µm
_02840_,4.56µm
_04035_,4.56µm
_04080_,4.56µm
_04635_,4.56µm
_05573_,4.56µm
_06005_,4.56µm
_07273_,4.56µm
_08488_,4.56µm
u_aes128_baseline.u_aes_core.round_key_reg\[50\],4.56µm
_00055_,4.54µm
_00074_,4.54µm
_00087_,4.54µm
_00250_,4.54µm
_00499_,4.54µm
_00756_,4.54µm
_00774_,4.54µm
_02404_,4.54µm
_03229_,4.54µm
_03930_,4.54µm
_05266_,4.54µm
_05300_,4.54µm
_07418_,4.54µm
_08547_,4.54µm
_07033_,4.5µm
_07091_,4.5µm
_00637_,4.495µm
_00389_,4.485µm
_00324_,4.48µm
_00515_,4.48µm
_01141_,4.48µm
_01260_,4.48µm
_01399_,4.48µm
_02348_,4.48µm
_02375_,4.48µm
_02378_,4.48µm
_02603_,4.48µm
_03170_,4.48µm
_04207_,4.48µm
_04365_,4.48µm
_04558_,4.48µm
_04677_,4.48µm
_04954_,4.48µm
_04956_,4.48µm
_05680_,4.48µm
_05777_,4.48µm
_06817_,4.48µm
_07467_,4.48µm
_07691_,4.48µm
_07882_,4.48µm
_07900_,4.48µm
_08440_,4.48µm
_08497_,4.48µm
_08759_,4.48µm
net2323,4.48µm
_00099_,4.475µm
_00005_,4.46µm
_00007_,4.46µm
_00020_,4.46µm
_00042_,4.46µm
_00045_,4.46µm
_00109_,4.46µm
_00114_,4.46µm
_00183_,4.46µm
_00187_,4.46µm
_00201_,4.46µm
_00224_,4.46µm
_00245_,4.46µm
_00249_,4.46µm
_00271_,4.46µm
_00291_,4.46µm
_00419_,4.46µm
_00444_,4.46µm
_00452_,4.46µm
_00483_,4.46µm
_00662_,4.46µm
_00668_,4.46µm
_00709_,4.46µm
_00717_,4.46µm
_00752_,4.46µm
_00788_,4.46µm
_01018_,4.46µm
_01197_,4.46µm
_01491_,4.46µm
_01664_,4.46µm
_01671_,4.46µm
_01732_,4.46µm
_02187_,4.46µm
_02239_,4.46µm
_02327_,4.46µm
_02433_,4.46µm
_02548_,4.46µm
_02749_,4.46µm
_02792_,4.46µm
_02910_,4.46µm
_02938_,4.46µm
_03111_,4.46µm
_03516_,4.46µm
_04142_,4.46µm
_04283_,4.46µm
_04986_,4.46µm
_05339_,4.46µm
_05381_,4.46µm
_05850_,4.46µm
_05858_,4.46µm
_05900_,4.46µm
_06665_,4.46µm
_07089_,4.46µm
_07269_,4.46µm
_08315_,4.46µm
_08446_,4.46µm
_08658_,4.46µm
_08726_,4.46µm
ciphertext_wire\[14\],4.46µm
ciphertext_wire\[84\],4.46µm
ciphertext_wire\[88\],4.46µm
u_aes128_baseline.u_aes_core.round_key_reg\[120\],4.46µm
net2249,4.46µm
net2310,4.46µm
_00561_,4.44µm
_00899_,4.44µm
_03638_,4.44µm
_05198_,4.44µm
_05995_,4.44µm
_06747_,4.44µm
_07060_,4.44µm
_07161_,4.44µm
_09224_,4.44µm
_02741_,4.435µm
_00155_,4.42µm
_00169_,4.42µm
_00172_,4.42µm
_00727_,4.42µm
_00931_,4.42µm
_00977_,4.42µm
_01003_,4.42µm
_01428_,4.42µm
_02097_,4.42µm
_02681_,4.42µm
_02719_,4.42µm
_05675_,4.42µm
_05904_,4.42µm
_06143_,4.42µm
_06775_,4.42µm
_07926_,4.42µm
_08961_,4.42µm
ciphertext_wire\[24\],4.42µm
_05236_,4.415µm
_02275_,4.37µm
_01669_,4.36µm
_01799_,4.36µm
_02779_,4.36µm
_03030_,4.36µm
_03193_,4.36µm
_05147_,4.36µm
_06544_,4.36µm
_06700_,4.36µm
_07286_,4.36µm
_07339_,4.36µm
_07785_,4.36µm
_00233_,4.34µm
_00299_,4.34µm
_00749_,4.34µm
_00785_,4.34µm
_00906_,4.34µm
_01065_,4.34µm
_01082_,4.34µm
_01770_,4.34µm
_02101_,4.34µm
_02812_,4.34µm
_02959_,4.34µm
_02999_,4.34µm
_03040_,4.34µm
_03145_,4.34µm
_03596_,4.34µm
_03629_,4.34µm
_03802_,4.34µm
_03828_,4.34µm
_03846_,4.34µm
_04039_,4.34µm
_04167_,4.34µm
_04429_,4.34µm
_04596_,4.34µm
_04976_,4.34µm
_05169_,4.34µm
_05522_,4.34µm
_05658_,4.34µm
_05705_,4.34µm
_05851_,4.34µm
_05993_,4.34µm
_06100_,4.34µm
_06252_,4.34µm
_06470_,4.34µm
_06825_,4.34µm
_06950_,4.34µm
_07022_,4.34µm
_07088_,4.34µm
_07334_,4.34µm
_07434_,4.34µm
_08098_,4.34µm
_08165_,4.34µm
_08221_,4.34µm
_08267_,4.34µm
_08390_,4.34µm
_08815_,4.34µm
ciphertext_wire\[58\],4.34µm
ciphertext_wire\[62\],4.34µm
_01679_,4.325µm
_00869_,4.32µm
_02086_,4.32µm
_05508_,4.32µm
_06234_,4.32µm
_07396_,4.32µm
_00108_,4.305µm
_00185_,4.305µm
_00234_,4.305µm
_00710_,4.305µm
uio_in[3],4.29µm
_00199_,4.265µm
_07335_,4.265µm
_06290_,4.24µm
_07436_,4.24µm
_08630_,4.24µm
_09064_,4.24µm
_01345_,4.23µm
_00076_,4.22µm
_00098_,4.22µm
_00157_,4.22µm
_00204_,4.22µm
_00272_,4.22µm
_00600_,4.22µm
_00764_,4.22µm
_00771_,4.22µm
_01502_,4.22µm
_01657_,4.22µm
_02717_,4.22µm
_02855_,4.22µm
_02872_,4.22µm
_02980_,4.22µm
_03020_,4.22µm
_03542_,4.22µm
_03734_,4.22µm
_03836_,4.22µm
_04457_,4.22µm
_04798_,4.22µm
_05018_,4.22µm
_05175_,4.22µm
_05179_,4.22µm
_05482_,4.22µm
_05532_,4.22µm
_05871_,4.22µm
_06365_,4.22µm
_07614_,4.22µm
_08694_,4.22µm
_08946_,4.22µm
_08491_,4.215µm
_05553_,4.205µm
_02664_,4.2µm
_03038_,4.2µm
_03978_,4.2µm
_05233_,4.2µm
_05818_,4.2µm
_06917_,4.2µm
_07343_,4.2µm
_08601_,4.2µm
_08638_,4.2µm
_05051_,4.195µm
_00783_,4.145µm
_06483_,4.145µm
_00265_,4.14µm
_00282_,4.14µm
_00287_,4.14µm
_00329_,4.14µm
_00354_,4.14µm
_01411_,4.14µm
_02470_,4.14µm
_03131_,4.14µm
_04442_,4.14µm
_04603_,4.14µm
_05037_,4.14µm
_05290_,4.14µm
_05471_,4.14µm
_05878_,4.14µm
_06359_,4.14µm
_06851_,4.14µm
_07232_,4.14µm
_07325_,4.14µm
_07359_,4.14µm
_08118_,4.14µm
_08277_,4.14µm
net2191,4.14µm
_00043_,4.12µm
_00046_,4.12µm
_00063_,4.12µm
_00082_,4.12µm
_00136_,4.12µm
_00189_,4.12µm
_00202_,4.12µm
_00221_,4.12µm
_00360_,4.12µm
_00778_,4.12µm
_01756_,4.12µm
_02306_,4.12µm
_02418_,4.12µm
_03195_,4.12µm
_03236_,4.12µm
_03851_,4.12µm
_03971_,4.12µm
_04685_,4.12µm
_05207_,4.12µm
_05549_,4.12µm
_05887_,4.12µm
_07047_,4.12µm
_07117_,4.12µm
_08053_,4.12µm
_08577_,4.12µm
_08880_,4.12µm
net1314,4.12µm
_05478_,4.11µm
_00238_,4.1µm
_00262_,4.1µm
_00406_,4.1µm
_00421_,4.1µm
_00475_,4.1µm
_00613_,4.1µm
_01104_,4.1µm
_01787_,4.1µm
_02328_,4.1µm
_03829_,4.1µm
_04006_,4.1µm
_04423_,4.1µm
_04447_,4.1µm
_04470_,4.1µm
_05013_,4.1µm
_06349_,4.1µm
_06362_,4.1µm
_07531_,4.1µm
_08887_,4.1µm
_09083_,4.1µm
_09131_,4.1µm
ciphertext_wire\[99\],4.1µm
_00481_,4.095µm
_03341_,4.09µm
_00443_,4.08µm
_00642_,4.08µm
_03428_,4.08µm
_05075_,4.08µm
_05268_,4.08µm
_05623_,4.08µm
_05230_,4.06µm
_00430_,4.035µm
_00568_,4.035µm
_00629_,4.035µm
_07942_,4.03µm
_05095_,4.025µm
_01066_,4.02µm
_02115_,4.02µm
_02182_,4.02µm
_02373_,4.02µm
_02759_,4.02µm
_02823_,4.02µm
_03221_,4.02µm
_03419_,4.02µm
_03582_,4.02µm
_03728_,4.02µm
_03856_,4.02µm
_04019_,4.02µm
_04231_,4.02µm
_04844_,4.02µm
_05023_,4.02µm
_06420_,4.02µm
_06759_,4.02µm
_06783_,4.02µm
_07067_,4.02µm
_07299_,4.02µm
_08179_,4.02µm
_08442_,4.02µm
_08589_,4.02µm
_08904_,4.02µm
_08576_,4.01µm
_00066_,4µm
_00142_,4µm
_00293_,4µm
_00312_,4µm
_00313_,4µm
_00334_,4µm
_00371_,4µm
_00372_,4µm
_00398_,4µm
_00412_,4µm
_00429_,4µm
_00455_,4µm
_00492_,4µm
_00501_,4µm
_00530_,4µm
_00728_,4µm
_00960_,4µm
_01443_,4µm
_01506_,4µm
_01752_,4µm
_01861_,4µm
_01981_,4µm
_02120_,4µm
_02212_,4µm
_02367_,4µm
_02447_,4µm
_02457_,4µm
_02498_,4µm
_03183_,4µm
_03186_,4µm
_03230_,4µm
_03451_,4µm
_03794_,4µm
_03864_,4µm
_03899_,4µm
_03979_,4µm
_03998_,4µm
_04193_,4µm
_04478_,4µm
_04599_,4µm
_04641_,4µm
_05271_,4µm
_05652_,4µm
_05759_,4µm
_05810_,4µm
_05830_,4µm
_06049_,4µm
_07020_,4µm
_07223_,4µm
_07226_,4µm
_07328_,4µm
_07401_,4µm
_07950_,4µm
_07975_,4µm
_08287_,4µm
_08363_,4µm
_08375_,4µm
_08451_,4µm
_08777_,4µm
_09138_,4µm
_09189_,4µm
ciphertext_wire\[25\],4µm
ciphertext_wire\[27\],4µm
ciphertext_wire\[37\],4µm
ciphertext_wire\[70\],4µm
ciphertext_wire\[90\],4µm
_05206_,3.995µm
_04755_,3.99µm
_00913_,3.98µm
_01133_,3.98µm
_01153_,3.98µm
_01387_,3.98µm
_01938_,3.98µm
_02359_,3.98µm
_02896_,3.98µm
_03564_,3.98µm
_04800_,3.98µm
_05903_,3.98µm
_07368_,3.98µm
_08107_,3.98µm
_09237_,3.98µm
ciphertext_wire\[6\],3.98µm
_09009_,3.94µm
_01159_,3.92µm
ena,3.92µm
rst_n,3.92µm
ui_in[5],3.92µm
uio_in[0],3.92µm
uio_in[2],3.92µm
_05792_,3.905µm
_01063_,3.9µm
_01095_,3.9µm
_01107_,3.9µm
_01108_,3.9µm
_01119_,3.9µm
_01189_,3.9µm
_03621_,3.9µm
_04290_,3.9µm
_04360_,3.9µm
_05422_,3.9µm
_05461_,3.9µm
_07828_,3.9µm
_07065_,3.89µm
_04928_,3.885µm
_00119_,3.88µm
_00156_,3.88µm
_00446_,3.88µm
_00724_,3.88µm
_00744_,3.88µm
_00770_,3.88µm
_00891_,3.88µm
_00951_,3.88µm
_01181_,3.88µm
_01601_,3.88µm
_01672_,3.88µm
_01710_,3.88µm
_01842_,3.88µm
_01924_,3.88µm
_01926_,3.88µm
_02009_,3.88µm
_02043_,3.88µm
_02242_,3.88µm
_02339_,3.88µm
_02399_,3.88µm
_02432_,3.88µm
_02862_,3.88µm
_03222_,3.88µm
_03623_,3.88µm
_03934_,3.88µm
_04029_,3.88µm
_04096_,3.88µm
_04386_,3.88µm
_04536_,3.88µm
_05155_,3.88µm
_05626_,3.88µm
_05861_,3.88µm
_05929_,3.88µm
_06139_,3.88µm
_06351_,3.88µm
_06427_,3.88µm
_06577_,3.88µm
_06636_,3.88µm
_06804_,3.88µm
_07044_,3.88µm
_07062_,3.88µm
_07465_,3.88µm
_07468_,3.88µm
_07609_,3.88µm
_08084_,3.88µm
_08254_,3.88µm
_08436_,3.88µm
_08460_,3.88µm
_08505_,3.88µm
_08804_,3.88µm
_08903_,3.88µm
_09023_,3.88µm
_09163_,3.88µm
_09327_,3.88µm
ciphertext_reg\[43\],3.88µm
u_aes128_baseline.u_aes_core.round_key_reg\[26\],3.88µm
net2233,3.88µm
net2289,3.88µm
net2339,3.88µm
_02958_,3.875µm
_00089_,3.86µm
_00390_,3.86µm
_00706_,3.86µm
_00880_,3.86µm
_02199_,3.86µm
_06590_,3.86µm
_07071_,3.86µm
_07156_,3.86µm
_02487_,3.855µm
_05076_,3.855µm
_00428_,3.845µm
net2306,3.845µm
_03155_,3.79µm
_02806_,3.78µm
_03584_,3.78µm
_05365_,3.78µm
_05375_,3.78µm
_08475_,3.78µm
_02782_,3.77µm
_08980_,3.77µm
_00367_,3.76µm
_00388_,3.76µm
_00544_,3.76µm
_00581_,3.76µm
_00772_,3.76µm
_00852_,3.76µm
_01609_,3.76µm
_02124_,3.76µm
_02410_,3.76µm
_02461_,3.76µm
_02569_,3.76µm
_02850_,3.76µm
_03130_,3.76µm
_03266_,3.76µm
_03657_,3.76µm
_03801_,3.76µm
_04907_,3.76µm
_05394_,3.76µm
_05538_,3.76µm
_06741_,3.76µm
_06830_,3.76µm
_06931_,3.76µm
_07301_,3.76µm
_07832_,3.76µm
_09151_,3.76µm
_09220_,3.76µm
_09335_,3.76µm
net2239,3.76µm
_02243_,3.74µm
net2228,3.74µm
net2080,3.73µm
net2081,3.73µm
net2082,3.73µm
net2083,3.73µm
net2084,3.73µm
net2085,3.73µm
net2087,3.73µm
net2088,3.73µm
net,3.73µm
_00597_,3.7µm
_02191_,3.69µm
_00084_,3.685µm
net2250,3.685µm
_01579_,3.68µm
_02675_,3.68µm
_03035_,3.68µm
_03135_,3.68µm
_03218_,3.68µm
_03491_,3.68µm
_03568_,3.68µm
_03577_,3.68µm
_03832_,3.68µm
_03906_,3.68µm
_04624_,3.68µm
_04857_,3.68µm
_05301_,3.68µm
_06547_,3.68µm
_06930_,3.68µm
_07163_,3.68µm
_07189_,3.68µm
_07812_,3.68µm
_07932_,3.68µm
_08684_,3.68µm
_00039_,3.66µm
_00232_,3.66µm
_00242_,3.66µm
_00325_,3.66µm
_00677_,3.66µm
_00678_,3.66µm
_00680_,3.66µm
_00707_,3.66µm
_00763_,3.66µm
_02096_,3.66µm
_02624_,3.66µm
_04032_,3.66µm
_04345_,3.66µm
_05890_,3.66µm
_06061_,3.66µm
_07187_,3.66µm
_07244_,3.66µm
_08796_,3.66µm
_09261_,3.66µm
net1452,3.66µm
net2334,3.66µm
_05586_,3.65µm
_06501_,3.65µm
_00237_,3.64µm
_00239_,3.64µm
_00422_,3.64µm
_00586_,3.64µm
_00587_,3.64µm
_01577_,3.64µm
_02567_,3.64µm
_03360_,3.64µm
_03946_,3.64µm
_04373_,3.64µm
_06806_,3.64µm
_07907_,3.64µm
_08741_,3.64µm
_09105_,3.64µm
_09110_,3.64µm
ciphertext_wire\[20\],3.64µm
_08672_,3.625µm
_06959_,3.62µm
_02387_,3.61µm
_00454_,3.595µm
_00638_,3.595µm
net2090,3.58µm
net2091,3.58µm
net2089,3.58µm
_00503_,3.575µm
_05258_,3.57µm
_07422_,3.565µm
_02049_,3.56µm
_02508_,3.56µm
_02537_,3.56µm
_04201_,3.56µm
_05740_,3.56µm
_06528_,3.56µm
_06761_,3.56µm
_06904_,3.56µm
_07199_,3.56µm
_07275_,3.56µm
_07466_,3.56µm
_08320_,3.56µm
_08415_,3.56µm
_00004_,3.545µm
_02552_,3.545µm
_00024_,3.54µm
_00059_,3.54µm
_00096_,3.54µm
_00101_,3.54µm
_00102_,3.54µm
_00103_,3.54µm
_00105_,3.54µm
_00121_,3.54µm
_00131_,3.54µm
_00138_,3.54µm
_00161_,3.54µm
_00350_,3.54µm
_00352_,3.54µm
_00356_,3.54µm
_00359_,3.54µm
_00670_,3.54µm
_00731_,3.54µm
_00742_,3.54µm
_00795_,3.54µm
_00833_,3.54µm
_02032_,3.54µm
_02253_,3.54µm
_02260_,3.54µm
_02449_,3.54µm
_02659_,3.54µm
_02829_,3.54µm
_02861_,3.54µm
_02894_,3.54µm
_03010_,3.54µm
_03370_,3.54µm
_03468_,3.54µm
_03837_,3.54µm
_03882_,3.54µm
_04041_,3.54µm
_04044_,3.54µm
_04049_,3.54µm
_04186_,3.54µm
_04291_,3.54µm
_05041_,3.54µm
_05117_,3.54µm
_05415_,3.54µm
_05474_,3.54µm
_05493_,3.54µm
_05742_,3.54µm
_05802_,3.54µm
_06225_,3.54µm
_06347_,3.54µm
_06498_,3.54µm
_06534_,3.54µm
_06770_,3.54µm
_06943_,3.54µm
_07333_,3.54µm
_08352_,3.54µm
_08355_,3.54µm
_08359_,3.54µm
_08472_,3.54µm
_08529_,3.54µm
_08938_,3.54µm
_08944_,3.54µm
_09003_,3.54µm
_09016_,3.54µm
_09329_,3.54µm
ciphertext_wire\[0\],3.54µm
ciphertext_wire\[101\],3.54µm
ciphertext_wire\[117\],3.54µm
ciphertext_wire\[44\],3.54µm
ciphertext_wire\[48\],3.54µm
ciphertext_wire\[60\],3.54µm
ciphertext_wire\[86\],3.54µm
_00918_,3.52µm
_01144_,3.52µm
_02729_,3.52µm
_02772_,3.52µm
_03966_,3.52µm
_04720_,3.52µm
_05569_,3.52µm
_05620_,3.52µm
_06895_,3.52µm
_07447_,3.52µm
_08605_,3.515µm
_00485_,3.505µm
_01132_,3.45µm
_02482_,3.45µm
_04005_,3.45µm
_01099_,3.44µm
_01101_,3.44µm
_01109_,3.44µm
_01112_,3.44µm
_01121_,3.44µm
_01123_,3.44µm
_01139_,3.44µm
_01186_,3.44µm
_02230_,3.44µm
_03211_,3.44µm
_04363_,3.44µm
_04961_,3.44µm
_06888_,3.44µm
_07902_,3.44µm
_08299_,3.44µm
_08812_,3.44µm
_08943_,3.44µm
_01160_,3.425µm
_03202_,3.425µm
_00910_,3.42µm
_00975_,3.42µm
_01009_,3.42µm
_01134_,3.42µm
_01423_,3.42µm
_01451_,3.42µm
_01530_,3.42µm
_01589_,3.42µm
_01697_,3.42µm
_01953_,3.42µm
_02225_,3.42µm
_02397_,3.42µm
_02423_,3.42µm
_02586_,3.42µm
_02656_,3.42µm
_02668_,3.42µm
_02857_,3.42µm
_02877_,3.42µm
_02900_,3.42µm
_03180_,3.42µm
_03504_,3.42µm
_03826_,3.42µm
_04037_,3.42µm
_04566_,3.42µm
_04628_,3.42µm
_05025_,3.42µm
_05273_,3.42µm
_05444_,3.42µm
_05541_,3.42µm
_05582_,3.42µm
_05644_,3.42µm
_05898_,3.42µm
_06366_,3.42µm
_06517_,3.42µm
_06564_,3.42µm
_06608_,3.42µm
_06614_,3.42µm
_06615_,3.42µm
_06721_,3.42µm
_06749_,3.42µm
_06799_,3.42µm
_06998_,3.42µm
_07113_,3.42µm
_07188_,3.42µm
_07224_,3.42µm
_07264_,3.42µm
_07378_,3.42µm
_07474_,3.42µm
_07790_,3.42µm
_08089_,3.42µm
_08201_,3.42µm
_08284_,3.42µm
_08337_,3.42µm
_08400_,3.42µm
_08519_,3.42µm
_08710_,3.42µm
_08789_,3.42µm
_09104_,3.42µm
ciphertext_wire\[53\],3.42µm
u_aes128_baseline.u_aes_core.state_reg\[39\],3.42µm
_08035_,3.415µm
_00516_,3.4µm
_03487_,3.4µm
_03615_,3.4µm
ciphertext_wire\[111\],3.4µm
_00205_,3.385µm
_00432_,3.385µm
_01841_,3.32µm
_02228_,3.32µm
_02266_,3.32µm
_03879_,3.32µm
_07166_,3.32µm
_07420_,3.32µm
_07510_,3.32µm
_07660_,3.32µm
_08947_,3.32µm
_02863_,3.31µm
_03976_,3.31µm
_00322_,3.3µm
_00505_,3.3µm
_00721_,3.3µm
_00732_,3.3µm
_01199_,3.3µm
_01406_,3.3µm
_02377_,3.3µm
_02468_,3.3µm
_02542_,3.3µm
_02773_,3.3µm
_02991_,3.3µm
_03014_,3.3µm
_04638_,3.3µm
_05129_,3.3µm
_05244_,3.3µm
_06503_,3.3µm
_06780_,3.3µm
_07292_,3.3µm
_07340_,3.3µm
_07373_,3.3µm
_07407_,3.3µm
_07518_,3.3µm
_07987_,3.3µm
_08191_,3.3µm
_08193_,3.3µm
_08344_,3.3µm
_08353_,3.3µm
_08623_,3.3µm
_08878_,3.3µm
net2206,3.3µm
_00141_,3.295µm
_03381_,3.295µm
_07148_,3.295µm
_00457_,3.225µm
_00593_,3.225µm
_00215_,3.22µm
_01166_,3.22µm
_02431_,3.22µm
_02504_,3.22µm
_03228_,3.22µm
_04181_,3.22µm
_04183_,3.22µm
_04234_,3.22µm
_04396_,3.22µm
_04608_,3.22µm
_04629_,3.22µm
_04634_,3.22µm
_04744_,3.22µm
_04809_,3.22µm
_05092_,3.22µm
_05247_,3.22µm
_05367_,3.22µm
_05722_,3.22µm
_05938_,3.22µm
_07124_,3.22µm
_07499_,3.22µm
_07568_,3.22µm
_07622_,3.22µm
_07692_,3.22µm
_07696_,3.22µm
_08237_,3.22µm
_08633_,3.22µm
_00058_,3.2µm
_00075_,3.2µm
_00150_,3.2µm
_00190_,3.2µm
_00217_,3.2µm
_00243_,3.2µm
_00273_,3.2µm
_00667_,3.2µm
_00682_,3.2µm
_00688_,3.2µm
_00711_,3.2µm
_00735_,3.2µm
_00751_,3.2µm
_00761_,3.2µm
_01960_,3.2µm
_02690_,3.2µm
_04040_,3.2µm
_05040_,3.2µm
_05574_,3.2µm
_05591_,3.2µm
_07193_,3.2µm
net2283,3.2µm
net2329,3.2µm
_00809_,3.19µm
_00100_,3.18µm
_00433_,3.18µm
_00467_,3.18µm
_00518_,3.18µm
_00555_,3.18µm
_00558_,3.18µm
_00577_,3.18µm
_00599_,3.18µm
_00631_,3.18µm
_00716_,3.18µm
_00782_,3.18µm
_00985_,3.18µm
_03029_,3.18µm
_03612_,3.18µm
_04870_,3.18µm
_04938_,3.18µm
_07204_,3.18µm
_07345_,3.18µm
_07393_,3.18µm
_07824_,3.18µm
_08621_,3.18µm
_08738_,3.18µm
_08775_,3.18µm
_08968_,3.18µm
_09122_,3.18µm
_09147_,3.18µm
u_aes128_baseline.u_aes_core.state_reg\[75\],3.18µm
net2309,3.18µm
_02183_,3.16µm
_04394_,3.135µm
_00635_,3.125µm
_00519_,3.115µm
_00532_,3.115µm
_00634_,3.115µm
_06893_,3.105µm
_00441_,3.1µm
_00476_,3.1µm
_00482_,3.1µm
_00531_,3.1µm
_00569_,3.1µm
_00601_,3.1µm
_00624_,3.1µm
_01074_,3.1µm
_01093_,3.1µm
_01173_,3.1µm
_01184_,3.1µm
_01206_,3.1µm
_01785_,3.1µm
_01860_,3.1µm
_02422_,3.1µm
_02529_,3.1µm
_02559_,3.1µm
_02713_,3.1µm
_03039_,3.1µm
_03656_,3.1µm
_03857_,3.1µm
_03905_,3.1µm
_04460_,3.1µm
_04639_,3.1µm
_04718_,3.1µm
_05243_,3.1µm
_05274_,3.1µm
_05479_,3.1µm
_05500_,3.1µm
_05639_,3.1µm
_06482_,3.1µm
_07185_,3.1µm
_07257_,3.1µm
_07331_,3.1µm
_07338_,3.1µm
_07673_,3.1µm
_08115_,3.1µm
_08781_,3.1µm
_08979_,3.1µm
_07019_,3.09µm
_08695_,3.085µm
_00034_,3.08µm
_00036_,3.08µm
_00071_,3.08µm
_00128_,3.08µm
_00218_,3.08µm
_00373_,3.08µm
_00378_,3.08µm
_00391_,3.08µm
_00413_,3.08µm
_00420_,3.08µm
_00426_,3.08µm
_00464_,3.08µm
_00590_,3.08µm
_00604_,3.08µm
_00608_,3.08µm
_00615_,3.08µm
_00628_,3.08µm
_00700_,3.08µm
_00720_,3.08µm
_00736_,3.08µm
_00786_,3.08µm
_00797_,3.08µm
_00846_,3.08µm
_00947_,3.08µm
_01708_,3.08µm
_01784_,3.08µm
_02174_,3.08µm
_02195_,3.08µm
_02415_,3.08µm
_02598_,3.08µm
_02718_,3.08µm
_02786_,3.08µm
_02882_,3.08µm
_02887_,3.08µm
_03033_,3.08µm
_03088_,3.08µm
_03097_,3.08µm
_03107_,3.08µm
_03160_,3.08µm
_03375_,3.08µm
_04355_,3.08µm
_04388_,3.08µm
_05021_,3.08µm
_05216_,3.08µm
_05317_,3.08µm
_05472_,3.08µm
_05636_,3.08µm
_05670_,3.08µm
_05726_,3.08µm
_05826_,3.08µm
_05932_,3.08µm
_06077_,3.08µm
_06447_,3.08µm
_06532_,3.08µm
_06668_,3.08µm
_06813_,3.08µm
_07119_,3.08µm
_07247_,3.08µm
_07951_,3.08µm
_07969_,3.08µm
_08153_,3.08µm
_08574_,3.08µm
_08624_,3.08µm
_08760_,3.08µm
_08884_,3.08µm
_08902_,3.08µm
_08967_,3.08µm
ciphertext_wire\[126\],3.08µm
ciphertext_wire\[22\],3.08µm
ciphertext_wire\[45\],3.08µm
ciphertext_wire\[9\],3.08µm
_02440_,3.06µm
_03004_,3.06µm
_03197_,3.06µm
_04425_,3.06µm
_06848_,3.06µm
_06995_,3.06µm
_08327_,3.06µm
_08391_,3.06µm
_08669_,3.06µm
_09285_,3.06µm
_00984_,2.995µm
_08797_,2.99µm
_00252_,2.98µm
_00276_,2.98µm
_01851_,2.98µm
_02766_,2.98µm
_05323_,2.98µm
_05328_,2.98µm
_07053_,2.98µm
_07093_,2.98µm
_07719_,2.98µm
_08046_,2.98µm
_08264_,2.98µm
_08820_,2.98µm
_08765_,2.97µm
_01595_,2.965µm
_08932_,2.965µm
_00502_,2.96µm
_00936_,2.96µm
_02198_,2.96µm
_02304_,2.96µm
_02488_,2.96µm
_02532_,2.96µm
_02628_,2.96µm
_02692_,2.96µm
_03622_,2.96µm
_03658_,2.96µm
_03748_,2.96µm
_03947_,2.96µm
_04130_,2.96µm
_04244_,2.96µm
_04264_,2.96µm
_04477_,2.96µm
_04601_,2.96µm
_04815_,2.96µm
_05227_,2.96µm
_05326_,2.96µm
_05387_,2.96µm
_05475_,2.96µm
_05611_,2.96µm
_05664_,2.96µm
_05765_,2.96µm
_05835_,2.96µm
_05852_,2.96µm
_05923_,2.96µm
_06638_,2.96µm
_06685_,2.96µm
_06849_,2.96µm
_06953_,2.96µm
_07052_,2.96µm
_07176_,2.96µm
_07219_,2.96µm
_07259_,2.96µm
_07367_,2.96µm
_07392_,2.96µm
_07438_,2.96µm
_07495_,2.96µm
_07597_,2.96µm
_07781_,2.96µm
_07867_,2.96µm
_08362_,2.96µm
_08441_,2.96µm
_08816_,2.96µm
_08851_,2.96µm
_08886_,2.96µm
_09148_,2.96µm
net2201,2.96µm
_00760_,2.925µm
net2086,2.9µm
_01396_,2.86µm
_02395_,2.86µm
_04440_,2.86µm
_05412_,2.86µm
_05576_,2.86µm
_07242_,2.86µm
_07342_,2.86µm
_07423_,2.86µm
_07453_,2.86µm
_07592_,2.86µm
_08421_,2.855µm
_03592_,2.85µm
_05764_,2.85µm
_00018_,2.84µm
_00049_,2.84µm
_00068_,2.84µm
_00160_,2.84µm
_00171_,2.84µm
_00216_,2.84µm
_00620_,2.84µm
_00636_,2.84µm
_00948_,2.84µm
_03158_,2.84µm
_03593_,2.84µm
_03878_,2.84µm
_04315_,2.84µm
_04463_,2.84µm
_04619_,2.84µm
_05643_,2.84µm
_05844_,2.84µm
_05892_,2.84µm
_06089_,2.84µm
_06300_,2.84µm
_06807_,2.84µm
_06947_,2.84µm
_07006_,2.84µm
_07169_,2.84µm
_08325_,2.84µm
_08809_,2.84µm
_09301_,2.84µm
_09307_,2.84µm
_00418_,2.765µm
_00800_,2.76µm
_00871_,2.76µm
_01096_,2.76µm
_01545_,2.76µm
_01948_,2.76µm
_02400_,2.76µm
_02934_,2.76µm
_03055_,2.76µm
_03166_,2.76µm
_03199_,2.76µm
_03590_,2.76µm
_03595_,2.76µm
_03924_,2.76µm
_04211_,2.76µm
_04444_,2.76µm
_05314_,2.76µm
_05615_,2.76µm
_05809_,2.76µm
_05987_,2.76µm
_06002_,2.76µm
_06035_,2.76µm
_07105_,2.76µm
_07170_,2.76µm
_07308_,2.76µm
_07515_,2.76µm
_07564_,2.76µm
_07572_,2.76µm
_07618_,2.76µm
_07940_,2.76µm
_08102_,2.76µm
_08627_,2.76µm
_08725_,2.76µm
_08806_,2.76µm
_08882_,2.76µm
_08934_,2.76µm
_09041_,2.76µm
_09044_,2.76µm
_09074_,2.76µm
_09193_,2.76µm
net2301,2.76µm
_01825_,2.75µm
_00029_,2.74µm
_00031_,2.74µm
_00162_,2.74µm
_00196_,2.74µm
_00236_,2.74µm
_00698_,2.74µm
_01435_,2.74µm
_02631_,2.74µm
_03395_,2.74µm
_03785_,2.74µm
_03847_,2.74µm
_03892_,2.74µm
_03963_,2.74µm
_03987_,2.74µm
_05681_,2.74µm
_06612_,2.74µm
_06654_,2.74µm
_07136_,2.74µm
_07428_,2.74µm
_07594_,2.74µm
_07703_,2.74µm
_08206_,2.74µm
_08571_,2.74µm
_08690_,2.74µm
_02899_,2.73µm
_05679_,2.73µm
_01585_,2.725µm
_02360_,2.725µm
_03127_,2.725µm
_00092_,2.72µm
_00394_,2.72µm
_00395_,2.72µm
_00417_,2.72µm
_00509_,2.72µm
_00641_,2.72µm
_00719_,2.72µm
_01844_,2.72µm
_02153_,2.72µm
_04414_,2.72µm
_04462_,2.72µm
_04861_,2.72µm
_05838_,2.72µm
_05867_,2.72µm
_06505_,2.72µm
_07532_,2.72µm
_07986_,2.72µm
_09175_,2.72µm
_05727_,2.715µm
_05217_,2.705µm
_05856_,2.685µm
_01000_,2.675µm
_01015_,2.675µm
_02708_,2.67µm
_00578_,2.665µm
_01180_,2.65µm
_00212_,2.64µm
_00253_,2.64µm
_00270_,2.64µm
_00315_,2.64µm
_00403_,2.64µm
_00425_,2.64µm
_00447_,2.64µm
_00463_,2.64µm
_00471_,2.64µm
_00474_,2.64µm
_00480_,2.64µm
_00510_,2.64µm
_00517_,2.64µm
_00525_,2.64µm
_00526_,2.64µm
_00533_,2.64µm
_00536_,2.64µm
_00598_,2.64µm
_00618_,2.64µm
_00623_,2.64µm
_00626_,2.64µm
_00646_,2.64µm
_01085_,2.64µm
_01097_,2.64µm
_01135_,2.64µm
_01168_,2.64µm
_01172_,2.64µm
_02083_,2.64µm
_02227_,2.64µm
_02732_,2.64µm
_02795_,2.64µm
_04003_,2.64µm
_04257_,2.64µm
_04408_,2.64µm
_05309_,2.64µm
_05563_,2.64µm
_05780_,2.64µm
_05886_,2.64µm
_06246_,2.64µm
_07464_,2.64µm
_08389_,2.64µm
_08668_,2.64µm
_08740_,2.64µm
_08803_,2.64µm
_09011_,2.64µm
_09035_,2.64µm
_09078_,2.64µm
net2261,2.64µm
_00012_,2.62µm
_00056_,2.62µm
_00088_,2.62µm
_00130_,2.62µm
_00283_,2.62µm
_00326_,2.62µm
_00330_,2.62µm
_00338_,2.62µm
_00344_,2.62µm
_00353_,2.62µm
_00415_,2.62µm
_00436_,2.62µm
_00453_,2.62µm
_00494_,2.62µm
_00527_,2.62µm
_00543_,2.62µm
_00563_,2.62µm
_00566_,2.62µm
_00737_,2.62µm
_00743_,2.62µm
_00746_,2.62µm
_00775_,2.62µm
_00877_,2.62µm
_01203_,2.62µm
_01419_,2.62µm
_01549_,2.62µm
_01737_,2.62µm
_02163_,2.62µm
_02166_,2.62µm
_02499_,2.62µm
_02565_,2.62µm
_02589_,2.62µm
_02629_,2.62µm
_02654_,2.62µm
_02737_,2.62µm
_02805_,2.62µm
_03132_,2.62µm
_03167_,2.62µm
_03335_,2.62µm
_03361_,2.62µm
_03478_,2.62µm
_03560_,2.62µm
_03576_,2.62µm
_03780_,2.62µm
_03862_,2.62µm
_03932_,2.62µm
_04313_,2.62µm
_04323_,2.62µm
_04397_,2.62µm
_04461_,2.62µm
_04893_,2.62µm
_04951_,2.62µm
_05050_,2.62µm
_05059_,2.62µm
_05139_,2.62µm
_05195_,2.62µm
_05340_,2.62µm
_05349_,2.62µm
_05354_,2.62µm
_05484_,2.62µm
_05556_,2.62µm
_05598_,2.62µm
_05978_,2.62µm
_06102_,2.62µm
_06370_,2.62µm
_06555_,2.62µm
_06670_,2.62µm
_06731_,2.62µm
_06881_,2.62µm
_07081_,2.62µm
_07403_,2.62µm
_07557_,2.62µm
_07642_,2.62µm
_08083_,2.62µm
_08113_,2.62µm
_08285_,2.62µm
_08518_,2.62µm
_08682_,2.62µm
_08746_,2.62µm
_08800_,2.62µm
_08830_,2.62µm
_08842_,2.62µm
ciphertext_wire\[102\],2.62µm
ciphertext_wire\[55\],2.62µm
ciphertext_wire\[98\],2.62µm
u_aes128_baseline.u_aes_core.round_key_reg\[86\],2.62µm
net2293,2.62µm
net2302,2.62µm
_02245_,2.61µm
_04784_,2.58µm
_00900_,2.555µm
_01540_,2.555µm
_01439_,2.535µm
_06692_,2.525µm
_02138_,2.52µm
_04403_,2.52µm
_05269_,2.52µm
_05442_,2.52µm
_05559_,2.52µm
_06202_,2.52µm
_07122_,2.52µm
_05373_,2.505µm
_08667_,2.505µm
_00473_,2.5µm
_00723_,2.5µm
_00740_,2.5µm
_00888_,2.5µm
_01064_,2.5µm
_01071_,2.5µm
_01158_,2.5µm
_01416_,2.5µm
_02106_,2.5µm
_02114_,2.5µm
_02121_,2.5µm
_02128_,2.5µm
_02276_,2.5µm
_02311_,2.5µm
_02752_,2.5µm
_02804_,2.5µm
_02888_,2.5µm
_02925_,2.5µm
_02942_,2.5µm
_02947_,2.5µm
_03049_,2.5µm
_03058_,2.5µm
_03092_,2.5µm
_03151_,2.5µm
_03326_,2.5µm
_03421_,2.5µm
_03445_,2.5µm
_03517_,2.5µm
_03714_,2.5µm
_03840_,2.5µm
_03859_,2.5µm
_03922_,2.5µm
_03961_,2.5µm
_03969_,2.5µm
_04305_,2.5µm
_04841_,2.5µm
_04856_,2.5µm
_04957_,2.5µm
_05036_,2.5µm
_05043_,2.5µm
_05499_,2.5µm
_05736_,2.5µm
_05953_,2.5µm
_06461_,2.5µm
_06600_,2.5µm
_06678_,2.5µm
_06838_,2.5µm
_06876_,2.5µm
_07058_,2.5µm
_07802_,2.5µm
_07956_,2.5µm
_08077_,2.5µm
_08156_,2.5µm
_08182_,2.5µm
_08197_,2.5µm
_08292_,2.5µm
_08311_,2.5µm
_08423_,2.5µm
_08445_,2.5µm
_08537_,2.5µm
_08727_,2.5µm
_08749_,2.5µm
_08750_,2.5µm
_08894_,2.5µm
_08995_,2.5µm
_09029_,2.5µm
_09050_,2.5µm
net2237,2.5µm
_00267_,2.465µm
_00431_,2.465µm
_00643_,2.465µm
_00690_,2.465µm
_03066_,2.4µm
_04119_,2.4µm
_04974_,2.4µm
_05720_,2.4µm
_06714_,2.4µm
_07099_,2.4µm
_08766_,2.4µm
_09014_,2.4µm
_05477_,2.39µm
_04136_,2.385µm
_00127_,2.38µm
_00170_,2.38µm
_00178_,2.38µm
_00301_,2.38µm
_00416_,2.38µm
_00585_,2.38µm
_00796_,2.38µm
_01514_,2.38µm
_01820_,2.38µm
_02168_,2.38µm
_02234_,2.38µm
_03207_,2.38µm
_03786_,2.38µm
_03810_,2.38µm
_04013_,2.38µm
_04254_,2.38µm
_04484_,2.38µm
_04860_,2.38µm
_05454_,2.38µm
_05628_,2.38µm
_05790_,2.38µm
_05864_,2.38µm
_06557_,2.38µm
_07039_,2.38µm
_07376_,2.38µm
_07509_,2.38µm
_07541_,2.38µm
_07563_,2.38µm
_08255_,2.38µm
_08418_,2.38µm
_08511_,2.38µm
_09071_,2.38µm
_09099_,2.38µm
_09114_,2.38µm
_09118_,2.38µm
_09124_,2.38µm
_09141_,2.38µm
_09171_,2.38µm
_09172_,2.38µm
_09209_,2.38µm
_09255_,2.38µm
_06335_,2.375µm
_00409_,2.32µm
_00125_,2.305µm
_00911_,2.3µm
_00945_,2.3µm
_01068_,2.3µm
_01086_,2.3µm
_01087_,2.3µm
_01176_,2.3µm
_01359_,2.3µm
_01401_,2.3µm
_02074_,2.3µm
_02288_,2.3µm
_02366_,2.3µm
_02596_,2.3µm
_02735_,2.3µm
_02831_,2.3µm
_02950_,2.3µm
_03124_,2.3µm
_03388_,2.3µm
_03819_,2.3µm
_03898_,2.3µm
_04158_,2.3µm
_04929_,2.3µm
_04941_,2.3µm
_05361_,2.3µm
_05494_,2.3µm
_06492_,2.3µm
_06605_,2.3µm
_06687_,2.3µm
_06992_,2.3µm
_07182_,2.3µm
_07497_,2.3µm
_07878_,2.3µm
_08148_,2.3µm
_08517_,2.3µm
_08584_,2.3µm
_08649_,2.3µm
_08907_,2.3µm
_08962_,2.3µm
ciphertext_wire\[54\],2.3µm
net2216,2.3µm
_05370_,2.295µm
_00038_,2.28µm
_00064_,2.28µm
_00077_,2.28µm
_00151_,2.28µm
_00164_,2.28µm
_00173_,2.28µm
_00368_,2.28µm
_00695_,2.28µm
_00701_,2.28µm
_00713_,2.28µm
_00726_,2.28µm
_00738_,2.28µm
_00837_,2.28µm
_02130_,2.28µm
_02282_,2.28µm
_02584_,2.28µm
_02988_,2.28µm
_03454_,2.28µm
_03817_,2.28µm
_05010_,2.28µm
_05346_,2.28µm
_05739_,2.28µm
_05791_,2.28µm
_07479_,2.28µm
_08510_,2.28µm
_09293_,2.28µm
_06213_,2.27µm
_05351_,2.255µm
_05816_,2.22µm
_00437_,2.215µm
_00512_,2.215µm
_00529_,2.215µm
_00974_,2.215µm
_00466_,2.205µm
_00506_,2.205µm
_04845_,2.19µm
_04698_,2.185µm
_02113_,2.18µm
_02210_,2.18µm
_02217_,2.18µm
_02642_,2.18µm
_03146_,2.18µm
_03323_,2.18µm
_03885_,2.18µm
_03895_,2.18µm
_04052_,2.18µm
_04172_,2.18µm
_05136_,2.18µm
_05183_,2.18µm
_05382_,2.18µm
_05426_,2.18µm
_06079_,2.18µm
_06720_,2.18µm
_06966_,2.18µm
_07096_,2.18µm
_07141_,2.18µm
_07205_,2.18µm
_07280_,2.18µm
_08313_,2.18µm
_08618_,2.18µm
_09349_,2.18µm
_01859_,2.165µm
_02903_,2.165µm
_00048_,2.16µm
_00057_,2.16µm
_00062_,2.16µm
_00080_,2.16µm
_00163_,2.16µm
_00220_,2.16µm
_00227_,2.16µm
_00321_,2.16µm
_00328_,2.16µm
_00343_,2.16µm
_00363_,2.16µm
_00370_,2.16µm
_00386_,2.16µm
_00486_,2.16µm
_00495_,2.16µm
_00496_,2.16µm
_00507_,2.16µm
_00595_,2.16µm
_00715_,2.16µm
_00725_,2.16µm
_00982_,2.16µm
_01688_,2.16µm
_01906_,2.16µm
_02185_,2.16µm
_02189_,2.16µm
_02197_,2.16µm
_02371_,2.16µm
_02383_,2.16µm
_02407_,2.16µm
_02662_,2.16µm
_02848_,2.16µm
_02902_,2.16µm
_02936_,2.16µm
_02940_,2.16µm
_02945_,2.16µm
_02987_,2.16µm
_03086_,2.16µm
_03174_,2.16µm
_03184_,2.16µm
_03333_,2.16µm
_03391_,2.16µm
_03876_,2.16µm
_03896_,2.16µm
_03938_,2.16µm
_04141_,2.16µm
_04224_,2.16µm
_04295_,2.16µm
_04319_,2.16µm
_04359_,2.16µm
_04405_,2.16µm
_04589_,2.16µm
_04827_,2.16µm
_04978_,2.16µm
_05149_,2.16µm
_05176_,2.16µm
_05203_,2.16µm
_05250_,2.16µm
_05385_,2.16µm
_05393_,2.16µm
_05395_,2.16µm
_05689_,2.16µm
_05909_,2.16µm
_05958_,2.16µm
_06230_,2.16µm
_06553_,2.16µm
_06660_,2.16µm
_06764_,2.16µm
_07073_,2.16µm
_07135_,2.16µm
_07183_,2.16µm
_07239_,2.16µm
_07317_,2.16µm
_07709_,2.16µm
_07916_,2.16µm
_07992_,2.16µm
_08034_,2.16µm
_08272_,2.16µm
_08276_,2.16µm
_08696_,2.16µm
_08834_,2.16µm
_08875_,2.16µm
_08916_,2.16µm
ciphertext_wire\[69\],2.16µm
ciphertext_wire\[95\],2.16µm
_02525_,2.155µm
_03685_,2.155µm
_01193_,2.07µm
_01642_,2.07µm
_08207_,2.07µm
_05064_,2.065µm
_05356_,2.065µm
_01402_,2.06µm
_08701_,2.06µm
ciphertext_wire\[80\],2.06µm
ciphertext_wire\[96\],2.06µm
u_aes128_baseline.u_aes_core.state_reg\[50\],2.06µm
_07190_,2.045µm
_00026_,2.04µm
_00206_,2.04µm
_00465_,2.04µm
_00491_,2.04µm
_01594_,2.04µm
_01920_,2.04µm
_02441_,2.04µm
_02579_,2.04µm
_02879_,2.04µm
_02881_,2.04µm
_03005_,2.04µm
_03050_,2.04µm
_03060_,2.04µm
_03189_,2.04µm
_03290_,2.04µm
_04987_,2.04µm
_05044_,2.04µm
_05376_,2.04µm
_05708_,2.04µm
_05724_,2.04µm
_05787_,2.04µm
_05916_,2.04µm
_05980_,2.04µm
_06029_,2.04µm
_06273_,2.04µm
_06575_,2.04µm
_06582_,2.04µm
_06711_,2.04µm
_06975_,2.04µm
_07250_,2.04µm
_07268_,2.04µm
_07404_,2.04µm
_07485_,2.04µm
_07519_,2.04µm
_07606_,2.04µm
_08176_,2.04µm
_08240_,2.04µm
_08279_,2.04µm
_08321_,2.04µm
_08671_,2.04µm
_08728_,2.04µm
_09079_,2.04µm
_09234_,2.04µm
_00069_,2.005µm
_00257_,2.005µm
_00656_,2.005µm
_03102_,1.94µm
_07121_,1.94µm
_07414_,1.94µm
_08347_,1.94µm
net2212,1.94µm
_02068_,1.93µm
_00405_,1.86µm
_00225_,1.845µm
_00382_,1.845µm
_00712_,1.845µm
_00001_,1.84µm
_00387_,1.84µm
_00804_,1.84µm
_00824_,1.84µm
_00916_,1.84µm
_02127_,1.84µm
_02424_,1.84µm
_02802_,1.84µm
_03084_,1.84µm
_03118_,1.84µm
_03501_,1.84µm
_03805_,1.84µm
_03854_,1.84µm
_04286_,1.84µm
_04449_,1.84µm
_05410_,1.84µm
_05637_,1.84µm
_05920_,1.84µm
_06617_,1.84µm
_07948_,1.84µm
_07960_,1.84µm
_08346_,1.84µm
_08364_,1.84µm
_08496_,1.84µm
_08713_,1.84µm
_09040_,1.84µm
_09165_,1.84µm
net2281,1.84µm
_00015_,1.82µm
_00051_,1.82µm
_00054_,1.82µm
_00061_,1.82µm
_00073_,1.82µm
_00106_,1.82µm
_00111_,1.82µm
_00115_,1.82µm
_00148_,1.82µm
_00182_,1.82µm
_00208_,1.82µm
_00309_,1.82µm
_00379_,1.82µm
_00684_,1.82µm
_00692_,1.82µm
_00734_,1.82µm
_00757_,1.82µm
_01775_,1.82µm
_02256_,1.82µm
_02678_,1.82µm
_03200_,1.82µm
_03226_,1.82µm
_03619_,1.82µm
_03889_,1.82µm
_03972_,1.82µm
_04209_,1.82µm
_07210_,1.82µm
_07254_,1.82µm
_07263_,1.82µm
_08093_,1.82µm
_08374_,1.82µm
_08707_,1.82µm
_05606_,1.74µm
_01692_,1.725µm
_05168_,1.725µm
_00553_,1.72µm
_01438_,1.72µm
_01691_,1.72µm
_02811_,1.72µm
_03340_,1.72µm
_03616_,1.72µm
_05120_,1.72µm
_05278_,1.72µm
_07196_,1.72µm
u_aes128_baseline.u_aes_core.state_reg\[16\],1.72µm
_05239_,1.715µm
_00065_,1.7µm
_00120_,1.7µm
_00167_,1.7µm
_00168_,1.7µm
_00269_,1.7µm
_00478_,1.7µm
_00500_,1.7µm
_00653_,1.7µm
_00729_,1.7µm
_00860_,1.7µm
_00996_,1.7µm
_01400_,1.7µm
_01535_,1.7µm
_01790_,1.7µm
_02277_,1.7µm
_02769_,1.7µm
_02853_,1.7µm
_02905_,1.7µm
_03123_,1.7µm
_03334_,1.7µm
_04010_,1.7µm
_04018_,1.7µm
_04352_,1.7µm
_05795_,1.7µm
_06014_,1.7µm
_06317_,1.7µm
_06618_,1.7µm
_06648_,1.7µm
_06920_,1.7µm
_06967_,1.7µm
_07017_,1.7µm
_07027_,1.7µm
_07217_,1.7µm
_07386_,1.7µm
_07400_,1.7µm
_07554_,1.7µm
_07617_,1.7µm
_08184_,1.7µm
_08199_,1.7µm
_08341_,1.7µm
_08631_,1.7µm
_08660_,1.7µm
_08839_,1.7µm
_08922_,1.7µm
_09145_,1.7µm
ciphertext_wire\[11\],1.7µm
ciphertext_wire\[38\],1.7µm
ciphertext_wire\[43\],1.7µm
u_aes128_baseline.u_aes_core.round_key_reg\[27\],1.7µm
_06874_,1.625µm
_02254_,1.6µm
_05377_,1.6µm
_09034_,1.6µm
ciphertext_wire\[42\],1.6µm
u_aes128_baseline.u_aes_core.state_reg\[101\],1.6µm
_06172_,1.58µm
_04637_,1.575µm
_00104_,1.545µm
_00434_,1.545µm
_02251_,1.54µm
_01426_,1.48µm
_02451_,1.48µm
_02793_,1.48µm
_07377_,1.48µm
_07486_,1.48µm
_01918_,1.38µm
_02235_,1.38µm
_02611_,1.38µm
_02691_,1.38µm
_02932_,1.38µm
_03046_,1.38µm
_04038_,1.38µm
_04261_,1.38µm
_05334_,1.38µm
_05372_,1.38µm
_05513_,1.38µm
_05534_,1.38µm
_05707_,1.38µm
_05947_,1.38µm
_06533_,1.38µm
_06739_,1.38µm
_07140_,1.38µm
_07302_,1.38µm
_08336_,1.38µm
_08481_,1.38µm
_08788_,1.38µm
_09056_,1.38µm
_09123_,1.38µm
_00060_,1.36µm
_00079_,1.36µm
_00133_,1.36µm
_00135_,1.36µm
_00159_,1.36µm
_00207_,1.36µm
_00279_,1.36µm
_00703_,1.36µm
_00705_,1.36µm
_02420_,1.36µm
_03555_,1.36µm
_03614_,1.36µm
_05060_,1.36µm
_00594_,1.26µm
_00650_,1.26µm
_02118_,1.26µm
_04368_,1.26µm
_07927_,1.26µm
u_aes128_baseline.u_aes_core.state_reg\[79\],1.26µm
u_aes128_baseline.u_aes_core.state_reg\[93\],1.26µm
_00246_,1.085µm
_02249_,1.02µm
_04465_,1.02µm
_06980_,1.02µm
_07016_,1.02µm
_07475_,1.02µm
_07520_,1.02µm
_01229_,0.92µm
_02338_,0.92µm
_02341_,0.92µm
_02369_,0.92µm
_02531_,0.92µm
_03012_,0.92µm
_03054_,0.92µm
_03319_,0.92µm
_03788_,0.92µm
_04469_,0.92µm
_05123_,0.92µm
_05417_,0.92µm
_05646_,0.92µm
_05876_,0.92µm
_05922_,0.92µm
_05991_,0.92µm
_05998_,0.92µm
_06033_,0.92µm
_06305_,0.92µm
_06422_,0.92µm
_06682_,0.92µm
_06713_,0.92µm
_06796_,0.92µm
_06932_,0.92µm
_07026_,0.92µm
_07037_,0.92µm
_07230_,0.92µm
_07412_,0.92µm
_07523_,0.92µm
_07524_,0.92µm
_07598_,0.92µm
_07621_,0.92µm
_08170_,0.92µm
_08399_,0.92µm
_08837_,0.92µm
ciphertext_wire\[115\],0.92µm
ciphertext_wire\[118\],0.92µm
ciphertext_wire\[123\],0.92µm
ciphertext_wire\[29\],0.92µm
ciphertext_wire\[30\],0.92µm
ciphertext_wire\[33\],0.92µm
ciphertext_wire\[56\],0.92µm
ciphertext_wire\[59\],0.92µm
ciphertext_wire\[63\],0.92µm
ciphertext_wire\[72\],0.92µm
ciphertext_wire\[74\],0.92µm
ciphertext_wire\[7\],0.92µm
net2246,0.92µm
_01393_,0.835µm
_07312_,0.8µm
net2304,0.56µm
_00904_,0.48µm
_00890_,0.46µm
_00924_,0.46µm
_00946_,0.46µm
_00978_,0.46µm
_01007_,0.46µm
_01550_,0.46µm
_01568_,0.46µm
_02154_,0.46µm
_02948_,0.46µm
_03490_,0.46µm
_03561_,0.46µm
_03639_,0.46µm
_04336_,0.46µm
_05453_,0.46µm
_05732_,0.46µm
_06398_,0.46µm
_07042_,0.46µm
_07202_,0.46µm
_08007_,0.46µm
_08085_,0.46µm
_08503_,0.46µm
_08659_,0.46µm
_08855_,0.46µm
net2269,0.46µm
net2295,0.46µm
