
===========================================================================
report_checks -unconstrained
===========================================================================
======================= max_tt_025C_1v80 Corner ===================================

Startpoint: rst_n (input port clocked by clk)
Endpoint: _18983_ (recovery check against rising-edge clock clk)
Path Group: asynchronous
Path Type: max

Fanout         Cap        Slew       Delay        Time   Description
---------------------------------------------------------------------------------------------
                                  0.000000    0.000000   clock clk (rise edge)
                                  0.000000    0.000000   clock network delay (propagated)
                                  4.000000    4.000000 ^ input external delay
     1    0.002992    0.020560    0.011049    4.011049 ^ rst_n (in)
                                                         rst_n (net)
                      0.020568    0.000000    4.011049 ^ input2/A (sky130_fd_sc_hd__clkdlybuf4s25_1)
     1    0.003673    0.051798    0.240608    4.251657 ^ input2/X (sky130_fd_sc_hd__clkdlybuf4s25_1)
                                                         net2 (net)
                      0.051825    0.000265    4.251922 ^ fanout2077/A (sky130_fd_sc_hd__clkdlybuf4s25_1)
     5    0.181569    1.793568    1.455244    5.707166 ^ fanout2077/X (sky130_fd_sc_hd__clkdlybuf4s25_1)
                                                         net2077 (net)
                      1.793605    0.007094    5.714260 ^ fanout2011/A (sky130_fd_sc_hd__clkdlybuf4s25_1)
     2    0.042243    0.422071    0.710126    6.424386 ^ fanout2011/X (sky130_fd_sc_hd__clkdlybuf4s25_1)
                                                         net2011 (net)
                      0.422071    0.001037    6.425423 ^ _09509_/B (sky130_fd_sc_hd__and2_2)
     1    0.008017    0.064460    0.235933    6.661355 ^ _09509_/X (sky130_fd_sc_hd__and2_2)
                                                         core_reset_n (net)
                      0.064469    0.000762    6.662117 ^ fanout1987/A (sky130_fd_sc_hd__clkdlybuf4s25_1)
     3    0.024015    0.246517    0.394741    7.056858 ^ fanout1987/X (sky130_fd_sc_hd__clkdlybuf4s25_1)
                                                         net1987 (net)
                      0.246521    0.001450    7.058308 ^ load_slew1990/A (sky130_fd_sc_hd__buf_2)
     3    0.064622    0.314999    0.351740    7.410047 ^ load_slew1990/X (sky130_fd_sc_hd__buf_2)
                                                         net1990 (net)
                      0.315958    0.014267    7.424314 ^ load_slew1989/A (sky130_fd_sc_hd__clkbuf_4)
     3    0.102663    0.307449    0.405821    7.830135 ^ load_slew1989/X (sky130_fd_sc_hd__clkbuf_4)
                                                         net1989 (net)
                      0.308050    0.011194    7.841329 ^ fanout1976/A (sky130_fd_sc_hd__clkdlybuf4s25_1)
     6    0.093235    0.926963    0.915782    8.757111 ^ fanout1976/X (sky130_fd_sc_hd__clkdlybuf4s25_1)
                                                         net1976 (net)
                      0.928509    0.031360    8.788470 ^ fanout1975/A (sky130_fd_sc_hd__clkdlybuf4s25_1)
     6    0.071678    0.711382    0.847506    9.635977 ^ fanout1975/X (sky130_fd_sc_hd__clkdlybuf4s25_1)
                                                         net1975 (net)
                      0.711397    0.002754    9.638731 ^ fanout1973/A (sky130_fd_sc_hd__clkdlybuf4s25_1)
     2    0.007003    0.082962    0.393444   10.032174 ^ fanout1973/X (sky130_fd_sc_hd__clkdlybuf4s25_1)
                                                         net1973 (net)
                      0.082963    0.000442   10.032617 ^ load_slew1974/A (sky130_fd_sc_hd__clkbuf_4)
     8    0.050823    0.158645    0.229146   10.261763 ^ load_slew1974/X (sky130_fd_sc_hd__clkbuf_4)
                                                         net1974 (net)
                      0.158918    0.005416   10.267179 ^ fanout1971/A (sky130_fd_sc_hd__clkdlybuf4s25_1)
     2    0.009730    0.108550    0.326879   10.594057 ^ fanout1971/X (sky130_fd_sc_hd__clkdlybuf4s25_1)
                                                         net1971 (net)
                      0.108551    0.000479   10.594536 ^ fanout1969/A (sky130_fd_sc_hd__clkdlybuf4s25_1)
     2    0.008911    0.100706    0.307747   10.902283 ^ fanout1969/X (sky130_fd_sc_hd__clkdlybuf4s25_1)
                                                         net1969 (net)
                      0.100708    0.000612   10.902895 ^ load_slew1970/A (sky130_fd_sc_hd__buf_4)
     9    0.048347    0.139710    0.200385   11.103279 ^ load_slew1970/X (sky130_fd_sc_hd__buf_4)
                                                         net1970 (net)
                      0.140042    0.005562   11.108841 ^ _18983_/RESET_B (sky130_fd_sc_hd__dfrtp_2)
                                             11.108841   data arrival time

                                 20.000000   20.000000   clock clk (rise edge)
                                  0.000000   20.000000   clock source latency
     2    0.159507    0.717635    0.514294   20.514296 ^ clk (in)
                                                         clk (net)
                      0.720594    0.000000   20.514296 ^ clkbuf_0_clk/A (sky130_fd_sc_hd__clkbuf_16)
     8    0.145227    0.163994    0.356053   20.870348 ^ clkbuf_0_clk/X (sky130_fd_sc_hd__clkbuf_16)
                                                         clknet_0_clk (net)
                      0.168271    0.020309   20.890657 ^ clkbuf_3_5_0_clk/A (sky130_fd_sc_hd__clkbuf_8)
     8    0.110982    0.195999    0.279702   21.170359 ^ clkbuf_3_5_0_clk/X (sky130_fd_sc_hd__clkbuf_8)
                                                         clknet_3_5_0_clk (net)
                      0.196375    0.007038   21.177397 ^ clkbuf_leaf_29_clk/A (sky130_fd_sc_hd__clkbuf_8)
    14    0.052983    0.103744    0.222467   21.399864 ^ clkbuf_leaf_29_clk/X (sky130_fd_sc_hd__clkbuf_8)
                                                         clknet_leaf_29_clk (net)
                      0.103798    0.002260   21.402122 ^ _18983_/CLK (sky130_fd_sc_hd__dfrtp_2)
                                 -0.250000   21.152124   clock uncertainty
                                  0.000000   21.152124   clock reconvergence pessimism
                                  0.209155   21.361280   library recovery time
                                             21.361280   data required time
---------------------------------------------------------------------------------------------
                                             21.361280   data required time
                                            -11.108841   data arrival time
---------------------------------------------------------------------------------------------
                                             10.252439   slack (MET)


Startpoint: _19530_ (rising edge-triggered flip-flop clocked by clk)
Endpoint: uio_out[7] (output port clocked by clk)
Path Group: clk
Path Type: max

Fanout         Cap        Slew       Delay        Time   Description
---------------------------------------------------------------------------------------------
                                  0.000000    0.000000   clock clk (rise edge)
                                  0.000000    0.000000   clock source latency
     2    0.159507    0.717635    0.514295    0.514295 ^ clk (in)
                                                         clk (net)
                      0.720594    0.000000    0.514295 ^ clkbuf_0_clk/A (sky130_fd_sc_hd__clkbuf_16)
     8    0.145227    0.163994    0.356052    0.870347 ^ clkbuf_0_clk/X (sky130_fd_sc_hd__clkbuf_16)
                                                         clknet_0_clk (net)
                      0.178467    0.037831    0.908178 ^ clkbuf_3_2_0_clk/A (sky130_fd_sc_hd__clkbuf_8)
     8    0.103176    0.183154    0.275560    1.183738 ^ clkbuf_3_2_0_clk/X (sky130_fd_sc_hd__clkbuf_8)
                                                         clknet_3_2_0_clk (net)
                      0.183816    0.008886    1.192624 ^ clkbuf_leaf_13_clk/A (sky130_fd_sc_hd__clkbuf_8)
    10    0.066865    0.124980    0.235957    1.428581 ^ clkbuf_leaf_13_clk/X (sky130_fd_sc_hd__clkbuf_8)
                                                         clknet_leaf_13_clk (net)
                      0.125045    0.002668    1.431249 ^ _19530_/CLK (sky130_fd_sc_hd__dfrtp_2)
     1    0.003897    0.041510    0.413496    1.844745 v _19530_/Q (sky130_fd_sc_hd__dfrtp_2)
                                                         busy_wire (net)
                      0.041510    0.000261    1.845006 v fanout899/A (sky130_fd_sc_hd__clkdlybuf4s25_1)
     8    0.132147    0.955032    0.910056    2.755063 v fanout899/X (sky130_fd_sc_hd__clkdlybuf4s25_1)
                                                         net899 (net)
                      0.955378    0.015487    2.770550 v fanout888/A (sky130_fd_sc_hd__clkdlybuf4s25_1)
     3    0.036604    0.271598    0.641941    3.412491 v fanout888/X (sky130_fd_sc_hd__clkdlybuf4s25_1)
                                                         net888 (net)
                      0.271604    0.001618    3.414109 v fanout885/A (sky130_fd_sc_hd__clkdlybuf4s25_1)
     3    0.011658    0.097961    0.378274    3.792382 v fanout885/X (sky130_fd_sc_hd__clkdlybuf4s25_1)
                                                         net885 (net)
                      0.097963    0.000610    3.792993 v load_slew886/A (sky130_fd_sc_hd__buf_4)
     8    0.059674    0.085651    0.213622    4.006615 v load_slew886/X (sky130_fd_sc_hd__buf_4)
                                                         net886 (net)
                      0.087706    0.010451    4.017066 v _09507_/A (sky130_fd_sc_hd__or3_2)
     1    0.010949    0.103817    0.526352    4.543417 v _09507_/X (sky130_fd_sc_hd__or3_2)
                                                         _01354_ (net)
                      0.103823    0.000921    4.544338 v _09508_/D (sky130_fd_sc_hd__nor4_4)
     1    0.061636    0.851431    0.653370    5.197708 ^ _09508_/Y (sky130_fd_sc_hd__nor4_4)
                                                         ready_wire (net)
                      0.851649    0.011156    5.208865 ^ wire234/A (sky130_fd_sc_hd__clkbuf_2)
     2    0.039422    0.218771    0.364928    5.573792 ^ wire234/X (sky130_fd_sc_hd__clkbuf_2)
                                                         net234 (net)
                      0.219125    0.007161    5.580954 ^ wire233/A (sky130_fd_sc_hd__clkbuf_2)
     2    0.032397    0.180192    0.251140    5.832093 ^ wire233/X (sky130_fd_sc_hd__clkbuf_2)
                                                         net233 (net)
                      0.180425    0.005311    5.837405 ^ _19547_/A (sky130_fd_sc_hd__buf_2)
     1    0.034828    0.173487    0.243276    6.080680 ^ _19547_/X (sky130_fd_sc_hd__buf_2)
                                                         uio_out[7] (net)
                      0.173508    0.001934    6.082614 ^ uio_out[7] (out)
                                              6.082614   data arrival time

                                 20.000000   20.000000   clock clk (rise edge)
                                  0.000000   20.000000   clock network delay (propagated)
                                 -0.250000   19.750002   clock uncertainty
                                  0.000000   19.750002   clock reconvergence pessimism
                                 -4.000000   15.750001   output external delay
                                             15.750001   data required time
---------------------------------------------------------------------------------------------
                                             15.750001   data required time
                                             -6.082614   data arrival time
---------------------------------------------------------------------------------------------
                                              9.667386   slack (MET)




===========================================================================
report_checks --slack_max -0.01
============================================================================
======================= max_tt_025C_1v80 Corner ===================================

No paths found.


===========================================================================
 report_check_types -max_slew -max_cap -max_fanout -violators
============================================================================
======================= max_tt_025C_1v80 Corner ===================================

max slew

Pin                                        Limit        Slew       Slack
------------------------------------------------------------------------
fanout2076/A                            0.750000    1.795186   -1.045186 (VIOLATED)
fanout2055/A                            0.750000    1.794782   -1.044782 (VIOLATED)
fanout2060/A                            0.750000    1.794742   -1.044742 (VIOLATED)
fanout2044/A                            0.750000    1.793889   -1.043889 (VIOLATED)
fanout2011/A                            0.750000    1.793605   -1.043605 (VIOLATED)
fanout2077/X                            0.750000    1.793568   -1.043568 (VIOLATED)
_17860_/A1                              0.750000    1.547169   -0.797169 (VIOLATED)
_17835_/A1                              0.750000    1.547159   -0.797159 (VIOLATED)
_17810_/A1                              0.750000    1.547145   -0.797145 (VIOLATED)
_17549_/A1                              0.750000    1.547044   -0.797044 (VIOLATED)
_17524_/A1                              0.750000    1.546938   -0.796938 (VIOLATED)
fanout900/A                             0.750000    1.546866   -0.796866 (VIOLATED)
_17964_/A1                              0.750000    1.546862   -0.796862 (VIOLATED)
_17785_/A1                              0.750000    1.546827   -0.796827 (VIOLATED)
_17731_/A1                              0.750000    1.546822   -0.796822 (VIOLATED)
fanout901/X                             0.750000    1.546808   -0.796808 (VIOLATED)
_12267_/A1                              0.750000    1.359848   -0.609848 (VIOLATED)
_11836_/A1                              0.750000    1.359834   -0.609834 (VIOLATED)
_15783_/A1                              0.750000    1.359600   -0.609600 (VIOLATED)
_15869_/A1                              0.750000    1.359408   -0.609408 (VIOLATED)
_09503_/A                               0.750000    1.359406   -0.609406 (VIOLATED)
_15846_/A1                              0.750000    1.359406   -0.609406 (VIOLATED)
_15860_/A1                              0.750000    1.359405   -0.609405 (VIOLATED)
_15845_/B                               0.750000    1.359396   -0.609396 (VIOLATED)
_15859_/B                               0.750000    1.359393   -0.609393 (VIOLATED)
_18136_/A                               0.750000    1.359366   -0.609366 (VIOLATED)
fanout235/X                             0.750000    1.359333   -0.609333 (VIOLATED)
fanout898/A                             0.750000    1.315857   -0.565857 (VIOLATED)
ANTENNA_246/DIODE                       0.750000    1.315848   -0.565848 (VIOLATED)
fanout892/A                             0.750000    1.315636   -0.565636 (VIOLATED)
ANTENNA_245/DIODE                       0.750000    1.315634   -0.565634 (VIOLATED)
fanout888/A                             0.750000    1.314740   -0.564740 (VIOLATED)
fanout884/A                             0.750000    1.314643   -0.564643 (VIOLATED)
fanout881/A                             0.750000    1.314526   -0.564526 (VIOLATED)
fanout882/A                             0.750000    1.314523   -0.564523 (VIOLATED)
fanout899/X                             0.750000    1.314479   -0.564479 (VIOLATED)
_18410_/B2                              0.750000    1.290864   -0.540864 (VIOLATED)
_18418_/B2                              0.750000    1.290794   -0.540794 (VIOLATED)
_18414_/B2                              0.750000    1.290787   -0.540788 (VIOLATED)
_18416_/B2                              0.750000    1.290743   -0.540743 (VIOLATED)
_18420_/B2                              0.750000    1.290699   -0.540699 (VIOLATED)
_18422_/B2                              0.750000    1.290558   -0.540558 (VIOLATED)
_18412_/B2                              0.750000    1.290405   -0.540405 (VIOLATED)
_18725_/C                               0.750000    1.288673   -0.538673 (VIOLATED)
ANTENNA_240/DIODE                       0.750000    1.288670   -0.538670 (VIOLATED)
_18312_/B                               0.750000    1.288444   -0.538444 (VIOLATED)
_18733_/A4                              0.750000    1.288383   -0.538383 (VIOLATED)
fanout373/X                             0.750000    1.288371   -0.538371 (VIOLATED)
fanout1627/A                            0.750000    1.250899   -0.500899 (VIOLATED)
fanout1626/A                            0.750000    1.250781   -0.500781 (VIOLATED)
_10399_/C1                              0.750000    1.250779   -0.500779 (VIOLATED)
_11197_/B1                              0.750000    1.250699   -0.500699 (VIOLATED)
_17598_/A0                              0.750000    1.250391   -0.500391 (VIOLATED)
fanout1628/X                            0.750000    1.250379   -0.500379 (VIOLATED)
fanout177/A                             0.750000    1.244821   -0.494821 (VIOLATED)
ANTENNA_237/DIODE                       0.750000    1.244819   -0.494819 (VIOLATED)
ANTENNA_236/DIODE                       0.750000    1.244775   -0.494775 (VIOLATED)
fanout170/A                             0.750000    1.244759   -0.494759 (VIOLATED)
fanout168/A                             0.750000    1.244700   -0.494701 (VIOLATED)
ANTENNA_235/DIODE                       0.750000    1.244696   -0.494696 (VIOLATED)
fanout166/A                             0.750000    1.244619   -0.494619 (VIOLATED)
ANTENNA_234/DIODE                       0.750000    1.244614   -0.494614 (VIOLATED)
fanout163/A                             0.750000    1.244403   -0.494403 (VIOLATED)
fanout155/A                             0.750000    1.244321   -0.494321 (VIOLATED)
fanout178/X                             0.750000    1.244292   -0.494292 (VIOLATED)
_17601_/A1                              0.750000    1.226950   -0.476950 (VIOLATED)
_17600_/X                               0.750000    1.224614   -0.474614 (VIOLATED)
_17509_/A1                              0.750000    1.182428   -0.432428 (VIOLATED)
_17508_/X                               0.750000    1.179444   -0.429444 (VIOLATED)
_16423_/B                               0.750000    1.168645   -0.418645 (VIOLATED)
_16422_/X                               0.750000    1.162622   -0.412622 (VIOLATED)
_11702_/A1                              0.750000    1.162056   -0.412056 (VIOLATED)
_11746_/A1                              0.750000    1.162032   -0.412032 (VIOLATED)
fanout1059/A                            0.750000    1.161800   -0.411800 (VIOLATED)
_11413_/A                               0.750000    1.160369   -0.410369 (VIOLATED)
_17889_/A1                              0.750000    1.160323   -0.410323 (VIOLATED)
fanout1060/X                            0.750000    1.160289   -0.410289 (VIOLATED)
_18163_/B1                              0.750000    1.146331   -0.396331 (VIOLATED)
_18307_/A1                              0.750000    1.146315   -0.396315 (VIOLATED)
_15825_/B                               0.750000    1.141885   -0.391885 (VIOLATED)
_17518_/A1                              0.750000    1.140862   -0.390862 (VIOLATED)
_15824_/X                               0.750000    1.139567   -0.389567 (VIOLATED)
_17517_/X                               0.750000    1.139258   -0.389258 (VIOLATED)
fanout964/A                             0.750000    1.138901   -0.388901 (VIOLATED)
fanout963/A                             0.750000    1.138845   -0.388845 (VIOLATED)
fanout962/A                             0.750000    1.138746   -0.388746 (VIOLATED)
ANTENNA_333/DIODE                       0.750000    1.138737   -0.388737 (VIOLATED)
_12213_/A                               0.750000    1.136819   -0.386819 (VIOLATED)
_17918_/A1                              0.750000    1.136814   -0.386814 (VIOLATED)
fanout965/X                             0.750000    1.136789   -0.386789 (VIOLATED)
_18162_/X                               0.750000    1.130763   -0.380763 (VIOLATED)
_17256_/B                               0.750000    1.115401   -0.365401 (VIOLATED)
_17255_/X                               0.750000    1.109473   -0.359473 (VIOLATED)
_11414_/A                               0.750000    1.099760   -0.349760 (VIOLATED)
_11380_/X                               0.750000    1.095505   -0.345505 (VIOLATED)
ANTENNA_297/DIODE                       0.750000    1.078379   -0.328379 (VIOLATED)
ANTENNA_293/DIODE                       0.750000    1.078378   -0.328378 (VIOLATED)
_17613_/A1                              0.750000    1.078378   -0.328378 (VIOLATED)
ANTENNA_289/DIODE                       0.750000    1.078378   -0.328378 (VIOLATED)
ANTENNA_291/DIODE                       0.750000    1.078378   -0.328378 (VIOLATED)
ANTENNA_295/DIODE                       0.750000    1.078378   -0.328378 (VIOLATED)
ANTENNA_288/DIODE                       0.750000    1.078368   -0.328368 (VIOLATED)
ANTENNA_290/DIODE                       0.750000    1.078360   -0.328360 (VIOLATED)
ANTENNA_292/DIODE                       0.750000    1.078359   -0.328359 (VIOLATED)
ANTENNA_294/DIODE                       0.750000    1.078359   -0.328359 (VIOLATED)
ANTENNA_296/DIODE                       0.750000    1.078358   -0.328358 (VIOLATED)
ANTENNA_298/DIODE                       0.750000    1.078358   -0.328358 (VIOLATED)
_17612_/X                               0.750000    1.078053   -0.328053 (VIOLATED)
_14821_/B                               0.750000    1.071381   -0.321381 (VIOLATED)
_14820_/X                               0.750000    1.069198   -0.319199 (VIOLATED)
_10852_/B                               0.750000    1.061748   -0.311748 (VIOLATED)
_13669_/A                               0.750000    1.051688   -0.301688 (VIOLATED)
_17944_/B                               0.750000    1.051196   -0.301196 (VIOLATED)
_10851_/Y                               0.750000    1.050941   -0.300941 (VIOLATED)
_18157_/B1                              0.750000    1.046568   -0.296568 (VIOLATED)
_18304_/A1                              0.750000    1.046559   -0.296559 (VIOLATED)
_18156_/X                               0.750000    1.033937   -0.283937 (VIOLATED)
_11583_/A                               0.750000    1.022916   -0.272916 (VIOLATED)
_11536_/X                               0.750000    1.020389   -0.270389 (VIOLATED)
_17709_/A1                              0.750000    1.015018   -0.265018 (VIOLATED)
_18311_/A2                              0.750000    1.013873   -0.263873 (VIOLATED)
_18308_/A2                              0.750000    1.013737   -0.263737 (VIOLATED)
_17708_/X                               0.750000    1.013636   -0.263636 (VIOLATED)
_18305_/A2                              0.750000    1.013582   -0.263582 (VIOLATED)
_11166_/B                               0.750000    1.013419   -0.263419 (VIOLATED)
_18713_/A3                              0.750000    1.012909   -0.262909 (VIOLATED)
_18712_/A2                              0.750000    1.012856   -0.262856 (VIOLATED)
_18710_/A2                              0.750000    1.012840   -0.262840 (VIOLATED)
_18303_/B                               0.750000    1.012801   -0.262801 (VIOLATED)
_18711_/A2                              0.750000    1.012791   -0.262791 (VIOLATED)
_18715_/A3                              0.750000    1.012781   -0.262781 (VIOLATED)
_18716_/D                               0.750000    1.012702   -0.262702 (VIOLATED)
fanout255/X                             0.750000    1.012669   -0.262669 (VIOLATED)
_17739_/A1                              0.750000    1.009632   -0.259632 (VIOLATED)
ANTENNA_189/DIODE                       0.750000    1.009629   -0.259629 (VIOLATED)
_17738_/X                               0.750000    1.009378   -0.259378 (VIOLATED)
ANTENNA_180/DIODE                       0.750000    1.009199   -0.259199 (VIOLATED)
ANTENNA_176/DIODE                       0.750000    1.009198   -0.259198 (VIOLATED)
ANTENNA_178/DIODE                       0.750000    1.009199   -0.259199 (VIOLATED)
_17700_/A1                              0.750000    1.009199   -0.259199 (VIOLATED)
ANTENNA_174/DIODE                       0.750000    1.009198   -0.259198 (VIOLATED)
ANTENNA_172/DIODE                       0.750000    1.009197   -0.259198 (VIOLATED)
ANTENNA_173/DIODE                       0.750000    1.009175   -0.259175 (VIOLATED)
ANTENNA_175/DIODE                       0.750000    1.009157   -0.259157 (VIOLATED)
ANTENNA_177/DIODE                       0.750000    1.009156   -0.259156 (VIOLATED)
ANTENNA_179/DIODE                       0.750000    1.009155   -0.259155 (VIOLATED)
_13918_/A                               0.750000    1.008543   -0.258543 (VIOLATED)
_11165_/X                               0.750000    1.008541   -0.258541 (VIOLATED)
_17949_/B1                              0.750000    1.008541   -0.258541 (VIOLATED)
_17699_/X                               0.750000    1.007783   -0.257783 (VIOLATED)
_11950_/B                               0.750000    1.003578   -0.253578 (VIOLATED)
_14173_/A                               0.750000    1.000988   -0.250988 (VIOLATED)
_17973_/A2                              0.750000    1.000976   -0.250976 (VIOLATED)
_11949_/X                               0.750000    1.000962   -0.250962 (VIOLATED)
_11912_/B1                              0.750000    0.994096   -0.244096 (VIOLATED)
_12068_/C1                              0.750000    0.994003   -0.244003 (VIOLATED)
_12207_/C1                              0.750000    0.993993   -0.243993 (VIOLATED)
_12107_/C1                              0.750000    0.993930   -0.243930 (VIOLATED)
_12116_/C1                              0.750000    0.993784   -0.243784 (VIOLATED)
_12235_/C1                              0.750000    0.993765   -0.243765 (VIOLATED)
_12231_/A                               0.750000    0.993762   -0.243762 (VIOLATED)
_12075_/C1                              0.750000    0.993761   -0.243761 (VIOLATED)
_11998_/B1                              0.750000    0.993725   -0.243725 (VIOLATED)
_11782_/A                               0.750000    0.993604   -0.243604 (VIOLATED)
fanout775/X                             0.750000    0.993574   -0.243574 (VIOLATED)
_17798_/A1                              0.750000    0.987641   -0.237641 (VIOLATED)
_17797_/X                               0.750000    0.984411   -0.234411 (VIOLATED)
_17795_/A1                              0.750000    0.980526   -0.230526 (VIOLATED)
_17794_/X                               0.750000    0.978863   -0.228863 (VIOLATED)
ANTENNA_125/DIODE                       0.750000    0.973417   -0.223417 (VIOLATED)
ANTENNA_121/DIODE                       0.750000    0.973416   -0.223416 (VIOLATED)
ANTENNA_123/DIODE                       0.750000    0.973416   -0.223416 (VIOLATED)
ANTENNA_117/DIODE                       0.750000    0.973416   -0.223416 (VIOLATED)
ANTENNA_119/DIODE                       0.750000    0.973416   -0.223416 (VIOLATED)
_17503_/A1                              0.750000    0.973416   -0.223416 (VIOLATED)
ANTENNA_116/DIODE                       0.750000    0.973407   -0.223407 (VIOLATED)
ANTENNA_118/DIODE                       0.750000    0.973399   -0.223399 (VIOLATED)
ANTENNA_120/DIODE                       0.750000    0.973399   -0.223399 (VIOLATED)
ANTENNA_122/DIODE                       0.750000    0.973399   -0.223399 (VIOLATED)
ANTENNA_124/DIODE                       0.750000    0.973398   -0.223398 (VIOLATED)
ANTENNA_126/DIODE                       0.750000    0.973397   -0.223398 (VIOLATED)
_17502_/X                               0.750000    0.973179   -0.223179 (VIOLATED)
_09406_/A                               0.750000    0.966282   -0.216282 (VIOLATED)
_11911_/A1                              0.750000    0.966256   -0.216256 (VIOLATED)
_11907_/B2                              0.750000    0.966179   -0.216179 (VIOLATED)
_11945_/C1                              0.750000    0.966104   -0.216104 (VIOLATED)
_12208_/B1                              0.750000    0.965639   -0.215639 (VIOLATED)
_12084_/B1                              0.750000    0.965529   -0.215529 (VIOLATED)
_12091_/B2                              0.750000    0.965520   -0.215520 (VIOLATED)
_12069_/C1                              0.750000    0.965502   -0.215502 (VIOLATED)
_12132_/A1                              0.750000    0.965082   -0.215082 (VIOLATED)
_17904_/A1                              0.750000    0.965020   -0.215020 (VIOLATED)
fanout1010/X                            0.750000    0.965020   -0.215020 (VIOLATED)
_16195_/A_N                             0.750000    0.960001   -0.210001 (VIOLATED)
_16981_/A1                              0.750000    0.959991   -0.209991 (VIOLATED)
fanout1619/A                            0.750000    0.959986   -0.209986 (VIOLATED)
fanout1616/A                            0.750000    0.959976   -0.209976 (VIOLATED)
_17604_/A0                              0.750000    0.959904   -0.209904 (VIOLATED)
fanout1620/X                            0.750000    0.959882   -0.209882 (VIOLATED)
_17616_/A1                              0.750000    0.955562   -0.205562 (VIOLATED)
ANTENNA_150/DIODE                       0.750000    0.955560   -0.205560 (VIOLATED)
_17615_/X                               0.750000    0.955259   -0.205259 (VIOLATED)
_15850_/B                               0.750000    0.952264   -0.202265 (VIOLATED)
_15849_/X                               0.750000    0.951855   -0.201855 (VIOLATED)
ANTENNA_308/DIODE                       0.750000    0.951215   -0.201215 (VIOLATED)
ANTENNA_304/DIODE                       0.750000    0.951215   -0.201215 (VIOLATED)
ANTENNA_306/DIODE                       0.750000    0.951215   -0.201215 (VIOLATED)
ANTENNA_302/DIODE                       0.750000    0.951215   -0.201215 (VIOLATED)
ANTENNA_300/DIODE                       0.750000    0.951209   -0.201209 (VIOLATED)
_17721_/A1                              0.750000    0.951205   -0.201205 (VIOLATED)
ANTENNA_299/DIODE                       0.750000    0.951202   -0.201203 (VIOLATED)
ANTENNA_301/DIODE                       0.750000    0.951202   -0.201202 (VIOLATED)
ANTENNA_303/DIODE                       0.750000    0.951202   -0.201202 (VIOLATED)
ANTENNA_305/DIODE                       0.750000    0.951201   -0.201201 (VIOLATED)
ANTENNA_307/DIODE                       0.750000    0.951187   -0.201187 (VIOLATED)
ANTENNA_309/DIODE                       0.750000    0.951174   -0.201174 (VIOLATED)
_17720_/X                               0.750000    0.950878   -0.200878 (VIOLATED)
_12008_/A                               0.750000    0.947166   -0.197166 (VIOLATED)
_11957_/X                               0.750000    0.944593   -0.194593 (VIOLATED)
wire1647/A                              0.750000    0.943820   -0.193820 (VIOLATED)
ANTENNA_336/DIODE                       0.750000    0.943812   -0.193812 (VIOLATED)
_17589_/A0                              0.750000    0.943129   -0.193129 (VIOLATED)
fanout1646/X                            0.750000    0.943129   -0.193129 (VIOLATED)
_17742_/A1                              0.750000    0.938073   -0.188073 (VIOLATED)
ANTENNA_1/DIODE                         0.750000    0.938070   -0.188070 (VIOLATED)
ANTENNA_2/DIODE                         0.750000    0.938057   -0.188057 (VIOLATED)
_17741_/X                               0.750000    0.937442   -0.187442 (VIOLATED)
_12926_/A2                              0.750000    0.935442   -0.185442 (VIOLATED)
_12914_/C                               0.750000    0.935428   -0.185428 (VIOLATED)
_12946_/C                               0.750000    0.935428   -0.185428 (VIOLATED)
_13308_/B                               0.750000    0.935367   -0.185367 (VIOLATED)
_12943_/A2                              0.750000    0.935290   -0.185290 (VIOLATED)
_13456_/A2                              0.750000    0.935157   -0.185157 (VIOLATED)
_12942_/B                               0.750000    0.935074   -0.185074 (VIOLATED)
_14081_/C                               0.750000    0.935069   -0.185069 (VIOLATED)
_13641_/A2                              0.750000    0.935021   -0.185021 (VIOLATED)
_13638_/B                               0.750000    0.934987   -0.184987 (VIOLATED)
fanout478/X                             0.750000    0.934944   -0.184944 (VIOLATED)
_18142_/C1                              0.750000    0.934298   -0.184298 (VIOLATED)
fanout1975/A                            0.750000    0.928509   -0.178509 (VIOLATED)
ANTENNA_252/DIODE                       0.750000    0.928508   -0.178508 (VIOLATED)
fanout1950/A                            0.750000    0.928002   -0.178002 (VIOLATED)
fanout1952/A                            0.750000    0.927953   -0.177953 (VIOLATED)
fanout1948/A                            0.750000    0.927254   -0.177255 (VIOLATED)
fanout1957/A                            0.750000    0.926972   -0.176972 (VIOLATED)
fanout1976/X                            0.750000    0.926963   -0.176963 (VIOLATED)
_18161_/B1                              0.750000    0.926538   -0.176538 (VIOLATED)
_18306_/A1                              0.750000    0.926515   -0.176515 (VIOLATED)
_17706_/A1                              0.750000    0.922741   -0.172741 (VIOLATED)
ANTENNA_186/DIODE                       0.750000    0.922740   -0.172740 (VIOLATED)
ANTENNA_184/DIODE                       0.750000    0.922739   -0.172739 (VIOLATED)
ANTENNA_182/DIODE                       0.750000    0.922739   -0.172739 (VIOLATED)
ANTENNA_181/DIODE                       0.750000    0.922736   -0.172736 (VIOLATED)
ANTENNA_183/DIODE                       0.750000    0.922735   -0.172735 (VIOLATED)
ANTENNA_185/DIODE                       0.750000    0.922734   -0.172734 (VIOLATED)
ANTENNA_187/DIODE                       0.750000    0.922732   -0.172733 (VIOLATED)
_11865_/B                               0.750000    0.922133   -0.172133 (VIOLATED)
_11877_/B                               0.750000    0.922041   -0.172041 (VIOLATED)
_11868_/B                               0.750000    0.922012   -0.172012 (VIOLATED)
_11920_/A                               0.750000    0.921937   -0.171937 (VIOLATED)
_11978_/A1                              0.750000    0.921836   -0.171836 (VIOLATED)
_11867_/B                               0.750000    0.921737   -0.171737 (VIOLATED)
_11876_/B                               0.750000    0.921713   -0.171713 (VIOLATED)
_11981_/A2                              0.750000    0.921702   -0.171702 (VIOLATED)
_12070_/A2                              0.750000    0.921698   -0.171698 (VIOLATED)
_12082_/D                               0.750000    0.921696   -0.171696 (VIOLATED)
fanout497/X                             0.750000    0.921685   -0.171685 (VIOLATED)
_17705_/X                               0.750000    0.920742   -0.170742 (VIOLATED)
fanout235/A                             0.750000    0.919082   -0.169082 (VIOLATED)
_09502_/Y                               0.750000    0.918720   -0.168720 (VIOLATED)
_17604_/A1                              0.750000    0.918147   -0.168147 (VIOLATED)
ANTENNA_144/DIODE                       0.750000    0.918143   -0.168143 (VIOLATED)
ANTENNA_146/DIODE                       0.750000    0.918141   -0.168141 (VIOLATED)
ANTENNA_143/DIODE                       0.750000    0.918140   -0.168140 (VIOLATED)
ANTENNA_145/DIODE                       0.750000    0.918139   -0.168139 (VIOLATED)
ANTENNA_148/DIODE                       0.750000    0.918139   -0.168139 (VIOLATED)
ANTENNA_147/DIODE                       0.750000    0.918138   -0.168138 (VIOLATED)
_17603_/X                               0.750000    0.917955   -0.167955 (VIOLATED)
_18160_/X                               0.750000    0.916145   -0.166145 (VIOLATED)
_18723_/A                               0.750000    0.912144   -0.162144 (VIOLATED)
_18709_/A                               0.750000    0.912101   -0.162101 (VIOLATED)
_18706_/B1                              0.750000    0.912094   -0.162094 (VIOLATED)
_18713_/B1                              0.750000    0.912072   -0.162072 (VIOLATED)
fanout1866/A                            0.750000    0.911216   -0.161216 (VIOLATED)
_12442_/A                               0.750000    0.909034   -0.159034 (VIOLATED)
_12384_/X                               0.750000    0.905484   -0.155484 (VIOLATED)
_17932_/B2                              0.750000    0.904519   -0.154519 (VIOLATED)
_17982_/A2_N                            0.750000    0.904490   -0.154490 (VIOLATED)
_17963_/B                               0.750000    0.904446   -0.154446 (VIOLATED)
_17946_/B                               0.750000    0.904232   -0.154232 (VIOLATED)
_17996_/A2_N                            0.750000    0.904108   -0.154108 (VIOLATED)
_17735_/A3                              0.750000    0.904000   -0.154000 (VIOLATED)
_17749_/B1                              0.750000    0.903929   -0.153929 (VIOLATED)
_17756_/B1                              0.750000    0.903918   -0.153918 (VIOLATED)
_18136_/B                               0.750000    0.903910   -0.153910 (VIOLATED)
_17778_/A2                              0.750000    0.903856   -0.153856 (VIOLATED)
fanout278/X                             0.750000    0.903846   -0.153846 (VIOLATED)
ANTENNA_325/DIODE                       0.750000    0.899939   -0.149939 (VIOLATED)
_17512_/A1                              0.750000    0.899928   -0.149928 (VIOLATED)
_17511_/X                               0.750000    0.898287   -0.148287 (VIOLATED)
_12574_/A                               0.750000    0.897754   -0.147754 (VIOLATED)
_12539_/X                               0.750000    0.896120   -0.146120 (VIOLATED)
_09512_/Y                               0.750000    0.892208   -0.142208 (VIOLATED)
fanout645/A                             0.750000    0.890022   -0.140022 (VIOLATED)
fanout639/A                             0.750000    0.889760   -0.139760 (VIOLATED)
fanout634/A                             0.750000    0.889484   -0.139484 (VIOLATED)
fanout636/A                             0.750000    0.889445   -0.139445 (VIOLATED)
_16471_/B                               0.750000    0.889362   -0.139362 (VIOLATED)
_16700_/A1                              0.750000    0.889348   -0.139348 (VIOLATED)
fanout633/A                             0.750000    0.889310   -0.139310 (VIOLATED)
fanout631/A                             0.750000    0.889290   -0.139290 (VIOLATED)
fanout646/X                             0.750000    0.889281   -0.139281 (VIOLATED)
_16979_/C                               0.750000    0.889252   -0.139252 (VIOLATED)
_16193_/A1                              0.750000    0.889243   -0.139243 (VIOLATED)
_16676_/A2                              0.750000    0.888776   -0.138776 (VIOLATED)
_16982_/A2                              0.750000    0.888444   -0.138444 (VIOLATED)
_16675_/B                               0.750000    0.888167   -0.138167 (VIOLATED)
_17050_/B1                              0.750000    0.888167   -0.138167 (VIOLATED)
_16120_/A                               0.750000    0.888162   -0.138162 (VIOLATED)
_17182_/A2                              0.750000    0.888070   -0.138070 (VIOLATED)
fanout395/X                             0.750000    0.888059   -0.138059 (VIOLATED)
_18130_/A                               0.750000    0.887288   -0.137288 (VIOLATED)
fanout858/A                             0.750000    0.887266   -0.137266 (VIOLATED)
ANTENNA_244/DIODE                       0.750000    0.887260   -0.137260 (VIOLATED)
_18142_/A1                              0.750000    0.887246   -0.137246 (VIOLATED)
fanout855/A                             0.750000    0.886984   -0.136984 (VIOLATED)
ANTENNA_243/DIODE                       0.750000    0.886980   -0.136980 (VIOLATED)
fanout857/A                             0.750000    0.886823   -0.136823 (VIOLATED)
fanout860/X                             0.750000    0.886779   -0.136779 (VIOLATED)
_17577_/A1                              0.750000    0.885970   -0.135970 (VIOLATED)
ANTENNA_286/DIODE                       0.750000    0.885970   -0.135970 (VIOLATED)
ANTENNA_284/DIODE                       0.750000    0.885969   -0.135969 (VIOLATED)
ANTENNA_282/DIODE                       0.750000    0.885969   -0.135969 (VIOLATED)
ANTENNA_281/DIODE                       0.750000    0.885957   -0.135957 (VIOLATED)
ANTENNA_283/DIODE                       0.750000    0.885947   -0.135947 (VIOLATED)
ANTENNA_285/DIODE                       0.750000    0.885946   -0.135946 (VIOLATED)
ANTENNA_287/DIODE                       0.750000    0.885946   -0.135946 (VIOLATED)
_17576_/X                               0.750000    0.885325   -0.135325 (VIOLATED)
_17610_/S                               0.750000    0.884327   -0.134327 (VIOLATED)
ANTENNA_241/DIODE                       0.750000    0.884316   -0.134316 (VIOLATED)
_18142_/B1                              0.750000    0.884230   -0.134230 (VIOLATED)
ANTENNA_242/DIODE                       0.750000    0.884228   -0.134228 (VIOLATED)
wire609/A                               0.750000    0.883978   -0.133978 (VIOLATED)
_17901_/A2                              0.750000    0.883826   -0.133826 (VIOLATED)
fanout608/X                             0.750000    0.883826   -0.133826 (VIOLATED)
_12264_/C                               0.750000    0.883722   -0.133722 (VIOLATED)
_11854_/B                               0.750000    0.883319   -0.133319 (VIOLATED)
_12192_/A1                              0.750000    0.883319   -0.133319 (VIOLATED)
_12265_/B1                              0.750000    0.883312   -0.133312 (VIOLATED)
_12162_/B2                              0.750000    0.883306   -0.133306 (VIOLATED)
_11989_/A1                              0.750000    0.883297   -0.133297 (VIOLATED)
_12025_/A3                              0.750000    0.883264   -0.133264 (VIOLATED)
_11986_/A                               0.750000    0.883249   -0.133249 (VIOLATED)
_12114_/A                               0.750000    0.883058   -0.133058 (VIOLATED)
_11972_/A1                              0.750000    0.882979   -0.132979 (VIOLATED)
_11990_/A1                              0.750000    0.882958   -0.132958 (VIOLATED)
_11915_/A2                              0.750000    0.882957   -0.132957 (VIOLATED)
fanout501/X                             0.750000    0.882957   -0.132957 (VIOLATED)
_12263_/X                               0.750000    0.882770   -0.132770 (VIOLATED)
_11392_/A                               0.750000    0.879533   -0.129533 (VIOLATED)
_11285_/A1                              0.750000    0.879492   -0.129492 (VIOLATED)
_11145_/B2                              0.750000    0.879436   -0.129436 (VIOLATED)
_11302_/B2                              0.750000    0.879264   -0.129264 (VIOLATED)
_17775_/A1                              0.750000    0.879085   -0.129085 (VIOLATED)
ANTENNA_21/DIODE                        0.750000    0.879084   -0.129084 (VIOLATED)
_10989_/A3                              0.750000    0.878909   -0.128909 (VIOLATED)
_10433_/C                               0.750000    0.878902   -0.128902 (VIOLATED)
_17774_/X                               0.750000    0.878891   -0.128891 (VIOLATED)
_17595_/A1                              0.750000    0.878709   -0.128709 (VIOLATED)
_10657_/A1                              0.750000    0.878678   -0.128678 (VIOLATED)
_10179_/A                               0.750000    0.878658   -0.128658 (VIOLATED)
_10649_/B                               0.750000    0.878539   -0.128539 (VIOLATED)
_10837_/C                               0.750000    0.878499   -0.128499 (VIOLATED)
fanout520/X                             0.750000    0.878480   -0.128480 (VIOLATED)
fanout618/A                             0.750000    0.878226   -0.128226 (VIOLATED)
ANTENNA_62/DIODE                        0.750000    0.878216   -0.128216 (VIOLATED)
fanout606/A                             0.750000    0.877921   -0.127921 (VIOLATED)
ANTENNA_164/DIODE                       0.750000    0.877814   -0.127814 (VIOLATED)
ANTENNA_159/DIODE                       0.750000    0.877814   -0.127814 (VIOLATED)
ANTENNA_162/DIODE                       0.750000    0.877814   -0.127814 (VIOLATED)
_17655_/A1                              0.750000    0.877814   -0.127814 (VIOLATED)
ANTENNA_157/DIODE                       0.750000    0.877814   -0.127814 (VIOLATED)
ANTENNA_158/DIODE                       0.750000    0.877813   -0.127813 (VIOLATED)
ANTENNA_160/DIODE                       0.750000    0.877812   -0.127812 (VIOLATED)
ANTENNA_161/DIODE                       0.750000    0.877812   -0.127812 (VIOLATED)
ANTENNA_163/DIODE                       0.750000    0.877811   -0.127812 (VIOLATED)
ANTENNA_20/DIODE                        0.750000    0.877630   -0.127630 (VIOLATED)
ANTENNA_14/DIODE                        0.750000    0.877629   -0.127629 (VIOLATED)
ANTENNA_16/DIODE                        0.750000    0.877629   -0.127629 (VIOLATED)
ANTENNA_18/DIODE                        0.750000    0.877629   -0.127629 (VIOLATED)
ANTENNA_12/DIODE                        0.750000    0.877629   -0.127629 (VIOLATED)
ANTENNA_10/DIODE                        0.750000    0.877629   -0.127629 (VIOLATED)
_17772_/A1                              0.750000    0.877629   -0.127629 (VIOLATED)
_17654_/X                               0.750000    0.877626   -0.127626 (VIOLATED)
ANTENNA_11/DIODE                        0.750000    0.877619   -0.127619 (VIOLATED)
ANTENNA_13/DIODE                        0.750000    0.877611   -0.127611 (VIOLATED)
ANTENNA_15/DIODE                        0.750000    0.877611   -0.127611 (VIOLATED)
ANTENNA_17/DIODE                        0.750000    0.877610   -0.127610 (VIOLATED)
ANTENNA_19/DIODE                        0.750000    0.877609   -0.127610 (VIOLATED)
_17771_/X                               0.750000    0.877439   -0.127439 (VIOLATED)
_17594_/X                               0.750000    0.877363   -0.127363 (VIOLATED)
_12076_/A1                              0.750000    0.877159   -0.127159 (VIOLATED)
_12237_/B1                              0.750000    0.877156   -0.127156 (VIOLATED)
_12117_/B1                              0.750000    0.877055   -0.127055 (VIOLATED)
_11831_/A                               0.750000    0.877049   -0.127049 (VIOLATED)
_11830_/B1                              0.750000    0.877038   -0.127038 (VIOLATED)
_12246_/B1                              0.750000    0.876872   -0.126872 (VIOLATED)
_12002_/A1                              0.750000    0.876807   -0.126807 (VIOLATED)
_11910_/C1                              0.750000    0.876742   -0.126742 (VIOLATED)
_11930_/B                               0.750000    0.876723   -0.126723 (VIOLATED)
_11905_/B1                              0.750000    0.876674   -0.126674 (VIOLATED)
fanout774/X                             0.750000    0.876628   -0.126628 (VIOLATED)
_17277_/C1                              0.750000    0.872245   -0.122245 (VIOLATED)
fanout1352/A                            0.750000    0.872081   -0.122081 (VIOLATED)
_16535_/B1                              0.750000    0.872024   -0.122024 (VIOLATED)
_16916_/C1                              0.750000    0.872017   -0.122017 (VIOLATED)
_16659_/B1                              0.750000    0.871967   -0.121967 (VIOLATED)
_17129_/B1                              0.750000    0.871921   -0.121921 (VIOLATED)
_16934_/C1                              0.750000    0.871917   -0.121917 (VIOLATED)
_16652_/A                               0.750000    0.871914   -0.121914 (VIOLATED)
_09481_/A                               0.750000    0.871885   -0.121885 (VIOLATED)
_17745_/A0                              0.750000    0.871704   -0.121704 (VIOLATED)
fanout1353/X                            0.750000    0.871684   -0.121684 (VIOLATED)
_14785_/A3                              0.750000    0.871019   -0.121019 (VIOLATED)
_14307_/A2                              0.750000    0.871012   -0.121012 (VIOLATED)
_14791_/B                               0.750000    0.871010   -0.121010 (VIOLATED)
_14776_/B                               0.750000    0.870999   -0.120999 (VIOLATED)
fanout608/A                             0.750000    0.870873   -0.120873 (VIOLATED)
_14997_/C                               0.750000    0.870834   -0.120834 (VIOLATED)
_15155_/A                               0.750000    0.870792   -0.120792 (VIOLATED)
_15274_/B                               0.750000    0.870741   -0.120741 (VIOLATED)
_14998_/C                               0.750000    0.870740   -0.120740 (VIOLATED)
_15542_/A2                              0.750000    0.870734   -0.120734 (VIOLATED)
_15166_/A2                              0.750000    0.870730   -0.120730 (VIOLATED)
fanout452/X                             0.750000    0.870720   -0.120720 (VIOLATED)
_10063_/B                               0.750000    0.865648   -0.115648 (VIOLATED)
_10083_/B                               0.750000    0.865632   -0.115632 (VIOLATED)
_11262_/A2                              0.750000    0.865630   -0.115630 (VIOLATED)
_10051_/A2                              0.750000    0.865622   -0.115622 (VIOLATED)
_11355_/A1                              0.750000    0.865616   -0.115616 (VIOLATED)
_10716_/A2                              0.750000    0.865591   -0.115591 (VIOLATED)
_11253_/B2                              0.750000    0.865576   -0.115576 (VIOLATED)
_10038_/B                               0.750000    0.865540   -0.115540 (VIOLATED)
_10070_/A2                              0.750000    0.865412   -0.115412 (VIOLATED)
_10069_/B                               0.750000    0.865098   -0.115098 (VIOLATED)
fanout528/X                             0.750000    0.865050   -0.115050 (VIOLATED)
fanout602/A                             0.750000    0.863644   -0.113644 (VIOLATED)
_11713_/B                               0.750000    0.863444   -0.113444 (VIOLATED)
_09499_/X                               0.750000    0.863439   -0.113439 (VIOLATED)
_11037_/A1                              0.750000    0.863117   -0.113117 (VIOLATED)
fanout1633/A                            0.750000    0.863076   -0.113076 (VIOLATED)
fanout1632/A                            0.750000    0.862968   -0.112968 (VIOLATED)
fanout1634/A                            0.750000    0.862857   -0.112857 (VIOLATED)
ANTENNA_335/DIODE                       0.750000    0.862435   -0.112435 (VIOLATED)
_17592_/A0                              0.750000    0.862435   -0.112435 (VIOLATED)
fanout1635/X                            0.750000    0.862411   -0.112411 (VIOLATED)
_12420_/A1                              0.750000    0.861990   -0.111990 (VIOLATED)
_12581_/A1                              0.750000    0.861969   -0.111969 (VIOLATED)
_12396_/C1                              0.750000    0.861965   -0.111965 (VIOLATED)
_12557_/A1                              0.750000    0.861900   -0.111900 (VIOLATED)
_12339_/B                               0.750000    0.861900   -0.111900 (VIOLATED)
_12499_/B1                              0.750000    0.861836   -0.111836 (VIOLATED)
_12328_/A1                              0.750000    0.861666   -0.111666 (VIOLATED)
_12364_/C                               0.750000    0.861648   -0.111648 (VIOLATED)
_12515_/B                               0.750000    0.861648   -0.111648 (VIOLATED)
_12431_/B                               0.750000    0.861647   -0.111647 (VIOLATED)
fanout493/X                             0.750000    0.861637   -0.111637 (VIOLATED)
_11712_/X                               0.750000    0.861600   -0.111600 (VIOLATED)
_17506_/A1                              0.750000    0.861115   -0.111115 (VIOLATED)
_17505_/X                               0.750000    0.860090   -0.110090 (VIOLATED)
_10455_/A1                              0.750000    0.852447   -0.102447 (VIOLATED)
_10452_/B1                              0.750000    0.852440   -0.102440 (VIOLATED)
_10477_/B1                              0.750000    0.852409   -0.102409 (VIOLATED)
_10678_/A1                              0.750000    0.852361   -0.102361 (VIOLATED)
_11001_/A1                              0.750000    0.852361   -0.102361 (VIOLATED)
_09393_/A                               0.750000    0.852358   -0.102358 (VIOLATED)
_11143_/B1                              0.750000    0.852343   -0.102343 (VIOLATED)
_11155_/C1                              0.750000    0.852224   -0.102224 (VIOLATED)
_11147_/B1                              0.750000    0.852139   -0.102139 (VIOLATED)
_10847_/B1                              0.750000    0.852122   -0.102122 (VIOLATED)
fanout908/X                             0.750000    0.852071   -0.102071 (VIOLATED)
wire354/A                               0.750000    0.852037   -0.102037 (VIOLATED)
fanout350/A                             0.750000    0.851904   -0.101904 (VIOLATED)
fanout353/X                             0.750000    0.851885   -0.101885 (VIOLATED)
_14634_/A                               0.750000    0.851807   -0.101807 (VIOLATED)
_14633_/A                               0.750000    0.851806   -0.101806 (VIOLATED)
_14630_/A_N                             0.750000    0.851716   -0.101716 (VIOLATED)
_14851_/A1                              0.750000    0.851715   -0.101715 (VIOLATED)
_15476_/C1                              0.750000    0.851708   -0.101708 (VIOLATED)
_14610_/B                               0.750000    0.851697   -0.101697 (VIOLATED)
_14668_/B                               0.750000    0.851692   -0.101692 (VIOLATED)
wire234/A                               0.750000    0.851649   -0.101649 (VIOLATED)
_14662_/B                               0.750000    0.851599   -0.101599 (VIOLATED)
_14691_/A1                              0.750000    0.851559   -0.101559 (VIOLATED)
_14604_/A                               0.750000    0.851525   -0.101525 (VIOLATED)
fanout1574/X                            0.750000    0.851487   -0.101487 (VIOLATED)
_09508_/Y                               0.750000    0.851431   -0.101431 (VIOLATED)
_12872_/A                               0.750000    0.850484   -0.100484 (VIOLATED)
_13721_/A1                              0.750000    0.850479   -0.100479 (VIOLATED)
_12853_/A                               0.750000    0.850357   -0.100357 (VIOLATED)
_12848_/A                               0.750000    0.850332   -0.100333 (VIOLATED)
_13456_/A1                              0.750000    0.850183   -0.100183 (VIOLATED)
_13632_/A1                              0.750000    0.850123   -0.100123 (VIOLATED)
_13950_/A1                              0.750000    0.850119   -0.100119 (VIOLATED)
_12941_/A1                              0.750000    0.849894   -0.099894 (VIOLATED)
_11333_/A1                              0.750000    0.849657   -0.099657 (VIOLATED)
_10345_/A3                              0.750000    0.849645   -0.099645 (VIOLATED)
_10573_/A                               0.750000    0.849635   -0.099635 (VIOLATED)
_11313_/A                               0.750000    0.849623   -0.099623 (VIOLATED)
_10354_/B                               0.750000    0.849615   -0.099615 (VIOLATED)
_11316_/B1                              0.750000    0.849595   -0.099595 (VIOLATED)
_12926_/A1                              0.750000    0.849590   -0.099590 (VIOLATED)
_12931_/A                               0.750000    0.849588   -0.099588 (VIOLATED)
fanout736/X                             0.750000    0.849582   -0.099582 (VIOLATED)
_11041_/B                               0.750000    0.849445   -0.099445 (VIOLATED)
_10586_/B1                              0.750000    0.849427   -0.099427 (VIOLATED)
_09804_/B                               0.750000    0.849416   -0.099416 (VIOLATED)
_10898_/A2                              0.750000    0.849378   -0.099378 (VIOLATED)
fanout546/X                             0.750000    0.849349   -0.099349 (VIOLATED)
_12138_/A                               0.750000    0.849147   -0.099147 (VIOLATED)
_12103_/X                               0.750000    0.848388   -0.098388 (VIOLATED)
_12284_/B                               0.750000    0.842663   -0.092663 (VIOLATED)
_12324_/B                               0.750000    0.842643   -0.092643 (VIOLATED)
_12395_/B                               0.750000    0.842540   -0.092540 (VIOLATED)
_12344_/A2                              0.750000    0.842494   -0.092494 (VIOLATED)
_12675_/A4                              0.750000    0.842428   -0.092428 (VIOLATED)
_12386_/A2                              0.750000    0.842426   -0.092426 (VIOLATED)
_12361_/A2                              0.750000    0.842268   -0.092268 (VIOLATED)
_12387_/A2                              0.750000    0.842246   -0.092246 (VIOLATED)
_12356_/A                               0.750000    0.842241   -0.092241 (VIOLATED)
_12542_/A1                              0.750000    0.842239   -0.092239 (VIOLATED)
fanout491/X                             0.750000    0.842218   -0.092218 (VIOLATED)
_10967_/C1                              0.750000    0.840692   -0.090692 (VIOLATED)
_11132_/A1                              0.750000    0.840681   -0.090681 (VIOLATED)
_10731_/A1                              0.750000    0.840672   -0.090672 (VIOLATED)
fanout1397/A                            0.750000    0.840644   -0.090644 (VIOLATED)
_09383_/A                               0.750000    0.840603   -0.090603 (VIOLATED)
_10969_/B2                              0.750000    0.840602   -0.090602 (VIOLATED)
_10970_/A1                              0.750000    0.840598   -0.090598 (VIOLATED)
_10959_/C1                              0.750000    0.840591   -0.090591 (VIOLATED)
_17718_/A0                              0.750000    0.840514   -0.090514 (VIOLATED)
fanout1398/X                            0.750000    0.840514   -0.090514 (VIOLATED)
_17769_/A1                              0.750000    0.836377   -0.086377 (VIOLATED)
_17768_/X                               0.750000    0.836058   -0.086058 (VIOLATED)
_15883_/B                               0.750000    0.835585   -0.085585 (VIOLATED)
_14900_/A                               0.750000    0.834477   -0.084477 (VIOLATED)
_14899_/A1                              0.750000    0.834475   -0.084475 (VIOLATED)
_15200_/B1                              0.750000    0.834458   -0.084458 (VIOLATED)
_15447_/C1                              0.750000    0.834437   -0.084437 (VIOLATED)
_14596_/B1                              0.750000    0.834434   -0.084434 (VIOLATED)
_14598_/C1                              0.750000    0.834429   -0.084429 (VIOLATED)
_15463_/A1                              0.750000    0.834420   -0.084420 (VIOLATED)
_15629_/B1                              0.750000    0.834349   -0.084349 (VIOLATED)
_14898_/A                               0.750000    0.834222   -0.084222 (VIOLATED)
_09461_/A                               0.750000    0.834216   -0.084216 (VIOLATED)
_17494_/A1                              0.750000    0.834177   -0.084177 (VIOLATED)
ANTENNA_279/DIODE                       0.750000    0.834177   -0.084177 (VIOLATED)
ANTENNA_277/DIODE                       0.750000    0.834176   -0.084176 (VIOLATED)
ANTENNA_275/DIODE                       0.750000    0.834176   -0.084176 (VIOLATED)
ANTENNA_273/DIODE                       0.750000    0.834176   -0.084176 (VIOLATED)
fanout1777/X                            0.750000    0.834174   -0.084174 (VIOLATED)
ANTENNA_272/DIODE                       0.750000    0.834173   -0.084173 (VIOLATED)
ANTENNA_274/DIODE                       0.750000    0.834172   -0.084172 (VIOLATED)
ANTENNA_276/DIODE                       0.750000    0.834172   -0.084172 (VIOLATED)
ANTENNA_278/DIODE                       0.750000    0.834171   -0.084171 (VIOLATED)
ANTENNA_280/DIODE                       0.750000    0.834170   -0.084170 (VIOLATED)
_15113_/B                               0.750000    0.833923   -0.083923 (VIOLATED)
_14897_/A2                              0.750000    0.833913   -0.083913 (VIOLATED)
_15369_/B                               0.750000    0.833894   -0.083894 (VIOLATED)
_15108_/A                               0.750000    0.833836   -0.083836 (VIOLATED)
_15454_/A2                              0.750000    0.833813   -0.083813 (VIOLATED)
_14865_/A2                              0.750000    0.833803   -0.083803 (VIOLATED)
_14542_/B1                              0.750000    0.833795   -0.083795 (VIOLATED)
_15442_/A3                              0.750000    0.833784   -0.083784 (VIOLATED)
_14885_/B                               0.750000    0.833772   -0.083772 (VIOLATED)
_15443_/B1                              0.750000    0.833752   -0.083752 (VIOLATED)
fanout433/X                             0.750000    0.833745   -0.083745 (VIOLATED)
_17493_/X                               0.750000    0.833351   -0.083351 (VIOLATED)
_15882_/X                               0.750000    0.832234   -0.082234 (VIOLATED)
_11766_/C1                              0.750000    0.831900   -0.081900 (VIOLATED)
_11695_/B1                              0.750000    0.831889   -0.081889 (VIOLATED)
_11745_/A1                              0.750000    0.831882   -0.081883 (VIOLATED)
_11559_/C1                              0.750000    0.831882   -0.081882 (VIOLATED)
_11647_/A1                              0.750000    0.831861   -0.081861 (VIOLATED)
_11757_/B1                              0.750000    0.831845   -0.081845 (VIOLATED)
_11764_/C1                              0.750000    0.831844   -0.081844 (VIOLATED)
_11524_/C1                              0.750000    0.831843   -0.081843 (VIOLATED)
_11668_/A1                              0.750000    0.831818   -0.081818 (VIOLATED)
_11628_/C1                              0.750000    0.831726   -0.081726 (VIOLATED)
fanout785/X                             0.750000    0.831726   -0.081726 (VIOLATED)
_13584_/A1                              0.750000    0.830951   -0.080951 (VIOLATED)
_13992_/B2                              0.750000    0.830948   -0.080948 (VIOLATED)
_13906_/A1                              0.750000    0.830931   -0.080931 (VIOLATED)
_13908_/B1                              0.750000    0.830902   -0.080902 (VIOLATED)
_13373_/B1                              0.750000    0.830872   -0.080872 (VIOLATED)
_13508_/B                               0.750000    0.830856   -0.080856 (VIOLATED)
_13899_/B1                              0.750000    0.830843   -0.080843 (VIOLATED)
_13576_/C1                              0.750000    0.830839   -0.080839 (VIOLATED)
_13599_/A1                              0.750000    0.830707   -0.080707 (VIOLATED)
ANTENNA_265/DIODE                       0.750000    0.830637   -0.080637 (VIOLATED)
ANTENNA_263/DIODE                       0.750000    0.830637   -0.080637 (VIOLATED)
ANTENNA_261/DIODE                       0.750000    0.830637   -0.080637 (VIOLATED)
ANTENNA_259/DIODE                       0.750000    0.830636   -0.080636 (VIOLATED)
ANTENNA_257/DIODE                       0.750000    0.830636   -0.080636 (VIOLATED)
_17745_/A1                              0.750000    0.830636   -0.080636 (VIOLATED)
ANTENNA_255/DIODE                       0.750000    0.830636   -0.080636 (VIOLATED)
ANTENNA_256/DIODE                       0.750000    0.830633   -0.080633 (VIOLATED)
ANTENNA_258/DIODE                       0.750000    0.830621   -0.080622 (VIOLATED)
_13747_/B                               0.750000    0.830611   -0.080611 (VIOLATED)
ANTENNA_260/DIODE                       0.750000    0.830610   -0.080610 (VIOLATED)
ANTENNA_262/DIODE                       0.750000    0.830610   -0.080610 (VIOLATED)
ANTENNA_264/DIODE                       0.750000    0.830609   -0.080609 (VIOLATED)
fanout328/X                             0.750000    0.830594   -0.080594 (VIOLATED)
_16928_/C                               0.750000    0.830532   -0.080532 (VIOLATED)
_16651_/A2                              0.750000    0.830528   -0.080528 (VIOLATED)
_16663_/B1                              0.750000    0.830527   -0.080527 (VIOLATED)
_17116_/B1                              0.750000    0.830514   -0.080514 (VIOLATED)
_17228_/B1                              0.750000    0.830427   -0.080427 (VIOLATED)
_17631_/A1                              0.750000    0.830383   -0.080383 (VIOLATED)
_17267_/A                               0.750000    0.830376   -0.080376 (VIOLATED)
_16520_/A1                              0.750000    0.830368   -0.080368 (VIOLATED)
_17744_/X                               0.750000    0.830348   -0.080348 (VIOLATED)
_16366_/A1                              0.750000    0.830299   -0.080299 (VIOLATED)
_16345_/A3                              0.750000    0.830280   -0.080280 (VIOLATED)
_16294_/B                               0.750000    0.830273   -0.080273 (VIOLATED)
fanout381/X                             0.750000    0.830245   -0.080245 (VIOLATED)
_17630_/X                               0.750000    0.829591   -0.079591 (VIOLATED)
_19068_/RESET_B                         0.750000    0.826967   -0.076967 (VIOLATED)
_09728_/B1                              0.750000    0.826966   -0.076966 (VIOLATED)
_09671_/A1                              0.750000    0.826943   -0.076943 (VIOLATED)
_10512_/C1                              0.750000    0.826884   -0.076884 (VIOLATED)
fanout1936/A                            0.750000    0.826864   -0.076864 (VIOLATED)
_10504_/C1                              0.750000    0.826857   -0.076857 (VIOLATED)
_09695_/A                               0.750000    0.826822   -0.076822 (VIOLATED)
_09707_/B1                              0.750000    0.826796   -0.076796 (VIOLATED)
_10405_/A1                              0.750000    0.826793   -0.076793 (VIOLATED)
_09751_/A1                              0.750000    0.826789   -0.076789 (VIOLATED)
_10415_/A                               0.750000    0.826783   -0.076783 (VIOLATED)
_09775_/A1                              0.750000    0.826778   -0.076778 (VIOLATED)
fanout847/X                             0.750000    0.826757   -0.076757 (VIOLATED)
_19546_/A                               0.750000    0.826686   -0.076686 (VIOLATED)
fanout1932/A                            0.750000    0.826653   -0.076653 (VIOLATED)
_18722_/A                               0.750000    0.826588   -0.076588 (VIOLATED)
fanout1943/A                            0.750000    0.826269   -0.076269 (VIOLATED)
fanout1929/A                            0.750000    0.825889   -0.075889 (VIOLATED)
fanout1944/X                            0.750000    0.825889   -0.075889 (VIOLATED)
_18723_/C                               0.750000    0.825810   -0.075810 (VIOLATED)
_18724_/A2                              0.750000    0.825785   -0.075785 (VIOLATED)
_11833_/B1                              0.750000    0.825522   -0.075522 (VIOLATED)
_11834_/A                               0.750000    0.825515   -0.075515 (VIOLATED)
_11792_/X                               0.750000    0.825153   -0.075153 (VIOLATED)
_10842_/C1                              0.750000    0.825131   -0.075131 (VIOLATED)
_10826_/C1                              0.750000    0.825118   -0.075118 (VIOLATED)
_10841_/C1                              0.750000    0.825118   -0.075118 (VIOLATED)
_11161_/B1                              0.750000    0.825112   -0.075112 (VIOLATED)
_11387_/A                               0.750000    0.825104   -0.075104 (VIOLATED)
_11394_/C1                              0.750000    0.825042   -0.075042 (VIOLATED)
_10833_/B1                              0.750000    0.824948   -0.074948 (VIOLATED)
_11305_/C1                              0.750000    0.824947   -0.074947 (VIOLATED)
_17937_/A1                              0.750000    0.824601   -0.074601 (VIOLATED)
_12684_/A                               0.750000    0.824568   -0.074568 (VIOLATED)
fanout903/X                             0.750000    0.824535   -0.074536 (VIOLATED)
_16650_/A2                              0.750000    0.822887   -0.072887 (VIOLATED)
_16656_/A3                              0.750000    0.822865   -0.072865 (VIOLATED)
_16926_/A3                              0.750000    0.822861   -0.072861 (VIOLATED)
_17228_/A2                              0.750000    0.822809   -0.072809 (VIOLATED)
_16365_/B                               0.750000    0.822748   -0.072748 (VIOLATED)
_16274_/B                               0.750000    0.822693   -0.072693 (VIOLATED)
_11907_/C1                              0.750000    0.822668   -0.072668 (VIOLATED)
_11944_/C1                              0.750000    0.822662   -0.072662 (VIOLATED)
_16343_/A1                              0.750000    0.822656   -0.072656 (VIOLATED)
_16548_/A3                              0.750000    0.822654   -0.072654 (VIOLATED)
_11919_/B1                              0.750000    0.822651   -0.072651 (VIOLATED)
_16638_/A1                              0.750000    0.822648   -0.072648 (VIOLATED)
_16539_/A                               0.750000    0.822634   -0.072634 (VIOLATED)
fanout385/X                             0.750000    0.822607   -0.072607 (VIOLATED)
_12246_/A1                              0.750000    0.822522   -0.072522 (VIOLATED)
_12117_/A1                              0.750000    0.822432   -0.072432 (VIOLATED)
_11980_/A1                              0.750000    0.822428   -0.072428 (VIOLATED)
_12205_/B1                              0.750000    0.822419   -0.072419 (VIOLATED)
_12092_/B2                              0.750000    0.822414   -0.072414 (VIOLATED)
_17901_/A1                              0.750000    0.822407   -0.072407 (VIOLATED)
_12128_/C1                              0.750000    0.822402   -0.072402 (VIOLATED)
fanout776/X                             0.750000    0.822395   -0.072395 (VIOLATED)
_18285_/B2                              0.750000    0.821642   -0.071642 (VIOLATED)
_18157_/B2                              0.750000    0.821640   -0.071640 (VIOLATED)
_18163_/B2                              0.750000    0.821590   -0.071590 (VIOLATED)
_18286_/B2                              0.750000    0.821490   -0.071490 (VIOLATED)
_18169_/B2                              0.750000    0.821471   -0.071471 (VIOLATED)
_18290_/B2                              0.750000    0.821469   -0.071469 (VIOLATED)
_18167_/B2                              0.750000    0.821466   -0.071466 (VIOLATED)
_18161_/B2                              0.750000    0.821454   -0.071454 (VIOLATED)
_18291_/B2                              0.750000    0.821435   -0.071435 (VIOLATED)
_18292_/B2                              0.750000    0.821272   -0.071272 (VIOLATED)
fanout276/X                             0.750000    0.821253   -0.071253 (VIOLATED)
_17521_/A1                              0.750000    0.819439   -0.069439 (VIOLATED)
ANTENNA_326/DIODE                       0.750000    0.819433   -0.069433 (VIOLATED)
ANTENNA_327/DIODE                       0.750000    0.819431   -0.069431 (VIOLATED)
_18425_/B2                              0.750000    0.818649   -0.068649 (VIOLATED)
_18304_/A2                              0.750000    0.818640   -0.068640 (VIOLATED)
_18307_/A2                              0.750000    0.818618   -0.068618 (VIOLATED)
_17520_/X                               0.750000    0.818614   -0.068614 (VIOLATED)
_18428_/B2                              0.750000    0.818574   -0.068574 (VIOLATED)
_18426_/B2                              0.750000    0.818529   -0.068529 (VIOLATED)
_18429_/B2                              0.750000    0.818380   -0.068380 (VIOLATED)
_18427_/B2                              0.750000    0.818272   -0.068272 (VIOLATED)
_18306_/A2                              0.750000    0.817925   -0.067925 (VIOLATED)
_18309_/A2                              0.750000    0.817830   -0.067830 (VIOLATED)
_18310_/A2                              0.750000    0.817759   -0.067759 (VIOLATED)
fanout254/X                             0.750000    0.817759   -0.067759 (VIOLATED)
_18733_/A1                              0.750000    0.816173   -0.066173 (VIOLATED)
_19528_/Q                               0.750000    0.816057   -0.066057 (VIOLATED)
_18722_/Y                               0.750000    0.815532   -0.065532 (VIOLATED)
wire1378/A                              0.750000    0.815211   -0.065211 (VIOLATED)
_17732_/A1                              0.750000    0.814301   -0.064301 (VIOLATED)
fanout1377/X                            0.750000    0.814274   -0.064274 (VIOLATED)
_13258_/A1                              0.750000    0.812852   -0.062852 (VIOLATED)
_13257_/C1                              0.750000    0.812848   -0.062848 (VIOLATED)
_13558_/C1                              0.750000    0.812815   -0.062815 (VIOLATED)
_13551_/C1                              0.750000    0.812782   -0.062782 (VIOLATED)
_12829_/B1                              0.750000    0.812693   -0.062693 (VIOLATED)
_12837_/A1                              0.750000    0.812604   -0.062604 (VIOLATED)
_12809_/A                               0.750000    0.812505   -0.062505 (VIOLATED)
_13825_/A1                              0.750000    0.812352   -0.062352 (VIOLATED)
fanout2038/A                            0.750000    0.812324   -0.062324 (VIOLATED)
fanout2033/A                            0.750000    0.812313   -0.062313 (VIOLATED)
fanout2020/A                            0.750000    0.812173   -0.062173 (VIOLATED)
fanout2043/A                            0.750000    0.812158   -0.062158 (VIOLATED)
fanout2021/A                            0.750000    0.812148   -0.062148 (VIOLATED)
_13934_/C1                              0.750000    0.812107   -0.062107 (VIOLATED)
fanout2028/A                            0.750000    0.811893   -0.061893 (VIOLATED)
fanout2023/A                            0.750000    0.811893   -0.061893 (VIOLATED)
fanout2044/X                            0.750000    0.811893   -0.061893 (VIOLATED)
_09415_/A                               0.750000    0.811804   -0.061804 (VIOLATED)
fanout1443/X                            0.750000    0.811764   -0.061764 (VIOLATED)
_10997_/A1                              0.750000    0.810019   -0.060020 (VIOLATED)
_10250_/A1                              0.750000    0.809970   -0.059970 (VIOLATED)
_10674_/S0                              0.750000    0.809965   -0.059965 (VIOLATED)
_10196_/B1                              0.750000    0.809952   -0.059952 (VIOLATED)
_10455_/B1                              0.750000    0.809885   -0.059885 (VIOLATED)
_10472_/A1                              0.750000    0.809836   -0.059836 (VIOLATED)
_11170_/B2                              0.750000    0.809791   -0.059791 (VIOLATED)
_11190_/A2                              0.750000    0.809787   -0.059787 (VIOLATED)
_09758_/A1                              0.750000    0.809763   -0.059763 (VIOLATED)
_10238_/B1                              0.750000    0.809750   -0.059750 (VIOLATED)
_09767_/A2                              0.750000    0.809730   -0.059730 (VIOLATED)
_10677_/C1                              0.750000    0.809711   -0.059711 (VIOLATED)
_09747_/A2                              0.750000    0.809685   -0.059685 (VIOLATED)
_09704_/A2                              0.750000    0.809658   -0.059658 (VIOLATED)
_10680_/S0                              0.750000    0.809639   -0.059639 (VIOLATED)
_10411_/A2                              0.750000    0.809586   -0.059586 (VIOLATED)
_10822_/A                               0.750000    0.809521   -0.059521 (VIOLATED)
fanout806/X                             0.750000    0.809501   -0.059501 (VIOLATED)
_09644_/A                               0.750000    0.809267   -0.059267 (VIOLATED)
_09652_/A2                              0.750000    0.809213   -0.059213 (VIOLATED)
_09657_/B                               0.750000    0.809205   -0.059205 (VIOLATED)
fanout555/X                             0.750000    0.809182   -0.059182 (VIOLATED)
ANTENNA_324/DIODE                       0.750000    0.809115   -0.059115 (VIOLATED)
_17321_/B                               0.750000    0.809092   -0.059092 (VIOLATED)
_15170_/B1                              0.750000    0.809071   -0.059072 (VIOLATED)
_15292_/C1                              0.750000    0.809063   -0.059063 (VIOLATED)
_15417_/C1                              0.750000    0.809049   -0.059049 (VIOLATED)
_15536_/B1                              0.750000    0.809045   -0.059045 (VIOLATED)
_15428_/C1                              0.750000    0.809044   -0.059044 (VIOLATED)
_15407_/C1                              0.750000    0.808946   -0.058946 (VIOLATED)
_15172_/A1                              0.750000    0.808877   -0.058877 (VIOLATED)
_15157_/B1                              0.750000    0.808850   -0.058850 (VIOLATED)
_14372_/S0                              0.750000    0.808829   -0.058829 (VIOLATED)
_14782_/B1                              0.750000    0.808574   -0.058574 (VIOLATED)
fanout722/X                             0.750000    0.808534   -0.058534 (VIOLATED)
_17320_/X                               0.750000    0.805891   -0.055891 (VIOLATED)
_17697_/A1                              0.750000    0.805828   -0.055828 (VIOLATED)
ANTENNA_171/DIODE                       0.750000    0.805827   -0.055827 (VIOLATED)
_17696_/X                               0.750000    0.804614   -0.054614 (VIOLATED)
_16344_/C                               0.750000    0.804064   -0.054064 (VIOLATED)
_17246_/A                               0.750000    0.804039   -0.054039 (VIOLATED)
_16366_/B2                              0.750000    0.803973   -0.053973 (VIOLATED)
_16840_/B1                              0.750000    0.803938   -0.053938 (VIOLATED)
_16837_/A2                              0.750000    0.803926   -0.053926 (VIOLATED)
_16290_/B                               0.750000    0.803828   -0.053828 (VIOLATED)
_16335_/A1                              0.750000    0.803783   -0.053783 (VIOLATED)
_16662_/A1                              0.750000    0.803678   -0.053678 (VIOLATED)
_16651_/B2                              0.750000    0.803673   -0.053673 (VIOLATED)
_16935_/A2                              0.750000    0.803672   -0.053672 (VIOLATED)
fanout382/X                             0.750000    0.803641   -0.053641 (VIOLATED)
_14090_/B1                              0.750000    0.798734   -0.048734 (VIOLATED)
_14104_/B1                              0.750000    0.798725   -0.048725 (VIOLATED)
_09428_/A                               0.750000    0.798691   -0.048691 (VIOLATED)
_13727_/S0                              0.750000    0.798678   -0.048678 (VIOLATED)
_13712_/A1                              0.750000    0.798572   -0.048572 (VIOLATED)
_13884_/C1                              0.750000    0.798511   -0.048511 (VIOLATED)
_13980_/A1                              0.750000    0.798441   -0.048441 (VIOLATED)
_13979_/B1                              0.750000    0.798441   -0.048441 (VIOLATED)
_13664_/A1                              0.750000    0.798441   -0.048441 (VIOLATED)
_13661_/C1                              0.750000    0.798430   -0.048430 (VIOLATED)
fanout1728/X                            0.750000    0.798410   -0.048410 (VIOLATED)
_16122_/A                               0.750000    0.796717   -0.046717 (VIOLATED)
_17170_/B                               0.750000    0.796678   -0.046678 (VIOLATED)
_16503_/B                               0.750000    0.796643   -0.046643 (VIOLATED)
_16201_/C                               0.750000    0.796519   -0.046519 (VIOLATED)
_16791_/A2                              0.750000    0.796511   -0.046511 (VIOLATED)
_16778_/B1                              0.750000    0.796411   -0.046411 (VIOLATED)
_16992_/A                               0.750000    0.796268   -0.046268 (VIOLATED)
_16490_/A                               0.750000    0.796122   -0.046122 (VIOLATED)
_16178_/B                               0.750000    0.796092   -0.046092 (VIOLATED)
_17042_/B2                              0.750000    0.796059   -0.046059 (VIOLATED)
fanout397/X                             0.750000    0.796052   -0.046052 (VIOLATED)
_09760_/A2                              0.750000    0.795983   -0.045983 (VIOLATED)
_09735_/B                               0.750000    0.795982   -0.045982 (VIOLATED)
_10867_/B                               0.750000    0.795965   -0.045966 (VIOLATED)
_10402_/C                               0.750000    0.795964   -0.045964 (VIOLATED)
_11192_/A3                              0.750000    0.795963   -0.045963 (VIOLATED)
_10409_/B                               0.750000    0.795956   -0.045956 (VIOLATED)
_09752_/B1                              0.750000    0.795948   -0.045948 (VIOLATED)
_10490_/A2                              0.750000    0.795889   -0.045889 (VIOLATED)
_10492_/A2_N                            0.750000    0.795885   -0.045885 (VIOLATED)
_10514_/A2                              0.750000    0.795884   -0.045885 (VIOLATED)
fanout549/X                             0.750000    0.795877   -0.045877 (VIOLATED)
_12703_/B                               0.750000    0.795833   -0.045833 (VIOLATED)
_12767_/A2                              0.750000    0.795796   -0.045796 (VIOLATED)
_12798_/A2                              0.750000    0.795781   -0.045781 (VIOLATED)
_13938_/A                               0.750000    0.795775   -0.045775 (VIOLATED)
_13942_/A2                              0.750000    0.795739   -0.045739 (VIOLATED)
_12831_/A2                              0.750000    0.795722   -0.045722 (VIOLATED)
_12794_/B                               0.750000    0.795718   -0.045718 (VIOLATED)
_13817_/A1                              0.750000    0.795714   -0.045714 (VIOLATED)
_12704_/B                               0.750000    0.795713   -0.045713 (VIOLATED)
_13541_/A2                              0.750000    0.795713   -0.045713 (VIOLATED)
fanout484/X                             0.750000    0.795704   -0.045704 (VIOLATED)
_10597_/B2                              0.750000    0.794874   -0.044874 (VIOLATED)
_10374_/A                               0.750000    0.794874   -0.044874 (VIOLATED)
_10884_/B1                              0.750000    0.794873   -0.044873 (VIOLATED)
_10560_/A1                              0.750000    0.794872   -0.044872 (VIOLATED)
_11051_/B1                              0.750000    0.794857   -0.044857 (VIOLATED)
_10377_/A1                              0.750000    0.794852   -0.044852 (VIOLATED)
_09794_/B                               0.750000    0.794792   -0.044792 (VIOLATED)
_09818_/B2                              0.750000    0.794772   -0.044772 (VIOLATED)
_10780_/A                               0.750000    0.794769   -0.044769 (VIOLATED)
_10788_/A1                              0.750000    0.794754   -0.044754 (VIOLATED)
fanout544/X                             0.750000    0.794745   -0.044745 (VIOLATED)
fanout215/A                             0.750000    0.794542   -0.044542 (VIOLATED)
fanout219/A                             0.750000    0.794483   -0.044483 (VIOLATED)
_17298_/A1                              0.750000    0.793835   -0.043835 (VIOLATED)
_17052_/A2                              0.750000    0.793829   -0.043829 (VIOLATED)
_17057_/A1                              0.750000    0.793811   -0.043811 (VIOLATED)
_16690_/A2                              0.750000    0.793661   -0.043662 (VIOLATED)
_16169_/A1                              0.750000    0.793644   -0.043644 (VIOLATED)
_18261_/A2                              0.750000    0.793635   -0.043635 (VIOLATED)
fanout212/A                             0.750000    0.793611   -0.043611 (VIOLATED)
fanout207/A                             0.750000    0.793583   -0.043583 (VIOLATED)
fanout220/X                             0.750000    0.793576   -0.043577 (VIOLATED)
_16679_/B                               0.750000    0.793528   -0.043528 (VIOLATED)
_16698_/A2_N                            0.750000    0.793301   -0.043301 (VIOLATED)
_16137_/A2                              0.750000    0.793289   -0.043289 (VIOLATED)
_16782_/A1                              0.750000    0.793282   -0.043282 (VIOLATED)
_16112_/B                               0.750000    0.793271   -0.043271 (VIOLATED)
fanout398/X                             0.750000    0.793250   -0.043250 (VIOLATED)
_14908_/A2                              0.750000    0.792941   -0.042941 (VIOLATED)
_14746_/A2                              0.750000    0.792939   -0.042939 (VIOLATED)
_14443_/A1                              0.750000    0.792848   -0.042849 (VIOLATED)
_15041_/A2                              0.750000    0.792829   -0.042829 (VIOLATED)
_14429_/C1                              0.750000    0.792788   -0.042788 (VIOLATED)
_14745_/A1                              0.750000    0.792726   -0.042726 (VIOLATED)
_15255_/B                               0.750000    0.792719   -0.042719 (VIOLATED)
_14479_/A                               0.750000    0.792717   -0.042717 (VIOLATED)
_14915_/C                               0.750000    0.792664   -0.042664 (VIOLATED)
_14442_/A1                              0.750000    0.792633   -0.042633 (VIOLATED)
fanout444/X                             0.750000    0.792626   -0.042626 (VIOLATED)
_15771_/B                               0.750000    0.792512   -0.042512 (VIOLATED)
_15770_/X                               0.750000    0.792215   -0.042215 (VIOLATED)
fanout1062/A                            0.750000    0.792071   -0.042071 (VIOLATED)
_11626_/C1                              0.750000    0.792051   -0.042051 (VIOLATED)
fanout1061/A                            0.750000    0.792050   -0.042051 (VIOLATED)
_11665_/C1                              0.750000    0.792022   -0.042022 (VIOLATED)
_11525_/A1                              0.750000    0.792014   -0.042014 (VIOLATED)
_11761_/B1                              0.750000    0.792014   -0.042014 (VIOLATED)
_11811_/S0                              0.750000    0.792010   -0.042010 (VIOLATED)
_11758_/A1                              0.750000    0.792008   -0.042008 (VIOLATED)
_11646_/C1                              0.750000    0.791984   -0.041984 (VIOLATED)
_09399_/A                               0.750000    0.791889   -0.041889 (VIOLATED)
fanout1063/X                            0.750000    0.791867   -0.041867 (VIOLATED)
_18165_/B2                              0.750000    0.789824   -0.039824 (VIOLATED)
_18159_/B2                              0.750000    0.789821   -0.039821 (VIOLATED)
_18171_/B2                              0.750000    0.789809   -0.039809 (VIOLATED)
_18155_/B                               0.750000    0.789683   -0.039683 (VIOLATED)
_18701_/A3                              0.750000    0.789675   -0.039675 (VIOLATED)
_18698_/A2                              0.750000    0.789666   -0.039666 (VIOLATED)
_18699_/A2                              0.750000    0.789666   -0.039666 (VIOLATED)
_18703_/A3                              0.750000    0.789665   -0.039665 (VIOLATED)
_18700_/A2                              0.750000    0.789664   -0.039664 (VIOLATED)
_18704_/D                               0.750000    0.789663   -0.039663 (VIOLATED)
fanout277/X                             0.750000    0.789657   -0.039657 (VIOLATED)
_14384_/B                               0.750000    0.789602   -0.039602 (VIOLATED)
_14383_/A_N                             0.750000    0.789600   -0.039600 (VIOLATED)
_14397_/A_N                             0.750000    0.789596   -0.039596 (VIOLATED)
_09449_/A                               0.750000    0.789578   -0.039579 (VIOLATED)
_14381_/B                               0.750000    0.789529   -0.039529 (VIOLATED)
_15559_/A                               0.750000    0.789477   -0.039477 (VIOLATED)
_15308_/A1                              0.750000    0.789467   -0.039467 (VIOLATED)
_14467_/A_N                             0.750000    0.789455   -0.039455 (VIOLATED)
fanout1350/A                            0.750000    0.789422   -0.039422 (VIOLATED)
_17748_/A0                              0.750000    0.788567   -0.038567 (VIOLATED)
fanout1351/X                            0.750000    0.788526   -0.038526 (VIOLATED)
_12598_/A                               0.750000    0.788115   -0.038115 (VIOLATED)
_12474_/A                               0.750000    0.788090   -0.038090 (VIOLATED)
_12470_/A                               0.750000    0.788030   -0.038030 (VIOLATED)
_12319_/B                               0.750000    0.787971   -0.037971 (VIOLATED)
_12546_/A2                              0.750000    0.787915   -0.037916 (VIOLATED)
_12337_/A                               0.750000    0.787904   -0.037904 (VIOLATED)
_12408_/A1                              0.750000    0.787895   -0.037895 (VIOLATED)
_12663_/A1                              0.750000    0.787744   -0.037744 (VIOLATED)
fanout772/A                             0.750000    0.787634   -0.037634 (VIOLATED)
fanout773/X                             0.750000    0.787616   -0.037616 (VIOLATED)
_15225_/A                               0.750000    0.786393   -0.036393 (VIOLATED)
_15231_/A2                              0.750000    0.786391   -0.036391 (VIOLATED)
_14829_/A2                              0.750000    0.786383   -0.036383 (VIOLATED)
_14621_/B                               0.750000    0.786383   -0.036383 (VIOLATED)
_15063_/B                               0.750000    0.786353   -0.036353 (VIOLATED)
_15671_/A1                              0.750000    0.786265   -0.036265 (VIOLATED)
_15343_/A1                              0.750000    0.786262   -0.036262 (VIOLATED)
_14838_/A1                              0.750000    0.786260   -0.036260 (VIOLATED)
_15673_/A1                              0.750000    0.786250   -0.036250 (VIOLATED)
_15469_/A1                              0.750000    0.786250   -0.036250 (VIOLATED)
fanout427/X                             0.750000    0.786231   -0.036231 (VIOLATED)
_18697_/B1                              0.750000    0.786171   -0.036171 (VIOLATED)
_18679_/B1                              0.750000    0.786119   -0.036119 (VIOLATED)
fanout369/A                             0.750000    0.785913   -0.035913 (VIOLATED)
fanout368/A                             0.750000    0.785781   -0.035781 (VIOLATED)
fanout366/A                             0.750000    0.785347   -0.035347 (VIOLATED)
fanout370/X                             0.750000    0.785341   -0.035341 (VIOLATED)
_18308_/A1                              0.750000    0.784961   -0.034961 (VIOLATED)
_18165_/B1                              0.750000    0.784856   -0.034856 (VIOLATED)
_15105_/A                               0.750000    0.784801   -0.034801 (VIOLATED)
_15376_/B                               0.750000    0.784792   -0.034792 (VIOLATED)
_10832_/C1                              0.750000    0.784781   -0.034781 (VIOLATED)
_15180_/A_N                             0.750000    0.784766   -0.034766 (VIOLATED)
_15687_/B2                              0.750000    0.784736   -0.034736 (VIOLATED)
_11408_/S0                              0.750000    0.784712   -0.034712 (VIOLATED)
_15377_/A1                              0.750000    0.784691   -0.034691 (VIOLATED)
_15197_/B1                              0.750000    0.784688   -0.034688 (VIOLATED)
fanout906/A                             0.750000    0.784575   -0.034575 (VIOLATED)
_14559_/B                               0.750000    0.784574   -0.034574 (VIOLATED)
_15439_/C1                              0.750000    0.784501   -0.034501 (VIOLATED)
_15694_/B1                              0.750000    0.784483   -0.034483 (VIOLATED)
_14896_/A3                              0.750000    0.784481   -0.034481 (VIOLATED)
fanout432/X                             0.750000    0.784454   -0.034454 (VIOLATED)
_12648_/A                               0.750000    0.784193   -0.034193 (VIOLATED)
_17935_/A1                              0.750000    0.783825   -0.033825 (VIOLATED)
fanout907/X                             0.750000    0.783825   -0.033825 (VIOLATED)
_10571_/A2                              0.750000    0.782859   -0.032859 (VIOLATED)
fanout1203/A                            0.750000    0.782767   -0.032767 (VIOLATED)
_17571_/A1                              0.750000    0.782641   -0.032641 (VIOLATED)
_09801_/A                               0.750000    0.782525   -0.032525 (VIOLATED)
fanout1201/A                            0.750000    0.782519   -0.032519 (VIOLATED)
_09826_/A_N                             0.750000    0.782506   -0.032506 (VIOLATED)
_09838_/A2                              0.750000    0.782491   -0.032491 (VIOLATED)
_17570_/X                               0.750000    0.782323   -0.032323 (VIOLATED)
_17826_/A0                              0.750000    0.782136   -0.032136 (VIOLATED)
fanout1204/X                            0.750000    0.782119   -0.032119 (VIOLATED)
_15203_/A1                              0.750000    0.781845   -0.031845 (VIOLATED)
_15198_/C1                              0.750000    0.781844   -0.031844 (VIOLATED)
_14889_/C1                              0.750000    0.781841   -0.031841 (VIOLATED)
_15125_/B1                              0.750000    0.781822   -0.031822 (VIOLATED)
_15130_/B1                              0.750000    0.781816   -0.031816 (VIOLATED)
_15195_/A1                              0.750000    0.781796   -0.031796 (VIOLATED)
_15399_/S1                              0.750000    0.781787   -0.031787 (VIOLATED)
_15109_/B1                              0.750000    0.781725   -0.031725 (VIOLATED)
fanout695/A                             0.750000    0.781485   -0.031485 (VIOLATED)
fanout694/A                             0.750000    0.781391   -0.031391 (VIOLATED)
fanout696/X                             0.750000    0.781391   -0.031391 (VIOLATED)
_12297_/A                               0.750000    0.781065   -0.031065 (VIOLATED)
_12281_/A_N                             0.750000    0.781062   -0.031062 (VIOLATED)
_12273_/A                               0.750000    0.781050   -0.031050 (VIOLATED)
_12293_/A                               0.750000    0.781047   -0.031047 (VIOLATED)
_12299_/A_N                             0.750000    0.781027   -0.031027 (VIOLATED)
_12300_/A_N                             0.750000    0.781024   -0.031024 (VIOLATED)
_12298_/A                               0.750000    0.781020   -0.031020 (VIOLATED)
_12282_/A                               0.750000    0.781001   -0.031001 (VIOLATED)
_12430_/C                               0.750000    0.780986   -0.030986 (VIOLATED)
_12318_/A                               0.750000    0.780889   -0.030889 (VIOLATED)
fanout1008/X                            0.750000    0.780880   -0.030880 (VIOLATED)
_16247_/A1                              0.750000    0.779628   -0.029628 (VIOLATED)
_17026_/A2                              0.750000    0.779627   -0.029627 (VIOLATED)
_16219_/A2                              0.750000    0.779623   -0.029623 (VIOLATED)
_17023_/A2                              0.750000    0.779620   -0.029620 (VIOLATED)
_16609_/B                               0.750000    0.779615   -0.029615 (VIOLATED)
_16448_/A                               0.750000    0.779604   -0.029604 (VIOLATED)
_15946_/A2                              0.750000    0.779567   -0.029567 (VIOLATED)
_15978_/A                               0.750000    0.779481   -0.029481 (VIOLATED)
_15975_/B                               0.750000    0.779382   -0.029382 (VIOLATED)
_15961_/C                               0.750000    0.779378   -0.029378 (VIOLATED)
fanout419/X                             0.750000    0.779350   -0.029350 (VIOLATED)
_10782_/B1                              0.750000    0.778593   -0.028593 (VIOLATED)
_10810_/C1                              0.750000    0.778579   -0.028580 (VIOLATED)
_09836_/B1                              0.750000    0.778537   -0.028537 (VIOLATED)
_09874_/A1                              0.750000    0.778514   -0.028514 (VIOLATED)
_10591_/C1                              0.750000    0.778416   -0.028416 (VIOLATED)
_11053_/C1                              0.750000    0.778407   -0.028407 (VIOLATED)
_10801_/C1                              0.750000    0.778235   -0.028235 (VIOLATED)
_11342_/A1_N                            0.750000    0.778199   -0.028199 (VIOLATED)
_10888_/B1                              0.750000    0.778130   -0.028130 (VIOLATED)
_10384_/A1                              0.750000    0.778112   -0.028112 (VIOLATED)
fanout824/X                             0.750000    0.778094   -0.028094 (VIOLATED)
_10786_/A1                              0.750000    0.777899   -0.027899 (VIOLATED)
_09873_/A1                              0.750000    0.777862   -0.027862 (VIOLATED)
_10789_/C1                              0.750000    0.777858   -0.027858 (VIOLATED)
_11884_/A                               0.750000    0.777800   -0.027800 (VIOLATED)
_12014_/A1                              0.750000    0.777799   -0.027799 (VIOLATED)
_12016_/A                               0.750000    0.777798   -0.027798 (VIOLATED)
_11878_/A2                              0.750000    0.777794   -0.027794 (VIOLATED)
_11866_/B2                              0.750000    0.777792   -0.027792 (VIOLATED)
_09820_/C1                              0.750000    0.777792   -0.027792 (VIOLATED)
_09848_/B1                              0.750000    0.777744   -0.027744 (VIOLATED)
_12027_/A                               0.750000    0.777717   -0.027717 (VIOLATED)
_11848_/A                               0.750000    0.777716   -0.027716 (VIOLATED)
_09856_/A                               0.750000    0.777687   -0.027687 (VIOLATED)
_11941_/B                               0.750000    0.777682   -0.027682 (VIOLATED)
_11942_/A1                              0.750000    0.777669   -0.027669 (VIOLATED)
_11067_/A1                              0.750000    0.777646   -0.027646 (VIOLATED)
_10579_/A1                              0.750000    0.777638   -0.027638 (VIOLATED)
_10578_/B1                              0.750000    0.777622   -0.027622 (VIOLATED)
_11341_/B1                              0.750000    0.777559   -0.027559 (VIOLATED)
fanout1158/X                            0.750000    0.777552   -0.027552 (VIOLATED)
fanout783/A                             0.750000    0.777317   -0.027317 (VIOLATED)
fanout784/X                             0.750000    0.777310   -0.027310 (VIOLATED)
_10995_/B1                              0.750000    0.777065   -0.027065 (VIOLATED)
_10460_/A                               0.750000    0.777024   -0.027024 (VIOLATED)
_11000_/A1                              0.750000    0.777014   -0.027014 (VIOLATED)
fanout904/A                             0.750000    0.777011   -0.027011 (VIOLATED)
_10477_/A1                              0.750000    0.776933   -0.026934 (VIOLATED)
_10988_/A                               0.750000    0.776933   -0.026933 (VIOLATED)
_10473_/B1                              0.750000    0.776929   -0.026929 (VIOLATED)
_10676_/C1                              0.750000    0.776916   -0.026916 (VIOLATED)
_11157_/B1                              0.750000    0.776852   -0.026852 (VIOLATED)
_11160_/A1                              0.750000    0.776834   -0.026834 (VIOLATED)
fanout905/X                             0.750000    0.776827   -0.026827 (VIOLATED)
_17736_/B1                              0.750000    0.774776   -0.024776 (VIOLATED)
_10438_/A1                              0.750000    0.774698   -0.024698 (VIOLATED)
_10227_/A1                              0.750000    0.774650   -0.024650 (VIOLATED)
_12535_/A                               0.750000    0.774645   -0.024645 (VIOLATED)
_10989_/A1                              0.750000    0.774627   -0.024627 (VIOLATED)
_10241_/A                               0.750000    0.774619   -0.024619 (VIOLATED)
_11140_/A1                              0.750000    0.774586   -0.024586 (VIOLATED)
_10199_/C1                              0.750000    0.774532   -0.024532 (VIOLATED)
_10649_/A                               0.750000    0.774532   -0.024532 (VIOLATED)
_10171_/A                               0.750000    0.774531   -0.024531 (VIOLATED)
_10432_/C1                              0.750000    0.774522   -0.024522 (VIOLATED)
fanout798/X                             0.750000    0.774504   -0.024504 (VIOLATED)
_15820_/B                               0.750000    0.773084   -0.023084 (VIOLATED)
_12040_/B2                              0.750000    0.773026   -0.023026 (VIOLATED)
_12029_/C1                              0.750000    0.773014   -0.023014 (VIOLATED)
_12030_/A1                              0.750000    0.772953   -0.022953 (VIOLATED)
_11917_/B                               0.750000    0.772938   -0.022938 (VIOLATED)
_11923_/D                               0.750000    0.772879   -0.022879 (VIOLATED)
_12106_/B2                              0.750000    0.772807   -0.022807 (VIOLATED)
_15211_/B                               0.750000    0.772806   -0.022806 (VIOLATED)
_14655_/B                               0.750000    0.772799   -0.022799 (VIOLATED)
_15332_/A1                              0.750000    0.772790   -0.022790 (VIOLATED)
_14629_/A                               0.750000    0.772787   -0.022787 (VIOLATED)
_17735_/X                               0.750000    0.772783   -0.022783 (VIOLATED)
_09792_/A                               0.750000    0.772771   -0.022771 (VIOLATED)
_09810_/A1                              0.750000    0.772761   -0.022761 (VIOLATED)
_14613_/C                               0.750000    0.772750   -0.022750 (VIOLATED)
_09831_/A1                              0.750000    0.772746   -0.022746 (VIOLATED)
_11898_/A3                              0.750000    0.772738   -0.022738 (VIOLATED)
_09788_/A_N                             0.750000    0.772727   -0.022727 (VIOLATED)
_14847_/A1                              0.750000    0.772724   -0.022724 (VIOLATED)
_14611_/B                               0.750000    0.772703   -0.022703 (VIOLATED)
_15473_/A3                              0.750000    0.772695   -0.022695 (VIOLATED)
_14692_/A                               0.750000    0.772675   -0.022675 (VIOLATED)
_09821_/A1                              0.750000    0.772671   -0.022671 (VIOLATED)
_09847_/A                               0.750000    0.772638   -0.022638 (VIOLATED)
_09381_/A                               0.750000    0.772637   -0.022637 (VIOLATED)
_09867_/A                               0.750000    0.772635   -0.022635 (VIOLATED)
_10890_/A1                              0.750000    0.772629   -0.022629 (VIOLATED)
_12065_/A2                              0.750000    0.772578   -0.022578 (VIOLATED)
_14846_/A                               0.750000    0.772575   -0.022576 (VIOLATED)
fanout1192/A                            0.750000    0.772557   -0.022557 (VIOLATED)
fanout430/X                             0.750000    0.772550   -0.022550 (VIOLATED)
_12035_/C                               0.750000    0.772548   -0.022548 (VIOLATED)
fanout1193/X                            0.750000    0.772526   -0.022526 (VIOLATED)
_11983_/A2                              0.750000    0.772524   -0.022524 (VIOLATED)
fanout498/X                             0.750000    0.772518   -0.022518 (VIOLATED)
_18164_/X                               0.750000    0.772480   -0.022480 (VIOLATED)
_18311_/A1                              0.750000    0.772335   -0.022335 (VIOLATED)
_18171_/B1                              0.750000    0.772324   -0.022324 (VIOLATED)
_10508_/B1                              0.750000    0.772305   -0.022305 (VIOLATED)
_09730_/S0                              0.750000    0.772278   -0.022278 (VIOLATED)
fanout1677/A                            0.750000    0.772252   -0.022252 (VIOLATED)
_11016_/A1                              0.750000    0.772248   -0.022248 (VIOLATED)
_10422_/A1                              0.750000    0.772248   -0.022248 (VIOLATED)
_10500_/C1                              0.750000    0.772242   -0.022242 (VIOLATED)
_10496_/A1                              0.750000    0.772239   -0.022239 (VIOLATED)
_09722_/A1                              0.750000    0.772227   -0.022227 (VIOLATED)
_09677_/B                               0.750000    0.772224   -0.022224 (VIOLATED)
_09676_/B                               0.750000    0.772194   -0.022194 (VIOLATED)
_09720_/A2                              0.750000    0.772183   -0.022183 (VIOLATED)
_11020_/C1                              0.750000    0.772152   -0.022152 (VIOLATED)
_09624_/A                               0.750000    0.772140   -0.022140 (VIOLATED)
_09768_/C_N                             0.750000    0.772138   -0.022138 (VIOLATED)
_11021_/A3                              0.750000    0.772130   -0.022130 (VIOLATED)
fanout1678/X                            0.750000    0.772130   -0.022130 (VIOLATED)
_11033_/C1                              0.750000    0.772091   -0.022091 (VIOLATED)
_10882_/A1                              0.750000    0.772012   -0.022012 (VIOLATED)
_09751_/B1                              0.750000    0.771845   -0.021845 (VIOLATED)
_10426_/B1                              0.750000    0.771757   -0.021757 (VIOLATED)
_11195_/A1                              0.750000    0.771704   -0.021704 (VIOLATED)
fanout846/X                             0.750000    0.771685   -0.021685 (VIOLATED)
_15819_/X                               0.750000    0.771072   -0.021072 (VIOLATED)
_15759_/B                               0.750000    0.771051   -0.021051 (VIOLATED)
_15758_/X                               0.750000    0.769128   -0.019128 (VIOLATED)
_10555_/C1                              0.750000    0.769123   -0.019123 (VIOLATED)
_10267_/C1                              0.750000    0.769120   -0.019120 (VIOLATED)
_09957_/C1                              0.750000    0.769111   -0.019111 (VIOLATED)
_10287_/B1                              0.750000    0.769100   -0.019100 (VIOLATED)
_10277_/B1                              0.750000    0.769095   -0.019095 (VIOLATED)
_09936_/C1                              0.750000    0.769087   -0.019088 (VIOLATED)
_11248_/A1                              0.750000    0.769073   -0.019073 (VIOLATED)
_10775_/C1                              0.750000    0.769042   -0.019042 (VIOLATED)
_09376_/A                               0.750000    0.769024   -0.019024 (VIOLATED)
_09966_/C1                              0.750000    0.769018   -0.019018 (VIOLATED)
fanout1679/X                            0.750000    0.769018   -0.019018 (VIOLATED)
_11991_/A1                              0.750000    0.768729   -0.018729 (VIOLATED)
_12081_/B                               0.750000    0.768717   -0.018717 (VIOLATED)
_12082_/C                               0.750000    0.768707   -0.018707 (VIOLATED)
_12071_/A2                              0.750000    0.768689   -0.018689 (VIOLATED)
_12074_/A2                              0.750000    0.768667   -0.018667 (VIOLATED)
_12113_/A1                              0.750000    0.768570   -0.018570 (VIOLATED)
_12130_/A2                              0.750000    0.768487   -0.018487 (VIOLATED)
_11967_/A1                              0.750000    0.768342   -0.018342 (VIOLATED)
_11985_/A                               0.750000    0.768308   -0.018308 (VIOLATED)
_12047_/A2                              0.750000    0.768307   -0.018307 (VIOLATED)
fanout337/X                             0.750000    0.768305   -0.018305 (VIOLATED)
_17228_/A1                              0.750000    0.768141   -0.018141 (VIOLATED)
_16267_/C                               0.750000    0.768116   -0.018116 (VIOLATED)
_16841_/A1                              0.750000    0.768112   -0.018112 (VIOLATED)
_17248_/B2                              0.750000    0.768102   -0.018102 (VIOLATED)
_16922_/B                               0.750000    0.768094   -0.018094 (VIOLATED)
_16631_/C                               0.750000    0.768091   -0.018091 (VIOLATED)
_16299_/B                               0.750000    0.768072   -0.018072 (VIOLATED)
_16824_/C                               0.750000    0.767997   -0.017997 (VIOLATED)
_16355_/B                               0.750000    0.767979   -0.017979 (VIOLATED)
_16340_/A2                              0.750000    0.767875   -0.017875 (VIOLATED)
fanout387/X                             0.750000    0.767849   -0.017849 (VIOLATED)
_11399_/D                               0.750000    0.767464   -0.017464 (VIOLATED)
_11152_/A3                              0.750000    0.767461   -0.017461 (VIOLATED)
_10662_/B                               0.750000    0.767454   -0.017454 (VIOLATED)
_10469_/B                               0.750000    0.767419   -0.017419 (VIOLATED)
_10647_/A2                              0.750000    0.767397   -0.017397 (VIOLATED)
_10474_/A2                              0.750000    0.767312   -0.017312 (VIOLATED)
_10441_/A2                              0.750000    0.767250   -0.017250 (VIOLATED)
_15432_/A1                              0.750000    0.767235   -0.017235 (VIOLATED)
_14371_/A1                              0.750000    0.767225   -0.017225 (VIOLATED)
_15532_/B1                              0.750000    0.767222   -0.017222 (VIOLATED)
_14330_/B1                              0.750000    0.767218   -0.017218 (VIOLATED)
_15556_/C1                              0.750000    0.767198   -0.017198 (VIOLATED)
_15540_/A                               0.750000    0.767194   -0.017194 (VIOLATED)
_10432_/A2                              0.750000    0.767190   -0.017190 (VIOLATED)
_10836_/B1                              0.750000    0.767189   -0.017189 (VIOLATED)
_10463_/A2                              0.750000    0.767187   -0.017187 (VIOLATED)
fanout513/X                             0.750000    0.767184   -0.017184 (VIOLATED)
_14959_/B1                              0.750000    0.767161   -0.017161 (VIOLATED)
_14988_/A1                              0.750000    0.766748   -0.016748 (VIOLATED)
_14994_/C1                              0.750000    0.766655   -0.016655 (VIOLATED)
_14817_/A1                              0.750000    0.766581   -0.016581 (VIOLATED)
fanout724/X                             0.750000    0.766543   -0.016543 (VIOLATED)
_16679_/A                               0.750000    0.765971   -0.015971 (VIOLATED)
_16491_/C1                              0.750000    0.765951   -0.015951 (VIOLATED)
_16487_/C1                              0.750000    0.765923   -0.015923 (VIOLATED)
_16204_/B1                              0.750000    0.765862   -0.015862 (VIOLATED)
_16794_/B1                              0.750000    0.765780   -0.015780 (VIOLATED)
_16796_/C1                              0.750000    0.765679   -0.015679 (VIOLATED)
_16997_/A                               0.750000    0.765670   -0.015670 (VIOLATED)
_10200_/B                               0.750000    0.765627   -0.015627 (VIOLATED)
_10156_/A                               0.750000    0.765612   -0.015612 (VIOLATED)
_16977_/A1                              0.750000    0.765601   -0.015601 (VIOLATED)
_10182_/B                               0.750000    0.765588   -0.015588 (VIOLATED)
_10160_/B                               0.750000    0.765566   -0.015566 (VIOLATED)
_10652_/B                               0.750000    0.765538   -0.015538 (VIOLATED)
_10191_/A1                              0.750000    0.765537   -0.015537 (VIOLATED)
_11385_/A2                              0.750000    0.765531   -0.015532 (VIOLATED)
_10184_/B                               0.750000    0.765516   -0.015516 (VIOLATED)
_17922_/A1                              0.750000    0.765448   -0.015448 (VIOLATED)
_12379_/A                               0.750000    0.765433   -0.015433 (VIOLATED)
fanout956/X                             0.750000    0.765432   -0.015432 (VIOLATED)
_17312_/C1                              0.750000    0.765411   -0.015411 (VIOLATED)
fanout655/A                             0.750000    0.765411   -0.015411 (VIOLATED)
fanout656/X                             0.750000    0.765404   -0.015404 (VIOLATED)
_14805_/A1                              0.750000    0.765283   -0.015283 (VIOLATED)
_14987_/B2                              0.750000    0.765273   -0.015274 (VIOLATED)
_14328_/B                               0.750000    0.765257   -0.015257 (VIOLATED)
_14794_/B                               0.750000    0.765238   -0.015238 (VIOLATED)
_14974_/B                               0.750000    0.765194   -0.015194 (VIOLATED)
_14972_/A                               0.750000    0.765190   -0.015190 (VIOLATED)
_15411_/B                               0.750000    0.765179   -0.015179 (VIOLATED)
_15426_/D                               0.750000    0.765175   -0.015175 (VIOLATED)
_14329_/C                               0.750000    0.765175   -0.015175 (VIOLATED)
_14945_/A1                              0.750000    0.765134   -0.015134 (VIOLATED)
fanout457/X                             0.750000    0.765127   -0.015127 (VIOLATED)
_15362_/C1                              0.750000    0.764763   -0.014763 (VIOLATED)
_14689_/B1                              0.750000    0.764762   -0.014762 (VIOLATED)
_14690_/A1                              0.750000    0.764757   -0.014757 (VIOLATED)
_15097_/S0                              0.750000    0.764733   -0.014733 (VIOLATED)
_15098_/S0                              0.750000    0.764729   -0.014729 (VIOLATED)
_15666_/C1                              0.750000    0.764728   -0.014728 (VIOLATED)
_15596_/B1                              0.750000    0.764725   -0.014725 (VIOLATED)
_14853_/A1                              0.750000    0.764710   -0.014710 (VIOLATED)
_09455_/A                               0.750000    0.764706   -0.014707 (VIOLATED)
_14840_/C1                              0.750000    0.764689   -0.014689 (VIOLATED)
fanout1539/X                            0.750000    0.764481   -0.014481 (VIOLATED)
_11022_/A2                              0.750000    0.762157   -0.012158 (VIOLATED)
_09760_/B2                              0.750000    0.762144   -0.012144 (VIOLATED)
_09704_/B1                              0.750000    0.762120   -0.012120 (VIOLATED)
_11027_/A2                              0.750000    0.762118   -0.012118 (VIOLATED)
_16163_/C1                              0.750000    0.762053   -0.012053 (VIOLATED)
_17179_/A1                              0.750000    0.762045   -0.012045 (VIOLATED)
_17194_/C1                              0.750000    0.762037   -0.012037 (VIOLATED)
_17072_/S1                              0.750000    0.762013   -0.012013 (VIOLATED)
_09759_/A                               0.750000    0.761982   -0.011982 (VIOLATED)
_10422_/B1                              0.750000    0.761929   -0.011929 (VIOLATED)
_16508_/B1                              0.750000    0.761913   -0.011913 (VIOLATED)
_10397_/A3                              0.750000    0.761909   -0.011909 (VIOLATED)
_09688_/B                               0.750000    0.761817   -0.011817 (VIOLATED)
_17000_/B1                              0.750000    0.761796   -0.011796 (VIOLATED)
_10689_/A1                              0.750000    0.761770   -0.011770 (VIOLATED)
_16705_/C1                              0.750000    0.761712   -0.011712 (VIOLATED)
_09680_/A                               0.750000    0.761668   -0.011668 (VIOLATED)
fanout551/X                             0.750000    0.761629   -0.011629 (VIOLATED)
_16177_/B1                              0.750000    0.761623   -0.011623 (VIOLATED)
_16203_/A1                              0.750000    0.761580   -0.011580 (VIOLATED)
fanout1583/A                            0.750000    0.761490   -0.011490 (VIOLATED)
fanout1584/X                            0.750000    0.761490   -0.011490 (VIOLATED)
_12890_/A                               0.750000    0.760447   -0.010447 (VIOLATED)
_13656_/A                               0.750000    0.760436   -0.010436 (VIOLATED)
_13859_/A1                              0.750000    0.760405   -0.010405 (VIOLATED)
_12941_/B1                              0.750000    0.760369   -0.010369 (VIOLATED)
_13325_/A                               0.750000    0.760355   -0.010355 (VIOLATED)
_13723_/A                               0.750000    0.760354   -0.010354 (VIOLATED)
_12867_/A1                              0.750000    0.760309   -0.010309 (VIOLATED)
_13702_/A1                              0.750000    0.760279   -0.010279 (VIOLATED)
_13471_/A1                              0.750000    0.760278   -0.010278 (VIOLATED)
fanout734/A                             0.750000    0.760139   -0.010139 (VIOLATED)
fanout735/X                             0.750000    0.760133   -0.010133 (VIOLATED)
_09655_/B1                              0.750000    0.759764   -0.009764 (VIOLATED)
_11039_/A1                              0.750000    0.759749   -0.009749 (VIOLATED)
_09683_/B1                              0.750000    0.759742   -0.009742 (VIOLATED)
_10883_/B1                              0.750000    0.759680   -0.009680 (VIOLATED)
_10882_/B1                              0.750000    0.759632   -0.009632 (VIOLATED)
_09740_/C1                              0.750000    0.759570   -0.009570 (VIOLATED)
_10426_/A1                              0.750000    0.759552   -0.009552 (VIOLATED)
_09772_/C1                              0.750000    0.759549   -0.009549 (VIOLATED)
_09364_/A                               0.750000    0.759543   -0.009543 (VIOLATED)
_11195_/B1                              0.750000    0.759526   -0.009526 (VIOLATED)
_09760_/B1                              0.750000    0.759351   -0.009351 (VIOLATED)
_10418_/C1                              0.750000    0.759327   -0.009327 (VIOLATED)
_10410_/B                               0.750000    0.759317   -0.009317 (VIOLATED)
_09759_/B                               0.750000    0.759302   -0.009302 (VIOLATED)
fanout1626/X                            0.750000    0.759293   -0.009293 (VIOLATED)
_09703_/A2                              0.750000    0.759283   -0.009283 (VIOLATED)
_18170_/X                               0.750000    0.759230   -0.009230 (VIOLATED)
_10699_/B                               0.750000    0.759188   -0.009188 (VIOLATED)
_10858_/D                               0.750000    0.759184   -0.009184 (VIOLATED)
_09668_/A2                              0.750000    0.759172   -0.009172 (VIOLATED)
_10517_/B1                              0.750000    0.759171   -0.009171 (VIOLATED)
_13494_/A1_N                            0.750000    0.759157   -0.009157 (VIOLATED)
_10514_/B1                              0.750000    0.759154   -0.009154 (VIOLATED)
_13500_/A1                              0.750000    0.759146   -0.009146 (VIOLATED)
_13597_/B1                              0.750000    0.759143   -0.009144 (VIOLATED)
fanout548/X                             0.750000    0.759136   -0.009136 (VIOLATED)
_13048_/B                               0.750000    0.759128   -0.009128 (VIOLATED)
_13521_/A2                              0.750000    0.759121   -0.009121 (VIOLATED)
_13997_/A1                              0.750000    0.759100   -0.009100 (VIOLATED)
_13371_/B1                              0.750000    0.759051   -0.009051 (VIOLATED)
_13346_/A2                              0.750000    0.759016   -0.009016 (VIOLATED)
_13749_/A2                              0.750000    0.758852   -0.008852 (VIOLATED)
_13742_/B                               0.750000    0.758804   -0.008804 (VIOLATED)
fanout467/X                             0.750000    0.758804   -0.008804 (VIOLATED)
_14104_/A1                              0.750000    0.757963   -0.007963 (VIOLATED)
_14085_/B1                              0.750000    0.757958   -0.007958 (VIOLATED)
_14088_/B2                              0.750000    0.757866   -0.007866 (VIOLATED)
_13869_/A1                              0.750000    0.757821   -0.007821 (VIOLATED)
_13871_/A1                              0.750000    0.757662   -0.007662 (VIOLATED)
_12894_/B1                              0.750000    0.757588   -0.007588 (VIOLATED)
_12895_/A1                              0.750000    0.757582   -0.007582 (VIOLATED)
_12832_/B1                              0.750000    0.757569   -0.007569 (VIOLATED)
_12824_/C1                              0.750000    0.757566   -0.007566 (VIOLATED)
_13466_/B1                              0.750000    0.757559   -0.007559 (VIOLATED)
_12827_/B1                              0.750000    0.757558   -0.007558 (VIOLATED)
_12817_/C1                              0.750000    0.757556   -0.007556 (VIOLATED)
_13551_/A1                              0.750000    0.757503   -0.007503 (VIOLATED)
_13558_/B2                              0.750000    0.757463   -0.007463 (VIOLATED)
_13947_/A1                              0.750000    0.757421   -0.007421 (VIOLATED)
_13933_/B1                              0.750000    0.757408   -0.007408 (VIOLATED)
_13246_/B1                              0.750000    0.757263   -0.007263 (VIOLATED)
_12755_/B1                              0.750000    0.757108   -0.007108 (VIOLATED)
fanout759/X                             0.750000    0.757073   -0.007073 (VIOLATED)
_12920_/C1                              0.750000    0.757038   -0.007038 (VIOLATED)
_13662_/A                               0.750000    0.757014   -0.007014 (VIOLATED)
fanout741/X                             0.750000    0.756990   -0.006990 (VIOLATED)
_10717_/A                               0.750000    0.755292   -0.005292 (VIOLATED)
_11253_/A2                              0.750000    0.755292   -0.005292 (VIOLATED)
_11362_/B2                              0.750000    0.755280   -0.005280 (VIOLATED)
_10947_/B                               0.750000    0.755257   -0.005257 (VIOLATED)
_10330_/B                               0.750000    0.755235   -0.005235 (VIOLATED)
_11260_/B                               0.750000    0.755164   -0.005164 (VIOLATED)
_10321_/B                               0.750000    0.755141   -0.005141 (VIOLATED)
_10610_/A3                              0.750000    0.755128   -0.005128 (VIOLATED)
_10057_/B                               0.750000    0.755106   -0.005106 (VIOLATED)
_10071_/A2                              0.750000    0.755106   -0.005106 (VIOLATED)
fanout525/X                             0.750000    0.755085   -0.005085 (VIOLATED)
_17138_/B                               0.750000    0.753513   -0.003513 (VIOLATED)
_13633_/A2                              0.750000    0.752950   -0.002950 (VIOLATED)
_13471_/A3                              0.750000    0.752938   -0.002938 (VIOLATED)
_13647_/A2                              0.750000    0.752937   -0.002937 (VIOLATED)
_13482_/B1                              0.750000    0.752933   -0.002933 (VIOLATED)
_13708_/B                               0.750000    0.752895   -0.002895 (VIOLATED)
_13714_/A2                              0.750000    0.752807   -0.002807 (VIOLATED)
_13297_/B                               0.750000    0.752764   -0.002764 (VIOLATED)
_14089_/A3                              0.750000    0.752759   -0.002759 (VIOLATED)
_14095_/A2                              0.750000    0.752759   -0.002759 (VIOLATED)
_13470_/B                               0.750000    0.752734   -0.002734 (VIOLATED)
fanout475/X                             0.750000    0.752734   -0.002734 (VIOLATED)
_15968_/B1                              0.750000    0.752327   -0.002327 (VIOLATED)
_16439_/A1                              0.750000    0.752309   -0.002309 (VIOLATED)
_15956_/A1                              0.750000    0.752294   -0.002294 (VIOLATED)
_16443_/A1                              0.750000    0.752263   -0.002263 (VIOLATED)
_17159_/C1                              0.750000    0.752231   -0.002231 (VIOLATED)
_16909_/S0                              0.750000    0.752229   -0.002229 (VIOLATED)
_18698_/B1                              0.750000    0.752210   -0.002210 (VIOLATED)
_16753_/B2                              0.750000    0.752202   -0.002202 (VIOLATED)
_16600_/A                               0.750000    0.752201   -0.002201 (VIOLATED)
_16603_/A1                              0.750000    0.752200   -0.002201 (VIOLATED)
_18155_/A                               0.750000    0.752200   -0.002201 (VIOLATED)
_16625_/C1                              0.750000    0.752200   -0.002200 (VIOLATED)
_18172_/A                               0.750000    0.752199   -0.002199 (VIOLATED)
_18701_/B1                              0.750000    0.752197   -0.002197 (VIOLATED)
fanout684/X                             0.750000    0.752191   -0.002191 (VIOLATED)
_18710_/B1                              0.750000    0.752122   -0.002122 (VIOLATED)
_18303_/A                               0.750000    0.752091   -0.002091 (VIOLATED)
_18312_/A                               0.750000    0.752053   -0.002053 (VIOLATED)
_18718_/B1                              0.750000    0.751947   -0.001947 (VIOLATED)
_09513_/B                               0.750000    0.751930   -0.001930 (VIOLATED)
_18721_/A                               0.750000    0.751906   -0.001906 (VIOLATED)
fanout1866/X                            0.750000    0.751882   -0.001882 (VIOLATED)

max fanout

Pin                                   Limit Fanout  Slack
---------------------------------------------------------
clkbuf_leaf_4_clk/X                      10     16     -6 (VIOLATED)
clkbuf_leaf_20_clk/X                     10     15     -5 (VIOLATED)
clkbuf_leaf_22_clk/X                     10     15     -5 (VIOLATED)
clkbuf_leaf_2_clk/X                      10     15     -5 (VIOLATED)
clkbuf_leaf_31_clk/X                     10     15     -5 (VIOLATED)
clkbuf_leaf_32_clk/X                     10     15     -5 (VIOLATED)
clkbuf_leaf_33_clk/X                     10     15     -5 (VIOLATED)
clkbuf_leaf_35_clk/X                     10     15     -5 (VIOLATED)
clkbuf_leaf_3_clk/X                      10     15     -5 (VIOLATED)
clkbuf_leaf_44_clk/X                     10     15     -5 (VIOLATED)
clkbuf_leaf_47_clk/X                     10     15     -5 (VIOLATED)
clkbuf_leaf_48_clk/X                     10     15     -5 (VIOLATED)
clkbuf_leaf_49_clk/X                     10     15     -5 (VIOLATED)
clkbuf_leaf_51_clk/X                     10     15     -5 (VIOLATED)
clkbuf_leaf_54_clk/X                     10     15     -5 (VIOLATED)
clkbuf_leaf_55_clk/X                     10     15     -5 (VIOLATED)
clkbuf_leaf_58_clk/X                     10     15     -5 (VIOLATED)
clkbuf_leaf_59_clk/X                     10     15     -5 (VIOLATED)
clkbuf_leaf_8_clk/X                      10     15     -5 (VIOLATED)
clkbuf_leaf_9_clk/X                      10     15     -5 (VIOLATED)
clkbuf_leaf_10_clk/X                     10     14     -4 (VIOLATED)
clkbuf_leaf_11_clk/X                     10     14     -4 (VIOLATED)
clkbuf_leaf_15_clk/X                     10     14     -4 (VIOLATED)
clkbuf_leaf_16_clk/X                     10     14     -4 (VIOLATED)
clkbuf_leaf_18_clk/X                     10     14     -4 (VIOLATED)
clkbuf_leaf_19_clk/X                     10     14     -4 (VIOLATED)
clkbuf_leaf_21_clk/X                     10     14     -4 (VIOLATED)
clkbuf_leaf_23_clk/X                     10     14     -4 (VIOLATED)
clkbuf_leaf_27_clk/X                     10     14     -4 (VIOLATED)
clkbuf_leaf_29_clk/X                     10     14     -4 (VIOLATED)
clkbuf_leaf_30_clk/X                     10     14     -4 (VIOLATED)
clkbuf_leaf_34_clk/X                     10     14     -4 (VIOLATED)
clkbuf_leaf_38_clk/X                     10     14     -4 (VIOLATED)
clkbuf_leaf_39_clk/X                     10     14     -4 (VIOLATED)
clkbuf_leaf_40_clk/X                     10     14     -4 (VIOLATED)
clkbuf_leaf_41_clk/X                     10     14     -4 (VIOLATED)
clkbuf_leaf_42_clk/X                     10     14     -4 (VIOLATED)
clkbuf_leaf_43_clk/X                     10     14     -4 (VIOLATED)
clkbuf_leaf_45_clk/X                     10     14     -4 (VIOLATED)
clkbuf_leaf_50_clk/X                     10     14     -4 (VIOLATED)
clkbuf_leaf_52_clk/X                     10     14     -4 (VIOLATED)
clkbuf_leaf_53_clk/X                     10     14     -4 (VIOLATED)
clkbuf_leaf_56_clk/X                     10     14     -4 (VIOLATED)
clkbuf_leaf_57_clk/X                     10     14     -4 (VIOLATED)
clkbuf_leaf_5_clk/X                      10     14     -4 (VIOLATED)
clkbuf_leaf_6_clk/X                      10     14     -4 (VIOLATED)
clkbuf_leaf_7_clk/X                      10     14     -4 (VIOLATED)
clkbuf_leaf_12_clk/X                     10     13     -3 (VIOLATED)
clkbuf_leaf_14_clk/X                     10     13     -3 (VIOLATED)
clkbuf_leaf_17_clk/X                     10     13     -3 (VIOLATED)
clkbuf_leaf_24_clk/X                     10     13     -3 (VIOLATED)
clkbuf_leaf_28_clk/X                     10     13     -3 (VIOLATED)
clkbuf_leaf_46_clk/X                     10     13     -3 (VIOLATED)
_17502_/X                                10     12     -2 (VIOLATED)
_17612_/X                                10     12     -2 (VIOLATED)
_17720_/X                                10     12     -2 (VIOLATED)
_17744_/X                                10     12     -2 (VIOLATED)
_17771_/X                                10     12     -2 (VIOLATED)
clkbuf_leaf_1_clk/X                      10     12     -2 (VIOLATED)
wire20/X                                 10     12     -2 (VIOLATED)
_15890_/Y                                10     11        (VIOLATED)
_17850_/X                                10     11        (VIOLATED)
clkbuf_leaf_26_clk/X                     10     11        (VIOLATED)
clkbuf_leaf_36_clk/X                     10     11        (VIOLATED)
fanout373/X                              10     11        (VIOLATED)

max capacitance

Pin                                        Limit         Cap       Slack
------------------------------------------------------------------------
fanout2077/X                            0.151987    0.181569   -0.029582 (VIOLATED)
_18162_/X                               0.200000    0.226633   -0.026633 (VIOLATED)
_18156_/X                               0.200000    0.207261   -0.007261 (VIOLATED)
fanout901/X                             0.151987    0.156505   -0.004518 (VIOLATED)



===========================================================================
report_parasitic_annotation -report_unannotated
============================================================================
Found 61 unannotated drivers.
 uio_in[5]
 uio_in[6]
 uio_in[7]
 clkload0/X
 clkload1/X
 clkload10/X
 clkload11/X
 clkload12/Y
 clkload13/X
 clkload14/X
 clkload15/Y
 clkload16/Y
 clkload17/Y
 clkload18/Y
 clkload19/X
 clkload2/Y
 clkload20/X
 clkload21/X
 clkload22/X
 clkload23/X
 clkload24/X
 clkload25/X
 clkload26/X
 clkload27/X
 clkload28/X
 clkload29/X
 clkload3/X
 clkload30/X
 clkload31/Y
 clkload32/X
 clkload33/X
 clkload34/X
 clkload35/X
 clkload36/X
 clkload37/X
 clkload38/X
 clkload39/X
 clkload4/X
 clkload40/X
 clkload41/X
 clkload42/Y
 clkload43/X
 clkload44/X
 clkload5/Y
 clkload6/X
 clkload7/X
 clkload8/X
 clkload9/X
 tt_um_aes128_baseline/HI
 tt_um_aes128_baseline_2080/HI
 tt_um_aes128_baseline_2081/HI
 tt_um_aes128_baseline_2082/HI
 tt_um_aes128_baseline_2083/HI
 tt_um_aes128_baseline_2084/HI
 tt_um_aes128_baseline_2085/HI
 tt_um_aes128_baseline_2086/HI
 tt_um_aes128_baseline_2087/HI
 tt_um_aes128_baseline_2088/HI
 tt_um_aes128_baseline_2089/LO
 tt_um_aes128_baseline_2090/LO
 tt_um_aes128_baseline_2091/LO
Found 0 partially unannotated drivers.

===========================================================================
max slew violation count 1344
max fanout violation count 65
max cap violation count 4
============================================================================

===========================================================================
check_setup -verbose -unconstrained_endpoints -multiple_clock -no_clock -no_input_delay -loops -generated_clocks
===========================================================================
